trial_id,timestamp_monotonic,t_rel,phase,command_velocity,odom_x,odom_y,odom_theta,imu_roll,imu_pitch,imu_yaw,source
M19C_S1_lab_hard_floor_B1_U050_R1,512.061688795,0.260992235,prestart,0.500000,-1.213821769,-1.562845826,-2.181759119,,,,ros2_odometer_state
M19C_S1_lab_hard_floor_B1_U050_R1,512.064781679,0.264085119,prestart,0.500000,-1.213821769,-1.562845826,-2.181759119,0.022041816,0.027753426,-2.181756496,ros2_odometer_state
M19C_S1_lab_hard_floor_B1_U050_R1,512.067712733,0.267016173,prestart,0.500000,-1.213821769,-1.562845826,-2.181759119,0.022046255,0.027747724,-2.181756496,ros2_odometer_state
M19C_S1_lab_hard_floor_B1_U050_R1,512.070228379,0.269531819,prestart,0.500000,-1.213821769,-1.562845826,-2.181759119,0.022051256,0.027744425,-2.181756258,ros2_odometer_state
M19C_S1_lab_hard_floor_B1_U050_R1,512.074718915,0.274022355,prestart,0.500000,-1.213821769,-1.562845826,-2.181759119,0.022055309,0.027736528,-2.181746960,ros2_odometer_state
M19C_S1_lab_hard_floor_B1_U050_R1,512.076481829,0.275785269,prestart,0.500000,-1.213821769,-1.562845826,-2.181749344,0.022052769,0.027732035,-2.181749344,ros2_odometer_state
M19C_S1_lab_hard_floor_B1_U050_R1,512.080565470,0.279868910,prestart,0.500000,-1.213821769,-1.562845826,-2.181749344,0.022052802,0.027732275,-2.181752682,ros2_odometer_state
M19C_S1_lab_hard_floor_B1_U050_R1,512.084914689,0.284218129,prestart,0.500000,-1.213821769,-1.562845826,-2.181749344,0.022058841,0.027725216,-2.181752205,ros2_odometer_state
M19C_S1_lab_hard_floor_B1_U050_R1,512.091038886,0.290342326,prestart,0.500000,-1.213821769,-1.562845826,-2.181749344,0.022067757,0.027721953,-2.181755066,ros2_odometer_state
M19C_S1_lab_hard_floor_B1_U050_R1,512.093377438,0.292680878,prestart,0.500000,-1.213821769,-1.562845826,-2.181749344,0.022045642,0.027703619,-2.181755781,ros2_odometer_state
M19C_S1_lab_hard_floor_B1_U050_R1,512.095530542,0.294833982,prestart,0.500000,-1.213821769,-1.562845826,-2.181749344,0.022043413,0.027707163,-2.181749105,ros2_odometer_state
M19C_S1_lab_hard_floor_B1_U050_R1,512.096876641,0.296180081,prestart,0.500000,-1.213821769,-1.562845826,-2.181749344,0.022042615,0.027711211,-2.181745529,ros2_odometer_state
M19C_S1_lab_hard_floor_B1_U050_R1,512.098016267,0.297319707,prestart,0.500000,-1.213821769,-1.562845826,-2.181749344,0.022043696,0.027702456,-2.181740284,ros2_odometer_state
M19C_S1_lab_hard_floor_B1_U050_R1,512.099209240,0.298512680,prestart,0.500000,-1.213821769,-1.562845826,-2.181749344,0.022042079,0.027697708,-2.181739807,ros2_odometer_state
M19C_S1_lab_hard_floor_B1_U050_R1,512.100876214,0.300179654,prestart,0.500000,-1.213821769,-1.562845826,-2.181749344,0.022045400,0.027699631,-2.181734324,ros2_odometer_state
M19C_S1_lab_hard_floor_B1_U050_R1,512.101891709,0.301195149,prestart,0.500000,-1.213821769,-1.562845826,-2.181740284,0.022036746,0.027659774,-2.181740046,ros2_odometer_state
M19C_S1_lab_hard_floor_B1_U050_R1,512.103146668,0.302450108,prestart,0.500000,-1.213821769,-1.562845826,-2.181740284,0.022034632,0.027661040,-2.181744337,ros2_odometer_state
M19C_S1_lab_hard_floor_B1_U050_R1,512.104506014,0.303809454,prestart,0.500000,-1.213821769,-1.562845826,-2.181722164,0.022035273,0.027655456,-2.181746960,ros2_odometer_state
M19C_S1_lab_hard_floor_B1_U050_R1,512.105781518,0.305084958,prestart,0.500000,-1.213821769,-1.562845826,-2.181722164,0.022034500,0.027646776,-2.181744337,ros2_odometer_state
M19C_S1_lab_hard_floor_B1_U050_R1,512.106843958,0.306147398,prestart,0.500000,-1.213821769,-1.562845826,-2.181722164,0.022035537,0.027647536,-2.181744576,ros2_odometer_state
M19C_S1_lab_hard_floor_B1_U050_R1,512.108593463,0.307896903,prestart,0.500000,-1.213821769,-1.562845826,-2.181746960,0.022037545,0.027652979,-2.181750059,ros2_odometer_state
M19C_S1_lab_hard_floor_B1_U050_R1,512.109733474,0.309036914,prestart,0.500000,-1.213821769,-1.562845826,-2.181746960,0.022038128,0.027658345,-2.181750059,ros2_odometer_state
M19C_S1_lab_hard_floor_B1_U050_R1,512.111306429,0.310609869,prestart,0.500000,-1.213821769,-1.562845826,-2.181746960,0.022040267,0.027653100,-2.181746483,ros2_odometer_state
M19C_S1_lab_hard_floor_B1_U050_R1,512.116821099,0.316124539,prestart,0.500000,-1.213821769,-1.562845826,-2.181746960,0.022037951,0.027656103,-2.181749582,ros2_odometer_state
M19C_S1_lab_hard_floor_B1_U050_R1,512.118654128,0.317957568,prestart,0.500000,-1.213821769,-1.562845826,-2.181746960,0.022034938,0.027659925,-2.181752682,ros2_odometer_state
M19C_S1_lab_hard_floor_B1_U050_R1,512.121041129,0.320344569,prestart,0.500000,-1.213821769,-1.562845826,-2.181746960,0.022026932,0.027657781,-2.181751251,ros2_odometer_state
M19C_S1_lab_hard_floor_B1_U050_R1,512.124912666,0.324216106,prestart,0.500000,-1.213821769,-1.562845826,-2.181746960,0.022019815,0.027656162,-2.181748152,ros2_odometer_state
M19C_S1_lab_hard_floor_B1_U050_R1,512.128052464,0.327355904,prestart,0.500000,-1.213821769,-1.562845826,-2.181746960,0.022023845,0.027656011,-2.181745291,ros2_odometer_state
M19C_S1_lab_hard_floor_B1_U050_R1,512.130269987,0.329573427,prestart,0.500000,-1.213821769,-1.562845826,-2.181746960,0.022027088,0.027648250,-2.181747437,ros2_odometer_state
M19C_S1_lab_hard_floor_B1_U050_R1,512.131711321,0.331014761,prestart,0.500000,-1.213821769,-1.562845826,-2.181746960,0.022025345,0.027638616,-2.181747913,ros2_odometer_state
M19C_S1_lab_hard_floor_B1_U050_R1,512.133136814,0.332440254,prestart,0.500000,-1.213821769,-1.562845826,-2.181745291,0.022022618,0.027629443,-2.181745529,ros2_odometer_state
M19C_S1_lab_hard_floor_B1_U050_R1,512.134044176,0.333347616,prestart,0.500000,-1.213821769,-1.562845826,-2.181745291,0.022021454,0.027617993,-2.181742907,ros2_odometer_state
M19C_S1_lab_hard_floor_B1_U050_R1,512.135563337,0.334866777,prestart,0.500000,-1.213821769,-1.562845826,-2.181745291,0.022016726,0.027615204,-2.181738377,ros2_odometer_state
M19C_S1_lab_hard_floor_B1_U050_R1,512.136737621,0.336041061,prestart,0.500000,-1.213821769,-1.562845826,-2.181745291,0.022018824,0.027610138,-2.181735277,ros2_odometer_state
M19C_S1_lab_hard_floor_B1_U050_R1,512.137717818,0.337021258,prestart,0.500000,-1.213821769,-1.562845826,-2.181745291,0.022014787,0.027608251,-2.181734800,ros2_odometer_state
M19C_S1_lab_hard_floor_B1_U050_R1,512.138947496,0.338250936,prestart,0.500000,-1.213821769,-1.562845826,-2.181745291,0.022010000,0.027609564,-2.181733608,ros2_odometer_state
M19C_S1_lab_hard_floor_B1_U050_R1,512.139866186,0.339169626,prestart,0.500000,-1.213821769,-1.562845826,-2.181745291,0.022011159,0.027599894,-2.181728840,ros2_odometer_state
M19C_S1_lab_hard_floor_B1_U050_R1,512.141191324,0.340494764,prestart,0.500000,-1.213821769,-1.562845826,-2.181745291,0.022009719,0.027592383,-2.181729078,ros2_odometer_state
M19C_S1_lab_hard_floor_B1_U050_R1,512.142070109,0.341373549,prestart,0.500000,-1.213821769,-1.562845826,-2.181745291,0.022011045,0.027584681,-2.181730032,ros2_odometer_state
M19C_S1_lab_hard_floor_B1_U050_R1,512.143301483,0.342604923,prestart,0.500000,-1.213821769,-1.562845826,-2.181745291,0.022017883,0.027579766,-2.181730032,ros2_odometer_state
M19C_S1_lab_hard_floor_B1_U050_R1,512.144280464,0.343583904,prestart,0.500000,-1.213821769,-1.562845826,-2.181729078,0.022020530,0.027577521,-2.181728601,ros2_odometer_state
M19C_S1_lab_hard_floor_B1_U050_R1,512.145475388,0.344778828,prestart,0.500000,-1.213821769,-1.562845826,-2.181729078,0.022020219,0.027574209,-2.181731939,ros2_odometer_state
M19C_S1_lab_hard_floor_B1_U050_R1,512.146708202,0.346011642,prestart,0.500000,-1.213821769,-1.562845826,-2.181729078,0.022018872,0.027568489,-2.181729078,ros2_odometer_state
M19C_S1_lab_hard_floor_B1_U050_R1,512.147758194,0.347061634,prestart,0.500000,-1.213821769,-1.562845826,-2.181729078,0.022006623,0.027567605,-2.181726217,ros2_odometer_state
M19C_S1_lab_hard_floor_B1_U050_R1,512.149012353,0.348315793,prestart,0.500000,-1.213821769,-1.562845826,-2.181729078,0.021997541,0.027570609,-2.181726933,ros2_odometer_state
M19C_S1_lab_hard_floor_B1_U050_R1,512.150008390,0.349311830,prestart,0.500000,-1.213821769,-1.562845826,-2.181729078,0.022000972,0.027573507,-2.181727886,ros2_odometer_state
M19C_S1_lab_hard_floor_B1_U050_R1,512.151248852,0.350552292,prestart,0.500000,-1.213821769,-1.562845826,-2.181729078,0.022001112,0.027580321,-2.181731701,ros2_odometer_state
M19C_S1_lab_hard_floor_B1_U050_R1,512.152156246,0.351459686,prestart,0.500000,-1.213821769,-1.562845826,-2.181729078,0.021992739,0.027581528,-2.181735277,ros2_odometer_state
M19C_S1_lab_hard_floor_B1_U050_R1,512.153362404,0.352665844,prestart,0.500000,-1.213821769,-1.562845826,-2.181729078,0.021991165,0.027576437,-2.181736946,ros2_odometer_state
M19C_S1_lab_hard_floor_B1_U050_R1,512.154380234,0.353683674,prestart,0.500000,-1.213821769,-1.562845826,-2.181729078,0.021989454,0.027575687,-2.181739569,ros2_odometer_state
M19C_S1_lab_hard_floor_B1_U050_R1,512.155588087,0.354891527,prestart,0.500000,-1.213821769,-1.562845826,-2.181735277,0.021982526,0.027577305,-2.181739092,ros2_odometer_state
M19C_S1_lab_hard_floor_B1_U050_R1,512.156714945,0.356018385,prestart,0.500000,-1.213821769,-1.562845826,-2.181735277,0.021978911,0.027580181,-2.181743145,ros2_odometer_state
M19C_S1_lab_hard_floor_B1_U050_R1,512.157788265,0.357091705,prestart,0.500000,-1.213821769,-1.562845826,-2.181735277,0.021983474,0.027584640,-2.181752443,ros2_odometer_state
M19C_S1_lab_hard_floor_B1_U050_R1,512.158981686,0.358285126,prestart,0.500000,-1.213821769,-1.562845826,-2.181735277,0.021988548,0.027588164,-2.181752205,ros2_odometer_state
M19C_S1_lab_hard_floor_B1_U050_R1,512.159939930,0.359243370,prestart,0.500000,-1.213821769,-1.562845826,-2.181735277,0.021994643,0.027594259,-2.181743860,ros2_odometer_state
M19C_S1_lab_hard_floor_B1_U050_R1,512.161200169,0.360503609,prestart,0.500000,-1.213821769,-1.562845826,-2.181735277,0.021992268,0.027604451,-2.181745529,ros2_odometer_state
M19C_S1_lab_hard_floor_B1_U050_R1,512.162532603,0.361836043,prestart,0.500000,-1.213821769,-1.562845826,-2.181735277,0.021980369,0.027614227,-2.181751251,ros2_odometer_state
M19C_S1_lab_hard_floor_B1_U050_R1,512.163665637,0.362969077,prestart,0.500000,-1.213821769,-1.562845826,-2.181735277,0.021972476,0.027626825,-2.181751013,ros2_odometer_state
M19C_S1_lab_hard_floor_B1_U050_R1,512.164878035,0.364181475,prestart,0.500000,-1.213821769,-1.562845826,-2.181735277,0.021966198,0.027633533,-2.181751251,ros2_odometer_state
M19C_S1_lab_hard_floor_B1_U050_R1,512.165853847,0.365157287,prestart,0.500000,-1.213821769,-1.562845826,-2.181735277,0.021967603,0.027635531,-2.181747913,ros2_odometer_state
M19C_S1_lab_hard_floor_B1_U050_R1,512.167011779,0.366315219,prestart,0.500000,-1.213821769,-1.562845826,-2.181751013,0.021965694,0.027636850,-2.181738377,ros2_odometer_state
M19C_S1_lab_hard_floor_B1_U050_R1,512.167948902,0.367252342,prestart,0.500000,-1.213821769,-1.562845826,-2.181751013,0.021963662,0.027632935,-2.181730270,ros2_odometer_state
M19C_S1_lab_hard_floor_B1_U050_R1,512.169155059,0.368458499,prestart,0.500000,-1.213821769,-1.562845826,-2.181751013,0.021956595,0.027633881,-2.181724310,ros2_odometer_state
M19C_S1_lab_hard_floor_B1_U050_R1,512.170034004,0.369337444,prestart,0.500000,-1.213821769,-1.562845826,-2.181751013,0.021954553,0.027636668,-2.181722403,ros2_odometer_state
M19C_S1_lab_hard_floor_B1_U050_R1,512.171242209,0.370545649,prestart,0.500000,-1.213821769,-1.562845826,-2.181751013,0.021952154,0.027635263,-2.181720495,ros2_odometer_state
M19C_S1_lab_hard_floor_B1_U050_R1,512.172127938,0.371431378,prestart,0.500000,-1.213821769,-1.562845826,-2.181751013,0.021948529,0.027629977,-2.181713343,ros2_odometer_state
M19C_S1_lab_hard_floor_B1_U050_R1,512.173369521,0.372672961,prestart,0.500000,-1.213821769,-1.562845826,-2.181751013,0.021947198,0.027624495,-2.181712866,ros2_odometer_state
M19C_S1_lab_hard_floor_B1_U050_R1,512.174304980,0.373608420,prestart,0.500000,-1.213821769,-1.562845826,-2.181751013,0.021947423,0.027619353,-2.181721449,ros2_odometer_state
M19C_S1_lab_hard_floor_B1_U050_R1,512.175466559,0.374769999,prestart,0.500000,-1.213821769,-1.562845826,-2.181751013,0.021945570,0.027612854,-2.181718111,ros2_odometer_state
M19C_S1_lab_hard_floor_B1_U050_R1,512.176467109,0.375770549,prestart,0.500000,-1.213821769,-1.562845826,-2.181751013,0.021947071,0.027608266,-2.181708336,ros2_odometer_state
M19C_S1_lab_hard_floor_B1_U050_R1,512.177628400,0.376931840,prestart,0.500000,-1.213821769,-1.562845826,-2.181721449,0.021946603,0.027605966,-2.181703568,ros2_odometer_state
M19C_S1_lab_hard_floor_B1_U050_R1,512.178910432,0.378213872,prestart,0.500000,-1.213821769,-1.562845826,-2.181721449,0.021950401,0.027600244,-2.181699276,ros2_odometer_state
M19C_S1_lab_hard_floor_B1_U050_R1,512.180232978,0.379536418,prestart,0.500000,-1.213821769,-1.562845826,-2.181721449,0.021954004,0.027594062,-2.181700706,ros2_odometer_state
M19C_S1_lab_hard_floor_B1_U050_R1,512.180903147,0.380206587,prestart,0.500000,-1.213821769,-1.562845826,-2.181721449,0.021954004,0.027594062,-2.181700706,ros2_odometer_state
M19C_S1_lab_hard_floor_B1_U050_R1,512.181936273,0.381239713,prestart,0.500000,-1.213821769,-1.562845826,-2.181721449,0.021952638,0.027583903,-2.181700945,ros2_odometer_state
M19C_S1_lab_hard_floor_B1_U050_R1,512.182483718,0.381787158,prestart,0.500000,-1.213821769,-1.562845826,-2.181721449,0.021952638,0.027583903,-2.181700945,ros2_odometer_state
M19C_S1_lab_hard_floor_B1_U050_R1,512.183000473,0.382303913,prestart,0.500000,-1.213821769,-1.562845826,-2.181721449,0.021952638,0.027583903,-2.181700945,ros2_odometer_state
M19C_S1_lab_hard_floor_B1_U050_R1,512.185595226,0.384898666,prestart,0.500000,-1.213821769,-1.562845826,-2.181721449,0.021950055,0.027567763,-2.181699753,ros2_odometer_state
M19C_S1_lab_hard_floor_B1_U050_R1,512.187227095,0.386530535,prestart,0.500000,-1.213821769,-1.562845826,-2.181721449,0.021950055,0.027567763,-2.181699753,ros2_odometer_state
M19C_S1_lab_hard_floor_B1_U050_R1,512.189463051,0.388766491,prestart,0.500000,-1.213821769,-1.562845826,-2.181721449,0.021948611,0.027569707,-2.181708574,ros2_odometer_state
M19C_S1_lab_hard_floor_B1_U050_R1,512.191668382,0.390971822,prestart,0.500000,-1.213821769,-1.562845826,-2.181708574,0.021945795,0.027574157,-2.181712389,ros2_odometer_state
M19C_S1_lab_hard_floor_B1_U050_R1,512.193519043,0.392822483,prestart,0.500000,-1.213821769,-1.562845826,-2.181708574,0.021948278,0.027582077,-2.181710720,ros2_odometer_state
M19C_S1_lab_hard_floor_B1_U050_R1,512.195504429,0.394807869,prestart,0.500000,-1.213821769,-1.562845826,-2.181708574,0.021950081,0.027586104,-2.181713104,ros2_odometer_state
M19C_S1_lab_hard_floor_B1_U050_R1,512.197608124,0.396911564,prestart,0.500000,-1.213821769,-1.562845826,-2.181708574,0.021945396,0.027583802,-2.181717634,ros2_odometer_state
M19C_S1_lab_hard_floor_B1_U050_R1,512.199498435,0.398801875,prestart,0.500000,-1.213821769,-1.562845826,-2.181708574,0.021940386,0.027585341,-2.181715012,ros2_odometer_state
M19C_S1_lab_hard_floor_B1_U050_R1,512.201499822,0.400803262,prestart,0.500000,-1.213821769,-1.562845826,-2.181708574,0.021939483,0.027596649,-2.181720972,ros2_odometer_state
M19C_S1_lab_hard_floor_B1_U050_R1,512.203487064,0.402790504,prestart,0.500000,-1.213821769,-1.562845826,-2.181708574,0.021950552,0.027598202,-2.181724548,ros2_odometer_state
M19C_S1_lab_hard_floor_B1_U050_R1,512.205486691,0.404790131,prestart,0.500000,-1.213821769,-1.562845826,-2.181708574,0.021961179,0.027595887,-2.181723118,ros2_odometer_state
M19C_S1_lab_hard_floor_B1_U050_R1,512.208150695,0.407454135,prestart,0.500000,-1.213821769,-1.562845826,-2.181708574,0.021961179,0.027595887,-2.181723118,ros2_odometer_state
M19C_S1_lab_hard_floor_B1_U050_R1,512.235770961,0.435074401,prestart,0.500000,-1.213821769,-1.562845826,-2.181708574,0.021957949,0.027607590,-2.181729078,ros2_odometer_state
M19C_S1_lab_hard_floor_B1_U050_R1,512.239895019,0.439198459,prestart,0.500000,-1.213821769,-1.562845826,-2.181729078,0.021947144,0.027612718,-2.181725502,ros2_odometer_state
M19C_S1_lab_hard_floor_B1_U050_R1,512.241502824,0.440806264,prestart,0.500000,-1.213821769,-1.562845826,-2.181729078,0.021944106,0.027619531,-2.181720734,ros2_odometer_state
M19C_S1_lab_hard_floor_B1_U050_R1,512.242708085,0.442011525,prestart,0.500000,-1.213821769,-1.562845826,-2.181729078,0.021950901,0.027631944,-2.181718349,ros2_odometer_state
M19C_S1_lab_hard_floor_B1_U050_R1,512.243849919,0.443153359,prestart,0.500000,-1.213821769,-1.562845826,-2.181729078,0.021960843,0.027641468,-2.181713343,ros2_odometer_state
M19C_S1_lab_hard_floor_B1_U050_R1,512.245147312,0.444450752,prestart,0.500000,-1.213821769,-1.562845826,-2.181729078,0.021961773,0.027649354,-2.181710005,ros2_odometer_state
M19C_S1_lab_hard_floor_B1_U050_R1,512.246159094,0.445462534,prestart,0.500000,-1.213821769,-1.562845826,-2.181729078,0.021957569,0.027652413,-2.181710482,ros2_odometer_state
M19C_S1_lab_hard_floor_B1_U050_R1,512.248058205,0.447361645,prestart,0.500000,-1.213821769,-1.562845826,-2.181729078,0.021959478,0.027657671,-2.181709290,ros2_odometer_state
M19C_S1_lab_hard_floor_B1_U050_R1,512.249479122,0.448782562,prestart,0.500000,-1.213821769,-1.562845826,-2.181729078,0.021955261,0.027665157,-2.181709051,ros2_odometer_state
M19C_S1_lab_hard_floor_B1_U050_R1,512.250478680,0.449782120,prestart,0.500000,-1.213821769,-1.562845826,-2.181729078,0.021951325,0.027668249,-2.181716681,ros2_odometer_state
M19C_S1_lab_hard_floor_B1_U050_R1,512.251682821,0.450986261,prestart,0.500000,-1.213821769,-1.562845826,-2.181729078,0.021950198,0.027663125,-2.181715965,ros2_odometer_state
M19C_S1_lab_hard_floor_B1_U050_R1,512.254068606,0.453372046,prestart,0.500000,-1.213821769,-1.562845826,-2.181715965,0.021939620,0.027661305,-2.181710958,ros2_odometer_state
M19C_S1_lab_hard_floor_B1_U050_R1,512.255511348,0.454814788,prestart,0.500000,-1.213821769,-1.562845826,-2.181715965,0.021938697,0.027662994,-2.181715250,ros2_odometer_state
M19C_S1_lab_hard_floor_B1_U050_R1,512.256603677,0.455907117,prestart,0.500000,-1.213821769,-1.562845826,-2.181715965,0.021934725,0.027666176,-2.181714058,ros2_odometer_state
M19C_S1_lab_hard_floor_B1_U050_R1,512.257738407,0.457041847,prestart,0.500000,-1.213821769,-1.562845826,-2.181715965,0.021929229,0.027670739,-2.181710482,ros2_odometer_state
M19C_S1_lab_hard_floor_B1_U050_R1,512.259911097,0.459214537,prestart,0.500000,-1.213821769,-1.562845826,-2.181715965,0.021927992,0.027666802,-2.181714296,ros2_odometer_state
M19C_S1_lab_hard_floor_B1_U050_R1,512.261192521,0.460495961,prestart,0.500000,-1.213821769,-1.562845826,-2.181715965,0.021929163,0.027658114,-2.181715727,ros2_odometer_state
M19C_S1_lab_hard_floor_B1_U050_R1,512.262155277,0.461458717,prestart,0.500000,-1.213821769,-1.562845826,-2.181715965,0.021934688,0.027656974,-2.181716442,ros2_odometer_state
M19C_S1_lab_hard_floor_B1_U050_R1,512.263422204,0.462725644,prestart,0.500000,-1.213821769,-1.562845826,-2.181715965,0.021935951,0.027659398,-2.181718826,ros2_odometer_state
M19C_S1_lab_hard_floor_B1_U050_R1,512.265015576,0.464319016,prestart,0.500000,-1.213821769,-1.562845826,-2.181715965,0.021937266,0.027657671,-2.181721687,ros2_odometer_state
M19C_S1_lab_hard_floor_B1_U050_R1,512.266072063,0.465375503,prestart,0.500000,-1.213821769,-1.562845826,-2.181715965,0.021942947,0.027658278,-2.181727409,ros2_odometer_state
M19C_S1_lab_hard_floor_B1_U050_R1,512.267377616,0.466681056,prestart,0.500000,-1.213821769,-1.562845826,-2.181727409,0.021949584,0.027658124,-2.181729794,ros2_odometer_state
M19C_S1_lab_hard_floor_B1_U050_R1,512.268300947,0.467604387,prestart,0.500000,-1.213821769,-1.562845826,-2.181727409,0.021950377,0.027656691,-2.181727886,ros2_odometer_state
M19C_S1_lab_hard_floor_B1_U050_R1,512.269557250,0.468860690,prestart,0.500000,-1.213821769,-1.562845826,-2.181727409,0.021949507,0.027659394,-2.181730270,ros2_odometer_state
M19C_S1_lab_hard_floor_B1_U050_R1,512.270444675,0.469748115,prestart,0.500000,-1.213821769,-1.562845826,-2.181727409,0.021950288,0.027667938,-2.181738853,ros2_odometer_state
M19C_S1_lab_hard_floor_B1_U050_R1,512.271672369,0.470975809,prestart,0.500000,-1.213821769,-1.562845826,-2.181727409,0.021950899,0.027671305,-2.181746006,ros2_odometer_state
M19C_S1_lab_hard_floor_B1_U050_R1,512.272744505,0.472047945,prestart,0.500000,-1.213821769,-1.562845826,-2.181727409,0.021952463,0.027670855,-2.181750059,ros2_odometer_state
M19C_S1_lab_hard_floor_B1_U050_R1,512.273812577,0.473116017,prestart,0.500000,-1.213821769,-1.562845826,-2.181727409,0.021951849,0.027668441,-2.181751013,ros2_odometer_state
M19C_S1_lab_hard_floor_B1_U050_R1,512.274949452,0.474252892,prestart,0.500000,-1.213821769,-1.562845826,-2.181727409,0.021945670,0.027664157,-2.181750059,ros2_odometer_state
M19C_S1_lab_hard_floor_B1_U050_R1,512.275953489,0.475256929,prestart,0.500000,-1.213821769,-1.562845826,-2.181727409,0.021938076,0.027667351,-2.181748867,ros2_odometer_state
M19C_S1_lab_hard_floor_B1_U050_R1,512.277140670,0.476444110,prestart,0.500000,-1.213821769,-1.562845826,-2.181727409,0.021934438,0.027673991,-2.181756973,ros2_odometer_state
M19C_S1_lab_hard_floor_B1_U050_R1,512.278116034,0.477419474,prestart,0.500000,-1.213821769,-1.562845826,-2.181756973,0.021929463,0.027676834,-2.181771755,ros2_odometer_state
M19C_S1_lab_hard_floor_B1_U050_R1,512.279423763,0.478727203,prestart,0.500000,-1.213821769,-1.562845826,-2.181756973,0.021927034,0.027678704,-2.181772470,ros2_odometer_state
M19C_S1_lab_hard_floor_B1_U050_R1,512.280349270,0.479652710,prestart,0.500000,-1.213821769,-1.562845826,-2.181756973,0.021925537,0.027686905,-2.181770086,ros2_odometer_state
M19C_S1_lab_hard_floor_B1_U050_R1,512.281607141,0.480910581,prestart,0.500000,-1.213821769,-1.562845826,-2.181756973,0.021932004,0.027687956,-2.181768656,ros2_odometer_state
M19C_S1_lab_hard_floor_B1_U050_R1,512.282655980,0.481959420,prestart,0.500000,-1.213821769,-1.562845826,-2.181756973,0.021935157,0.027686272,-2.181768417,ros2_odometer_state
M19C_S1_lab_hard_floor_B1_U050_R1,512.283847289,0.483150729,prestart,0.500000,-1.213821769,-1.562845826,-2.181756973,0.021936027,0.027697500,-2.181765079,ros2_odometer_state
M19C_S1_lab_hard_floor_B1_U050_R1,512.285036357,0.484339797,prestart,0.500000,-1.213821769,-1.562845826,-2.181756973,0.021937214,0.027705653,-2.181761980,ros2_odometer_state
M19C_S1_lab_hard_floor_B1_U050_R1,512.286031915,0.485335355,prestart,0.500000,-1.213821769,-1.562845826,-2.181756973,0.021937151,0.027710499,-2.181754589,ros2_odometer_state
M19C_S1_lab_hard_floor_B1_U050_R1,512.288212700,0.487516140,prestart,0.500000,-1.213821769,-1.562845826,-2.181756973,0.021937896,0.027718199,-2.181740761,ros2_odometer_state
M19C_S1_lab_hard_floor_B1_U050_R1,512.289873467,0.489176907,prestart,0.500000,-1.213821769,-1.562845826,-2.181756973,0.021935763,0.027726509,-2.181732416,ros2_odometer_state
M19C_S1_lab_hard_floor_B1_U050_R1,512.291841796,0.491145236,prestart,0.500000,-1.213821769,-1.562845826,-2.181732416,0.021933407,0.027728943,-2.181726694,ros2_odometer_state
M19C_S1_lab_hard_floor_B1_U050_R1,512.295622130,0.494925570,prestart,0.500000,-1.213821769,-1.562845826,-2.181732416,0.021933183,0.027726393,-2.181722641,ros2_odometer_state
M19C_S1_lab_hard_floor_B1_U050_R1,512.296687322,0.495990762,prestart,0.500000,-1.213821769,-1.562845826,-2.181732416,0.021934794,0.027728168,-2.181721449,ros2_odometer_state
M19C_S1_lab_hard_floor_B1_U050_R1,512.297166924,0.496470364,prestart,0.500000,-1.213821769,-1.562845826,-2.181732416,0.021934794,0.027728168,-2.181721449,ros2_odometer_state
M19C_S1_lab_hard_floor_B1_U050_R1,512.299719147,0.499022587,prestart,0.500000,-1.213821769,-1.562845826,-2.181732416,0.021931374,0.027735470,-2.181708813,ros2_odometer_state
M19C_S1_lab_hard_floor_B1_U050_R1,512.301869628,0.501173068,idle,0.500000,-1.213821769,-1.562845826,-2.181732416,0.021936487,0.027747920,-2.181705236,ros2_odometer_state
M19C_S1_lab_hard_floor_B1_U050_R1,512.303720865,0.503024305,idle,0.500000,-1.213821769,-1.562845826,-2.181732416,0.021940868,0.027759036,-2.181703568,ros2_odometer_state
M19C_S1_lab_hard_floor_B1_U050_R1,512.305022450,0.504325890,idle,0.500000,-1.213821769,-1.562845826,-2.181732416,0.021940868,0.027759036,-2.181703568,ros2_odometer_state
M19C_S1_lab_hard_floor_B1_U050_R1,512.308253291,0.507556731,idle,0.500000,-1.213821769,-1.562845826,-2.181732416,0.021947989,0.027769940,-2.181703091,ros2_odometer_state
M19C_S1_lab_hard_floor_B1_U050_R1,512.309841158,0.509144598,idle,0.500000,-1.213821769,-1.562845826,-2.181732416,0.021943646,0.027770804,-2.181705236,ros2_odometer_state
M19C_S1_lab_hard_floor_B1_U050_R1,512.312026744,0.511330184,idle,0.500000,-1.213821769,-1.562845826,-2.181705236,0.021945458,0.027769826,-2.181703806,ros2_odometer_state
M19C_S1_lab_hard_floor_B1_U050_R1,512.313057663,0.512361103,idle,0.500000,-1.213821769,-1.562845826,-2.181705236,0.021945458,0.027769826,-2.181703806,ros2_odometer_state
M19C_S1_lab_hard_floor_B1_U050_R1,512.315912841,0.515216281,idle,0.500000,-1.213821769,-1.562845826,-2.181705236,0.021948321,0.027778627,-2.181706667,ros2_odometer_state
M19C_S1_lab_hard_floor_B1_U050_R1,512.316964849,0.516268289,idle,0.500000,-1.213821769,-1.562845826,-2.181705236,0.021948321,0.027778627,-2.181706667,ros2_odometer_state
M19C_S1_lab_hard_floor_B1_U050_R1,512.319049631,0.518353071,idle,0.500000,-1.213821769,-1.562845826,-2.181705236,0.021953126,0.027775528,-2.181709528,ros2_odometer_state
M19C_S1_lab_hard_floor_B1_U050_R1,512.321949963,0.521253403,idle,0.500000,-1.213821769,-1.562845826,-2.181705236,0.021942075,0.027783480,-2.181730747,ros2_odometer_state
M19C_S1_lab_hard_floor_B1_U050_R1,512.323925365,0.523228805,idle,0.500000,-1.213821769,-1.562845826,-2.181705236,0.021929860,0.027784318,-2.181738853,ros2_odometer_state
M19C_S1_lab_hard_floor_B1_U050_R1,512.325715416,0.525018856,idle,0.500000,-1.213821769,-1.562845826,-2.181705236,0.021920178,0.027789840,-2.181743145,ros2_odometer_state
M19C_S1_lab_hard_floor_B1_U050_R1,512.328400093,0.527703533,idle,0.500000,-1.213821769,-1.562845826,-2.181705236,0.021928150,0.027796267,-2.181744099,ros2_odometer_state
M19C_S1_lab_hard_floor_B1_U050_R1,512.329901397,0.529204837,idle,0.500000,-1.213821769,-1.562845826,-2.181705236,0.021931935,0.027796121,-2.181750774,ros2_odometer_state
M19C_S1_lab_hard_floor_B1_U050_R1,512.331835774,0.531139214,idle,0.500000,-1.213821769,-1.562845826,-2.181750774,0.021926060,0.027802356,-2.181756735,ros2_odometer_state
M19C_S1_lab_hard_floor_B1_U050_R1,512.333816872,0.533120312,idle,0.500000,-1.213821769,-1.562845826,-2.181750774,0.021923261,0.027809463,-2.181752920,ros2_odometer_state
M19C_S1_lab_hard_floor_B1_U050_R1,512.335782417,0.535085857,idle,0.500000,-1.213821769,-1.562845826,-2.181750774,0.021922782,0.027814195,-2.181751251,ros2_odometer_state
M19C_S1_lab_hard_floor_B1_U050_R1,512.337778780,0.537082220,idle,0.500000,-1.213821769,-1.562845826,-2.181750774,0.021921571,0.027810559,-2.181754589,ros2_odometer_state
M19C_S1_lab_hard_floor_B1_U050_R1,512.339793800,0.539097240,idle,0.500000,-1.213821769,-1.562845826,-2.181750774,0.021918599,0.027806234,-2.181753159,ros2_odometer_state
M19C_S1_lab_hard_floor_B1_U050_R1,512.341671278,0.540974718,idle,0.500000,-1.213821769,-1.562845826,-2.181750774,0.021914115,0.027805071,-2.181750059,ros2_odometer_state
M19C_S1_lab_hard_floor_B1_U050_R1,512.343687033,0.542990473,idle,0.500000,-1.213821769,-1.562845826,-2.181750774,0.021908781,0.027806683,-2.181749582,ros2_odometer_state
M19C_S1_lab_hard_floor_B1_U050_R1,512.345644355,0.544947795,idle,0.500000,-1.213821769,-1.562845826,-2.181750774,0.021910207,0.027808402,-2.181755781,ros2_odometer_state
M19C_S1_lab_hard_floor_B1_U050_R1,512.348411050,0.547714490,idle,0.500000,-1.213821769,-1.562845826,-2.181750774,0.021913391,0.027809167,-2.181752443,ros2_odometer_state
M19C_S1_lab_hard_floor_B1_U050_R1,512.349861056,0.549164496,idle,0.500000,-1.213821769,-1.562845826,-2.181750774,0.021917244,0.027818358,-2.181739092,ros2_odometer_state
M19C_S1_lab_hard_floor_B1_U050_R1,512.351791657,0.551095097,idle,0.500000,-1.213821769,-1.562845826,-2.181739092,0.021923909,0.027827876,-2.181736231,ros2_odometer_state
M19C_S1_lab_hard_floor_B1_U050_R1,512.353867830,0.553171270,idle,0.500000,-1.213821769,-1.562845826,-2.181739092,0.021924276,0.027834184,-2.181743622,ros2_odometer_state
M19C_S1_lab_hard_floor_B1_U050_R1,512.355334029,0.554637469,idle,0.500000,-1.213821769,-1.562845826,-2.181739092,0.021924276,0.027834184,-2.181743622,ros2_odometer_state
M19C_S1_lab_hard_floor_B1_U050_R1,512.357853772,0.557157212,idle,0.500000,-1.213821769,-1.562845826,-2.181739092,0.021922091,0.027839031,-2.181735516,ros2_odometer_state
M19C_S1_lab_hard_floor_B1_U050_R1,512.359727378,0.559030818,idle,0.500000,-1.213821769,-1.562845826,-2.181739092,0.021924488,0.027847022,-2.181726694,ros2_odometer_state
M19C_S1_lab_hard_floor_B1_U050_R1,512.361696572,0.561000012,idle,0.500000,-1.213821769,-1.562845826,-2.181739092,0.021918578,0.027850183,-2.181731224,ros2_odometer_state
M19C_S1_lab_hard_floor_B1_U050_R1,512.363856972,0.563160412,idle,0.500000,-1.213821769,-1.562845826,-2.181739092,0.021920828,0.027846189,-2.181734085,ros2_odometer_state
M19C_S1_lab_hard_floor_B1_U050_R1,512.365855895,0.565159335,idle,0.500000,-1.213821769,-1.562845826,-2.181739092,0.021922864,0.027851321,-2.181728125,ros2_odometer_state
M19C_S1_lab_hard_floor_B1_U050_R1,512.368385654,0.567689094,idle,0.500000,-1.213821769,-1.562845826,-2.181739092,0.021921258,0.027851794,-2.181726456,ros2_odometer_state
M19C_S1_lab_hard_floor_B1_U050_R1,512.370060469,0.569363909,idle,0.500000,-1.213821769,-1.562845826,-2.181739092,0.021918064,0.027854722,-2.181726217,ros2_odometer_state
M19C_S1_lab_hard_floor_B1_U050_R1,512.372657206,0.571960646,idle,0.500000,-1.213821769,-1.562845826,-2.181726217,0.021914115,0.027858475,-2.181723833,ros2_odometer_state
M19C_S1_lab_hard_floor_B1_U050_R1,512.373509782,0.572813222,idle,0.500000,-1.213821769,-1.562845826,-2.181726217,0.021914115,0.027858475,-2.181723833,ros2_odometer_state
M19C_S1_lab_hard_floor_B1_U050_R1,512.375923344,0.575226784,idle,0.500000,-1.213821769,-1.562845826,-2.181726217,0.021901390,0.027854651,-2.181738377,ros2_odometer_state
M19C_S1_lab_hard_floor_B1_U050_R1,512.377817111,0.577120551,idle,0.500000,-1.213821769,-1.562845826,-2.181726217,0.021896737,0.027854260,-2.181748867,ros2_odometer_state
M19C_S1_lab_hard_floor_B1_U050_R1,512.379732383,0.579035823,idle,0.500000,-1.213821769,-1.562845826,-2.181726217,0.021901462,0.027847206,-2.181757927,ros2_odometer_state
M19C_S1_lab_hard_floor_B1_U050_R1,512.381728906,0.581032346,idle,0.500000,-1.213821769,-1.562845826,-2.181726217,0.021901380,0.027848179,-2.181769848,ros2_odometer_state
M19C_S1_lab_hard_floor_B1_U050_R1,512.383803415,0.583106855,idle,0.500000,-1.213821769,-1.562845826,-2.181726217,0.021901095,0.027853256,-2.181771040,ros2_odometer_state
M19C_S1_lab_hard_floor_B1_U050_R1,512.385916646,0.585220086,idle,0.500000,-1.213821769,-1.562845826,-2.181726217,0.021904785,0.027850222,-2.181770325,ros2_odometer_state
M19C_S1_lab_hard_floor_B1_U050_R1,512.388709455,0.588012895,idle,0.500000,-1.213821769,-1.562845826,-2.181726217,0.021911604,0.027853800,-2.181773424,ros2_odometer_state
M19C_S1_lab_hard_floor_B1_U050_R1,512.389164320,0.588467760,idle,0.500000,-1.213821769,-1.562845826,-2.181726217,0.021911604,0.027853800,-2.181773424,ros2_odometer_state
M19C_S1_lab_hard_floor_B1_U050_R1,512.392093198,0.591396638,idle,0.500000,-1.213821769,-1.562845826,-2.181775570,0.021923060,0.027853303,-2.181782007,ros2_odometer_state
M19C_S1_lab_hard_floor_B1_U050_R1,512.394060311,0.593363751,idle,0.500000,-1.213821769,-1.562845826,-2.181775570,0.021927875,0.027851252,-2.181778908,ros2_odometer_state
M19C_S1_lab_hard_floor_B1_U050_R1,512.395812697,0.595116137,idle,0.500000,-1.213821769,-1.562845826,-2.181775570,0.021923209,0.027854070,-2.181773901,ros2_odometer_state
M19C_S1_lab_hard_floor_B1_U050_R1,512.397858501,0.597161941,idle,0.500000,-1.213821769,-1.562845826,-2.181775570,0.021921873,0.027852055,-2.181775093,ros2_odometer_state
M19C_S1_lab_hard_floor_B1_U050_R1,512.399817583,0.599121023,idle,0.500000,-1.213821769,-1.562845826,-2.181775570,0.021926794,0.027850464,-2.181778431,ros2_odometer_state
M19C_S1_lab_hard_floor_B1_U050_R1,512.401833146,0.601136586,idle,0.500000,-1.213821769,-1.562845826,-2.181775570,0.021927318,0.027848724,-2.181780815,ros2_odometer_state
M19C_S1_lab_hard_floor_B1_U050_R1,512.403189581,0.602493021,idle,0.500000,-1.213821769,-1.562845826,-2.181775570,0.021927318,0.027848724,-2.181780815,ros2_odometer_state
M19C_S1_lab_hard_floor_B1_U050_R1,512.406497065,0.605800505,idle,0.500000,-1.213821769,-1.562845826,-2.181775570,0.021926144,0.027845189,-2.181781054,ros2_odometer_state
M19C_S1_lab_hard_floor_B1_U050_R1,512.408521621,0.607825061,idle,0.500000,-1.213821769,-1.562845826,-2.181775570,0.021926144,0.027845189,-2.181781054,ros2_odometer_state
M19C_S1_lab_hard_floor_B1_U050_R1,512.410139921,0.609443361,idle,0.500000,-1.213821769,-1.562845826,-2.181775570,0.021920534,0.027848884,-2.181784153,ros2_odometer_state
M19C_S1_lab_hard_floor_B1_U050_R1,512.411423457,0.610726897,idle,0.500000,-1.213821769,-1.562845826,-2.181782007,0.021921361,0.027850121,-2.181782007,ros2_odometer_state
M19C_S1_lab_hard_floor_B1_U050_R1,512.413160098,0.612463538,idle,0.500000,-1.213821769,-1.562845826,-2.181782007,0.021923481,0.027848683,-2.181780577,ros2_odometer_state
M19C_S1_lab_hard_floor_B1_U050_R1,512.416050511,0.615353951,idle,0.500000,-1.213821769,-1.562845826,-2.181782007,0.021929486,0.027864274,-2.181787968,ros2_odometer_state
M19C_S1_lab_hard_floor_B1_U050_R1,512.417196825,0.616500265,idle,0.500000,-1.213821769,-1.562845826,-2.181782007,0.021929486,0.027864274,-2.181787968,ros2_odometer_state
M19C_S1_lab_hard_floor_B1_U050_R1,512.419957761,0.619261201,idle,0.500000,-1.213821769,-1.562845826,-2.181782007,0.021934176,0.027883355,-2.181786060,ros2_odometer_state
M19C_S1_lab_hard_floor_B1_U050_R1,512.422123122,0.621426562,idle,0.500000,-1.213821769,-1.562845826,-2.181782007,0.021938058,0.027886236,-2.181784868,ros2_odometer_state
M19C_S1_lab_hard_floor_B1_U050_R1,512.423212443,0.622515883,idle,0.500000,-1.213821769,-1.562845826,-2.181782007,0.021938058,0.027886236,-2.181784868,ros2_odometer_state
M19C_S1_lab_hard_floor_B1_U050_R1,512.425983042,0.625286482,idle,0.500000,-1.213821769,-1.562845826,-2.181782007,0.021937773,0.027895827,-2.181786060,ros2_odometer_state
M19C_S1_lab_hard_floor_B1_U050_R1,512.427745764,0.627049204,idle,0.500000,-1.213821769,-1.562845826,-2.181782007,0.021937773,0.027895827,-2.181786060,ros2_odometer_state
M19C_S1_lab_hard_floor_B1_U050_R1,512.430109277,0.629412717,idle,0.500000,-1.213821769,-1.562845826,-2.181782007,0.021934539,0.027899452,-2.181786060,ros2_odometer_state
M19C_S1_lab_hard_floor_B1_U050_R1,512.432260269,0.631563709,idle,0.500000,-1.213821769,-1.562845826,-2.181786060,0.021929976,0.027903367,-2.181780815,ros2_odometer_state
M19C_S1_lab_hard_floor_B1_U050_R1,512.433256883,0.632560323,idle,0.500000,-1.213821769,-1.562845826,-2.181786060,0.021929976,0.027903367,-2.181780815,ros2_odometer_state
M19C_S1_lab_hard_floor_B1_U050_R1,512.435794738,0.635098178,idle,0.500000,-1.213821769,-1.562845826,-2.181786060,0.021932615,0.027906438,-2.181769848,ros2_odometer_state
M19C_S1_lab_hard_floor_B1_U050_R1,512.437817982,0.637121422,idle,0.500000,-1.213821769,-1.562845826,-2.181786060,0.021925841,0.027906356,-2.181766272,ros2_odometer_state
M19C_S1_lab_hard_floor_B1_U050_R1,512.439807624,0.639111064,idle,0.500000,-1.213821769,-1.562845826,-2.181786060,0.021921938,0.027903263,-2.181770563,ros2_odometer_state
M19C_S1_lab_hard_floor_B1_U050_R1,512.441786802,0.641090242,idle,0.500000,-1.213821769,-1.562845826,-2.181786060,0.021922749,0.027902711,-2.181770563,ros2_odometer_state
M19C_S1_lab_hard_floor_B1_U050_R1,512.443875872,0.643179312,idle,0.500000,-1.213821769,-1.562845826,-2.181786060,0.021924634,0.027901253,-2.181768179,ros2_odometer_state
M19C_S1_lab_hard_floor_B1_U050_R1,512.445880843,0.645184283,idle,0.500000,-1.213821769,-1.562845826,-2.181786060,0.021928778,0.027901528,-2.181771278,ros2_odometer_state
M19C_S1_lab_hard_floor_B1_U050_R1,512.448671700,0.647975140,idle,0.500000,-1.213821769,-1.562845826,-2.181786060,0.021929484,0.027899772,-2.181775331,ros2_odometer_state
M19C_S1_lab_hard_floor_B1_U050_R1,512.449156518,0.648459958,idle,0.500000,-1.213821769,-1.562845826,-2.181786060,0.021929484,0.027899772,-2.181775331,ros2_odometer_state
M19C_S1_lab_hard_floor_B1_U050_R1,512.452138678,0.651442118,idle,0.500000,-1.213821769,-1.562845826,-2.181773424,0.021943301,0.027890941,-2.181771517,ros2_odometer_state
M19C_S1_lab_hard_floor_B1_U050_R1,512.453964602,0.653268042,idle,0.500000,-1.213821769,-1.562845826,-2.181773424,0.021940507,0.027884275,-2.181772709,ros2_odometer_state
M19C_S1_lab_hard_floor_B1_U050_R1,512.455261195,0.654564635,idle,0.500000,-1.213821769,-1.562845826,-2.181773424,0.021940507,0.027884275,-2.181772709,ros2_odometer_state
M19C_S1_lab_hard_floor_B1_U050_R1,512.457419867,0.656723307,idle,0.500000,-1.213821769,-1.562845826,-2.181773424,0.021942517,0.027885398,-2.181776524,ros2_odometer_state
M19C_S1_lab_hard_floor_B1_U050_R1,512.459173885,0.658477325,idle,0.500000,-1.213821769,-1.562845826,-2.181773424,0.021944573,0.027888546,-2.181771994,ros2_odometer_state
M19C_S1_lab_hard_floor_B1_U050_R1,512.461164264,0.660467704,idle,0.500000,-1.213821769,-1.562845826,-2.181773424,0.021937419,0.027891472,-2.181770325,ros2_odometer_state
M19C_S1_lab_hard_floor_B1_U050_R1,512.463171987,0.662475427,idle,0.500000,-1.213821769,-1.562845826,-2.181773424,0.021937422,0.027896674,-2.181775808,ros2_odometer_state
M19C_S1_lab_hard_floor_B1_U050_R1,512.465184350,0.664487790,idle,0.500000,-1.213821769,-1.562845826,-2.181773424,0.021944944,0.027896209,-2.181782246,ros2_odometer_state
M19C_S1_lab_hard_floor_B1_U050_R1,512.468538204,0.667841644,idle,0.500000,-1.213821769,-1.562845826,-2.181773424,0.021936597,0.027890595,-2.181786537,ros2_odometer_state
M19C_S1_lab_hard_floor_B1_U050_R1,512.469200308,0.668503748,idle,0.500000,-1.213821769,-1.562845826,-2.181773424,0.021936597,0.027890595,-2.181786537,ros2_odometer_state
M19C_S1_lab_hard_floor_B1_U050_R1,512.472074368,0.671377808,idle,0.500000,-1.213821769,-1.562845826,-2.181785822,0.021924432,0.027895682,-2.181785583,ros2_odometer_state
M19C_S1_lab_hard_floor_B1_U050_R1,512.473863171,0.673166611,idle,0.500000,-1.213821769,-1.562845826,-2.181785822,0.021927292,0.027895924,-2.181787252,ros2_odometer_state
M19C_S1_lab_hard_floor_B1_U050_R1,512.475118962,0.674422402,idle,0.500000,-1.213821769,-1.562845826,-2.181785822,0.021927292,0.027895924,-2.181787252,ros2_odometer_state
M19C_S1_lab_hard_floor_B1_U050_R1,512.477953372,0.677256812,idle,0.500000,-1.213821769,-1.562845826,-2.181785822,0.021933798,0.027901825,-2.181778193,ros2_odometer_state
M19C_S1_lab_hard_floor_B1_U050_R1,512.480063851,0.679367291,idle,0.500000,-1.213821769,-1.562845826,-2.181785822,0.021939933,0.027895734,-2.181774378,ros2_odometer_state
M19C_S1_lab_hard_floor_B1_U050_R1,512.481113490,0.680416930,idle,0.500000,-1.213821769,-1.562845826,-2.181785822,0.021939933,0.027895734,-2.181774378,ros2_odometer_state
M19C_S1_lab_hard_floor_B1_U050_R1,512.484120579,0.683424019,idle,0.500000,-1.213821769,-1.562845826,-2.181785822,0.021942036,0.027879089,-2.181765556,ros2_odometer_state
M19C_S1_lab_hard_floor_B1_U050_R1,512.485177003,0.684480443,idle,0.500000,-1.213821769,-1.562845826,-2.181785822,0.021942036,0.027879089,-2.181765556,ros2_odometer_state
M19C_S1_lab_hard_floor_B1_U050_R1,512.487838254,0.687141694,idle,0.500000,-1.213821769,-1.562845826,-2.181785822,0.021939108,0.027870402,-2.181761026,ros2_odometer_state
M19C_S1_lab_hard_floor_B1_U050_R1,512.489311429,0.688614869,idle,0.500000,-1.213821769,-1.562845826,-2.181785822,0.021933762,0.027868334,-2.181756973,ros2_odometer_state
M19C_S1_lab_hard_floor_B1_U050_R1,512.492035979,0.691339419,idle,0.500000,-1.213821769,-1.562845826,-2.181754827,0.021936797,0.027866334,-2.181760311,ros2_odometer_state
M19C_S1_lab_hard_floor_B1_U050_R1,512.493895313,0.693198753,idle,0.500000,-1.213821769,-1.562845826,-2.181754827,0.021928461,0.027864000,-2.181761265,ros2_odometer_state
M19C_S1_lab_hard_floor_B1_U050_R1,512.495990527,0.695293967,idle,0.500000,-1.213821769,-1.562845826,-2.181754827,0.021927496,0.027858173,-2.181764364,ros2_odometer_state
M19C_S1_lab_hard_floor_B1_U050_R1,512.497946601,0.697250041,idle,0.500000,-1.213821769,-1.562845826,-2.181754827,0.021928322,0.027856190,-2.181759596,ros2_odometer_state
M19C_S1_lab_hard_floor_B1_U050_R1,512.499162678,0.698466118,idle,0.500000,-1.213821769,-1.562845826,-2.181754827,0.021928322,0.027856190,-2.181759596,ros2_odometer_state
M19C_S1_lab_hard_floor_B1_U050_R1,512.501964927,0.701268367,idle,0.500000,-1.213821769,-1.562845826,-2.181754827,0.021930100,0.027851209,-2.181749344,ros2_odometer_state
M19C_S1_lab_hard_floor_B1_U050_R1,512.503961066,0.703264506,idle,0.500000,-1.213821769,-1.562845826,-2.181754827,0.021931697,0.027850579,-2.181747913,ros2_odometer_state
M19C_S1_lab_hard_floor_B1_U050_R1,512.506240735,0.705544175,idle,0.500000,-1.213821769,-1.562845826,-2.181754827,0.021936668,0.027860258,-2.181743145,ros2_odometer_state
M19C_S1_lab_hard_floor_B1_U050_R1,512.508726876,0.708030316,idle,0.500000,-1.213821769,-1.562845826,-2.181754827,0.021936512,0.027871748,-2.181738138,ros2_odometer_state
M19C_S1_lab_hard_floor_B1_U050_R1,512.509402806,0.708706246,idle,0.500000,-1.213821769,-1.562845826,-2.181754827,0.021936512,0.027871748,-2.181738138,ros2_odometer_state
M19C_S1_lab_hard_floor_B1_U050_R1,512.513386891,0.712690331,idle,0.500000,-1.213821769,-1.562845826,-2.181739569,0.021930037,0.027868841,-2.181749344,ros2_odometer_state
M19C_S1_lab_hard_floor_B1_U050_R1,512.514419217,0.713722657,idle,0.500000,-1.213821769,-1.562845826,-2.181739569,0.021928223,0.027864428,-2.181754827,ros2_odometer_state
M19C_S1_lab_hard_floor_B1_U050_R1,512.516210004,0.715513444,idle,0.500000,-1.213821769,-1.562845826,-2.181739569,0.021929037,0.027860818,-2.181751728,ros2_odometer_state
M19C_S1_lab_hard_floor_B1_U050_R1,512.518199519,0.717502959,idle,0.500000,-1.213821769,-1.562845826,-2.181739569,0.021932738,0.027857538,-2.181749582,ros2_odometer_state
M19C_S1_lab_hard_floor_B1_U050_R1,512.520235083,0.719538523,idle,0.500000,-1.213821769,-1.562845826,-2.181739569,0.021931365,0.027858602,-2.181750298,ros2_odometer_state
M19C_S1_lab_hard_floor_B1_U050_R1,512.521329268,0.720632708,idle,0.500000,-1.213821769,-1.562845826,-2.181739569,0.021931365,0.027858602,-2.181750298,ros2_odometer_state
M19C_S1_lab_hard_floor_B1_U050_R1,512.524165406,0.723468846,idle,0.500000,-1.213821769,-1.562845826,-2.181739569,0.021914478,0.027858015,-2.181761742,ros2_odometer_state
M19C_S1_lab_hard_floor_B1_U050_R1,512.525869150,0.725172590,idle,0.500000,-1.213821769,-1.562845826,-2.181739569,0.021914478,0.027858015,-2.181761742,ros2_odometer_state
M19C_S1_lab_hard_floor_B1_U050_R1,512.528648390,0.727951830,idle,0.500000,-1.213821769,-1.562845826,-2.181739569,0.021914998,0.027863275,-2.181763172,ros2_odometer_state
M19C_S1_lab_hard_floor_B1_U050_R1,512.530212897,0.729516337,idle,0.500000,-1.213821769,-1.562845826,-2.181739569,0.021919634,0.027857905,-2.181755781,ros2_odometer_state
M19C_S1_lab_hard_floor_B1_U050_R1,512.532278030,0.731581470,idle,0.500000,-1.213821769,-1.562845826,-2.181755781,0.021914409,0.027862793,-2.181759596,ros2_odometer_state
M19C_S1_lab_hard_floor_B1_U050_R1,512.535354369,0.734657809,idle,0.500000,-1.213821769,-1.562845826,-2.181755781,0.021908287,0.027871419,-2.181761265,ros2_odometer_state
M19C_S1_lab_hard_floor_B1_U050_R1,512.536376168,0.735679608,idle,0.500000,-1.213821769,-1.562845826,-2.181755781,0.021912251,0.027875382,-2.181762457,ros2_odometer_state
M19C_S1_lab_hard_floor_B1_U050_R1,512.538185675,0.737489115,idle,0.500000,-1.213821769,-1.562845826,-2.181755781,0.021913486,0.027874639,-2.181760550,ros2_odometer_state
M19C_S1_lab_hard_floor_B1_U050_R1,512.540072530,0.739375970,idle,0.500000,-1.213821769,-1.562845826,-2.181755781,0.021910360,0.027874531,-2.181766748,ros2_odometer_state
M19C_S1_lab_hard_floor_B1_U050_R1,512.542249443,0.741552883,idle,0.500000,-1.213821769,-1.562845826,-2.181755781,0.021911610,0.027867837,-2.181768179,ros2_odometer_state
M19C_S1_lab_hard_floor_B1_U050_R1,512.544269551,0.743572991,idle,0.500000,-1.213821769,-1.562845826,-2.181755781,0.021921620,0.027866147,-2.181760073,ros2_odometer_state
M19C_S1_lab_hard_floor_B1_U050_R1,512.546245913,0.745549353,idle,0.500000,-1.213821769,-1.562845826,-2.181755781,0.021925040,0.027860954,-2.181758642,ros2_odometer_state
M19C_S1_lab_hard_floor_B1_U050_R1,512.548792152,0.748095592,idle,0.500000,-1.213821769,-1.562845826,-2.181755781,0.021917898,0.027854566,-2.181761503,ros2_odometer_state
M19C_S1_lab_hard_floor_B1_U050_R1,512.550431510,0.749734950,idle,0.500000,-1.213821769,-1.562845826,-2.181755781,0.021914626,0.027851900,-2.181761980,ros2_odometer_state
M19C_S1_lab_hard_floor_B1_U050_R1,512.552210840,0.751514280,idle,0.500000,-1.213821769,-1.562845826,-2.181761980,0.021916412,0.027851572,-2.181760311,ros2_odometer_state
M19C_S1_lab_hard_floor_B1_U050_R1,512.553326658,0.752630098,idle,0.500000,-1.213821769,-1.562845826,-2.181761980,0.021916412,0.027851572,-2.181760311,ros2_odometer_state
M19C_S1_lab_hard_floor_B1_U050_R1,512.556103818,0.755407258,idle,0.500000,-1.213821769,-1.562845826,-2.181761980,0.021915337,0.027851520,-2.181759357,ros2_odometer_state
M19C_S1_lab_hard_floor_B1_U050_R1,512.557421691,0.756725131,idle,0.500000,-1.213821769,-1.562845826,-2.181761980,0.021921469,0.027845703,-2.181755543,ros2_odometer_state
M19C_S1_lab_hard_floor_B1_U050_R1,512.560233125,0.759536565,idle,0.500000,-1.213821769,-1.562845826,-2.181761980,0.021924471,0.027839718,-2.181764364,ros2_odometer_state
M19C_S1_lab_hard_floor_B1_U050_R1,512.562217999,0.761521439,idle,0.500000,-1.213821769,-1.562845826,-2.181761980,0.021923218,0.027835740,-2.181763887,ros2_odometer_state
M19C_S1_lab_hard_floor_B1_U050_R1,512.564195289,0.763498729,idle,0.500000,-1.213821769,-1.562845826,-2.181761980,0.021921784,0.027834708,-2.181766033,ros2_odometer_state
M19C_S1_lab_hard_floor_B1_U050_R1,512.566184068,0.765487508,idle,0.500000,-1.213821769,-1.562845826,-2.181761980,0.021916470,0.027826851,-2.181771755,ros2_odometer_state
M19C_S1_lab_hard_floor_B1_U050_R1,512.568847591,0.768151031,idle,0.500000,-1.213821769,-1.562845826,-2.181761980,0.021913599,0.027822569,-2.181768417,ros2_odometer_state
M19C_S1_lab_hard_floor_B1_U050_R1,512.569517760,0.768821200,idle,0.500000,-1.213821769,-1.562845826,-2.181761980,0.021913599,0.027822569,-2.181768417,ros2_odometer_state
M19C_S1_lab_hard_floor_B1_U050_R1,512.572384364,0.771687804,idle,0.500000,-1.213821769,-1.562845826,-2.181769133,0.021925192,0.027821248,-2.181771994,ros2_odometer_state
M19C_S1_lab_hard_floor_B1_U050_R1,512.574291283,0.773594723,idle,0.500000,-1.213821769,-1.562845826,-2.181769133,0.021926144,0.027816154,-2.181773424,ros2_odometer_state
M19C_S1_lab_hard_floor_B1_U050_R1,512.575384380,0.774687820,idle,0.500000,-1.213821769,-1.562845826,-2.181769133,0.021926144,0.027816154,-2.181773424,ros2_odometer_state
M19C_S1_lab_hard_floor_B1_U050_R1,512.579219052,0.778522492,idle,0.500000,-1.213821769,-1.562845826,-2.181769133,0.021924445,0.027809322,-2.181771994,ros2_odometer_state
M19C_S1_lab_hard_floor_B1_U050_R1,512.579625147,0.778928587,idle,0.500000,-1.213821769,-1.562845826,-2.181769133,0.021924445,0.027809322,-2.181771994,ros2_odometer_state
M19C_S1_lab_hard_floor_B1_U050_R1,512.582432676,0.781736116,idle,0.500000,-1.213821769,-1.562845826,-2.181769133,0.021922803,0.027807521,-2.181759357,ros2_odometer_state
M19C_S1_lab_hard_floor_B1_U050_R1,512.584275529,0.783578969,idle,0.500000,-1.213821769,-1.562845826,-2.181769133,0.021924417,0.027810119,-2.181758642,ros2_odometer_state
M19C_S1_lab_hard_floor_B1_U050_R1,512.586543486,0.785846926,idle,0.500000,-1.213821769,-1.562845826,-2.181769133,0.021924417,0.027810119,-2.181758642,ros2_odometer_state
M19C_S1_lab_hard_floor_B1_U050_R1,512.588830803,0.788134243,idle,0.500000,-1.213821769,-1.562845826,-2.181769133,0.021914981,0.027804978,-2.181759834,ros2_odometer_state
M19C_S1_lab_hard_floor_B1_U050_R1,512.590420463,0.789723903,idle,0.500000,-1.213821769,-1.562845826,-2.181769133,0.021918323,0.027791495,-2.181758165,ros2_odometer_state
M19C_S1_lab_hard_floor_B1_U050_R1,512.592300629,0.791604069,idle,0.500000,-1.213821769,-1.562845826,-2.181758165,0.021920396,0.027794436,-2.181764841,ros2_odometer_state
M19C_S1_lab_hard_floor_B1_U050_R1,512.594382275,0.793685715,idle,0.500000,-1.213821769,-1.562845826,-2.181758165,0.021918794,0.027800335,-2.181765795,ros2_odometer_state
M19C_S1_lab_hard_floor_B1_U050_R1,512.596378990,0.795682430,idle,0.500000,-1.213821769,-1.562845826,-2.181758165,0.021915611,0.027804324,-2.181765556,ros2_odometer_state
M19C_S1_lab_hard_floor_B1_U050_R1,512.598319863,0.797623303,idle,0.500000,-1.213821769,-1.562845826,-2.181758165,0.021915555,0.027794795,-2.181751013,ros2_odometer_state
M19C_S1_lab_hard_floor_B1_U050_R1,512.599549797,0.798853237,idle,0.500000,-1.213821769,-1.562845826,-2.181758165,0.021915555,0.027794795,-2.181751013,ros2_odometer_state
M19C_S1_lab_hard_floor_B1_U050_R1,512.602268042,0.801571482,idle,0.500000,-1.213821769,-1.562845826,-2.181758165,0.021915741,0.027785294,-2.181749582,ros2_odometer_state
M19C_S1_lab_hard_floor_B1_U050_R1,512.603528890,0.802832330,idle,0.500000,-1.213821769,-1.562845826,-2.181758165,0.021915741,0.027785294,-2.181749582,ros2_odometer_state
M19C_S1_lab_hard_floor_B1_U050_R1,512.606435143,0.805738583,idle,0.500000,-1.213821769,-1.562845826,-2.181758165,0.021909256,0.027782312,-2.181747198,ros2_odometer_state
M19C_S1_lab_hard_floor_B1_U050_R1,512.608163815,0.807467255,idle,0.500000,-1.213821769,-1.562845826,-2.181758165,0.021909256,0.027782312,-2.181747198,ros2_odometer_state
M19C_S1_lab_hard_floor_B1_U050_R1,512.610426684,0.809730124,idle,0.500000,-1.213821769,-1.562845826,-2.181758165,0.021918785,0.027776495,-2.181740999,ros2_odometer_state
M19C_S1_lab_hard_floor_B1_U050_R1,512.612488009,0.811791449,idle,0.500000,-1.213821769,-1.562845826,-2.181740999,0.021923753,0.027773758,-2.181742191,ros2_odometer_state
M19C_S1_lab_hard_floor_B1_U050_R1,512.614380048,0.813683488,idle,0.500000,-1.213821769,-1.562845826,-2.181740999,0.021928504,0.027770167,-2.181740999,ros2_odometer_state
M19C_S1_lab_hard_floor_B1_U050_R1,512.616427517,0.815730957,idle,0.500000,-1.213821769,-1.562845826,-2.181740999,0.021930715,0.027766956,-2.181735754,ros2_odometer_state
M19C_S1_lab_hard_floor_B1_U050_R1,512.618413575,0.817717015,idle,0.500000,-1.213821769,-1.562845826,-2.181740999,0.021925177,0.027772272,-2.181734324,ros2_odometer_state
M19C_S1_lab_hard_floor_B1_U050_R1,512.620390609,0.819694049,idle,0.500000,-1.213821769,-1.562845826,-2.181740999,0.021918144,0.027767530,-2.181731701,ros2_odometer_state
M19C_S1_lab_hard_floor_B1_U050_R1,512.622561602,0.821865042,idle,0.500000,-1.213821769,-1.562845826,-2.181740999,0.021908283,0.027760822,-2.181738377,ros2_odometer_state
M19C_S1_lab_hard_floor_B1_U050_R1,512.624412904,0.823716344,idle,0.500000,-1.213821769,-1.562845826,-2.181740999,0.021902084,0.027762238,-2.181740522,ros2_odometer_state
M19C_S1_lab_hard_floor_B1_U050_R1,512.626338928,0.825642368,idle,0.500000,-1.213821769,-1.562845826,-2.181740999,0.021903230,0.027765986,-2.181734085,ros2_odometer_state
M19C_S1_lab_hard_floor_B1_U050_R1,512.628794828,0.828098268,idle,0.500000,-1.213821769,-1.562845826,-2.181740999,0.021901941,0.027767504,-2.181731701,ros2_odometer_state
M19C_S1_lab_hard_floor_B1_U050_R1,512.630185248,0.829488688,idle,0.500000,-1.213821769,-1.562845826,-2.181740999,0.021903915,0.027766826,-2.181734800,ros2_odometer_state
M19C_S1_lab_hard_floor_B1_U050_R1,512.632203883,0.831507323,idle,0.500000,-1.213821769,-1.562845826,-2.181734800,0.021903532,0.027760671,-2.181735754,ros2_odometer_state
M19C_S1_lab_hard_floor_B1_U050_R1,512.634099154,0.833402594,idle,0.500000,-1.213821769,-1.562845826,-2.181734800,0.021900406,0.027757864,-2.181740999,ros2_odometer_state
M19C_S1_lab_hard_floor_B1_U050_R1,512.636130526,0.835433966,idle,0.500000,-1.213821769,-1.562845826,-2.181734800,0.021905491,0.027760800,-2.181743622,ros2_odometer_state
M19C_S1_lab_hard_floor_B1_U050_R1,512.638143434,0.837446874,idle,0.500000,-1.213821769,-1.562845826,-2.181734800,0.021912251,0.027764609,-2.181740046,ros2_odometer_state
M19C_S1_lab_hard_floor_B1_U050_R1,512.640641831,0.839945271,idle,0.500000,-1.213821769,-1.562845826,-2.181734800,0.021916253,0.027768727,-2.181739569,ros2_odometer_state
M19C_S1_lab_hard_floor_B1_U050_R1,512.642174497,0.841477937,idle,0.500000,-1.213821769,-1.562845826,-2.181734800,0.021910127,0.027770869,-2.181738853,ros2_odometer_state
M19C_S1_lab_hard_floor_B1_U050_R1,512.644162059,0.843465499,idle,0.500000,-1.213821769,-1.562845826,-2.181734800,0.021903660,0.027772004,-2.181740761,ros2_odometer_state
M19C_S1_lab_hard_floor_B1_U050_R1,512.646136885,0.845440325,idle,0.500000,-1.213821769,-1.562845826,-2.181734800,0.021898312,0.027773755,-2.181737185,ros2_odometer_state
M19C_S1_lab_hard_floor_B1_U050_R1,512.648993248,0.848296688,idle,0.500000,-1.213821769,-1.562845826,-2.181734800,0.021902226,0.027774530,-2.181729078,ros2_odometer_state
M19C_S1_lab_hard_floor_B1_U050_R1,512.650269840,0.849573280,idle,0.500000,-1.213821769,-1.562845826,-2.181734800,0.021903506,0.027768768,-2.181722164,ros2_odometer_state
M19C_S1_lab_hard_floor_B1_U050_R1,512.652370590,0.851674030,idle,0.500000,-1.213821769,-1.562845826,-2.181722164,0.021907860,0.027763149,-2.181715250,ros2_odometer_state
M19C_S1_lab_hard_floor_B1_U050_R1,512.654147521,0.853450961,idle,0.500000,-1.213821769,-1.562845826,-2.181722164,0.021913216,0.027762173,-2.181712151,ros2_odometer_state
M19C_S1_lab_hard_floor_B1_U050_R1,512.656400789,0.855704229,idle,0.500000,-1.213821769,-1.562845826,-2.181722164,0.021919176,0.027763799,-2.181703329,ros2_odometer_state
M19C_S1_lab_hard_floor_B1_U050_R1,512.658157783,0.857461223,idle,0.500000,-1.213821769,-1.562845826,-2.181722164,0.021917284,0.027766732,-2.181694031,ros2_odometer_state
M19C_S1_lab_hard_floor_B1_U050_R1,512.660163426,0.859466866,idle,0.500000,-1.213821769,-1.562845826,-2.181722164,0.021917738,0.027769696,-2.181691170,ros2_odometer_state
M19C_S1_lab_hard_floor_B1_U050_R1,512.662160301,0.861463741,idle,0.500000,-1.213821769,-1.562845826,-2.181722164,0.021918960,0.027770804,-2.181694508,ros2_odometer_state
M19C_S1_lab_hard_floor_B1_U050_R1,512.664168600,0.863472040,idle,0.500000,-1.213821769,-1.562845826,-2.181722164,0.021915564,0.027768524,-2.181689739,ros2_odometer_state
M19C_S1_lab_hard_floor_B1_U050_R1,512.666119425,0.865422865,idle,0.500000,-1.213821769,-1.562845826,-2.181722164,0.021912217,0.027763307,-2.181685686,ros2_odometer_state
M19C_S1_lab_hard_floor_B1_U050_R1,512.668872936,0.868176376,idle,0.500000,-1.213821769,-1.562845826,-2.181722164,0.021911958,0.027760534,-2.181693077,ros2_odometer_state
M19C_S1_lab_hard_floor_B1_U050_R1,512.670263932,0.869567372,idle,0.500000,-1.213821769,-1.562845826,-2.181722164,0.021919239,0.027752608,-2.181689978,ros2_odometer_state
M19C_S1_lab_hard_floor_B1_U050_R1,512.672280520,0.871583960,idle,0.500000,-1.213821769,-1.562845826,-2.181689978,0.021922465,0.027747061,-2.181685209,ros2_odometer_state
M19C_S1_lab_hard_floor_B1_U050_R1,512.674176239,0.873479679,idle,0.500000,-1.213821769,-1.562845826,-2.181689978,0.021924244,0.027749490,-2.181688309,ros2_odometer_state
M19C_S1_lab_hard_floor_B1_U050_R1,512.676199994,0.875503434,idle,0.500000,-1.213821769,-1.562845826,-2.181689978,0.021922849,0.027744718,-2.181693077,ros2_odometer_state
M19C_S1_lab_hard_floor_B1_U050_R1,512.678172580,0.877476020,idle,0.500000,-1.213821769,-1.562845826,-2.181689978,0.021923060,0.027739832,-2.181692123,ros2_odometer_state
M19C_S1_lab_hard_floor_B1_U050_R1,512.680336917,0.879640357,idle,0.500000,-1.213821769,-1.562845826,-2.181689978,0.021924557,0.027742490,-2.181698322,ros2_odometer_state
M19C_S1_lab_hard_floor_B1_U050_R1,512.682490022,0.881793462,idle,0.500000,-1.213821769,-1.562845826,-2.181689978,0.021927066,0.027743904,-2.181703329,ros2_odometer_state
M19C_S1_lab_hard_floor_B1_U050_R1,512.684260424,0.883563864,idle,0.500000,-1.213821769,-1.562845826,-2.181689978,0.021927066,0.027743904,-2.181703329,ros2_odometer_state
M19C_S1_lab_hard_floor_B1_U050_R1,512.685514999,0.884818439,idle,0.500000,-1.213821769,-1.562845826,-2.181689978,0.021927703,0.027738050,-2.181706190,ros2_odometer_state
M19C_S1_lab_hard_floor_B1_U050_R1,512.688978873,0.888282313,idle,0.500000,-1.213821769,-1.562845826,-2.181689978,0.021928035,0.027725045,-2.181717157,ros2_odometer_state
M19C_S1_lab_hard_floor_B1_U050_R1,512.689687027,0.888990467,idle,0.500000,-1.213821769,-1.562845826,-2.181689978,0.021928035,0.027725045,-2.181717157,ros2_odometer_state
M19C_S1_lab_hard_floor_B1_U050_R1,512.691681342,0.890984782,idle,0.500000,-1.213821769,-1.562845826,-2.181727171,0.021927068,0.027732920,-2.181727171,ros2_odometer_state
M19C_S1_lab_hard_floor_B1_U050_R1,512.693659272,0.892962712,idle,0.500000,-1.213821769,-1.562845826,-2.181727171,0.021927414,0.027740328,-2.181725740,ros2_odometer_state
M19C_S1_lab_hard_floor_B1_U050_R1,512.696489874,0.895793314,idle,0.500000,-1.213821769,-1.562845826,-2.181727171,0.021935740,0.027727902,-2.181730986,ros2_odometer_state
M19C_S1_lab_hard_floor_B1_U050_R1,512.698439931,0.897743371,idle,0.500000,-1.213821769,-1.562845826,-2.181727171,0.021938873,0.027723534,-2.181730509,ros2_odometer_state
M19C_S1_lab_hard_floor_B1_U050_R1,512.700428998,0.899732438,idle,0.500000,-1.213821769,-1.562845826,-2.181727171,0.021938890,0.027718613,-2.181736231,ros2_odometer_state
M19C_S1_lab_hard_floor_B1_U050_R1,512.702531476,0.901834916,idle,0.500000,-1.213821769,-1.562845826,-2.181727171,0.021933001,0.027720798,-2.181746960,ros2_odometer_state
M19C_S1_lab_hard_floor_B1_U050_R1,512.704606882,0.903910322,idle,0.500000,-1.213821769,-1.562845826,-2.181727171,0.021928752,0.027721558,-2.181745529,ros2_odometer_state
M19C_S1_lab_hard_floor_B1_U050_R1,512.706490313,0.905793753,idle,0.500000,-1.213821769,-1.562845826,-2.181727171,0.021930078,0.027724193,-2.181743860,ros2_odometer_state
M19C_S1_lab_hard_floor_B1_U050_R1,512.709016519,0.908319959,idle,0.500000,-1.213821769,-1.562845826,-2.181727171,0.021932524,0.027732166,-2.181753874,ros2_odometer_state
M19C_S1_lab_hard_floor_B1_U050_R1,512.709795780,0.909099220,idle,0.500000,-1.213821769,-1.562845826,-2.181727171,0.021932524,0.027732166,-2.181753874,ros2_odometer_state
M19C_S1_lab_hard_floor_B1_U050_R1,512.713229605,0.912533045,idle,0.500000,-1.213821769,-1.562845826,-2.181768417,0.021924092,0.027728213,-2.181768894,ros2_odometer_state
M19C_S1_lab_hard_floor_B1_U050_R1,512.714041315,0.913344755,idle,0.500000,-1.213821769,-1.562845826,-2.181768417,0.021924092,0.027728213,-2.181768894,ros2_odometer_state
M19C_S1_lab_hard_floor_B1_U050_R1,512.715669024,0.914972464,idle,0.500000,-1.213821769,-1.562845826,-2.181768417,0.021927347,0.027726417,-2.181764364,ros2_odometer_state
M19C_S1_lab_hard_floor_B1_U050_R1,512.718688049,0.917991489,idle,0.500000,-1.213821769,-1.562845826,-2.181768417,0.021929162,0.027725326,-2.181774855,ros2_odometer_state
M19C_S1_lab_hard_floor_B1_U050_R1,512.720599641,0.919903081,idle,0.500000,-1.213821769,-1.562845826,-2.181768417,0.021933176,0.027715797,-2.181775331,ros2_odometer_state
M19C_S1_lab_hard_floor_B1_U050_R1,512.722676039,0.921979479,idle,0.500000,-1.213821769,-1.562845826,-2.181768417,0.021934649,0.027710158,-2.181776762,ros2_odometer_state
M19C_S1_lab_hard_floor_B1_U050_R1,512.724575150,0.923878590,idle,0.500000,-1.213821769,-1.562845826,-2.181768417,0.021939168,0.027710587,-2.181776047,ros2_odometer_state
M19C_S1_lab_hard_floor_B1_U050_R1,512.726524215,0.925827655,idle,0.500000,-1.213821769,-1.562845826,-2.181768417,0.021945611,0.027703764,-2.181771517,ros2_odometer_state
M19C_S1_lab_hard_floor_B1_U050_R1,512.729055349,0.928358789,idle,0.500000,-1.213821769,-1.562845826,-2.181768417,0.021940220,0.027701380,-2.181771755,ros2_odometer_state
M19C_S1_lab_hard_floor_B1_U050_R1,512.730557646,0.929861086,idle,0.500000,-1.213821769,-1.562845826,-2.181768417,0.021936402,0.027703470,-2.181772470,ros2_odometer_state
M19C_S1_lab_hard_floor_B1_U050_R1,512.732591322,0.931894762,idle,0.500000,-1.213821769,-1.562845826,-2.181772470,0.021942716,0.027703945,-2.181774139,ros2_odometer_state
M19C_S1_lab_hard_floor_B1_U050_R1,512.734629190,0.933932630,idle,0.500000,-1.213821769,-1.562845826,-2.181772470,0.021940934,0.027705418,-2.181770086,ros2_odometer_state
M19C_S1_lab_hard_floor_B1_U050_R1,512.736551438,0.935854878,idle,0.500000,-1.213821769,-1.562845826,-2.181772470,0.021936661,0.027710216,-2.181769133,ros2_odometer_state
M19C_S1_lab_hard_floor_B1_U050_R1,512.737705497,0.937008937,idle,0.500000,-1.213821769,-1.562845826,-2.181772470,0.021936661,0.027710216,-2.181769133,ros2_odometer_state
M19C_S1_lab_hard_floor_B1_U050_R1,512.740386814,0.939690254,idle,0.500000,-1.213821769,-1.562845826,-2.181772470,0.021933069,0.027714714,-2.181760311,ros2_odometer_state
M19C_S1_lab_hard_floor_B1_U050_R1,512.742304933,0.941608373,idle,0.500000,-1.213821769,-1.562845826,-2.181772470,0.021934310,0.027713902,-2.181761980,ros2_odometer_state
M19C_S1_lab_hard_floor_B1_U050_R1,512.743610294,0.942913734,idle,0.500000,-1.213821769,-1.562845826,-2.181772470,0.021934310,0.027713902,-2.181761980,ros2_odometer_state
M19C_S1_lab_hard_floor_B1_U050_R1,512.746360253,0.945663693,idle,0.500000,-1.213821769,-1.562845826,-2.181772470,0.021939138,0.027712818,-2.181746721,ros2_odometer_state
M19C_S1_lab_hard_floor_B1_U050_R1,512.760245797,0.959549237,idle,0.500000,-1.213821769,-1.562845826,-2.181772470,0.021936528,0.027715683,-2.181744337,ros2_odometer_state
M19C_S1_lab_hard_floor_B1_U050_R1,512.761310797,0.960614237,idle,0.500000,-1.213821769,-1.562845826,-2.181772470,0.021938646,0.027719075,-2.181745052,ros2_odometer_state
M19C_S1_lab_hard_floor_B1_U050_R1,512.762185806,0.961489246,idle,0.500000,-1.213821769,-1.562845826,-2.181745052,0.021945734,0.027720924,-2.181748390,ros2_odometer_state
M19C_S1_lab_hard_floor_B1_U050_R1,512.763025325,0.962328765,idle,0.500000,-1.213821769,-1.562845826,-2.181745052,0.021951692,0.027719071,-2.181752443,ros2_odometer_state
M19C_S1_lab_hard_floor_B1_U050_R1,512.763875373,0.963178813,idle,0.500000,-1.213821769,-1.562845826,-2.181745052,0.021961626,0.027717892,-2.181753159,ros2_odometer_state
M19C_S1_lab_hard_floor_B1_U050_R1,512.773491477,0.972794917,idle,0.500000,-1.213821769,-1.562845826,-2.181745052,0.021973494,0.027719965,-2.181746721,ros2_odometer_state
M19C_S1_lab_hard_floor_B1_U050_R1,512.774396055,0.973699495,idle,0.500000,-1.213821769,-1.562845826,-2.181745052,0.021983502,0.027720498,-2.181740046,ros2_odometer_state
M19C_S1_lab_hard_floor_B1_U050_R1,512.775270360,0.974573800,idle,0.500000,-1.213821769,-1.562845826,-2.181745052,0.021994101,0.027719287,-2.181740284,ros2_odometer_state
M19C_S1_lab_hard_floor_B1_U050_R1,512.776140472,0.975443912,idle,0.500000,-1.213821769,-1.562845826,-2.181745052,0.021995012,0.027718566,-2.181744814,ros2_odometer_state
M19C_S1_lab_hard_floor_B1_U050_R1,512.776979064,0.976282504,idle,0.500000,-1.213821769,-1.562845826,-2.181745052,0.021992052,0.027717732,-2.181748152,ros2_odometer_state
M19C_S1_lab_hard_floor_B1_U050_R1,512.777835416,0.977138856,idle,0.500000,-1.213821769,-1.562845826,-2.181745052,0.021995585,0.027717816,-2.181744337,ros2_odometer_state
M19C_S1_lab_hard_floor_B1_U050_R1,512.778660311,0.977963751,idle,0.500000,-1.213821769,-1.562845826,-2.181745052,0.022005577,0.027716132,-2.181739330,ros2_odometer_state
M19C_S1_lab_hard_floor_B1_U050_R1,512.779480149,0.978783589,idle,0.500000,-1.213821769,-1.562845826,-2.181739330,0.022004947,0.027718876,-2.181742907,ros2_odometer_state
M19C_S1_lab_hard_floor_B1_U050_R1,512.780347030,0.979650470,idle,0.500000,-1.213821769,-1.562845826,-2.181739330,0.022000089,0.027722150,-2.181745291,ros2_odometer_state
M19C_S1_lab_hard_floor_B1_U050_R1,512.781200406,0.980503846,idle,0.500000,-1.213821769,-1.562845826,-2.181739330,0.022001738,0.027719179,-2.181739092,ros2_odometer_state
M19C_S1_lab_hard_floor_B1_U050_R1,512.786909995,0.986213435,idle,0.500000,-1.213821769,-1.562845826,-2.181739330,0.022006851,0.027715759,-2.181734324,ros2_odometer_state
M19C_S1_lab_hard_floor_B1_U050_R1,512.792763015,0.992066455,idle,0.500000,-1.213821769,-1.562845826,-2.181739330,0.022007206,0.027721949,-2.181736708,ros2_odometer_state
M19C_S1_lab_hard_floor_B1_U050_R1,512.794146010,0.993449450,idle,0.500000,-1.213821769,-1.562845826,-2.181739330,0.022011543,0.027726060,-2.181733608,ros2_odometer_state
M19C_S1_lab_hard_floor_B1_U050_R1,512.795258596,0.994562036,idle,0.500000,-1.213821769,-1.562845826,-2.181739330,0.022009529,0.027726427,-2.181728125,ros2_odometer_state
M19C_S1_lab_hard_floor_B1_U050_R1,512.798763143,0.998066583,idle,0.500000,-1.213821769,-1.562845826,-2.181739330,0.022010652,0.027729630,-2.181723118,ros2_odometer_state
M19C_S1_lab_hard_floor_B1_U050_R1,512.804177330,1.003480770,idle,0.500000,-1.213821769,-1.562845826,-2.181739330,0.022012059,0.027733777,-2.181720257,ros2_odometer_state
M19C_S1_lab_hard_floor_B1_U050_R1,512.805195320,1.004498760,idle,0.500000,-1.213821769,-1.562845826,-2.181739330,0.022018000,0.027729426,-2.181714058,ros2_odometer_state
M19C_S1_lab_hard_floor_B1_U050_R1,512.806133659,1.005437099,idle,0.500000,-1.213821769,-1.562845826,-2.181714058,0.022019954,0.027727617,-2.181708574,ros2_odometer_state
M19C_S1_lab_hard_floor_B1_U050_R1,512.807089183,1.006392623,idle,0.500000,-1.213821769,-1.562845826,-2.181714058,0.022018960,0.027731262,-2.181706190,ros2_odometer_state
M19C_S1_lab_hard_floor_B1_U050_R1,512.808023874,1.007327314,idle,0.500000,-1.213821769,-1.562845826,-2.181714058,0.022015873,0.027730227,-2.181702852,ros2_odometer_state
M19C_S1_lab_hard_floor_B1_U050_R1,512.809622270,1.008925710,idle,0.500000,-1.213821769,-1.562845826,-2.181714058,0.022018274,0.027727149,-2.181699991,ros2_odometer_state
M19C_S1_lab_hard_floor_B1_U050_R1,512.810553665,1.009857105,idle,0.500000,-1.213821769,-1.562845826,-2.181714058,0.022028511,0.027734293,-2.181699991,ros2_odometer_state
M19C_S1_lab_hard_floor_B1_U050_R1,512.811505316,1.010808756,idle,0.500000,-1.213821769,-1.562845826,-2.181714058,0.022030948,0.027737129,-2.181698322,ros2_odometer_state
M19C_S1_lab_hard_floor_B1_U050_R1,512.813290663,1.012594103,idle,0.500000,-1.213821769,-1.562845826,-2.181714058,0.022029737,0.027732626,-2.181700945,ros2_odometer_state
M19C_S1_lab_hard_floor_B1_U050_R1,512.814214890,1.013518330,idle,0.500000,-1.213821769,-1.562845826,-2.181714058,0.022025201,0.027736051,-2.181708813,ros2_odometer_state
M19C_S1_lab_hard_floor_B1_U050_R1,512.815104171,1.014407611,idle,0.500000,-1.213821769,-1.562845826,-2.181714058,0.022019789,0.027748795,-2.181705236,ros2_odometer_state
M19C_S1_lab_hard_floor_B1_U050_R1,512.815982892,1.015286332,idle,0.500000,-1.213821769,-1.562845826,-2.181714058,0.022020228,0.027757663,-2.181697369,ros2_odometer_state
M19C_S1_lab_hard_floor_B1_U050_R1,512.816909167,1.016212607,idle,0.500000,-1.213821769,-1.562845826,-2.181697369,0.022017548,0.027760604,-2.181697845,ros2_odometer_state
M19C_S1_lab_hard_floor_B1_U050_R1,512.817805168,1.017108608,idle,0.500000,-1.213821769,-1.562845826,-2.181697369,0.022021815,0.027757529,-2.181705475,ros2_odometer_state
M19C_S1_lab_hard_floor_B1_U050_R1,512.818710738,1.018014178,idle,0.500000,-1.213821769,-1.562845826,-2.181697369,0.022024220,0.027760401,-2.181709290,ros2_odometer_state
M19C_S1_lab_hard_floor_B1_U050_R1,512.819572498,1.018875938,idle,0.500000,-1.213821769,-1.562845826,-2.181697369,0.022024583,0.027761312,-2.181714535,ros2_odometer_state
M19C_S1_lab_hard_floor_B1_U050_R1,512.819866589,1.019170029,idle,0.500000,-1.213821769,-1.562845826,-2.181697369,0.022024583,0.027761312,-2.181714535,ros2_odometer_state
M19C_S1_lab_hard_floor_B1_U050_R1,512.823899284,1.023202724,idle,0.500000,-1.213821769,-1.562845826,-2.181697369,0.022023635,0.027763544,-2.181720257,ros2_odometer_state
M19C_S1_lab_hard_floor_B1_U050_R1,512.825641622,1.024945062,idle,0.500000,-1.213821769,-1.562845826,-2.181697369,0.022015432,0.027769702,-2.181719303,ros2_odometer_state
M19C_S1_lab_hard_floor_B1_U050_R1,512.827858953,1.027162393,idle,0.500000,-1.213821769,-1.562845826,-2.181697369,0.022012061,0.027773065,-2.181715488,ros2_odometer_state
M19C_S1_lab_hard_floor_B1_U050_R1,512.828837933,1.028141373,idle,0.500000,-1.213821769,-1.562845826,-2.181697369,0.022013960,0.027774857,-2.181716919,ros2_odometer_state
M19C_S1_lab_hard_floor_B1_U050_R1,512.830580750,1.029884190,idle,0.500000,-1.213821769,-1.562845826,-2.181697369,0.022002799,0.027782818,-2.181724310,ros2_odometer_state
M19C_S1_lab_hard_floor_B1_U050_R1,512.831890464,1.031193904,idle,0.500000,-1.213821769,-1.562845826,-2.181724310,0.022002799,0.027782818,-2.181724310,ros2_odometer_state
M19C_S1_lab_hard_floor_B1_U050_R1,512.833790471,1.033093911,idle,0.500000,-1.213821769,-1.562845826,-2.181724310,0.021999478,0.027784804,-2.181728601,ros2_odometer_state
M19C_S1_lab_hard_floor_B1_U050_R1,512.835846164,1.035149604,idle,0.500000,-1.213821769,-1.562845826,-2.181724310,0.022002431,0.027782537,-2.181735992,ros2_odometer_state
M19C_S1_lab_hard_floor_B1_U050_R1,512.839339606,1.038643046,idle,0.500000,-1.213821769,-1.562845826,-2.181724310,0.022003550,0.027786847,-2.181749105,ros2_odometer_state
M19C_S1_lab_hard_floor_B1_U050_R1,512.840363965,1.039667405,idle,0.500000,-1.213821769,-1.562845826,-2.181724310,0.022003550,0.027786847,-2.181749105,ros2_odometer_state
M19C_S1_lab_hard_floor_B1_U050_R1,512.842038587,1.041342027,idle,0.500000,-1.213821769,-1.562845826,-2.181724310,0.022006890,0.027790513,-2.181757212,ros2_odometer_state
M19C_S1_lab_hard_floor_B1_U050_R1,512.843886753,1.043190193,idle,0.500000,-1.213821769,-1.562845826,-2.181724310,0.022009682,0.027793806,-2.181762457,ros2_odometer_state
M19C_S1_lab_hard_floor_B1_U050_R1,512.845862699,1.045166139,idle,0.500000,-1.213821769,-1.562845826,-2.181724310,0.022012422,0.027799282,-2.181759834,ros2_odometer_state
M19C_S1_lab_hard_floor_B1_U050_R1,512.848565744,1.047869184,idle,0.500000,-1.213821769,-1.562845826,-2.181724310,0.022003781,0.027797248,-2.181751728,ros2_odometer_state
M19C_S1_lab_hard_floor_B1_U050_R1,512.849973125,1.049276565,idle,0.500000,-1.213821769,-1.562845826,-2.181724310,0.021993389,0.027795929,-2.181750298,ros2_odometer_state
M19C_S1_lab_hard_floor_B1_U050_R1,512.851990032,1.051293472,idle,0.500000,-1.213821769,-1.562845826,-2.181755066,0.021992192,0.027800281,-2.181755066,ros2_odometer_state
M19C_S1_lab_hard_floor_B1_U050_R1,512.853870806,1.053174246,idle,0.500000,-1.213821769,-1.562845826,-2.181755066,0.021995164,0.027800409,-2.181762218,ros2_odometer_state
M19C_S1_lab_hard_floor_B1_U050_R1,512.855927459,1.055230899,idle,0.500000,-1.213821769,-1.562845826,-2.181755066,0.021992281,0.027794924,-2.181757212,ros2_odometer_state
M19C_S1_lab_hard_floor_B1_U050_R1,512.858636041,1.057939481,idle,0.500000,-1.213821769,-1.562845826,-2.181755066,0.021991029,0.027795253,-2.181765795,ros2_odometer_state
M19C_S1_lab_hard_floor_B1_U050_R1,512.859812757,1.059116197,idle,0.500000,-1.213821769,-1.562845826,-2.181755066,0.021991029,0.027795253,-2.181765795,ros2_odometer_state
M19C_S1_lab_hard_floor_B1_U050_R1,512.862770980,1.062074420,idle,0.500000,-1.213821769,-1.562845826,-2.181755066,0.021998705,0.027809495,-2.181763411,ros2_odometer_state
M19C_S1_lab_hard_floor_B1_U050_R1,512.863951312,1.063254752,idle,0.500000,-1.213821769,-1.562845826,-2.181755066,0.021998705,0.027809495,-2.181763411,ros2_odometer_state
M19C_S1_lab_hard_floor_B1_U050_R1,512.865881592,1.065185032,idle,0.500000,-1.213821769,-1.562845826,-2.181755066,0.022004046,0.027810996,-2.181772470,ros2_odometer_state
M19C_S1_lab_hard_floor_B1_U050_R1,512.869298104,1.068601544,idle,0.500000,-1.213821769,-1.562845826,-2.181755066,0.022008713,0.027821852,-2.181774616,ros2_odometer_state
M19C_S1_lab_hard_floor_B1_U050_R1,512.870007027,1.069310467,idle,0.500000,-1.213821769,-1.562845826,-2.181755066,0.022008713,0.027821852,-2.181774616,ros2_odometer_state
M19C_S1_lab_hard_floor_B1_U050_R1,512.872828284,1.072131724,idle,0.500000,-1.213821769,-1.562845826,-2.181781054,0.022013867,0.027823312,-2.181781054,ros2_odometer_state
M19C_S1_lab_hard_floor_B1_U050_R1,512.874149550,1.073452990,idle,0.500000,-1.213821769,-1.562845826,-2.181781054,0.022016484,0.027821915,-2.181781054,ros2_odometer_state
M19C_S1_lab_hard_floor_B1_U050_R1,512.877796150,1.077099590,idle,0.500000,-1.213821769,-1.562845826,-2.181781054,0.022019753,0.027821457,-2.181776524,ros2_odometer_state
M19C_S1_lab_hard_floor_B1_U050_R1,512.882132953,1.081436393,idle,0.500000,-1.213821769,-1.562845826,-2.181781054,0.022023072,0.027824393,-2.181778908,ros2_odometer_state
M19C_S1_lab_hard_floor_B1_U050_R1,512.883625232,1.082928672,idle,0.500000,-1.213821769,-1.562845826,-2.181781054,0.022021690,0.027826821,-2.181782007,ros2_odometer_state
M19C_S1_lab_hard_floor_B1_U050_R1,512.885333648,1.084637088,idle,0.500000,-1.213821769,-1.562845826,-2.181781054,0.022014564,0.027838634,-2.181782246,ros2_odometer_state
M19C_S1_lab_hard_floor_B1_U050_R1,512.886558878,1.085862318,idle,0.500000,-1.213821769,-1.562845826,-2.181781054,0.022005452,0.027842754,-2.181774616,ros2_odometer_state
M19C_S1_lab_hard_floor_B1_U050_R1,512.887976723,1.087280163,idle,0.500000,-1.213821769,-1.562845826,-2.181781054,0.022002416,0.027840311,-2.181776524,ros2_odometer_state
M19C_S1_lab_hard_floor_B1_U050_R1,512.892835177,1.092138617,idle,0.500000,-1.213821769,-1.562845826,-2.181781054,0.022005208,0.027839273,-2.181780100,ros2_odometer_state
M19C_S1_lab_hard_floor_B1_U050_R1,512.894889110,1.094192550,idle,0.500000,-1.213821769,-1.562845826,-2.181781054,0.022000857,0.027848829,-2.181784153,ros2_odometer_state
M19C_S1_lab_hard_floor_B1_U050_R1,512.896238505,1.095541945,idle,0.500000,-1.213821769,-1.562845826,-2.181784153,0.021990482,0.027858302,-2.181785822,ros2_odometer_state
M19C_S1_lab_hard_floor_B1_U050_R1,512.898202514,1.097505954,idle,0.500000,-1.213821769,-1.562845826,-2.181784153,0.021986986,0.027868828,-2.181779623,ros2_odometer_state
M19C_S1_lab_hard_floor_B1_U050_R1,512.899192471,1.098495911,idle,0.500000,-1.213821769,-1.562845826,-2.181784153,0.021990104,0.027876945,-2.181777716,ros2_odometer_state
M19C_S1_lab_hard_floor_B1_U050_R1,512.900330850,1.099634290,idle,0.500000,-1.213821769,-1.562845826,-2.181784153,0.021995110,0.027877413,-2.181778431,ros2_odometer_state
M19C_S1_lab_hard_floor_B1_U050_R1,512.901565040,1.100868480,idle,0.500000,-1.213821769,-1.562845826,-2.181784153,0.021995518,0.027879344,-2.181779146,ros2_odometer_state
M19C_S1_lab_hard_floor_B1_U050_R1,512.902029185,1.101332625,idle,0.500000,-1.213821769,-1.562845826,-2.181784153,0.021995518,0.027879344,-2.181779146,ros2_odometer_state
M19C_S1_lab_hard_floor_B1_U050_R1,512.904936750,1.104240190,idle,0.500000,-1.213821769,-1.562845826,-2.181784153,0.021994365,0.027889557,-2.181773663,ros2_odometer_state
M19C_S1_lab_hard_floor_B1_U050_R1,512.909539739,1.108843179,idle,0.500000,-1.213821769,-1.562845826,-2.181784153,0.021992585,0.027887765,-2.181776524,ros2_odometer_state
M19C_S1_lab_hard_floor_B1_U050_R1,512.910654532,1.109957972,idle,0.500000,-1.213821769,-1.562845826,-2.181784153,0.021992585,0.027887765,-2.181776524,ros2_odometer_state
M19C_S1_lab_hard_floor_B1_U050_R1,512.912853719,1.112157159,idle,0.500000,-1.213821769,-1.562845826,-2.181784153,0.021993896,0.027894724,-2.181778431,ros2_odometer_state
M19C_S1_lab_hard_floor_B1_U050_R1,512.914053444,1.113356884,idle,0.500000,-1.213821769,-1.562845826,-2.181779861,0.021993961,0.027900714,-2.181779861,ros2_odometer_state
M19C_S1_lab_hard_floor_B1_U050_R1,512.915062889,1.114366329,idle,0.500000,-1.213821769,-1.562845826,-2.181779861,0.021991258,0.027903659,-2.181771040,ros2_odometer_state
M19C_S1_lab_hard_floor_B1_U050_R1,512.916322905,1.115626345,idle,0.500000,-1.213821769,-1.562845826,-2.181779861,0.021990873,0.027900720,-2.181762695,ros2_odometer_state
M19C_S1_lab_hard_floor_B1_U050_R1,512.918234592,1.117538032,idle,0.500000,-1.213821769,-1.562845826,-2.181779861,0.021993646,0.027897509,-2.181766033,ros2_odometer_state
M19C_S1_lab_hard_floor_B1_U050_R1,512.920841826,1.120145266,idle,0.500000,-1.213821769,-1.562845826,-2.181779861,0.021991655,0.027901538,-2.181759834,ros2_odometer_state
M19C_S1_lab_hard_floor_B1_U050_R1,512.923033812,1.122337252,idle,0.500000,-1.213821769,-1.562845826,-2.181779861,0.021993207,0.027896358,-2.181758404,ros2_odometer_state
M19C_S1_lab_hard_floor_B1_U050_R1,512.924813719,1.124117159,idle,0.500000,-1.213821769,-1.562845826,-2.181779861,0.021997904,0.027894989,-2.181760311,ros2_odometer_state
M19C_S1_lab_hard_floor_B1_U050_R1,512.926037828,1.125341268,idle,0.500000,-1.213821769,-1.562845826,-2.181779861,0.021997904,0.027894989,-2.181760311,ros2_odometer_state
M19C_S1_lab_hard_floor_B1_U050_R1,512.929406882,1.128710322,idle,0.500000,-1.213821769,-1.562845826,-2.181779861,0.022000650,0.027908674,-2.181745529,ros2_odometer_state
M19C_S1_lab_hard_floor_B1_U050_R1,512.930144478,1.129447918,idle,0.500000,-1.213821769,-1.562845826,-2.181779861,0.022000650,0.027908674,-2.181745529,ros2_odometer_state
M19C_S1_lab_hard_floor_B1_U050_R1,512.933022474,1.132325914,idle,0.500000,-1.213821769,-1.562845826,-2.181747198,0.021998471,0.027897252,-2.181748390,ros2_odometer_state
M19C_S1_lab_hard_floor_B1_U050_R1,512.934964243,1.134267683,idle,0.500000,-1.213821769,-1.562845826,-2.181747198,0.021998703,0.027886678,-2.181744576,ros2_odometer_state
M19C_S1_lab_hard_floor_B1_U050_R1,512.936581263,1.135884703,idle,0.500000,-1.213821769,-1.562845826,-2.181747198,0.021998703,0.027886678,-2.181744576,ros2_odometer_state
M19C_S1_lab_hard_floor_B1_U050_R1,512.938969353,1.138272793,idle,0.500000,-1.213821769,-1.562845826,-2.181747198,0.021999028,0.027879821,-2.181734324,ros2_odometer_state
M19C_S1_lab_hard_floor_B1_U050_R1,512.940127924,1.139431364,idle,0.500000,-1.213821769,-1.562845826,-2.181747198,0.021999028,0.027879821,-2.181734324,ros2_odometer_state
M19C_S1_lab_hard_floor_B1_U050_R1,512.943610742,1.142914182,idle,0.500000,-1.213821769,-1.562845826,-2.181747198,0.021997554,0.027879974,-2.181732178,ros2_odometer_state
M19C_S1_lab_hard_floor_B1_U050_R1,512.946221592,1.145525032,idle,0.500000,-1.213821769,-1.562845826,-2.181747198,0.021996599,0.027880084,-2.181736946,ros2_odometer_state
M19C_S1_lab_hard_floor_B1_U050_R1,512.947550250,1.146853690,idle,0.500000,-1.213821769,-1.562845826,-2.181747198,0.021997983,0.027883720,-2.181734800,ros2_odometer_state
M19C_S1_lab_hard_floor_B1_U050_R1,512.948797912,1.148101352,idle,0.500000,-1.213821769,-1.562845826,-2.181747198,0.022003662,0.027887605,-2.181731224,ros2_odometer_state
M19C_S1_lab_hard_floor_B1_U050_R1,512.951054509,1.150357949,idle,0.500000,-1.213821769,-1.562845826,-2.181747198,0.022006536,0.027889593,-2.181726933,ros2_odometer_state
M19C_S1_lab_hard_floor_B1_U050_R1,512.952331005,1.151634445,idle,0.500000,-1.213821769,-1.562845826,-2.181726933,0.022006536,0.027889593,-2.181726933,ros2_odometer_state
M19C_S1_lab_hard_floor_B1_U050_R1,512.954252357,1.153555797,idle,0.500000,-1.213821769,-1.562845826,-2.181726933,0.022002902,0.027892441,-2.181733370,ros2_odometer_state
M19C_S1_lab_hard_floor_B1_U050_R1,512.956966250,1.156269690,idle,0.500000,-1.213821769,-1.562845826,-2.181726933,0.021991661,0.027893489,-2.181729078,ros2_odometer_state
M19C_S1_lab_hard_floor_B1_U050_R1,512.958064563,1.157368003,idle,0.500000,-1.213821769,-1.562845826,-2.181726933,0.021991661,0.027893489,-2.181729078,ros2_odometer_state
M19C_S1_lab_hard_floor_B1_U050_R1,512.960993825,1.160297265,idle,0.500000,-1.213821769,-1.562845826,-2.181726933,0.021981241,0.027904086,-2.181734800,ros2_odometer_state
M19C_S1_lab_hard_floor_B1_U050_R1,512.962067049,1.161370489,idle,0.500000,-1.213821769,-1.562845826,-2.181726933,0.021981241,0.027904086,-2.181734800,ros2_odometer_state
M19C_S1_lab_hard_floor_B1_U050_R1,512.964987639,1.164291079,idle,0.500000,-1.213821769,-1.562845826,-2.181726933,0.021985983,0.027917720,-2.181739092,ros2_odometer_state
M19C_S1_lab_hard_floor_B1_U050_R1,512.966213253,1.165516693,idle,0.500000,-1.213821769,-1.562845826,-2.181726933,0.021985983,0.027917720,-2.181739092,ros2_odometer_state
M19C_S1_lab_hard_floor_B1_U050_R1,512.969605316,1.168908756,idle,0.500000,-1.213821769,-1.562845826,-2.181726933,0.021981630,0.027915318,-2.181742668,ros2_odometer_state
M19C_S1_lab_hard_floor_B1_U050_R1,512.971054586,1.170358026,idle,0.500000,-1.213821769,-1.562845826,-2.181726933,0.021980593,0.027918395,-2.181746721,ros2_odometer_state
M19C_S1_lab_hard_floor_B1_U050_R1,512.973079462,1.172382902,idle,0.500000,-1.213821769,-1.562845826,-2.181746721,0.021975119,0.027921509,-2.181752205,ros2_odometer_state
M19C_S1_lab_hard_floor_B1_U050_R1,512.974949068,1.174252508,idle,0.500000,-1.213821769,-1.562845826,-2.181746721,0.021974787,0.027927181,-2.181755543,ros2_odometer_state
M19C_S1_lab_hard_floor_B1_U050_R1,512.976942582,1.176246022,idle,0.500000,-1.213821769,-1.562845826,-2.181746721,0.021975076,0.027932731,-2.181753159,ros2_odometer_state
M19C_S1_lab_hard_floor_B1_U050_R1,512.979039493,1.178342933,idle,0.500000,-1.213821769,-1.562845826,-2.181746721,0.021973051,0.027932569,-2.181747913,ros2_odometer_state
M19C_S1_lab_hard_floor_B1_U050_R1,512.981257400,1.180560840,idle,0.500000,-1.213821769,-1.562845826,-2.181746721,0.021968951,0.027932484,-2.181740284,ros2_odometer_state
M19C_S1_lab_hard_floor_B1_U050_R1,512.982284062,1.181587502,idle,0.500000,-1.213821769,-1.562845826,-2.181746721,0.021968951,0.027932484,-2.181740284,ros2_odometer_state
M19C_S1_lab_hard_floor_B1_U050_R1,512.984376621,1.183680061,idle,0.500000,-1.213821769,-1.562845826,-2.181746721,0.021963203,0.027939374,-2.181737185,ros2_odometer_state
M19C_S1_lab_hard_floor_B1_U050_R1,512.986967534,1.186270974,idle,0.500000,-1.213821769,-1.562845826,-2.181746721,0.021958407,0.027951540,-2.181737661,ros2_odometer_state
M19C_S1_lab_hard_floor_B1_U050_R1,512.989695476,1.188998916,idle,0.500000,-1.213821769,-1.562845826,-2.181746721,0.021963010,0.027953239,-2.181734324,ros2_odometer_state
M19C_S1_lab_hard_floor_B1_U050_R1,512.990357164,1.189660604,idle,0.500000,-1.213821769,-1.562845826,-2.181746721,0.021963010,0.027953239,-2.181734324,ros2_odometer_state
M19C_S1_lab_hard_floor_B1_U050_R1,512.993070962,1.192374402,idle,0.500000,-1.213821769,-1.562845826,-2.181738853,0.021970624,0.027954016,-2.181744576,ros2_odometer_state
M19C_S1_lab_hard_floor_B1_U050_R1,512.994956409,1.194259849,idle,0.500000,-1.213821769,-1.562845826,-2.181738853,0.021973263,0.027957994,-2.181745529,ros2_odometer_state
M19C_S1_lab_hard_floor_B1_U050_R1,512.996958116,1.196261556,idle,0.500000,-1.213821769,-1.562845826,-2.181738853,0.021967560,0.027961452,-2.181740284,ros2_odometer_state
M19C_S1_lab_hard_floor_B1_U050_R1,512.999217560,1.198521000,idle,0.500000,-1.213821769,-1.562845826,-2.181738853,0.021970397,0.027955227,-2.181740284,ros2_odometer_state
M19C_S1_lab_hard_floor_B1_U050_R1,513.000371683,1.199675123,idle,0.500000,-1.213821769,-1.562845826,-2.181738853,0.021970397,0.027955227,-2.181740284,ros2_odometer_state
M19C_S1_lab_hard_floor_B1_U050_R1,513.003184461,1.202487901,idle,0.500000,-1.213821769,-1.562845826,-2.181738853,0.021975780,0.027947525,-2.181759119,ros2_odometer_state
M19C_S1_lab_hard_floor_B1_U050_R1,513.004348440,1.203651880,idle,0.500000,-1.213821769,-1.562845826,-2.181738853,0.021975780,0.027947525,-2.181759119,ros2_odometer_state
M19C_S1_lab_hard_floor_B1_U050_R1,513.006353411,1.205656851,idle,0.500000,-1.213821769,-1.562845826,-2.181738853,0.021971194,0.027948370,-2.181760311,ros2_odometer_state
M19C_S1_lab_hard_floor_B1_U050_R1,513.008901891,1.208205331,idle,0.500000,-1.213821769,-1.562845826,-2.181738853,0.021969646,0.027950313,-2.181763172,ros2_odometer_state
M19C_S1_lab_hard_floor_B1_U050_R1,513.011416257,1.210719697,idle,0.500000,-1.213821769,-1.562845826,-2.181738853,0.021971494,0.027953118,-2.181756735,ros2_odometer_state
M19C_S1_lab_hard_floor_B1_U050_R1,513.014672603,1.213976043,idle,0.500000,-1.213821769,-1.562845826,-2.181756735,0.021975173,0.027952248,-2.181756973,ros2_odometer_state
M19C_S1_lab_hard_floor_B1_U050_R1,513.015630751,1.214934191,idle,0.500000,-1.213821769,-1.562845826,-2.181756735,0.021971930,0.027957657,-2.181759357,ros2_odometer_state
M19C_S1_lab_hard_floor_B1_U050_R1,513.016245174,1.215548614,idle,0.500000,-1.213821769,-1.562845826,-2.181756735,0.021971930,0.027957657,-2.181759357,ros2_odometer_state
M19C_S1_lab_hard_floor_B1_U050_R1,513.019160515,1.218463955,idle,0.500000,-1.213821769,-1.562845826,-2.181756735,0.021956328,0.027971638,-2.181765318,ros2_odometer_state
M19C_S1_lab_hard_floor_B1_U050_R1,513.021314163,1.220617603,idle,0.500000,-1.213821769,-1.562845826,-2.181756735,0.021953035,0.027967621,-2.181761742,ros2_odometer_state
M19C_S1_lab_hard_floor_B1_U050_R1,513.023211963,1.222515403,idle,0.500000,-1.213821769,-1.562845826,-2.181756735,0.021950187,0.027963733,-2.181766272,ros2_odometer_state
M19C_S1_lab_hard_floor_B1_U050_R1,513.024375846,1.223679286,idle,0.500000,-1.213821769,-1.562845826,-2.181756735,0.021950187,0.027963733,-2.181766272,ros2_odometer_state
M19C_S1_lab_hard_floor_B1_U050_R1,513.026225579,1.225529019,idle,0.500000,-1.213821769,-1.562845826,-2.181756735,0.021955872,0.027964871,-2.181772232,ros2_odometer_state
M19C_S1_lab_hard_floor_B1_U050_R1,513.029583465,1.228886905,idle,0.500000,-1.213821769,-1.562845826,-2.181756735,0.021965386,0.027975349,-2.181775093,ros2_odometer_state
M19C_S1_lab_hard_floor_B1_U050_R1,513.030358470,1.229661910,idle,0.500000,-1.213821769,-1.562845826,-2.181756735,0.021965386,0.027975349,-2.181775093,ros2_odometer_state
M19C_S1_lab_hard_floor_B1_U050_R1,513.032334576,1.231638016,idle,0.500000,-1.213821769,-1.562845826,-2.181769371,0.021964341,0.027977692,-2.181769371,ros2_odometer_state
M19C_S1_lab_hard_floor_B1_U050_R1,513.034227191,1.233530631,idle,0.500000,-1.213821769,-1.562845826,-2.181769371,0.021959148,0.027979687,-2.181763649,ros2_odometer_state
M19C_S1_lab_hard_floor_B1_U050_R1,513.036219906,1.235523346,idle,0.500000,-1.213821769,-1.562845826,-2.181769371,0.021958942,0.027988737,-2.181763411,ros2_odometer_state
M19C_S1_lab_hard_floor_B1_U050_R1,513.038962856,1.238266296,idle,0.500000,-1.213821769,-1.562845826,-2.181769371,0.021954294,0.027989892,-2.181763649,ros2_odometer_state
M19C_S1_lab_hard_floor_B1_U050_R1,513.040280026,1.239583466,idle,0.500000,-1.213821769,-1.562845826,-2.181769371,0.021954294,0.027989892,-2.181763649,ros2_odometer_state
M19C_S1_lab_hard_floor_B1_U050_R1,513.042239875,1.241543315,idle,0.500000,-1.213821769,-1.562845826,-2.181769371,0.021944763,0.027985996,-2.181757212,ros2_odometer_state
M19C_S1_lab_hard_floor_B1_U050_R1,513.045454459,1.244757899,idle,0.500000,-1.213821769,-1.562845826,-2.181769371,0.021949790,0.027990695,-2.181757689,ros2_odometer_state
M19C_S1_lab_hard_floor_B1_U050_R1,513.047193692,1.246497132,idle,0.500000,-1.213821769,-1.562845826,-2.181769371,0.021954034,0.027991334,-2.181757927,ros2_odometer_state
M19C_S1_lab_hard_floor_B1_U050_R1,513.049654201,1.248957641,idle,0.500000,-1.213821769,-1.562845826,-2.181769371,0.021951411,0.027990976,-2.181755066,ros2_odometer_state
M19C_S1_lab_hard_floor_B1_U050_R1,513.051170737,1.250474177,idle,0.500000,-1.213821769,-1.562845826,-2.181769371,0.021949632,0.027988067,-2.181747675,ros2_odometer_state
M19C_S1_lab_hard_floor_B1_U050_R1,513.053170204,1.252473644,idle,0.500000,-1.213821769,-1.562845826,-2.181747675,0.021943294,0.027980698,-2.181741953,ros2_odometer_state
M19C_S1_lab_hard_floor_B1_U050_R1,513.055237514,1.254540954,idle,0.500000,-1.213821769,-1.562845826,-2.181747675,0.021945633,0.027974714,-2.181740522,ros2_odometer_state
M19C_S1_lab_hard_floor_B1_U050_R1,513.056287953,1.255591393,idle,0.500000,-1.213821769,-1.562845826,-2.181747675,0.021945633,0.027974714,-2.181740522,ros2_odometer_state
M19C_S1_lab_hard_floor_B1_U050_R1,513.059317090,1.258620530,idle,0.500000,-1.213821769,-1.562845826,-2.181747675,0.021949060,0.027970253,-2.181740999,ros2_odometer_state
M19C_S1_lab_hard_floor_B1_U050_R1,513.061150503,1.260453943,idle,0.500000,-1.213821769,-1.562845826,-2.181747675,0.021944929,0.027974002,-2.181746244,ros2_odometer_state
M19C_S1_lab_hard_floor_B1_U050_R1,513.063111760,1.262415200,idle,0.500000,-1.213821769,-1.562845826,-2.181747675,0.021945812,0.027977891,-2.181753159,ros2_odometer_state
M19C_S1_lab_hard_floor_B1_U050_R1,513.065225216,1.264528656,idle,0.500000,-1.213821769,-1.562845826,-2.181747675,0.021939775,0.027976694,-2.181747913,ros2_odometer_state
M19C_S1_lab_hard_floor_B1_U050_R1,513.066315816,1.265619256,idle,0.500000,-1.213821769,-1.562845826,-2.181747675,0.021939775,0.027976694,-2.181747913,ros2_odometer_state
M19C_S1_lab_hard_floor_B1_U050_R1,513.069621380,1.268924820,idle,0.500000,-1.213821769,-1.562845826,-2.181747675,0.021946019,0.027981473,-2.181747675,ros2_odometer_state
M19C_S1_lab_hard_floor_B1_U050_R1,513.071187103,1.270490543,idle,0.500000,-1.213821769,-1.562845826,-2.181747675,0.021948937,0.027988885,-2.181751013,ros2_odometer_state
M19C_S1_lab_hard_floor_B1_U050_R1,513.073287501,1.272590941,idle,0.500000,-1.213821769,-1.562845826,-2.181751013,0.021952473,0.027988721,-2.181757212,ros2_odometer_state
M19C_S1_lab_hard_floor_B1_U050_R1,513.075146035,1.274449475,idle,0.500000,-1.213821769,-1.562845826,-2.181751013,0.021958219,0.027985191,-2.181758881,ros2_odometer_state
M19C_S1_lab_hard_floor_B1_U050_R1,513.077103708,1.276407148,idle,0.500000,-1.213821769,-1.562845826,-2.181751013,0.021961866,0.027988378,-2.181759357,ros2_odometer_state
M19C_S1_lab_hard_floor_B1_U050_R1,513.079111207,1.278414647,idle,0.500000,-1.213821769,-1.562845826,-2.181751013,0.021956367,0.027996654,-2.181767941,ros2_odometer_state
M19C_S1_lab_hard_floor_B1_U050_R1,513.081189621,1.280493061,idle,0.500000,-1.213821769,-1.562845826,-2.181751013,0.021946985,0.027996849,-2.181770802,ros2_odometer_state
M19C_S1_lab_hard_floor_B1_U050_R1,513.083268803,1.282572243,idle,0.500000,-1.213821769,-1.562845826,-2.181751013,0.021944843,0.027987620,-2.181766748,ros2_odometer_state
M19C_S1_lab_hard_floor_B1_U050_R1,513.085179435,1.284482875,idle,0.500000,-1.213821769,-1.562845826,-2.181751013,0.021939809,0.027989723,-2.181765318,ros2_odometer_state
M19C_S1_lab_hard_floor_B1_U050_R1,513.086444730,1.285748170,idle,0.500000,-1.213821769,-1.562845826,-2.181751013,0.021939809,0.027989723,-2.181765318,ros2_odometer_state
M19C_S1_lab_hard_floor_B1_U050_R1,513.089755574,1.289059014,idle,0.500000,-1.213821769,-1.562845826,-2.181751013,0.021938259,0.028002672,-2.181767464,ros2_odometer_state
M19C_S1_lab_hard_floor_B1_U050_R1,513.091187372,1.290490812,idle,0.500000,-1.213821769,-1.562845826,-2.181751013,0.021938534,0.028006552,-2.181769848,ros2_odometer_state
M19C_S1_lab_hard_floor_B1_U050_R1,513.093140309,1.292443749,idle,0.500000,-1.213821769,-1.562845826,-2.181769848,0.021942107,0.028012812,-2.181766510,ros2_odometer_state
M19C_S1_lab_hard_floor_B1_U050_R1,513.095083453,1.294386893,idle,0.500000,-1.213821769,-1.562845826,-2.181769848,0.021942530,0.028017696,-2.181761026,ros2_odometer_state
M19C_S1_lab_hard_floor_B1_U050_R1,513.097250959,1.296554399,idle,0.500000,-1.213821769,-1.562845826,-2.181769848,0.021942850,0.028027890,-2.181753874,ros2_odometer_state
M19C_S1_lab_hard_floor_B1_U050_R1,513.099101588,1.298405028,idle,0.500000,-1.213821769,-1.562845826,-2.181769848,0.021940645,0.028034121,-2.181747437,ros2_odometer_state
M19C_S1_lab_hard_floor_B1_U050_R1,513.100329666,1.299633106,idle,0.500000,-1.213821769,-1.562845826,-2.181769848,0.021940645,0.028034121,-2.181747437,ros2_odometer_state
M19C_S1_lab_hard_floor_B1_U050_R1,513.103067944,1.302371384,idle,0.500000,-1.213821769,-1.562845826,-2.181769848,0.021939473,0.028037442,-2.181733847,ros2_odometer_state
M19C_S1_lab_hard_floor_B1_U050_R1,513.105088180,1.304391620,idle,0.500000,-1.213821769,-1.562845826,-2.181769848,0.021945043,0.028035719,-2.181732893,ros2_odometer_state
M19C_S1_lab_hard_floor_B1_U050_R1,513.107082111,1.306385551,idle,0.500000,-1.213821769,-1.562845826,-2.181769848,0.021944420,0.028031517,-2.181724787,ros2_odometer_state
M19C_S1_lab_hard_floor_B1_U050_R1,513.109700705,1.309004145,idle,0.500000,-1.213821769,-1.562845826,-2.181769848,0.021946613,0.028026771,-2.181719542,ros2_odometer_state
M19C_S1_lab_hard_floor_B1_U050_R1,513.111333726,1.310637166,idle,0.500000,-1.213821769,-1.562845826,-2.181769848,0.021953426,0.028021701,-2.181718588,ros2_odometer_state
M19C_S1_lab_hard_floor_B1_U050_R1,513.113297479,1.312600919,idle,0.500000,-1.213821769,-1.562845826,-2.181718588,0.021957282,0.028014176,-2.181719780,ros2_odometer_state
M19C_S1_lab_hard_floor_B1_U050_R1,513.115358228,1.314661668,idle,0.500000,-1.213821769,-1.562845826,-2.181718588,0.021963099,0.028007606,-2.181717634,ros2_odometer_state
M19C_S1_lab_hard_floor_B1_U050_R1,513.117274492,1.316577932,idle,0.500000,-1.213821769,-1.562845826,-2.181718588,0.021966333,0.028008504,-2.181716442,ros2_odometer_state
M19C_S1_lab_hard_floor_B1_U050_R1,513.119103105,1.318406545,idle,0.500000,-1.213821769,-1.562845826,-2.181718588,0.021970309,0.028008390,-2.181705475,ros2_odometer_state
M19C_S1_lab_hard_floor_B1_U050_R1,513.121295347,1.320598787,idle,0.500000,-1.213821769,-1.562845826,-2.181718588,0.021971572,0.028013196,-2.181699991,ros2_odometer_state
M19C_S1_lab_hard_floor_B1_U050_R1,513.123284253,1.322587693,idle,0.500000,-1.213821769,-1.562845826,-2.181718588,0.021973027,0.028010815,-2.181693077,ros2_odometer_state
M19C_S1_lab_hard_floor_B1_U050_R1,513.125253799,1.324557239,idle,0.500000,-1.213821769,-1.562845826,-2.181718588,0.021974621,0.028000215,-2.181698322,ros2_odometer_state
M19C_S1_lab_hard_floor_B1_U050_R1,513.127159086,1.326462526,idle,0.500000,-1.213821769,-1.562845826,-2.181718588,0.021981644,0.027994562,-2.181710720,ros2_odometer_state
M19C_S1_lab_hard_floor_B1_U050_R1,513.129763792,1.329067232,idle,0.500000,-1.213821769,-1.562845826,-2.181718588,0.021983486,0.027987756,-2.181718111,ros2_odometer_state
M19C_S1_lab_hard_floor_B1_U050_R1,513.130531629,1.329835069,idle,0.500000,-1.213821769,-1.562845826,-2.181718588,0.021983486,0.027987756,-2.181718111,ros2_odometer_state
M19C_S1_lab_hard_floor_B1_U050_R1,513.133345046,1.332648486,idle,0.500000,-1.213821769,-1.562845826,-2.181720495,0.021974251,0.027957525,-2.181723595,ros2_odometer_state
M19C_S1_lab_hard_floor_B1_U050_R1,513.135193947,1.334497387,idle,0.500000,-1.213821769,-1.562845826,-2.181720495,0.021974184,0.027947811,-2.181731462,ros2_odometer_state
M19C_S1_lab_hard_floor_B1_U050_R1,513.137153092,1.336456532,idle,0.500000,-1.213821769,-1.562845826,-2.181720495,0.021969602,0.027943971,-2.181737900,ros2_odometer_state
M19C_S1_lab_hard_floor_B1_U050_R1,513.139159056,1.338462496,idle,0.500000,-1.213821769,-1.562845826,-2.181720495,0.021964498,0.027936690,-2.181735277,ros2_odometer_state
M19C_S1_lab_hard_floor_B1_U050_R1,513.141330945,1.340634385,idle,0.500000,-1.213821769,-1.562845826,-2.181720495,0.021962879,0.027932150,-2.181740761,ros2_odometer_state
M19C_S1_lab_hard_floor_B1_U050_R1,513.142540750,1.341844190,idle,0.500000,-1.213821769,-1.562845826,-2.181720495,0.021962879,0.027932150,-2.181740761,ros2_odometer_state
M19C_S1_lab_hard_floor_B1_U050_R1,513.145222387,1.344525827,idle,0.500000,-1.213821769,-1.562845826,-2.181720495,0.021972025,0.027930491,-2.181754589,ros2_odometer_state
M19C_S1_lab_hard_floor_B1_U050_R1,513.147347010,1.346650450,idle,0.500000,-1.213821769,-1.562845826,-2.181720495,0.021972943,0.027929962,-2.181756496,ros2_odometer_state
M19C_S1_lab_hard_floor_B1_U050_R1,513.149885633,1.349189073,idle,0.500000,-1.213821769,-1.562845826,-2.181720495,0.021970667,0.027928418,-2.181749582,ros2_odometer_state
M19C_S1_lab_hard_floor_B1_U050_R1,513.151314615,1.350618055,idle,0.500000,-1.213821769,-1.562845826,-2.181720495,0.021971373,0.027926672,-2.181749582,ros2_odometer_state
M19C_S1_lab_hard_floor_B1_U050_R1,513.154168066,1.353471506,idle,0.500000,-1.213821769,-1.562845826,-2.181749582,0.021981040,0.027927496,-2.181745529,ros2_odometer_state
M19C_S1_lab_hard_floor_B1_U050_R1,513.154471853,1.353775293,idle,0.500000,-1.213821769,-1.562845826,-2.181749582,0.021981040,0.027927496,-2.181745529,ros2_odometer_state
M19C_S1_lab_hard_floor_B1_U050_R1,513.157260277,1.356563717,idle,0.500000,-1.213821769,-1.562845826,-2.181749582,0.021982970,0.027930312,-2.181741238,ros2_odometer_state
M19C_S1_lab_hard_floor_B1_U050_R1,513.159597101,1.358900541,idle,0.500000,-1.213821769,-1.562845826,-2.181749582,0.021984609,0.027932612,-2.181739330,ros2_odometer_state
M19C_S1_lab_hard_floor_B1_U050_R1,513.161240234,1.360543674,idle,0.500000,-1.213821769,-1.562845826,-2.181749582,0.021986872,0.027934652,-2.181735516,ros2_odometer_state
M19C_S1_lab_hard_floor_B1_U050_R1,513.163177907,1.362481347,idle,0.500000,-1.213821769,-1.562845826,-2.181749582,0.021989116,0.027934169,-2.181729794,ros2_odometer_state
M19C_S1_lab_hard_floor_B1_U050_R1,513.165438919,1.364742359,idle,0.500000,-1.213821769,-1.562845826,-2.181749582,0.021986214,0.027941925,-2.181730032,ros2_odometer_state
M19C_S1_lab_hard_floor_B1_U050_R1,513.166470510,1.365773950,idle,0.500000,-1.213821769,-1.562845826,-2.181749582,0.021986214,0.027941925,-2.181730032,ros2_odometer_state
M19C_S1_lab_hard_floor_B1_U050_R1,513.170036468,1.369339908,idle,0.500000,-1.213821769,-1.562845826,-2.181749582,0.021990675,0.027945073,-2.181732893,ros2_odometer_state
M19C_S1_lab_hard_floor_B1_U050_R1,513.171341636,1.370645076,idle,0.500000,-1.213821769,-1.562845826,-2.181749582,0.021985449,0.027943561,-2.181722164,ros2_odometer_state
M19C_S1_lab_hard_floor_B1_U050_R1,513.173625722,1.372929162,idle,0.500000,-1.213821769,-1.562845826,-2.181722164,0.021984566,0.027942758,-2.181713820,ros2_odometer_state
M19C_S1_lab_hard_floor_B1_U050_R1,513.175245175,1.374548615,idle,0.500000,-1.213821769,-1.562845826,-2.181722164,0.021981191,0.027946683,-2.181710482,ros2_odometer_state
M19C_S1_lab_hard_floor_B1_U050_R1,513.177256834,1.376560274,idle,0.500000,-1.213821769,-1.562845826,-2.181722164,0.021976858,0.027947361,-2.181707382,ros2_odometer_state
M19C_S1_lab_hard_floor_B1_U050_R1,513.180111693,1.379415133,idle,0.500000,-1.213821769,-1.562845826,-2.181722164,0.021974938,0.027946275,-2.181697845,ros2_odometer_state
M19C_S1_lab_hard_floor_B1_U050_R1,513.180716835,1.380020275,idle,0.500000,-1.213821769,-1.562845826,-2.181722164,0.021974938,0.027946275,-2.181697845,ros2_odometer_state
M19C_S1_lab_hard_floor_B1_U050_R1,513.183517836,1.382821276,idle,0.500000,-1.213821769,-1.562845826,-2.181722164,0.021985453,0.027945599,-2.181689024,ros2_odometer_state
M19C_S1_lab_hard_floor_B1_U050_R1,513.185288047,1.384591487,idle,0.500000,-1.213821769,-1.562845826,-2.181722164,0.021986602,0.027942205,-2.181693792,ros2_odometer_state
M19C_S1_lab_hard_floor_B1_U050_R1,513.187244984,1.386548424,idle,0.500000,-1.213821769,-1.562845826,-2.181722164,0.021984784,0.027937779,-2.181691170,ros2_odometer_state
M19C_S1_lab_hard_floor_B1_U050_R1,513.189982270,1.389285710,idle,0.500000,-1.213821769,-1.562845826,-2.181722164,0.021978008,0.027933581,-2.181692839,ros2_odometer_state
M19C_S1_lab_hard_floor_B1_U050_R1,513.190760284,1.390063724,idle,0.500000,-1.213821769,-1.562845826,-2.181722164,0.021978008,0.027933581,-2.181692839,ros2_odometer_state
M19C_S1_lab_hard_floor_B1_U050_R1,513.193611046,1.392914486,idle,0.500000,-1.213821769,-1.562845826,-2.181699276,0.021985093,0.027931705,-2.181705475,ros2_odometer_state
M19C_S1_lab_hard_floor_B1_U050_R1,513.194611724,1.393915164,idle,0.500000,-1.213821769,-1.562845826,-2.181699276,0.021985093,0.027931705,-2.181705475,ros2_odometer_state
M19C_S1_lab_hard_floor_B1_U050_R1,513.196569557,1.395872997,idle,0.500000,-1.213821769,-1.562845826,-2.181699276,0.021981662,0.027928133,-2.181711912,ros2_odometer_state
M19C_S1_lab_hard_floor_B1_U050_R1,513.199419584,1.398723024,idle,0.500000,-1.213821769,-1.562845826,-2.181699276,0.021979775,0.027920153,-2.181720734,ros2_odometer_state
M19C_S1_lab_hard_floor_B1_U050_R1,513.201471117,1.400774557,idle,0.500000,-1.213821769,-1.562845826,-2.181699276,0.021983027,0.027918981,-2.181726694,ros2_odometer_state
M19C_S1_lab_hard_floor_B1_U050_R1,513.203399829,1.402703269,idle,0.500000,-1.213821769,-1.562845826,-2.181699276,0.021985959,0.027917005,-2.181734800,ros2_odometer_state
M19C_S1_lab_hard_floor_B1_U050_R1,513.205367614,1.404671054,idle,0.500000,-1.213821769,-1.562845826,-2.181699276,0.021991776,0.027910177,-2.181742907,ros2_odometer_state
M19C_S1_lab_hard_floor_B1_U050_R1,513.207318151,1.406621591,idle,0.500000,-1.213821769,-1.562845826,-2.181699276,0.021997619,0.027899932,-2.181752443,ros2_odometer_state
M19C_S1_lab_hard_floor_B1_U050_R1,513.209949930,1.409253370,idle,0.500000,-1.213821769,-1.562845826,-2.181699276,0.021995788,0.027898775,-2.181759596,ros2_odometer_state
M19C_S1_lab_hard_floor_B1_U050_R1,513.211431745,1.410735185,idle,0.500000,-1.213821769,-1.562845826,-2.181699276,0.021996330,0.027891478,-2.181759357,ros2_odometer_state
M19C_S1_lab_hard_floor_B1_U050_R1,513.213925855,1.413229295,idle,0.500000,-1.213821769,-1.562845826,-2.181759357,0.021996230,0.027889611,-2.181761026,ros2_odometer_state
M19C_S1_lab_hard_floor_B1_U050_R1,513.217348351,1.416651791,idle,0.500000,-1.213821769,-1.562845826,-2.181759357,0.021990124,0.027889036,-2.181758881,ros2_odometer_state
M19C_S1_lab_hard_floor_B1_U050_R1,513.219393740,1.418697180,idle,0.500000,-1.213821769,-1.562845826,-2.181759357,0.021985503,0.027882611,-2.181753159,ros2_odometer_state
M19C_S1_lab_hard_floor_B1_U050_R1,513.220627482,1.419930922,idle,0.500000,-1.213821769,-1.562845826,-2.181759357,0.021990869,0.027881084,-2.181749582,ros2_odometer_state
M19C_S1_lab_hard_floor_B1_U050_R1,513.221109900,1.420413340,idle,0.500000,-1.213821769,-1.562845826,-2.181759357,0.021990869,0.027881084,-2.181749582,ros2_odometer_state
M19C_S1_lab_hard_floor_B1_U050_R1,513.223799280,1.423102720,idle,0.500000,-1.213821769,-1.562845826,-2.181759357,0.021993903,0.027879173,-2.181746960,ros2_odometer_state
M19C_S1_lab_hard_floor_B1_U050_R1,513.225432814,1.424736254,idle,0.500000,-1.213821769,-1.562845826,-2.181759357,0.021996168,0.027872432,-2.181737661,ros2_odometer_state
M19C_S1_lab_hard_floor_B1_U050_R1,513.227429976,1.426733416,idle,0.500000,-1.213821769,-1.562845826,-2.181759357,0.021997865,0.027874641,-2.181730509,ros2_odometer_state
M19C_S1_lab_hard_floor_B1_U050_R1,513.230196864,1.429500304,idle,0.500000,-1.213821769,-1.562845826,-2.181759357,0.021996558,0.027879417,-2.181730270,ros2_odometer_state
M19C_S1_lab_hard_floor_B1_U050_R1,513.231489776,1.430793216,idle,0.500000,-1.213821769,-1.562845826,-2.181759357,0.021994408,0.027878959,-2.181725740,ros2_odometer_state
M19C_S1_lab_hard_floor_B1_U050_R1,513.233622560,1.432926000,idle,0.500000,-1.213821769,-1.562845826,-2.181725740,0.021999827,0.027879814,-2.181721210,ros2_odometer_state
M19C_S1_lab_hard_floor_B1_U050_R1,513.235367266,1.434670706,idle,0.500000,-1.213821769,-1.562845826,-2.181725740,0.022000078,0.027889203,-2.181713820,ros2_odometer_state
M19C_S1_lab_hard_floor_B1_U050_R1,513.237390093,1.436693533,idle,0.500000,-1.213821769,-1.562845826,-2.181725740,0.021994747,0.027896954,-2.181700945,ros2_odometer_state
M19C_S1_lab_hard_floor_B1_U050_R1,513.239373848,1.438677288,idle,0.500000,-1.213821769,-1.562845826,-2.181725740,0.021990744,0.027899340,-2.181690454,ros2_odometer_state
M19C_S1_lab_hard_floor_B1_U050_R1,513.241425188,1.440728628,idle,0.500000,-1.213821769,-1.562845826,-2.181725740,0.021990487,0.027902765,-2.181691170,ros2_odometer_state
M19C_S1_lab_hard_floor_B1_U050_R1,513.242652050,1.441955490,idle,0.500000,-1.213821769,-1.562845826,-2.181725740,0.021990487,0.027902765,-2.181691170,ros2_odometer_state
M19C_S1_lab_hard_floor_B1_U050_R1,513.245449179,1.444752619,idle,0.500000,-1.213821769,-1.562845826,-2.181725740,0.022001697,0.027897360,-2.181695700,ros2_odometer_state
M19C_S1_lab_hard_floor_B1_U050_R1,513.247407620,1.446711060,idle,0.500000,-1.213821769,-1.562845826,-2.181725740,0.022010056,0.027894681,-2.181694508,ros2_odometer_state
M19C_S1_lab_hard_floor_B1_U050_R1,513.250340562,1.449644002,idle,0.500000,-1.213821769,-1.562845826,-2.181725740,0.022003938,0.027899526,-2.181694746,ros2_odometer_state
M19C_S1_lab_hard_floor_B1_U050_R1,513.250870630,1.450174070,idle,0.500000,-1.213821769,-1.562845826,-2.181725740,0.022003938,0.027899526,-2.181694746,ros2_odometer_state
M19C_S1_lab_hard_floor_B1_U050_R1,513.252917363,1.452220803,idle,0.500000,-1.213821769,-1.562845826,-2.181696892,0.021996604,0.027906151,-2.181696892,ros2_odometer_state
M19C_S1_lab_hard_floor_B1_U050_R1,513.255535861,1.454839301,idle,0.500000,-1.213821769,-1.562845826,-2.181696892,0.021997562,0.027903127,-2.181697130,ros2_odometer_state
M19C_S1_lab_hard_floor_B1_U050_R1,513.257491166,1.456794606,idle,0.500000,-1.213821769,-1.562845826,-2.181696892,0.021994773,0.027904097,-2.181701183,ros2_odometer_state
M19C_S1_lab_hard_floor_B1_U050_R1,513.258821232,1.458124672,idle,0.500000,-1.213821769,-1.562845826,-2.181696892,0.021994773,0.027904097,-2.181701183,ros2_odometer_state
M19C_S1_lab_hard_floor_B1_U050_R1,513.261434706,1.460738146,idle,0.500000,-1.213821769,-1.562845826,-2.181696892,0.021994364,0.027900210,-2.181707144,ros2_odometer_state
M19C_S1_lab_hard_floor_B1_U050_R1,513.263556289,1.462859729,idle,0.500000,-1.213821769,-1.562845826,-2.181696892,0.021991057,0.027897315,-2.181708813,ros2_odometer_state
M19C_S1_lab_hard_floor_B1_U050_R1,513.265428135,1.464731575,idle,0.500000,-1.213821769,-1.562845826,-2.181696892,0.021990720,0.027895160,-2.181709528,ros2_odometer_state
M19C_S1_lab_hard_floor_B1_U050_R1,513.267649370,1.466952810,idle,0.500000,-1.213821769,-1.562845826,-2.181696892,0.021993224,0.027892713,-2.181715488,ros2_odometer_state
M19C_S1_lab_hard_floor_B1_U050_R1,513.270131991,1.469435431,idle,0.500000,-1.213821769,-1.562845826,-2.181696892,0.021995746,0.027890066,-2.181718826,ros2_odometer_state
M19C_S1_lab_hard_floor_B1_U050_R1,513.272257351,1.471560791,idle,0.500000,-1.213821769,-1.562845826,-2.181696892,0.021995073,0.027885420,-2.181716442,ros2_odometer_state
M19C_S1_lab_hard_floor_B1_U050_R1,513.273052453,1.472355893,idle,0.500000,-1.213821769,-1.562845826,-2.181716442,0.021995073,0.027885420,-2.181716442,ros2_odometer_state
M19C_S1_lab_hard_floor_B1_U050_R1,513.274905866,1.474209306,idle,0.500000,-1.213821769,-1.562845826,-2.181716442,0.021988969,0.027882416,-2.181713581,ros2_odometer_state
M19C_S1_lab_hard_floor_B1_U050_R1,513.277542733,1.476846173,idle,0.500000,-1.213821769,-1.562845826,-2.181716442,0.021983532,0.027881499,-2.181720257,ros2_odometer_state
M19C_S1_lab_hard_floor_B1_U050_R1,513.279478709,1.478782149,idle,0.500000,-1.213821769,-1.562845826,-2.181716442,0.021981830,0.027875334,-2.181720734,ros2_odometer_state
M19C_S1_lab_hard_floor_B1_U050_R1,513.281530050,1.480833490,idle,0.500000,-1.213821769,-1.562845826,-2.181716442,0.021984844,0.027860351,-2.181725740,ros2_odometer_state
M19C_S1_lab_hard_floor_B1_U050_R1,513.283599599,1.482903039,idle,0.500000,-1.213821769,-1.562845826,-2.181716442,0.021986179,0.027859455,-2.181724072,ros2_odometer_state
M19C_S1_lab_hard_floor_B1_U050_R1,513.285458965,1.484762405,idle,0.500000,-1.213821769,-1.562845826,-2.181716442,0.021981647,0.027861044,-2.181723356,ros2_odometer_state
M19C_S1_lab_hard_floor_B1_U050_R1,513.287498273,1.486801713,idle,0.500000,-1.213821769,-1.562845826,-2.181716442,0.021982320,0.027850490,-2.181720495,ros2_odometer_state
M19C_S1_lab_hard_floor_B1_U050_R1,513.290164389,1.489467829,idle,0.500000,-1.213821769,-1.562845826,-2.181716442,0.021981820,0.027835811,-2.181722879,ros2_odometer_state
M19C_S1_lab_hard_floor_B1_U050_R1,513.291734144,1.491037584,idle,0.500000,-1.213821769,-1.562845826,-2.181716442,0.021980040,0.027835367,-2.181727409,ros2_odometer_state
M19C_S1_lab_hard_floor_B1_U050_R1,513.292929261,1.492232701,idle,0.500000,-1.213821769,-1.562845826,-2.181727409,0.021980040,0.027835367,-2.181727409,ros2_odometer_state
M19C_S1_lab_hard_floor_B1_U050_R1,513.295630674,1.494934114,idle,0.500000,-1.213821769,-1.562845826,-2.181727409,0.021975569,0.027843267,-2.181715012,ros2_odometer_state
M19C_S1_lab_hard_floor_B1_U050_R1,513.297535801,1.496839241,idle,0.500000,-1.213821769,-1.562845826,-2.181727409,0.021976316,0.027847202,-2.181713104,ros2_odometer_state
M19C_S1_lab_hard_floor_B1_U050_R1,513.299489186,1.498792626,idle,0.500000,-1.213821769,-1.562845826,-2.181727409,0.021980250,0.027849039,-2.181714773,ros2_odometer_state
M19C_S1_lab_hard_floor_B1_U050_R1,513.301528399,1.500831839,idle,0.500000,-1.213821769,-1.562845826,-2.181727409,0.021986397,0.027847886,-2.181711435,ros2_odometer_state
M19C_S1_lab_hard_floor_B1_U050_R1,513.303479224,1.502782664,idle,0.500000,-1.213821769,-1.562845826,-2.181727409,0.021986583,0.027851660,-2.181704521,ros2_odometer_state
M19C_S1_lab_hard_floor_B1_U050_R1,513.305586567,1.504890007,idle,0.500000,-1.213821769,-1.562845826,-2.181727409,0.021990040,0.027851015,-2.181703091,ros2_odometer_state
M19C_S1_lab_hard_floor_B1_U050_R1,513.307506222,1.506809662,idle,0.500000,-1.213821769,-1.562845826,-2.181727409,0.021986997,0.027850214,-2.181703091,ros2_odometer_state
M19C_S1_lab_hard_floor_B1_U050_R1,513.310300343,1.509603783,idle,0.500000,-1.213821769,-1.562845826,-2.181727409,0.021983512,0.027852355,-2.181703568,ros2_odometer_state
M19C_S1_lab_hard_floor_B1_U050_R1,513.312871191,1.512174631,idle,0.500000,-1.213821769,-1.562845826,-2.181727409,0.021987095,0.027853327,-2.181705713,ros2_odometer_state
M19C_S1_lab_hard_floor_B1_U050_R1,513.313259174,1.512562614,idle,0.500000,-1.213821769,-1.562845826,-2.181705713,0.021987095,0.027853327,-2.181705713,ros2_odometer_state
M19C_S1_lab_hard_floor_B1_U050_R1,513.314859554,1.514162994,idle,0.500000,-1.213821769,-1.562845826,-2.181705713,0.021985607,0.027846415,-2.181707859,ros2_odometer_state
M19C_S1_lab_hard_floor_B1_U050_R1,513.316926735,1.516230175,idle,0.500000,-1.213821769,-1.562845826,-2.181705713,0.021984052,0.027839554,-2.181702375,ros2_odometer_state
M19C_S1_lab_hard_floor_B1_U050_R1,513.318917050,1.518220490,idle,0.500000,-1.213821769,-1.562845826,-2.181705713,0.021982444,0.027840020,-2.181700468,ros2_odometer_state
M19C_S1_lab_hard_floor_B1_U050_R1,513.321675009,1.520978449,idle,0.500000,-1.213821769,-1.562845826,-2.181705713,0.021982040,0.027836949,-2.181700706,ros2_odometer_state
M19C_S1_lab_hard_floor_B1_U050_R1,513.323855283,1.523158723,idle,0.500000,-1.213821769,-1.562845826,-2.181705713,0.021977190,0.027838066,-2.181702137,ros2_odometer_state
M19C_S1_lab_hard_floor_B1_U050_R1,513.325601044,1.524904484,idle,0.500000,-1.213821769,-1.562845826,-2.181705713,0.021970436,0.027840596,-2.181705475,ros2_odometer_state
M19C_S1_lab_hard_floor_B1_U050_R1,513.327527260,1.526830700,idle,0.500000,-1.213821769,-1.562845826,-2.181705713,0.021974266,0.027832899,-2.181703568,ros2_odometer_state
M19C_S1_lab_hard_floor_B1_U050_R1,513.330212161,1.529515601,idle,0.500000,-1.213821769,-1.562845826,-2.181705713,0.021980634,0.027824959,-2.181700468,ros2_odometer_state
M19C_S1_lab_hard_floor_B1_U050_R1,513.330911995,1.530215435,idle,0.500000,-1.213821769,-1.562845826,-2.181705713,0.021980634,0.027824959,-2.181700468,ros2_odometer_state
M19C_S1_lab_hard_floor_B1_U050_R1,513.333678274,1.532981714,idle,0.500000,-1.213821769,-1.562845826,-2.181699276,0.021975059,0.027815558,-2.181700706,ros2_odometer_state
M19C_S1_lab_hard_floor_B1_U050_R1,513.335569321,1.534872761,idle,0.500000,-1.213821769,-1.562845826,-2.181699276,0.021975517,0.027815554,-2.181702137,ros2_odometer_state
M19C_S1_lab_hard_floor_B1_U050_R1,513.337742202,1.537045642,idle,0.500000,-1.213821769,-1.562845826,-2.181699276,0.021979168,0.027815687,-2.181702614,ros2_odometer_state
M19C_S1_lab_hard_floor_B1_U050_R1,513.340180630,1.539484070,idle,0.500000,-1.213821769,-1.562845826,-2.181699276,0.021987004,0.027812997,-2.181696177,ros2_odometer_state
M19C_S1_lab_hard_floor_B1_U050_R1,513.341204284,1.540507724,idle,0.500000,-1.213821769,-1.562845826,-2.181699276,0.021987004,0.027812997,-2.181696177,ros2_odometer_state
M19C_S1_lab_hard_floor_B1_U050_R1,513.342900828,1.542204268,idle,0.500000,-1.213821769,-1.562845826,-2.181699276,0.021985155,0.027814403,-2.181694746,ros2_odometer_state
M19C_S1_lab_hard_floor_B1_U050_R1,513.344879046,1.544182486,idle,0.500000,-1.213821769,-1.562845826,-2.181699276,0.021983927,0.027816135,-2.181700468,ros2_odometer_state
M19C_S1_lab_hard_floor_B1_U050_R1,513.347959705,1.547263145,idle,0.500000,-1.213821769,-1.562845826,-2.181699276,0.021988455,0.027811607,-2.181695461,ros2_odometer_state
M19C_S1_lab_hard_floor_B1_U050_R1,513.350228334,1.549531774,idle,0.500000,-1.213821769,-1.562845826,-2.181699276,0.021988852,0.027813556,-2.181689978,ros2_odometer_state
M19C_S1_lab_hard_floor_B1_U050_R1,513.351694181,1.550997621,idle,0.500000,-1.213821769,-1.562845826,-2.181699276,0.021987332,0.027816890,-2.181695461,ros2_odometer_state
M19C_S1_lab_hard_floor_B1_U050_R1,513.353688816,1.552992256,idle,0.500000,-1.213821769,-1.562845826,-2.181695461,0.021984294,0.027823716,-2.181700945,ros2_odometer_state
M19C_S1_lab_hard_floor_B1_U050_R1,513.355872001,1.555175441,idle,0.500000,-1.213821769,-1.562845826,-2.181695461,0.021976026,0.027829411,-2.181702137,ros2_odometer_state
M19C_S1_lab_hard_floor_B1_U050_R1,513.357771208,1.557074648,idle,0.500000,-1.213821769,-1.562845826,-2.181695461,0.021972891,0.027823592,-2.181703091,ros2_odometer_state
M19C_S1_lab_hard_floor_B1_U050_R1,513.359943834,1.559247274,idle,0.500000,-1.213821769,-1.562845826,-2.181695461,0.021975053,0.027818874,-2.181699038,ros2_odometer_state
M19C_S1_lab_hard_floor_B1_U050_R1,513.361841249,1.561144689,idle,0.500000,-1.213821769,-1.562845826,-2.181695461,0.021973088,0.027815105,-2.181695461,ros2_odometer_state
M19C_S1_lab_hard_floor_B1_U050_R1,513.362939338,1.562242778,idle,0.500000,-1.213821769,-1.562845826,-2.181695461,0.021973088,0.027815105,-2.181695461,ros2_odometer_state
M19C_S1_lab_hard_floor_B1_U050_R1,513.364912436,1.564215876,idle,0.500000,-1.213821769,-1.562845826,-2.181695461,0.021969616,0.027821552,-2.181696892,ros2_odometer_state
M19C_S1_lab_hard_floor_B1_U050_R1,513.368142893,1.567446333,idle,0.500000,-1.213821769,-1.562845826,-2.181695461,0.021981396,0.027829103,-2.181702137,ros2_odometer_state
M19C_S1_lab_hard_floor_B1_U050_R1,513.370293341,1.569596781,idle,0.500000,-1.213821769,-1.562845826,-2.181695461,0.021984216,0.027825322,-2.181693554,ros2_odometer_state
M19C_S1_lab_hard_floor_B1_U050_R1,513.372042783,1.571346223,idle,0.500000,-1.213821769,-1.562845826,-2.181695461,0.021983884,0.027822960,-2.181689978,ros2_odometer_state
M19C_S1_lab_hard_floor_B1_U050_R1,513.374418968,1.573722408,idle,0.500000,-1.213821769,-1.562845826,-2.181689978,0.021981033,0.027825007,-2.181696653,ros2_odometer_state
M19C_S1_lab_hard_floor_B1_U050_R1,513.375278136,1.574581576,idle,0.500000,-1.213821769,-1.562845826,-2.181689978,0.021981033,0.027825007,-2.181696653,ros2_odometer_state
M19C_S1_lab_hard_floor_B1_U050_R1,513.377893434,1.577196874,idle,0.500000,-1.213821769,-1.562845826,-2.181689978,0.021983553,0.027827708,-2.181699038,ros2_odometer_state
M19C_S1_lab_hard_floor_B1_U050_R1,513.379901221,1.579204661,idle,0.500000,-1.213821769,-1.562845826,-2.181689978,0.021976905,0.027824443,-2.181695938,ros2_odometer_state
M19C_S1_lab_hard_floor_B1_U050_R1,513.381766475,1.581069915,idle,0.500000,-1.213821769,-1.562845826,-2.181689978,0.021972250,0.027818885,-2.181691408,ros2_odometer_state
M19C_S1_lab_hard_floor_B1_U050_R1,513.384038720,1.583342160,idle,0.500000,-1.213821769,-1.562845826,-2.181689978,0.021972384,0.027815981,-2.181694269,ros2_odometer_state
M19C_S1_lab_hard_floor_B1_U050_R1,513.385778913,1.585082353,idle,0.500000,-1.213821769,-1.562845826,-2.181689978,0.021979438,0.027816776,-2.181688070,ros2_odometer_state
M19C_S1_lab_hard_floor_B1_U050_R1,513.387797581,1.587101021,idle,0.500000,-1.213821769,-1.562845826,-2.181689978,0.021984816,0.027814697,-2.181676865,ros2_odometer_state
M19C_S1_lab_hard_floor_B1_U050_R1,513.390301098,1.589604538,idle,0.500000,-1.213821769,-1.562845826,-2.181689978,0.021980638,0.027819162,-2.181674004,ros2_odometer_state
M19C_S1_lab_hard_floor_B1_U050_R1,513.391846052,1.591149492,idle,0.500000,-1.213821769,-1.562845826,-2.181689978,0.021976402,0.027823787,-2.181678295,ros2_odometer_state
M19C_S1_lab_hard_floor_B1_U050_R1,513.393280378,1.592583818,idle,0.500000,-1.213821769,-1.562845826,-2.181678295,0.021976402,0.027823787,-2.181678295,ros2_odometer_state
M19C_S1_lab_hard_floor_B1_U050_R1,513.395114654,1.594418094,idle,0.500000,-1.213821769,-1.562845826,-2.181678295,0.021976124,0.027821852,-2.181686878,ros2_odometer_state
M19C_S1_lab_hard_floor_B1_U050_R1,513.397053799,1.596357239,idle,0.500000,-1.213821769,-1.562845826,-2.181678295,0.021976000,0.027818663,-2.181689262,ros2_odometer_state
M19C_S1_lab_hard_floor_B1_U050_R1,513.399756012,1.599059452,idle,0.500000,-1.213821769,-1.562845826,-2.181678295,0.021976819,0.027811058,-2.181688547,ros2_odometer_state
M19C_S1_lab_hard_floor_B1_U050_R1,513.401862875,1.601166315,idle,0.500000,-1.213821769,-1.562845826,-2.181678295,0.021981120,0.027802626,-2.181691170,ros2_odometer_state
M19C_S1_lab_hard_floor_B1_U050_R1,513.403762594,1.603066034,idle,0.500000,-1.213821769,-1.562845826,-2.181678295,0.021984478,0.027801817,-2.181693316,ros2_odometer_state
M19C_S1_lab_hard_floor_B1_U050_R1,513.405009457,1.604312897,idle,0.500000,-1.213821769,-1.562845826,-2.181678295,0.021984478,0.027801817,-2.181693316,ros2_odometer_state
M19C_S1_lab_hard_floor_B1_U050_R1,513.408332429,1.607635869,idle,0.500000,-1.213821769,-1.562845826,-2.181678295,0.021993307,0.027813947,-2.181688786,ros2_odometer_state
M19C_S1_lab_hard_floor_B1_U050_R1,513.410872012,1.610175452,idle,0.500000,-1.213821769,-1.562845826,-2.181678295,0.021998243,0.027815571,-2.181692839,ros2_odometer_state
M19C_S1_lab_hard_floor_B1_U050_R1,513.412417062,1.611720502,idle,0.500000,-1.213821769,-1.562845826,-2.181678295,0.021999372,0.027814630,-2.181695461,ros2_odometer_state
M19C_S1_lab_hard_floor_B1_U050_R1,513.413051038,1.612354478,idle,0.500000,-1.213821769,-1.562845826,-2.181695461,0.021999372,0.027814630,-2.181695461,ros2_odometer_state
M19C_S1_lab_hard_floor_B1_U050_R1,513.415831494,1.615134934,idle,0.500000,-1.213821769,-1.562845826,-2.181695461,0.022002086,0.027814681,-2.181700945,ros2_odometer_state
M19C_S1_lab_hard_floor_B1_U050_R1,513.417785039,1.617088479,idle,0.500000,-1.213821769,-1.562845826,-2.181695461,0.021999326,0.027813137,-2.181702614,ros2_odometer_state
M19C_S1_lab_hard_floor_B1_U050_R1,513.419770010,1.619073450,idle,0.500000,-1.213821769,-1.562845826,-2.181695461,0.021996140,0.027814697,-2.181701422,ros2_odometer_state
M19C_S1_lab_hard_floor_B1_U050_R1,513.421820742,1.621124182,idle,0.500000,-1.213821769,-1.562845826,-2.181695461,0.021990931,0.027807914,-2.181698561,ros2_odometer_state
M19C_S1_lab_hard_floor_B1_U050_R1,513.423811537,1.623114977,idle,0.500000,-1.213821769,-1.562845826,-2.181695461,0.021990985,0.027801841,-2.181692839,ros2_odometer_state
M19C_S1_lab_hard_floor_B1_U050_R1,513.425815292,1.625118732,idle,0.500000,-1.213821769,-1.562845826,-2.181695461,0.021994429,0.027800944,-2.181691885,ros2_odometer_state
M19C_S1_lab_hard_floor_B1_U050_R1,513.427817031,1.627120471,idle,0.500000,-1.213821769,-1.562845826,-2.181695461,0.021990672,0.027800964,-2.181689262,ros2_odometer_state
M19C_S1_lab_hard_floor_B1_U050_R1,513.430328645,1.629632085,idle,0.500000,-1.213821769,-1.562845826,-2.181695461,0.021987924,0.027796412,-2.181689501,ros2_odometer_state
M19C_S1_lab_hard_floor_B1_U050_R1,513.431865214,1.631168654,idle,0.500000,-1.213821769,-1.562845826,-2.181695461,0.021991555,0.027798390,-2.181688786,ros2_odometer_state
M19C_S1_lab_hard_floor_B1_U050_R1,513.433892682,1.633196122,idle,0.500000,-1.213821769,-1.562845826,-2.181688786,0.021997701,0.027792031,-2.181694508,ros2_odometer_state
M19C_S1_lab_hard_floor_B1_U050_R1,513.435858292,1.635161732,idle,0.500000,-1.213821769,-1.562845826,-2.181688786,0.022000071,0.027792234,-2.181694508,ros2_odometer_state
M19C_S1_lab_hard_floor_B1_U050_R1,513.437029504,1.636332944,idle,0.500000,-1.213821769,-1.562845826,-2.181688786,0.022000071,0.027792234,-2.181694508,ros2_odometer_state
M19C_S1_lab_hard_floor_B1_U050_R1,513.439045291,1.638348731,idle,0.500000,-1.213821769,-1.562845826,-2.181688786,0.022007948,0.027794652,-2.181691408,ros2_odometer_state
M19C_S1_lab_hard_floor_B1_U050_R1,513.441063735,1.640367175,idle,0.500000,-1.213821769,-1.562845826,-2.181688786,0.022007665,0.027796200,-2.181680918,ros2_odometer_state
M19C_S1_lab_hard_floor_B1_U050_R1,513.443094787,1.642398227,idle,0.500000,-1.213821769,-1.562845826,-2.181688786,0.022008521,0.027798206,-2.181680202,ros2_odometer_state
M19C_S1_lab_hard_floor_B1_U050_R1,513.445136975,1.644440415,idle,0.500000,-1.213821769,-1.562845826,-2.181688786,0.022008738,0.027801162,-2.181682110,ros2_odometer_state
M19C_S1_lab_hard_floor_B1_U050_R1,513.447080088,1.646383528,idle,0.500000,-1.213821769,-1.562845826,-2.181688786,0.022007940,0.027807029,-2.181682825,ros2_odometer_state
M19C_S1_lab_hard_floor_B1_U050_R1,513.449665017,1.648968457,idle,0.500000,-1.213821769,-1.562845826,-2.181688786,0.022009302,0.027809456,-2.181681633,ros2_odometer_state
M19C_S1_lab_hard_floor_B1_U050_R1,513.452142134,1.651445574,idle,0.500000,-1.213821769,-1.562845826,-2.181688786,0.022013042,0.027816052,-2.181689739,ros2_odometer_state
M19C_S1_lab_hard_floor_B1_U050_R1,513.453271616,1.652575056,idle,0.500000,-1.213821769,-1.562845826,-2.181689739,0.022013042,0.027816052,-2.181689739,ros2_odometer_state
M19C_S1_lab_hard_floor_B1_U050_R1,513.455315020,1.654618460,idle,0.500000,-1.213821769,-1.562845826,-2.181689739,0.022010876,0.027825521,-2.181703568,ros2_odometer_state
M19C_S1_lab_hard_floor_B1_U050_R1,513.457178866,1.656482306,idle,0.500000,-1.213821769,-1.562845826,-2.181689739,0.022011666,0.027829772,-2.181704283,ros2_odometer_state
M19C_S1_lab_hard_floor_B1_U050_R1,513.459992411,1.659295851,idle,0.500000,-1.213821769,-1.562845826,-2.181689739,0.022005599,0.027840871,-2.181716442,ros2_odometer_state
M19C_S1_lab_hard_floor_B1_U050_R1,513.461981990,1.661285430,idle,0.500000,-1.213821769,-1.562845826,-2.181689739,0.022004830,0.027844289,-2.181712866,ros2_odometer_state
M19C_S1_lab_hard_floor_B1_U050_R1,513.463086639,1.662390079,idle,0.500000,-1.213821769,-1.562845826,-2.181689739,0.022004830,0.027844289,-2.181712866,ros2_odometer_state
M19C_S1_lab_hard_floor_B1_U050_R1,513.465953147,1.665256587,idle,0.500000,-1.213821769,-1.562845826,-2.181689739,0.022003647,0.027846193,-2.181725740,ros2_odometer_state
M19C_S1_lab_hard_floor_B1_U050_R1,513.468084842,1.667388282,idle,0.500000,-1.213821769,-1.562845826,-2.181689739,0.022008939,0.027847426,-2.181731462,ros2_odometer_state
M19C_S1_lab_hard_floor_B1_U050_R1,513.469694823,1.668998263,idle,0.500000,-1.213821769,-1.562845826,-2.181689739,0.022008939,0.027847426,-2.181731462,ros2_odometer_state
M19C_S1_lab_hard_floor_B1_U050_R1,513.472112385,1.671415825,idle,0.500000,-1.213821769,-1.562845826,-2.181689739,0.022007966,0.027872486,-2.181734562,ros2_odometer_state
M19C_S1_lab_hard_floor_B1_U050_R1,513.474106828,1.673410268,idle,0.500000,-1.213821769,-1.562845826,-2.181734562,0.022014691,0.027872020,-2.181740761,ros2_odometer_state
M19C_S1_lab_hard_floor_B1_U050_R1,513.476082614,1.675386054,idle,0.500000,-1.213821769,-1.562845826,-2.181734562,0.022017758,0.027868805,-2.181743145,ros2_odometer_state
M19C_S1_lab_hard_floor_B1_U050_R1,513.478017182,1.677320622,idle,0.500000,-1.213821769,-1.562845826,-2.181734562,0.022018930,0.027865270,-2.181738377,ros2_odometer_state
M19C_S1_lab_hard_floor_B1_U050_R1,513.480110317,1.679413757,idle,0.500000,-1.213821769,-1.562845826,-2.181734562,0.022017391,0.027860288,-2.181733131,ros2_odometer_state
M19C_S1_lab_hard_floor_B1_U050_R1,513.482098647,1.681402087,idle,0.500000,-1.213821769,-1.562845826,-2.181734562,0.022013992,0.027859222,-2.181739092,ros2_odometer_state
M19C_S1_lab_hard_floor_B1_U050_R1,513.484072865,1.683376305,idle,0.500000,-1.213821769,-1.562845826,-2.181734562,0.022012789,0.027859585,-2.181743622,ros2_odometer_state
M19C_S1_lab_hard_floor_B1_U050_R1,513.486057483,1.685360923,idle,0.500000,-1.213821769,-1.562845826,-2.181734562,0.022012092,0.027865076,-2.181740284,ros2_odometer_state
M19C_S1_lab_hard_floor_B1_U050_R1,513.488033077,1.687336517,idle,0.500000,-1.213821769,-1.562845826,-2.181734562,0.022008825,0.027868187,-2.181733131,ros2_odometer_state
M19C_S1_lab_hard_floor_B1_U050_R1,513.490474897,1.689778337,idle,0.500000,-1.213821769,-1.562845826,-2.181734562,0.022017036,0.027871318,-2.181734562,ros2_odometer_state
M19C_S1_lab_hard_floor_B1_U050_R1,513.492371768,1.691675208,idle,0.500000,-1.213821769,-1.562845826,-2.181734562,0.022021905,0.027871905,-2.181737423,ros2_odometer_state
M19C_S1_lab_hard_floor_B1_U050_R1,513.494299232,1.693602672,idle,0.500000,-1.213821769,-1.562845826,-2.181737423,0.022016773,0.027869787,-2.181727886,ros2_odometer_state
M19C_S1_lab_hard_floor_B1_U050_R1,513.495364488,1.694667928,idle,0.500000,-1.213821769,-1.562845826,-2.181737423,0.022016773,0.027869787,-2.181727886,ros2_odometer_state
M19C_S1_lab_hard_floor_B1_U050_R1,513.498580832,1.697884272,idle,0.500000,-1.213821769,-1.562845826,-2.181737423,0.022007138,0.027872814,-2.181718111,ros2_odometer_state
M19C_S1_lab_hard_floor_B1_U050_R1,513.500404677,1.699708117,idle,0.500000,-1.213821769,-1.562845826,-2.181737423,0.022008806,0.027868861,-2.181712627,ros2_odometer_state
M19C_S1_lab_hard_floor_B1_U050_R1,513.502094116,1.701397556,idle,0.500000,-1.213821769,-1.562845826,-2.181737423,0.022010205,0.027864268,-2.181713581,ros2_odometer_state
M19C_S1_lab_hard_floor_B1_U050_R1,513.504082254,1.703385694,idle,0.500000,-1.213821769,-1.562845826,-2.181737423,0.022013597,0.027858287,-2.181712627,ros2_odometer_state
M19C_S1_lab_hard_floor_B1_U050_R1,513.505930131,1.705233571,idle,0.500000,-1.213821769,-1.562845826,-2.181737423,0.022014815,0.027852373,-2.181713581,ros2_odometer_state
M19C_S1_lab_hard_floor_B1_U050_R1,513.507921022,1.707224462,idle,0.500000,-1.213821769,-1.562845826,-2.181737423,0.022008184,0.027847854,-2.181714296,ros2_odometer_state
M19C_S1_lab_hard_floor_B1_U050_R1,513.509918857,1.709222297,idle,0.500000,-1.213821769,-1.562845826,-2.181737423,0.022008184,0.027847854,-2.181714296,ros2_odometer_state
M19C_S1_lab_hard_floor_B1_U050_R1,513.511496324,1.710799764,idle,0.500000,-1.213821769,-1.562845826,-2.181737423,0.022009753,0.027849680,-2.181714773,ros2_odometer_state
M19C_S1_lab_hard_floor_B1_U050_R1,513.513652213,1.712955653,idle,0.500000,-1.213821769,-1.562845826,-2.181713820,0.022013348,0.027845133,-2.181713820,ros2_odometer_state
M19C_S1_lab_hard_floor_B1_U050_R1,513.516052590,1.715356030,idle,0.500000,-1.213821769,-1.562845826,-2.181713820,0.022010934,0.027843937,-2.181711435,ros2_odometer_state
M19C_S1_lab_hard_floor_B1_U050_R1,513.517978935,1.717282375,idle,0.500000,-1.213821769,-1.562845826,-2.181713820,0.022015477,0.027848059,-2.181711912,ros2_odometer_state
M19C_S1_lab_hard_floor_B1_U050_R1,513.519920351,1.719223791,idle,0.500000,-1.213821769,-1.562845826,-2.181713820,0.022019519,0.027855728,-2.181711674,ros2_odometer_state
M19C_S1_lab_hard_floor_B1_U050_R1,513.521188847,1.720492287,idle,0.500000,-1.213821769,-1.562845826,-2.181713820,0.022019519,0.027855728,-2.181711674,ros2_odometer_state
M19C_S1_lab_hard_floor_B1_U050_R1,513.524119068,1.723422508,idle,0.500000,-1.213821769,-1.562845826,-2.181713820,0.022007529,0.027871529,-2.181720972,ros2_odometer_state
M19C_S1_lab_hard_floor_B1_U050_R1,513.525318249,1.724621689,idle,0.500000,-1.213821769,-1.562845826,-2.181713820,0.022007529,0.027871529,-2.181720972,ros2_odometer_state
M19C_S1_lab_hard_floor_B1_U050_R1,513.528104818,1.727408258,idle,0.500000,-1.213821769,-1.562845826,-2.181713820,0.022008475,0.027880475,-2.181717157,ros2_odometer_state
M19C_S1_lab_hard_floor_B1_U050_R1,513.530615536,1.729918976,idle,0.500000,-1.213821769,-1.562845826,-2.181713820,0.022004591,0.027891265,-2.181708574,ros2_odometer_state
M19C_S1_lab_hard_floor_B1_U050_R1,513.531373676,1.730677116,idle,0.500000,-1.213821769,-1.562845826,-2.181713820,0.022004591,0.027891265,-2.181708574,ros2_odometer_state
M19C_S1_lab_hard_floor_B1_U050_R1,513.533668130,1.732971570,idle,0.500000,-1.213821769,-1.562845826,-2.181714296,0.022005759,0.027898271,-2.181714296,ros2_odometer_state
M19C_S1_lab_hard_floor_B1_U050_R1,513.535242877,1.734546317,idle,0.500000,-1.213821769,-1.562845826,-2.181714296,0.022009604,0.027906155,-2.181721449,ros2_odometer_state
M19C_S1_lab_hard_floor_B1_U050_R1,513.537327019,1.736630459,idle,0.500000,-1.213821769,-1.562845826,-2.181714296,0.022013010,0.027910974,-2.181724310,ros2_odometer_state
M19C_S1_lab_hard_floor_B1_U050_R1,513.539395576,1.738699016,idle,0.500000,-1.213821769,-1.562845826,-2.181714296,0.022008503,0.027912974,-2.181723118,ros2_odometer_state
M19C_S1_lab_hard_floor_B1_U050_R1,513.542132255,1.741435695,idle,0.500000,-1.213821769,-1.562845826,-2.181714296,0.022013372,0.027925706,-2.181726933,ros2_odometer_state
M19C_S1_lab_hard_floor_B1_U050_R1,513.543343116,1.742646556,idle,0.500000,-1.213821769,-1.562845826,-2.181714296,0.022013372,0.027925706,-2.181726933,ros2_odometer_state
M19C_S1_lab_hard_floor_B1_U050_R1,513.546198711,1.745502151,idle,0.500000,-1.213821769,-1.562845826,-2.181714296,0.022014825,0.027930539,-2.181721449,ros2_odometer_state
M19C_S1_lab_hard_floor_B1_U050_R1,513.548315910,1.747619350,idle,0.500000,-1.213821769,-1.562845826,-2.181714296,0.022019066,0.027931027,-2.181718349,ros2_odometer_state
M19C_S1_lab_hard_floor_B1_U050_R1,513.550611804,1.749915244,idle,0.500000,-1.213821769,-1.562845826,-2.181714296,0.022013934,0.027934320,-2.181721210,ros2_odometer_state
M19C_S1_lab_hard_floor_B1_U050_R1,513.552237753,1.751541193,idle,0.500000,-1.213821769,-1.562845826,-2.181714296,0.022012664,0.027933288,-2.181720495,ros2_odometer_state
M19C_S1_lab_hard_floor_B1_U050_R1,513.554318055,1.753621495,idle,0.500000,-1.213821769,-1.562845826,-2.181720495,0.022016464,0.027931483,-2.181715727,ros2_odometer_state
M19C_S1_lab_hard_floor_B1_U050_R1,513.555477842,1.754781282,idle,0.500000,-1.213821769,-1.562845826,-2.181720495,0.022016464,0.027931483,-2.181715727,ros2_odometer_state
M19C_S1_lab_hard_floor_B1_U050_R1,513.557349497,1.756652937,idle,0.500000,-1.213821769,-1.562845826,-2.181720495,0.022016970,0.027933322,-2.181716204,ros2_odometer_state
M19C_S1_lab_hard_floor_B1_U050_R1,513.560226724,1.759530164,idle,0.500000,-1.213821769,-1.562845826,-2.181720495,0.022005735,0.027927889,-2.181716919,ros2_odometer_state
M19C_S1_lab_hard_floor_B1_U050_R1,513.561270987,1.760574427,idle,0.500000,-1.213821769,-1.562845826,-2.181720495,0.022005735,0.027927889,-2.181716919,ros2_odometer_state
M19C_S1_lab_hard_floor_B1_U050_R1,513.563290007,1.762593447,idle,0.500000,-1.213821769,-1.562845826,-2.181720495,0.022005510,0.027923370,-2.181712627,ros2_odometer_state
M19C_S1_lab_hard_floor_B1_U050_R1,513.566236197,1.765539637,idle,0.500000,-1.213821769,-1.562845826,-2.181720495,0.022003310,0.027920334,-2.181711435,ros2_odometer_state
M19C_S1_lab_hard_floor_B1_U050_R1,513.567256171,1.766559611,idle,0.500000,-1.213821769,-1.562845826,-2.181720495,0.022003310,0.027920334,-2.181711435,ros2_odometer_state
M19C_S1_lab_hard_floor_B1_U050_R1,513.570605929,1.769909369,idle,0.500000,-1.213821769,-1.562845826,-2.181720495,0.021995725,0.027906232,-2.181712389,ros2_odometer_state
M19C_S1_lab_hard_floor_B1_U050_R1,513.572193380,1.771496820,idle,0.500000,-1.213821769,-1.562845826,-2.181720495,0.021987898,0.027905911,-2.181703568,ros2_odometer_state
M19C_S1_lab_hard_floor_B1_U050_R1,513.574197199,1.773500639,idle,0.500000,-1.213821769,-1.562845826,-2.181703568,0.021982042,0.027911020,-2.181704044,ros2_odometer_state
M19C_S1_lab_hard_floor_B1_U050_R1,513.576080406,1.775383846,idle,0.500000,-1.213821769,-1.562845826,-2.181703568,0.021988120,0.027912555,-2.181705236,ros2_odometer_state
M19C_S1_lab_hard_floor_B1_U050_R1,513.578801884,1.778105324,idle,0.500000,-1.213821769,-1.562845826,-2.181703568,0.021991972,0.027906090,-2.181705952,ros2_odometer_state
M19C_S1_lab_hard_floor_B1_U050_R1,513.579415763,1.778719203,idle,0.500000,-1.213821769,-1.562845826,-2.181703568,0.021991972,0.027906090,-2.181705952,ros2_odometer_state
M19C_S1_lab_hard_floor_B1_U050_R1,513.582318975,1.781622415,idle,0.500000,-1.213821769,-1.562845826,-2.181703568,0.021995898,0.027894618,-2.181702852,ros2_odometer_state
M19C_S1_lab_hard_floor_B1_U050_R1,513.584315562,1.783619002,idle,0.500000,-1.213821769,-1.562845826,-2.181703568,0.022004958,0.027900409,-2.181713581,ros2_odometer_state
M19C_S1_lab_hard_floor_B1_U050_R1,513.586215249,1.785518689,idle,0.500000,-1.213821769,-1.562845826,-2.181703568,0.022006471,0.027902300,-2.181716204,ros2_odometer_state
M19C_S1_lab_hard_floor_B1_U050_R1,513.588262750,1.787566190,idle,0.500000,-1.213821769,-1.562845826,-2.181703568,0.022002360,0.027903162,-2.181712866,ros2_odometer_state
M19C_S1_lab_hard_floor_B1_U050_R1,513.590689689,1.789993129,idle,0.500000,-1.213821769,-1.562845826,-2.181703568,0.022005800,0.027905237,-2.181713104,ros2_odometer_state
M19C_S1_lab_hard_floor_B1_U050_R1,513.592331158,1.791634598,idle,0.500000,-1.213821769,-1.562845826,-2.181703568,0.022006270,0.027909078,-2.181710720,ros2_odometer_state
M19C_S1_lab_hard_floor_B1_U050_R1,513.594272351,1.793575791,idle,0.500000,-1.213821769,-1.562845826,-2.181710720,0.022004373,0.027916344,-2.181713343,ros2_odometer_state
M19C_S1_lab_hard_floor_B1_U050_R1,513.596313387,1.795616827,idle,0.500000,-1.213821769,-1.562845826,-2.181710720,0.022003649,0.027925391,-2.181712389,ros2_odometer_state
M19C_S1_lab_hard_floor_B1_U050_R1,513.598206066,1.797509506,idle,0.500000,-1.213821769,-1.562845826,-2.181710720,0.021999331,0.027932901,-2.181715727,ros2_odometer_state
M19C_S1_lab_hard_floor_B1_U050_R1,513.600290752,1.799594192,idle,0.500000,-1.213821769,-1.562845826,-2.181710720,0.021996723,0.027933879,-2.181722641,ros2_odometer_state
M19C_S1_lab_hard_floor_B1_U050_R1,513.602302156,1.801605596,idle,0.500000,-1.213821769,-1.562845826,-2.181710720,0.021997698,0.027937995,-2.181729317,ros2_odometer_state
M19C_S1_lab_hard_floor_B1_U050_R1,513.604272437,1.803575877,idle,0.500000,-1.213821769,-1.562845826,-2.181710720,0.021996178,0.027943792,-2.181726933,ros2_odometer_state
M19C_S1_lab_hard_floor_B1_U050_R1,513.606193277,1.805496717,idle,0.500000,-1.213821769,-1.562845826,-2.181710720,0.021993490,0.027951073,-2.181729317,ros2_odometer_state
M19C_S1_lab_hard_floor_B1_U050_R1,513.607340776,1.806644216,idle,0.500000,-1.213821769,-1.562845826,-2.181710720,0.021993490,0.027951073,-2.181729317,ros2_odometer_state
M19C_S1_lab_hard_floor_B1_U050_R1,513.610684869,1.809988309,idle,0.500000,-1.213821769,-1.562845826,-2.181710720,0.021998446,0.027960785,-2.181730032,ros2_odometer_state
M19C_S1_lab_hard_floor_B1_U050_R1,513.611683019,1.810986459,idle,0.500000,-1.213821769,-1.562845826,-2.181710720,0.021998446,0.027960785,-2.181730032,ros2_odometer_state
M19C_S1_lab_hard_floor_B1_U050_R1,513.613728311,1.813031751,idle,0.500000,-1.213821769,-1.562845826,-2.181728363,0.021999348,0.027957823,-2.181728363,ros2_odometer_state
M19C_S1_lab_hard_floor_B1_U050_R1,513.616213460,1.815516900,idle,0.500000,-1.213821769,-1.562845826,-2.181728363,0.021998115,0.027960284,-2.181723118,ros2_odometer_state
M19C_S1_lab_hard_floor_B1_U050_R1,513.618160797,1.817464237,idle,0.500000,-1.213821769,-1.562845826,-2.181728363,0.022002002,0.027958602,-2.181723356,ros2_odometer_state
M19C_S1_lab_hard_floor_B1_U050_R1,513.620880899,1.820184339,idle,0.500000,-1.213821769,-1.562845826,-2.181728363,0.022002002,0.027958602,-2.181723356,ros2_odometer_state
M19C_S1_lab_hard_floor_B1_U050_R1,513.621418935,1.820722375,idle,0.500000,-1.213821769,-1.562845826,-2.181728363,0.022002002,0.027958602,-2.181723356,ros2_odometer_state
M19C_S1_lab_hard_floor_B1_U050_R1,513.624289411,1.823592851,idle,0.500000,-1.213821769,-1.562845826,-2.181728363,0.021995781,0.027950108,-2.181712151,ros2_odometer_state
M19C_S1_lab_hard_floor_B1_U050_R1,513.626236044,1.825539484,idle,0.500000,-1.213821769,-1.562845826,-2.181728363,0.021991501,0.027951987,-2.181712389,ros2_odometer_state
M19C_S1_lab_hard_floor_B1_U050_R1,513.628434334,1.827737774,idle,0.500000,-1.213821769,-1.562845826,-2.181728363,0.021991866,0.027952628,-2.181716204,ros2_odometer_state
M19C_S1_lab_hard_floor_B1_U050_R1,513.630812503,1.830115943,idle,0.500000,-1.213821769,-1.562845826,-2.181728363,0.021994514,0.027953897,-2.181715965,ros2_odometer_state
M19C_S1_lab_hard_floor_B1_U050_R1,513.632339408,1.831642848,idle,0.500000,-1.213821769,-1.562845826,-2.181728363,0.021994514,0.027953897,-2.181715965,ros2_odometer_state
M19C_S1_lab_hard_floor_B1_U050_R1,513.634337307,1.833640747,idle,0.500000,-1.213821769,-1.562845826,-2.181715965,0.021990925,0.027948545,-2.181724548,ros2_odometer_state
M19C_S1_lab_hard_floor_B1_U050_R1,513.635408451,1.834711891,idle,0.500000,-1.213821769,-1.562845826,-2.181715965,0.021990925,0.027948545,-2.181724548,ros2_odometer_state
M19C_S1_lab_hard_floor_B1_U050_R1,513.638392115,1.837695555,idle,0.500000,-1.213821769,-1.562845826,-2.181715965,0.021980304,0.027947031,-2.181724310,ros2_odometer_state
M19C_S1_lab_hard_floor_B1_U050_R1,513.639473147,1.838776587,idle,0.500000,-1.213821769,-1.562845826,-2.181715965,0.021980304,0.027947031,-2.181724310,ros2_odometer_state
M19C_S1_lab_hard_floor_B1_U050_R1,513.642232323,1.841535763,idle,0.500000,-1.213821769,-1.562845826,-2.181715965,0.021977371,0.027940352,-2.181728840,ros2_odometer_state
M19C_S1_lab_hard_floor_B1_U050_R1,513.644417460,1.843720900,idle,0.500000,-1.213821769,-1.562845826,-2.181715965,0.021974493,0.027932432,-2.181732893,ros2_odometer_state
M19C_S1_lab_hard_floor_B1_U050_R1,513.646373054,1.845676494,idle,0.500000,-1.213821769,-1.562845826,-2.181715965,0.021984588,0.027937092,-2.181756258,ros2_odometer_state
M19C_S1_lab_hard_floor_B1_U050_R1,513.647538569,1.846842009,idle,0.500000,-1.213821769,-1.562845826,-2.181715965,0.021984588,0.027937092,-2.181756258,ros2_odometer_state
M19C_S1_lab_hard_floor_B1_U050_R1,513.650077224,1.849380664,idle,0.500000,-1.213821769,-1.562845826,-2.181715965,0.021987686,0.027941955,-2.181760311,ros2_odometer_state
M19C_S1_lab_hard_floor_B1_U050_R1,513.651848907,1.851152347,idle,0.500000,-1.213821769,-1.562845826,-2.181715965,0.021992896,0.027938494,-2.181760788,ros2_odometer_state
M19C_S1_lab_hard_floor_B1_U050_R1,513.654457260,1.853760700,idle,0.500000,-1.213821769,-1.562845826,-2.181763172,0.021998232,0.027934795,-2.181766748,ros2_odometer_state
M19C_S1_lab_hard_floor_B1_U050_R1,513.656584508,1.855887948,idle,0.500000,-1.213821769,-1.562845826,-2.181763172,0.021992056,0.027929893,-2.181768894,ros2_odometer_state
M19C_S1_lab_hard_floor_B1_U050_R1,513.658340478,1.857643918,idle,0.500000,-1.213821769,-1.562845826,-2.181763172,0.021988031,0.027928513,-2.181757927,ros2_odometer_state
M19C_S1_lab_hard_floor_B1_U050_R1,513.660614163,1.859917603,idle,0.500000,-1.213821769,-1.562845826,-2.181763172,0.021983055,0.027931999,-2.181752443,ros2_odometer_state
M19C_S1_lab_hard_floor_B1_U050_R1,513.662384021,1.861687461,idle,0.500000,-1.213821769,-1.562845826,-2.181763172,0.021978112,0.027935103,-2.181757927,ros2_odometer_state
M19C_S1_lab_hard_floor_B1_U050_R1,513.664364767,1.863668207,idle,0.500000,-1.213821769,-1.562845826,-2.181763172,0.021973042,0.027941031,-2.181759119,ros2_odometer_state
M19C_S1_lab_hard_floor_B1_U050_R1,513.666427340,1.865730780,idle,0.500000,-1.213821769,-1.562845826,-2.181763172,0.021971192,0.027939476,-2.181758165,ros2_odometer_state
M19C_S1_lab_hard_floor_B1_U050_R1,513.668389782,1.867693222,idle,0.500000,-1.213821769,-1.562845826,-2.181763172,0.021970214,0.027938787,-2.181753397,ros2_odometer_state
M19C_S1_lab_hard_floor_B1_U050_R1,513.670826993,1.870130433,idle,0.500000,-1.213821769,-1.562845826,-2.181763172,0.021968378,0.027936995,-2.181747198,ros2_odometer_state
M19C_S1_lab_hard_floor_B1_U050_R1,513.672429613,1.871733053,idle,0.500000,-1.213821769,-1.562845826,-2.181763172,0.021970930,0.027932685,-2.181738615,ros2_odometer_state
M19C_S1_lab_hard_floor_B1_U050_R1,513.674460761,1.873764201,idle,0.500000,-1.213821769,-1.562845826,-2.181738615,0.021971291,0.027937097,-2.181735277,ros2_odometer_state
M19C_S1_lab_hard_floor_B1_U050_R1,513.677066683,1.876370123,idle,0.500000,-1.213821769,-1.562845826,-2.181738615,0.021967974,0.027947860,-2.181731701,ros2_odometer_state
M19C_S1_lab_hard_floor_B1_U050_R1,513.677844152,1.877147592,idle,0.500000,-1.213821769,-1.562845826,-2.181738615,0.021967974,0.027947860,-2.181731701,ros2_odometer_state
M19C_S1_lab_hard_floor_B1_U050_R1,513.680491931,1.879795371,idle,0.500000,-1.213821769,-1.562845826,-2.181738615,0.021965450,0.027948877,-2.181722641,ros2_odometer_state
M19C_S1_lab_hard_floor_B1_U050_R1,513.682304575,1.881608015,idle,0.500000,-1.213821769,-1.562845826,-2.181738615,0.021972531,0.027945597,-2.181714058,ros2_odometer_state
M19C_S1_lab_hard_floor_B1_U050_R1,513.684301610,1.883605050,idle,0.500000,-1.213821769,-1.562845826,-2.181738615,0.021972451,0.027942073,-2.181704283,ros2_odometer_state
M19C_S1_lab_hard_floor_B1_U050_R1,513.685502359,1.884805799,idle,0.500000,-1.213821769,-1.562845826,-2.181738615,0.021972451,0.027942073,-2.181704283,ros2_odometer_state
M19C_S1_lab_hard_floor_B1_U050_R1,513.688545224,1.887848664,idle,0.500000,-1.213821769,-1.562845826,-2.181738615,0.021974966,0.027951229,-2.181706905,ros2_odometer_state
M19C_S1_lab_hard_floor_B1_U050_R1,513.690877792,1.890181232,idle,0.500000,-1.213821769,-1.562845826,-2.181738615,0.021970563,0.027946664,-2.181705952,ros2_odometer_state
M19C_S1_lab_hard_floor_B1_U050_R1,513.692587104,1.891890544,idle,0.500000,-1.213821769,-1.562845826,-2.181738615,0.021963798,0.027937302,-2.181705475,ros2_odometer_state
M19C_S1_lab_hard_floor_B1_U050_R1,513.694519528,1.893822968,idle,0.500000,-1.213821769,-1.562845826,-2.181705475,0.021962143,0.027934058,-2.181704998,ros2_odometer_state
M19C_S1_lab_hard_floor_B1_U050_R1,513.696484146,1.895787586,idle,0.500000,-1.213821769,-1.562845826,-2.181705475,0.021960039,0.027939379,-2.181703329,ros2_odometer_state
M19C_S1_lab_hard_floor_B1_U050_R1,513.698427482,1.897730922,idle,0.500000,-1.213821769,-1.562845826,-2.181705475,0.021958677,0.027939890,-2.181703329,ros2_odometer_state
M19C_S1_lab_hard_floor_B1_U050_R1,513.700312929,1.899616369,idle,0.500000,-1.213821769,-1.562845826,-2.181705475,0.021968585,0.027935024,-2.181706190,ros2_odometer_state
M19C_S1_lab_hard_floor_B1_U050_R1,513.702473746,1.901777186,idle,0.500000,-1.213821769,-1.562845826,-2.181705475,0.021967473,0.027930414,-2.181704760,ros2_odometer_state
M19C_S1_lab_hard_floor_B1_U050_R1,513.704442844,1.903746284,idle,0.500000,-1.213821769,-1.562845826,-2.181705475,0.021961004,0.027927240,-2.181705236,ros2_odometer_state
M19C_S1_lab_hard_floor_B1_U050_R1,513.706417414,1.905720854,idle,0.500000,-1.213821769,-1.562845826,-2.181705475,0.021959536,0.027923705,-2.181709051,ros2_odometer_state
M19C_S1_lab_hard_floor_B1_U050_R1,513.708330957,1.907634397,idle,0.500000,-1.213821769,-1.562845826,-2.181705475,0.021955136,0.027923819,-2.181713104,ros2_odometer_state
M19C_S1_lab_hard_floor_B1_U050_R1,513.710975376,1.910278816,idle,0.500000,-1.213821769,-1.562845826,-2.181705475,0.021956330,0.027928820,-2.181717873,ros2_odometer_state
M19C_S1_lab_hard_floor_B1_U050_R1,513.712411590,1.911715030,idle,0.500000,-1.213821769,-1.562845826,-2.181705475,0.021960402,0.027932141,-2.181724787,ros2_odometer_state
M19C_S1_lab_hard_floor_B1_U050_R1,513.714366415,1.913669855,idle,0.500000,-1.213821769,-1.562845826,-2.181724787,0.021955587,0.027939700,-2.181726933,ros2_odometer_state
M19C_S1_lab_hard_floor_B1_U050_R1,513.716400475,1.915703915,idle,0.500000,-1.213821769,-1.562845826,-2.181724787,0.021954037,0.027948059,-2.181726217,ros2_odometer_state
M19C_S1_lab_hard_floor_B1_U050_R1,513.717531366,1.916834806,idle,0.500000,-1.213821769,-1.562845826,-2.181724787,0.021954037,0.027948059,-2.181726217,ros2_odometer_state
M19C_S1_lab_hard_floor_B1_U050_R1,513.720606425,1.919909865,idle,0.500000,-1.213821769,-1.562845826,-2.181724787,0.021957444,0.027953900,-2.181727409,ros2_odometer_state
M19C_S1_lab_hard_floor_B1_U050_R1,513.722563458,1.921866898,idle,0.500000,-1.213821769,-1.562845826,-2.181724787,0.021952366,0.027957946,-2.181728125,ros2_odometer_state
M19C_S1_lab_hard_floor_B1_U050_R1,513.724591246,1.923894686,idle,0.500000,-1.213821769,-1.562845826,-2.181724787,0.021947717,0.027955618,-2.181730986,ros2_odometer_state
M19C_S1_lab_hard_floor_B1_U050_R1,513.726581529,1.925884969,idle,0.500000,-1.213821769,-1.562845826,-2.181724787,0.021949610,0.027945856,-2.181730509,ros2_odometer_state
M19C_S1_lab_hard_floor_B1_U050_R1,513.728392252,1.927695692,idle,0.500000,-1.213821769,-1.562845826,-2.181724787,0.021946086,0.027939128,-2.181729078,ros2_odometer_state
M19C_S1_lab_hard_floor_B1_U050_R1,513.730958364,1.930261804,idle,0.500000,-1.213821769,-1.562845826,-2.181724787,0.021943480,0.027946092,-2.181732655,ros2_odometer_state
M19C_S1_lab_hard_floor_B1_U050_R1,513.731745786,1.931049226,idle,0.500000,-1.213821769,-1.562845826,-2.181724787,0.021943480,0.027946092,-2.181732655,ros2_odometer_state
M19C_S1_lab_hard_floor_B1_U050_R1,513.734597669,1.933901109,idle,0.500000,-1.213821769,-1.562845826,-2.181734562,0.021926129,0.027950199,-2.181733131,ros2_odometer_state
M19C_S1_lab_hard_floor_B1_U050_R1,513.736362151,1.935665591,idle,0.500000,-1.213821769,-1.562845826,-2.181734562,0.021920297,0.027948581,-2.181732655,ros2_odometer_state
M19C_S1_lab_hard_floor_B1_U050_R1,513.738512279,1.937815719,idle,0.500000,-1.213821769,-1.562845826,-2.181734562,0.021920148,0.027948655,-2.181726694,ros2_odometer_state
M19C_S1_lab_hard_floor_B1_U050_R1,513.740541955,1.939845395,idle,0.500000,-1.213821769,-1.562845826,-2.181734562,0.021918351,0.027948119,-2.181728125,ros2_odometer_state
M19C_S1_lab_hard_floor_B1_U050_R1,513.743194887,1.942498327,idle,0.500000,-1.213821769,-1.562845826,-2.181734562,0.021913566,0.027945662,-2.181735754,ros2_odometer_state
M19C_S1_lab_hard_floor_B1_U050_R1,513.743756092,1.943059532,idle,0.500000,-1.213821769,-1.562845826,-2.181734562,0.021913566,0.027945662,-2.181735754,ros2_odometer_state
M19C_S1_lab_hard_floor_B1_U050_R1,513.746267738,1.945571178,idle,0.500000,-1.213821769,-1.562845826,-2.181734562,0.021902215,0.027939055,-2.181731939,ros2_odometer_state
M19C_S1_lab_hard_floor_B1_U050_R1,513.749403439,1.948706879,idle,0.500000,-1.213821769,-1.562845826,-2.181734562,0.021907447,0.027933627,-2.181732416,ros2_odometer_state
M19C_S1_lab_hard_floor_B1_U050_R1,513.750472087,1.949775527,idle,0.500000,-1.213821769,-1.562845826,-2.181734562,0.021907447,0.027933627,-2.181732416,ros2_odometer_state
M19C_S1_lab_hard_floor_B1_U050_R1,513.752622824,1.951926264,idle,0.500000,-1.213821769,-1.562845826,-2.181734562,0.021920737,0.027933106,-2.181738377,ros2_odometer_state
M19C_S1_lab_hard_floor_B1_U050_R1,513.754562160,1.953865600,idle,0.500000,-1.213821769,-1.562845826,-2.181738377,0.021924447,0.027928149,-2.181735754,ros2_odometer_state
M19C_S1_lab_hard_floor_B1_U050_R1,513.756820453,1.956123893,idle,0.500000,-1.213821769,-1.562845826,-2.181738377,0.021930736,0.027921457,-2.181735039,ros2_odometer_state
M19C_S1_lab_hard_floor_B1_U050_R1,513.758429953,1.957733393,idle,0.500000,-1.213821769,-1.562845826,-2.181738377,0.021934865,0.027914189,-2.181736231,ros2_odometer_state
M19C_S1_lab_hard_floor_B1_U050_R1,513.760415243,1.959718683,idle,0.500000,-1.213821769,-1.562845826,-2.181738377,0.021933835,0.027906567,-2.181738377,ros2_odometer_state
M19C_S1_lab_hard_floor_B1_U050_R1,513.762522458,1.961825898,idle,0.500000,-1.213821769,-1.562845826,-2.181738377,0.021928020,0.027898945,-2.181742668,ros2_odometer_state
M19C_S1_lab_hard_floor_B1_U050_R1,513.764421537,1.963724977,idle,0.500000,-1.213821769,-1.562845826,-2.181738377,0.021926718,0.027897235,-2.181739807,ros2_odometer_state
M19C_S1_lab_hard_floor_B1_U050_R1,513.766393195,1.965696635,idle,0.500000,-1.213821769,-1.562845826,-2.181738377,0.021923097,0.027903734,-2.181733847,ros2_odometer_state
M19C_S1_lab_hard_floor_B1_U050_R1,513.768747331,1.968050771,idle,0.500000,-1.213821769,-1.562845826,-2.181738377,0.021924611,0.027904786,-2.181725502,ros2_odometer_state
M19C_S1_lab_hard_floor_B1_U050_R1,513.771044185,1.970347625,idle,0.500000,-1.213821769,-1.562845826,-2.181738377,0.021925354,0.027905399,-2.181731939,ros2_odometer_state
M19C_S1_lab_hard_floor_B1_U050_R1,513.771713330,1.971016770,idle,0.500000,-1.213821769,-1.562845826,-2.181738377,0.021925354,0.027905399,-2.181731939,ros2_odometer_state
M19C_S1_lab_hard_floor_B1_U050_R1,513.773735070,1.973038510,idle,0.500000,-1.213821769,-1.562845826,-2.181737423,0.021925503,0.027911397,-2.181737423,ros2_odometer_state
M19C_S1_lab_hard_floor_B1_U050_R1,513.777355269,1.976658709,idle,0.500000,-1.213821769,-1.562845826,-2.181737423,0.021921309,0.027903961,-2.181730032,ros2_odometer_state
M19C_S1_lab_hard_floor_B1_U050_R1,513.777764629,1.977068069,idle,0.500000,-1.213821769,-1.562845826,-2.181737423,0.021921309,0.027903961,-2.181730032,ros2_odometer_state
M19C_S1_lab_hard_floor_B1_U050_R1,513.780486843,1.979790283,idle,0.500000,-1.213821769,-1.562845826,-2.181737423,0.021918945,0.027907649,-2.181738615,ros2_odometer_state
M19C_S1_lab_hard_floor_B1_U050_R1,513.784913664,1.984217104,idle,0.500000,-1.213821769,-1.562845826,-2.181737423,0.021913869,0.027905220,-2.181746960,ros2_odometer_state
M19C_S1_lab_hard_floor_B1_U050_R1,513.785783073,1.985086513,idle,0.500000,-1.213821769,-1.562845826,-2.181737423,0.021907991,0.027907118,-2.181747198,ros2_odometer_state
M19C_S1_lab_hard_floor_B1_U050_R1,513.786650177,1.985953617,idle,0.500000,-1.213821769,-1.562845826,-2.181737423,0.021902142,0.027913278,-2.181748629,ros2_odometer_state
M19C_S1_lab_hard_floor_B1_U050_R1,513.789104701,1.988408141,idle,0.500000,-1.213821769,-1.562845826,-2.181737423,0.021904264,0.027917242,-2.181749105,ros2_odometer_state
M19C_S1_lab_hard_floor_B1_U050_R1,513.790345260,1.989648700,idle,0.500000,-1.213821769,-1.562845826,-2.181737423,0.021904264,0.027917242,-2.181749105,ros2_odometer_state
M19C_S1_lab_hard_floor_B1_U050_R1,513.793835214,1.993138654,idle,0.500000,-1.213821769,-1.562845826,-2.181737423,0.021907279,0.027925884,-2.181746960,ros2_odometer_state
M19C_S1_lab_hard_floor_B1_U050_R1,513.794846452,1.994149892,idle,0.500000,-1.213821769,-1.562845826,-2.181746960,0.021903228,0.027920242,-2.181746006,ros2_odometer_state
M19C_S1_lab_hard_floor_B1_U050_R1,513.799382782,1.998686222,idle,0.500000,-1.213821769,-1.562845826,-2.181746960,0.021900767,0.027912419,-2.181738853,ros2_odometer_state
M19C_S1_lab_hard_floor_B1_U050_R1,513.800328034,1.999631474,idle,0.500000,-1.213821769,-1.562845826,-2.181746960,0.021898678,0.027910702,-2.181735516,ros2_odometer_state
M19C_S1_lab_hard_floor_B1_U050_R1,513.801156193,2.000459633,idle,0.500000,-1.213821769,-1.562845826,-2.181746960,0.021902597,0.027908061,-2.181734085,ros2_odometer_state
M19C_S1_lab_hard_floor_B1_U050_R1,513.801686068,2.000989508,idle,0.500000,-1.213821769,-1.562845826,-2.181746960,0.021902597,0.027908061,-2.181734085,ros2_odometer_state
M19C_S1_lab_hard_floor_B1_U050_R1,513.804383609,2.003687049,idle,0.500000,-1.213821769,-1.562845826,-2.181746960,0.021908037,0.027897744,-2.181723356,ros2_odometer_state
M19C_S1_lab_hard_floor_B1_U050_R1,513.806376420,2.005679860,idle,0.500000,-1.213821769,-1.562845826,-2.181746960,0.021915516,0.027896995,-2.181721687,ros2_odometer_state
M19C_S1_lab_hard_floor_B1_U050_R1,513.808581367,2.007884807,idle,0.500000,-1.213821769,-1.562845826,-2.181746960,0.021923233,0.027897649,-2.181720495,ros2_odometer_state
M19C_S1_lab_hard_floor_B1_U050_R1,513.814433586,2.013737026,idle,0.500000,-1.213821769,-1.562845826,-2.181746960,0.021929575,0.027900482,-2.181720734,ros2_odometer_state
M19C_S1_lab_hard_floor_B1_U050_R1,513.815404662,2.014708102,idle,0.500000,-1.213821769,-1.562845826,-2.181746960,0.021927744,0.027899846,-2.181717873,ros2_odometer_state
M19C_S1_lab_hard_floor_B1_U050_R1,513.816921103,2.016224543,idle,0.500000,-1.213821769,-1.562845826,-2.181717873,0.021929007,0.027897401,-2.181718349,ros2_odometer_state
M19C_S1_lab_hard_floor_B1_U050_R1,513.817808528,2.017111968,idle,0.500000,-1.213821769,-1.562845826,-2.181717873,0.021940986,0.027895432,-2.181717396,ros2_odometer_state
M19C_S1_lab_hard_floor_B1_U050_R1,513.818672240,2.017975680,idle,0.500000,-1.213821769,-1.562845826,-2.181717873,0.021944959,0.027893996,-2.181716681,ros2_odometer_state
M19C_S1_lab_hard_floor_B1_U050_R1,513.820458419,2.019761859,idle,0.500000,-1.213821769,-1.562845826,-2.181717873,0.021940853,0.027899353,-2.181723356,ros2_odometer_state
M19C_S1_lab_hard_floor_B1_U050_R1,513.821680577,2.020984017,idle,0.500000,-1.213821769,-1.562845826,-2.181717873,0.021940853,0.027899353,-2.181723356,ros2_odometer_state
M19C_S1_lab_hard_floor_B1_U050_R1,513.824664337,2.023967777,idle,0.500000,-1.213821769,-1.562845826,-2.181717873,0.021946607,0.027902232,-2.181715965,ros2_odometer_state
M19C_S1_lab_hard_floor_B1_U050_R1,513.826554584,2.025858024,idle,0.500000,-1.213821769,-1.562845826,-2.181717873,0.021947460,0.027898669,-2.181712151,ros2_odometer_state
M19C_S1_lab_hard_floor_B1_U050_R1,513.827747748,2.027051188,idle,0.500000,-1.213821769,-1.562845826,-2.181717873,0.021947460,0.027898669,-2.181712151,ros2_odometer_state
M19C_S1_lab_hard_floor_B1_U050_R1,513.831207558,2.030510998,idle,0.500000,-1.213821769,-1.562845826,-2.181717873,0.021951528,0.027911503,-2.181720972,ros2_odometer_state
M19C_S1_lab_hard_floor_B1_U050_R1,513.831844094,2.031147534,idle,0.500000,-1.213821769,-1.562845826,-2.181717873,0.021951528,0.027911503,-2.181720972,ros2_odometer_state
M19C_S1_lab_hard_floor_B1_U050_R1,513.834540578,2.033844018,idle,0.500000,-1.213821769,-1.562845826,-2.181720257,0.021952780,0.027910076,-2.181720972,ros2_odometer_state
M19C_S1_lab_hard_floor_B1_U050_R1,513.836481227,2.035784667,idle,0.500000,-1.213821769,-1.562845826,-2.181720257,0.021952098,0.027908692,-2.181721687,ros2_odometer_state
M19C_S1_lab_hard_floor_B1_U050_R1,513.837708537,2.037011977,idle,0.500000,-1.213821769,-1.562845826,-2.181720257,0.021952098,0.027908692,-2.181721687,ros2_odometer_state
M19C_S1_lab_hard_floor_B1_U050_R1,513.840717130,2.040020570,idle,0.500000,-1.213821769,-1.562845826,-2.181720257,0.021940744,0.027906705,-2.181721449,ros2_odometer_state
M19C_S1_lab_hard_floor_B1_U050_R1,513.842644274,2.041947714,idle,0.500000,-1.213821769,-1.562845826,-2.181720257,0.021939907,0.027902883,-2.181710005,ros2_odometer_state
M19C_S1_lab_hard_floor_B1_U050_R1,513.843824350,2.043127790,idle,0.500000,-1.213821769,-1.562845826,-2.181720257,0.021939907,0.027902883,-2.181710005,ros2_odometer_state
M19C_S1_lab_hard_floor_B1_U050_R1,513.847134970,2.046438410,idle,0.500000,-1.213821769,-1.562845826,-2.181720257,0.021946818,0.027901456,-2.181714535,ros2_odometer_state
M19C_S1_lab_hard_floor_B1_U050_R1,513.848666707,2.047970147,idle,0.500000,-1.213821769,-1.562845826,-2.181720257,0.021954220,0.027896231,-2.181713343,ros2_odometer_state
M19C_S1_lab_hard_floor_B1_U050_R1,513.851242388,2.050545828,idle,0.500000,-1.213821769,-1.562845826,-2.181720257,0.021965677,0.027893919,-2.181710482,ros2_odometer_state
M19C_S1_lab_hard_floor_B1_U050_R1,513.852705259,2.052008699,idle,0.500000,-1.213821769,-1.562845826,-2.181720257,0.021966560,0.027896186,-2.181706905,ros2_odometer_state
M19C_S1_lab_hard_floor_B1_U050_R1,513.854676180,2.053979620,idle,0.500000,-1.213821769,-1.562845826,-2.181706905,0.021967256,0.027897030,-2.181710005,ros2_odometer_state
M19C_S1_lab_hard_floor_B1_U050_R1,513.855927811,2.055231251,idle,0.500000,-1.213821769,-1.562845826,-2.181706905,0.021967256,0.027897030,-2.181710005,ros2_odometer_state
M19C_S1_lab_hard_floor_B1_U050_R1,513.857868908,2.057172348,idle,0.500000,-1.213821769,-1.562845826,-2.181706905,0.021972548,0.027890980,-2.181714535,ros2_odometer_state
M19C_S1_lab_hard_floor_B1_U050_R1,513.859859894,2.059163334,idle,0.500000,-1.213821769,-1.562845826,-2.181706905,0.021968441,0.027887808,-2.181706190,ros2_odometer_state
M19C_S1_lab_hard_floor_B1_U050_R1,513.861852993,2.061156433,idle,0.500000,-1.213821769,-1.562845826,-2.181706905,0.021966305,0.027886929,-2.181695700,ros2_odometer_state
M19C_S1_lab_hard_floor_B1_U050_R1,513.864961781,2.064265221,idle,0.500000,-1.213821769,-1.562845826,-2.181706905,0.021965900,0.027879646,-2.181695938,ros2_odometer_state
M19C_S1_lab_hard_floor_B1_U050_R1,513.865839926,2.065143366,idle,0.500000,-1.213821769,-1.562845826,-2.181706905,0.021965900,0.027879646,-2.181695938,ros2_odometer_state
M19C_S1_lab_hard_floor_B1_U050_R1,513.868727298,2.068030738,idle,0.500000,-1.213821769,-1.562845826,-2.181706905,0.021965822,0.027871996,-2.181691170,ros2_odometer_state
M19C_S1_lab_hard_floor_B1_U050_R1,513.870439171,2.069742611,idle,0.500000,-1.213821769,-1.562845826,-2.181706905,0.021965822,0.027871996,-2.181691170,ros2_odometer_state
M19C_S1_lab_hard_floor_B1_U050_R1,513.872801435,2.072104875,idle,0.500000,-1.213821769,-1.562845826,-2.181706905,0.021963706,0.027875641,-2.181687832,ros2_odometer_state
M19C_S1_lab_hard_floor_B1_U050_R1,513.874599838,2.073903278,idle,0.500000,-1.213821769,-1.562845826,-2.181697607,0.021956751,0.027875138,-2.181697607,ros2_odometer_state
M19C_S1_lab_hard_floor_B1_U050_R1,513.876175769,2.075479209,idle,0.500000,-1.213821769,-1.562845826,-2.181697607,0.021958778,0.027870305,-2.181698799,ros2_odometer_state
M19C_S1_lab_hard_floor_B1_U050_R1,513.878946273,2.078249713,idle,0.500000,-1.213821769,-1.562845826,-2.181697607,0.021961598,0.027865866,-2.181694269,ros2_odometer_state
M19C_S1_lab_hard_floor_B1_U050_R1,513.881031727,2.080335167,idle,0.500000,-1.213821769,-1.562845826,-2.181697607,0.021959415,0.027866405,-2.181695223,ros2_odometer_state
M19C_S1_lab_hard_floor_B1_U050_R1,513.882601130,2.081904570,idle,0.500000,-1.213821769,-1.562845826,-2.181697607,0.021957003,0.027864967,-2.181694984,ros2_odometer_state
M19C_S1_lab_hard_floor_B1_U050_R1,513.884102914,2.083406354,idle,0.500000,-1.213821769,-1.562845826,-2.181697607,0.021957211,0.027864954,-2.181695938,ros2_odometer_state
M19C_S1_lab_hard_floor_B1_U050_R1,513.887025424,2.086328864,idle,0.500000,-1.213821769,-1.562845826,-2.181697607,0.021952961,0.027871748,-2.181700468,ros2_odometer_state
M19C_S1_lab_hard_floor_B1_U050_R1,513.888682382,2.087985822,idle,0.500000,-1.213821769,-1.562845826,-2.181697607,0.021951441,0.027871890,-2.181706190,ros2_odometer_state
M19C_S1_lab_hard_floor_B1_U050_R1,513.891233741,2.090537181,idle,0.500000,-1.213821769,-1.562845826,-2.181697607,0.021959079,0.027869627,-2.181706905,ros2_odometer_state
M19C_S1_lab_hard_floor_B1_U050_R1,513.891952328,2.091255768,idle,0.500000,-1.213821769,-1.562845826,-2.181697607,0.021959079,0.027869627,-2.181706905,ros2_odometer_state
M19C_S1_lab_hard_floor_B1_U050_R1,513.895838937,2.095142377,idle,0.500000,-1.213821769,-1.562845826,-2.181709766,0.021961594,0.027875545,-2.181712151,ros2_odometer_state
M19C_S1_lab_hard_floor_B1_U050_R1,513.896207271,2.095510711,idle,0.500000,-1.213821769,-1.562845826,-2.181709766,0.021961594,0.027875545,-2.181712151,ros2_odometer_state
M19C_S1_lab_hard_floor_B1_U050_R1,513.897879814,2.097183254,idle,0.500000,-1.213821769,-1.562845826,-2.181709766,0.021964118,0.027871178,-2.181712389,ros2_odometer_state
M19C_S1_lab_hard_floor_B1_U050_R1,513.900795251,2.100098691,idle,0.500000,-1.213821769,-1.562845826,-2.181709766,0.021959992,0.027878042,-2.181709766,ros2_odometer_state
M19C_S1_lab_hard_floor_B1_U050_R1,513.902721371,2.102024811,idle,0.500000,-1.213821769,-1.562845826,-2.181709766,0.021958543,0.027874330,-2.181711912,ros2_odometer_state
M19C_S1_lab_hard_floor_B1_U050_R1,513.904741895,2.104045335,idle,0.500000,-1.213821769,-1.562845826,-2.181709766,0.021965506,0.027876595,-2.181720257,ros2_odometer_state
M19C_S1_lab_hard_floor_B1_U050_R1,513.906623309,2.105926749,idle,0.500000,-1.213821769,-1.562845826,-2.181709766,0.021965802,0.027885366,-2.181728125,ros2_odometer_state
M19C_S1_lab_hard_floor_B1_U050_R1,513.909578140,2.108881580,idle,0.500000,-1.213821769,-1.562845826,-2.181709766,0.021966061,0.027886385,-2.181727886,ros2_odometer_state
M19C_S1_lab_hard_floor_B1_U050_R1,513.910644196,2.109947636,idle,0.500000,-1.213821769,-1.562845826,-2.181709766,0.021966061,0.027886385,-2.181727886,ros2_odometer_state
M19C_S1_lab_hard_floor_B1_U050_R1,513.912843158,2.112146598,idle,0.500000,-1.213821769,-1.562845826,-2.181709766,0.021961959,0.027884483,-2.181722403,ros2_odometer_state
M19C_S1_lab_hard_floor_B1_U050_R1,513.915016584,2.114320024,idle,0.500000,-1.213821769,-1.562845826,-2.181720734,0.021958856,0.027886426,-2.181716919,ros2_odometer_state
M19C_S1_lab_hard_floor_B1_U050_R1,513.916032046,2.115335486,idle,0.500000,-1.213821769,-1.562845826,-2.181720734,0.021958856,0.027886426,-2.181716919,ros2_odometer_state
M19C_S1_lab_hard_floor_B1_U050_R1,513.918686993,2.117990433,idle,0.500000,-1.213821769,-1.562845826,-2.181720734,0.021964844,0.027899113,-2.181711912,ros2_odometer_state
M19C_S1_lab_hard_floor_B1_U050_R1,513.920652955,2.119956395,idle,0.500000,-1.213821769,-1.562845826,-2.181720734,0.021961175,0.027903819,-2.181715727,ros2_odometer_state
M19C_S1_lab_hard_floor_B1_U050_R1,513.924268162,2.123571602,idle,0.500000,-1.213821769,-1.562845826,-2.181720734,0.021961175,0.027903819,-2.181715727,ros2_odometer_state
M19C_S1_lab_hard_floor_B1_U050_R1,513.925440174,2.124743614,idle,0.500000,-1.213821769,-1.562845826,-2.181720734,0.021958258,0.027898630,-2.181712151,ros2_odometer_state
M19C_S1_lab_hard_floor_B1_U050_R1,513.926698621,2.126002061,idle,0.500000,-1.213821769,-1.562845826,-2.181720734,0.021958057,0.027891187,-2.181705475,ros2_odometer_state
M19C_S1_lab_hard_floor_B1_U050_R1,513.928773963,2.128077403,idle,0.500000,-1.213821769,-1.562845826,-2.181720734,0.021958867,0.027895218,-2.181707859,ros2_odometer_state
M19C_S1_lab_hard_floor_B1_U050_R1,513.931253223,2.130556663,idle,0.500000,-1.213821769,-1.562845826,-2.181720734,0.021964118,0.027897485,-2.181702614,ros2_odometer_state
M19C_S1_lab_hard_floor_B1_U050_R1,513.932222764,2.131526204,idle,0.500000,-1.213821769,-1.562845826,-2.181720734,0.021964118,0.027897485,-2.181702614,ros2_odometer_state
M19C_S1_lab_hard_floor_B1_U050_R1,513.935115128,2.134418568,idle,0.500000,-1.213821769,-1.562845826,-2.181696892,0.021980990,0.027893279,-2.181694746,ros2_odometer_state
M19C_S1_lab_hard_floor_B1_U050_R1,513.937056161,2.136359601,idle,0.500000,-1.213821769,-1.562845826,-2.181696892,0.021982238,0.027889779,-2.181696415,ros2_odometer_state
M19C_S1_lab_hard_floor_B1_U050_R1,513.939044843,2.138348283,idle,0.500000,-1.213821769,-1.562845826,-2.181696892,0.021977108,0.027886314,-2.181696415,ros2_odometer_state
M19C_S1_lab_hard_floor_B1_U050_R1,513.941376514,2.140679954,idle,0.500000,-1.213821769,-1.562845826,-2.181696892,0.021971354,0.027883554,-2.181694031,ros2_odometer_state
M19C_S1_lab_hard_floor_B1_U050_R1,513.943139140,2.142442580,idle,0.500000,-1.213821769,-1.562845826,-2.181696892,0.021967556,0.027884131,-2.181695938,ros2_odometer_state
M19C_S1_lab_hard_floor_B1_U050_R1,513.944872869,2.144176309,idle,0.500000,-1.213821769,-1.562845826,-2.181696892,0.021967156,0.027880156,-2.181698322,ros2_odometer_state
M19C_S1_lab_hard_floor_B1_U050_R1,513.946037681,2.145341121,idle,0.500000,-1.213821769,-1.562845826,-2.181696892,0.021967156,0.027880156,-2.181698322,ros2_odometer_state
M19C_S1_lab_hard_floor_B1_U050_R1,513.948043772,2.147347212,idle,0.500000,-1.213821769,-1.562845826,-2.181696892,0.021963673,0.027878985,-2.181694269,ros2_odometer_state
M19C_S1_lab_hard_floor_B1_U050_R1,513.951462780,2.150766220,idle,0.500000,-1.213821769,-1.562845826,-2.181696892,0.021971203,0.027880715,-2.181696653,ros2_odometer_state
M19C_S1_lab_hard_floor_B1_U050_R1,513.952139541,2.151442981,idle,0.500000,-1.213821769,-1.562845826,-2.181696892,0.021971203,0.027880715,-2.181696653,ros2_odometer_state
M19C_S1_lab_hard_floor_B1_U050_R1,513.954119904,2.153423344,idle,0.500000,-1.213821769,-1.562845826,-2.181701899,0.021967024,0.027879264,-2.181701899,ros2_odometer_state
M19C_S1_lab_hard_floor_B1_U050_R1,513.956930537,2.156233977,idle,0.500000,-1.213821769,-1.562845826,-2.181701899,0.021961933,0.027863353,-2.181699753,ros2_odometer_state
M19C_S1_lab_hard_floor_B1_U050_R1,513.958029842,2.157333282,idle,0.500000,-1.213821769,-1.562845826,-2.181701899,0.021961933,0.027863353,-2.181699753,ros2_odometer_state
M19C_S1_lab_hard_floor_B1_U050_R1,513.961190856,2.160494296,idle,0.500000,-1.213821769,-1.562845826,-2.181701899,0.021962142,0.027862776,-2.181713343,ros2_odometer_state
M19C_S1_lab_hard_floor_B1_U050_R1,513.962911337,2.162214777,idle,0.500000,-1.213821769,-1.562845826,-2.181701899,0.021958407,0.027860321,-2.181711435,ros2_odometer_state
M19C_S1_lab_hard_floor_B1_U050_R1,513.964071828,2.163375268,idle,0.500000,-1.213821769,-1.562845826,-2.181701899,0.021958407,0.027860321,-2.181711435,ros2_odometer_state
M19C_S1_lab_hard_floor_B1_U050_R1,513.966874269,2.166177709,idle,0.500000,-1.213821769,-1.562845826,-2.181701899,0.021953329,0.027871441,-2.181703329,ros2_odometer_state
M19C_S1_lab_hard_floor_B1_U050_R1,513.968059849,2.167363289,idle,0.500000,-1.213821769,-1.562845826,-2.181701899,0.021953329,0.027871441,-2.181703329,ros2_odometer_state
M19C_S1_lab_hard_floor_B1_U050_R1,513.970673099,2.169976539,idle,0.500000,-1.213821769,-1.562845826,-2.181701899,0.021958746,0.027866099,-2.181706905,ros2_odometer_state
M19C_S1_lab_hard_floor_B1_U050_R1,513.972155555,2.171458995,idle,0.500000,-1.213821769,-1.562845826,-2.181701899,0.021960061,0.027855206,-2.181709290,ros2_odometer_state
M19C_S1_lab_hard_floor_B1_U050_R1,513.974154894,2.173458334,idle,0.500000,-1.213821769,-1.562845826,-2.181715012,0.021961702,0.027851027,-2.181715012,ros2_odometer_state
M19C_S1_lab_hard_floor_B1_U050_R1,513.977066011,2.176369451,idle,0.500000,-1.213821769,-1.562845826,-2.181715012,0.021962764,0.027848257,-2.181710720,ros2_odometer_state
M19C_S1_lab_hard_floor_B1_U050_R1,513.979263341,2.178566781,idle,0.500000,-1.213821769,-1.562845826,-2.181715012,0.021962795,0.027848147,-2.181708097,ros2_odometer_state
M19C_S1_lab_hard_floor_B1_U050_R1,513.980748805,2.180052245,idle,0.500000,-1.213821769,-1.562845826,-2.181715012,0.021962795,0.027848147,-2.181708097,ros2_odometer_state
M19C_S1_lab_hard_floor_B1_U050_R1,513.983152927,2.182456367,idle,0.500000,-1.213821769,-1.562845826,-2.181715012,0.021968106,0.027858775,-2.181712627,ros2_odometer_state
M19C_S1_lab_hard_floor_B1_U050_R1,513.985706206,2.185009646,idle,0.500000,-1.213821769,-1.562845826,-2.181715012,0.021967618,0.027862698,-2.181710958,ros2_odometer_state
M19C_S1_lab_hard_floor_B1_U050_R1,513.986277427,2.185580867,idle,0.500000,-1.213821769,-1.562845826,-2.181715012,0.021967618,0.027862698,-2.181710958,ros2_odometer_state
M19C_S1_lab_hard_floor_B1_U050_R1,513.988396835,2.187700275,idle,0.500000,-1.213821769,-1.562845826,-2.181715012,0.021962522,0.027870182,-2.181714535,ros2_odometer_state
M19C_S1_lab_hard_floor_B1_U050_R1,513.991642812,2.190946252,idle,0.500000,-1.213821769,-1.562845826,-2.181715012,0.021965807,0.027868262,-2.181715488,ros2_odometer_state
M19C_S1_lab_hard_floor_B1_U050_R1,513.992266708,2.191570148,idle,0.500000,-1.213821769,-1.562845826,-2.181715012,0.021965807,0.027868262,-2.181715488,ros2_odometer_state
M19C_S1_lab_hard_floor_B1_U050_R1,513.995018171,2.194321611,idle,0.500000,-1.213821769,-1.562845826,-2.181711912,0.021971634,0.027881596,-2.181708813,ros2_odometer_state
M19C_S1_lab_hard_floor_B1_U050_R1,513.997184332,2.196487772,idle,0.500000,-1.213821769,-1.562845826,-2.181711912,0.021965411,0.027883256,-2.181705475,ros2_odometer_state
M19C_S1_lab_hard_floor_B1_U050_R1,513.998964142,2.198267582,idle,0.500000,-1.213821769,-1.562845826,-2.181711912,0.021955121,0.027892116,-2.181714058,ros2_odometer_state
M19C_S1_lab_hard_floor_B1_U050_R1,514.000121146,2.199424586,idle,0.500000,-1.213821769,-1.562845826,-2.181711912,0.021955121,0.027892116,-2.181714058,ros2_odometer_state
M19C_S1_lab_hard_floor_B1_U050_R1,514.002883937,2.202187377,idle,0.500000,-1.213821769,-1.562845826,-2.181711912,0.021942604,0.027891038,-2.181723118,ros2_odometer_state
M19C_S1_lab_hard_floor_B1_U050_R1,514.004913229,2.204216669,idle,0.500000,-1.213821769,-1.562845826,-2.181711912,0.021939525,0.027883044,-2.181724310,ros2_odometer_state
M19C_S1_lab_hard_floor_B1_U050_R1,514.006138075,2.205441515,idle,0.500000,-1.213821769,-1.562845826,-2.181711912,0.021939525,0.027883044,-2.181724310,ros2_odometer_state
M19C_S1_lab_hard_floor_B1_U050_R1,514.008922147,2.208225587,idle,0.500000,-1.213821769,-1.562845826,-2.181711912,0.021935116,0.027884113,-2.181729078,ros2_odometer_state
M19C_S1_lab_hard_floor_B1_U050_R1,514.010799722,2.210103162,idle,0.500000,-1.213821769,-1.562845826,-2.181711912,0.021935116,0.027884113,-2.181729078,ros2_odometer_state
M19C_S1_lab_hard_floor_B1_U050_R1,514.013041662,2.212345102,idle,0.500000,-1.213821769,-1.562845826,-2.181711912,0.021946121,0.027885355,-2.181721210,ros2_odometer_state
M19C_S1_lab_hard_floor_B1_U050_R1,514.014174568,2.213478008,idle,0.500000,-1.213821769,-1.562845826,-2.181721210,0.021946121,0.027885355,-2.181721210,ros2_odometer_state
M19C_S1_lab_hard_floor_B1_U050_R1,514.017944117,2.217247557,idle,0.500000,-1.213821769,-1.562845826,-2.181721210,0.021950739,0.027885962,-2.181726694,ros2_odometer_state
M19C_S1_lab_hard_floor_B1_U050_R1,514.018922394,2.218225834,idle,0.500000,-1.213821769,-1.562845826,-2.181721210,0.021949472,0.027883885,-2.181730032,ros2_odometer_state
M19C_S1_lab_hard_floor_B1_U050_R1,514.021255537,2.220558977,idle,0.500000,-1.213821769,-1.562845826,-2.181721210,0.021942876,0.027874904,-2.181723595,ros2_odometer_state
M19C_S1_lab_hard_floor_B1_U050_R1,514.022151123,2.221454563,idle,0.500000,-1.213821769,-1.562845826,-2.181721210,0.021942876,0.027874904,-2.181723595,ros2_odometer_state
M19C_S1_lab_hard_floor_B1_U050_R1,514.025195909,2.224499349,idle,0.500000,-1.213821769,-1.562845826,-2.181721210,0.021935973,0.027866438,-2.181727409,ros2_odometer_state
M19C_S1_lab_hard_floor_B1_U050_R1,514.026875747,2.226179187,idle,0.500000,-1.213821769,-1.562845826,-2.181721210,0.021934830,0.027868640,-2.181727171,ros2_odometer_state
M19C_S1_lab_hard_floor_B1_U050_R1,514.028140179,2.227443619,idle,0.500000,-1.213821769,-1.562845826,-2.181721210,0.021934830,0.027868640,-2.181727171,ros2_odometer_state
M19C_S1_lab_hard_floor_B1_U050_R1,514.031567763,2.230871203,idle,0.500000,-1.213821769,-1.562845826,-2.181721210,0.021948989,0.027856126,-2.181728363,ros2_odometer_state
M19C_S1_lab_hard_floor_B1_U050_R1,514.033224721,2.232528161,idle,0.500000,-1.213821769,-1.562845826,-2.181721210,0.021949621,0.027851084,-2.181721449,ros2_odometer_state
M19C_S1_lab_hard_floor_B1_U050_R1,514.035183003,2.234486443,idle,0.500000,-1.213821769,-1.562845826,-2.181721449,0.021944588,0.027845085,-2.181716919,ros2_odometer_state
M19C_S1_lab_hard_floor_B1_U050_R1,514.037168997,2.236472437,idle,0.500000,-1.213821769,-1.562845826,-2.181721449,0.021946082,0.027849155,-2.181717873,ros2_odometer_state
M19C_S1_lab_hard_floor_B1_U050_R1,514.038340753,2.237644193,idle,0.500000,-1.213821769,-1.562845826,-2.181721449,0.021946082,0.027849155,-2.181717873,ros2_odometer_state
M19C_S1_lab_hard_floor_B1_U050_R1,514.042403785,2.241707225,idle,0.500000,-1.213821769,-1.562845826,-2.181721449,0.021951132,0.027851731,-2.181717634,ros2_odometer_state
M19C_S1_lab_hard_floor_B1_U050_R1,514.043501682,2.242805122,idle,0.500000,-1.213821769,-1.562845826,-2.181721449,0.021954222,0.027850637,-2.181723118,ros2_odometer_state
M19C_S1_lab_hard_floor_B1_U050_R1,514.044804995,2.244108435,idle,0.500000,-1.213821769,-1.562845826,-2.181721449,0.021960258,0.027852762,-2.181725979,ros2_odometer_state
M19C_S1_lab_hard_floor_B1_U050_R1,514.046339836,2.245643276,idle,0.500000,-1.213821769,-1.562845826,-2.181721449,0.021963680,0.027852695,-2.181726217,ros2_odometer_state
M19C_S1_lab_hard_floor_B1_U050_R1,514.048340935,2.247644375,idle,0.500000,-1.213821769,-1.562845826,-2.181721449,0.021963747,0.027856465,-2.181729555,ros2_odometer_state
M19C_S1_lab_hard_floor_B1_U050_R1,514.051563424,2.250866864,idle,0.500000,-1.213821769,-1.562845826,-2.181721449,0.021962790,0.027875785,-2.181737900,ros2_odometer_state
M19C_S1_lab_hard_floor_B1_U050_R1,514.052281051,2.251584491,idle,0.500000,-1.213821769,-1.562845826,-2.181721449,0.021962790,0.027875785,-2.181737900,ros2_odometer_state
M19C_S1_lab_hard_floor_B1_U050_R1,514.054305190,2.253608630,idle,0.500000,-1.213821769,-1.562845826,-2.181735039,0.021963937,0.027880205,-2.181735039,ros2_odometer_state
M19C_S1_lab_hard_floor_B1_U050_R1,514.056350931,2.255654371,idle,0.500000,-1.213821769,-1.562845826,-2.181735039,0.021967582,0.027889082,-2.181729794,ros2_odometer_state
M19C_S1_lab_hard_floor_B1_U050_R1,514.058969781,2.258273221,idle,0.500000,-1.213821769,-1.562845826,-2.181735039,0.021963157,0.027900143,-2.181730986,ros2_odometer_state
M19C_S1_lab_hard_floor_B1_U050_R1,514.060982176,2.260285616,idle,0.500000,-1.213821769,-1.562845826,-2.181735039,0.021965459,0.027902830,-2.181725979,ros2_odometer_state
M19C_S1_lab_hard_floor_B1_U050_R1,514.062964459,2.262267899,idle,0.500000,-1.213821769,-1.562845826,-2.181735039,0.021966925,0.027906390,-2.181721210,ros2_odometer_state
M19C_S1_lab_hard_floor_B1_U050_R1,514.065044473,2.264347913,idle,0.500000,-1.213821769,-1.562845826,-2.181735039,0.021969711,0.027909383,-2.181715965,ros2_odometer_state
M19C_S1_lab_hard_floor_B1_U050_R1,514.066977185,2.266280625,idle,0.500000,-1.213821769,-1.562845826,-2.181735039,0.021969983,0.027905235,-2.181717873,ros2_odometer_state
M19C_S1_lab_hard_floor_B1_U050_R1,514.069039150,2.268342590,idle,0.500000,-1.213821769,-1.562845826,-2.181735039,0.021968411,0.027901359,-2.181714296,ros2_odometer_state
M19C_S1_lab_hard_floor_B1_U050_R1,514.071683025,2.270986465,idle,0.500000,-1.213821769,-1.562845826,-2.181735039,0.021964306,0.027902367,-2.181708097,ros2_odometer_state
M19C_S1_lab_hard_floor_B1_U050_R1,514.073158504,2.272461944,idle,0.500000,-1.213821769,-1.562845826,-2.181735039,0.021959670,0.027912445,-2.181704521,ros2_odometer_state
M19C_S1_lab_hard_floor_B1_U050_R1,514.075046287,2.274349727,idle,0.500000,-1.213821769,-1.562845826,-2.181704521,0.021955753,0.027918544,-2.181702614,ros2_odometer_state
M19C_S1_lab_hard_floor_B1_U050_R1,514.077060922,2.276364362,idle,0.500000,-1.213821769,-1.562845826,-2.181704521,0.021956565,0.027920503,-2.181713104,ros2_odometer_state
M19C_S1_lab_hard_floor_B1_U050_R1,514.079038084,2.278341524,idle,0.500000,-1.213821769,-1.562845826,-2.181704521,0.021955501,0.027922062,-2.181712151,ros2_odometer_state
M19C_S1_lab_hard_floor_B1_U050_R1,514.080342933,2.279646373,idle,0.500000,-1.213821769,-1.562845826,-2.181704521,0.021955501,0.027922062,-2.181712151,ros2_odometer_state
M19C_S1_lab_hard_floor_B1_U050_R1,514.082411075,2.281714515,idle,0.500000,-1.213821769,-1.562845826,-2.181704521,0.021952631,0.027919782,-2.181705236,ros2_odometer_state
M19C_S1_lab_hard_floor_B1_U050_R1,514.085494390,2.284797830,idle,0.500000,-1.213821769,-1.562845826,-2.181704521,0.021955634,0.027922591,-2.181702614,ros2_odometer_state
M19C_S1_lab_hard_floor_B1_U050_R1,514.086871786,2.286175226,idle,0.500000,-1.213821769,-1.562845826,-2.181704521,0.021946147,0.027922761,-2.181697130,ros2_odometer_state
M19C_S1_lab_hard_floor_B1_U050_R1,514.089139487,2.288442927,idle,0.500000,-1.213821769,-1.562845826,-2.181704521,0.021933280,0.027916335,-2.181689501,ros2_odometer_state
M19C_S1_lab_hard_floor_B1_U050_R1,514.091587066,2.290890506,idle,0.500000,-1.213821769,-1.562845826,-2.181704521,0.021935767,0.027908182,-2.181687355,ros2_odometer_state
M19C_S1_lab_hard_floor_B1_U050_R1,514.093148661,2.292452101,idle,0.500000,-1.213821769,-1.562845826,-2.181704521,0.021940896,0.027897725,-2.181689739,ros2_odometer_state
M19C_S1_lab_hard_floor_B1_U050_R1,514.095317798,2.294621238,idle,0.500000,-1.213821769,-1.562845826,-2.181689739,0.021949070,0.027895503,-2.181690931,ros2_odometer_state
M19C_S1_lab_hard_floor_B1_U050_R1,514.096439088,2.295742528,idle,0.500000,-1.213821769,-1.562845826,-2.181689739,0.021949070,0.027895503,-2.181690931,ros2_odometer_state
M19C_S1_lab_hard_floor_B1_U050_R1,514.098298070,2.297601510,idle,0.500000,-1.213821769,-1.562845826,-2.181689739,0.021950774,0.027900418,-2.181694984,ros2_odometer_state
M19C_S1_lab_hard_floor_B1_U050_R1,514.101202114,2.300505554,idle,0.500000,-1.213821769,-1.562845826,-2.181689739,0.021944363,0.027892726,-2.181692362,ros2_odometer_state
M19C_S1_lab_hard_floor_B1_U050_R1,514.103225166,2.302528606,idle,0.500000,-1.213821769,-1.562845826,-2.181689739,0.021933872,0.027887175,-2.181683064,ros2_odometer_state
M19C_S1_lab_hard_floor_B1_U050_R1,514.105196088,2.304499528,idle,0.500000,-1.213821769,-1.562845826,-2.181689739,0.021929659,0.027884947,-2.181689501,ros2_odometer_state
M19C_S1_lab_hard_floor_B1_U050_R1,514.107033949,2.306337389,idle,0.500000,-1.213821769,-1.562845826,-2.181689739,0.021937994,0.027879816,-2.181697845,ros2_odometer_state
M19C_S1_lab_hard_floor_B1_U050_R1,514.109037800,2.308341240,idle,0.500000,-1.213821769,-1.562845826,-2.181689739,0.021942135,0.027877130,-2.181700230,ros2_odometer_state
M19C_S1_lab_hard_floor_B1_U050_R1,514.111664042,2.310967482,idle,0.500000,-1.213821769,-1.562845826,-2.181689739,0.021948736,0.027879152,-2.181696892,ros2_odometer_state
M19C_S1_lab_hard_floor_B1_U050_R1,514.113120160,2.312423600,idle,0.500000,-1.213821769,-1.562845826,-2.181689739,0.021950681,0.027881145,-2.181703329,ros2_odometer_state
M19C_S1_lab_hard_floor_B1_U050_R1,514.115283281,2.314586721,idle,0.500000,-1.213821769,-1.562845826,-2.181703329,0.021953728,0.027888495,-2.181710243,ros2_odometer_state
M19C_S1_lab_hard_floor_B1_U050_R1,514.117477284,2.316780724,idle,0.500000,-1.213821769,-1.562845826,-2.181703329,0.021958722,0.027895253,-2.181715012,ros2_odometer_state
M19C_S1_lab_hard_floor_B1_U050_R1,514.119043710,2.318347150,idle,0.500000,-1.213821769,-1.562845826,-2.181703329,0.021961089,0.027895993,-2.181715012,ros2_odometer_state
M19C_S1_lab_hard_floor_B1_U050_R1,514.122067471,2.321370911,idle,0.500000,-1.213821769,-1.562845826,-2.181703329,0.021964045,0.027898984,-2.181711674,ros2_odometer_state
M19C_S1_lab_hard_floor_B1_U050_R1,514.122593027,2.321896467,idle,0.500000,-1.213821769,-1.562845826,-2.181703329,0.021964045,0.027898984,-2.181711674,ros2_odometer_state
M19C_S1_lab_hard_floor_B1_U050_R1,514.124488426,2.323791866,idle,0.500000,-1.213821769,-1.562845826,-2.181703329,0.021967644,0.027901690,-2.181705952,ros2_odometer_state
M19C_S1_lab_hard_floor_B1_U050_R1,514.126955526,2.326258966,idle,0.500000,-1.213821769,-1.562845826,-2.181703329,0.021964440,0.027903549,-2.181705952,ros2_odometer_state
M19C_S1_lab_hard_floor_B1_U050_R1,514.128500704,2.327804144,idle,0.500000,-1.213821769,-1.562845826,-2.181703329,0.021961026,0.027902445,-2.181712627,ros2_odometer_state
M19C_S1_lab_hard_floor_B1_U050_R1,514.130970685,2.330274125,idle,0.500000,-1.213821769,-1.562845826,-2.181703329,0.021958327,0.027902167,-2.181712866,ros2_odometer_state
M19C_S1_lab_hard_floor_B1_U050_R1,514.133377431,2.332680871,idle,0.500000,-1.213821769,-1.562845826,-2.181703329,0.021977821,0.027905690,-2.181708336,ros2_odometer_state
M19C_S1_lab_hard_floor_B1_U050_R1,514.135331936,2.334635376,idle,0.500000,-1.213821769,-1.562845826,-2.181708336,0.021974772,0.027906051,-2.181711912,ros2_odometer_state
M19C_S1_lab_hard_floor_B1_U050_R1,514.136479147,2.335782587,idle,0.500000,-1.213821769,-1.562845826,-2.181708336,0.021974772,0.027906051,-2.181711912,ros2_odometer_state
M19C_S1_lab_hard_floor_B1_U050_R1,514.139375831,2.338679271,idle,0.500000,-1.213821769,-1.562845826,-2.181708336,0.021962835,0.027918046,-2.181706190,ros2_odometer_state
M19C_S1_lab_hard_floor_B1_U050_R1,514.140673224,2.339976664,idle,0.500000,-1.213821769,-1.562845826,-2.181708336,0.021962835,0.027918046,-2.181706190,ros2_odometer_state
M19C_S1_lab_hard_floor_B1_U050_R1,514.142590640,2.341894080,idle,0.500000,-1.213821769,-1.562845826,-2.181708336,0.021968966,0.027923005,-2.181709051,ros2_odometer_state
M19C_S1_lab_hard_floor_B1_U050_R1,514.145148016,2.344451456,idle,0.500000,-1.213821769,-1.562845826,-2.181708336,0.021981632,0.027926894,-2.181701899,ros2_odometer_state
M19C_S1_lab_hard_floor_B1_U050_R1,514.147081048,2.346384488,idle,0.500000,-1.213821769,-1.562845826,-2.181708336,0.021984380,0.027929144,-2.181703091,ros2_odometer_state
M19C_S1_lab_hard_floor_B1_U050_R1,514.149005056,2.348308496,idle,0.500000,-1.213821769,-1.562845826,-2.181708336,0.021982156,0.027936220,-2.181708097,ros2_odometer_state
M19C_S1_lab_hard_floor_B1_U050_R1,514.151743174,2.351046614,idle,0.500000,-1.213821769,-1.562845826,-2.181708336,0.021984804,0.027939614,-2.181714296,ros2_odometer_state
M19C_S1_lab_hard_floor_B1_U050_R1,514.153096121,2.352399561,idle,0.500000,-1.213821769,-1.562845826,-2.181708336,0.021992087,0.027942358,-2.181720734,ros2_odometer_state
M19C_S1_lab_hard_floor_B1_U050_R1,514.155204840,2.354508280,idle,0.500000,-1.213821769,-1.562845826,-2.181720734,0.021995241,0.027941491,-2.181720734,ros2_odometer_state
M19C_S1_lab_hard_floor_B1_U050_R1,514.157265877,2.356569317,idle,0.500000,-1.213821769,-1.562845826,-2.181720734,0.021995375,0.027943689,-2.181721449,ros2_odometer_state
M19C_S1_lab_hard_floor_B1_U050_R1,514.159034775,2.358338215,idle,0.500000,-1.213821769,-1.562845826,-2.181720734,0.021995621,0.027943907,-2.181720972,ros2_odometer_state
M19C_S1_lab_hard_floor_B1_U050_R1,514.161113093,2.360416533,idle,0.500000,-1.213821769,-1.562845826,-2.181720734,0.021993833,0.027945891,-2.181723833,ros2_odometer_state
M19C_S1_lab_hard_floor_B1_U050_R1,514.162374101,2.361677541,idle,0.500000,-1.213821769,-1.562845826,-2.181720734,0.021993833,0.027945891,-2.181723833,ros2_odometer_state
M19C_S1_lab_hard_floor_B1_U050_R1,514.165114619,2.364418059,idle,0.500000,-1.213821769,-1.562845826,-2.181720734,0.021999206,0.027956462,-2.181733608,ros2_odometer_state
M19C_S1_lab_hard_floor_B1_U050_R1,514.167433202,2.366736642,idle,0.500000,-1.213821769,-1.562845826,-2.181720734,0.021999111,0.027955431,-2.181740761,ros2_odometer_state
M19C_S1_lab_hard_floor_B1_U050_R1,514.169479039,2.368782479,idle,0.500000,-1.213821769,-1.562845826,-2.181720734,0.022000212,0.027955333,-2.181748152,ros2_odometer_state
M19C_S1_lab_hard_floor_B1_U050_R1,514.172808539,2.372111979,idle,0.500000,-1.213821769,-1.562845826,-2.181720734,0.022001192,0.027957000,-2.181753159,ros2_odometer_state
M19C_S1_lab_hard_floor_B1_U050_R1,514.173448627,2.372752067,idle,0.500000,-1.213821769,-1.562845826,-2.181720734,0.022001192,0.027957000,-2.181753159,ros2_odometer_state
M19C_S1_lab_hard_floor_B1_U050_R1,514.178381356,2.377684796,idle,0.500000,-1.213821769,-1.562845826,-2.181757927,0.022008672,0.027942177,-2.181754589,ros2_odometer_state
M19C_S1_lab_hard_floor_B1_U050_R1,514.179448820,2.378752260,idle,0.500000,-1.213821769,-1.562845826,-2.181757927,0.022005610,0.027943304,-2.181755304,ros2_odometer_state
M19C_S1_lab_hard_floor_B1_U050_R1,514.180552861,2.379856301,idle,0.500000,-1.213821769,-1.562845826,-2.181757927,0.022004755,0.027947623,-2.181757927,ros2_odometer_state
M19C_S1_lab_hard_floor_B1_U050_R1,514.181481312,2.380784752,idle,0.500000,-1.213821769,-1.562845826,-2.181757927,0.022001626,0.027945744,-2.181757927,ros2_odometer_state
M19C_S1_lab_hard_floor_B1_U050_R1,514.183247970,2.382551410,idle,0.500000,-1.213821769,-1.562845826,-2.181757927,0.021994719,0.027947877,-2.181756735,ros2_odometer_state
M19C_S1_lab_hard_floor_B1_U050_R1,514.185234700,2.384538140,idle,0.500000,-1.213821769,-1.562845826,-2.181757927,0.021990936,0.027951406,-2.181758881,ros2_odometer_state
M19C_S1_lab_hard_floor_B1_U050_R1,514.187269593,2.386573033,idle,0.500000,-1.213821769,-1.562845826,-2.181757927,0.021991976,0.027956884,-2.181761980,ros2_odometer_state
M19C_S1_lab_hard_floor_B1_U050_R1,514.189269123,2.388572563,idle,0.500000,-1.213821769,-1.562845826,-2.181757927,0.021995649,0.027959786,-2.181753635,ros2_odometer_state
M19C_S1_lab_hard_floor_B1_U050_R1,514.191917767,2.391221207,idle,0.500000,-1.213821769,-1.562845826,-2.181757927,0.021996971,0.027957482,-2.181749582,ros2_odometer_state
M19C_S1_lab_hard_floor_B1_U050_R1,514.192550238,2.391853678,idle,0.500000,-1.213821769,-1.562845826,-2.181757927,0.021996971,0.027957482,-2.181749582,ros2_odometer_state
M19C_S1_lab_hard_floor_B1_U050_R1,514.195344551,2.394647991,idle,0.500000,-1.213821769,-1.562845826,-2.181750298,0.021992516,0.027954333,-2.181753159,ros2_odometer_state
M19C_S1_lab_hard_floor_B1_U050_R1,514.197286448,2.396589888,idle,0.500000,-1.213821769,-1.562845826,-2.181750298,0.021998605,0.027959131,-2.181754351,ros2_odometer_state
M19C_S1_lab_hard_floor_B1_U050_R1,514.198487805,2.397791245,idle,0.500000,-1.213821769,-1.562845826,-2.181750298,0.021998605,0.027959131,-2.181754351,ros2_odometer_state
M19C_S1_lab_hard_floor_B1_U050_R1,514.201426699,2.400730139,idle,0.500000,-1.213821769,-1.562845826,-2.181750298,0.021996569,0.027957737,-2.181749105,ros2_odometer_state
M19C_S1_lab_hard_floor_B1_U050_R1,514.203365907,2.402669347,idle,0.500000,-1.213821769,-1.562845826,-2.181750298,0.022000140,0.027954001,-2.181742191,ros2_odometer_state
M19C_S1_lab_hard_floor_B1_U050_R1,514.206562571,2.405866011,idle,0.500000,-1.213821769,-1.562845826,-2.181750298,0.021993516,0.027957745,-2.181740999,ros2_odometer_state
M19C_S1_lab_hard_floor_B1_U050_R1,514.207208643,2.406512083,idle,0.500000,-1.213821769,-1.562845826,-2.181750298,0.021993516,0.027957745,-2.181740999,ros2_odometer_state
M19C_S1_lab_hard_floor_B1_U050_R1,514.211322365,2.410625805,idle,0.500000,-1.213821769,-1.562845826,-2.181750298,0.021982782,0.027960841,-2.181735516,ros2_odometer_state
M19C_S1_lab_hard_floor_B1_U050_R1,514.211712812,2.411016252,idle,0.500000,-1.213821769,-1.562845826,-2.181750298,0.021982782,0.027960841,-2.181735516,ros2_odometer_state
M19C_S1_lab_hard_floor_B1_U050_R1,514.213100608,2.412404048,idle,0.500000,-1.213821769,-1.562845826,-2.181750298,0.021981543,0.027956191,-2.181730032,ros2_odometer_state
M19C_S1_lab_hard_floor_B1_U050_R1,514.215390645,2.414694085,idle,0.500000,-1.213821769,-1.562845826,-2.181725740,0.021982983,0.027971046,-2.181728840,ros2_odometer_state
M19C_S1_lab_hard_floor_B1_U050_R1,514.217323198,2.416626638,idle,0.500000,-1.213821769,-1.562845826,-2.181725740,0.021983523,0.027976260,-2.181731939,ros2_odometer_state
M19C_S1_lab_hard_floor_B1_U050_R1,514.219556433,2.418859873,idle,0.500000,-1.213821769,-1.562845826,-2.181725740,0.021983603,0.027975287,-2.181727171,ros2_odometer_state
M19C_S1_lab_hard_floor_B1_U050_R1,514.222587235,2.421890675,idle,0.500000,-1.213821769,-1.562845826,-2.181725740,0.021989796,0.027981900,-2.181727171,ros2_odometer_state
M19C_S1_lab_hard_floor_B1_U050_R1,514.223479396,2.422782836,idle,0.500000,-1.213821769,-1.562845826,-2.181725740,0.021994151,0.027984940,-2.181733608,ros2_odometer_state
M19C_S1_lab_hard_floor_B1_U050_R1,514.224542540,2.423845980,idle,0.500000,-1.213821769,-1.562845826,-2.181725740,0.021994151,0.027984940,-2.181733608,ros2_odometer_state
M19C_S1_lab_hard_floor_B1_U050_R1,514.227295155,2.426598595,idle,0.500000,-1.213821769,-1.562845826,-2.181725740,0.021996746,0.027987201,-2.181731939,ros2_odometer_state
M19C_S1_lab_hard_floor_B1_U050_R1,514.229455332,2.428758772,idle,0.500000,-1.213821769,-1.562845826,-2.181725740,0.021992192,0.027991245,-2.181733131,ros2_odometer_state
M19C_S1_lab_hard_floor_B1_U050_R1,514.231878175,2.431181615,idle,0.500000,-1.213821769,-1.562845826,-2.181725740,0.021986602,0.027986242,-2.181731701,ros2_odometer_state
M19C_S1_lab_hard_floor_B1_U050_R1,514.233414424,2.432717864,idle,0.500000,-1.213821769,-1.562845826,-2.181725740,0.021986535,0.027981102,-2.181730986,ros2_odometer_state
M19C_S1_lab_hard_floor_B1_U050_R1,514.235454437,2.434757877,idle,0.500000,-1.213821769,-1.562845826,-2.181730986,0.021989176,0.027974274,-2.181728125,ros2_odometer_state
M19C_S1_lab_hard_floor_B1_U050_R1,514.236578735,2.435882175,idle,0.500000,-1.213821769,-1.562845826,-2.181730986,0.021989176,0.027974274,-2.181728125,ros2_odometer_state
M19C_S1_lab_hard_floor_B1_U050_R1,514.239564190,2.438867630,idle,0.500000,-1.213821769,-1.562845826,-2.181730986,0.021997655,0.027955258,-2.181712151,ros2_odometer_state
M19C_S1_lab_hard_floor_B1_U050_R1,514.242062332,2.441365772,idle,0.500000,-1.213821769,-1.562845826,-2.181730986,0.021990854,0.027943885,-2.181702614,ros2_odometer_state
M19C_S1_lab_hard_floor_B1_U050_R1,514.242780503,2.442083943,idle,0.500000,-1.213821769,-1.562845826,-2.181730986,0.021990854,0.027943885,-2.181702614,ros2_odometer_state
M19C_S1_lab_hard_floor_B1_U050_R1,514.246502274,2.445805714,idle,0.500000,-1.213821769,-1.562845826,-2.181730986,0.021976719,0.027921656,-2.181641817,ros2_odometer_state
M19C_S1_lab_hard_floor_B1_U050_R1,514.246892977,2.446196417,idle,0.500000,-1.213821769,-1.562845826,-2.181730986,0.021976719,0.027921656,-2.181641817,ros2_odometer_state
M19C_S1_lab_hard_floor_B1_U050_R1,514.249490034,2.448793474,idle,0.500000,-1.213821769,-1.562845826,-2.181730986,0.021955824,0.027916860,-2.181555748,ros2_odometer_state
M19C_S1_lab_hard_floor_B1_U050_R1,514.251897644,2.451201084,idle,0.500000,-1.213821769,-1.562845826,-2.181730986,0.021936301,0.027920758,-2.181508064,ros2_odometer_state
M19C_S1_lab_hard_floor_B1_U050_R1,514.253513417,2.452816857,idle,0.500000,-1.213821769,-1.562845826,-2.181730986,0.021910969,0.027932230,-2.181460857,ros2_odometer_state
M19C_S1_lab_hard_floor_B1_U050_R1,514.255592087,2.454895527,idle,0.500000,-1.213821769,-1.562845826,-2.181460857,0.021892617,0.027938157,-2.181399822,ros2_odometer_state
M19C_S1_lab_hard_floor_B1_U050_R1,514.257460413,2.456763853,idle,0.500000,-1.213821769,-1.562845826,-2.181460857,0.021872405,0.027947064,-2.181341648,ros2_odometer_state
M19C_S1_lab_hard_floor_B1_U050_R1,514.259509961,2.458813401,idle,0.500000,-1.213821769,-1.562845826,-2.181460857,0.021842903,0.027956061,-2.181290627,ros2_odometer_state
M19C_S1_lab_hard_floor_B1_U050_R1,514.261722812,2.461026252,idle,0.500000,-1.213821769,-1.562845826,-2.181460857,0.021816580,0.027960479,-2.181245565,ros2_odometer_state
M19C_S1_lab_hard_floor_B1_U050_R1,514.263429436,2.462732876,idle,0.500000,-1.213821769,-1.562845826,-2.181460857,0.021794904,0.027964180,-2.181208849,ros2_odometer_state
M19C_S1_lab_hard_floor_B1_U050_R1,514.265427687,2.464731127,idle,0.500000,-1.213821769,-1.562845826,-2.181460857,0.021770017,0.027969005,-2.181173086,ros2_odometer_state
M19C_S1_lab_hard_floor_B1_U050_R1,514.267446930,2.466750370,idle,0.500000,-1.213821769,-1.562845826,-2.181460857,0.021751260,0.027972141,-2.181132555,ros2_odometer_state
M19C_S1_lab_hard_floor_B1_U050_R1,514.270616969,2.469920409,idle,0.500000,-1.213821769,-1.562845826,-2.181460857,0.021733159,0.027979227,-2.181102991,ros2_odometer_state
M19C_S1_lab_hard_floor_B1_U050_R1,514.271445032,2.470748472,idle,0.500000,-1.213821769,-1.562845826,-2.181460857,0.021733159,0.027979227,-2.181102991,ros2_odometer_state
M19C_S1_lab_hard_floor_B1_U050_R1,514.273046660,2.472350100,idle,0.500000,-1.213821769,-1.562845826,-2.181460857,0.021714253,0.027993238,-2.181092978,ros2_odometer_state
M19C_S1_lab_hard_floor_B1_U050_R1,514.276444867,2.475748307,idle,0.500000,-1.213821769,-1.562845826,-2.181080818,0.021697741,0.028048577,-2.181059599,ros2_odometer_state
M19C_S1_lab_hard_floor_B1_U050_R1,514.277308932,2.476612372,idle,0.500000,-1.213821769,-1.562845826,-2.181080818,0.021697741,0.028048577,-2.181059599,ros2_odometer_state
M19C_S1_lab_hard_floor_B1_U050_R1,514.278779227,2.478082667,idle,0.500000,-1.213821769,-1.562845826,-2.181080818,0.021693651,0.028093418,-2.181030273,ros2_odometer_state
M19C_S1_lab_hard_floor_B1_U050_R1,514.281462495,2.480765935,idle,0.500000,-1.213821769,-1.562845826,-2.181080818,0.021676546,0.028203424,-2.180972338,ros2_odometer_state
M19C_S1_lab_hard_floor_B1_U050_R1,514.283437961,2.482741401,idle,0.500000,-1.213821769,-1.562845826,-2.181080818,0.021656811,0.028270248,-2.180945635,ros2_odometer_state
M19C_S1_lab_hard_floor_B1_U050_R1,514.284660375,2.483963815,idle,0.500000,-1.213821769,-1.562845826,-2.181080818,0.021656811,0.028270248,-2.180945635,ros2_odometer_state
M19C_S1_lab_hard_floor_B1_U050_R1,514.287390589,2.486694029,idle,0.500000,-1.213821769,-1.562845826,-2.181080818,0.021617431,0.028438376,-2.180855274,ros2_odometer_state
M19C_S1_lab_hard_floor_B1_U050_R1,514.289391656,2.488695096,idle,0.500000,-1.213821769,-1.562845826,-2.181080818,0.021604134,0.028535338,-2.180818081,ros2_odometer_state
M19C_S1_lab_hard_floor_B1_U050_R1,514.291271694,2.490575134,idle,0.500000,-1.213821769,-1.562845826,-2.181080818,0.021604134,0.028535338,-2.180818081,ros2_odometer_state
M19C_S1_lab_hard_floor_B1_U050_R1,514.293496450,2.492799890,idle,0.500000,-1.213821769,-1.562845826,-2.181080818,0.021568302,0.028727595,-2.180701971,ros2_odometer_state
M19C_S1_lab_hard_floor_B1_U050_R1,514.295512653,2.494816093,idle,0.500000,-1.213821769,-1.562845826,-2.180701971,0.021559071,0.028812844,-2.180638313,ros2_odometer_state
M19C_S1_lab_hard_floor_B1_U050_R1,514.296718938,2.496022378,idle,0.500000,-1.213821769,-1.562845826,-2.180701971,0.021559071,0.028812844,-2.180638313,ros2_odometer_state
M19C_S1_lab_hard_floor_B1_U050_R1,514.299821359,2.499124799,idle,0.500000,-1.213821769,-1.562845826,-2.180701971,0.021536702,0.028946273,-2.180505276,ros2_odometer_state
M19C_S1_lab_hard_floor_B1_U050_R1,514.300879478,2.500182918,command,0.500000,-1.213821769,-1.562845826,-2.180701971,0.021536702,0.028946273,-2.180505276,ros2_odometer_state
M19C_S1_lab_hard_floor_B1_U050_R1,514.302844064,2.502147504,command,0.500000,-1.213821769,-1.562845826,-2.180701971,0.021519259,0.028978253,-2.180431604,ros2_odometer_state
M19C_S1_lab_hard_floor_B1_U050_R1,514.304858635,2.504162075,command,0.500000,-1.213821769,-1.562845826,-2.180701971,0.021499177,0.029002510,-2.180354357,ros2_odometer_state
M19C_S1_lab_hard_floor_B1_U050_R1,514.308351534,2.507654974,command,0.500000,-1.213821769,-1.562845826,-2.180701971,0.021465730,0.029071497,-2.180187941,ros2_odometer_state
M19C_S1_lab_hard_floor_B1_U050_R1,514.309150732,2.508454172,command,0.500000,-1.213821769,-1.562845826,-2.180701971,0.021465730,0.029071497,-2.180187941,ros2_odometer_state
M19C_S1_lab_hard_floor_B1_U050_R1,514.312159580,2.511463020,command,0.500000,-1.213821769,-1.562845826,-2.180701971,0.021416087,0.029158184,-2.180027246,ros2_odometer_state
M19C_S1_lab_hard_floor_B1_U050_R1,514.313678933,2.512982373,command,0.500000,-1.213821769,-1.562845826,-2.180701971,0.021393094,0.029207323,-2.179948807,ros2_odometer_state
M19C_S1_lab_hard_floor_B1_U050_R1,514.315651551,2.514954991,command,0.500000,-1.213821769,-1.562845826,-2.179948807,0.021372836,0.029247994,-2.179864883,ros2_odometer_state
M19C_S1_lab_hard_floor_B1_U050_R1,514.317562727,2.516866167,command,0.500000,-1.213821769,-1.562845826,-2.179948807,0.021351878,0.029279400,-2.179783344,ros2_odometer_state
M19C_S1_lab_hard_floor_B1_U050_R1,514.319541745,2.518845185,command,0.500000,-1.213821769,-1.562845826,-2.179948807,0.021324955,0.029311774,-2.179706573,ros2_odometer_state
M19C_S1_lab_hard_floor_B1_U050_R1,514.321715842,2.521019282,command,0.500000,-1.213821769,-1.562845826,-2.179948807,0.021284202,0.029343398,-2.179622889,ros2_odometer_state
M19C_S1_lab_hard_floor_B1_U050_R1,514.323579976,2.522883416,command,0.500000,-1.213821769,-1.562845826,-2.179948807,0.021239299,0.029369891,-2.179529905,ros2_odometer_state
M19C_S1_lab_hard_floor_B1_U050_R1,514.325701815,2.525005255,command,0.500000,-1.213821769,-1.562845826,-2.179948807,0.021200962,0.029395875,-2.179440260,ros2_odometer_state
M19C_S1_lab_hard_floor_B1_U050_R1,514.326806689,2.526110129,command,0.500000,-1.213821769,-1.562845826,-2.179948807,0.021200962,0.029395875,-2.179440260,ros2_odometer_state
M19C_S1_lab_hard_floor_B1_U050_R1,514.329618378,2.528921818,command,0.500000,-1.213821769,-1.562845826,-2.179948807,0.021145357,0.029454000,-2.179258108,ros2_odometer_state
M19C_S1_lab_hard_floor_B1_U050_R1,514.332174634,2.531478074,command,0.500000,-1.213821769,-1.562845826,-2.179948807,0.021113580,0.029474929,-2.179162979,ros2_odometer_state
M19C_S1_lab_hard_floor_B1_U050_R1,514.333659905,2.532963345,command,0.500000,-1.213821769,-1.562845826,-2.179948807,0.021077622,0.029500408,-2.179064512,ros2_odometer_state
M19C_S1_lab_hard_floor_B1_U050_R1,514.334935601,2.534239041,command,0.500000,-1.213821769,-1.562845826,-2.179064512,0.021077622,0.029500408,-2.179064512,ros2_odometer_state
M19C_S1_lab_hard_floor_B1_U050_R1,514.337501041,2.536804481,command,0.500000,-1.213821769,-1.562845826,-2.179064512,0.021003351,0.029548278,-2.178860664,ros2_odometer_state
M19C_S1_lab_hard_floor_B1_U050_R1,514.338744768,2.538048208,command,0.500000,-1.213821769,-1.562845826,-2.179064512,0.021003351,0.029548278,-2.178860664,ros2_odometer_state
M19C_S1_lab_hard_floor_B1_U050_R1,514.340718186,2.540021626,command,0.500000,-1.213821769,-1.562845826,-2.179064512,0.020970814,0.029580001,-2.178746700,ros2_odometer_state
M19C_S1_lab_hard_floor_B1_U050_R1,514.343459664,2.542763104,command,0.500000,-1.213821769,-1.562845826,-2.179064512,0.020908330,0.029645644,-2.178523779,ros2_odometer_state
M19C_S1_lab_hard_floor_B1_U050_R1,514.344807203,2.544110643,command,0.500000,-1.213821769,-1.562845826,-2.179064512,0.020908330,0.029645644,-2.178523779,ros2_odometer_state
M19C_S1_lab_hard_floor_B1_U050_R1,514.346735499,2.546038939,command,0.500000,-1.213821769,-1.562845826,-2.179064512,0.020874221,0.029673325,-2.178417683,ros2_odometer_state
M19C_S1_lab_hard_floor_B1_U050_R1,514.348741174,2.548044614,command,0.500000,-1.213821769,-1.562845826,-2.179064512,0.020839714,0.029697679,-2.178315401,ros2_odometer_state
M19C_S1_lab_hard_floor_B1_U050_R1,514.351357624,2.550661064,command,0.500000,-1.213821769,-1.562845826,-2.179064512,0.020802785,0.029724725,-2.178224325,ros2_odometer_state
M19C_S1_lab_hard_floor_B1_U050_R1,514.352832495,2.552135935,command,0.500000,-1.213821769,-1.562845826,-2.179064512,0.020769887,0.029754126,-2.178153753,ros2_odometer_state
M19C_S1_lab_hard_floor_B1_U050_R1,514.355886978,2.555190418,command,0.500000,-1.213821769,-1.562845826,-2.178092241,0.020695269,0.029796788,-2.178034067,ros2_odometer_state
M19C_S1_lab_hard_floor_B1_U050_R1,514.357712710,2.557016150,command,0.500000,-1.213821769,-1.562845826,-2.178092241,0.020654285,0.029815275,-2.177973270,ros2_odometer_state
M19C_S1_lab_hard_floor_B1_U050_R1,514.359607437,2.558910877,command,0.500000,-1.213821769,-1.562845826,-2.178092241,0.020618796,0.029837335,-2.177905560,ros2_odometer_state
M19C_S1_lab_hard_floor_B1_U050_R1,514.360759800,2.560063240,command,0.500000,-1.213821769,-1.562845826,-2.178092241,0.020618796,0.029837335,-2.177905560,ros2_odometer_state
M19C_S1_lab_hard_floor_B1_U050_R1,514.362802469,2.562105909,command,0.500000,-1.213821769,-1.562845826,-2.178092241,0.020595517,0.029858509,-2.177846909,ros2_odometer_state
M19C_S1_lab_hard_floor_B1_U050_R1,514.365628494,2.564931934,command,0.500000,-1.213821769,-1.562845826,-2.178092241,0.020557834,0.029941892,-2.177772760,ros2_odometer_state
M19C_S1_lab_hard_floor_B1_U050_R1,514.367578871,2.566882311,command,0.500000,-1.213821769,-1.562845826,-2.178092241,0.020554435,0.029982954,-2.177752972,ros2_odometer_state
M19C_S1_lab_hard_floor_B1_U050_R1,514.369638660,2.568942100,command,0.500000,-1.213821769,-1.562845826,-2.178092241,0.020559385,0.030031322,-2.177733898,ros2_odometer_state
M19C_S1_lab_hard_floor_B1_U050_R1,514.372225605,2.571529045,command,0.500000,-1.213821769,-1.562845826,-2.178092241,0.020562984,0.030082425,-2.177725554,ros2_odometer_state
M19C_S1_lab_hard_floor_B1_U050_R1,514.373730078,2.573033518,command,0.500000,-1.213821769,-1.562845826,-2.178092241,0.020571450,0.030137934,-2.177735567,ros2_odometer_state
M19C_S1_lab_hard_floor_B1_U050_R1,514.375833196,2.575136636,command,0.500000,-1.213821769,-1.562845826,-2.177735567,0.020581400,0.030191917,-2.177748919,ros2_odometer_state
M19C_S1_lab_hard_floor_B1_U050_R1,514.377939835,2.577243275,command,0.500000,-1.213821769,-1.562845826,-2.177735567,0.020581400,0.030191917,-2.177748919,ros2_odometer_state
M19C_S1_lab_hard_floor_B1_U050_R1,514.379656508,2.578959948,command,0.500000,-1.213821769,-1.562845826,-2.177735567,0.020586235,0.030253252,-2.177767515,ros2_odometer_state
M19C_S1_lab_hard_floor_B1_U050_R1,514.380874057,2.580177497,command,0.500000,-1.213821769,-1.562845826,-2.177735567,0.020602101,0.030321391,-2.177802563,ros2_odometer_state
M19C_S1_lab_hard_floor_B1_U050_R1,514.383712019,2.583015459,command,0.500000,-1.213821769,-1.562845826,-2.177735567,0.020643560,0.030469216,-2.177889347,ros2_odometer_state
M19C_S1_lab_hard_floor_B1_U050_R1,514.385714750,2.585018190,command,0.500000,-1.213821769,-1.562845826,-2.177735567,0.020670403,0.030557957,-2.177928448,ros2_odometer_state
M19C_S1_lab_hard_floor_B1_U050_R1,514.387650599,2.586954039,command,0.500000,-1.213821769,-1.562845826,-2.177735567,0.020695100,0.030650040,-2.177957058,ros2_odometer_state
M19C_S1_lab_hard_floor_B1_U050_R1,514.389649746,2.588953186,command,0.500000,-1.213821769,-1.562845826,-2.177735567,0.020720946,0.030749289,-2.177978516,ros2_odometer_state
M19C_S1_lab_hard_floor_B1_U050_R1,514.392248723,2.591552163,command,0.500000,-1.213821769,-1.562845826,-2.177735567,0.020750409,0.030847339,-2.178010941,ros2_odometer_state
M19C_S1_lab_hard_floor_B1_U050_R1,514.393769804,2.593073244,command,0.500000,-1.213821769,-1.562845826,-2.177735567,0.020777829,0.030941427,-2.178050041,ros2_odometer_state
M19C_S1_lab_hard_floor_B1_U050_R1,514.395754486,2.595057926,command,0.500000,-1.213821769,-1.562845826,-2.178050041,0.020797091,0.031030908,-2.178084135,ros2_odometer_state
M19C_S1_lab_hard_floor_B1_U050_R1,514.396900097,2.596203537,command,0.500000,-1.213821769,-1.562845826,-2.178050041,0.020797091,0.031030908,-2.178084135,ros2_odometer_state
M19C_S1_lab_hard_floor_B1_U050_R1,514.399642472,2.598945912,command,0.500000,-1.213821769,-1.562845826,-2.178050041,0.020835688,0.031227794,-2.178147078,ros2_odometer_state
M19C_S1_lab_hard_floor_B1_U050_R1,514.401598961,2.600902401,command,0.500000,-1.213821769,-1.562845826,-2.178050041,0.020856738,0.031333618,-2.178174973,ros2_odometer_state
M19C_S1_lab_hard_floor_B1_U050_R1,514.403761570,2.603065010,command,0.500000,-1.213821769,-1.562845826,-2.178050041,0.020879598,0.031430762,-2.178206444,ros2_odometer_state
M19C_S1_lab_hard_floor_B1_U050_R1,514.405797998,2.605101438,command,0.500000,-1.213821769,-1.562845826,-2.178050041,0.020901617,0.031531449,-2.178240299,ros2_odometer_state
M19C_S1_lab_hard_floor_B1_U050_R1,514.407739031,2.607042471,command,0.500000,-1.213821769,-1.562845826,-2.178050041,0.020928528,0.031641319,-2.178272009,ros2_odometer_state
M19C_S1_lab_hard_floor_B1_U050_R1,514.410129552,2.609432992,command,0.500000,-1.213821769,-1.562845826,-2.178050041,0.020967828,0.031743750,-2.178307056,ros2_odometer_state
M19C_S1_lab_hard_floor_B1_U050_R1,514.411621000,2.610924440,command,0.500000,-1.213821769,-1.562845826,-2.178050041,0.020967828,0.031743750,-2.178307056,ros2_odometer_state
M19C_S1_lab_hard_floor_B1_U050_R1,514.413355497,2.612658937,command,0.500000,-1.213821769,-1.562845826,-2.178050041,0.021009160,0.031840466,-2.178342342,ros2_odometer_state
M19C_S1_lab_hard_floor_B1_U050_R1,514.415183374,2.614486814,command,0.500000,-1.213821769,-1.562845826,-2.178400040,0.021054458,0.031945854,-2.178400040,ros2_odometer_state
M19C_S1_lab_hard_floor_B1_U050_R1,514.417341118,2.616644558,command,0.500000,-1.213821769,-1.562845826,-2.178400040,0.021109365,0.032052938,-2.178484201,ros2_odometer_state
M19C_S1_lab_hard_floor_B1_U050_R1,514.419097216,2.618400656,command,0.500000,-1.213821769,-1.562845826,-2.178400040,0.021177918,0.032167025,-2.178588867,ros2_odometer_state
M19C_S1_lab_hard_floor_B1_U050_R1,514.421082570,2.620386010,command,0.500000,-1.213821769,-1.562845826,-2.178400040,0.021265553,0.032288775,-2.178721905,ros2_odometer_state
M19C_S1_lab_hard_floor_B1_U050_R1,514.423094710,2.622398150,command,0.500000,-1.213821769,-1.562845826,-2.178400040,0.021366170,0.032409634,-2.178871155,ros2_odometer_state
M19C_S1_lab_hard_floor_B1_U050_R1,514.425135202,2.624438642,command,0.500000,-1.213821769,-1.562845826,-2.178400040,0.021477316,0.032522064,-2.179032564,ros2_odometer_state
M19C_S1_lab_hard_floor_B1_U050_R1,514.427142893,2.626446333,command,0.500000,-1.213821769,-1.562845826,-2.178400040,0.021596355,0.032618023,-2.179200411,ros2_odometer_state
M19C_S1_lab_hard_floor_B1_U050_R1,514.429151353,2.628454793,command,0.500000,-1.213821769,-1.562845826,-2.178400040,0.021725759,0.032708343,-2.179382324,ros2_odometer_state
M19C_S1_lab_hard_floor_B1_U050_R1,514.435342624,2.634646064,command,0.500000,-1.213821769,-1.562845826,-2.178400040,0.022029616,0.032875694,-2.179776430,ros2_odometer_state
M19C_S1_lab_hard_floor_B1_U050_R1,514.436530541,2.635833981,command,0.500000,-1.213821769,-1.562845826,-2.178400040,0.022207391,0.032942243,-2.179980278,ros2_odometer_state
M19C_S1_lab_hard_floor_B1_U050_R1,514.438261934,2.637565374,command,0.500000,-1.213821769,-1.562845826,-2.179980278,0.022382034,0.032986071,-2.180191994,ros2_odometer_state
M19C_S1_lab_hard_floor_B1_U050_R1,514.439773286,2.639076726,command,0.500000,-1.213821769,-1.562845826,-2.179980278,0.022557549,0.033016909,-2.180412054,ros2_odometer_state
M19C_S1_lab_hard_floor_B1_U050_R1,514.441139801,2.640443241,command,0.500000,-1.213821769,-1.562845826,-2.179980278,0.022726869,0.033040300,-2.180634022,ros2_odometer_state
M19C_S1_lab_hard_floor_B1_U050_R1,514.441588970,2.640892410,command,0.500000,-1.213821769,-1.562845826,-2.179980278,0.022726869,0.033040300,-2.180634022,ros2_odometer_state
M19C_S1_lab_hard_floor_B1_U050_R1,514.443223847,2.642527287,command,0.500000,-1.213821769,-1.562845826,-2.179980278,0.022901211,0.033058979,-2.180840254,ros2_odometer_state
M19C_S1_lab_hard_floor_B1_U050_R1,514.446245945,2.645549385,command,0.500000,-1.213821769,-1.562845826,-2.179980278,0.023248862,0.033061970,-2.181246281,ros2_odometer_state
M19C_S1_lab_hard_floor_B1_U050_R1,514.447238878,2.646542318,command,0.500000,-1.213821769,-1.562845826,-2.179980278,0.023248862,0.033061970,-2.181246281,ros2_odometer_state
M19C_S1_lab_hard_floor_B1_U050_R1,514.451641635,2.650945075,command,0.500000,-1.213821769,-1.562845826,-2.179980278,0.023616282,0.032974180,-2.181629419,ros2_odometer_state
M19C_S1_lab_hard_floor_B1_U050_R1,514.452722283,2.652025723,command,0.500000,-1.213821769,-1.562845826,-2.179980278,0.023800867,0.032891724,-2.181801081,ros2_odometer_state
M19C_S1_lab_hard_floor_B1_U050_R1,514.453242911,2.652546351,command,0.500000,-1.213821769,-1.562845826,-2.179980278,0.023800867,0.032891724,-2.181801081,ros2_odometer_state
M19C_S1_lab_hard_floor_B1_U050_R1,514.466202756,2.665506196,command,0.500000,-1.213821769,-1.562845826,-2.181965351,0.024186185,0.032653671,-2.182133675,ros2_odometer_state
M19C_S1_lab_hard_floor_B1_U050_R1,514.467731453,2.667034893,command,0.500000,-1.213821769,-1.562845826,-2.181965351,0.024381462,0.032518912,-2.182297230,ros2_odometer_state
M19C_S1_lab_hard_floor_B1_U050_R1,514.468687041,2.667990481,command,0.500000,-1.213821769,-1.562845826,-2.181965351,0.024583276,0.032369997,-2.182452440,ros2_odometer_state
M19C_S1_lab_hard_floor_B1_U050_R1,514.470223034,2.669526474,command,0.500000,-1.213821769,-1.562845826,-2.181965351,0.024780257,0.032213498,-2.182606459,ros2_odometer_state
M19C_S1_lab_hard_floor_B1_U050_R1,514.471761012,2.671064452,command,0.500000,-1.213821769,-1.562845826,-2.181965351,0.024978034,0.032050729,-2.182742834,ros2_odometer_state
M19C_S1_lab_hard_floor_B1_U050_R1,514.473291661,2.672595101,command,0.500000,-1.213821769,-1.562845826,-2.181965351,0.025176978,0.031870876,-2.182880163,ros2_odometer_state
M19C_S1_lab_hard_floor_B1_U050_R1,514.474368021,2.673671461,command,0.500000,-1.213821769,-1.562845826,-2.181965351,0.025377044,0.031670772,-2.183023930,ros2_odometer_state
M19C_S1_lab_hard_floor_B1_U050_R1,514.475864622,2.675168062,command,0.500000,-1.213821769,-1.562845826,-2.181965351,0.025580822,0.031452071,-2.183167219,ros2_odometer_state
M19C_S1_lab_hard_floor_B1_U050_R1,514.477225728,2.676529168,command,0.500000,-1.213821769,-1.562845826,-2.181965351,0.025791178,0.031218642,-2.183304310,ros2_odometer_state
M19C_S1_lab_hard_floor_B1_U050_R1,514.478284264,2.677587704,command,0.500000,-1.213821769,-1.562845826,-2.181965351,0.025996864,0.030975400,-2.183440447,ros2_odometer_state
M19C_S1_lab_hard_floor_B1_U050_R1,514.479842018,2.679145458,command,0.500000,-1.213821769,-1.562845826,-2.183440447,0.026201669,0.030722613,-2.183577299,ros2_odometer_state
M19C_S1_lab_hard_floor_B1_U050_R1,514.481182101,2.680485541,command,0.500000,-1.213821769,-1.562845826,-2.183440447,0.026422175,0.030467371,-2.183703423,ros2_odometer_state
M19C_S1_lab_hard_floor_B1_U050_R1,514.482081622,2.681385062,command,0.500000,-1.213821769,-1.562845826,-2.183440447,0.026663901,0.030208718,-2.183825254,ros2_odometer_state
M19C_S1_lab_hard_floor_B1_U050_R1,514.484145892,2.683449332,command,0.500000,-1.213821769,-1.562845826,-2.183440447,0.026925670,0.029949823,-2.183951378,ros2_odometer_state
M19C_S1_lab_hard_floor_B1_U050_R1,514.485209387,2.684512827,command,0.500000,-1.213821769,-1.562845826,-2.183440447,0.027209662,0.029680720,-2.184074640,ros2_odometer_state
M19C_S1_lab_hard_floor_B1_U050_R1,514.486054891,2.685358331,command,0.500000,-1.213821769,-1.562845826,-2.183440447,0.027518500,0.029405838,-2.184175014,ros2_odometer_state
M19C_S1_lab_hard_floor_B1_U050_R1,514.487125779,2.686429219,command,0.500000,-1.213821769,-1.562845826,-2.183440447,0.027518500,0.029405838,-2.184175014,ros2_odometer_state
M19C_S1_lab_hard_floor_B1_U050_R1,514.489102845,2.688406285,command,0.500000,-1.213821769,-1.562845826,-2.183440447,0.027835682,0.029126599,-2.184260845,ros2_odometer_state
M19C_S1_lab_hard_floor_B1_U050_R1,514.492845993,2.692149433,command,0.500000,-1.213821769,-1.562845826,-2.183440447,0.028447112,0.028547412,-2.184424877,ros2_odometer_state
M19C_S1_lab_hard_floor_B1_U050_R1,514.493529891,2.692833331,command,0.500000,-1.213821769,-1.562845826,-2.183440447,0.028447112,0.028547412,-2.184424877,ros2_odometer_state
M19C_S1_lab_hard_floor_B1_U050_R1,514.495188961,2.694492401,command,0.500000,-1.213821769,-1.562845826,-2.184480190,0.028740352,0.028258419,-2.184480190,ros2_odometer_state
M19C_S1_lab_hard_floor_B1_U050_R1,514.497864229,2.697167669,command,0.500000,-1.213821769,-1.562845826,-2.184480190,0.029284157,0.027700013,-2.184543848,ros2_odometer_state
M19C_S1_lab_hard_floor_B1_U050_R1,514.499100211,2.698403651,command,0.500000,-1.213821769,-1.562845826,-2.184480190,0.029284157,0.027700013,-2.184543848,ros2_odometer_state
M19C_S1_lab_hard_floor_B1_U050_R1,514.501852507,2.701155947,command,0.500000,-1.213821769,-1.562845826,-2.184480190,0.029802209,0.027165428,-2.184669018,ros2_odometer_state
M19C_S1_lab_hard_floor_B1_U050_R1,514.504065005,2.703368445,command,0.500000,-1.213821769,-1.562845826,-2.184480190,0.030068966,0.026896650,-2.184749365,ros2_odometer_state
M19C_S1_lab_hard_floor_B1_U050_R1,514.505094900,2.704398340,command,0.500000,-1.213821769,-1.562845826,-2.184480190,0.030068966,0.026896650,-2.184749365,ros2_odometer_state
M19C_S1_lab_hard_floor_B1_U050_R1,514.507852539,2.707155979,command,0.500000,-1.213821769,-1.562845826,-2.184480190,0.030597840,0.026331045,-2.184867620,ros2_odometer_state
M19C_S1_lab_hard_floor_B1_U050_R1,514.509091050,2.708394490,command,0.500000,-1.213821769,-1.562845826,-2.184480190,0.030597840,0.026331045,-2.184867620,ros2_odometer_state
M19C_S1_lab_hard_floor_B1_U050_R1,514.512601421,2.711904861,command,0.500000,-1.213821769,-1.562845826,-2.184480190,0.031084904,0.025755830,-2.184897661,ros2_odometer_state
M19C_S1_lab_hard_floor_B1_U050_R1,514.514069412,2.713372852,command,0.500000,-1.213821769,-1.562845826,-2.184480190,0.031337377,0.025438916,-2.184892416,ros2_odometer_state
M19C_S1_lab_hard_floor_B1_U050_R1,514.516296087,2.715599527,command,0.500000,-1.213821769,-1.562845826,-2.184892416,0.031337377,0.025438916,-2.184892416,ros2_odometer_state
M19C_S1_lab_hard_floor_B1_U050_R1,514.517370559,2.716673999,command,0.500000,-1.213821769,-1.562845826,-2.184892416,0.031591441,0.025116034,-2.184885263,ros2_odometer_state
M19C_S1_lab_hard_floor_B1_U050_R1,514.519154402,2.718457842,command,0.500000,-1.213821769,-1.562845826,-2.184892416,0.031839505,0.024808010,-2.184885263,ros2_odometer_state
M19C_S1_lab_hard_floor_B1_U050_R1,514.521881864,2.721185304,command,0.500000,-1.213821769,-1.562845826,-2.184892416,0.032337092,0.024203125,-2.184911251,ros2_odometer_state
M19C_S1_lab_hard_floor_B1_U050_R1,514.523146488,2.722449928,command,0.500000,-1.213821769,-1.562845826,-2.184892416,0.032337092,0.024203125,-2.184911251,ros2_odometer_state
M19C_S1_lab_hard_floor_B1_U050_R1,514.525331626,2.724635066,command,0.500000,-1.213821769,-1.562845826,-2.184892416,0.032566350,0.023910960,-2.184917927,ros2_odometer_state
M19C_S1_lab_hard_floor_B1_U050_R1,514.527174159,2.726477599,command,0.500000,-1.213821769,-1.562845826,-2.184892416,0.032783486,0.023618208,-2.184906483,ros2_odometer_state
M19C_S1_lab_hard_floor_B1_U050_R1,514.529128184,2.728431624,command,0.500000,-1.213821769,-1.562845826,-2.184892416,0.032997888,0.023325047,-2.184890270,ros2_odometer_state
M19C_S1_lab_hard_floor_B1_U050_R1,514.532635035,2.731938475,command,0.500000,-1.213821769,-1.562845826,-2.184892416,0.033424556,0.022736158,-2.184846640,ros2_odometer_state
M19C_S1_lab_hard_floor_B1_U050_R1,514.533254674,2.732558114,command,0.500000,-1.213821769,-1.562845826,-2.184892416,0.033424556,0.022736158,-2.184846640,ros2_odometer_state
M19C_S1_lab_hard_floor_B1_U050_R1,514.535287038,2.734590478,command,0.500000,-1.213821769,-1.562845826,-2.184827805,0.033643980,0.022446292,-2.184827805,ros2_odometer_state
M19C_S1_lab_hard_floor_B1_U050_R1,514.538033349,2.737336789,command,0.500000,-1.213821769,-1.562845826,-2.184827805,0.034102898,0.021854343,-2.184812784,ros2_odometer_state
M19C_S1_lab_hard_floor_B1_U050_R1,514.539971278,2.739274718,command,0.500000,-1.213821769,-1.562845826,-2.184827805,0.034341216,0.021548195,-2.184799671,ros2_odometer_state
M19C_S1_lab_hard_floor_B1_U050_R1,514.541981689,2.741285129,command,0.500000,-1.213821769,-1.562845826,-2.184827805,0.034591738,0.021249101,-2.184783936,ros2_odometer_state
M19C_S1_lab_hard_floor_B1_U050_R1,514.543981348,2.743284788,command,0.500000,-1.213821769,-1.562845826,-2.184827805,0.034848034,0.020948729,-2.184765816,ros2_odometer_state
M19C_S1_lab_hard_floor_B1_U050_R1,514.546006608,2.745310048,command,0.500000,-1.213821769,-1.562845826,-2.184827805,0.035114449,0.020648247,-2.184747219,ros2_odometer_state
M19C_S1_lab_hard_floor_B1_U050_R1,514.547183964,2.746487404,command,0.500000,-1.213821769,-1.562845826,-2.184827805,0.035114449,0.020648247,-2.184747219,ros2_odometer_state
M19C_S1_lab_hard_floor_B1_U050_R1,514.550012486,2.749315926,command,0.500000,-1.213821769,-1.562845826,-2.184827805,0.035672680,0.020044107,-2.184708118,ros2_odometer_state
M19C_S1_lab_hard_floor_B1_U050_R1,514.552600423,2.751903863,command,0.500000,-1.213821769,-1.562845826,-2.184827805,0.035952345,0.019751480,-2.184693098,ros2_odometer_state
M19C_S1_lab_hard_floor_B1_U050_R1,514.553267359,2.752570799,command,0.500000,-1.213821769,-1.562845826,-2.184827805,0.035952345,0.019751480,-2.184693098,ros2_odometer_state
M19C_S1_lab_hard_floor_B1_U050_R1,514.556195885,2.755499325,command,0.500000,-1.213821769,-1.562845826,-2.184664965,0.036476146,0.019187653,-2.184609413,ros2_odometer_state
M19C_S1_lab_hard_floor_B1_U050_R1,514.557943215,2.757246655,command,0.500000,-1.213821769,-1.562845826,-2.184664965,0.036729079,0.018904964,-2.184540272,ros2_odometer_state
M19C_S1_lab_hard_floor_B1_U050_R1,514.559918104,2.759221544,command,0.500000,-1.213821769,-1.562845826,-2.184664965,0.036980774,0.018630384,-2.184474468,ros2_odometer_state
M19C_S1_lab_hard_floor_B1_U050_R1,514.562174445,2.761477885,command,0.500000,-1.213821769,-1.562845826,-2.184664965,0.037233811,0.018361084,-2.184426308,ros2_odometer_state
M19C_S1_lab_hard_floor_B1_U050_R1,514.563985457,2.763288897,command,0.500000,-1.213821769,-1.562845826,-2.184664965,0.037483152,0.018100604,-2.184396029,ros2_odometer_state
M19C_S1_lab_hard_floor_B1_U050_R1,514.565195390,2.764498830,command,0.500000,-1.213821769,-1.562845826,-2.184664965,0.037483152,0.018100604,-2.184396029,ros2_odometer_state
M19C_S1_lab_hard_floor_B1_U050_R1,514.567984870,2.767288310,command,0.500000,-1.213821769,-1.562845826,-2.184664965,0.037722703,0.017838679,-2.184361458,ros2_odometer_state
M19C_S1_lab_hard_floor_B1_U050_R1,514.569206068,2.768509508,command,0.500000,-1.213821769,-1.562845826,-2.184664965,0.037722703,0.017838679,-2.184361458,ros2_odometer_state
M19C_S1_lab_hard_floor_B1_U050_R1,514.572634805,2.771938245,command,0.500000,-1.213821769,-1.562845826,-2.184664965,0.038426884,0.017019980,-2.184257030,ros2_odometer_state
M19C_S1_lab_hard_floor_B1_U050_R1,514.573317102,2.772620542,command,0.500000,-1.213821769,-1.562845826,-2.184664965,0.038426884,0.017019980,-2.184257030,ros2_odometer_state
M19C_S1_lab_hard_floor_B1_U050_R1,514.576165337,2.775468777,command,0.500000,-1.213821769,-1.562845826,-2.184207916,0.038896453,0.016460160,-2.184154510,ros2_odometer_state
M19C_S1_lab_hard_floor_B1_U050_R1,514.577221472,2.776524912,command,0.500000,-1.213821769,-1.562845826,-2.184207916,0.038896453,0.016460160,-2.184154510,ros2_odometer_state
M19C_S1_lab_hard_floor_B1_U050_R1,514.579213707,2.778517147,command,0.500000,-1.213821769,-1.562845826,-2.184207916,0.039127693,0.016186176,-2.184095144,ros2_odometer_state
M19C_S1_lab_hard_floor_B1_U050_R1,514.581370716,2.780674156,command,0.500000,-1.213821769,-1.562845826,-2.184207916,0.039355889,0.015910527,-2.184039593,ros2_odometer_state
M19C_S1_lab_hard_floor_B1_U050_R1,514.584089153,2.783392593,command,0.500000,-1.213821769,-1.562845826,-2.184207916,0.039792523,0.015349703,-2.183922529,ros2_odometer_state
M19C_S1_lab_hard_floor_B1_U050_R1,514.586688259,2.785991699,command,0.500000,-1.213821769,-1.562845826,-2.184207916,0.040004171,0.015074861,-2.183846951,ros2_odometer_state
M19C_S1_lab_hard_floor_B1_U050_R1,514.587223703,2.786527143,command,0.500000,-1.213821769,-1.562845826,-2.184207916,0.040004171,0.015074861,-2.183846951,ros2_odometer_state
M19C_S1_lab_hard_floor_B1_U050_R1,514.589932924,2.789236364,command,0.500000,-1.213821769,-1.562845826,-2.184207916,0.040401734,0.014531587,-2.183667183,ros2_odometer_state
M19C_S1_lab_hard_floor_B1_U050_R1,514.592674051,2.791977491,command,0.500000,-1.213821769,-1.562845826,-2.184207916,0.040577050,0.014251734,-2.183569908,ros2_odometer_state
M19C_S1_lab_hard_floor_B1_U050_R1,514.594090520,2.793393960,command,0.500000,-1.213821769,-1.562845826,-2.184207916,0.040740985,0.013971996,-2.183467150,ros2_odometer_state
M19C_S1_lab_hard_floor_B1_U050_R1,514.596116996,2.795420436,command,0.500000,-1.213821769,-1.562845826,-2.183467150,0.040901531,0.013691550,-2.183354616,ros2_odometer_state
M19C_S1_lab_hard_floor_B1_U050_R1,514.598026763,2.797330203,command,0.500000,-1.213821769,-1.562845826,-2.183467150,0.041053202,0.013403476,-2.183242083,ros2_odometer_state
M19C_S1_lab_hard_floor_B1_U050_R1,514.599343549,2.798646989,command,0.500000,-1.213821769,-1.562845826,-2.183467150,0.041053202,0.013403476,-2.183242083,ros2_odometer_state
M19C_S1_lab_hard_floor_B1_U050_R1,514.601279397,2.800582837,command,0.500000,-1.213821769,-1.562845826,-2.183467150,0.041190460,0.013118502,-2.183131695,ros2_odometer_state
M19C_S1_lab_hard_floor_B1_U050_R1,514.604099663,2.803403103,command,0.500000,-1.213821769,-1.562845826,-2.183467150,0.041440748,0.012548237,-2.182868004,ros2_odometer_state
M19C_S1_lab_hard_floor_B1_U050_R1,514.605274651,2.804578091,command,0.500000,-1.213821769,-1.562845826,-2.183467150,0.041440748,0.012548237,-2.182868004,ros2_odometer_state
M19C_S1_lab_hard_floor_B1_U050_R1,514.607525135,2.806828575,command,0.500000,-1.213821769,-1.562845826,-2.183467150,0.041557994,0.012259455,-2.182724953,ros2_odometer_state
M19C_S1_lab_hard_floor_B1_U050_R1,514.609282833,2.808586273,command,0.500000,-1.213821769,-1.562845826,-2.183467150,0.041661602,0.011970332,-2.182579517,ros2_odometer_state
M19C_S1_lab_hard_floor_B1_U050_R1,514.612698641,2.812002081,command,0.500000,-1.213821769,-1.562845826,-2.183467150,0.041841634,0.011411842,-2.182239532,ros2_odometer_state
M19C_S1_lab_hard_floor_B1_U050_R1,514.614123558,2.813426998,command,0.500000,-1.213821769,-1.562845826,-2.183467150,0.041929692,0.011136903,-2.182056904,ros2_odometer_state
M19C_S1_lab_hard_floor_B1_U050_R1,514.615428439,2.814731879,command,0.500000,-1.213821769,-1.562845826,-2.182056904,0.041929692,0.011136903,-2.182056904,ros2_odometer_state
M19C_S1_lab_hard_floor_B1_U050_R1,514.618114459,2.817417899,command,0.500000,-1.213821769,-1.562845826,-2.182056904,0.042109068,0.010603088,-2.181706905,ros2_odometer_state
M19C_S1_lab_hard_floor_B1_U050_R1,514.620121574,2.819425014,command,0.500000,-1.213821769,-1.562845826,-2.182056904,0.042193621,0.010332872,-2.181545019,ros2_odometer_state
M19C_S1_lab_hard_floor_B1_U050_R1,514.622440893,2.821744333,command,0.500000,-1.213821769,-1.562845826,-2.182056904,0.042284124,0.010072456,-2.181388855,ros2_odometer_state
M19C_S1_lab_hard_floor_B1_U050_R1,514.624065050,2.823368490,command,0.500000,-1.213821769,-1.562845826,-2.182056904,0.042373609,0.009801955,-2.181233883,ros2_odometer_state
M19C_S1_lab_hard_floor_B1_U050_R1,514.626226507,2.825529947,command,0.500000,-1.213821769,-1.562845826,-2.182056904,0.042460639,0.009519043,-2.181098223,ros2_odometer_state
M19C_S1_lab_hard_floor_B1_U050_R1,514.628128338,2.827431778,command,0.500000,-1.213821769,-1.562845826,-2.182056904,0.042549629,0.009231676,-2.180975437,ros2_odometer_state
M19C_S1_lab_hard_floor_B1_U050_R1,514.630058171,2.829361611,command,0.500000,-1.213821769,-1.562845826,-2.182056904,0.042637695,0.008943370,-2.180861950,ros2_odometer_state
M19C_S1_lab_hard_floor_B1_U050_R1,514.632680797,2.831984237,command,0.500000,-1.213821769,-1.562845826,-2.182056904,0.042722229,0.008663929,-2.180774927,ros2_odometer_state
M19C_S1_lab_hard_floor_B1_U050_R1,514.634154196,2.833457636,command,0.500000,-1.213821769,-1.562845826,-2.182056904,0.042806804,0.008384090,-2.180708647,ros2_odometer_state
M19C_S1_lab_hard_floor_B1_U050_R1,514.636237442,2.835540882,command,0.500000,-1.213821769,-1.562845826,-2.180708647,0.042885467,0.008109361,-2.180652857,ros2_odometer_state
M19C_S1_lab_hard_floor_B1_U050_R1,514.638172714,2.837476154,command,0.500000,-1.213821769,-1.562845826,-2.180708647,0.042971369,0.007848754,-2.180611372,ros2_odometer_state
M19C_S1_lab_hard_floor_B1_U050_R1,514.640167445,2.839470885,command,0.500000,-1.213821769,-1.562845826,-2.180708647,0.043055180,0.007606292,-2.180587530,ros2_odometer_state
M19C_S1_lab_hard_floor_B1_U050_R1,514.642096733,2.841400173,command,0.500000,-1.213821769,-1.562845826,-2.180708647,0.043131340,0.007373072,-2.180564880,ros2_odometer_state
M19C_S1_lab_hard_floor_B1_U050_R1,514.644169099,2.843472539,command,0.500000,-1.213821769,-1.562845826,-2.180708647,0.043201100,0.007139980,-2.180544138,ros2_odometer_state
M19C_S1_lab_hard_floor_B1_U050_R1,514.646079794,2.845383234,command,0.500000,-1.213821769,-1.562845826,-2.180708647,0.043264352,0.006901708,-2.180536270,ros2_odometer_state
M19C_S1_lab_hard_floor_B1_U050_R1,514.648247428,2.847550868,command,0.500000,-1.213821769,-1.562845826,-2.180708647,0.043329906,0.006654419,-2.180541754,ros2_odometer_state
M19C_S1_lab_hard_floor_B1_U050_R1,514.650218381,2.849521821,command,0.500000,-1.213821769,-1.562845826,-2.180708647,0.043395020,0.006398598,-2.180552721,ros2_odometer_state
M19C_S1_lab_hard_floor_B1_U050_R1,514.652846320,2.852149760,command,0.500000,-1.213821769,-1.562845826,-2.180708647,0.043456964,0.006130615,-2.180562973,ros2_odometer_state
M19C_S1_lab_hard_floor_B1_U050_R1,514.653489352,2.852792792,command,0.500000,-1.213821769,-1.562845826,-2.180708647,0.043456964,0.006130615,-2.180562973,ros2_odometer_state
M19C_S1_lab_hard_floor_B1_U050_R1,514.655600183,2.854903623,command,0.500000,-1.213821769,-1.562845826,-2.180580854,0.043506641,0.005848801,-2.180580854,ros2_odometer_state
M19C_S1_lab_hard_floor_B1_U050_R1,514.658346526,2.857649966,command,0.500000,-1.213821769,-1.562845826,-2.180580854,0.043609180,0.005236651,-2.180653811,ros2_odometer_state
M19C_S1_lab_hard_floor_B1_U050_R1,514.660252069,2.859555509,command,0.500000,-1.213821769,-1.562845826,-2.180580854,0.043658987,0.004924625,-2.180715084,ros2_odometer_state
M19C_S1_lab_hard_floor_B1_U050_R1,514.661420177,2.860723617,command,0.500000,-1.213821769,-1.562845826,-2.180580854,0.043658987,0.004924625,-2.180715084,ros2_odometer_state
M19C_S1_lab_hard_floor_B1_U050_R1,514.664219834,2.863523274,command,0.500000,-1.213821769,-1.562845826,-2.180580854,0.043753427,0.004289438,-2.180847168,ros2_odometer_state
M19C_S1_lab_hard_floor_B1_U050_R1,514.666181731,2.865485171,command,0.500000,-1.213821769,-1.562845826,-2.180580854,0.043789841,0.003967591,-2.180923223,ros2_odometer_state
M19C_S1_lab_hard_floor_B1_U050_R1,514.667407985,2.866711425,command,0.500000,-1.213821769,-1.562845826,-2.180580854,0.043789841,0.003967591,-2.180923223,ros2_odometer_state
M19C_S1_lab_hard_floor_B1_U050_R1,514.669407292,2.868710732,command,0.500000,-1.213821769,-1.562845826,-2.180580854,0.043845262,0.003289822,-2.181065559,ros2_odometer_state
M19C_S1_lab_hard_floor_B1_U050_R1,514.672786298,2.872089738,command,0.500000,-1.213821769,-1.562845826,-2.180580854,0.043902200,0.002596947,-2.181189537,ros2_odometer_state
M19C_S1_lab_hard_floor_B1_U050_R1,514.674240593,2.873544033,command,0.500000,-1.213821769,-1.562845826,-2.180580854,0.043928485,0.002259742,-2.181250572,ros2_odometer_state
M19C_S1_lab_hard_floor_B1_U050_R1,514.676281437,2.875584877,command,0.500000,-1.214972019,-1.564488530,-2.181250572,0.043928485,0.002259742,-2.181250572,ros2_odometer_state
M19C_S1_lab_hard_floor_B1_U050_R1,514.678299177,2.877602617,command,0.500000,-1.214972019,-1.564488530,-2.181250572,0.043949652,0.001928245,-2.181307554,ros2_odometer_state
M19C_S1_lab_hard_floor_B1_U050_R1,514.680891178,2.880194618,command,0.500000,-1.214972019,-1.564488530,-2.181250572,0.043980572,0.001283617,-2.181385994,ros2_odometer_state
M19C_S1_lab_hard_floor_B1_U050_R1,514.682838067,2.882141507,command,0.500000,-1.214972019,-1.564488530,-2.181250572,0.043998823,0.000962513,-2.181414366,ros2_odometer_state
M19C_S1_lab_hard_floor_B1_U050_R1,514.684313034,2.883616474,command,0.500000,-1.214972019,-1.564488530,-2.181250572,0.044017591,0.000640732,-2.181418657,ros2_odometer_state
M19C_S1_lab_hard_floor_B1_U050_R1,514.685446260,2.884749700,command,0.500000,-1.214972019,-1.564488530,-2.181250572,0.044017591,0.000640732,-2.181418657,ros2_odometer_state
M19C_S1_lab_hard_floor_B1_U050_R1,514.687467648,2.886771088,command,0.500000,-1.214972019,-1.564488530,-2.181250572,0.044023514,0.000328716,-2.181408882,ros2_odometer_state
M19C_S1_lab_hard_floor_B1_U050_R1,514.689653426,2.888956866,command,0.500000,-1.214972019,-1.564488530,-2.181250572,0.044022404,0.000021536,-2.181380510,ros2_odometer_state
M19C_S1_lab_hard_floor_B1_U050_R1,514.692914060,2.892217500,command,0.500000,-1.214972019,-1.564488530,-2.181250572,0.044003472,-0.000575034,-2.181261778,ros2_odometer_state
M19C_S1_lab_hard_floor_B1_U050_R1,514.694363266,2.893666706,command,0.500000,-1.214972019,-1.564488530,-2.181250572,0.043992426,-0.000878212,-2.181188583,ros2_odometer_state
M19C_S1_lab_hard_floor_B1_U050_R1,514.696378318,2.895681758,command,0.500000,-1.216158152,-1.566182256,-2.181188583,0.043975394,-0.001192752,-2.181117535,ros2_odometer_state
M19C_S1_lab_hard_floor_B1_U050_R1,514.698282133,2.897585573,command,0.500000,-1.216158152,-1.566182256,-2.181188583,0.043960150,-0.001513298,-2.181049347,ros2_odometer_state
M19C_S1_lab_hard_floor_B1_U050_R1,514.700268031,2.899571471,command,0.500000,-1.216158152,-1.566182256,-2.181188583,0.043948580,-0.001847479,-2.180973530,ros2_odometer_state
M19C_S1_lab_hard_floor_B1_U050_R1,514.702179751,2.901483191,command,0.500000,-1.216158152,-1.566182256,-2.181188583,0.043926354,-0.002194103,-2.180895805,ros2_odometer_state
M19C_S1_lab_hard_floor_B1_U050_R1,514.704240596,2.903544036,command,0.500000,-1.216158152,-1.566182256,-2.181188583,0.043901835,-0.002552285,-2.180811167,ros2_odometer_state
M19C_S1_lab_hard_floor_B1_U050_R1,514.706517961,2.905821401,command,0.500000,-1.216158152,-1.566182256,-2.181188583,0.043880153,-0.002923344,-2.180732489,ros2_odometer_state
M19C_S1_lab_hard_floor_B1_U050_R1,514.708316716,2.907620156,command,0.500000,-1.216158152,-1.566182256,-2.181188583,0.043854918,-0.003306280,-2.180671692,ros2_odometer_state
M19C_S1_lab_hard_floor_B1_U050_R1,514.709422070,2.908725510,command,0.500000,-1.216158152,-1.566182256,-2.181188583,0.043854918,-0.003306280,-2.180671692,ros2_odometer_state
M19C_S1_lab_hard_floor_B1_U050_R1,514.712845814,2.912149254,command,0.500000,-1.216158152,-1.566182256,-2.181188583,0.043801118,-0.004129267,-2.180583954,ros2_odometer_state
M19C_S1_lab_hard_floor_B1_U050_R1,514.713515599,2.912819039,command,0.500000,-1.216158152,-1.566182256,-2.181188583,0.043801118,-0.004129267,-2.180583954,ros2_odometer_state
M19C_S1_lab_hard_floor_B1_U050_R1,514.716327096,2.915630536,command,0.500000,-1.217424035,-1.567989826,-2.180571556,0.043730844,-0.004997026,-2.180562973,ros2_odometer_state
M19C_S1_lab_hard_floor_B1_U050_R1,514.718227296,2.917530736,command,0.500000,-1.217424035,-1.567989826,-2.180571556,0.043696214,-0.005412846,-2.180554152,ros2_odometer_state
M19C_S1_lab_hard_floor_B1_U050_R1,514.720275916,2.919579356,command,0.500000,-1.217424035,-1.567989826,-2.180571556,0.043659788,-0.005822112,-2.180542231,ros2_odometer_state
M19C_S1_lab_hard_floor_B1_U050_R1,514.722218485,2.921521925,command,0.500000,-1.217424035,-1.567989826,-2.180571556,0.043619763,-0.006239736,-2.180528402,ros2_odometer_state
M19C_S1_lab_hard_floor_B1_U050_R1,514.724349925,2.923653365,command,0.500000,-1.217424035,-1.567989826,-2.180571556,0.043576036,-0.006658461,-2.180518627,ros2_odometer_state
M19C_S1_lab_hard_floor_B1_U050_R1,514.726510230,2.925813670,command,0.500000,-1.217424035,-1.567989826,-2.180571556,0.043543566,-0.007077219,-2.180505037,ros2_odometer_state
M19C_S1_lab_hard_floor_B1_U050_R1,514.728370107,2.927673547,command,0.500000,-1.217424035,-1.567989826,-2.180571556,0.043518189,-0.007505018,-2.180504322,ros2_odometer_state
M19C_S1_lab_hard_floor_B1_U050_R1,514.730402311,2.929705751,command,0.500000,-1.217424035,-1.567989826,-2.180571556,0.043490548,-0.007932876,-2.180506468,ros2_odometer_state
M19C_S1_lab_hard_floor_B1_U050_R1,514.733047594,2.932351034,command,0.500000,-1.217424035,-1.567989826,-2.180571556,0.043471005,-0.008373862,-2.180489302,ros2_odometer_state
M19C_S1_lab_hard_floor_B1_U050_R1,514.733688002,2.932991442,command,0.500000,-1.217424035,-1.567989826,-2.180571556,0.043471005,-0.008373862,-2.180489302,ros2_odometer_state
M19C_S1_lab_hard_floor_B1_U050_R1,514.736467786,2.935771226,command,0.500000,-1.218728662,-1.569852710,-2.180453062,0.043440059,-0.009267407,-2.180428267,ros2_odometer_state
M19C_S1_lab_hard_floor_B1_U050_R1,514.738727775,2.938031215,command,0.500000,-1.218728662,-1.569852710,-2.180453062,0.043427136,-0.009710330,-2.180410862,ros2_odometer_state
M19C_S1_lab_hard_floor_B1_U050_R1,514.741107032,2.940410472,command,0.500000,-1.218728662,-1.569852710,-2.180453062,0.043427136,-0.009710330,-2.180410862,ros2_odometer_state
M19C_S1_lab_hard_floor_B1_U050_R1,514.742470475,2.941773915,command,0.500000,-1.218728662,-1.569852710,-2.180453062,0.043412827,-0.010154619,-2.180383205,ros2_odometer_state
M19C_S1_lab_hard_floor_B1_U050_R1,514.744369490,2.943672930,command,0.500000,-1.218728662,-1.569852710,-2.180453062,0.043390840,-0.011061741,-2.180292368,ros2_odometer_state
M19C_S1_lab_hard_floor_B1_U050_R1,514.745564991,2.944868431,command,0.500000,-1.218728662,-1.569852710,-2.180453062,0.043390840,-0.011061741,-2.180292368,ros2_odometer_state
M19C_S1_lab_hard_floor_B1_U050_R1,514.748428234,2.947731674,command,0.500000,-1.218728662,-1.569852710,-2.180453062,0.043375500,-0.011979626,-2.180194616,ros2_odometer_state
M19C_S1_lab_hard_floor_B1_U050_R1,514.750291632,2.949595072,command,0.500000,-1.218728662,-1.569852710,-2.180453062,0.043367151,-0.012433057,-2.180136681,ros2_odometer_state
M19C_S1_lab_hard_floor_B1_U050_R1,514.752968340,2.952271780,command,0.500000,-1.218728662,-1.569852710,-2.180453062,0.043361012,-0.012891565,-2.180086851,ros2_odometer_state
M19C_S1_lab_hard_floor_B1_U050_R1,514.754870363,2.954173803,command,0.500000,-1.218728662,-1.569852710,-2.180453062,0.043356318,-0.013345756,-2.180043459,ros2_odometer_state
M19C_S1_lab_hard_floor_B1_U050_R1,514.756576283,2.955879723,command,0.500000,-1.220158219,-1.571894050,-2.180043459,0.043349806,-0.013798361,-2.180005550,ros2_odometer_state
M19C_S1_lab_hard_floor_B1_U050_R1,514.758324925,2.957628365,command,0.500000,-1.220158219,-1.571894050,-2.180043459,0.043338861,-0.014248541,-2.179971695,ros2_odometer_state
M19C_S1_lab_hard_floor_B1_U050_R1,514.760510159,2.959813599,command,0.500000,-1.220158219,-1.571894050,-2.180043459,0.043328896,-0.014689741,-2.179945230,ros2_odometer_state
M19C_S1_lab_hard_floor_B1_U050_R1,514.762424406,2.961727846,command,0.500000,-1.220158219,-1.571894050,-2.180043459,0.043323521,-0.015132155,-2.179923296,ros2_odometer_state
M19C_S1_lab_hard_floor_B1_U050_R1,514.764506980,2.963810420,command,0.500000,-1.220158219,-1.571894050,-2.180043459,0.043318063,-0.015587861,-2.179919243,ros2_odometer_state
M19C_S1_lab_hard_floor_B1_U050_R1,514.766673941,2.965977381,command,0.500000,-1.220158219,-1.571894050,-2.180043459,0.043307740,-0.016061373,-2.179924726,ros2_odometer_state
M19C_S1_lab_hard_floor_B1_U050_R1,514.768433111,2.967736551,command,0.500000,-1.220158219,-1.571894050,-2.180043459,0.043302529,-0.016548656,-2.179936647,ros2_odometer_state
M19C_S1_lab_hard_floor_B1_U050_R1,514.770552263,2.969855703,command,0.500000,-1.220158219,-1.571894050,-2.180043459,0.043303903,-0.017042750,-2.179958582,ros2_odometer_state
M19C_S1_lab_hard_floor_B1_U050_R1,514.773182537,2.972485977,command,0.500000,-1.220158219,-1.571894050,-2.180043459,0.043309916,-0.017526072,-2.179998636,ros2_odometer_state
M19C_S1_lab_hard_floor_B1_U050_R1,514.773793888,2.973097328,command,0.500000,-1.220158219,-1.571894050,-2.180043459,0.043309916,-0.017526072,-2.179998636,ros2_odometer_state
M19C_S1_lab_hard_floor_B1_U050_R1,514.776557543,2.975860983,command,0.500000,-1.221611857,-1.573969603,-2.180067539,0.043337435,-0.018377760,-2.180165529,ros2_odometer_state
M19C_S1_lab_hard_floor_B1_U050_R1,514.778432494,2.977735934,command,0.500000,-1.221611857,-1.573969603,-2.180067539,0.043362699,-0.018729856,-2.180277109,ros2_odometer_state
M19C_S1_lab_hard_floor_B1_U050_R1,514.780530460,2.979833900,command,0.500000,-1.221611857,-1.573969603,-2.180067539,0.043362699,-0.018729856,-2.180277109,ros2_odometer_state
M19C_S1_lab_hard_floor_B1_U050_R1,514.781849294,2.981152734,command,0.500000,-1.221611857,-1.573969603,-2.180067539,0.043397874,-0.019043291,-2.180371523,ros2_odometer_state
M19C_S1_lab_hard_floor_B1_U050_R1,514.785177834,2.984481274,command,0.500000,-1.221611857,-1.573969603,-2.180067539,0.043493316,-0.019596431,-2.180514574,ros2_odometer_state
M19C_S1_lab_hard_floor_B1_U050_R1,514.785945575,2.985249015,command,0.500000,-1.221611857,-1.573969603,-2.180067539,0.043493316,-0.019596431,-2.180514574,ros2_odometer_state
M19C_S1_lab_hard_floor_B1_U050_R1,514.788284318,2.987587758,command,0.500000,-1.221611857,-1.573969603,-2.180067539,0.043550950,-0.019854834,-2.180583239,ros2_odometer_state
M19C_S1_lab_hard_floor_B1_U050_R1,514.790125827,2.989429267,command,0.500000,-1.221611857,-1.573969603,-2.180067539,0.043618787,-0.020107124,-2.180654287,ros2_odometer_state
M19C_S1_lab_hard_floor_B1_U050_R1,514.792797831,2.992101271,command,0.500000,-1.221611857,-1.573969603,-2.180067539,0.043701675,-0.020372517,-2.180724859,ros2_odometer_state
M19C_S1_lab_hard_floor_B1_U050_R1,514.794612555,2.993915995,command,0.500000,-1.221611857,-1.573969603,-2.180067539,0.043793950,-0.020649571,-2.180802584,ros2_odometer_state
M19C_S1_lab_hard_floor_B1_U050_R1,514.796186598,2.995490038,command,0.500000,-1.222931266,-1.575853705,-2.180898905,0.043897219,-0.020936491,-2.180898905,ros2_odometer_state
M19C_S1_lab_hard_floor_B1_U050_R1,514.798958190,2.998261630,command,0.500000,-1.222931266,-1.575853705,-2.180898905,0.044107482,-0.021480398,-2.181164742,ros2_odometer_state
M19C_S1_lab_hard_floor_B1_U050_R1,514.799852176,2.999155616,command,0.500000,-1.222931266,-1.575853705,-2.180898905,0.044107482,-0.021480398,-2.181164742,ros2_odometer_state
M19C_S1_lab_hard_floor_B1_U050_R1,514.802446321,3.001749761,command,0.500000,-1.222931266,-1.575853705,-2.180898905,0.044296928,-0.021987854,-2.181450844,ros2_odometer_state
M19C_S1_lab_hard_floor_B1_U050_R1,514.803735521,3.003038961,command,0.500000,-1.222931266,-1.575853705,-2.180898905,0.044296928,-0.021987854,-2.181450844,ros2_odometer_state
M19C_S1_lab_hard_floor_B1_U050_R1,514.806557611,3.005861051,command,0.500000,-1.222931266,-1.575853705,-2.180898905,0.044427902,-0.022461226,-2.181719542,ros2_odometer_state
M19C_S1_lab_hard_floor_B1_U050_R1,514.808026178,3.007329618,command,0.500000,-1.222931266,-1.575853705,-2.180898905,0.044427902,-0.022461226,-2.181719542,ros2_odometer_state
M19C_S1_lab_hard_floor_B1_U050_R1,514.819961472,3.019264912,command,0.500000,-1.222931266,-1.575853705,-2.180898905,0.044489816,-0.022708433,-2.181878090,ros2_odometer_state
M19C_S1_lab_hard_floor_B1_U050_R1,514.821222768,3.020526208,command,0.500000,-1.222931266,-1.575853705,-2.180898905,0.044546656,-0.022959683,-2.182064772,ros2_odometer_state
M19C_S1_lab_hard_floor_B1_U050_R1,514.822713735,3.022017175,command,0.500000,-1.222931266,-1.575853705,-2.180898905,0.044600479,-0.023201309,-2.182289124,ros2_odometer_state
M19C_S1_lab_hard_floor_B1_U050_R1,514.823956310,3.023259750,command,0.500000,-1.224105597,-1.577530622,-2.182566404,0.044653449,-0.023424173,-2.182566404,ros2_odometer_state
M19C_S1_lab_hard_floor_B1_U050_R1,514.825063903,3.024367343,command,0.500000,-1.224105597,-1.577530622,-2.182566404,0.044707920,-0.023638500,-2.182865858,ros2_odometer_state
M19C_S1_lab_hard_floor_B1_U050_R1,514.826873603,3.026177043,command,0.500000,-1.224105597,-1.577530622,-2.182566404,0.044767462,-0.023845285,-2.183160067,ros2_odometer_state
M19C_S1_lab_hard_floor_B1_U050_R1,514.828363835,3.027667275,command,0.500000,-1.224105597,-1.577530622,-2.182566404,0.044819038,-0.024033621,-2.183439255,ros2_odometer_state
M19C_S1_lab_hard_floor_B1_U050_R1,514.829343264,3.028646704,command,0.500000,-1.224105597,-1.577530622,-2.182566404,0.044866454,-0.024205828,-2.183710814,ros2_odometer_state
M19C_S1_lab_hard_floor_B1_U050_R1,514.830690258,3.029993698,command,0.500000,-1.224105597,-1.577530622,-2.182566404,0.044903822,-0.024364486,-2.183978796,ros2_odometer_state
M19C_S1_lab_hard_floor_B1_U050_R1,514.831829309,3.031132749,command,0.500000,-1.224105597,-1.577530622,-2.182566404,0.044937938,-0.024510784,-2.184241056,ros2_odometer_state
M19C_S1_lab_hard_floor_B1_U050_R1,514.833122573,3.032426013,command,0.500000,-1.224105597,-1.577530622,-2.182566404,0.044965912,-0.024635773,-2.184501171,ros2_odometer_state
M19C_S1_lab_hard_floor_B1_U050_R1,514.834508097,3.033811537,command,0.500000,-1.224105597,-1.577530622,-2.182566404,0.044995535,-0.024735449,-2.184756041,ros2_odometer_state
M19C_S1_lab_hard_floor_B1_U050_R1,514.835484774,3.034788214,command,0.500000,-1.224105597,-1.577530622,-2.182566404,0.045030408,-0.024820203,-2.185008764,ros2_odometer_state
M19C_S1_lab_hard_floor_B1_U050_R1,514.836838968,3.036142408,command,0.500000,-1.224105597,-1.577530622,-2.185264826,0.045069814,-0.024885567,-2.185264826,ros2_odometer_state
M19C_S1_lab_hard_floor_B1_U050_R1,514.838177162,3.037480602,command,0.500000,-1.224105597,-1.577530622,-2.185264826,0.045116398,-0.024930313,-2.185532570,ros2_odometer_state
M19C_S1_lab_hard_floor_B1_U050_R1,514.840865455,3.040168895,command,0.500000,-1.224105597,-1.577530622,-2.185264826,0.045249127,-0.024979681,-2.186075449,ros2_odometer_state
M19C_S1_lab_hard_floor_B1_U050_R1,514.841849300,3.041152740,command,0.500000,-1.224105597,-1.577530622,-2.185264826,0.045249127,-0.024979681,-2.186075449,ros2_odometer_state
M19C_S1_lab_hard_floor_B1_U050_R1,514.845530910,3.044834350,command,0.500000,-1.224105597,-1.577530622,-2.185264826,0.045395944,-0.024997966,-2.186577797,ros2_odometer_state
M19C_S1_lab_hard_floor_B1_U050_R1,514.845902444,3.045205884,command,0.500000,-1.224105597,-1.577530622,-2.185264826,0.045395944,-0.024997966,-2.186577797,ros2_odometer_state
M19C_S1_lab_hard_floor_B1_U050_R1,514.848560591,3.047864031,command,0.500000,-1.224105597,-1.577530622,-2.185264826,0.045578100,-0.024989296,-2.187111855,ros2_odometer_state
M19C_S1_lab_hard_floor_B1_U050_R1,514.850508568,3.049812008,command,0.500000,-1.224105597,-1.577530622,-2.185264826,0.045661233,-0.024981074,-2.187381983,ros2_odometer_state
M19C_S1_lab_hard_floor_B1_U050_R1,514.853548234,3.052851674,command,0.500000,-1.224105597,-1.577530622,-2.185264826,0.045746099,-0.024975773,-2.187638521,ros2_odometer_state
M19C_S1_lab_hard_floor_B1_U050_R1,514.853837141,3.053140581,command,0.500000,-1.224105597,-1.577530622,-2.185264826,0.045746099,-0.024975773,-2.187638521,ros2_odometer_state
M19C_S1_lab_hard_floor_B1_U050_R1,514.857193074,3.056496514,command,0.500000,-1.224105597,-1.577530622,-2.187880516,0.045938544,-0.024974912,-2.188145399,ros2_odometer_state
M19C_S1_lab_hard_floor_B1_U050_R1,514.858004753,3.057308193,command,0.500000,-1.224105597,-1.577530622,-2.187880516,0.045938544,-0.024974912,-2.188145399,ros2_odometer_state
M19C_S1_lab_hard_floor_B1_U050_R1,514.860480685,3.059784125,command,0.500000,-1.224105597,-1.577530622,-2.187880516,0.046127498,-0.024967341,-2.188731194,ros2_odometer_state
M19C_S1_lab_hard_floor_B1_U050_R1,514.862737026,3.062040466,command,0.500000,-1.224105597,-1.577530622,-2.187880516,0.046234157,-0.024968291,-2.189038277,ros2_odometer_state
M19C_S1_lab_hard_floor_B1_U050_R1,514.864519109,3.063822549,command,0.500000,-1.224105597,-1.577530622,-2.187880516,0.046350230,-0.024979372,-2.189352274,ros2_odometer_state
M19C_S1_lab_hard_floor_B1_U050_R1,514.866394123,3.065697563,command,0.500000,-1.224105597,-1.577530622,-2.187880516,0.046473678,-0.024987178,-2.189687490,ros2_odometer_state
M19C_S1_lab_hard_floor_B1_U050_R1,514.868529947,3.067833387,command,0.500000,-1.224105597,-1.577530622,-2.187880516,0.046609357,-0.024991497,-2.190045118,ros2_odometer_state
M19C_S1_lab_hard_floor_B1_U050_R1,514.870391841,3.069695281,command,0.500000,-1.224105597,-1.577530622,-2.187880516,0.046747077,-0.025001701,-2.190394402,ros2_odometer_state
M19C_S1_lab_hard_floor_B1_U050_R1,514.873562615,3.072866055,command,0.500000,-1.224105597,-1.577530622,-2.187880516,0.046886321,-0.025012024,-2.190748453,ros2_odometer_state
M19C_S1_lab_hard_floor_B1_U050_R1,514.874127116,3.073430556,command,0.500000,-1.224105597,-1.577530622,-2.187880516,0.046886321,-0.025012024,-2.190748453,ros2_odometer_state
M19C_S1_lab_hard_floor_B1_U050_R1,514.876038100,3.075341540,command,0.500000,-1.224105597,-1.577530622,-2.191124201,0.047026455,-0.025019273,-2.191124201,ros2_odometer_state
M19C_S1_lab_hard_floor_B1_U050_R1,514.878686871,3.077990311,command,0.500000,-1.224105597,-1.577530622,-2.191124201,0.047184743,-0.025019860,-2.191506386,ros2_odometer_state
M19C_S1_lab_hard_floor_B1_U050_R1,514.881600324,3.080903764,command,0.500000,-1.224105597,-1.577530622,-2.191124201,0.047352009,-0.025001062,-2.191881657,ros2_odometer_state
M19C_S1_lab_hard_floor_B1_U050_R1,514.883047674,3.082351114,command,0.500000,-1.224105597,-1.577530622,-2.191124201,0.047517188,-0.024970615,-2.192254782,ros2_odometer_state
M19C_S1_lab_hard_floor_B1_U050_R1,514.884281641,3.083585081,command,0.500000,-1.224105597,-1.577530622,-2.191124201,0.047685470,-0.024946252,-2.192636967,ros2_odometer_state
M19C_S1_lab_hard_floor_B1_U050_R1,514.885997193,3.085300633,command,0.500000,-1.224105597,-1.577530622,-2.191124201,0.047852959,-0.024923848,-2.193030834,ros2_odometer_state
M19C_S1_lab_hard_floor_B1_U050_R1,514.888570825,3.087874265,command,0.500000,-1.224105597,-1.577530622,-2.191124201,0.048187904,-0.024885142,-2.193829775,ros2_odometer_state
M19C_S1_lab_hard_floor_B1_U050_R1,514.890481041,3.089784481,command,0.500000,-1.224105597,-1.577530622,-2.191124201,0.048357815,-0.024905724,-2.194221735,ros2_odometer_state
M19C_S1_lab_hard_floor_B1_U050_R1,514.893152277,3.092455717,command,0.500000,-1.224105597,-1.577530622,-2.191124201,0.048520822,-0.024949096,-2.194610596,ros2_odometer_state
M19C_S1_lab_hard_floor_B1_U050_R1,514.895101790,3.094405230,command,0.500000,-1.224105597,-1.577530622,-2.191124201,0.048681919,-0.025017193,-2.194995880,ros2_odometer_state
M19C_S1_lab_hard_floor_B1_U050_R1,514.896572821,3.095876261,command,0.500000,-1.224662066,-1.577140808,-2.194995880,0.048681919,-0.025017193,-2.194995880,ros2_odometer_state
M19C_S1_lab_hard_floor_B1_U050_R1,514.898591328,3.097894768,command,0.500000,-1.224662066,-1.577140808,-2.194995880,0.049042698,-0.025183294,-2.195752859,ros2_odometer_state
M19C_S1_lab_hard_floor_B1_U050_R1,514.900617836,3.099921276,command,0.500000,-1.224662066,-1.577140808,-2.194995880,0.049240045,-0.025277492,-2.196130037,ros2_odometer_state
M19C_S1_lab_hard_floor_B1_U050_R1,514.902520947,3.101824387,command,0.500000,-1.224662066,-1.577140808,-2.194995880,0.049441494,-0.025382945,-2.196508884,ros2_odometer_state
M19C_S1_lab_hard_floor_B1_U050_R1,514.904563360,3.103866800,command,0.500000,-1.224662066,-1.577140808,-2.194995880,0.049643788,-0.025507472,-2.196894646,ros2_odometer_state
M19C_S1_lab_hard_floor_B1_U050_R1,514.906644142,3.105947582,command,0.500000,-1.224662066,-1.577140808,-2.194995880,0.049850583,-0.025660442,-2.197280169,ros2_odometer_state
M19C_S1_lab_hard_floor_B1_U050_R1,514.910383738,3.109687178,command,0.500000,-1.224662066,-1.577140808,-2.194995880,0.050063703,-0.025820477,-2.197680235,ros2_odometer_state
M19C_S1_lab_hard_floor_B1_U050_R1,514.916550465,3.115853905,command,0.500000,-1.224662066,-1.577140808,-2.194995880,0.050282471,-0.025983537,-2.198100567,ros2_odometer_state
M19C_S1_lab_hard_floor_B1_U050_R1,514.917023058,3.116326498,command,0.500000,-1.224662066,-1.577140808,-2.194995880,0.050282471,-0.025983537,-2.198100567,ros2_odometer_state
M19C_S1_lab_hard_floor_B1_U050_R1,514.918143292,3.117446732,command,0.500000,-1.224662066,-1.577140808,-2.194995880,0.050494585,-0.026149791,-2.198529243,ros2_odometer_state
M19C_S1_lab_hard_floor_B1_U050_R1,514.919003677,3.118307117,command,0.500000,-1.225181937,-1.576776743,-2.198961258,0.050712660,-0.026322769,-2.198961258,ros2_odometer_state
M19C_S1_lab_hard_floor_B1_U050_R1,514.919938464,3.119241904,command,0.500000,-1.225181937,-1.576776743,-2.198961258,0.050939307,-0.026485603,-2.199384451,ros2_odometer_state
M19C_S1_lab_hard_floor_B1_U050_R1,514.920835329,3.120138769,command,0.500000,-1.225181937,-1.576776743,-2.198961258,0.051158860,-0.026636884,-2.199781179,ros2_odometer_state
M19C_S1_lab_hard_floor_B1_U050_R1,514.922643781,3.121947221,command,0.500000,-1.225181937,-1.576776743,-2.198961258,0.051582076,-0.026910463,-2.200563669,ros2_odometer_state
M19C_S1_lab_hard_floor_B1_U050_R1,514.924605710,3.123909150,command,0.500000,-1.225181937,-1.576776743,-2.198961258,0.051794793,-0.027056077,-2.200964928,ros2_odometer_state
M19C_S1_lab_hard_floor_B1_U050_R1,514.926727998,3.126031438,command,0.500000,-1.225181937,-1.576776743,-2.198961258,0.052008379,-0.027211854,-2.201367855,ros2_odometer_state
M19C_S1_lab_hard_floor_B1_U050_R1,514.928819468,3.128122908,command,0.500000,-1.225181937,-1.576776743,-2.198961258,0.052214049,-0.027377162,-2.201785088,ros2_odometer_state
M19C_S1_lab_hard_floor_B1_U050_R1,514.930548973,3.129852413,command,0.500000,-1.225181937,-1.576776743,-2.198961258,0.052412979,-0.027537739,-2.202226162,ros2_odometer_state
M19C_S1_lab_hard_floor_B1_U050_R1,514.933298292,3.132601732,command,0.500000,-1.225181937,-1.576776743,-2.198961258,0.052619893,-0.027686233,-2.202676535,ros2_odometer_state
M19C_S1_lab_hard_floor_B1_U050_R1,514.934909872,3.134213312,command,0.500000,-1.225181937,-1.576776743,-2.198961258,0.052820090,-0.027805122,-2.203122616,ros2_odometer_state
M19C_S1_lab_hard_floor_B1_U050_R1,514.936907611,3.136211051,command,0.500000,-1.227055907,-1.578186989,-2.203122616,0.053026393,-0.027913168,-2.203551769,ros2_odometer_state
M19C_S1_lab_hard_floor_B1_U050_R1,514.938632859,3.137936299,command,0.500000,-1.227055907,-1.578186989,-2.203122616,0.053237513,-0.028015936,-2.203970671,ros2_odometer_state
M19C_S1_lab_hard_floor_B1_U050_R1,514.940660999,3.139964439,command,0.500000,-1.227055907,-1.578186989,-2.203122616,0.053454008,-0.028107686,-2.204409838,ros2_odometer_state
M19C_S1_lab_hard_floor_B1_U050_R1,514.943083330,3.142386770,command,0.500000,-1.227055907,-1.578186989,-2.203122616,0.053672470,-0.028199676,-2.204872847,ros2_odometer_state
M19C_S1_lab_hard_floor_B1_U050_R1,514.944790754,3.144094194,command,0.500000,-1.227055907,-1.578186989,-2.203122616,0.053900741,-0.028311530,-2.205330133,ros2_odometer_state
M19C_S1_lab_hard_floor_B1_U050_R1,514.946880016,3.146183456,command,0.500000,-1.227055907,-1.578186989,-2.203122616,0.054131962,-0.028443113,-2.205769300,ros2_odometer_state
M19C_S1_lab_hard_floor_B1_U050_R1,514.950908615,3.150212055,command,0.500000,-1.227055907,-1.578186989,-2.203122616,0.054356426,-0.028583463,-2.206211090,ros2_odometer_state
M19C_S1_lab_hard_floor_B1_U050_R1,514.951771527,3.151074967,command,0.500000,-1.227055907,-1.578186989,-2.203122616,0.054583419,-0.028731154,-2.206661940,ros2_odometer_state
M19C_S1_lab_hard_floor_B1_U050_R1,514.953240446,3.152543886,command,0.500000,-1.227055907,-1.578186989,-2.203122616,0.054817889,-0.028873958,-2.207114458,ros2_odometer_state
M19C_S1_lab_hard_floor_B1_U050_R1,514.954709365,3.154012805,command,0.500000,-1.227055907,-1.578186989,-2.203122616,0.055053946,-0.029007919,-2.207570314,ros2_odometer_state
M19C_S1_lab_hard_floor_B1_U050_R1,514.956916392,3.156219832,command,0.500000,-1.229033232,-1.579705358,-2.207570314,0.055297103,-0.029132372,-2.208027840,ros2_odometer_state
M19C_S1_lab_hard_floor_B1_U050_R1,514.958752045,3.158055485,command,0.500000,-1.229033232,-1.579705358,-2.207570314,0.055542279,-0.029243957,-2.208492756,ros2_odometer_state
M19C_S1_lab_hard_floor_B1_U050_R1,514.960693013,3.159996453,command,0.500000,-1.229033232,-1.579705358,-2.207570314,0.055780966,-0.029337015,-2.208964586,ros2_odometer_state
M19C_S1_lab_hard_floor_B1_U050_R1,514.962628478,3.161931918,command,0.500000,-1.229033232,-1.579705358,-2.207570314,0.056001756,-0.029415831,-2.209420443,ros2_odometer_state
M19C_S1_lab_hard_floor_B1_U050_R1,514.964743469,3.164046909,command,0.500000,-1.229033232,-1.579705358,-2.207570314,0.056217745,-0.029495100,-2.209849596,ros2_odometer_state
M19C_S1_lab_hard_floor_B1_U050_R1,514.966770265,3.166073705,command,0.500000,-1.229033232,-1.579705358,-2.207570314,0.056435276,-0.029574977,-2.210259199,ros2_odometer_state
M19C_S1_lab_hard_floor_B1_U050_R1,514.968673984,3.167977424,command,0.500000,-1.229033232,-1.579705358,-2.207570314,0.056642476,-0.029636586,-2.210663080,ros2_odometer_state
M19C_S1_lab_hard_floor_B1_U050_R1,514.970938517,3.170241957,command,0.500000,-1.229033232,-1.579705358,-2.207570314,0.056840546,-0.029667586,-2.211062908,ros2_odometer_state
M19C_S1_lab_hard_floor_B1_U050_R1,514.973468916,3.172772356,command,0.500000,-1.229033232,-1.579705358,-2.207570314,0.057046134,-0.029666055,-2.211472511,ros2_odometer_state
M19C_S1_lab_hard_floor_B1_U050_R1,514.975578115,3.174881555,command,0.500000,-1.229033232,-1.579705358,-2.207570314,0.057261623,-0.029642632,-2.211885929,ros2_odometer_state
M19C_S1_lab_hard_floor_B1_U050_R1,514.976349408,3.175652848,command,0.500000,-1.230510592,-1.581815004,-2.211885929,0.057261623,-0.029642632,-2.211885929,ros2_odometer_state
M19C_S1_lab_hard_floor_B1_U050_R1,514.979620314,3.178923754,command,0.500000,-1.230510592,-1.581815004,-2.211885929,0.057694316,-0.029499242,-2.212620258,ros2_odometer_state
M19C_S1_lab_hard_floor_B1_U050_R1,514.980381943,3.179685383,command,0.500000,-1.230510592,-1.581815004,-2.211885929,0.057694316,-0.029499242,-2.212620258,ros2_odometer_state
M19C_S1_lab_hard_floor_B1_U050_R1,514.982925878,3.182229318,command,0.500000,-1.230510592,-1.581815004,-2.211885929,0.058080457,-0.029245010,-2.213285685,ros2_odometer_state
M19C_S1_lab_hard_floor_B1_U050_R1,514.984873663,3.184177103,command,0.500000,-1.230510592,-1.581815004,-2.211885929,0.058265757,-0.029111601,-2.213564396,ros2_odometer_state
M19C_S1_lab_hard_floor_B1_U050_R1,514.986827400,3.186130840,command,0.500000,-1.230510592,-1.581815004,-2.211885929,0.058435716,-0.028977018,-2.213813066,ros2_odometer_state
M19C_S1_lab_hard_floor_B1_U050_R1,514.988972056,3.188275496,command,0.500000,-1.230510592,-1.581815004,-2.211885929,0.058587816,-0.028844530,-2.214071512,ros2_odometer_state
M19C_S1_lab_hard_floor_B1_U050_R1,514.991774561,3.191078001,command,0.500000,-1.230510592,-1.581815004,-2.211885929,0.058728762,-0.028728178,-2.214363575,ros2_odometer_state
M19C_S1_lab_hard_floor_B1_U050_R1,514.994344641,3.193648081,command,0.500000,-1.230510592,-1.581815004,-2.211885929,0.058864322,-0.028627496,-2.214668274,ros2_odometer_state
M19C_S1_lab_hard_floor_B1_U050_R1,514.995309605,3.194613045,command,0.500000,-1.230510592,-1.581815004,-2.211885929,0.058989383,-0.028530709,-2.214927673,ros2_odometer_state
M19C_S1_lab_hard_floor_B1_U050_R1,514.997011045,3.196314485,command,0.500000,-1.231818795,-1.583683252,-2.214927673,0.059087243,-0.028423848,-2.215103626,ros2_odometer_state
M19C_S1_lab_hard_floor_B1_U050_R1,514.998904236,3.198207676,command,0.500000,-1.231818795,-1.583683252,-2.214927673,0.059159063,-0.028304102,-2.215215206,ros2_odometer_state
M19C_S1_lab_hard_floor_B1_U050_R1,515.000979898,3.200283338,command,0.500000,-1.231818795,-1.583683252,-2.214927673,0.059207126,-0.028154533,-2.215308428,ros2_odometer_state
M19C_S1_lab_hard_floor_B1_U050_R1,515.002845568,3.202149008,command,0.500000,-1.231818795,-1.583683252,-2.214927673,0.059249107,-0.027987126,-2.215379477,ros2_odometer_state
M19C_S1_lab_hard_floor_B1_U050_R1,515.004861259,3.204164699,command,0.500000,-1.231818795,-1.583683252,-2.214927673,0.059287913,-0.027823688,-2.215397835,ros2_odometer_state
M19C_S1_lab_hard_floor_B1_U050_R1,515.006782163,3.206085603,command,0.500000,-1.231818795,-1.583683252,-2.214927673,0.059308723,-0.027662473,-2.215358257,ros2_odometer_state
M19C_S1_lab_hard_floor_B1_U050_R1,515.008823487,3.208126927,command,0.500000,-1.231818795,-1.583683252,-2.214927673,0.059311692,-0.027474254,-2.215272188,ros2_odometer_state
M19C_S1_lab_hard_floor_B1_U050_R1,515.010057678,3.209361118,command,0.500000,-1.231818795,-1.583683252,-2.214927673,0.059311692,-0.027474254,-2.215272188,ros2_odometer_state
M19C_S1_lab_hard_floor_B1_U050_R1,515.012941274,3.212244714,command,0.500000,-1.231818795,-1.583683252,-2.214927673,0.059288353,-0.027263109,-2.215141296,ros2_odometer_state
M19C_S1_lab_hard_floor_B1_U050_R1,515.014816992,3.214120432,command,0.500000,-1.231818795,-1.583683252,-2.214927673,0.059241299,-0.027041599,-2.214960575,ros2_odometer_state
M19C_S1_lab_hard_floor_B1_U050_R1,515.016268534,3.215571974,command,0.500000,-1.233788013,-1.584954500,-2.214728832,0.059185490,-0.026836181,-2.214728832,ros2_odometer_state
M19C_S1_lab_hard_floor_B1_U050_R1,515.018191934,3.217495374,command,0.500000,-1.233788013,-1.584954500,-2.214728832,0.059113495,-0.026663864,-2.214429140,ros2_odometer_state
M19C_S1_lab_hard_floor_B1_U050_R1,515.020995783,3.220299223,command,0.500000,-1.233788013,-1.584954500,-2.214728832,0.058897894,-0.026382146,-2.213655710,ros2_odometer_state
M19C_S1_lab_hard_floor_B1_U050_R1,515.022924719,3.222228159,command,0.500000,-1.233788013,-1.584954500,-2.214728832,0.058763064,-0.026260940,-2.213210821,ros2_odometer_state
M19C_S1_lab_hard_floor_B1_U050_R1,515.025118881,3.224422321,command,0.500000,-1.233788013,-1.584954500,-2.214728832,0.058629684,-0.026149383,-2.212723732,ros2_odometer_state
M19C_S1_lab_hard_floor_B1_U050_R1,515.027073163,3.226376603,command,0.500000,-1.233788013,-1.584954500,-2.214728832,0.058501128,-0.026055707,-2.212212324,ros2_odometer_state
M19C_S1_lab_hard_floor_B1_U050_R1,515.028864398,3.228167838,command,0.500000,-1.233788013,-1.584954500,-2.214728832,0.058375623,-0.025961090,-2.211694241,ros2_odometer_state
M19C_S1_lab_hard_floor_B1_U050_R1,515.030830679,3.230134119,command,0.500000,-1.233788013,-1.584954500,-2.214728832,0.058236334,-0.025854405,-2.211152792,ros2_odometer_state
M19C_S1_lab_hard_floor_B1_U050_R1,515.033468858,3.232772298,command,0.500000,-1.233788013,-1.584954500,-2.214728832,0.058083460,-0.025749488,-2.210551739,ros2_odometer_state
M19C_S1_lab_hard_floor_B1_U050_R1,515.034933425,3.234236865,command,0.500000,-1.233788013,-1.584954500,-2.214728832,0.057912298,-0.025676008,-2.209894180,ros2_odometer_state
M19C_S1_lab_hard_floor_B1_U050_R1,515.036986878,3.236290318,command,0.500000,-1.236207962,-1.586099982,-2.209894180,0.057716690,-0.025655812,-2.209226370,ros2_odometer_state
M19C_S1_lab_hard_floor_B1_U050_R1,515.038895525,3.238198965,command,0.500000,-1.236207962,-1.586099982,-2.209894180,0.057496130,-0.025697738,-2.208564281,ros2_odometer_state
M19C_S1_lab_hard_floor_B1_U050_R1,515.040851054,3.240154494,command,0.500000,-1.236207962,-1.586099982,-2.209894180,0.057233848,-0.025793165,-2.207876921,ros2_odometer_state
M19C_S1_lab_hard_floor_B1_U050_R1,515.042861722,3.242165162,command,0.500000,-1.236207962,-1.586099982,-2.209894180,0.056934834,-0.025945084,-2.207125664,ros2_odometer_state
M19C_S1_lab_hard_floor_B1_U050_R1,515.044981929,3.244285369,command,0.500000,-1.236207962,-1.586099982,-2.209894180,0.056579143,-0.026179936,-2.206293821,ros2_odometer_state
M19C_S1_lab_hard_floor_B1_U050_R1,515.047053175,3.246356615,command,0.500000,-1.236207962,-1.586099982,-2.209894180,0.056171764,-0.026500121,-2.205402613,ros2_odometer_state
M19C_S1_lab_hard_floor_B1_U050_R1,515.051321975,3.250625415,command,0.500000,-1.236207962,-1.586099982,-2.209894180,0.055729121,-0.026921386,-2.204440355,ros2_odometer_state
M19C_S1_lab_hard_floor_B1_U050_R1,515.052257114,3.251560554,command,0.500000,-1.236207962,-1.586099982,-2.209894180,0.055268038,-0.027422830,-2.203378677,ros2_odometer_state
M19C_S1_lab_hard_floor_B1_U050_R1,515.052922802,3.252226242,command,0.500000,-1.236207962,-1.586099982,-2.209894180,0.055268038,-0.027422830,-2.203378677,ros2_odometer_state
M19C_S1_lab_hard_floor_B1_U050_R1,515.055286347,3.254589787,command,0.500000,-1.236207962,-1.586099982,-2.209894180,0.054339193,-0.028579067,-2.201093435,ros2_odometer_state
M19C_S1_lab_hard_floor_B1_U050_R1,515.057273013,3.256576453,command,0.500000,-1.239230871,-1.587554812,-2.201093435,0.053894512,-0.029216468,-2.200000048,ros2_odometer_state
M19C_S1_lab_hard_floor_B1_U050_R1,515.058918579,3.258222019,command,0.500000,-1.239230871,-1.587554812,-2.201093435,0.053506777,-0.029883463,-2.198963165,ros2_odometer_state
M19C_S1_lab_hard_floor_B1_U050_R1,515.060958943,3.260262383,command,0.500000,-1.239230871,-1.587554812,-2.201093435,0.053199712,-0.030562464,-2.197960138,ros2_odometer_state
M19C_S1_lab_hard_floor_B1_U050_R1,515.062974155,3.262277595,command,0.500000,-1.239230871,-1.587554812,-2.201093435,0.052970052,-0.031233519,-2.196972370,ros2_odometer_state
M19C_S1_lab_hard_floor_B1_U050_R1,515.064940660,3.264244100,command,0.500000,-1.239230871,-1.587554812,-2.201093435,0.052789561,-0.031889152,-2.195964575,ros2_odometer_state
M19C_S1_lab_hard_floor_B1_U050_R1,515.067044803,3.266348243,command,0.500000,-1.239230871,-1.587554812,-2.201093435,0.052618135,-0.032541163,-2.194944143,ros2_odometer_state
M19C_S1_lab_hard_floor_B1_U050_R1,515.068919721,3.268223161,command,0.500000,-1.239230871,-1.587554812,-2.201093435,0.052432414,-0.033198409,-2.193916321,ros2_odometer_state
M19C_S1_lab_hard_floor_B1_U050_R1,515.070977174,3.270280614,command,0.500000,-1.239230871,-1.587554812,-2.201093435,0.052201059,-0.033867896,-2.192878723,ros2_odometer_state
M19C_S1_lab_hard_floor_B1_U050_R1,515.072847708,3.272151148,command,0.500000,-1.239230871,-1.587554812,-2.201093435,0.052201059,-0.033867896,-2.192878723,ros2_odometer_state
M19C_S1_lab_hard_floor_B1_U050_R1,515.077421512,3.276724952,command,0.500000,-1.239230871,-1.587554812,-2.201093435,0.051563423,-0.035244234,-2.190932989,ros2_odometer_state
M19C_S1_lab_hard_floor_B1_U050_R1,515.078375467,3.277678907,command,0.500000,-1.243403316,-1.590717793,-2.190932989,0.051203467,-0.035995588,-2.190113068,ros2_odometer_state
M19C_S1_lab_hard_floor_B1_U050_R1,515.079249644,3.278553084,command,0.500000,-1.243403316,-1.590717793,-2.190932989,0.050831493,-0.036814034,-2.189431429,ros2_odometer_state
M19C_S1_lab_hard_floor_B1_U050_R1,515.080266322,3.279569762,command,0.500000,-1.243403316,-1.590717793,-2.190932989,0.050831493,-0.036814034,-2.189431429,ros2_odometer_state
M19C_S1_lab_hard_floor_B1_U050_R1,515.083019417,3.282322857,command,0.500000,-1.243403316,-1.590717793,-2.190932989,0.050055422,-0.038625419,-2.188113213,ros2_odometer_state
M19C_S1_lab_hard_floor_B1_U050_R1,515.084258408,3.283561848,command,0.500000,-1.243403316,-1.590717793,-2.190932989,0.050055422,-0.038625419,-2.188113213,ros2_odometer_state
M19C_S1_lab_hard_floor_B1_U050_R1,515.086242738,3.285546178,command,0.500000,-1.243403316,-1.590717793,-2.190932989,0.049651571,-0.039592519,-2.187371254,ros2_odometer_state
M19C_S1_lab_hard_floor_B1_U050_R1,515.089040603,3.288344043,command,0.500000,-1.243403316,-1.590717793,-2.190932989,0.048871554,-0.041388102,-2.186093569,ros2_odometer_state
M19C_S1_lab_hard_floor_B1_U050_R1,515.090950882,3.290254322,command,0.500000,-1.243403316,-1.590717793,-2.190932989,0.048507061,-0.042235896,-2.185629129,ros2_odometer_state
M19C_S1_lab_hard_floor_B1_U050_R1,515.093627878,3.292931318,command,0.500000,-1.243403316,-1.590717793,-2.190932989,0.048143614,-0.043071643,-2.185333014,ros2_odometer_state
M19C_S1_lab_hard_floor_B1_U050_R1,515.095090077,3.294393517,command,0.500000,-1.243403316,-1.590717793,-2.190932989,0.047808014,-0.043959524,-2.185546398,ros2_odometer_state
M19C_S1_lab_hard_floor_B1_U050_R1,515.097086216,3.296389656,command,0.500000,-1.246883750,-1.595687747,-2.185546398,0.047626801,-0.045021884,-2.186510324,ros2_odometer_state
M19C_S1_lab_hard_floor_B1_U050_R1,515.098285493,3.297588933,command,0.500000,-1.246883750,-1.595687747,-2.185546398,0.047626801,-0.045021884,-2.186510324,ros2_odometer_state
M19C_S1_lab_hard_floor_B1_U050_R1,515.101335815,3.300639255,command,0.500000,-1.246883750,-1.595687747,-2.185546398,0.047493078,-0.047542047,-2.189696074,ros2_odometer_state
M19C_S1_lab_hard_floor_B1_U050_R1,515.103945609,3.303249049,command,0.500000,-1.246883750,-1.595687747,-2.185546398,0.047393236,-0.048708867,-2.191329718,ros2_odometer_state
M19C_S1_lab_hard_floor_B1_U050_R1,515.104512222,3.303815662,command,0.500000,-1.246883750,-1.595687747,-2.185546398,0.047393236,-0.048708867,-2.191329718,ros2_odometer_state
M19C_S1_lab_hard_floor_B1_U050_R1,515.107211491,3.306514931,command,0.500000,-1.246883750,-1.595687747,-2.185546398,0.047210459,-0.050183810,-2.194329977,ros2_odometer_state
M19C_S1_lab_hard_floor_B1_U050_R1,515.110775592,3.310079032,command,0.500000,-1.246883750,-1.595687747,-2.185546398,0.047059726,-0.050475433,-2.195858955,ros2_odometer_state
M19C_S1_lab_hard_floor_B1_U050_R1,515.111649993,3.310953433,command,0.500000,-1.246883750,-1.595687747,-2.185546398,0.046902303,-0.050598416,-2.197243690,ros2_odometer_state
M19C_S1_lab_hard_floor_B1_U050_R1,515.113668949,3.312972389,command,0.500000,-1.246883750,-1.595687747,-2.185546398,0.046750538,-0.050715763,-2.198477983,ros2_odometer_state
M19C_S1_lab_hard_floor_B1_U050_R1,515.115251696,3.314555136,command,0.500000,-1.246883750,-1.595687747,-2.185546398,0.046590380,-0.050909333,-2.199734926,ros2_odometer_state
M19C_S1_lab_hard_floor_B1_U050_R1,515.116500511,3.315803951,command,0.500000,-1.250638723,-1.603202224,-2.199734926,0.046590380,-0.050909333,-2.199734926,ros2_odometer_state
M19C_S1_lab_hard_floor_B1_U050_R1,515.119072287,3.318375727,command,0.500000,-1.250638723,-1.603202224,-2.199734926,0.046107199,-0.051399764,-2.202705622,ros2_odometer_state
M19C_S1_lab_hard_floor_B1_U050_R1,515.121183374,3.320486814,command,0.500000,-1.250638723,-1.603202224,-2.199734926,0.045862895,-0.051651385,-2.204213619,ros2_odometer_state
M19C_S1_lab_hard_floor_B1_U050_R1,515.123070613,3.322374053,command,0.500000,-1.250638723,-1.603202224,-2.199734926,0.045672897,-0.051901322,-2.205452681,ros2_odometer_state
M19C_S1_lab_hard_floor_B1_U050_R1,515.124473897,3.323777337,command,0.500000,-1.250638723,-1.603202224,-2.199734926,0.045672897,-0.051901322,-2.205452681,ros2_odometer_state
M19C_S1_lab_hard_floor_B1_U050_R1,515.126897092,3.326200532,command,0.500000,-1.250638723,-1.603202224,-2.199734926,0.045535740,-0.052079245,-2.206377506,ros2_odometer_state
M19C_S1_lab_hard_floor_B1_U050_R1,515.129247420,3.328550860,command,0.500000,-1.250638723,-1.603202224,-2.199734926,0.045047019,-0.052294623,-2.207906723,ros2_odometer_state
M19C_S1_lab_hard_floor_B1_U050_R1,515.131057696,3.330361136,command,0.500000,-1.250638723,-1.603202224,-2.199734926,0.044633754,-0.052371230,-2.208582163,ros2_odometer_state
M19C_S1_lab_hard_floor_B1_U050_R1,515.133694755,3.332998195,command,0.500000,-1.250638723,-1.603202224,-2.199734926,0.044224791,-0.052353442,-2.209137678,ros2_odometer_state
M19C_S1_lab_hard_floor_B1_U050_R1,515.134398877,3.333702317,command,0.500000,-1.250638723,-1.603202224,-2.199734926,0.044224791,-0.052353442,-2.209137678,ros2_odometer_state
M19C_S1_lab_hard_floor_B1_U050_R1,515.137482288,3.336785728,command,0.500000,-1.252168655,-1.608824730,-2.209683895,0.043650858,-0.052029409,-2.210295677,ros2_odometer_state
M19C_S1_lab_hard_floor_B1_U050_R1,515.139487131,3.338790571,command,0.500000,-1.252168655,-1.608824730,-2.209683895,0.043530047,-0.051743973,-2.210937023,ros2_odometer_state
M19C_S1_lab_hard_floor_B1_U050_R1,515.141357665,3.340661105,command,0.500000,-1.252168655,-1.608824730,-2.209683895,0.043483693,-0.051411644,-2.211530209,ros2_odometer_state
M19C_S1_lab_hard_floor_B1_U050_R1,515.144931559,3.344234999,command,0.500000,-1.252168655,-1.608824730,-2.209683895,0.043468624,-0.051044155,-2.212062359,ros2_odometer_state
M19C_S1_lab_hard_floor_B1_U050_R1,515.145825097,3.345128537,command,0.500000,-1.252168655,-1.608824730,-2.209683895,0.043438621,-0.050607312,-2.212540150,ros2_odometer_state
M19C_S1_lab_hard_floor_B1_U050_R1,515.146356733,3.345660173,command,0.500000,-1.252168655,-1.608824730,-2.209683895,0.043438621,-0.050607312,-2.212540150,ros2_odometer_state
M19C_S1_lab_hard_floor_B1_U050_R1,515.149079651,3.348383091,command,0.500000,-1.252168655,-1.608824730,-2.209683895,0.043306869,-0.049539905,-2.213142633,ros2_odometer_state
M19C_S1_lab_hard_floor_B1_U050_R1,515.151037964,3.350341404,command,0.500000,-1.252168655,-1.608824730,-2.209683895,0.043226682,-0.048952933,-2.213286877,ros2_odometer_state
M19C_S1_lab_hard_floor_B1_U050_R1,515.153942777,3.353246217,command,0.500000,-1.252168655,-1.608824730,-2.209683895,0.043134026,-0.048357263,-2.213442802,ros2_odometer_state
M19C_S1_lab_hard_floor_B1_U050_R1,515.154732310,3.354035750,command,0.500000,-1.252168655,-1.608824730,-2.209683895,0.043134026,-0.048357263,-2.213442802,ros2_odometer_state
M19C_S1_lab_hard_floor_B1_U050_R1,515.157414971,3.356718411,command,0.500000,-1.253061771,-1.614414215,-2.213700056,0.043073516,-0.047257110,-2.214037657,ros2_odometer_state
M19C_S1_lab_hard_floor_B1_U050_R1,515.159197885,3.358501325,command,0.500000,-1.253061771,-1.614414215,-2.213700056,0.043113325,-0.046819411,-2.214365959,ros2_odometer_state
M19C_S1_lab_hard_floor_B1_U050_R1,515.161427025,3.360730465,command,0.500000,-1.253061771,-1.614414215,-2.213700056,0.043122154,-0.046416860,-2.214696646,ros2_odometer_state
M19C_S1_lab_hard_floor_B1_U050_R1,515.163337944,3.362641384,command,0.500000,-1.253061771,-1.614414215,-2.213700056,0.043071687,-0.046003446,-2.215031385,ros2_odometer_state
M19C_S1_lab_hard_floor_B1_U050_R1,515.164580903,3.363884343,command,0.500000,-1.253061771,-1.614414215,-2.213700056,0.043071687,-0.046003446,-2.215031385,ros2_odometer_state
M19C_S1_lab_hard_floor_B1_U050_R1,515.167426001,3.366729441,command,0.500000,-1.253061771,-1.614414215,-2.213700056,0.042769149,-0.045108736,-2.215388298,ros2_odometer_state
M19C_S1_lab_hard_floor_B1_U050_R1,515.168615966,3.367919406,command,0.500000,-1.253061771,-1.614414215,-2.213700056,0.042769149,-0.045108736,-2.215388298,ros2_odometer_state
M19C_S1_lab_hard_floor_B1_U050_R1,515.171535691,3.370839131,command,0.500000,-1.253061771,-1.614414215,-2.213700056,0.042353258,-0.044306371,-2.215349913,ros2_odometer_state
M19C_S1_lab_hard_floor_B1_U050_R1,515.173910212,3.373213652,command,0.500000,-1.253061771,-1.614414215,-2.213700056,0.042127121,-0.043894507,-2.215379000,ros2_odometer_state
M19C_S1_lab_hard_floor_B1_U050_R1,515.175570658,3.374874098,command,0.500000,-1.253061771,-1.614414215,-2.213700056,0.041866314,-0.043461129,-2.215508938,ros2_odometer_state
M19C_S1_lab_hard_floor_B1_U050_R1,515.179509622,3.378813062,command,0.500000,-1.253441095,-1.618373871,-2.215508938,0.041563690,-0.043034896,-2.215683460,ros2_odometer_state
M19C_S1_lab_hard_floor_B1_U050_R1,515.180563165,3.379866605,command,0.500000,-1.253441095,-1.618373871,-2.215508938,0.041218538,-0.042618383,-2.215804338,ros2_odometer_state
M19C_S1_lab_hard_floor_B1_U050_R1,515.181450623,3.380754063,command,0.500000,-1.253441095,-1.618373871,-2.215508938,0.040859528,-0.042166349,-2.215888977,ros2_odometer_state
M19C_S1_lab_hard_floor_B1_U050_R1,515.183189088,3.382492528,command,0.500000,-1.253441095,-1.618373871,-2.215508938,0.040549409,-0.041722137,-2.216027260,ros2_odometer_state
M19C_S1_lab_hard_floor_B1_U050_R1,515.184661431,3.383964871,command,0.500000,-1.253441095,-1.618373871,-2.215508938,0.040549409,-0.041722137,-2.216027260,ros2_odometer_state
M19C_S1_lab_hard_floor_B1_U050_R1,515.187500545,3.386803985,command,0.500000,-1.253441095,-1.618373871,-2.215508938,0.040077243,-0.041126993,-2.216665268,ros2_odometer_state
M19C_S1_lab_hard_floor_B1_U050_R1,515.189413897,3.388717337,command,0.500000,-1.253441095,-1.618373871,-2.215508938,0.039911345,-0.041015796,-2.217017889,ros2_odometer_state
M19C_S1_lab_hard_floor_B1_U050_R1,515.191156170,3.390459610,command,0.500000,-1.253441095,-1.618373871,-2.215508938,0.039817505,-0.040999543,-2.217357159,ros2_odometer_state
M19C_S1_lab_hard_floor_B1_U050_R1,515.193909841,3.393213281,command,0.500000,-1.253441095,-1.618373871,-2.215508938,0.039785538,-0.041029405,-2.217845201,ros2_odometer_state
M19C_S1_lab_hard_floor_B1_U050_R1,515.195314406,3.394617846,command,0.500000,-1.253441095,-1.618373871,-2.215508938,0.039785147,-0.041075438,-2.218545198,ros2_odometer_state
M19C_S1_lab_hard_floor_B1_U050_R1,515.197516760,3.396820200,command,0.500000,-1.254478931,-1.622800112,-2.218545198,0.039791856,-0.041115750,-2.219352961,ros2_odometer_state
M19C_S1_lab_hard_floor_B1_U050_R1,515.199441696,3.398745136,command,0.500000,-1.254478931,-1.622800112,-2.218545198,0.039829079,-0.041128419,-2.220151186,ros2_odometer_state
M19C_S1_lab_hard_floor_B1_U050_R1,515.201394921,3.400698361,command,0.500000,-1.254478931,-1.622800112,-2.218545198,0.039909121,-0.041089833,-2.220942497,ros2_odometer_state
M19C_S1_lab_hard_floor_B1_U050_R1,515.203280976,3.402584416,command,0.500000,-1.254478931,-1.622800112,-2.218545198,0.039987449,-0.040994626,-2.221782446,ros2_odometer_state
M19C_S1_lab_hard_floor_B1_U050_R1,515.205821999,3.405125439,command,0.500000,-1.254478931,-1.622800112,-2.218545198,0.040033296,-0.040851872,-2.222596407,ros2_odometer_state
M19C_S1_lab_hard_floor_B1_U050_R1,515.207637011,3.406940451,command,0.500000,-1.254478931,-1.622800112,-2.218545198,0.040048618,-0.040699270,-2.223287582,ros2_odometer_state
M19C_S1_lab_hard_floor_B1_U050_R1,515.209819109,3.409122549,command,0.500000,-1.254478931,-1.622800112,-2.218545198,0.040035397,-0.040574744,-2.223829746,ros2_odometer_state
M19C_S1_lab_hard_floor_B1_U050_R1,515.210923950,3.410227390,command,0.500000,-1.254478931,-1.622800112,-2.218545198,0.040035397,-0.040574744,-2.223829746,ros2_odometer_state
M19C_S1_lab_hard_floor_B1_U050_R1,515.214088932,3.413392372,command,0.500000,-1.254478931,-1.622800112,-2.218545198,0.039900787,-0.040470123,-2.224591494,ros2_odometer_state
M19C_S1_lab_hard_floor_B1_U050_R1,515.214783390,3.414086830,command,0.500000,-1.254478931,-1.622800112,-2.218545198,0.039900787,-0.040470123,-2.224591494,ros2_odometer_state
M19C_S1_lab_hard_floor_B1_U050_R1,515.216752360,3.416055800,command,0.500000,-1.255173445,-1.627273202,-2.224920511,0.039834820,-0.040456198,-2.224920511,ros2_odometer_state
M19C_S1_lab_hard_floor_B1_U050_R1,515.220392048,3.419695488,command,0.500000,-1.255173445,-1.627273202,-2.224920511,0.039658744,-0.040374182,-2.225423574,ros2_odometer_state
M19C_S1_lab_hard_floor_B1_U050_R1,515.220922084,3.420225524,command,0.500000,-1.255173445,-1.627273202,-2.224920511,0.039658744,-0.040374182,-2.225423574,ros2_odometer_state
M19C_S1_lab_hard_floor_B1_U050_R1,515.222747721,3.422051161,command,0.500000,-1.255173445,-1.627273202,-2.224920511,0.039536197,-0.040276784,-2.225586891,ros2_odometer_state
M19C_S1_lab_hard_floor_B1_U050_R1,515.225449326,3.424752766,command,0.500000,-1.255173445,-1.627273202,-2.224920511,0.039378520,-0.039891705,-2.225846767,ros2_odometer_state
M19C_S1_lab_hard_floor_B1_U050_R1,515.227414071,3.426717511,command,0.500000,-1.255173445,-1.627273202,-2.224920511,0.039314557,-0.039688811,-2.225826502,ros2_odometer_state
M19C_S1_lab_hard_floor_B1_U050_R1,515.228673735,3.427977175,command,0.500000,-1.255173445,-1.627273202,-2.224920511,0.039314557,-0.039688811,-2.225826502,ros2_odometer_state
M19C_S1_lab_hard_floor_B1_U050_R1,515.230468362,3.429771802,command,0.500000,-1.255173445,-1.627273202,-2.224920511,0.039236225,-0.039588407,-2.225656033,ros2_odometer_state
M19C_S1_lab_hard_floor_B1_U050_R1,515.233907178,3.433210618,command,0.500000,-1.255173445,-1.627273202,-2.224920511,0.038885195,-0.039841343,-2.224708557,ros2_odometer_state
M19C_S1_lab_hard_floor_B1_U050_R1,515.235553608,3.434857048,command,0.500000,-1.255173445,-1.627273202,-2.224920511,0.038592145,-0.040027857,-2.224157810,ros2_odometer_state
M19C_S1_lab_hard_floor_B1_U050_R1,515.236731796,3.436035236,command,0.500000,-1.258033633,-1.631359816,-2.224157810,0.038592145,-0.040027857,-2.224157810,ros2_odometer_state
M19C_S1_lab_hard_floor_B1_U050_R1,515.239256115,3.438559555,command,0.500000,-1.258033633,-1.631359816,-2.224157810,0.037939157,-0.039896514,-2.223621368,ros2_odometer_state
M19C_S1_lab_hard_floor_B1_U050_R1,515.241322144,3.440625584,command,0.500000,-1.258033633,-1.631359816,-2.224157810,0.037578262,-0.039669435,-2.223438978,ros2_odometer_state
M19C_S1_lab_hard_floor_B1_U050_R1,515.243562612,3.442866052,command,0.500000,-1.258033633,-1.631359816,-2.224157810,0.037219357,-0.039462306,-2.223056555,ros2_odometer_state
M19C_S1_lab_hard_floor_B1_U050_R1,515.245692228,3.444995668,command,0.500000,-1.258033633,-1.631359816,-2.224157810,0.036871936,-0.039241191,-2.222423315,ros2_odometer_state
M19C_S1_lab_hard_floor_B1_U050_R1,515.247522504,3.446825944,command,0.500000,-1.258033633,-1.631359816,-2.224157810,0.036487147,-0.038978819,-2.221579552,ros2_odometer_state
M19C_S1_lab_hard_floor_B1_U050_R1,515.249539060,3.448842500,command,0.500000,-1.258033633,-1.631359816,-2.224157810,0.036030486,-0.038732585,-2.220597506,ros2_odometer_state
M19C_S1_lab_hard_floor_B1_U050_R1,515.251462204,3.450765644,command,0.500000,-1.258033633,-1.631359816,-2.224157810,0.035520006,-0.038570471,-2.219551563,ros2_odometer_state
M19C_S1_lab_hard_floor_B1_U050_R1,515.253922584,3.453226024,command,0.500000,-1.258033633,-1.631359816,-2.224157810,0.034963068,-0.038498513,-2.218487978,ros2_odometer_state
M19C_S1_lab_hard_floor_B1_U050_R1,515.255675577,3.454979017,command,0.500000,-1.258033633,-1.631359816,-2.224157810,0.034363903,-0.038465723,-2.217469215,ros2_odometer_state
M19C_S1_lab_hard_floor_B1_U050_R1,515.257991824,3.457295264,command,0.500000,-1.261561394,-1.632568002,-2.217469215,0.033759043,-0.038445897,-2.216622114,ros2_odometer_state
M19C_S1_lab_hard_floor_B1_U050_R1,515.258601255,3.457904695,command,0.500000,-1.261561394,-1.632568002,-2.217469215,0.033759043,-0.038445897,-2.216622114,ros2_odometer_state
M19C_S1_lab_hard_floor_B1_U050_R1,515.260755576,3.460059016,command,0.500000,-1.261561394,-1.632568002,-2.217469215,0.033164155,-0.038417187,-2.216021299,ros2_odometer_state
M19C_S1_lab_hard_floor_B1_U050_R1,515.262712065,3.462015505,command,0.500000,-1.261561394,-1.632568002,-2.217469215,0.032561872,-0.038364805,-2.215548277,ros2_odometer_state
M19C_S1_lab_hard_floor_B1_U050_R1,515.265337027,3.464640467,command,0.500000,-1.261561394,-1.632568002,-2.217469215,0.031313986,-0.038240522,-2.214359283,ros2_odometer_state
M19C_S1_lab_hard_floor_B1_U050_R1,515.266532784,3.465836224,command,0.500000,-1.261561394,-1.632568002,-2.217469215,0.031313986,-0.038240522,-2.214359283,ros2_odometer_state
M19C_S1_lab_hard_floor_B1_U050_R1,515.269223125,3.468526565,command,0.500000,-1.261561394,-1.632568002,-2.217469215,0.030106155,-0.037877351,-2.212875843,ros2_odometer_state
M19C_S1_lab_hard_floor_B1_U050_R1,515.271478793,3.470782233,command,0.500000,-1.261561394,-1.632568002,-2.217469215,0.029484125,-0.037655644,-2.212085009,ros2_odometer_state
M19C_S1_lab_hard_floor_B1_U050_R1,515.273899428,3.473202868,command,0.500000,-1.261561394,-1.632568002,-2.217469215,0.028850021,-0.037479363,-2.211278439,ros2_odometer_state
M19C_S1_lab_hard_floor_B1_U050_R1,515.275338106,3.474641546,command,0.500000,-1.261561394,-1.632568002,-2.217469215,0.028204955,-0.037388332,-2.210502625,ros2_odometer_state
M19C_S1_lab_hard_floor_B1_U050_R1,515.277758708,3.477062148,command,0.500000,-1.267444968,-1.633973002,-2.210502625,0.027553178,-0.037366256,-2.209781647,ros2_odometer_state
M19C_S1_lab_hard_floor_B1_U050_R1,515.279882308,3.479185748,command,0.500000,-1.267444968,-1.633973002,-2.210502625,0.026924441,-0.037382238,-2.209106922,ros2_odometer_state
M19C_S1_lab_hard_floor_B1_U050_R1,515.281653574,3.480957014,command,0.500000,-1.267444968,-1.633973002,-2.210502625,0.026924441,-0.037382238,-2.209106922,ros2_odometer_state
M19C_S1_lab_hard_floor_B1_U050_R1,515.282603818,3.481907258,command,0.500000,-1.267444968,-1.633973002,-2.210502625,0.026321838,-0.037408289,-2.208470106,ros2_odometer_state
M19C_S1_lab_hard_floor_B1_U050_R1,515.285347824,3.484651264,command,0.500000,-1.267444968,-1.633973002,-2.210502625,0.025164651,-0.037376750,-2.207314014,ros2_odometer_state
M19C_S1_lab_hard_floor_B1_U050_R1,515.287235255,3.486538695,command,0.500000,-1.267444968,-1.633973002,-2.210502625,0.024604028,-0.037292410,-2.206796646,ros2_odometer_state
M19C_S1_lab_hard_floor_B1_U050_R1,515.289276964,3.488580404,command,0.500000,-1.267444968,-1.633973002,-2.210502625,0.024050336,-0.037170071,-2.206315994,ros2_odometer_state
M19C_S1_lab_hard_floor_B1_U050_R1,515.291292431,3.490595871,command,0.500000,-1.267444968,-1.633973002,-2.210502625,0.023500467,-0.037046708,-2.205870628,ros2_odometer_state
M19C_S1_lab_hard_floor_B1_U050_R1,515.293972435,3.493275875,command,0.500000,-1.267444968,-1.633973002,-2.210502625,0.022949178,-0.036938839,-2.205479860,ros2_odometer_state
M19C_S1_lab_hard_floor_B1_U050_R1,515.295460683,3.494764123,command,0.500000,-1.267444968,-1.633973002,-2.210502625,0.022387616,-0.036887575,-2.205146551,ros2_odometer_state
M19C_S1_lab_hard_floor_B1_U050_R1,515.297470422,3.496773862,command,0.500000,-1.274641395,-1.634739518,-2.205146551,0.021794615,-0.036894340,-2.204833984,ros2_odometer_state
M19C_S1_lab_hard_floor_B1_U050_R1,515.299389566,3.498693006,command,0.500000,-1.274641395,-1.634739518,-2.205146551,0.021193167,-0.036941588,-2.204547405,ros2_odometer_state
M19C_S1_lab_hard_floor_B1_U050_R1,515.301691188,3.500994628,command,0.500000,-1.274641395,-1.634739518,-2.205146551,0.020594876,-0.037011817,-2.204334259,ros2_odometer_state
M19C_S1_lab_hard_floor_B1_U050_R1,515.303586139,3.502889579,command,0.500000,-1.274641395,-1.634739518,-2.205146551,0.020007038,-0.037077386,-2.204204559,ros2_odometer_state
M19C_S1_lab_hard_floor_B1_U050_R1,515.305562693,3.504866133,command,0.500000,-1.274641395,-1.634739518,-2.205146551,0.019417176,-0.037107974,-2.204109907,ros2_odometer_state
M19C_S1_lab_hard_floor_B1_U050_R1,515.307598065,3.506901505,command,0.500000,-1.274641395,-1.634739518,-2.205146551,0.018834006,-0.037059937,-2.204004049,ros2_odometer_state
M19C_S1_lab_hard_floor_B1_U050_R1,515.310005612,3.509309052,command,0.500000,-1.274641395,-1.634739518,-2.205146551,0.018290952,-0.036916703,-2.203899145,ros2_odometer_state
M19C_S1_lab_hard_floor_B1_U050_R1,515.311674090,3.510977530,command,0.500000,-1.274641395,-1.634739518,-2.205146551,0.017783862,-0.036692109,-2.203829050,ros2_odometer_state
M19C_S1_lab_hard_floor_B1_U050_R1,515.314136006,3.513439446,command,0.500000,-1.274641395,-1.634739518,-2.205146551,0.017300013,-0.036410440,-2.203814983,ros2_odometer_state
M19C_S1_lab_hard_floor_B1_U050_R1,515.315695169,3.514998609,command,0.500000,-1.274641395,-1.634739518,-2.205146551,0.016844317,-0.036097601,-2.203874588,ros2_odometer_state
M19C_S1_lab_hard_floor_B1_U050_R1,515.317694379,3.516997819,command,0.500000,-1.281610847,-1.636391997,-2.203874588,0.016407108,-0.035777528,-2.204012871,ros2_odometer_state
M19C_S1_lab_hard_floor_B1_U050_R1,515.319742808,3.519046248,command,0.500000,-1.281610847,-1.636391997,-2.203874588,0.015969386,-0.035454117,-2.204194307,ros2_odometer_state
M19C_S1_lab_hard_floor_B1_U050_R1,515.321527515,3.520830955,command,0.500000,-1.281610847,-1.636391997,-2.203874588,0.015525914,-0.035124894,-2.204389572,ros2_odometer_state
M19C_S1_lab_hard_floor_B1_U050_R1,515.322704263,3.522007703,command,0.500000,-1.281610847,-1.636391997,-2.203874588,0.015525914,-0.035124894,-2.204389572,ros2_odometer_state
M19C_S1_lab_hard_floor_B1_U050_R1,515.325714616,3.525018056,command,0.500000,-1.281610847,-1.636391997,-2.203874588,0.014682029,-0.034452584,-2.204800367,ros2_odometer_state
M19C_S1_lab_hard_floor_B1_U050_R1,515.326836258,3.526139698,command,0.500000,-1.281610847,-1.636391997,-2.203874588,0.014682029,-0.034452584,-2.204800367,ros2_odometer_state
M19C_S1_lab_hard_floor_B1_U050_R1,515.329493509,3.528796949,command,0.500000,-1.281610847,-1.636391997,-2.203874588,0.013934919,-0.033737231,-2.205268145,ros2_odometer_state
M19C_S1_lab_hard_floor_B1_U050_R1,515.331482384,3.530785824,command,0.500000,-1.281610847,-1.636391997,-2.203874588,0.013554571,-0.033396125,-2.205419540,ros2_odometer_state
M19C_S1_lab_hard_floor_B1_U050_R1,515.334094705,3.533398145,command,0.500000,-1.281610847,-1.636391997,-2.203874588,0.013166393,-0.033065762,-2.205473900,ros2_odometer_state
M19C_S1_lab_hard_floor_B1_U050_R1,515.335753872,3.535057312,command,0.500000,-1.281610847,-1.636391997,-2.203874588,0.012765526,-0.032735068,-2.205485344,ros2_odometer_state
M19C_S1_lab_hard_floor_B1_U050_R1,515.337726777,3.537030217,command,0.500000,-1.288934112,-1.638268948,-2.205485344,0.012364543,-0.032388680,-2.205520153,ros2_odometer_state
M19C_S1_lab_hard_floor_B1_U050_R1,515.339685443,3.538988883,command,0.500000,-1.288934112,-1.638268948,-2.205485344,0.012049040,-0.031993579,-2.205642462,ros2_odometer_state
M19C_S1_lab_hard_floor_B1_U050_R1,515.341699726,3.541003166,command,0.500000,-1.288934112,-1.638268948,-2.205485344,0.011849442,-0.031558603,-2.205816507,ros2_odometer_state
M19C_S1_lab_hard_floor_B1_U050_R1,515.343809213,3.543112653,command,0.500000,-1.288934112,-1.638268948,-2.205485344,0.011674710,-0.031150877,-2.205941916,ros2_odometer_state
M19C_S1_lab_hard_floor_B1_U050_R1,515.344903942,3.544207382,command,0.500000,-1.288934112,-1.638268948,-2.205485344,0.011674710,-0.031150877,-2.205941916,ros2_odometer_state
M19C_S1_lab_hard_floor_B1_U050_R1,515.347792978,3.547096418,command,0.500000,-1.288934112,-1.638268948,-2.205485344,0.011350112,-0.030524589,-2.205741167,ros2_odometer_state
M19C_S1_lab_hard_floor_B1_U050_R1,515.349888961,3.549192401,command,0.500000,-1.288934112,-1.638268948,-2.205485344,0.011180417,-0.030273309,-2.205495358,ros2_odometer_state
M19C_S1_lab_hard_floor_B1_U050_R1,515.350908903,3.550212343,command,0.500000,-1.288934112,-1.638268948,-2.205485344,0.011180417,-0.030273309,-2.205495358,ros2_odometer_state
M19C_S1_lab_hard_floor_B1_U050_R1,515.354145376,3.553448816,command,0.500000,-1.288934112,-1.638268948,-2.205485344,0.010922700,-0.029626690,-2.205110550,ros2_odometer_state
M19C_S1_lab_hard_floor_B1_U050_R1,515.355861120,3.555164560,command,0.500000,-1.288934112,-1.638268948,-2.205485344,0.010915116,-0.029219067,-2.205061436,ros2_odometer_state
M19C_S1_lab_hard_floor_B1_U050_R1,515.357846027,3.557149467,command,0.500000,-1.295991063,-1.641154766,-2.205061436,0.010931113,-0.028822765,-2.205019712,ros2_odometer_state
M19C_S1_lab_hard_floor_B1_U050_R1,515.359703504,3.559006944,command,0.500000,-1.295991063,-1.641154766,-2.205061436,0.010940878,-0.028477702,-2.204920292,ros2_odometer_state
M19C_S1_lab_hard_floor_B1_U050_R1,515.361828288,3.561131728,command,0.500000,-1.295991063,-1.641154766,-2.205061436,0.010956153,-0.028210117,-2.204797268,ros2_odometer_state
M19C_S1_lab_hard_floor_B1_U050_R1,515.363711046,3.563014486,command,0.500000,-1.295991063,-1.641154766,-2.205061436,0.010978433,-0.027989432,-2.204735041,ros2_odometer_state
M19C_S1_lab_hard_floor_B1_U050_R1,515.364967925,3.564271365,command,0.500000,-1.295991063,-1.641154766,-2.205061436,0.010978433,-0.027989432,-2.204735041,ros2_odometer_state
M19C_S1_lab_hard_floor_B1_U050_R1,515.367758622,3.567062062,command,0.500000,-1.295991063,-1.641154766,-2.205061436,0.011070176,-0.027497938,-2.204872370,ros2_odometer_state
M19C_S1_lab_hard_floor_B1_U050_R1,515.369754025,3.569057465,command,0.500000,-1.295991063,-1.641154766,-2.205061436,0.011176793,-0.027220638,-2.204941273,ros2_odometer_state
M19C_S1_lab_hard_floor_B1_U050_R1,515.371696721,3.571000161,command,0.500000,-1.295991063,-1.641154766,-2.205061436,0.011323983,-0.026950989,-2.204917192,ros2_odometer_state
M19C_S1_lab_hard_floor_B1_U050_R1,515.374129484,3.573432924,command,0.500000,-1.295991063,-1.641154766,-2.205061436,0.011502666,-0.026704207,-2.204854965,ros2_odometer_state
M19C_S1_lab_hard_floor_B1_U050_R1,515.375840652,3.575144092,command,0.500000,-1.295991063,-1.641154766,-2.205061436,0.011736228,-0.026496151,-2.204824686,ros2_odometer_state
M19C_S1_lab_hard_floor_B1_U050_R1,515.377704242,3.577007682,command,0.500000,-1.303029656,-1.645502925,-2.204824686,0.012024481,-0.026335482,-2.204878807,ros2_odometer_state
M19C_S1_lab_hard_floor_B1_U050_R1,515.379584857,3.578888297,command,0.500000,-1.303029656,-1.645502925,-2.204824686,0.012381203,-0.026226714,-2.204980135,ros2_odometer_state
M19C_S1_lab_hard_floor_B1_U050_R1,515.382907829,3.582211269,command,0.500000,-1.303029656,-1.645502925,-2.204824686,0.012381203,-0.026226714,-2.204980135,ros2_odometer_state
M19C_S1_lab_hard_floor_B1_U050_R1,515.383970109,3.583273549,command,0.500000,-1.303029656,-1.645502925,-2.204824686,0.012792896,-0.026167506,-2.205073357,ros2_odometer_state
M19C_S1_lab_hard_floor_B1_U050_R1,515.384999683,3.584303123,command,0.500000,-1.303029656,-1.645502925,-2.204824686,0.013258215,-0.026146164,-2.205154657,ros2_odometer_state
M19C_S1_lab_hard_floor_B1_U050_R1,515.387545507,3.586848947,command,0.500000,-1.303029656,-1.645502925,-2.204824686,0.014294976,-0.026085421,-2.205327034,ros2_odometer_state
M19C_S1_lab_hard_floor_B1_U050_R1,515.389553006,3.588856446,command,0.500000,-1.303029656,-1.645502925,-2.204824686,0.014879899,-0.025999879,-2.205454588,ros2_odometer_state
M19C_S1_lab_hard_floor_B1_U050_R1,515.391525432,3.590828872,command,0.500000,-1.303029656,-1.645502925,-2.204824686,0.015510795,-0.025887573,-2.205599070,ros2_odometer_state
M19C_S1_lab_hard_floor_B1_U050_R1,515.394295583,3.593599023,command,0.500000,-1.303029656,-1.645502925,-2.204824686,0.016157521,-0.025778510,-2.205768347,ros2_odometer_state
M19C_S1_lab_hard_floor_B1_U050_R1,515.394922775,3.594226215,command,0.500000,-1.303029656,-1.645502925,-2.204824686,0.016157521,-0.025778510,-2.205768347,ros2_odometer_state
M19C_S1_lab_hard_floor_B1_U050_R1,515.396946179,3.596249619,command,0.500000,-1.310049176,-1.651788116,-2.205970049,0.016819118,-0.025709933,-2.205970049,ros2_odometer_state
M19C_S1_lab_hard_floor_B1_U050_R1,515.399582373,3.598885813,command,0.500000,-1.310049176,-1.651788116,-2.205970049,0.018201835,-0.025823887,-2.206280947,ros2_odometer_state
M19C_S1_lab_hard_floor_B1_U050_R1,515.401559855,3.600863295,command,0.500000,-1.310049176,-1.651788116,-2.205970049,0.018927516,-0.025971895,-2.206417084,ros2_odometer_state
M19C_S1_lab_hard_floor_B1_U050_R1,515.403641789,3.602945229,command,0.500000,-1.310049176,-1.651788116,-2.205970049,0.019703848,-0.026170488,-2.206628323,ros2_odometer_state
M19C_S1_lab_hard_floor_B1_U050_R1,515.405603975,3.604907415,command,0.500000,-1.310049176,-1.651788116,-2.205970049,0.020560032,-0.026423432,-2.206939697,ros2_odometer_state
M19C_S1_lab_hard_floor_B1_U050_R1,515.407923454,3.607226894,command,0.500000,-1.310049176,-1.651788116,-2.205970049,0.021500992,-0.026710050,-2.207254648,ros2_odometer_state
M19C_S1_lab_hard_floor_B1_U050_R1,515.409632062,3.608935502,command,0.500000,-1.310049176,-1.651788116,-2.205970049,0.022508802,-0.027020568,-2.207497835,ros2_odometer_state
M19C_S1_lab_hard_floor_B1_U050_R1,515.412126587,3.611430027,command,0.500000,-1.310049176,-1.651788116,-2.205970049,0.023559572,-0.027360359,-2.207732201,ros2_odometer_state
M19C_S1_lab_hard_floor_B1_U050_R1,515.413559089,3.612862529,command,0.500000,-1.310049176,-1.651788116,-2.205970049,0.023559572,-0.027360359,-2.207732201,ros2_odometer_state
M19C_S1_lab_hard_floor_B1_U050_R1,515.415050184,3.614353624,command,0.500000,-1.310049176,-1.651788116,-2.205970049,0.024637386,-0.027722269,-2.208048344,ros2_odometer_state
M19C_S1_lab_hard_floor_B1_U050_R1,515.417104181,3.616407621,command,0.500000,-1.316766024,-1.659394383,-2.208419085,0.025730269,-0.028085727,-2.208419085,ros2_odometer_state
M19C_S1_lab_hard_floor_B1_U050_R1,515.419841564,3.619145004,command,0.500000,-1.316766024,-1.659394383,-2.208419085,0.027928751,-0.028787917,-2.209066868,ros2_odometer_state
M19C_S1_lab_hard_floor_B1_U050_R1,515.421770436,3.621073876,command,0.500000,-1.316766024,-1.659394383,-2.208419085,0.029020533,-0.029158318,-2.209356308,ros2_odometer_state
M19C_S1_lab_hard_floor_B1_U050_R1,515.423772879,3.623076319,command,0.500000,-1.316766024,-1.659394383,-2.208419085,0.030102033,-0.029605173,-2.209590912,ros2_odometer_state
M19C_S1_lab_hard_floor_B1_U050_R1,515.425762457,3.625065897,command,0.500000,-1.316766024,-1.659394383,-2.208419085,0.031122880,-0.030242808,-2.209628820,ros2_odometer_state
M19C_S1_lab_hard_floor_B1_U050_R1,515.427773861,3.627077301,command,0.500000,-1.316766024,-1.659394383,-2.208419085,0.031869456,-0.031190803,-2.209265471,ros2_odometer_state
M19C_S1_lab_hard_floor_B1_U050_R1,515.429757583,3.629061023,command,0.500000,-1.316766024,-1.659394383,-2.208419085,0.032290131,-0.032339074,-2.208734035,ros2_odometer_state
M19C_S1_lab_hard_floor_B1_U050_R1,515.431757626,3.631061066,command,0.500000,-1.316766024,-1.659394383,-2.208419085,0.032603949,-0.033506572,-2.208300352,ros2_odometer_state
M19C_S1_lab_hard_floor_B1_U050_R1,515.434260248,3.633563688,command,0.500000,-1.316766024,-1.659394383,-2.208419085,0.032858521,-0.034579214,-2.208038330,ros2_odometer_state
M19C_S1_lab_hard_floor_B1_U050_R1,515.435831250,3.635134690,command,0.500000,-1.316766024,-1.659394383,-2.208419085,0.033135019,-0.035364214,-2.207921028,ros2_odometer_state
M19C_S1_lab_hard_floor_B1_U050_R1,515.437856894,3.637160334,command,0.500000,-1.324858427,-1.669674754,-2.207921028,0.033387233,-0.035992574,-2.207850695,ros2_odometer_state
M19C_S1_lab_hard_floor_B1_U050_R1,515.439799079,3.639102519,command,0.500000,-1.324858427,-1.669674754,-2.207921028,0.033512015,-0.036551274,-2.207740784,ros2_odometer_state
M19C_S1_lab_hard_floor_B1_U050_R1,515.441964760,3.641268200,command,0.500000,-1.324858427,-1.669674754,-2.207921028,0.033476915,-0.036975779,-2.207633257,ros2_odometer_state
M19C_S1_lab_hard_floor_B1_U050_R1,515.443738939,3.643042379,command,0.500000,-1.324858427,-1.669674754,-2.207921028,0.033335082,-0.037226342,-2.207616806,ros2_odometer_state
M19C_S1_lab_hard_floor_B1_U050_R1,515.446594789,3.645898229,command,0.500000,-1.324858427,-1.669674754,-2.207921028,0.033139437,-0.037341516,-2.207629681,ros2_odometer_state
M19C_S1_lab_hard_floor_B1_U050_R1,515.447692399,3.646995839,command,0.500000,-1.324858427,-1.669674754,-2.207921028,0.033139437,-0.037341516,-2.207629681,ros2_odometer_state
M19C_S1_lab_hard_floor_B1_U050_R1,515.449196231,3.648499671,command,0.500000,-1.324858427,-1.669674754,-2.207921028,0.032911770,-0.037492238,-2.207615614,ros2_odometer_state
M19C_S1_lab_hard_floor_B1_U050_R1,515.452074131,3.651377571,command,0.500000,-1.324858427,-1.669674754,-2.207921028,0.032405440,-0.038279071,-2.207673550,ros2_odometer_state
M19C_S1_lab_hard_floor_B1_U050_R1,515.453606092,3.652909532,command,0.500000,-1.324858427,-1.669674754,-2.207921028,0.032405440,-0.038279071,-2.207673550,ros2_odometer_state
M19C_S1_lab_hard_floor_B1_U050_R1,515.455184839,3.654488279,command,0.500000,-1.324858427,-1.669674754,-2.207921028,0.032090507,-0.038934771,-2.207715511,ros2_odometer_state
M19C_S1_lab_hard_floor_B1_U050_R1,515.457999760,3.657303200,command,0.500000,-1.336051941,-1.679593801,-2.207581997,0.031633914,-0.040354013,-2.207196474,ros2_odometer_state
M19C_S1_lab_hard_floor_B1_U050_R1,515.459870230,3.659173670,command,0.500000,-1.336051941,-1.679593801,-2.207581997,0.031534988,-0.040961668,-2.206634045,ros2_odometer_state
M19C_S1_lab_hard_floor_B1_U050_R1,515.461824384,3.661127824,command,0.500000,-1.336051941,-1.679593801,-2.207581997,0.031538170,-0.041525539,-2.206008673,ros2_odometer_state
M19C_S1_lab_hard_floor_B1_U050_R1,515.464296764,3.663600204,command,0.500000,-1.336051941,-1.679593801,-2.207581997,0.031633951,-0.042095896,-2.205432892,ros2_odometer_state
M19C_S1_lab_hard_floor_B1_U050_R1,515.465855479,3.665158919,command,0.500000,-1.336051941,-1.679593801,-2.207581997,0.031794764,-0.042687375,-2.204923630,ros2_odometer_state
M19C_S1_lab_hard_floor_B1_U050_R1,515.466988321,3.666291761,command,0.500000,-1.336051941,-1.679593801,-2.207581997,0.031794764,-0.042687375,-2.204923630,ros2_odometer_state
M19C_S1_lab_hard_floor_B1_U050_R1,515.469907918,3.669211358,command,0.500000,-1.336051941,-1.679593801,-2.207581997,0.032286290,-0.043835640,-2.203979254,ros2_odometer_state
M19C_S1_lab_hard_floor_B1_U050_R1,515.471583373,3.670886813,command,0.500000,-1.336051941,-1.679593801,-2.207581997,0.032286290,-0.043835640,-2.203979254,ros2_odometer_state
M19C_S1_lab_hard_floor_B1_U050_R1,515.474415927,3.673719367,command,0.500000,-1.336051941,-1.679593801,-2.207581997,0.032984711,-0.044769425,-2.203348637,ros2_odometer_state
M19C_S1_lab_hard_floor_B1_U050_R1,515.475977874,3.675281314,command,0.500000,-1.336051941,-1.679593801,-2.207581997,0.033416379,-0.045098513,-2.203203201,ros2_odometer_state
M19C_S1_lab_hard_floor_B1_U050_R1,515.478006141,3.677309581,command,0.500000,-1.348097324,-1.690067768,-2.203203201,0.033894002,-0.045344863,-2.203038454,ros2_odometer_state
M19C_S1_lab_hard_floor_B1_U050_R1,515.480628128,3.679931568,command,0.500000,-1.348097324,-1.690067768,-2.203203201,0.034388326,-0.045513522,-2.202704906,ros2_odometer_state
M19C_S1_lab_hard_floor_B1_U050_R1,515.481512961,3.680816401,command,0.500000,-1.348097324,-1.690067768,-2.203203201,0.034388326,-0.045513522,-2.202704906,ros2_odometer_state
M19C_S1_lab_hard_floor_B1_U050_R1,515.484923136,3.684226576,command,0.500000,-1.348097324,-1.690067768,-2.203203201,0.035291225,-0.045627993,-2.201714277,ros2_odometer_state
M19C_S1_lab_hard_floor_B1_U050_R1,515.485365553,3.684668993,command,0.500000,-1.348097324,-1.690067768,-2.203203201,0.035291225,-0.045627993,-2.201714277,ros2_odometer_state
M19C_S1_lab_hard_floor_B1_U050_R1,515.487181205,3.686484645,command,0.500000,-1.348097324,-1.690067768,-2.203203201,0.035655979,-0.045648474,-2.201261520,ros2_odometer_state
M19C_S1_lab_hard_floor_B1_U050_R1,515.489944476,3.689247916,command,0.500000,-1.348097324,-1.690067768,-2.203203201,0.036232460,-0.046052136,-2.200238705,ros2_odometer_state
M19C_S1_lab_hard_floor_B1_U050_R1,515.491984937,3.691288377,command,0.500000,-1.348097324,-1.690067768,-2.203203201,0.036492743,-0.046440434,-2.199741602,ros2_odometer_state
M19C_S1_lab_hard_floor_B1_U050_R1,515.494584042,3.693887482,command,0.500000,-1.348097324,-1.690067768,-2.203203201,0.036754508,-0.046921294,-2.199302673,ros2_odometer_state
M19C_S1_lab_hard_floor_B1_U050_R1,515.496141252,3.695444692,command,0.500000,-1.348097324,-1.690067768,-2.203203201,0.037009340,-0.047461901,-2.198819637,ros2_odometer_state
M19C_S1_lab_hard_floor_B1_U050_R1,515.498060396,3.697363836,command,0.500000,-1.358660221,-1.701228976,-2.198819637,0.037223056,-0.048003379,-2.198206186,ros2_odometer_state
M19C_S1_lab_hard_floor_B1_U050_R1,515.500551370,3.699854810,command,0.500000,-1.358660221,-1.701228976,-2.198819637,0.037367083,-0.048456028,-2.197520971,ros2_odometer_state
M19C_S1_lab_hard_floor_B1_U050_R1,515.501760951,3.701064391,command,0.500000,-1.358660221,-1.701228976,-2.198819637,0.037474580,-0.048844226,-2.196860313,ros2_odometer_state
M19C_S1_lab_hard_floor_B1_U050_R1,515.502995525,3.702298965,command,0.500000,-1.358660221,-1.701228976,-2.198819637,0.037474580,-0.048844226,-2.196860313,ros2_odometer_state
M19C_S1_lab_hard_floor_B1_U050_R1,515.505753324,3.705056764,command,0.500000,-1.358660221,-1.701228976,-2.198819637,0.037720826,-0.049715895,-2.195646763,ros2_odometer_state
M19C_S1_lab_hard_floor_B1_U050_R1,515.506995547,3.706298987,command,0.500000,-1.358660221,-1.701228976,-2.198819637,0.037720826,-0.049715895,-2.195646763,ros2_odometer_state
M19C_S1_lab_hard_floor_B1_U050_R1,515.508992198,3.708295638,command,0.500000,-1.358660221,-1.701228976,-2.198819637,0.037885267,-0.050243240,-2.195098639,ros2_odometer_state
M19C_S1_lab_hard_floor_B1_U050_R1,515.511004625,3.710308065,command,0.500000,-1.358660221,-1.701228976,-2.198819637,0.038060486,-0.050810669,-2.194586039,ros2_odometer_state
M19C_S1_lab_hard_floor_B1_U050_R1,515.513729719,3.713033159,command,0.500000,-1.358660221,-1.701228976,-2.198819637,0.038231850,-0.051409394,-2.194092274,ros2_odometer_state
M19C_S1_lab_hard_floor_B1_U050_R1,515.515297778,3.714601218,command,0.500000,-1.358660221,-1.701228976,-2.198819637,0.038414691,-0.052048907,-2.193636179,ros2_odometer_state
M19C_S1_lab_hard_floor_B1_U050_R1,515.517346014,3.716649454,command,0.500000,-1.368318319,-1.711499453,-2.193214417,0.038622648,-0.052733179,-2.193214417,ros2_odometer_state
M19C_S1_lab_hard_floor_B1_U050_R1,515.519240869,3.718544309,command,0.500000,-1.368318319,-1.711499453,-2.193214417,0.038832054,-0.053431857,-2.192778111,ros2_odometer_state
M19C_S1_lab_hard_floor_B1_U050_R1,515.521196975,3.720500415,command,0.500000,-1.368318319,-1.711499453,-2.193214417,0.039011419,-0.054079600,-2.192258120,ros2_odometer_state
M19C_S1_lab_hard_floor_B1_U050_R1,515.523185561,3.722489001,command,0.500000,-1.368318319,-1.711499453,-2.193214417,0.039150372,-0.054644730,-2.191608429,ros2_odometer_state
M19C_S1_lab_hard_floor_B1_U050_R1,515.525759609,3.725063049,command,0.500000,-1.368318319,-1.711499453,-2.193214417,0.039255206,-0.055151459,-2.190879345,ros2_odometer_state
M19C_S1_lab_hard_floor_B1_U050_R1,515.527092427,3.726395867,command,0.500000,-1.368318319,-1.711499453,-2.193214417,0.039352998,-0.055668395,-2.190184832,ros2_odometer_state
M19C_S1_lab_hard_floor_B1_U050_R1,515.529259196,3.728562636,command,0.500000,-1.368318319,-1.711499453,-2.193214417,0.039464634,-0.056252863,-2.189580202,ros2_odometer_state
M19C_S1_lab_hard_floor_B1_U050_R1,515.531250183,3.730553623,command,0.500000,-1.368318319,-1.711499453,-2.193214417,0.039601471,-0.056932755,-2.189069510,ros2_odometer_state
M19C_S1_lab_hard_floor_B1_U050_R1,515.534119122,3.733422562,command,0.500000,-1.368318319,-1.711499453,-2.193214417,0.039754342,-0.057687368,-2.188676834,ros2_odometer_state
M19C_S1_lab_hard_floor_B1_U050_R1,515.535448708,3.734752148,command,0.500000,-1.368318319,-1.711499453,-2.193214417,0.039910197,-0.058492094,-2.188405037,ros2_odometer_state
M19C_S1_lab_hard_floor_B1_U050_R1,515.537264840,3.736568280,command,0.500000,-1.378798723,-1.723654389,-2.188204765,0.040049817,-0.059335127,-2.188204765,ros2_odometer_state
M19C_S1_lab_hard_floor_B1_U050_R1,515.539108525,3.738411965,command,0.500000,-1.378798723,-1.723654389,-2.188204765,0.040144268,-0.060175136,-2.187992334,ros2_odometer_state
M19C_S1_lab_hard_floor_B1_U050_R1,515.541965752,3.741269192,command,0.500000,-1.378798723,-1.723654389,-2.188204765,0.040114738,-0.061724041,-2.187292814,ros2_odometer_state
M19C_S1_lab_hard_floor_B1_U050_R1,515.543940130,3.743243570,command,0.500000,-1.378798723,-1.723654389,-2.188204765,0.039909497,-0.062474828,-2.186813831,ros2_odometer_state
M19C_S1_lab_hard_floor_B1_U050_R1,515.546168757,3.745472197,command,0.500000,-1.378798723,-1.723654389,-2.188204765,0.039587870,-0.063273780,-2.186367035,ros2_odometer_state
M19C_S1_lab_hard_floor_B1_U050_R1,515.547348482,3.746651922,command,0.500000,-1.378798723,-1.723654389,-2.188204765,0.039587870,-0.063273780,-2.186367035,ros2_odometer_state
M19C_S1_lab_hard_floor_B1_U050_R1,515.549393998,3.748697438,command,0.500000,-1.378798723,-1.723654389,-2.188204765,0.039205093,-0.064093091,-2.186119556,ros2_odometer_state
M19C_S1_lab_hard_floor_B1_U050_R1,515.552048050,3.751351490,command,0.500000,-1.378798723,-1.723654389,-2.188204765,0.038371313,-0.065633655,-2.186633348,ros2_odometer_state
M19C_S1_lab_hard_floor_B1_U050_R1,515.553746673,3.753050113,command,0.500000,-1.378798723,-1.723654389,-2.188204765,0.038371313,-0.065633655,-2.186633348,ros2_odometer_state
M19C_S1_lab_hard_floor_B1_U050_R1,515.555843776,3.755147216,command,0.500000,-1.378798723,-1.723654389,-2.188204765,0.037962664,-0.066376060,-2.187223673,ros2_odometer_state
M19C_S1_lab_hard_floor_B1_U050_R1,515.557673828,3.756977268,command,0.500000,-1.388731956,-1.735854983,-2.187823772,0.037543163,-0.067137435,-2.187823772,ros2_odometer_state
M19C_S1_lab_hard_floor_B1_U050_R1,515.560055005,3.759358445,command,0.500000,-1.388731956,-1.735854983,-2.187823772,0.036602490,-0.068527818,-2.188788414,ros2_odometer_state
M19C_S1_lab_hard_floor_B1_U050_R1,515.562091754,3.761395194,command,0.500000,-1.388731956,-1.735854983,-2.187823772,0.036147088,-0.069029383,-2.189172506,ros2_odometer_state
M19C_S1_lab_hard_floor_B1_U050_R1,515.563979600,3.763283040,command,0.500000,-1.388731956,-1.735854983,-2.187823772,0.035745487,-0.069400333,-2.189561367,ros2_odometer_state
M19C_S1_lab_hard_floor_B1_U050_R1,515.566453133,3.765756573,command,0.500000,-1.388731956,-1.735854983,-2.187823772,0.035426814,-0.069695838,-2.190072298,ros2_odometer_state
M19C_S1_lab_hard_floor_B1_U050_R1,515.567192841,3.766496281,command,0.500000,-1.388731956,-1.735854983,-2.187823772,0.035426814,-0.069695838,-2.190072298,ros2_odometer_state
M19C_S1_lab_hard_floor_B1_U050_R1,515.570123094,3.769426534,command,0.500000,-1.388731956,-1.735854983,-2.187823772,0.035001390,-0.070280880,-2.191674232,ros2_odometer_state
M19C_S1_lab_hard_floor_B1_U050_R1,515.571413095,3.770716535,command,0.500000,-1.388731956,-1.735854983,-2.187823772,0.035001390,-0.070280880,-2.191674232,ros2_odometer_state
M19C_S1_lab_hard_floor_B1_U050_R1,515.573995015,3.773298455,command,0.500000,-1.388731956,-1.735854983,-2.187823772,0.034873195,-0.070643343,-2.192603827,ros2_odometer_state
M19C_S1_lab_hard_floor_B1_U050_R1,515.576337471,3.775640911,command,0.500000,-1.388731956,-1.735854983,-2.187823772,0.034674637,-0.071292356,-2.194448948,ros2_odometer_state
M19C_S1_lab_hard_floor_B1_U050_R1,515.577419880,3.776723320,command,0.500000,-1.398992062,-1.747951627,-2.194448948,0.034674637,-0.071292356,-2.194448948,ros2_odometer_state
M19C_S1_lab_hard_floor_B1_U050_R1,515.579980615,3.779284055,command,0.500000,-1.398992062,-1.747951627,-2.194448948,0.034566827,-0.071600035,-2.196489096,ros2_odometer_state
M19C_S1_lab_hard_floor_B1_U050_R1,515.581859086,3.781162526,command,0.500000,-1.398992062,-1.747951627,-2.194448948,0.034556586,-0.071649335,-2.197457314,ros2_odometer_state
M19C_S1_lab_hard_floor_B1_U050_R1,515.583927675,3.783231115,command,0.500000,-1.398992062,-1.747951627,-2.194448948,0.034564823,-0.071636423,-2.198381901,ros2_odometer_state
M19C_S1_lab_hard_floor_B1_U050_R1,515.586730148,3.786033588,command,0.500000,-1.398992062,-1.747951627,-2.194448948,0.034595590,-0.071564905,-2.199362755,ros2_odometer_state
M19C_S1_lab_hard_floor_B1_U050_R1,515.588142265,3.787445705,command,0.500000,-1.398992062,-1.747951627,-2.194448948,0.034650087,-0.071419105,-2.200487852,ros2_odometer_state
M19C_S1_lab_hard_floor_B1_U050_R1,515.590141156,3.789444596,command,0.500000,-1.398992062,-1.747951627,-2.194448948,0.034726962,-0.071183622,-2.201753616,ros2_odometer_state
M19C_S1_lab_hard_floor_B1_U050_R1,515.592072396,3.791375836,command,0.500000,-1.398992062,-1.747951627,-2.194448948,0.034817629,-0.070875742,-2.203075886,ros2_odometer_state
M19C_S1_lab_hard_floor_B1_U050_R1,515.594527112,3.793830552,command,0.500000,-1.398992062,-1.747951627,-2.194448948,0.034916427,-0.070511162,-2.204383612,ros2_odometer_state
M19C_S1_lab_hard_floor_B1_U050_R1,515.595995551,3.795298991,command,0.500000,-1.398992062,-1.747951627,-2.194448948,0.035031810,-0.070138291,-2.205653429,ros2_odometer_state
M19C_S1_lab_hard_floor_B1_U050_R1,515.598012426,3.797315866,command,0.500000,-1.407160282,-1.759607315,-2.205653429,0.035151727,-0.069773018,-2.206886053,ros2_odometer_state
M19C_S1_lab_hard_floor_B1_U050_R1,515.599887505,3.799190945,command,0.500000,-1.407160282,-1.759607315,-2.205653429,0.035260595,-0.069408961,-2.208071232,ros2_odometer_state
M19C_S1_lab_hard_floor_B1_U050_R1,515.601909756,3.801213196,command,0.500000,-1.407160282,-1.759607315,-2.205653429,0.035350397,-0.069040522,-2.209207773,ros2_odometer_state
M19C_S1_lab_hard_floor_B1_U050_R1,515.604343384,3.803646824,command,0.500000,-1.407160282,-1.759607315,-2.205653429,0.035393286,-0.068654254,-2.210292339,ros2_odometer_state
M19C_S1_lab_hard_floor_B1_U050_R1,515.605413248,3.804716688,command,0.500000,-1.407160282,-1.759607315,-2.205653429,0.035393286,-0.068654254,-2.210292339,ros2_odometer_state
M19C_S1_lab_hard_floor_B1_U050_R1,515.608530900,3.807834340,command,0.500000,-1.407160282,-1.759607315,-2.205653429,0.035259277,-0.067858994,-2.212219000,ros2_odometer_state
M19C_S1_lab_hard_floor_B1_U050_R1,515.610316343,3.809619783,command,0.500000,-1.407160282,-1.759607315,-2.205653429,0.035087913,-0.067461476,-2.212982893,ros2_odometer_state
M19C_S1_lab_hard_floor_B1_U050_R1,515.611975061,3.811278501,command,0.500000,-1.407160282,-1.759607315,-2.205653429,0.034892514,-0.067086242,-2.213595390,ros2_odometer_state
M19C_S1_lab_hard_floor_B1_U050_R1,515.614566198,3.813869638,command,0.500000,-1.407160282,-1.759607315,-2.205653429,0.034697585,-0.066751130,-2.214056492,ros2_odometer_state
M19C_S1_lab_hard_floor_B1_U050_R1,515.616070767,3.815374207,command,0.500000,-1.407160282,-1.759607315,-2.205653429,0.034508903,-0.066453621,-2.214393854,ros2_odometer_state
M19C_S1_lab_hard_floor_B1_U050_R1,515.618169117,3.817472557,command,0.500000,-1.414297581,-1.769821048,-2.214393854,0.034321688,-0.066200398,-2.214633703,ros2_odometer_state
M19C_S1_lab_hard_floor_B1_U050_R1,515.619969217,3.819272657,command,0.500000,-1.414297581,-1.769821048,-2.214393854,0.034139510,-0.065985501,-2.214774370,ros2_odometer_state
M19C_S1_lab_hard_floor_B1_U050_R1,515.622001581,3.821305021,command,0.500000,-1.414297581,-1.769821048,-2.214393854,0.033952989,-0.065802589,-2.214812517,ros2_odometer_state
M19C_S1_lab_hard_floor_B1_U050_R1,515.628686407,3.827989847,command,0.500000,-1.414297581,-1.769821048,-2.214393854,0.033744685,-0.065630801,-2.214723110,ros2_odometer_state
M19C_S1_lab_hard_floor_B1_U050_R1,515.630189855,3.829493295,command,0.500000,-1.414297581,-1.769821048,-2.214393854,0.033510394,-0.065454334,-2.214484453,ros2_odometer_state
M19C_S1_lab_hard_floor_B1_U050_R1,515.631545426,3.830848866,command,0.500000,-1.414297581,-1.769821048,-2.214393854,0.033251271,-0.065258041,-2.214079618,ros2_odometer_state
M19C_S1_lab_hard_floor_B1_U050_R1,515.632621850,3.831925290,command,0.500000,-1.414297581,-1.769821048,-2.214393854,0.032983530,-0.065056920,-2.213515997,ros2_odometer_state
M19C_S1_lab_hard_floor_B1_U050_R1,515.633892778,3.833196218,command,0.500000,-1.414297581,-1.769821048,-2.214393854,0.032707103,-0.064844988,-2.212807178,ros2_odometer_state
M19C_S1_lab_hard_floor_B1_U050_R1,515.634186581,3.833490021,command,0.500000,-1.414297581,-1.769821048,-2.214393854,0.032707103,-0.064844988,-2.212807178,ros2_odometer_state
M19C_S1_lab_hard_floor_B1_U050_R1,515.636386183,3.835689623,command,0.500000,-1.414297581,-1.769821048,-2.214393854,0.032139521,-0.064509951,-2.211158514,ros2_odometer_state
M19C_S1_lab_hard_floor_B1_U050_R1,515.638506391,3.837809831,command,0.500000,-1.421148062,-1.779627085,-2.211158514,0.031855177,-0.064460978,-2.210243940,ros2_odometer_state
M19C_S1_lab_hard_floor_B1_U050_R1,515.641751248,3.841054688,command,0.500000,-1.421148062,-1.779627085,-2.211158514,0.031545755,-0.064523317,-2.209252834,ros2_odometer_state
M19C_S1_lab_hard_floor_B1_U050_R1,515.642731093,3.842034533,command,0.500000,-1.421148062,-1.779627085,-2.211158514,0.031209858,-0.064710200,-2.208172321,ros2_odometer_state
M19C_S1_lab_hard_floor_B1_U050_R1,515.644394451,3.843697891,command,0.500000,-1.421148062,-1.779627085,-2.211158514,0.030834395,-0.064974293,-2.206996918,ros2_odometer_state
M19C_S1_lab_hard_floor_B1_U050_R1,515.646228696,3.845532136,command,0.500000,-1.421148062,-1.779627085,-2.211158514,0.030421516,-0.065252028,-2.205728292,ros2_odometer_state
M19C_S1_lab_hard_floor_B1_U050_R1,515.648166784,3.847470224,command,0.500000,-1.421148062,-1.779627085,-2.211158514,0.029988280,-0.065497547,-2.204407454,ros2_odometer_state
M19C_S1_lab_hard_floor_B1_U050_R1,515.650167659,3.849471099,command,0.500000,-1.421148062,-1.779627085,-2.211158514,0.029567245,-0.065673932,-2.203099966,ros2_odometer_state
M19C_S1_lab_hard_floor_B1_U050_R1,515.652531364,3.851834804,command,0.500000,-1.421148062,-1.779627085,-2.211158514,0.029157257,-0.065767944,-2.201808929,ros2_odometer_state
M19C_S1_lab_hard_floor_B1_U050_R1,515.654842202,3.854145642,command,0.500000,-1.421148062,-1.779627085,-2.211158514,0.028756581,-0.065779641,-2.200526714,ros2_odometer_state
M19C_S1_lab_hard_floor_B1_U050_R1,515.656508313,3.855811753,command,0.500000,-1.421148062,-1.779627085,-2.211158514,0.028377529,-0.065744542,-2.199257851,ros2_odometer_state
M19C_S1_lab_hard_floor_B1_U050_R1,515.658285531,3.857588971,command,0.500000,-1.429413915,-1.789311886,-2.199257851,0.028016869,-0.065682456,-2.197964191,ros2_odometer_state
M19C_S1_lab_hard_floor_B1_U050_R1,515.660234052,3.859537492,command,0.500000,-1.429413915,-1.789311886,-2.199257851,0.027682465,-0.065584607,-2.196638346,ros2_odometer_state
M19C_S1_lab_hard_floor_B1_U050_R1,515.662308498,3.861611938,command,0.500000,-1.429413915,-1.789311886,-2.199257851,0.027381647,-0.065411955,-2.195298672,ros2_odometer_state
M19C_S1_lab_hard_floor_B1_U050_R1,515.664219129,3.863522569,command,0.500000,-1.429413915,-1.789311886,-2.199257851,0.027097307,-0.065155514,-2.193945646,ros2_odometer_state
M19C_S1_lab_hard_floor_B1_U050_R1,515.666167266,3.865470706,command,0.500000,-1.429413915,-1.789311886,-2.199257851,0.026797678,-0.064866692,-2.192601442,ros2_odometer_state
M19C_S1_lab_hard_floor_B1_U050_R1,515.668234224,3.867537664,command,0.500000,-1.429413915,-1.789311886,-2.199257851,0.026479937,-0.064592086,-2.191317797,ros2_odometer_state
M19C_S1_lab_hard_floor_B1_U050_R1,515.670262108,3.869565548,command,0.500000,-1.429413915,-1.789311886,-2.199257851,0.026185131,-0.064372078,-2.190133572,ros2_odometer_state
M19C_S1_lab_hard_floor_B1_U050_R1,515.672283879,3.871587319,command,0.500000,-1.429413915,-1.789311886,-2.199257851,0.025910120,-0.064213268,-2.189076662,ros2_odometer_state
M19C_S1_lab_hard_floor_B1_U050_R1,515.674824230,3.874127670,command,0.500000,-1.429413915,-1.789311886,-2.199257851,0.025581753,-0.064041287,-2.188071966,ros2_odometer_state
M19C_S1_lab_hard_floor_B1_U050_R1,515.676476196,3.875779636,command,0.500000,-1.429413915,-1.789311886,-2.199257851,0.025043786,-0.063789606,-2.186944246,ros2_odometer_state
M19C_S1_lab_hard_floor_B1_U050_R1,515.678425453,3.877728893,command,0.500000,-1.437863231,-1.799693704,-2.186944246,0.024436684,-0.063562594,-2.185868502,ros2_odometer_state
M19C_S1_lab_hard_floor_B1_U050_R1,515.680245617,3.879549057,command,0.500000,-1.437863231,-1.799693704,-2.186944246,0.024012690,-0.063515559,-2.185062170,ros2_odometer_state
M19C_S1_lab_hard_floor_B1_U050_R1,515.682585001,3.881888441,command,0.500000,-1.437863231,-1.799693704,-2.186944246,0.023681233,-0.063626535,-2.184555769,ros2_odometer_state
M19C_S1_lab_hard_floor_B1_U050_R1,515.687019919,3.886323359,command,0.500000,-1.437863231,-1.799693704,-2.186944246,0.023681233,-0.063626535,-2.184555769,ros2_odometer_state
M19C_S1_lab_hard_floor_B1_U050_R1,515.687909200,3.887212640,command,0.500000,-1.437863231,-1.799693704,-2.186944246,0.023080166,-0.063830115,-2.183818579,ros2_odometer_state
M19C_S1_lab_hard_floor_B1_U050_R1,515.688767024,3.888070464,command,0.500000,-1.437863231,-1.799693704,-2.186944246,0.022764280,-0.063745059,-2.183336020,ros2_odometer_state
M19C_S1_lab_hard_floor_B1_U050_R1,515.690266088,3.889569528,command,0.500000,-1.437863231,-1.799693704,-2.186944246,0.022403441,-0.063546628,-2.182658911,ros2_odometer_state
M19C_S1_lab_hard_floor_B1_U050_R1,515.691625563,3.890929003,command,0.500000,-1.437863231,-1.799693704,-2.186944246,0.022403441,-0.063546628,-2.182658911,ros2_odometer_state
M19C_S1_lab_hard_floor_B1_U050_R1,515.695033659,3.894337099,command,0.500000,-1.437863231,-1.799693704,-2.186944246,0.021671947,-0.062868625,-2.181408405,ros2_odometer_state
M19C_S1_lab_hard_floor_B1_U050_R1,515.696365869,3.895669309,command,0.500000,-1.437863231,-1.799693704,-2.186944246,0.021387404,-0.062428240,-2.181020021,ros2_odometer_state
M19C_S1_lab_hard_floor_B1_U050_R1,515.698358743,3.897662183,command,0.500000,-1.446545959,-1.810746670,-2.181020021,0.021387404,-0.062428240,-2.181020021,ros2_odometer_state
M19C_S1_lab_hard_floor_B1_U050_R1,515.699742251,3.899045691,command,0.500000,-1.446545959,-1.810746670,-2.181020021,0.021387404,-0.062428240,-2.181020021,ros2_odometer_state
M19C_S1_lab_hard_floor_B1_U050_R1,515.702301643,3.901605083,command,0.500000,-1.446545959,-1.810746670,-2.181020021,0.020152539,-0.061091200,-2.180027008,ros2_odometer_state
M19C_S1_lab_hard_floor_B1_U050_R1,515.704483325,3.903786765,command,0.500000,-1.446545959,-1.810746670,-2.181020021,0.019809688,-0.060821451,-2.179777622,ros2_odometer_state
M19C_S1_lab_hard_floor_B1_U050_R1,515.706640750,3.905944190,command,0.500000,-1.446545959,-1.810746670,-2.181020021,0.019450283,-0.060536731,-2.179580450,ros2_odometer_state
M19C_S1_lab_hard_floor_B1_U050_R1,515.709153452,3.908456892,command,0.500000,-1.446545959,-1.810746670,-2.181020021,0.019093830,-0.060234867,-2.179443836,ros2_odometer_state
M19C_S1_lab_hard_floor_B1_U050_R1,515.710187154,3.909490594,command,0.500000,-1.446545959,-1.810746670,-2.181020021,0.018715244,-0.059909184,-2.179371595,ros2_odometer_state
M19C_S1_lab_hard_floor_B1_U050_R1,515.712182333,3.911485773,command,0.500000,-1.446545959,-1.810746670,-2.181020021,0.018275222,-0.059558228,-2.179324150,ros2_odometer_state
M19C_S1_lab_hard_floor_B1_U050_R1,515.714886306,3.914189746,command,0.500000,-1.446545959,-1.810746670,-2.181020021,0.017772216,-0.059194237,-2.179281950,ros2_odometer_state
M19C_S1_lab_hard_floor_B1_U050_R1,515.716285751,3.915589191,command,0.500000,-1.446545959,-1.810746670,-2.181020021,0.017230306,-0.058841009,-2.179232836,ros2_odometer_state
M19C_S1_lab_hard_floor_B1_U050_R1,515.718235616,3.917539056,command,0.500000,-1.455278754,-1.821918368,-2.179232836,0.016648293,-0.058504120,-2.179166794,ros2_odometer_state
M19C_S1_lab_hard_floor_B1_U050_R1,515.720751678,3.920055118,command,0.500000,-1.455278754,-1.821918368,-2.179232836,0.016020326,-0.058178548,-2.179100513,ros2_odometer_state
M19C_S1_lab_hard_floor_B1_U050_R1,515.722164467,3.921467907,command,0.500000,-1.455278754,-1.821918368,-2.179232836,0.015356467,-0.057850644,-2.179026127,ros2_odometer_state
M19C_S1_lab_hard_floor_B1_U050_R1,515.724163966,3.923467406,command,0.500000,-1.455278754,-1.821918368,-2.179232836,0.014659288,-0.057519682,-2.178928852,ros2_odometer_state
M19C_S1_lab_hard_floor_B1_U050_R1,515.726192682,3.925496122,command,0.500000,-1.455278754,-1.821918368,-2.179232836,0.013911592,-0.057186343,-2.178792477,ros2_odometer_state
M19C_S1_lab_hard_floor_B1_U050_R1,515.728403708,3.927707148,command,0.500000,-1.455278754,-1.821918368,-2.179232836,0.013127158,-0.056854527,-2.178638220,ros2_odometer_state
M19C_S1_lab_hard_floor_B1_U050_R1,515.730180671,3.929484111,command,0.500000,-1.455278754,-1.821918368,-2.179232836,0.012331828,-0.056536525,-2.178476810,ros2_odometer_state
M19C_S1_lab_hard_floor_B1_U050_R1,515.732172585,3.931476025,command,0.500000,-1.455278754,-1.821918368,-2.179232836,0.011518132,-0.056242578,-2.178286791,ros2_odometer_state
M19C_S1_lab_hard_floor_B1_U050_R1,515.734806124,3.934109564,command,0.500000,-1.455278754,-1.821918368,-2.179232836,0.010699675,-0.055999480,-2.178113937,ros2_odometer_state
M19C_S1_lab_hard_floor_B1_U050_R1,515.736276483,3.935579923,command,0.500000,-1.455278754,-1.821918368,-2.179232836,0.009925448,-0.055843100,-2.178064108,ros2_odometer_state
M19C_S1_lab_hard_floor_B1_U050_R1,515.738349329,3.937652769,command,0.500000,-1.462439060,-1.830753446,-2.178064108,0.009222926,-0.055893108,-2.178323746,ros2_odometer_state
M19C_S1_lab_hard_floor_B1_U050_R1,515.739485691,3.938789131,command,0.500000,-1.462439060,-1.830753446,-2.178064108,0.009222926,-0.055893108,-2.178323746,ros2_odometer_state
M19C_S1_lab_hard_floor_B1_U050_R1,515.742235042,3.941538482,command,0.500000,-1.462439060,-1.830753446,-2.178064108,0.008700032,-0.056763489,-2.180572271,ros2_odometer_state
M19C_S1_lab_hard_floor_B1_U050_R1,515.744232845,3.943536285,command,0.500000,-1.462439060,-1.830753446,-2.178064108,0.008785336,-0.057312425,-2.181891918,ros2_odometer_state
M19C_S1_lab_hard_floor_B1_U050_R1,515.746182294,3.945485734,command,0.500000,-1.462439060,-1.830753446,-2.178064108,0.009202295,-0.057622902,-2.183287382,ros2_odometer_state
M19C_S1_lab_hard_floor_B1_U050_R1,515.748240195,3.947543635,command,0.500000,-1.462439060,-1.830753446,-2.178064108,0.009716608,-0.057564631,-2.184604168,ros2_odometer_state
M19C_S1_lab_hard_floor_B1_U050_R1,515.750186860,3.949490300,command,0.500000,-1.462439060,-1.830753446,-2.178064108,0.010099173,-0.057262428,-2.185814381,ros2_odometer_state
M19C_S1_lab_hard_floor_B1_U050_R1,515.752215704,3.951519144,command,0.500000,-1.462439060,-1.830753446,-2.178064108,0.010564486,-0.056583185,-2.187047958,ros2_odometer_state
M19C_S1_lab_hard_floor_B1_U050_R1,515.754790872,3.954094312,command,0.500000,-1.462439060,-1.830753446,-2.178064108,0.011129376,-0.055483192,-2.188312769,ros2_odometer_state
M19C_S1_lab_hard_floor_B1_U050_R1,515.756583355,3.955886795,command,0.500000,-1.462439060,-1.830753446,-2.178064108,0.011763611,-0.054133348,-2.189498663,ros2_odometer_state
M19C_S1_lab_hard_floor_B1_U050_R1,515.758387935,3.957691375,command,0.500000,-1.470247865,-1.841943502,-2.189498663,0.012514485,-0.052801121,-2.190556526,ros2_odometer_state
M19C_S1_lab_hard_floor_B1_U050_R1,515.760233700,3.959537140,command,0.500000,-1.470247865,-1.841943502,-2.189498663,0.013336124,-0.051583406,-2.191549540,ros2_odometer_state
M19C_S1_lab_hard_floor_B1_U050_R1,515.761490195,3.960793635,command,0.500000,-1.470247865,-1.841943502,-2.189498663,0.013336124,-0.051583406,-2.191549540,ros2_odometer_state
M19C_S1_lab_hard_floor_B1_U050_R1,515.764474115,3.963777555,command,0.500000,-1.470247865,-1.841943502,-2.189498663,0.015142037,-0.049276575,-2.193384171,ros2_odometer_state
M19C_S1_lab_hard_floor_B1_U050_R1,515.766225636,3.965529076,command,0.500000,-1.470247865,-1.841943502,-2.189498663,0.016172525,-0.048141167,-2.194356441,ros2_odometer_state
M19C_S1_lab_hard_floor_B1_U050_R1,515.768241648,3.967545088,command,0.500000,-1.470247865,-1.841943502,-2.189498663,0.017158683,-0.047052979,-2.195493937,ros2_odometer_state
M19C_S1_lab_hard_floor_B1_U050_R1,515.770239163,3.969542603,command,0.500000,-1.470247865,-1.841943502,-2.189498663,0.017980212,-0.045999460,-2.196698904,ros2_odometer_state
M19C_S1_lab_hard_floor_B1_U050_R1,515.772691094,3.971994534,command,0.500000,-1.470247865,-1.841943502,-2.189498663,0.018597836,-0.044924881,-2.197792053,ros2_odometer_state
M19C_S1_lab_hard_floor_B1_U050_R1,515.775106513,3.974409953,command,0.500000,-1.470247865,-1.841943502,-2.189498663,0.019049635,-0.043812945,-2.198747635,ros2_odometer_state
M19C_S1_lab_hard_floor_B1_U050_R1,515.775717320,3.975020760,command,0.500000,-1.470247865,-1.841943502,-2.189498663,0.019049635,-0.043812945,-2.198747635,ros2_odometer_state
M19C_S1_lab_hard_floor_B1_U050_R1,515.778368619,3.977672059,command,0.500000,-1.472395420,-1.852958798,-2.199682236,0.019656140,-0.041268691,-2.200617075,ros2_odometer_state
M19C_S1_lab_hard_floor_B1_U050_R1,515.780318324,3.979621764,command,0.500000,-1.472395420,-1.852958798,-2.199682236,0.019848073,-0.039935093,-2.201508522,ros2_odometer_state
M19C_S1_lab_hard_floor_B1_U050_R1,515.784272456,3.983575896,command,0.500000,-1.472395420,-1.852958798,-2.199682236,0.019949555,-0.038695831,-2.202388525,ros2_odometer_state
M19C_S1_lab_hard_floor_B1_U050_R1,515.785224428,3.984527868,command,0.500000,-1.472395420,-1.852958798,-2.199682236,0.019933475,-0.037587721,-2.203283548,ros2_odometer_state
M19C_S1_lab_hard_floor_B1_U050_R1,515.785917062,3.985220502,command,0.500000,-1.472395420,-1.852958798,-2.199682236,0.019933475,-0.037587721,-2.203283548,ros2_odometer_state
M19C_S1_lab_hard_floor_B1_U050_R1,515.789782806,3.989086246,command,0.500000,-1.472395420,-1.852958798,-2.199682236,0.019522380,-0.035544507,-2.204712152,ros2_odometer_state
M19C_S1_lab_hard_floor_B1_U050_R1,515.790871999,3.990175439,command,0.500000,-1.472395420,-1.852958798,-2.199682236,0.019142762,-0.034521278,-2.204999208,ros2_odometer_state
M19C_S1_lab_hard_floor_B1_U050_R1,515.791960584,3.991264024,command,0.500000,-1.472395420,-1.852958798,-2.199682236,0.019142762,-0.034521278,-2.204999208,ros2_odometer_state
M19C_S1_lab_hard_floor_B1_U050_R1,515.798160880,3.997464320,command,0.500000,-1.472395420,-1.852958798,-2.199682236,0.018648544,-0.033474378,-2.205011845,ros2_odometer_state
M19C_S1_lab_hard_floor_B1_U050_R1,515.799265849,3.998569289,command,0.500000,-1.472395420,-1.852958798,-2.199682236,0.018044164,-0.032358710,-2.204964161,ros2_odometer_state
M19C_S1_lab_hard_floor_B1_U050_R1,515.800188540,3.999491980,command,0.500000,-1.474505067,-1.862607479,-2.205111265,0.017384505,-0.031140354,-2.205111265,ros2_odometer_state
M19C_S1_lab_hard_floor_B1_U050_R1,515.801040444,4.000343884,command,0.500000,-1.474505067,-1.862607479,-2.205111265,0.016707890,-0.029827299,-2.205442667,ros2_odometer_state
M19C_S1_lab_hard_floor_B1_U050_R1,515.802046497,4.001349937,command,0.500000,-1.474505067,-1.862607479,-2.205111265,0.016006196,-0.028469609,-2.205677509,ros2_odometer_state
M19C_S1_lab_hard_floor_B1_U050_R1,515.804492797,4.003796237,command,0.500000,-1.474505067,-1.862607479,-2.205111265,0.014415628,-0.025760628,-2.205509186,ros2_odometer_state
M19C_S1_lab_hard_floor_B1_U050_R1,515.806430598,4.005734038,command,0.500000,-1.474505067,-1.862607479,-2.205111265,0.013568681,-0.024476720,-2.205436468,ros2_odometer_state
M19C_S1_lab_hard_floor_B1_U050_R1,515.810145105,4.009448545,command,0.500000,-1.474505067,-1.862607479,-2.205111265,0.012642069,-0.023437042,-2.205496073,ros2_odometer_state
M19C_S1_lab_hard_floor_B1_U050_R1,515.811172375,4.010475815,command,0.500000,-1.474505067,-1.862607479,-2.205111265,0.012642069,-0.023437042,-2.205496073,ros2_odometer_state
M19C_S1_lab_hard_floor_B1_U050_R1,515.812433830,4.011737270,command,0.500000,-1.474505067,-1.862607479,-2.205111265,0.011714671,-0.022663670,-2.205679178,ros2_odometer_state
M19C_S1_lab_hard_floor_B1_U050_R1,515.815550075,4.014853515,command,0.500000,-1.474505067,-1.862607479,-2.205111265,0.010796675,-0.022067759,-2.205960751,ros2_odometer_state
M19C_S1_lab_hard_floor_B1_U050_R1,515.816764072,4.016067512,command,0.500000,-1.474505067,-1.862607479,-2.205111265,0.009872340,-0.021598397,-2.206333637,ros2_odometer_state
M19C_S1_lab_hard_floor_B1_U050_R1,515.818701201,4.018004641,command,0.500000,-1.479668498,-1.869925380,-2.206827164,0.007977252,-0.021137448,-2.207398891,ros2_odometer_state
M19C_S1_lab_hard_floor_B1_U050_R1,515.820583832,4.019887272,command,0.500000,-1.479668498,-1.869925380,-2.206827164,0.007020724,-0.021103356,-2.208053112,ros2_odometer_state
M19C_S1_lab_hard_floor_B1_U050_R1,515.822501663,4.021805103,command,0.500000,-1.479668498,-1.869925380,-2.206827164,0.006076587,-0.021035505,-2.208873510,ros2_odometer_state
M19C_S1_lab_hard_floor_B1_U050_R1,515.824686449,4.023989889,command,0.500000,-1.479668498,-1.869925380,-2.206827164,0.005115739,-0.020860996,-2.209830523,ros2_odometer_state
M19C_S1_lab_hard_floor_B1_U050_R1,515.826500629,4.025804069,command,0.500000,-1.479668498,-1.869925380,-2.206827164,0.004110490,-0.020633634,-2.210776567,ros2_odometer_state
M19C_S1_lab_hard_floor_B1_U050_R1,515.828712264,4.028015704,command,0.500000,-1.479668498,-1.869925380,-2.206827164,0.003111405,-0.020482782,-2.211634398,ros2_odometer_state
M19C_S1_lab_hard_floor_B1_U050_R1,515.830614831,4.029918271,command,0.500000,-1.479668498,-1.869925380,-2.206827164,0.002142579,-0.020460105,-2.212461710,ros2_odometer_state
M19C_S1_lab_hard_floor_B1_U050_R1,515.832558968,4.031862408,command,0.500000,-1.479668498,-1.869925380,-2.206827164,0.001198842,-0.020558352,-2.213281393,ros2_odometer_state
M19C_S1_lab_hard_floor_B1_U050_R1,515.835180730,4.034484170,command,0.500000,-1.479668498,-1.869925380,-2.206827164,0.000308508,-0.020747364,-2.214151621,ros2_odometer_state
M19C_S1_lab_hard_floor_B1_U050_R1,515.836708979,4.036012419,command,0.500000,-1.479668498,-1.869925380,-2.206827164,-0.000502263,-0.021000426,-2.215152979,ros2_odometer_state
M19C_S1_lab_hard_floor_B1_U050_R1,515.838618267,4.037921707,command,0.500000,-1.484444380,-1.876656532,-2.215152979,-0.001242640,-0.021248968,-2.216363430,ros2_odometer_state
M19C_S1_lab_hard_floor_B1_U050_R1,515.840607237,4.039910677,command,0.500000,-1.484444380,-1.876656532,-2.215152979,-0.001944094,-0.021444954,-2.217747450,ros2_odometer_state
M19C_S1_lab_hard_floor_B1_U050_R1,515.842543182,4.041846622,command,0.500000,-1.484444380,-1.876656532,-2.215152979,-0.002590297,-0.021628020,-2.219177246,ros2_odometer_state
M19C_S1_lab_hard_floor_B1_U050_R1,515.844532568,4.043836008,command,0.500000,-1.484444380,-1.876656532,-2.215152979,-0.003058730,-0.021893259,-2.220598698,ros2_odometer_state
M19C_S1_lab_hard_floor_B1_U050_R1,515.846568068,4.045871508,command,0.500000,-1.484444380,-1.876656532,-2.215152979,-0.003187940,-0.022326639,-2.222075224,ros2_odometer_state
M19C_S1_lab_hard_floor_B1_U050_R1,515.848812952,4.048116392,command,0.500000,-1.484444380,-1.876656532,-2.215152979,-0.002995495,-0.022804607,-2.223313332,ros2_odometer_state
M19C_S1_lab_hard_floor_B1_U050_R1,515.850132330,4.049435770,command,0.500000,-1.484444380,-1.876656532,-2.215152979,-0.002995495,-0.022804607,-2.223313332,ros2_odometer_state
M19C_S1_lab_hard_floor_B1_U050_R1,515.852719115,4.052022555,command,0.500000,-1.484444380,-1.876656532,-2.215152979,-0.001776415,-0.023315080,-2.224236965,ros2_odometer_state
M19C_S1_lab_hard_floor_B1_U050_R1,515.855337005,4.054640445,command,0.500000,-1.484444380,-1.876656532,-2.215152979,-0.000949360,-0.023437241,-2.224280834,ros2_odometer_state
M19C_S1_lab_hard_floor_B1_U050_R1,515.856770018,4.056073458,command,0.500000,-1.484444380,-1.876656532,-2.215152979,0.000001646,-0.023600083,-2.224416494,ros2_odometer_state
M19C_S1_lab_hard_floor_B1_U050_R1,515.858697482,4.058000922,command,0.500000,-1.489693046,-1.885246992,-2.224416494,0.001074856,-0.023770841,-2.224749565,ros2_odometer_state
M19C_S1_lab_hard_floor_B1_U050_R1,515.860608114,4.059911554,command,0.500000,-1.489693046,-1.885246992,-2.224416494,0.002139204,-0.023915943,-2.225160599,ros2_odometer_state
M19C_S1_lab_hard_floor_B1_U050_R1,515.862770147,4.062073587,command,0.500000,-1.489693046,-1.885246992,-2.224416494,0.003004436,-0.024059292,-2.225428820,ros2_odometer_state
M19C_S1_lab_hard_floor_B1_U050_R1,515.864681835,4.063985275,command,0.500000,-1.489693046,-1.885246992,-2.224416494,0.003632268,-0.024203598,-2.225406647,ros2_odometer_state
M19C_S1_lab_hard_floor_B1_U050_R1,515.866746264,4.066049704,command,0.500000,-1.489693046,-1.885246992,-2.224416494,0.004064082,-0.024328034,-2.225032330,ros2_odometer_state
M19C_S1_lab_hard_floor_B1_U050_R1,515.868843270,4.068146710,command,0.500000,-1.489693046,-1.885246992,-2.224416494,0.004344929,-0.024420744,-2.224427700,ros2_odometer_state
M19C_S1_lab_hard_floor_B1_U050_R1,515.870779567,4.070083007,command,0.500000,-1.489693046,-1.885246992,-2.224416494,0.004582226,-0.024504071,-2.223826408,ros2_odometer_state
M19C_S1_lab_hard_floor_B1_U050_R1,515.872817979,4.072121419,command,0.500000,-1.489693046,-1.885246992,-2.224416494,0.004582226,-0.024504071,-2.223826408,ros2_odometer_state
M19C_S1_lab_hard_floor_B1_U050_R1,515.875480863,4.074784303,command,0.500000,-1.489693046,-1.885246992,-2.224416494,0.004949863,-0.024675464,-2.223154068,ros2_odometer_state
M19C_S1_lab_hard_floor_B1_U050_R1,515.877150781,4.076454221,command,0.500000,-1.489693046,-1.885246992,-2.224416494,0.005011285,-0.024836442,-2.222880363,ros2_odometer_state
M19C_S1_lab_hard_floor_B1_U050_R1,515.878499696,4.077803136,command,0.500000,-1.493085861,-1.894811034,-2.222880363,0.005011285,-0.024836442,-2.222880363,ros2_odometer_state
M19C_S1_lab_hard_floor_B1_U050_R1,515.880468026,4.079771466,command,0.500000,-1.493085861,-1.894811034,-2.222880363,0.004968640,-0.025099132,-2.222469091,ros2_odometer_state
M19C_S1_lab_hard_floor_B1_U050_R1,515.882213435,4.081516875,command,0.500000,-1.493085861,-1.894811034,-2.222880363,0.004826160,-0.025385482,-2.222081184,ros2_odometer_state
M19C_S1_lab_hard_floor_B1_U050_R1,515.884739994,4.084043434,command,0.500000,-1.493085861,-1.894811034,-2.222880363,0.004272560,-0.025478227,-2.221605062,ros2_odometer_state
M19C_S1_lab_hard_floor_B1_U050_R1,515.885850755,4.085154195,command,0.500000,-1.493085861,-1.894811034,-2.222880363,0.004272560,-0.025478227,-2.221605062,ros2_odometer_state
M19C_S1_lab_hard_floor_B1_U050_R1,515.887937841,4.087241281,command,0.500000,-1.493085861,-1.894811034,-2.222880363,0.003845431,-0.025334258,-2.221238375,ros2_odometer_state
M19C_S1_lab_hard_floor_B1_U050_R1,515.890540595,4.089844035,command,0.500000,-1.493085861,-1.894811034,-2.222880363,0.002817692,-0.025040084,-2.220207930,ros2_odometer_state
M19C_S1_lab_hard_floor_B1_U050_R1,515.892557182,4.091860622,command,0.500000,-1.493085861,-1.894811034,-2.222880363,0.002273604,-0.024962122,-2.219482899,ros2_odometer_state
M19C_S1_lab_hard_floor_B1_U050_R1,515.895941181,4.095244621,command,0.500000,-1.493085861,-1.894811034,-2.222880363,0.001720586,-0.024928732,-2.218648195,ros2_odometer_state
M19C_S1_lab_hard_floor_B1_U050_R1,515.896887264,4.096190704,command,0.500000,-1.493085861,-1.894811034,-2.222880363,0.001172482,-0.024978692,-2.217808008,ros2_odometer_state
M19C_S1_lab_hard_floor_B1_U050_R1,515.898590944,4.097894384,command,0.500000,-1.499843478,-1.902384400,-2.217808008,0.000650753,-0.025078634,-2.217018127,ros2_odometer_state
M19C_S1_lab_hard_floor_B1_U050_R1,515.900619372,4.099922812,command,0.500000,-1.499843478,-1.902384400,-2.217808008,0.000163270,-0.025108965,-2.216300488,ros2_odometer_state
M19C_S1_lab_hard_floor_B1_U050_R1,515.902538740,4.101842180,command,0.500000,-1.499843478,-1.902384400,-2.217808008,-0.000293430,-0.025025513,-2.215724468,ros2_odometer_state
M19C_S1_lab_hard_floor_B1_U050_R1,515.904580000,4.103883440,command,0.500000,-1.499843478,-1.902384400,-2.217808008,-0.000750163,-0.024900930,-2.215229273,ros2_odometer_state
M19C_S1_lab_hard_floor_B1_U050_R1,515.906923000,4.106226440,command,0.500000,-1.499843478,-1.902384400,-2.217808008,-0.001292553,-0.024840066,-2.214629412,ros2_odometer_state
M19C_S1_lab_hard_floor_B1_U050_R1,515.912572972,4.111876412,command,0.500000,-1.499843478,-1.902384400,-2.217808008,-0.001887076,-0.024812985,-2.213894844,ros2_odometer_state
M19C_S1_lab_hard_floor_B1_U050_R1,515.913816346,4.113119786,command,0.500000,-1.499843478,-1.902384400,-2.217808008,-0.002449578,-0.024737436,-2.213144541,ros2_odometer_state
M19C_S1_lab_hard_floor_B1_U050_R1,515.914941668,4.114245108,command,0.500000,-1.499843478,-1.902384400,-2.217808008,-0.002999334,-0.024592882,-2.212455034,ros2_odometer_state
M19C_S1_lab_hard_floor_B1_U050_R1,515.916163762,4.115467202,command,0.500000,-1.499843478,-1.902384400,-2.217808008,-0.003611428,-0.024445539,-2.211839676,ros2_odometer_state
M19C_S1_lab_hard_floor_B1_U050_R1,515.917178872,4.116482312,command,0.500000,-1.499843478,-1.902384400,-2.217808008,-0.004271809,-0.024386337,-2.211260080,ros2_odometer_state
M19C_S1_lab_hard_floor_B1_U050_R1,515.918094074,4.117397514,command,0.500000,-1.507723451,-1.909404278,-2.211260080,-0.004271809,-0.024386337,-2.211260080,ros2_odometer_state
M19C_S1_lab_hard_floor_B1_U050_R1,515.920052100,4.119355540,command,0.500000,-1.507723451,-1.909404278,-2.211260080,-0.004965460,-0.024430254,-2.210657597,ros2_odometer_state
M19C_S1_lab_hard_floor_B1_U050_R1,515.922573602,4.121877042,command,0.500000,-1.507723451,-1.909404278,-2.211260080,-0.006446191,-0.024575835,-2.209540129,ros2_odometer_state
M19C_S1_lab_hard_floor_B1_U050_R1,515.924552652,4.123856092,command,0.500000,-1.507723451,-1.909404278,-2.211260080,-0.007154011,-0.024595467,-2.209250450,ros2_odometer_state
M19C_S1_lab_hard_floor_B1_U050_R1,515.926552343,4.125855783,command,0.500000,-1.507723451,-1.909404278,-2.211260080,-0.007800356,-0.024553360,-2.209156752,ros2_odometer_state
M19C_S1_lab_hard_floor_B1_U050_R1,515.928914895,4.128218335,command,0.500000,-1.507723451,-1.909404278,-2.211260080,-0.008392391,-0.024435783,-2.209095240,ros2_odometer_state
M19C_S1_lab_hard_floor_B1_U050_R1,515.930649328,4.129952768,command,0.500000,-1.507723451,-1.909404278,-2.211260080,-0.008946490,-0.024274603,-2.208901644,ros2_odometer_state
M19C_S1_lab_hard_floor_B1_U050_R1,515.932576120,4.131879560,command,0.500000,-1.507723451,-1.909404278,-2.211260080,-0.009465646,-0.024101814,-2.208593845,ros2_odometer_state
M19C_S1_lab_hard_floor_B1_U050_R1,515.937024095,4.136327535,command,0.500000,-1.507723451,-1.909404278,-2.211260080,-0.009953396,-0.023950810,-2.208281040,ros2_odometer_state
M19C_S1_lab_hard_floor_B1_U050_R1,515.937972579,4.137276019,command,0.500000,-1.507723451,-1.909404278,-2.211260080,-0.010408876,-0.023861717,-2.208031654,ros2_odometer_state
M19C_S1_lab_hard_floor_B1_U050_R1,515.938271534,4.137574974,command,0.500000,-1.515917182,-1.917184949,-2.208031654,-0.010408876,-0.023861717,-2.208031654,ros2_odometer_state
M19C_S1_lab_hard_floor_B1_U050_R1,515.942228258,4.141531698,command,0.500000,-1.515917182,-1.917184949,-2.208031654,-0.011148446,-0.023846706,-2.207781315,ros2_odometer_state
M19C_S1_lab_hard_floor_B1_U050_R1,515.943195686,4.142499126,command,0.500000,-1.515917182,-1.917184949,-2.208031654,-0.011446995,-0.023856647,-2.207795620,ros2_odometer_state
M19C_S1_lab_hard_floor_B1_U050_R1,515.944796354,4.144099794,command,0.500000,-1.515917182,-1.917184949,-2.208031654,-0.011730072,-0.023862571,-2.207931995,ros2_odometer_state
M19C_S1_lab_hard_floor_B1_U050_R1,515.946560868,4.145864308,command,0.500000,-1.515917182,-1.917184949,-2.208031654,-0.011992408,-0.023859477,-2.208186865,ros2_odometer_state
M19C_S1_lab_hard_floor_B1_U050_R1,515.948712533,4.148015973,command,0.500000,-1.515917182,-1.917184949,-2.208031654,-0.012235551,-0.023845870,-2.208479404,ros2_odometer_state
M19C_S1_lab_hard_floor_B1_U050_R1,515.950532569,4.149836009,command,0.500000,-1.515917182,-1.917184949,-2.208031654,-0.012479323,-0.023826169,-2.208725214,ros2_odometer_state
M19C_S1_lab_hard_floor_B1_U050_R1,515.951829833,4.151133273,command,0.500000,-1.515917182,-1.917184949,-2.208031654,-0.012479323,-0.023826169,-2.208725214,ros2_odometer_state
M19C_S1_lab_hard_floor_B1_U050_R1,515.955355053,4.154658493,command,0.500000,-1.515917182,-1.917184949,-2.208031654,-0.012973728,-0.023794081,-2.209048510,ros2_odometer_state
M19C_S1_lab_hard_floor_B1_U050_R1,515.956838085,4.156141525,command,0.500000,-1.515917182,-1.917184949,-2.208031654,-0.013216126,-0.023793481,-2.209282637,ros2_odometer_state
M19C_S1_lab_hard_floor_B1_U050_R1,515.958702955,4.158006395,command,0.500000,-1.524832606,-1.925554752,-2.209282637,-0.013401071,-0.023815012,-2.209614277,ros2_odometer_state
M19C_S1_lab_hard_floor_B1_U050_R1,515.960730103,4.160033543,command,0.500000,-1.524832606,-1.925554752,-2.209282637,-0.013499885,-0.023863973,-2.210000992,ros2_odometer_state
M19C_S1_lab_hard_floor_B1_U050_R1,515.962623613,4.161927053,command,0.500000,-1.524832606,-1.925554752,-2.209282637,-0.013542884,-0.023941677,-2.210402727,ros2_odometer_state
M19C_S1_lab_hard_floor_B1_U050_R1,515.964644969,4.163948409,command,0.500000,-1.524832606,-1.925554752,-2.209282637,-0.013563546,-0.024051491,-2.210813522,ros2_odometer_state
M19C_S1_lab_hard_floor_B1_U050_R1,515.966613747,4.165917187,command,0.500000,-1.524832606,-1.925554752,-2.209282637,-0.013549407,-0.024195181,-2.211241484,ros2_odometer_state
M19C_S1_lab_hard_floor_B1_U050_R1,515.968748355,4.168051795,command,0.500000,-1.524832606,-1.925554752,-2.209282637,-0.013492385,-0.024376174,-2.211670399,ros2_odometer_state
M19C_S1_lab_hard_floor_B1_U050_R1,515.970654282,4.169957722,command,0.500000,-1.524832606,-1.925554752,-2.209282637,-0.013402345,-0.024591772,-2.212038279,ros2_odometer_state
M19C_S1_lab_hard_floor_B1_U050_R1,515.972188388,4.171491828,command,0.500000,-1.524832606,-1.925554752,-2.209282637,-0.013402345,-0.024591772,-2.212038279,ros2_odometer_state
M19C_S1_lab_hard_floor_B1_U050_R1,515.975446814,4.174750254,command,0.500000,-1.524832606,-1.925554752,-2.209282637,-0.013168482,-0.024960300,-2.212516546,ros2_odometer_state
M19C_S1_lab_hard_floor_B1_U050_R1,515.976945174,4.176248614,command,0.500000,-1.524832606,-1.925554752,-2.209282637,-0.013008445,-0.025039690,-2.212720871,ros2_odometer_state
M19C_S1_lab_hard_floor_B1_U050_R1,515.978821244,4.178124684,command,0.500000,-1.532600641,-1.934142351,-2.212720871,-0.012825450,-0.025058622,-2.212857246,ros2_odometer_state
M19C_S1_lab_hard_floor_B1_U050_R1,515.980063370,4.179366810,command,0.500000,-1.532600641,-1.934142351,-2.212720871,-0.012825450,-0.025058622,-2.212857246,ros2_odometer_state
M19C_S1_lab_hard_floor_B1_U050_R1,515.982768624,4.182072064,command,0.500000,-1.532600641,-1.934142351,-2.212720871,-0.012409275,-0.025029037,-2.212934732,ros2_odometer_state
M19C_S1_lab_hard_floor_B1_U050_R1,515.983975997,4.183279437,command,0.500000,-1.532600641,-1.934142351,-2.212720871,-0.012409275,-0.025029037,-2.212934732,ros2_odometer_state
M19C_S1_lab_hard_floor_B1_U050_R1,515.986710883,4.186014323,command,0.500000,-1.532600641,-1.934142351,-2.212720871,-0.011925467,-0.024972241,-2.212924242,ros2_odometer_state
M19C_S1_lab_hard_floor_B1_U050_R1,515.988647532,4.187950972,command,0.500000,-1.532600641,-1.934142351,-2.212720871,-0.011576947,-0.024941491,-2.212872744,ros2_odometer_state
M19C_S1_lab_hard_floor_B1_U050_R1,515.990624982,4.189928422,command,0.500000,-1.532600641,-1.934142351,-2.212720871,-0.011129248,-0.024912428,-2.212756872,ros2_odometer_state
M19C_S1_lab_hard_floor_B1_U050_R1,515.992674627,4.191978067,command,0.500000,-1.532600641,-1.934142351,-2.212720871,-0.010646541,-0.024910728,-2.212517262,ros2_odometer_state
M19C_S1_lab_hard_floor_B1_U050_R1,515.995241923,4.194545363,command,0.500000,-1.532600641,-1.934142351,-2.212720871,-0.010156428,-0.024960481,-2.212126970,ros2_odometer_state
M19C_S1_lab_hard_floor_B1_U050_R1,515.996813950,4.196117390,command,0.500000,-1.532600641,-1.934142351,-2.212720871,-0.009664468,-0.025100747,-2.211631536,ros2_odometer_state
M19C_S1_lab_hard_floor_B1_U050_R1,515.998736934,4.198040374,command,0.500000,-1.540391684,-1.943289757,-2.211631536,-0.009204477,-0.025338365,-2.211065769,ros2_odometer_state
M19C_S1_lab_hard_floor_B1_U050_R1,515.999953203,4.199256643,command,0.500000,-1.540391684,-1.943289757,-2.211631536,-0.009204477,-0.025338365,-2.211065769,ros2_odometer_state
M19C_S1_lab_hard_floor_B1_U050_R1,516.002888993,4.202192433,command,0.500000,-1.540391684,-1.943289757,-2.211631536,-0.008262223,-0.025916213,-2.209703922,ros2_odometer_state
M19C_S1_lab_hard_floor_B1_U050_R1,516.004371800,4.203675240,command,0.500000,-1.540391684,-1.943289757,-2.211631536,-0.008262223,-0.025916213,-2.209703922,ros2_odometer_state
M19C_S1_lab_hard_floor_B1_U050_R1,516.007677684,4.206981124,command,0.500000,-1.540391684,-1.943289757,-2.211631536,-0.007159905,-0.026435135,-2.208347559,ros2_odometer_state
M19C_S1_lab_hard_floor_B1_U050_R1,516.008590262,4.207893702,command,0.500000,-1.540391684,-1.943289757,-2.211631536,-0.007159905,-0.026435135,-2.208347559,ros2_odometer_state
M19C_S1_lab_hard_floor_B1_U050_R1,516.010101551,4.209404991,command,0.500000,-1.540391684,-1.943289757,-2.211631536,-0.006598840,-0.026677500,-2.207711220,ros2_odometer_state
M19C_S1_lab_hard_floor_B1_U050_R1,516.012880663,4.212184103,command,0.500000,-1.540391684,-1.943289757,-2.211631536,-0.005424393,-0.027074203,-2.206409454,ros2_odometer_state
M19C_S1_lab_hard_floor_B1_U050_R1,516.015324275,4.214627715,command,0.500000,-1.540391684,-1.943289757,-2.211631536,-0.004809073,-0.027286083,-2.205773592,ros2_odometer_state
M19C_S1_lab_hard_floor_B1_U050_R1,516.016800234,4.216103674,command,0.500000,-1.540391684,-1.943289757,-2.211631536,-0.004167497,-0.027522665,-2.205146313,ros2_odometer_state
M19C_S1_lab_hard_floor_B1_U050_R1,516.018096058,4.217399498,command,0.500000,-1.549034715,-1.952956557,-2.205146313,-0.004167497,-0.027522665,-2.205146313,ros2_odometer_state
M19C_S1_lab_hard_floor_B1_U050_R1,516.020755934,4.220059374,command,0.500000,-1.549034715,-1.952956557,-2.205146313,-0.002840297,-0.028193774,-2.203894854,ros2_odometer_state
M19C_S1_lab_hard_floor_B1_U050_R1,516.022721608,4.222025048,command,0.500000,-1.549034715,-1.952956557,-2.205146313,-0.002133503,-0.028612830,-2.203316212,ros2_odometer_state
M19C_S1_lab_hard_floor_B1_U050_R1,516.024746931,4.224050371,command,0.500000,-1.549034715,-1.952956557,-2.205146313,-0.001388145,-0.029061956,-2.202821493,ros2_odometer_state
M19C_S1_lab_hard_floor_B1_U050_R1,516.026695356,4.225998796,command,0.500000,-1.549034715,-1.952956557,-2.205146313,-0.000598835,-0.029536651,-2.202443361,ros2_odometer_state
M19C_S1_lab_hard_floor_B1_U050_R1,516.028745257,4.228048697,command,0.500000,-1.549034715,-1.952956557,-2.205146313,0.000226354,-0.030022712,-2.202146530,ros2_odometer_state
M19C_S1_lab_hard_floor_B1_U050_R1,516.030271842,4.229575282,command,0.500000,-1.549034715,-1.952956557,-2.205146313,0.000226354,-0.030022712,-2.202146530,ros2_odometer_state
M19C_S1_lab_hard_floor_B1_U050_R1,516.032814849,4.232118289,command,0.500000,-1.549034715,-1.952956557,-2.205146313,0.001943511,-0.030986654,-2.201649904,ros2_odometer_state
M19C_S1_lab_hard_floor_B1_U050_R1,516.035329056,4.234632496,command,0.500000,-1.549034715,-1.952956557,-2.205146313,0.002819845,-0.031471018,-2.201412439,ros2_odometer_state
M19C_S1_lab_hard_floor_B1_U050_R1,516.036827672,4.236131112,command,0.500000,-1.549034715,-1.952956557,-2.205146313,0.003681664,-0.031980351,-2.201228142,ros2_odometer_state
M19C_S1_lab_hard_floor_B1_U050_R1,516.038825858,4.238129298,command,0.500000,-1.557949543,-1.963460326,-2.201228142,0.004533194,-0.032535441,-2.201123953,ros2_odometer_state
M19C_S1_lab_hard_floor_B1_U050_R1,516.040971379,4.240274819,command,0.500000,-1.557949543,-1.963460326,-2.201228142,0.005402810,-0.033137914,-2.201109171,ros2_odometer_state
M19C_S1_lab_hard_floor_B1_U050_R1,516.042809624,4.242113064,command,0.500000,-1.557949543,-1.963460326,-2.201228142,0.006309215,-0.033781838,-2.201188564,ros2_odometer_state
M19C_S1_lab_hard_floor_B1_U050_R1,516.044241101,4.243544541,command,0.500000,-1.557949543,-1.963460326,-2.201228142,0.006309215,-0.033781838,-2.201188564,ros2_odometer_state
M19C_S1_lab_hard_floor_B1_U050_R1,516.046248632,4.245552072,command,0.500000,-1.557949543,-1.963460326,-2.201228142,0.007257941,-0.034447428,-2.201351643,ros2_odometer_state
M19C_S1_lab_hard_floor_B1_U050_R1,516.048124063,4.247427503,command,0.500000,-1.557949543,-1.963460326,-2.201228142,0.008248202,-0.035124067,-2.201600313,ros2_odometer_state
M19C_S1_lab_hard_floor_B1_U050_R1,516.050065415,4.249368855,command,0.500000,-1.557949543,-1.963460326,-2.201228142,0.009276461,-0.035791524,-2.201895952,ros2_odometer_state
M19C_S1_lab_hard_floor_B1_U050_R1,516.052823375,4.252126815,command,0.500000,-1.557949543,-1.963460326,-2.201228142,0.011375066,-0.037081845,-2.202466488,ros2_odometer_state
M19C_S1_lab_hard_floor_B1_U050_R1,516.055523412,4.254826852,command,0.500000,-1.557949543,-1.963460326,-2.201228142,0.012430618,-0.037728123,-2.202682734,ros2_odometer_state
M19C_S1_lab_hard_floor_B1_U050_R1,516.056190829,4.255494269,command,0.500000,-1.557949543,-1.963460326,-2.201228142,0.012430618,-0.037728123,-2.202682734,ros2_odometer_state
M19C_S1_lab_hard_floor_B1_U050_R1,516.058886898,4.258190338,command,0.500000,-1.567006707,-1.976143360,-2.202853441,0.014500869,-0.039054360,-2.203036070,ros2_odometer_state
M19C_S1_lab_hard_floor_B1_U050_R1,516.060832250,4.260135690,command,0.500000,-1.567006707,-1.976143360,-2.202853441,0.015546456,-0.039766040,-2.203284502,ros2_odometer_state
M19C_S1_lab_hard_floor_B1_U050_R1,516.062063624,4.261367064,command,0.500000,-1.567006707,-1.976143360,-2.202853441,0.015546456,-0.039766040,-2.203284502,ros2_odometer_state
M19C_S1_lab_hard_floor_B1_U050_R1,516.065061849,4.264365289,command,0.500000,-1.567006707,-1.976143360,-2.202853441,0.017708724,-0.041278455,-2.203948259,ros2_odometer_state
M19C_S1_lab_hard_floor_B1_U050_R1,516.066046494,4.265349934,command,0.500000,-1.567006707,-1.976143360,-2.202853441,0.017708724,-0.041278455,-2.203948259,ros2_odometer_state
M19C_S1_lab_hard_floor_B1_U050_R1,516.068833222,4.268136662,command,0.500000,-1.567006707,-1.976143360,-2.202853441,0.020013370,-0.042875361,-2.204450130,ros2_odometer_state
M19C_S1_lab_hard_floor_B1_U050_R1,516.070790671,4.270094111,command,0.500000,-1.567006707,-1.976143360,-2.202853441,0.021189244,-0.043738335,-2.204604387,ros2_odometer_state
M19C_S1_lab_hard_floor_B1_U050_R1,516.072829404,4.272132844,command,0.500000,-1.567006707,-1.976143360,-2.202853441,0.022371190,-0.044635333,-2.204714298,ros2_odometer_state
M19C_S1_lab_hard_floor_B1_U050_R1,516.074668032,4.273971472,command,0.500000,-1.567006707,-1.976143360,-2.202853441,0.022371190,-0.044635333,-2.204714298,ros2_odometer_state
M19C_S1_lab_hard_floor_B1_U050_R1,516.077067162,4.276370602,command,0.500000,-1.567006707,-1.976143360,-2.202853441,0.024767287,-0.046452057,-2.204833269,ros2_odometer_state
M19C_S1_lab_hard_floor_B1_U050_R1,516.078301608,4.277605048,command,0.500000,-1.577178836,-1.989381671,-2.204833269,0.024767287,-0.046452057,-2.204833269,ros2_odometer_state
M19C_S1_lab_hard_floor_B1_U050_R1,516.080194671,4.279498111,command,0.500000,-1.577178836,-1.989381671,-2.204833269,0.025991121,-0.047344595,-2.204829931,ros2_odometer_state
M19C_S1_lab_hard_floor_B1_U050_R1,516.082207419,4.281510859,command,0.500000,-1.577178836,-1.989381671,-2.204833269,0.027251877,-0.048239533,-2.204796791,ros2_odometer_state
M19C_S1_lab_hard_floor_B1_U050_R1,516.084126274,4.283429714,command,0.500000,-1.577178836,-1.989381671,-2.204833269,0.028540220,-0.049158081,-2.204754353,ros2_odometer_state
M19C_S1_lab_hard_floor_B1_U050_R1,516.086868073,4.286171513,command,0.500000,-1.577178836,-1.989381671,-2.204833269,0.031255703,-0.051059600,-2.204658747,ros2_odometer_state
M19C_S1_lab_hard_floor_B1_U050_R1,516.088874996,4.288178436,command,0.500000,-1.577178836,-1.989381671,-2.204833269,0.032657322,-0.052037913,-2.204560041,ros2_odometer_state
M19C_S1_lab_hard_floor_B1_U050_R1,516.090864415,4.290167855,command,0.500000,-1.577178836,-1.989381671,-2.204833269,0.034084279,-0.053046472,-2.204403162,ros2_odometer_state
M19C_S1_lab_hard_floor_B1_U050_R1,516.092892555,4.292195995,command,0.500000,-1.577178836,-1.989381671,-2.204833269,0.035543919,-0.054098632,-2.204200268,ros2_odometer_state
M19C_S1_lab_hard_floor_B1_U050_R1,516.095571055,4.294874495,command,0.500000,-1.577178836,-1.989381671,-2.204833269,0.037018508,-0.055208303,-2.203938484,ros2_odometer_state
M19C_S1_lab_hard_floor_B1_U050_R1,516.096331083,4.295634523,command,0.500000,-1.577178836,-1.989381671,-2.204833269,0.037018508,-0.055208303,-2.203938484,ros2_odometer_state
M19C_S1_lab_hard_floor_B1_U050_R1,516.098943085,4.298246525,command,0.500000,-1.587137222,-2.003070354,-2.203561544,0.039945252,-0.057542227,-2.203050137,ros2_odometer_state
M19C_S1_lab_hard_floor_B1_U050_R1,516.100897718,4.300201158,command,0.500000,-1.587137222,-2.003070354,-2.203561544,0.041384168,-0.058794815,-2.202408075,ros2_odometer_state
M19C_S1_lab_hard_floor_B1_U050_R1,516.102124580,4.301428020,command,0.500000,-1.587137222,-2.003070354,-2.203561544,0.041384168,-0.058794815,-2.202408075,ros2_odometer_state
M19C_S1_lab_hard_floor_B1_U050_R1,516.104902860,4.304206300,command,0.500000,-1.587137222,-2.003070354,-2.203561544,0.043710753,-0.061819378,-2.200608730,ros2_odometer_state
M19C_S1_lab_hard_floor_B1_U050_R1,516.106838613,4.306142053,command,0.500000,-1.587137222,-2.003070354,-2.203561544,0.044635028,-0.063429356,-2.199939728,ros2_odometer_state
M19C_S1_lab_hard_floor_B1_U050_R1,516.108877153,4.308180593,command,0.500000,-1.587137222,-2.003070354,-2.203561544,0.045480460,-0.064959727,-2.199458122,ros2_odometer_state
M19C_S1_lab_hard_floor_B1_U050_R1,516.111215417,4.310518857,command,0.500000,-1.587137222,-2.003070354,-2.203561544,0.046220008,-0.066357739,-2.199102640,ros2_odometer_state
M19C_S1_lab_hard_floor_B1_U050_R1,516.113329704,4.312633144,command,0.500000,-1.587137222,-2.003070354,-2.203561544,0.046910126,-0.067616597,-2.198830128,ros2_odometer_state
M19C_S1_lab_hard_floor_B1_U050_R1,516.117803695,4.317107135,command,0.500000,-1.587137222,-2.003070354,-2.203561544,0.047606714,-0.068784006,-2.198477507,ros2_odometer_state
M19C_S1_lab_hard_floor_B1_U050_R1,516.118991132,4.318294572,command,0.500000,-1.587137222,-2.003070354,-2.203561544,0.048207562,-0.069862977,-2.198028564,ros2_odometer_state
M19C_S1_lab_hard_floor_B1_U050_R1,516.119848828,4.319152268,command,0.500000,-1.597933650,-2.017604828,-2.198028564,0.048637923,-0.070784241,-2.197665691,ros2_odometer_state
M19C_S1_lab_hard_floor_B1_U050_R1,516.120325262,4.319628702,command,0.500000,-1.597933650,-2.017604828,-2.198028564,0.048637923,-0.070784241,-2.197665691,ros2_odometer_state
M19C_S1_lab_hard_floor_B1_U050_R1,516.122954320,4.322257760,command,0.500000,-1.597933650,-2.017604828,-2.198028564,0.049133915,-0.072052248,-2.197166443,ros2_odometer_state
M19C_S1_lab_hard_floor_B1_U050_R1,516.124974652,4.324278092,command,0.500000,-1.597933650,-2.017604828,-2.198028564,0.049265794,-0.072549537,-2.196981668,ros2_odometer_state
M19C_S1_lab_hard_floor_B1_U050_R1,516.126971367,4.326274807,command,0.500000,-1.597933650,-2.017604828,-2.198028564,0.049321711,-0.073133275,-2.196774721,ros2_odometer_state
M19C_S1_lab_hard_floor_B1_U050_R1,516.129021683,4.328325123,command,0.500000,-1.597933650,-2.017604828,-2.198028564,0.049280286,-0.073885262,-2.196457148,ros2_odometer_state
M19C_S1_lab_hard_floor_B1_U050_R1,516.131249191,4.330552631,command,0.500000,-1.597933650,-2.017604828,-2.198028564,0.049135845,-0.074755475,-2.195979357,ros2_odometer_state
M19C_S1_lab_hard_floor_B1_U050_R1,516.132301262,4.331604702,command,0.500000,-1.597933650,-2.017604828,-2.198028564,0.049135845,-0.074755475,-2.195979357,ros2_odometer_state
M19C_S1_lab_hard_floor_B1_U050_R1,516.135762640,4.335066080,command,0.500000,-1.597933650,-2.017604828,-2.198028564,0.048583794,-0.076572351,-2.194823265,ros2_odometer_state
M19C_S1_lab_hard_floor_B1_U050_R1,516.136443017,4.335746457,command,0.500000,-1.597933650,-2.017604828,-2.198028564,0.048583794,-0.076572351,-2.194823265,ros2_odometer_state
M19C_S1_lab_hard_floor_B1_U050_R1,516.138344144,4.337647584,command,0.500000,-1.612452984,-2.030472279,-2.194189072,0.048283681,-0.077522203,-2.194189072,ros2_odometer_state
M19C_S1_lab_hard_floor_B1_U050_R1,516.141250493,4.340553933,command,0.500000,-1.612452984,-2.030472279,-2.194189072,0.047822472,-0.079483926,-2.192461729,ros2_odometer_state
M19C_S1_lab_hard_floor_B1_U050_R1,516.142240290,4.341543730,command,0.500000,-1.612452984,-2.030472279,-2.194189072,0.047822472,-0.079483926,-2.192461729,ros2_odometer_state
M19C_S1_lab_hard_floor_B1_U050_R1,516.145619617,4.344923057,command,0.500000,-1.612452984,-2.030472279,-2.194189072,0.047490612,-0.081299499,-2.190618038,ros2_odometer_state
M19C_S1_lab_hard_floor_B1_U050_R1,516.146708714,4.346012154,command,0.500000,-1.612452984,-2.030472279,-2.194189072,0.047490612,-0.081299499,-2.190618038,ros2_odometer_state
M19C_S1_lab_hard_floor_B1_U050_R1,516.151697412,4.351000852,command,0.500000,-1.612452984,-2.030472279,-2.194189072,0.047507383,-0.082741298,-2.189147711,ros2_odometer_state
M19C_S1_lab_hard_floor_B1_U050_R1,516.153049015,4.352352455,command,0.500000,-1.612452984,-2.030472279,-2.194189072,0.047616120,-0.083289422,-2.188594341,ros2_odometer_state
M19C_S1_lab_hard_floor_B1_U050_R1,516.155074755,4.354378195,command,0.500000,-1.612452984,-2.030472279,-2.194189072,0.047739033,-0.083687544,-2.188137293,ros2_odometer_state
M19C_S1_lab_hard_floor_B1_U050_R1,516.156470583,4.355774023,command,0.500000,-1.612452984,-2.030472279,-2.194189072,0.047868248,-0.083972417,-2.187693596,ros2_odometer_state
M19C_S1_lab_hard_floor_B1_U050_R1,516.156972842,4.356276282,command,0.500000,-1.612452984,-2.030472279,-2.194189072,0.047868248,-0.083972417,-2.187693596,ros2_odometer_state
M19C_S1_lab_hard_floor_B1_U050_R1,516.158552293,4.357855733,command,0.500000,-1.627619267,-2.042060375,-2.187218666,0.047997691,-0.084195919,-2.187218666,ros2_odometer_state
M19C_S1_lab_hard_floor_B1_U050_R1,516.161086468,4.360389908,command,0.500000,-1.627619267,-2.042060375,-2.187218666,0.048184697,-0.084487647,-2.186068773,ros2_odometer_state
M19C_S1_lab_hard_floor_B1_U050_R1,516.162296657,4.361600097,command,0.500000,-1.627619267,-2.042060375,-2.187218666,0.048184697,-0.084487647,-2.186068773,ros2_odometer_state
M19C_S1_lab_hard_floor_B1_U050_R1,516.165189469,4.364492909,command,0.500000,-1.627619267,-2.042060375,-2.187218666,0.048163064,-0.084595270,-2.184650421,ros2_odometer_state
M19C_S1_lab_hard_floor_B1_U050_R1,516.166316904,4.365620344,command,0.500000,-1.627619267,-2.042060375,-2.187218666,0.048163064,-0.084595270,-2.184650421,ros2_odometer_state
M19C_S1_lab_hard_floor_B1_U050_R1,516.168566428,4.367869868,command,0.500000,-1.627619267,-2.042060375,-2.187218666,0.048073865,-0.084624499,-2.183929920,ros2_odometer_state
M19C_S1_lab_hard_floor_B1_U050_R1,516.170554150,4.369857590,command,0.500000,-1.627619267,-2.042060375,-2.187218666,0.047979921,-0.084751062,-2.183271646,ros2_odometer_state
M19C_S1_lab_hard_floor_B1_U050_R1,516.172476974,4.371780414,command,0.500000,-1.627619267,-2.042060375,-2.187218666,0.047890723,-0.085066773,-2.182748795,ros2_odometer_state
M19C_S1_lab_hard_floor_B1_U050_R1,516.174999597,4.374303037,command,0.500000,-1.627619267,-2.042060375,-2.187218666,0.047790650,-0.085554861,-2.182318926,ros2_odometer_state
M19C_S1_lab_hard_floor_B1_U050_R1,516.176442979,4.375746419,command,0.500000,-1.627619267,-2.042060375,-2.187218666,0.047669403,-0.086148098,-2.181859732,ros2_odometer_state
M19C_S1_lab_hard_floor_B1_U050_R1,516.178754937,4.378058377,command,0.500000,-1.642424941,-2.052390337,-2.181345463,0.047506947,-0.086740419,-2.181345463,ros2_odometer_state
M19C_S1_lab_hard_floor_B1_U050_R1,516.180766021,4.380069461,command,0.500000,-1.642424941,-2.052390337,-2.181345463,0.047304828,-0.087258190,-2.180822134,ros2_odometer_state
M19C_S1_lab_hard_floor_B1_U050_R1,516.182385953,4.381689393,command,0.500000,-1.642424941,-2.052390337,-2.181345463,0.047109652,-0.087712646,-2.180346012,ros2_odometer_state
M19C_S1_lab_hard_floor_B1_U050_R1,516.184350027,4.383653467,command,0.500000,-1.642424941,-2.052390337,-2.181345463,0.046962004,-0.088142470,-2.179970741,ros2_odometer_state
M19C_S1_lab_hard_floor_B1_U050_R1,516.187221430,4.386524870,command,0.500000,-1.642424941,-2.052390337,-2.181345463,0.046691410,-0.088927649,-2.179378033,ros2_odometer_state
M19C_S1_lab_hard_floor_B1_U050_R1,516.188338848,4.387642288,command,0.500000,-1.642424941,-2.052390337,-2.181345463,0.046691410,-0.088927649,-2.179378033,ros2_odometer_state
M19C_S1_lab_hard_floor_B1_U050_R1,516.191783265,4.391086705,command,0.500000,-1.642424941,-2.052390337,-2.181345463,0.046486188,-0.089697301,-2.178919077,ros2_odometer_state
M19C_S1_lab_hard_floor_B1_U050_R1,516.192535773,4.391839213,command,0.500000,-1.642424941,-2.052390337,-2.181345463,0.046486188,-0.089697301,-2.178919077,ros2_odometer_state
M19C_S1_lab_hard_floor_B1_U050_R1,516.194949400,4.394252840,command,0.500000,-1.642424941,-2.052390337,-2.181345463,0.046424709,-0.090118527,-2.178805590,ros2_odometer_state
M19C_S1_lab_hard_floor_B1_U050_R1,516.197301936,4.396605376,command,0.500000,-1.642424941,-2.052390337,-2.181345463,0.046411522,-0.091028020,-2.178819656,ros2_odometer_state
M19C_S1_lab_hard_floor_B1_U050_R1,516.199296410,4.398599850,command,0.500000,-1.656244397,-2.062670231,-2.178819656,0.046413407,-0.091456644,-2.178843498,ros2_odometer_state
M19C_S1_lab_hard_floor_B1_U050_R1,516.201156960,4.400460400,command,0.500000,-1.656244397,-2.062670231,-2.178819656,0.046378210,-0.091822788,-2.178799152,ros2_odometer_state
M19C_S1_lab_hard_floor_B1_U050_R1,516.203161771,4.402465211,command,0.500000,-1.656244397,-2.062670231,-2.178819656,0.046310157,-0.092126876,-2.178668976,ros2_odometer_state
M19C_S1_lab_hard_floor_B1_U050_R1,516.205147029,4.404450469,command,0.500000,-1.656244397,-2.062670231,-2.178819656,0.046247248,-0.092385910,-2.178501368,ros2_odometer_state
M19C_S1_lab_hard_floor_B1_U050_R1,516.207159105,4.406462545,command,0.500000,-1.656244397,-2.062670231,-2.178819656,0.046218518,-0.092621021,-2.178335905,ros2_odometer_state
M19C_S1_lab_hard_floor_B1_U050_R1,516.209125546,4.408428986,command,0.500000,-1.656244397,-2.062670231,-2.178819656,0.046227418,-0.092845507,-2.178220987,ros2_odometer_state
M19C_S1_lab_hard_floor_B1_U050_R1,516.211157399,4.410460839,command,0.500000,-1.656244397,-2.062670231,-2.178819656,0.046280775,-0.093092203,-2.178240538,ros2_odometer_state
M19C_S1_lab_hard_floor_B1_U050_R1,516.213132928,4.412436368,command,0.500000,-1.656244397,-2.062670231,-2.178819656,0.046361364,-0.093391873,-2.178423643,ros2_odometer_state
M19C_S1_lab_hard_floor_B1_U050_R1,516.215893448,4.415196888,command,0.500000,-1.656244397,-2.062670231,-2.178819656,0.046468187,-0.093736701,-2.178711653,ros2_odometer_state
M19C_S1_lab_hard_floor_B1_U050_R1,516.220567575,4.419871015,command,0.500000,-1.656244397,-2.062670231,-2.178819656,0.046596058,-0.094087191,-2.179027319,ros2_odometer_state
M19C_S1_lab_hard_floor_B1_U050_R1,516.222779146,4.422082586,command,0.500000,-1.669130206,-2.073100805,-2.179027319,0.046727523,-0.094403557,-2.179325104,ros2_odometer_state
M19C_S1_lab_hard_floor_B1_U050_R1,516.223692012,4.422995452,command,0.500000,-1.669130206,-2.073100805,-2.179027319,0.046860348,-0.094667703,-2.179590464,ros2_odometer_state
M19C_S1_lab_hard_floor_B1_U050_R1,516.224791605,4.424095045,command,0.500000,-1.669130206,-2.073100805,-2.179027319,0.046977837,-0.094869502,-2.179796696,ros2_odometer_state
M19C_S1_lab_hard_floor_B1_U050_R1,516.225634261,4.424937701,command,0.500000,-1.669130206,-2.073100805,-2.179027319,0.047078535,-0.095008694,-2.179930925,ros2_odometer_state
M19C_S1_lab_hard_floor_B1_U050_R1,516.227135373,4.426438813,command,0.500000,-1.669130206,-2.073100805,-2.179027319,0.047209606,-0.095147349,-2.180090427,ros2_odometer_state
M19C_S1_lab_hard_floor_B1_U050_R1,516.229168793,4.428472233,command,0.500000,-1.669130206,-2.073100805,-2.179027319,0.047426563,-0.095376365,-2.180435658,ros2_odometer_state
M19C_S1_lab_hard_floor_B1_U050_R1,516.231156995,4.430460435,command,0.500000,-1.669130206,-2.073100805,-2.179027319,0.047736544,-0.095722154,-2.180958271,ros2_odometer_state
M19C_S1_lab_hard_floor_B1_U050_R1,516.233163118,4.432466558,command,0.500000,-1.669130206,-2.073100805,-2.179027319,0.048075549,-0.096101239,-2.181426048,ros2_odometer_state
M19C_S1_lab_hard_floor_B1_U050_R1,516.235785777,4.435089217,command,0.500000,-1.669130206,-2.073100805,-2.179027319,0.048371103,-0.096386857,-2.181731701,ros2_odometer_state
M19C_S1_lab_hard_floor_B1_U050_R1,516.237857150,4.437160590,command,0.500000,-1.669130206,-2.073100805,-2.179027319,0.048617374,-0.096572310,-2.181971788,ros2_odometer_state
M19C_S1_lab_hard_floor_B1_U050_R1,516.239504668,4.438808108,command,0.500000,-1.679632187,-2.083717346,-2.181971788,0.048877489,-0.096719563,-2.182250977,ros2_odometer_state
M19C_S1_lab_hard_floor_B1_U050_R1,516.240562883,4.439866323,command,0.500000,-1.679632187,-2.083717346,-2.181971788,0.048877489,-0.096719563,-2.182250977,ros2_odometer_state
M19C_S1_lab_hard_floor_B1_U050_R1,516.243252776,4.442556216,command,0.500000,-1.679632187,-2.083717346,-2.181971788,0.049530994,-0.097000077,-2.183069706,ros2_odometer_state
M19C_S1_lab_hard_floor_B1_U050_R1,516.245259315,4.444562755,command,0.500000,-1.679632187,-2.083717346,-2.181971788,0.049866546,-0.097109355,-2.183543921,ros2_odometer_state
M19C_S1_lab_hard_floor_B1_U050_R1,516.246485729,4.445789169,command,0.500000,-1.679632187,-2.083717346,-2.181971788,0.049866546,-0.097109355,-2.183543921,ros2_odometer_state
M19C_S1_lab_hard_floor_B1_U050_R1,516.249194407,4.448497847,command,0.500000,-1.679632187,-2.083717346,-2.181971788,0.050443061,-0.097299159,-2.184473276,ros2_odometer_state
M19C_S1_lab_hard_floor_B1_U050_R1,516.251209906,4.450513346,command,0.500000,-1.679632187,-2.083717346,-2.181971788,0.050690517,-0.097414806,-2.184951305,ros2_odometer_state
M19C_S1_lab_hard_floor_B1_U050_R1,516.253211933,4.452515373,command,0.500000,-1.679632187,-2.083717346,-2.181971788,0.050939389,-0.097563669,-2.185473204,ros2_odometer_state
M19C_S1_lab_hard_floor_B1_U050_R1,516.256238190,4.455541630,command,0.500000,-1.679632187,-2.083717346,-2.181971788,0.051196773,-0.097727492,-2.186022043,ros2_odometer_state
M19C_S1_lab_hard_floor_B1_U050_R1,516.257064237,4.456367677,command,0.500000,-1.679632187,-2.083717346,-2.181971788,0.051196773,-0.097727492,-2.186022043,ros2_odometer_state
M19C_S1_lab_hard_floor_B1_U050_R1,516.259370884,4.458674324,command,0.500000,-1.689331055,-2.096751928,-2.186532974,0.051663324,-0.097980514,-2.186990976,ros2_odometer_state
M19C_S1_lab_hard_floor_B1_U050_R1,516.261275755,4.460579195,command,0.500000,-1.689331055,-2.096751928,-2.186532974,0.051859319,-0.098027684,-2.187415600,ros2_odometer_state
M19C_S1_lab_hard_floor_B1_U050_R1,516.263227668,4.462531108,command,0.500000,-1.689331055,-2.096751928,-2.186532974,0.052022152,-0.098037623,-2.187852621,ros2_odometer_state
M19C_S1_lab_hard_floor_B1_U050_R1,516.264530565,4.463834005,command,0.500000,-1.689331055,-2.096751928,-2.186532974,0.052022152,-0.098037623,-2.187852621,ros2_odometer_state
M19C_S1_lab_hard_floor_B1_U050_R1,516.267557462,4.466860902,command,0.500000,-1.689331055,-2.096751928,-2.186532974,0.052331343,-0.098046347,-2.188914537,ros2_odometer_state
M19C_S1_lab_hard_floor_B1_U050_R1,516.269247477,4.468550917,command,0.500000,-1.689331055,-2.096751928,-2.186532974,0.052479304,-0.098044425,-2.189469576,ros2_odometer_state
M19C_S1_lab_hard_floor_B1_U050_R1,516.271274305,4.470577745,command,0.500000,-1.689331055,-2.096751928,-2.186532974,0.052624520,-0.098023564,-2.189963102,ros2_odometer_state
M19C_S1_lab_hard_floor_B1_U050_R1,516.273619961,4.472923401,command,0.500000,-1.689331055,-2.096751928,-2.186532974,0.052781295,-0.097976714,-2.190390587,ros2_odometer_state
M19C_S1_lab_hard_floor_B1_U050_R1,516.275231029,4.474534469,command,0.500000,-1.689331055,-2.096751928,-2.186532974,0.052781295,-0.097976714,-2.190390587,ros2_odometer_state
M19C_S1_lab_hard_floor_B1_U050_R1,516.276675723,4.475979163,command,0.500000,-1.689331055,-2.096751928,-2.186532974,0.052925643,-0.097930975,-2.190787792,ros2_odometer_state
M19C_S1_lab_hard_floor_B1_U050_R1,516.279386097,4.478689537,command,0.500000,-1.697938919,-2.106466770,-2.191183567,0.053059250,-0.097919308,-2.191582918,ros2_odometer_state
M19C_S1_lab_hard_floor_B1_U050_R1,516.281308761,4.480612201,command,0.500000,-1.697938919,-2.106466770,-2.191183567,0.053021461,-0.097925402,-2.191967010,ros2_odometer_state
M19C_S1_lab_hard_floor_B1_U050_R1,516.283387271,4.482690711,command,0.500000,-1.697938919,-2.106466770,-2.191183567,0.052933436,-0.097902879,-2.192322016,ros2_odometer_state
M19C_S1_lab_hard_floor_B1_U050_R1,516.285310447,4.484613887,command,0.500000,-1.697938919,-2.106466770,-2.191183567,0.052800622,-0.097840309,-2.192629337,ros2_odometer_state
M19C_S1_lab_hard_floor_B1_U050_R1,516.287321146,4.486624586,command,0.500000,-1.697938919,-2.106466770,-2.191183567,0.052648649,-0.097758189,-2.192863703,ros2_odometer_state
M19C_S1_lab_hard_floor_B1_U050_R1,516.289891130,4.489194570,command,0.500000,-1.697938919,-2.106466770,-2.191183567,0.052491754,-0.097667478,-2.193026304,ros2_odometer_state
M19C_S1_lab_hard_floor_B1_U050_R1,516.291363377,4.490666817,command,0.500000,-1.697938919,-2.106466770,-2.191183567,0.052339338,-0.097567275,-2.193120241,ros2_odometer_state
M19C_S1_lab_hard_floor_B1_U050_R1,516.293313690,4.492617130,command,0.500000,-1.697938919,-2.106466770,-2.191183567,0.052186605,-0.097477987,-2.193187952,ros2_odometer_state
M19C_S1_lab_hard_floor_B1_U050_R1,516.295945405,4.495248845,command,0.500000,-1.697938919,-2.106466770,-2.191183567,0.052010305,-0.097415656,-2.193271399,ros2_odometer_state
M19C_S1_lab_hard_floor_B1_U050_R1,516.297462134,4.496765574,command,0.500000,-1.697938919,-2.106466770,-2.191183567,0.051806342,-0.097392239,-2.193376303,ros2_odometer_state
M19C_S1_lab_hard_floor_B1_U050_R1,516.299411967,4.498715407,command,0.500000,-1.706367970,-2.116609812,-2.193376303,0.051578142,-0.097401887,-2.193507195,ros2_odometer_state
M19C_S1_lab_hard_floor_B1_U050_R1,516.301674963,4.500978403,command,0.500000,-1.706367970,-2.116609812,-2.193376303,0.051315870,-0.097420156,-2.193632364,ros2_odometer_state
M19C_S1_lab_hard_floor_B1_U050_R1,516.303376435,4.502679875,command,0.500000,-1.706367970,-2.116609812,-2.193376303,0.051009983,-0.097438000,-2.193703651,ros2_odometer_state
M19C_S1_lab_hard_floor_B1_U050_R1,516.305460993,4.504764433,command,0.500000,-1.706367970,-2.116609812,-2.193376303,0.050657280,-0.097446673,-2.193695784,ros2_odometer_state
M19C_S1_lab_hard_floor_B1_U050_R1,516.307337479,4.506640919,command,0.500000,-1.706367970,-2.116609812,-2.193376303,0.050288197,-0.097461455,-2.193601847,ros2_odometer_state
M19C_S1_lab_hard_floor_B1_U050_R1,516.309394452,4.508697892,command,0.500000,-1.706367970,-2.116609812,-2.193376303,0.049927313,-0.097493261,-2.193379402,ros2_odometer_state
M19C_S1_lab_hard_floor_B1_U050_R1,516.311596903,4.510900343,command,0.500000,-1.706367970,-2.116609812,-2.193376303,0.049574837,-0.097541094,-2.193024874,ros2_odometer_state
M19C_S1_lab_hard_floor_B1_U050_R1,516.312752306,4.512055746,command,0.500000,-1.706367970,-2.116609812,-2.193376303,0.049574837,-0.097541094,-2.193024874,ros2_odometer_state
M19C_S1_lab_hard_floor_B1_U050_R1,516.316121872,4.515425312,command,0.500000,-1.706367970,-2.116609812,-2.193376303,0.048874203,-0.097595684,-2.192274809,ros2_odometer_state
M19C_S1_lab_hard_floor_B1_U050_R1,516.316922478,4.516225918,command,0.500000,-1.706367970,-2.116609812,-2.193376303,0.048874203,-0.097595684,-2.192274809,ros2_odometer_state
M19C_S1_lab_hard_floor_B1_U050_R1,516.319492015,4.518795455,command,0.500000,-1.717778206,-2.127436638,-2.191980600,0.048111092,-0.097678572,-2.191679955,ros2_odometer_state
M19C_S1_lab_hard_floor_B1_U050_R1,516.321486489,4.520789929,command,0.500000,-1.717778206,-2.127436638,-2.191980600,0.047667995,-0.097795054,-2.191349745,ros2_odometer_state
M19C_S1_lab_hard_floor_B1_U050_R1,516.323428386,4.522731826,command,0.500000,-1.717778206,-2.127436638,-2.191980600,0.047175869,-0.097951978,-2.191017866,ros2_odometer_state
M19C_S1_lab_hard_floor_B1_U050_R1,516.324681009,4.523984449,command,0.500000,-1.717778206,-2.127436638,-2.191980600,0.047175869,-0.097951978,-2.191017866,ros2_odometer_state
M19C_S1_lab_hard_floor_B1_U050_R1,516.326717725,4.526021165,command,0.500000,-1.717778206,-2.127436638,-2.191980600,0.046636738,-0.098134801,-2.190671206,ros2_odometer_state
M19C_S1_lab_hard_floor_B1_U050_R1,516.329534919,4.528838359,command,0.500000,-1.717778206,-2.127436638,-2.191980600,0.045519475,-0.098542251,-2.189725876,ros2_odometer_state
M19C_S1_lab_hard_floor_B1_U050_R1,516.331418861,4.530722301,command,0.500000,-1.717778206,-2.127436638,-2.191980600,0.045001734,-0.098719195,-2.189131737,ros2_odometer_state
M19C_S1_lab_hard_floor_B1_U050_R1,516.333356854,4.532660294,command,0.500000,-1.717778206,-2.127436638,-2.191980600,0.044555571,-0.098849081,-2.188553333,ros2_odometer_state
M19C_S1_lab_hard_floor_B1_U050_R1,516.335926518,4.535229958,command,0.500000,-1.717778206,-2.127436638,-2.191980600,0.044160042,-0.098931633,-2.188066959,ros2_odometer_state
M19C_S1_lab_hard_floor_B1_U050_R1,516.337456623,4.536760063,command,0.500000,-1.717778206,-2.127436638,-2.191980600,0.043788172,-0.099003181,-2.187638760,ros2_odometer_state
M19C_S1_lab_hard_floor_B1_U050_R1,516.338689501,4.537992941,command,0.500000,-1.728811860,-2.136950493,-2.187638760,0.043788172,-0.099003181,-2.187638760,ros2_odometer_state
M19C_S1_lab_hard_floor_B1_U050_R1,516.341678989,4.540982429,command,0.500000,-1.728811860,-2.136950493,-2.187638760,0.043007165,-0.099206254,-2.186824560,ros2_odometer_state
M19C_S1_lab_hard_floor_B1_U050_R1,516.344656637,4.543960077,command,0.500000,-1.728811860,-2.136950493,-2.187638760,0.043007165,-0.099206254,-2.186824560,ros2_odometer_state
M19C_S1_lab_hard_floor_B1_U050_R1,516.345686563,4.544990003,command,0.500000,-1.728811860,-2.136950493,-2.187638760,0.042586289,-0.099346042,-2.186409950,ros2_odometer_state
M19C_S1_lab_hard_floor_B1_U050_R1,516.346654023,4.545957463,command,0.500000,-1.728811860,-2.136950493,-2.187638760,0.042140834,-0.099483080,-2.185951233,ros2_odometer_state
M19C_S1_lab_hard_floor_B1_U050_R1,516.349364653,4.548668093,command,0.500000,-1.728811860,-2.136950493,-2.187638760,0.041132428,-0.099651679,-2.184799194,ros2_odometer_state
M19C_S1_lab_hard_floor_B1_U050_R1,516.350608412,4.549911852,command,0.500000,-1.728811860,-2.136950493,-2.187638760,0.041132428,-0.099651679,-2.184799194,ros2_odometer_state
M19C_S1_lab_hard_floor_B1_U050_R1,516.353380483,4.552683923,command,0.500000,-1.728811860,-2.136950493,-2.187638760,0.039918188,-0.099547297,-2.183539867,ros2_odometer_state
M19C_S1_lab_hard_floor_B1_U050_R1,516.356228526,4.555531966,command,0.500000,-1.728811860,-2.136950493,-2.187638760,0.039306689,-0.099433541,-2.182975292,ros2_odometer_state
M19C_S1_lab_hard_floor_B1_U050_R1,516.357563552,4.556866992,command,0.500000,-1.728811860,-2.136950493,-2.187638760,0.038714919,-0.099326864,-2.182416439,ros2_odometer_state
M19C_S1_lab_hard_floor_B1_U050_R1,516.359467847,4.558771287,command,0.500000,-1.740360618,-2.146159887,-2.182416439,0.038175564,-0.099260166,-2.181856871,ros2_odometer_state
M19C_S1_lab_hard_floor_B1_U050_R1,516.361435857,4.560739297,command,0.500000,-1.740360618,-2.146159887,-2.182416439,0.037684478,-0.099253424,-2.181311607,ros2_odometer_state
M19C_S1_lab_hard_floor_B1_U050_R1,516.363374617,4.562678057,command,0.500000,-1.740360618,-2.146159887,-2.182416439,0.037226051,-0.099293478,-2.180820942,ros2_odometer_state
M19C_S1_lab_hard_floor_B1_U050_R1,516.365730578,4.565034018,command,0.500000,-1.740360618,-2.146159887,-2.182416439,0.036767080,-0.099355184,-2.180417299,ros2_odometer_state
M19C_S1_lab_hard_floor_B1_U050_R1,516.367842081,4.567145521,command,0.500000,-1.740360618,-2.146159887,-2.182416439,0.036303960,-0.099424206,-2.180058002,ros2_odometer_state
M19C_S1_lab_hard_floor_B1_U050_R1,516.368739170,4.568042610,command,0.500000,-1.740360618,-2.146159887,-2.182416439,0.036303960,-0.099424206,-2.180058002,ros2_odometer_state
M19C_S1_lab_hard_floor_B1_U050_R1,516.371462504,4.570765944,command,0.500000,-1.740360618,-2.146159887,-2.182416439,0.035423514,-0.099456556,-2.179420233,ros2_odometer_state
M19C_S1_lab_hard_floor_B1_U050_R1,516.373443218,4.572746658,command,0.500000,-1.740360618,-2.146159887,-2.182416439,0.034999136,-0.099374190,-2.179162502,ros2_odometer_state
M19C_S1_lab_hard_floor_B1_U050_R1,516.376180985,4.575484425,command,0.500000,-1.740360618,-2.146159887,-2.182416439,0.034577951,-0.099234968,-2.178925514,ros2_odometer_state
M19C_S1_lab_hard_floor_B1_U050_R1,516.377653552,4.576956992,command,0.500000,-1.740360618,-2.146159887,-2.182416439,0.034162708,-0.099067606,-2.178714752,ros2_odometer_state
M19C_S1_lab_hard_floor_B1_U050_R1,516.378805147,4.578108587,command,0.500000,-1.750393033,-2.154514313,-2.178714752,0.034162708,-0.099067606,-2.178714752,ros2_odometer_state
M19C_S1_lab_hard_floor_B1_U050_R1,516.381431902,4.580735342,command,0.500000,-1.750393033,-2.154514313,-2.178714752,0.033338405,-0.098797455,-2.178317308,ros2_odometer_state
M19C_S1_lab_hard_floor_B1_U050_R1,516.383428040,4.582731480,command,0.500000,-1.750393033,-2.154514313,-2.178714752,0.032939438,-0.098690242,-2.178071260,ros2_odometer_state
M19C_S1_lab_hard_floor_B1_U050_R1,516.385574617,4.584878057,command,0.500000,-1.750393033,-2.154514313,-2.178714752,0.032582816,-0.098576717,-2.177822113,ros2_odometer_state
M19C_S1_lab_hard_floor_B1_U050_R1,516.387413309,4.586716749,command,0.500000,-1.750393033,-2.154514313,-2.178714752,0.032280605,-0.098435901,-2.177576303,ros2_odometer_state
M19C_S1_lab_hard_floor_B1_U050_R1,516.389435529,4.588738969,command,0.500000,-1.750393033,-2.154514313,-2.178714752,0.032004673,-0.098236792,-2.177354574,ros2_odometer_state
M19C_S1_lab_hard_floor_B1_U050_R1,516.391414451,4.590717891,command,0.500000,-1.750393033,-2.154514313,-2.178714752,0.031725552,-0.097957127,-2.177172899,ros2_odometer_state
M19C_S1_lab_hard_floor_B1_U050_R1,516.394657549,4.593960989,command,0.500000,-1.750393033,-2.154514313,-2.178714752,0.031431600,-0.097601384,-2.177038431,ros2_odometer_state
M19C_S1_lab_hard_floor_B1_U050_R1,516.396291530,4.595594970,command,0.500000,-1.750393033,-2.154514313,-2.178714752,0.031117594,-0.097204432,-2.176961184,ros2_odometer_state
M19C_S1_lab_hard_floor_B1_U050_R1,516.397001476,4.596304916,command,0.500000,-1.750393033,-2.154514313,-2.178714752,0.031117594,-0.097204432,-2.176961184,ros2_odometer_state
M19C_S1_lab_hard_floor_B1_U050_R1,516.399807502,4.599110942,command,0.500000,-1.760268331,-2.164724112,-2.176897287,0.030422423,-0.096450061,-2.176812410,ros2_odometer_state
M19C_S1_lab_hard_floor_B1_U050_R1,516.401647666,4.600951106,command,0.500000,-1.760268331,-2.164724112,-2.176897287,0.030131750,-0.096132971,-2.176733971,ros2_odometer_state
M19C_S1_lab_hard_floor_B1_U050_R1,516.403896711,4.603200151,command,0.500000,-1.760268331,-2.164724112,-2.176897287,0.029880308,-0.095830426,-2.176683426,ros2_odometer_state
M19C_S1_lab_hard_floor_B1_U050_R1,516.405893425,4.605196865,command,0.500000,-1.760268331,-2.164724112,-2.176897287,0.029646669,-0.095515892,-2.176635742,ros2_odometer_state
M19C_S1_lab_hard_floor_B1_U050_R1,516.407988896,4.607292336,command,0.500000,-1.760268331,-2.164724112,-2.176897287,0.029405227,-0.095170312,-2.176578760,ros2_odometer_state
M19C_S1_lab_hard_floor_B1_U050_R1,516.409709344,4.609012784,command,0.500000,-1.760268331,-2.164724112,-2.176897287,0.029126633,-0.094777577,-2.176544666,ros2_odometer_state
M19C_S1_lab_hard_floor_B1_U050_R1,516.412349059,4.611652499,command,0.500000,-1.760268331,-2.164724112,-2.176897287,0.028808909,-0.094348602,-2.176533699,ros2_odometer_state
M19C_S1_lab_hard_floor_B1_U050_R1,516.413025724,4.612329164,command,0.500000,-1.760268331,-2.164724112,-2.176897287,0.028808909,-0.094348602,-2.176533699,ros2_odometer_state
M19C_S1_lab_hard_floor_B1_U050_R1,516.416361657,4.615665097,command,0.500000,-1.760268331,-2.164724112,-2.176897287,0.028128639,-0.093415879,-2.176535130,ros2_odometer_state
M19C_S1_lab_hard_floor_B1_U050_R1,516.417039987,4.616343427,command,0.500000,-1.760268331,-2.164724112,-2.176897287,0.028128639,-0.093415879,-2.176535130,ros2_odometer_state
M19C_S1_lab_hard_floor_B1_U050_R1,516.419890749,4.619194189,command,0.500000,-1.766845107,-2.174955606,-2.176539183,0.027521657,-0.092357375,-2.176602840,ros2_odometer_state
M19C_S1_lab_hard_floor_B1_U050_R1,516.420965734,4.620269174,command,0.500000,-1.766845107,-2.174955606,-2.176539183,0.027521657,-0.092357375,-2.176602840,ros2_odometer_state
M19C_S1_lab_hard_floor_B1_U050_R1,516.422951760,4.622255200,command,0.500000,-1.766845107,-2.174955606,-2.176539183,0.027246986,-0.091785222,-2.176729679,ros2_odometer_state
M19C_S1_lab_hard_floor_B1_U050_R1,516.425637173,4.624940613,command,0.500000,-1.766845107,-2.174955606,-2.176539183,0.026658701,-0.090566382,-2.177027702,ros2_odometer_state
M19C_S1_lab_hard_floor_B1_U050_R1,516.427516251,4.626819691,command,0.500000,-1.766845107,-2.174955606,-2.176539183,0.026338739,-0.089920424,-2.177176714,ros2_odometer_state
M19C_S1_lab_hard_floor_B1_U050_R1,516.429707597,4.629011037,command,0.500000,-1.766845107,-2.174955606,-2.176539183,0.026000483,-0.089247741,-2.177322626,ros2_odometer_state
M19C_S1_lab_hard_floor_B1_U050_R1,516.431522929,4.630826369,command,0.500000,-1.766845107,-2.174955606,-2.176539183,0.025648830,-0.088559672,-2.177470446,ros2_odometer_state
M19C_S1_lab_hard_floor_B1_U050_R1,516.433523356,4.632826796,command,0.500000,-1.766845107,-2.174955606,-2.176539183,0.025268823,-0.087859362,-2.177617550,ros2_odometer_state
M19C_S1_lab_hard_floor_B1_U050_R1,516.436156382,4.635459822,command,0.500000,-1.766845107,-2.174955606,-2.176539183,0.024866767,-0.087137163,-2.177776575,ros2_odometer_state
M19C_S1_lab_hard_floor_B1_U050_R1,516.437617269,4.636920709,command,0.500000,-1.766845107,-2.174955606,-2.176539183,0.024456751,-0.086398125,-2.177968502,ros2_odometer_state
M19C_S1_lab_hard_floor_B1_U050_R1,516.439646689,4.638950129,command,0.500000,-1.774255753,-2.184975863,-2.177968502,0.024034694,-0.085664496,-2.178183794,ros2_odometer_state
M19C_S1_lab_hard_floor_B1_U050_R1,516.441616555,4.640919995,command,0.500000,-1.774255753,-2.184975863,-2.177968502,0.023608012,-0.084935479,-2.178433418,ros2_odometer_state
M19C_S1_lab_hard_floor_B1_U050_R1,516.443594613,4.642898053,command,0.500000,-1.774255753,-2.184975863,-2.177968502,0.023165893,-0.084210418,-2.178701639,ros2_odometer_state
M19C_S1_lab_hard_floor_B1_U050_R1,516.446390046,4.645693486,command,0.500000,-1.774255753,-2.184975863,-2.177968502,0.022684170,-0.083487578,-2.178986788,ros2_odometer_state
M19C_S1_lab_hard_floor_B1_U050_R1,516.449063394,4.648366834,command,0.500000,-1.774255753,-2.184975863,-2.177968502,0.022154592,-0.082761027,-2.179279327,ros2_odometer_state
M19C_S1_lab_hard_floor_B1_U050_R1,516.449914658,4.649218098,command,0.500000,-1.774255753,-2.184975863,-2.177968502,0.021573171,-0.082025580,-2.179582596,ros2_odometer_state
M19C_S1_lab_hard_floor_B1_U050_R1,516.451613377,4.650916817,command,0.500000,-1.774255753,-2.184975863,-2.177968502,0.020955099,-0.081265762,-2.179910183,ros2_odometer_state
M19C_S1_lab_hard_floor_B1_U050_R1,516.453617612,4.652921052,command,0.500000,-1.774255753,-2.184975863,-2.177968502,0.020328451,-0.080468252,-2.180290461,ros2_odometer_state
M19C_S1_lab_hard_floor_B1_U050_R1,516.456406741,4.655710181,command,0.500000,-1.774255753,-2.184975863,-2.177968502,0.019729640,-0.079652682,-2.180734396,ros2_odometer_state
M19C_S1_lab_hard_floor_B1_U050_R1,516.457689285,4.656992725,command,0.500000,-1.774255753,-2.184975863,-2.177968502,0.019150425,-0.078858696,-2.181226969,ros2_odometer_state
M19C_S1_lab_hard_floor_B1_U050_R1,516.460039261,4.659342701,command,0.500000,-1.781281710,-2.194563627,-2.181226969,0.018617261,-0.078182690,-2.181903124,ros2_odometer_state
M19C_S1_lab_hard_floor_B1_U050_R1,516.461664889,4.660968329,command,0.500000,-1.781281710,-2.194563627,-2.181226969,0.018310593,-0.077709086,-2.183022022,ros2_odometer_state
M19C_S1_lab_hard_floor_B1_U050_R1,516.463600994,4.662904434,command,0.500000,-1.781281710,-2.194563627,-2.181226969,0.018212492,-0.077336244,-2.184268951,ros2_odometer_state
M19C_S1_lab_hard_floor_B1_U050_R1,516.465579948,4.664883388,command,0.500000,-1.781281710,-2.194563627,-2.181226969,0.018151047,-0.076992474,-2.185354233,ros2_odometer_state
M19C_S1_lab_hard_floor_B1_U050_R1,516.467606648,4.666910088,command,0.500000,-1.781281710,-2.194563627,-2.181226969,0.018171115,-0.076697305,-2.186494112,ros2_odometer_state
M19C_S1_lab_hard_floor_B1_U050_R1,516.468859143,4.668162583,command,0.500000,-1.781281710,-2.194563627,-2.181226969,0.018171115,-0.076697305,-2.186494112,ros2_odometer_state
M19C_S1_lab_hard_floor_B1_U050_R1,516.470864370,4.670167810,command,0.500000,-1.781281710,-2.194563627,-2.181226969,0.018270018,-0.076358348,-2.187763214,ros2_odometer_state
M19C_S1_lab_hard_floor_B1_U050_R1,516.473943621,4.673247061,command,0.500000,-1.781281710,-2.194563627,-2.181226969,0.018445063,-0.075174160,-2.190330267,ros2_odometer_state
M19C_S1_lab_hard_floor_B1_U050_R1,516.476351455,4.675654895,command,0.500000,-1.781281710,-2.194563627,-2.181226969,0.018606406,-0.074176237,-2.191506624,ros2_odometer_state
M19C_S1_lab_hard_floor_B1_U050_R1,516.477999197,4.677302637,command,0.500000,-1.781281710,-2.194563627,-2.181226969,0.018771924,-0.072909705,-2.192690611,ros2_odometer_state
M19C_S1_lab_hard_floor_B1_U050_R1,516.479948166,4.679251606,command,0.500000,-1.788414836,-2.206259012,-2.192690611,0.018935211,-0.071459182,-2.193875313,ros2_odometer_state
M19C_S1_lab_hard_floor_B1_U050_R1,516.483172607,4.682476047,command,0.500000,-1.788414836,-2.206259012,-2.192690611,0.019091083,-0.069878794,-2.194973707,ros2_odometer_state
M19C_S1_lab_hard_floor_B1_U050_R1,516.485202699,4.684506139,command,0.500000,-1.788414836,-2.206259012,-2.192690611,0.019091083,-0.069878794,-2.194973707,ros2_odometer_state
M19C_S1_lab_hard_floor_B1_U050_R1,516.486194256,4.685497696,command,0.500000,-1.788414836,-2.206259012,-2.192690611,0.019246742,-0.068321161,-2.195961475,ros2_odometer_state
M19C_S1_lab_hard_floor_B1_U050_R1,516.487435806,4.686739246,command,0.500000,-1.788414836,-2.206259012,-2.192690611,0.019461785,-0.066852018,-2.196923971,ros2_odometer_state
M19C_S1_lab_hard_floor_B1_U050_R1,516.489028794,4.688332234,command,0.500000,-1.788414836,-2.206259012,-2.192690611,0.019755658,-0.065453038,-2.197941780,ros2_odometer_state
M19C_S1_lab_hard_floor_B1_U050_R1,516.491045381,4.690348821,command,0.500000,-1.788414836,-2.206259012,-2.192690611,0.020092575,-0.064107627,-2.199009895,ros2_odometer_state
M19C_S1_lab_hard_floor_B1_U050_R1,516.493007311,4.692310751,command,0.500000,-1.788414836,-2.206259012,-2.192690611,0.020408455,-0.062833846,-2.200090647,ros2_odometer_state
M19C_S1_lab_hard_floor_B1_U050_R1,516.497939944,4.697243384,command,0.500000,-1.788414836,-2.206259012,-2.192690611,0.020747410,-0.060364146,-2.202393055,ros2_odometer_state
M19C_S1_lab_hard_floor_B1_U050_R1,516.498910476,4.698213916,command,0.500000,-1.788414836,-2.206259012,-2.192690611,0.020794787,-0.059082538,-2.203614235,ros2_odometer_state
M19C_S1_lab_hard_floor_B1_U050_R1,516.499269593,4.698573033,command,0.500000,-1.792341471,-2.217108250,-2.203614235,0.020794787,-0.059082538,-2.203614235,ros2_odometer_state
M19C_S1_lab_hard_floor_B1_U050_R1,516.502012672,4.701316112,command,0.500000,-1.792341471,-2.217108250,-2.203614235,0.020776205,-0.056453522,-2.205812454,ros2_odometer_state
M19C_S1_lab_hard_floor_B1_U050_R1,516.503872582,4.703176022,command,0.500000,-1.792341471,-2.217108250,-2.203614235,0.020659400,-0.055112869,-2.206873178,ros2_odometer_state
M19C_S1_lab_hard_floor_B1_U050_R1,516.505867664,4.705171104,command,0.500000,-1.792341471,-2.217108250,-2.203614235,0.020490732,-0.053793088,-2.207903147,ros2_odometer_state
M19C_S1_lab_hard_floor_B1_U050_R1,516.506980890,4.706284330,command,0.500000,-1.792341471,-2.217108250,-2.203614235,0.020490732,-0.053793088,-2.207903147,ros2_odometer_state
M19C_S1_lab_hard_floor_B1_U050_R1,516.509013222,4.708316662,command,0.500000,-1.792341471,-2.217108250,-2.203614235,0.020244272,-0.052503064,-2.208803415,ros2_odometer_state
M19C_S1_lab_hard_floor_B1_U050_R1,516.511249594,4.710553034,command,0.500000,-1.792341471,-2.217108250,-2.203614235,0.019896800,-0.051226269,-2.209524393,ros2_odometer_state
M19C_S1_lab_hard_floor_B1_U050_R1,516.513374089,4.712677529,command,0.500000,-1.792341471,-2.217108250,-2.203614235,0.019457253,-0.049953431,-2.210073948,ros2_odometer_state
M19C_S1_lab_hard_floor_B1_U050_R1,516.517138006,4.716441446,command,0.500000,-1.792341471,-2.217108250,-2.203614235,0.018434448,-0.047467057,-2.210989714,ros2_odometer_state
M19C_S1_lab_hard_floor_B1_U050_R1,516.517500612,4.716804052,command,0.500000,-1.792341471,-2.217108250,-2.203614235,0.018434448,-0.047467057,-2.210989714,ros2_odometer_state
M19C_S1_lab_hard_floor_B1_U050_R1,516.519980225,4.719283665,command,0.500000,-1.795768380,-2.225754976,-2.211451054,0.017335327,-0.045176957,-2.212031364,ros2_odometer_state
M19C_S1_lab_hard_floor_B1_U050_R1,516.522056366,4.721359806,command,0.500000,-1.795768380,-2.225754976,-2.211451054,0.016742324,-0.044020124,-2.212804556,ros2_odometer_state
M19C_S1_lab_hard_floor_B1_U050_R1,516.524678193,4.723981633,command,0.500000,-1.795768380,-2.225754976,-2.211451054,0.016092632,-0.042772889,-2.213703632,ros2_odometer_state
M19C_S1_lab_hard_floor_B1_U050_R1,516.525730360,4.725033800,command,0.500000,-1.795768380,-2.225754976,-2.211451054,0.015373049,-0.041499056,-2.214571476,ros2_odometer_state
M19C_S1_lab_hard_floor_B1_U050_R1,516.527882569,4.727186009,command,0.500000,-1.795768380,-2.225754976,-2.211451054,0.014591306,-0.040354356,-2.215409040,ros2_odometer_state
M19C_S1_lab_hard_floor_B1_U050_R1,516.529175353,4.728478793,command,0.500000,-1.795768380,-2.225754976,-2.211451054,0.014591306,-0.040354356,-2.215409040,ros2_odometer_state
M19C_S1_lab_hard_floor_B1_U050_R1,516.531208229,4.730511669,command,0.500000,-1.795768380,-2.225754976,-2.211451054,0.013775926,-0.039378569,-2.216297150,ros2_odometer_state
M19C_S1_lab_hard_floor_B1_U050_R1,516.533230129,4.732533569,command,0.500000,-1.795768380,-2.225754976,-2.211451054,0.012955829,-0.038575824,-2.217180252,ros2_odometer_state
M19C_S1_lab_hard_floor_B1_U050_R1,516.535705293,4.735008733,command,0.500000,-1.795768380,-2.225754976,-2.211451054,0.012144133,-0.037910938,-2.218015194,ros2_odometer_state
M19C_S1_lab_hard_floor_B1_U050_R1,516.537253607,4.736557047,command,0.500000,-1.795768380,-2.225754976,-2.211451054,0.011349065,-0.037397619,-2.218826771,ros2_odometer_state
M19C_S1_lab_hard_floor_B1_U050_R1,516.539309364,4.738612804,command,0.500000,-1.801301599,-2.233554602,-2.219703674,0.010551606,-0.037005503,-2.219703674,ros2_odometer_state
M19C_S1_lab_hard_floor_B1_U050_R1,516.541194299,4.740497739,command,0.500000,-1.801301599,-2.233554602,-2.219703674,0.009762235,-0.036663558,-2.220746756,ros2_odometer_state
M19C_S1_lab_hard_floor_B1_U050_R1,516.543844926,4.743148366,command,0.500000,-1.801301599,-2.233554602,-2.219703674,0.008205908,-0.035908286,-2.223123312,ros2_odometer_state
M19C_S1_lab_hard_floor_B1_U050_R1,516.545088077,4.744391517,command,0.500000,-1.801301599,-2.233554602,-2.219703674,0.008205908,-0.035908286,-2.223123312,ros2_odometer_state
M19C_S1_lab_hard_floor_B1_U050_R1,516.548426890,4.747730330,command,0.500000,-1.801301599,-2.233554602,-2.219703674,0.006501187,-0.035253339,-2.225426912,ros2_odometer_state
M19C_S1_lab_hard_floor_B1_U050_R1,516.549093379,4.748396819,command,0.500000,-1.801301599,-2.233554602,-2.219703674,0.006501187,-0.035253339,-2.225426912,ros2_odometer_state
M19C_S1_lab_hard_floor_B1_U050_R1,516.551260980,4.750564420,command,0.500000,-1.801301599,-2.233554602,-2.219703674,0.005604478,-0.035069924,-2.226484060,ros2_odometer_state
M19C_S1_lab_hard_floor_B1_U050_R1,516.553248734,4.752552174,command,0.500000,-1.801301599,-2.233554602,-2.219703674,0.004719432,-0.035007935,-2.227494478,ros2_odometer_state
M19C_S1_lab_hard_floor_B1_U050_R1,516.556725024,4.756028464,command,0.500000,-1.801301599,-2.233554602,-2.219703674,0.002981852,-0.035267379,-2.229344130,ros2_odometer_state
M19C_S1_lab_hard_floor_B1_U050_R1,516.557217971,4.756521411,command,0.500000,-1.801301599,-2.233554602,-2.219703674,0.002981852,-0.035267379,-2.229344130,ros2_odometer_state
M19C_S1_lab_hard_floor_B1_U050_R1,516.559966106,4.759269546,command,0.500000,-1.808122754,-2.243035793,-2.230252028,0.001310443,-0.035898443,-2.231293440,ros2_odometer_state
M19C_S1_lab_hard_floor_B1_U050_R1,516.561848288,4.761151728,command,0.500000,-1.808122754,-2.243035793,-2.230252028,0.000575315,-0.036165182,-2.232524395,ros2_odometer_state
M19C_S1_lab_hard_floor_B1_U050_R1,516.563096623,4.762400063,command,0.500000,-1.808122754,-2.243035793,-2.230252028,0.000575315,-0.036165182,-2.232524395,ros2_odometer_state
M19C_S1_lab_hard_floor_B1_U050_R1,516.565856118,4.765159558,command,0.500000,-1.808122754,-2.243035793,-2.230252028,-0.000798700,-0.036575451,-2.235172272,ros2_odometer_state
M19C_S1_lab_hard_floor_B1_U050_R1,516.567847457,4.767150897,command,0.500000,-1.808122754,-2.243035793,-2.230252028,-0.001526845,-0.036837604,-2.236299992,ros2_odometer_state
M19C_S1_lab_hard_floor_B1_U050_R1,516.569836459,4.769139899,command,0.500000,-1.808122754,-2.243035793,-2.230252028,-0.002267370,-0.037148628,-2.237250805,ros2_odometer_state
M19C_S1_lab_hard_floor_B1_U050_R1,516.571871672,4.771175112,command,0.500000,-1.808122754,-2.243035793,-2.230252028,-0.003042996,-0.037483830,-2.238075018,ros2_odometer_state
M19C_S1_lab_hard_floor_B1_U050_R1,516.573877187,4.773180627,command,0.500000,-1.808122754,-2.243035793,-2.230252028,-0.003840955,-0.037836060,-2.238801718,ros2_odometer_state
M19C_S1_lab_hard_floor_B1_U050_R1,516.576544647,4.775848087,command,0.500000,-1.808122754,-2.243035793,-2.230252028,-0.004538710,-0.038258795,-2.239392996,ros2_odometer_state
M19C_S1_lab_hard_floor_B1_U050_R1,516.577259073,4.776562513,command,0.500000,-1.808122754,-2.243035793,-2.230252028,-0.004538710,-0.038258795,-2.239392996,ros2_odometer_state
M19C_S1_lab_hard_floor_B1_U050_R1,516.580104524,4.779407964,command,0.500000,-1.815934658,-2.253641367,-2.239892006,-0.004886270,-0.039477948,-2.240303516,ros2_odometer_state
M19C_S1_lab_hard_floor_B1_U050_R1,516.581920432,4.781223872,command,0.500000,-1.815934658,-2.253641367,-2.239892006,-0.004511813,-0.039965969,-2.240512371,ros2_odometer_state
M19C_S1_lab_hard_floor_B1_U050_R1,516.583900474,4.783203914,command,0.500000,-1.815934658,-2.253641367,-2.239892006,-0.003947635,-0.040121783,-2.240487337,ros2_odometer_state
M19C_S1_lab_hard_floor_B1_U050_R1,516.585942566,4.785246006,command,0.500000,-1.815934658,-2.253641367,-2.239892006,-0.003295878,-0.040049758,-2.240163326,ros2_odometer_state
M19C_S1_lab_hard_floor_B1_U050_R1,516.587896400,4.787199840,command,0.500000,-1.815934658,-2.253641367,-2.239892006,-0.002589036,-0.039986338,-2.239573240,ros2_odometer_state
M19C_S1_lab_hard_floor_B1_U050_R1,516.589883962,4.789187402,command,0.500000,-1.815934658,-2.253641367,-2.239892006,-0.001842698,-0.040033080,-2.238800526,ros2_odometer_state
M19C_S1_lab_hard_floor_B1_U050_R1,516.591863684,4.791167124,command,0.500000,-1.815934658,-2.253641367,-2.239892006,-0.001098912,-0.040076211,-2.237897873,ros2_odometer_state
M19C_S1_lab_hard_floor_B1_U050_R1,516.593860079,4.793163519,command,0.500000,-1.815934658,-2.253641367,-2.239892006,-0.000456949,-0.040046405,-2.237022400,ros2_odometer_state
M19C_S1_lab_hard_floor_B1_U050_R1,516.596655703,4.795959143,command,0.500000,-1.815934658,-2.253641367,-2.239892006,0.000002453,-0.039977368,-2.236287594,ros2_odometer_state
M19C_S1_lab_hard_floor_B1_U050_R1,516.597996202,4.797299642,command,0.500000,-1.815934658,-2.253641367,-2.239892006,0.000295787,-0.039890189,-2.235602379,ros2_odometer_state
M19C_S1_lab_hard_floor_B1_U050_R1,516.600591627,4.799895067,command,0.500000,-1.820868015,-2.265199423,-2.235602379,0.000489458,-0.039766788,-2.234824657,ros2_odometer_state
M19C_S1_lab_hard_floor_B1_U050_R1,516.601329126,4.800632566,command,0.500000,-1.820868015,-2.265199423,-2.235602379,0.000489458,-0.039766788,-2.234824657,ros2_odometer_state
M19C_S1_lab_hard_floor_B1_U050_R1,516.603943528,4.803246968,command,0.500000,-1.820868015,-2.265199423,-2.235602379,0.000806939,-0.039433397,-2.233004093,ros2_odometer_state
M19C_S1_lab_hard_floor_B1_U050_R1,516.605923218,4.805226658,command,0.500000,-1.820868015,-2.265199423,-2.235602379,0.000838918,-0.039191406,-2.232158422,ros2_odometer_state
M19C_S1_lab_hard_floor_B1_U050_R1,516.607189282,4.806492722,command,0.500000,-1.820868015,-2.265199423,-2.235602379,0.000838918,-0.039191406,-2.232158422,ros2_odometer_state
M19C_S1_lab_hard_floor_B1_U050_R1,516.609949929,4.809253369,command,0.500000,-1.820868015,-2.265199423,-2.235602379,0.000523217,-0.038745470,-2.230059147,ros2_odometer_state
M19C_S1_lab_hard_floor_B1_U050_R1,516.611184343,4.810487783,command,0.500000,-1.820868015,-2.265199423,-2.235602379,0.000523217,-0.038745470,-2.230059147,ros2_odometer_state
M19C_S1_lab_hard_floor_B1_U050_R1,516.614243882,4.813547322,command,0.500000,-1.820868015,-2.265199423,-2.235602379,-0.000071263,-0.037907399,-2.228397131,ros2_odometer_state
M19C_S1_lab_hard_floor_B1_U050_R1,516.616668869,4.815972309,command,0.500000,-1.820868015,-2.265199423,-2.235602379,-0.000413688,-0.037324838,-2.227553129,ros2_odometer_state
M19C_S1_lab_hard_floor_B1_U050_R1,516.618025976,4.817329416,command,0.500000,-1.820868015,-2.265199423,-2.235602379,-0.000831026,-0.036811918,-2.226522446,ros2_odometer_state
M19C_S1_lab_hard_floor_B1_U050_R1,516.620522805,4.819826245,command,0.500000,-1.825109601,-2.276091337,-2.226522446,-0.001347882,-0.036394205,-2.225533247,ros2_odometer_state
M19C_S1_lab_hard_floor_B1_U050_R1,516.621355348,4.820658788,command,0.500000,-1.825109601,-2.276091337,-2.226522446,-0.001347882,-0.036394205,-2.225533247,ros2_odometer_state
M19C_S1_lab_hard_floor_B1_U050_R1,516.623968310,4.823271750,command,0.500000,-1.825109601,-2.276091337,-2.226522446,-0.002420634,-0.035395179,-2.223747730,ros2_odometer_state
M19C_S1_lab_hard_floor_B1_U050_R1,516.625964065,4.825267505,command,0.500000,-1.825109601,-2.276091337,-2.226522446,-0.002926994,-0.034818809,-2.222874403,ros2_odometer_state
M19C_S1_lab_hard_floor_B1_U050_R1,516.627939307,4.827242747,command,0.500000,-1.825109601,-2.276091337,-2.226522446,-0.003410274,-0.034241185,-2.222064018,ros2_odometer_state
M19C_S1_lab_hard_floor_B1_U050_R1,516.629951446,4.829254886,command,0.500000,-1.825109601,-2.276091337,-2.226522446,-0.003865661,-0.033709273,-2.221221209,ros2_odometer_state
M19C_S1_lab_hard_floor_B1_U050_R1,516.631962593,4.831266033,command,0.500000,-1.825109601,-2.276091337,-2.226522446,-0.004297090,-0.033201434,-2.220304489,ros2_odometer_state
M19C_S1_lab_hard_floor_B1_U050_R1,516.633939595,4.833243035,command,0.500000,-1.825109601,-2.276091337,-2.226522446,-0.004724307,-0.032661717,-2.219364166,ros2_odometer_state
M19C_S1_lab_hard_floor_B1_U050_R1,516.636618416,4.835921856,command,0.500000,-1.825109601,-2.276091337,-2.226522446,-0.005164976,-0.032097325,-2.218467474,ros2_odometer_state
M19C_S1_lab_hard_floor_B1_U050_R1,516.638244397,4.837547837,command,0.500000,-1.825109601,-2.276091337,-2.226522446,-0.005629172,-0.031554155,-2.217669010,ros2_odometer_state
M19C_S1_lab_hard_floor_B1_U050_R1,516.640255672,4.839559112,command,0.500000,-1.832034111,-2.283871889,-2.217669010,-0.006132153,-0.031052973,-2.216984510,ros2_odometer_state
M19C_S1_lab_hard_floor_B1_U050_R1,516.642138206,4.841441646,command,0.500000,-1.832034111,-2.283871889,-2.217669010,-0.006694113,-0.030586736,-2.216393232,ros2_odometer_state
M19C_S1_lab_hard_floor_B1_U050_R1,516.645752582,4.845056022,command,0.500000,-1.832034111,-2.283871889,-2.217669010,-0.007315873,-0.030122830,-2.215847254,ros2_odometer_state
M19C_S1_lab_hard_floor_B1_U050_R1,516.647991001,4.847294441,command,0.500000,-1.832034111,-2.283871889,-2.217669010,-0.007973257,-0.029635254,-2.215313196,ros2_odometer_state
M19C_S1_lab_hard_floor_B1_U050_R1,516.649454576,4.848758016,command,0.500000,-1.832034111,-2.283871889,-2.217669010,-0.008626116,-0.029148255,-2.214821339,ros2_odometer_state
M19C_S1_lab_hard_floor_B1_U050_R1,516.652810670,4.852114110,command,0.500000,-1.832034111,-2.283871889,-2.217669010,-0.009235463,-0.028649321,-2.214440823,ros2_odometer_state
M19C_S1_lab_hard_floor_B1_U050_R1,516.653824116,4.853127556,command,0.500000,-1.832034111,-2.283871889,-2.217669010,-0.009806098,-0.028136216,-2.214191914,ros2_odometer_state
M19C_S1_lab_hard_floor_B1_U050_R1,516.654674644,4.853978084,command,0.500000,-1.832034111,-2.283871889,-2.217669010,-0.010346699,-0.027599312,-2.214053154,ros2_odometer_state
M19C_S1_lab_hard_floor_B1_U050_R1,516.656722208,4.856025648,command,0.500000,-1.832034111,-2.283871889,-2.217669010,-0.010878718,-0.027041974,-2.213951826,ros2_odometer_state
M19C_S1_lab_hard_floor_B1_U050_R1,516.658074355,4.857377795,command,0.500000,-1.832034111,-2.283871889,-2.217669010,-0.011415488,-0.026516048,-2.213841677,ros2_odometer_state
M19C_S1_lab_hard_floor_B1_U050_R1,516.660101983,4.859405423,command,0.500000,-1.840228319,-2.292360544,-2.213841677,-0.011914576,-0.026077414,-2.213744402,ros2_odometer_state
M19C_S1_lab_hard_floor_B1_U050_R1,516.661980645,4.861284085,command,0.500000,-1.840228319,-2.292360544,-2.213841677,-0.012331079,-0.025726695,-2.213694811,ros2_odometer_state
M19C_S1_lab_hard_floor_B1_U050_R1,516.664172375,4.863475815,command,0.500000,-1.840228319,-2.292360544,-2.213841677,-0.012646145,-0.025441805,-2.213675261,ros2_odometer_state
M19C_S1_lab_hard_floor_B1_U050_R1,516.666301575,4.865605015,command,0.500000,-1.840228319,-2.292360544,-2.213841677,-0.012887695,-0.025173195,-2.213671684,ros2_odometer_state
M19C_S1_lab_hard_floor_B1_U050_R1,516.668096330,4.867399770,command,0.500000,-1.840228319,-2.292360544,-2.213841677,-0.013083215,-0.024893330,-2.213720322,ros2_odometer_state
M19C_S1_lab_hard_floor_B1_U050_R1,516.670037107,4.869340547,command,0.500000,-1.840228319,-2.292360544,-2.213841677,-0.013249841,-0.024589648,-2.213885307,ros2_odometer_state
M19C_S1_lab_hard_floor_B1_U050_R1,516.672191268,4.871494708,command,0.500000,-1.840228319,-2.292360544,-2.213841677,-0.013249841,-0.024589648,-2.213885307,ros2_odometer_state
M19C_S1_lab_hard_floor_B1_U050_R1,516.674149069,4.873452509,command,0.500000,-1.840228319,-2.292360544,-2.213841677,-0.013598599,-0.023888525,-2.214467525,ros2_odometer_state
M19C_S1_lab_hard_floor_B1_U050_R1,516.677491306,4.876794746,command,0.500000,-1.840228319,-2.292360544,-2.213841677,-0.013803159,-0.023509488,-2.214822531,ros2_odometer_state
M19C_S1_lab_hard_floor_B1_U050_R1,516.678410252,4.877713692,command,0.500000,-1.840228319,-2.292360544,-2.213841677,-0.014013836,-0.023159526,-2.215235710,ros2_odometer_state
M19C_S1_lab_hard_floor_B1_U050_R1,516.680300787,4.879604227,command,0.500000,-1.847445965,-2.300693035,-2.215235710,-0.014246829,-0.022898307,-2.215688705,ros2_odometer_state
M19C_S1_lab_hard_floor_B1_U050_R1,516.682107703,4.881411143,command,0.500000,-1.847445965,-2.300693035,-2.215235710,-0.014464646,-0.022722449,-2.216113806,ros2_odometer_state
M19C_S1_lab_hard_floor_B1_U050_R1,516.684215814,4.883519254,command,0.500000,-1.847445965,-2.300693035,-2.215235710,-0.014626105,-0.022610491,-2.216465473,ros2_odometer_state
M19C_S1_lab_hard_floor_B1_U050_R1,516.686142638,4.885446078,command,0.500000,-1.847445965,-2.300693035,-2.215235710,-0.014748018,-0.022515997,-2.216776609,ros2_odometer_state
M19C_S1_lab_hard_floor_B1_U050_R1,516.687388732,4.886692172,command,0.500000,-1.847445965,-2.300693035,-2.215235710,-0.014748018,-0.022515997,-2.216776609,ros2_odometer_state
M19C_S1_lab_hard_floor_B1_U050_R1,516.689357734,4.888661174,command,0.500000,-1.847445965,-2.300693035,-2.215235710,-0.014834460,-0.022392362,-2.217047930,ros2_odometer_state
M19C_S1_lab_hard_floor_B1_U050_R1,516.692076460,4.891379900,command,0.500000,-1.847445965,-2.300693035,-2.215235710,-0.014922457,-0.022082798,-2.217372179,ros2_odometer_state
M19C_S1_lab_hard_floor_B1_U050_R1,516.694198011,4.893501451,command,0.500000,-1.847445965,-2.300693035,-2.215235710,-0.014890118,-0.021953300,-2.217514992,ros2_odometer_state
M19C_S1_lab_hard_floor_B1_U050_R1,516.696850719,4.896154159,command,0.500000,-1.847445965,-2.300693035,-2.215235710,-0.014830648,-0.021849897,-2.217678308,ros2_odometer_state
M19C_S1_lab_hard_floor_B1_U050_R1,516.697585370,4.896888810,command,0.500000,-1.847445965,-2.300693035,-2.215235710,-0.014830648,-0.021849897,-2.217678308,ros2_odometer_state
M19C_S1_lab_hard_floor_B1_U050_R1,516.699614502,4.898917942,command,0.500000,-1.854607105,-2.310973406,-2.217826366,-0.014801761,-0.021758646,-2.217826366,ros2_odometer_state
M19C_S1_lab_hard_floor_B1_U050_R1,516.702183686,4.901487126,command,0.500000,-1.854607105,-2.310973406,-2.217826366,-0.014699007,-0.021608014,-2.218270063,ros2_odometer_state
M19C_S1_lab_hard_floor_B1_U050_R1,516.704416282,4.903719722,command,0.500000,-1.854607105,-2.310973406,-2.217826366,-0.014607118,-0.021588635,-2.218566418,ros2_odometer_state
M19C_S1_lab_hard_floor_B1_U050_R1,516.706137786,4.905441226,command,0.500000,-1.854607105,-2.310973406,-2.217826366,-0.014607118,-0.021588635,-2.218566418,ros2_odometer_state
M19C_S1_lab_hard_floor_B1_U050_R1,516.708120965,4.907424405,command,0.500000,-1.854607105,-2.310973406,-2.217826366,-0.014448464,-0.021617126,-2.219014168,ros2_odometer_state
M19C_S1_lab_hard_floor_B1_U050_R1,516.710102383,4.909405823,command,0.500000,-1.854607105,-2.310973406,-2.217826366,-0.014395625,-0.021609847,-2.219106674,ros2_odometer_state
M19C_S1_lab_hard_floor_B1_U050_R1,516.712203006,4.911506446,command,0.500000,-1.854607105,-2.310973406,-2.217826366,-0.014206938,-0.021598952,-2.218988895,ros2_odometer_state
M19C_S1_lab_hard_floor_B1_U050_R1,516.714167143,4.913470583,command,0.500000,-1.854607105,-2.310973406,-2.217826366,-0.014025238,-0.021584643,-2.218786955,ros2_odometer_state
M19C_S1_lab_hard_floor_B1_U050_R1,516.716748552,4.916051992,command,0.500000,-1.854607105,-2.310973406,-2.217826366,-0.014025238,-0.021584643,-2.218786955,ros2_odometer_state
M19C_S1_lab_hard_floor_B1_U050_R1,516.718255904,4.917559344,command,0.500000,-1.854607105,-2.310973406,-2.217826366,-0.013734899,-0.021565599,-2.218493462,ros2_odometer_state
M19C_S1_lab_hard_floor_B1_U050_R1,516.720351087,4.919654527,command,0.500000,-1.861194372,-2.320453405,-2.218493462,-0.013092558,-0.021819528,-2.217739344,ros2_odometer_state
M19C_S1_lab_hard_floor_B1_U050_R1,516.722107696,4.921411136,command,0.500000,-1.861194372,-2.320453405,-2.218493462,-0.012803115,-0.022171931,-2.217272282,ros2_odometer_state
M19C_S1_lab_hard_floor_B1_U050_R1,516.724136956,4.923440396,command,0.500000,-1.861194372,-2.320453405,-2.218493462,-0.012501042,-0.022577664,-2.216696501,ros2_odometer_state
M19C_S1_lab_hard_floor_B1_U050_R1,516.726105990,4.925409430,command,0.500000,-1.861194372,-2.320453405,-2.218493462,-0.012169965,-0.022989066,-2.216056585,ros2_odometer_state
M19C_S1_lab_hard_floor_B1_U050_R1,516.728183252,4.927486692,command,0.500000,-1.861194372,-2.320453405,-2.218493462,-0.011789983,-0.023340402,-2.215410709,ros2_odometer_state
M19C_S1_lab_hard_floor_B1_U050_R1,516.730139709,4.929443149,command,0.500000,-1.861194372,-2.320453405,-2.218493462,-0.011380132,-0.023636628,-2.214764357,ros2_odometer_state
M19C_S1_lab_hard_floor_B1_U050_R1,516.732443987,4.931747427,command,0.500000,-1.861194372,-2.320453405,-2.218493462,-0.010954803,-0.023864493,-2.214111090,ros2_odometer_state
M19C_S1_lab_hard_floor_B1_U050_R1,516.734339418,4.933642858,command,0.500000,-1.861194372,-2.320453405,-2.218493462,-0.010511526,-0.024046319,-2.213409424,ros2_odometer_state
M19C_S1_lab_hard_floor_B1_U050_R1,516.736782038,4.936085478,command,0.500000,-1.861194372,-2.320453405,-2.218493462,-0.010056593,-0.024276406,-2.212697268,ros2_odometer_state
M19C_S1_lab_hard_floor_B1_U050_R1,516.738228524,4.937531964,command,0.500000,-1.861194372,-2.320453405,-2.218493462,-0.009571781,-0.024622196,-2.212085724,ros2_odometer_state
M19C_S1_lab_hard_floor_B1_U050_R1,516.740293401,4.939596841,command,0.500000,-1.868246436,-2.330358505,-2.212085724,-0.009024969,-0.025075398,-2.211587429,ros2_odometer_state
M19C_S1_lab_hard_floor_B1_U050_R1,516.743793148,4.943096588,command,0.500000,-1.868246436,-2.330358505,-2.212085724,-0.008448225,-0.025588596,-2.211112499,ros2_odometer_state
M19C_S1_lab_hard_floor_B1_U050_R1,516.744937671,4.944241111,command,0.500000,-1.868246436,-2.330358505,-2.212085724,-0.007868839,-0.026118934,-2.210632086,ros2_odometer_state
M19C_S1_lab_hard_floor_B1_U050_R1,516.746946322,4.946249762,command,0.500000,-1.868246436,-2.330358505,-2.212085724,-0.007270359,-0.026662292,-2.210143089,ros2_odometer_state
M19C_S1_lab_hard_floor_B1_U050_R1,516.747751056,4.947054496,command,0.500000,-1.868246436,-2.330358505,-2.212085724,-0.007270359,-0.026662292,-2.210143089,ros2_odometer_state
M19C_S1_lab_hard_floor_B1_U050_R1,516.750342481,4.949645921,command,0.500000,-1.868246436,-2.330358505,-2.212085724,-0.006039844,-0.027812788,-2.209148645,ros2_odometer_state
M19C_S1_lab_hard_floor_B1_U050_R1,516.752305435,4.951608875,command,0.500000,-1.868246436,-2.330358505,-2.212085724,-0.005404314,-0.028397722,-2.208743811,ros2_odometer_state
M19C_S1_lab_hard_floor_B1_U050_R1,516.753502152,4.952805592,command,0.500000,-1.868246436,-2.330358505,-2.212085724,-0.005404314,-0.028397722,-2.208743811,ros2_odometer_state
M19C_S1_lab_hard_floor_B1_U050_R1,516.756317809,4.955621249,command,0.500000,-1.868246436,-2.330358505,-2.212085724,-0.004747482,-0.028980227,-2.208500862,ros2_odometer_state
M19C_S1_lab_hard_floor_B1_U050_R1,516.758360094,4.957663534,command,0.500000,-1.868246436,-2.330358505,-2.212085724,-0.003404511,-0.030184157,-2.208391666,ros2_odometer_state
M19C_S1_lab_hard_floor_B1_U050_R1,516.760365321,4.959668761,command,0.500000,-1.875934243,-2.342165470,-2.208391666,-0.002738897,-0.030845618,-2.208387852,ros2_odometer_state
M19C_S1_lab_hard_floor_B1_U050_R1,516.762579516,4.961882956,command,0.500000,-1.875934243,-2.342165470,-2.208391666,-0.002048294,-0.031562008,-2.208413601,ros2_odometer_state
M19C_S1_lab_hard_floor_B1_U050_R1,516.764306940,4.963610380,command,0.500000,-1.875934243,-2.342165470,-2.208391666,-0.001321681,-0.032334622,-2.208494425,ros2_odometer_state
M19C_S1_lab_hard_floor_B1_U050_R1,516.766298279,4.965601719,command,0.500000,-1.875934243,-2.342165470,-2.208391666,-0.000573579,-0.033127099,-2.208636999,ros2_odometer_state
M19C_S1_lab_hard_floor_B1_U050_R1,516.768561532,4.967864972,command,0.500000,-1.875934243,-2.342165470,-2.208391666,0.000202118,-0.033918753,-2.208847284,ros2_odometer_state
M19C_S1_lab_hard_floor_B1_U050_R1,516.770235002,4.969538442,command,0.500000,-1.875934243,-2.342165470,-2.208391666,0.000998726,-0.034710344,-2.209107637,ros2_odometer_state
M19C_S1_lab_hard_floor_B1_U050_R1,516.772359114,4.971662554,command,0.500000,-1.875934243,-2.342165470,-2.208391666,0.001811101,-0.035485819,-2.209401846,ros2_odometer_state
M19C_S1_lab_hard_floor_B1_U050_R1,516.774635615,4.973939055,command,0.500000,-1.875934243,-2.342165470,-2.208391666,0.002630940,-0.036228515,-2.209723949,ros2_odometer_state
M19C_S1_lab_hard_floor_B1_U050_R1,516.777148541,4.976451981,command,0.500000,-1.875934243,-2.342165470,-2.208391666,0.003443392,-0.036965102,-2.210034847,ros2_odometer_state
M19C_S1_lab_hard_floor_B1_U050_R1,516.777856056,4.977159496,command,0.500000,-1.875934243,-2.342165470,-2.208391666,0.003443392,-0.036965102,-2.210034847,ros2_odometer_state
M19C_S1_lab_hard_floor_B1_U050_R1,516.780718467,4.980021907,command,0.500000,-1.884072661,-2.356025696,-2.210304976,0.005006060,-0.038525622,-2.210542917,ros2_odometer_state
M19C_S1_lab_hard_floor_B1_U050_R1,516.784902879,4.984206319,command,0.500000,-1.884072661,-2.356025696,-2.210304976,0.005806058,-0.039379898,-2.210802794,ros2_odometer_state
M19C_S1_lab_hard_floor_B1_U050_R1,516.785891716,4.985195156,command,0.500000,-1.884072661,-2.356025696,-2.210304976,0.006633759,-0.040290684,-2.211100578,ros2_odometer_state
M19C_S1_lab_hard_floor_B1_U050_R1,516.787598692,4.986902132,command,0.500000,-1.884072661,-2.356025696,-2.210304976,0.007491322,-0.041258473,-2.211423397,ros2_odometer_state
M19C_S1_lab_hard_floor_B1_U050_R1,516.788399682,4.987703122,command,0.500000,-1.884072661,-2.356025696,-2.210304976,0.007491322,-0.041258473,-2.211423397,ros2_odometer_state
M19C_S1_lab_hard_floor_B1_U050_R1,516.790011871,4.989315311,command,0.500000,-1.884072661,-2.356025696,-2.210304976,0.008385729,-0.042255651,-2.211709261,ros2_odometer_state
M19C_S1_lab_hard_floor_B1_U050_R1,516.792925292,4.992228732,command,0.500000,-1.884072661,-2.356025696,-2.210304976,0.010229374,-0.044253435,-2.212129593,ros2_odometer_state
M19C_S1_lab_hard_floor_B1_U050_R1,516.793604069,4.992907509,command,0.500000,-1.884072661,-2.356025696,-2.210304976,0.010229374,-0.044253435,-2.212129593,ros2_odometer_state
M19C_S1_lab_hard_floor_B1_U050_R1,516.798780647,4.998084087,command,0.500000,-1.884072661,-2.356025696,-2.210304976,0.012110610,-0.046250809,-2.212485313,ros2_odometer_state
M19C_S1_lab_hard_floor_B1_U050_R1,516.799738859,4.999042299,command,0.500000,-1.884072661,-2.356025696,-2.210304976,0.013053133,-0.047244273,-2.212608814,ros2_odometer_state
M19C_S1_lab_hard_floor_B1_U050_R1,516.800682734,4.999986174,command,0.500000,-1.892226458,-2.370817184,-2.212608814,0.013997828,-0.048247445,-2.212683201,ros2_odometer_state
M19C_S1_lab_hard_floor_B1_U050_R1,516.803002117,5.002305557,command,0.500000,-1.892226458,-2.370817184,-2.212608814,0.014954671,-0.049266182,-2.212755919,ros2_odometer_state
M19C_S1_lab_hard_floor_B1_U050_R1,516.803697215,5.003000655,command,0.500000,-1.892226458,-2.370817184,-2.212608814,0.014954671,-0.049266182,-2.212755919,ros2_odometer_state
M19C_S1_lab_hard_floor_B1_U050_R1,516.805928403,5.005231843,command,0.500000,-1.892226458,-2.370817184,-2.212608814,0.015931936,-0.050323039,-2.212851763,ros2_odometer_state
M19C_S1_lab_hard_floor_B1_U050_R1,516.808454001,5.007757441,command,0.500000,-1.892226458,-2.370817184,-2.212608814,0.016937314,-0.051424030,-2.212954760,ros2_odometer_state
M19C_S1_lab_hard_floor_B1_U050_R1,516.810985520,5.010288960,command,0.500000,-1.892226458,-2.370817184,-2.212608814,0.017964127,-0.052539773,-2.213014603,ros2_odometer_state
M19C_S1_lab_hard_floor_B1_U050_R1,516.817641513,5.016944953,command,0.500000,-1.892226458,-2.370817184,-2.212608814,0.019016450,-0.053658362,-2.212988853,ros2_odometer_state
M19C_S1_lab_hard_floor_B1_U050_R1,516.819023869,5.018327309,command,0.500000,-1.892226458,-2.370817184,-2.212608814,0.020089788,-0.054781683,-2.212872028,ros2_odometer_state
M19C_S1_lab_hard_floor_B1_U050_R1,516.820249035,5.019552475,command,0.500000,-1.892226458,-2.370817184,-2.212608814,0.021181272,-0.055912085,-2.212711334,ros2_odometer_state
M19C_S1_lab_hard_floor_B1_U050_R1,516.821128012,5.020431452,command,0.500000,-1.892226458,-2.370817184,-2.212608814,0.022309886,-0.057038639,-2.212525368,ros2_odometer_state
M19C_S1_lab_hard_floor_B1_U050_R1,516.822321752,5.021625192,command,0.500000,-1.900762200,-2.385463715,-2.212273598,0.023476185,-0.058151368,-2.212273598,ros2_odometer_state
M19C_S1_lab_hard_floor_B1_U050_R1,516.823194073,5.022497513,command,0.500000,-1.900762200,-2.385463715,-2.212273598,0.024663348,-0.059260853,-2.211949825,ros2_odometer_state
M19C_S1_lab_hard_floor_B1_U050_R1,516.824369445,5.023672885,command,0.500000,-1.900762200,-2.385463715,-2.212273598,0.025867384,-0.060385741,-2.211621761,ros2_odometer_state
M19C_S1_lab_hard_floor_B1_U050_R1,516.826463923,5.025767363,command,0.500000,-1.900762200,-2.385463715,-2.212273598,0.028365415,-0.062703595,-2.211193085,ros2_odometer_state
M19C_S1_lab_hard_floor_B1_U050_R1,516.828541025,5.027844465,command,0.500000,-1.900762200,-2.385463715,-2.212273598,0.029655021,-0.063919902,-2.211005449,ros2_odometer_state
M19C_S1_lab_hard_floor_B1_U050_R1,516.830533100,5.029836540,command,0.500000,-1.900762200,-2.385463715,-2.212273598,0.030961368,-0.065167837,-2.210757732,ros2_odometer_state
M19C_S1_lab_hard_floor_B1_U050_R1,516.831620308,5.030923748,command,0.500000,-1.900762200,-2.385463715,-2.212273598,0.030961368,-0.065167837,-2.210757732,ros2_odometer_state
M19C_S1_lab_hard_floor_B1_U050_R1,516.834515809,5.033819249,command,0.500000,-1.900762200,-2.385463715,-2.212273598,0.033652037,-0.067775801,-2.210152626,ros2_odometer_state
M19C_S1_lab_hard_floor_B1_U050_R1,516.837267400,5.036570840,command,0.500000,-1.900762200,-2.385463715,-2.212273598,0.035035938,-0.069126822,-2.209854364,ros2_odometer_state
M19C_S1_lab_hard_floor_B1_U050_R1,516.837776731,5.037080171,command,0.500000,-1.900762200,-2.385463715,-2.212273598,0.035035938,-0.069126822,-2.209854364,ros2_odometer_state
M19C_S1_lab_hard_floor_B1_U050_R1,516.840675624,5.039979064,command,0.500000,-1.909417033,-2.401701689,-2.209503412,0.037846953,-0.071815193,-2.209050417,ros2_odometer_state
M19C_S1_lab_hard_floor_B1_U050_R1,516.842602928,5.041906368,command,0.500000,-1.909417033,-2.401701689,-2.209503412,0.039267633,-0.073132038,-2.208549023,ros2_odometer_state
M19C_S1_lab_hard_floor_B1_U050_R1,516.845170064,5.044473504,command,0.500000,-1.909417033,-2.401701689,-2.209503412,0.040695637,-0.074431814,-2.208085775,ros2_odometer_state
M19C_S1_lab_hard_floor_B1_U050_R1,516.846172053,5.045475493,command,0.500000,-1.909417033,-2.401701689,-2.209503412,0.040695637,-0.074431814,-2.208085775,ros2_odometer_state
M19C_S1_lab_hard_floor_B1_U050_R1,516.851664387,5.050967827,command,0.500000,-1.909417033,-2.401701689,-2.209503412,0.043584831,-0.077065416,-2.207319021,ros2_odometer_state
M19C_S1_lab_hard_floor_B1_U050_R1,516.852731499,5.052034939,command,0.500000,-1.909417033,-2.401701689,-2.209503412,0.044982757,-0.078509651,-2.206774235,ros2_odometer_state
M19C_S1_lab_hard_floor_B1_U050_R1,516.853816660,5.053120100,command,0.500000,-1.909417033,-2.401701689,-2.209503412,0.046164516,-0.080102883,-2.205940723,ros2_odometer_state
M19C_S1_lab_hard_floor_B1_U050_R1,516.854772631,5.054076071,command,0.500000,-1.909417033,-2.401701689,-2.209503412,0.047098972,-0.081772558,-2.205143452,ros2_odometer_state
M19C_S1_lab_hard_floor_B1_U050_R1,516.857384537,5.056687977,command,0.500000,-1.909417033,-2.401701689,-2.209503412,0.047916964,-0.083383285,-2.204632521,ros2_odometer_state
M19C_S1_lab_hard_floor_B1_U050_R1,516.858368094,5.057671534,command,0.500000,-1.909417033,-2.401701689,-2.209503412,0.047916964,-0.083383285,-2.204632521,ros2_odometer_state
M19C_S1_lab_hard_floor_B1_U050_R1,516.860710006,5.060013446,command,0.500000,-1.921951532,-2.418118954,-2.204441547,0.049181908,-0.086051710,-2.204422235,ros2_odometer_state
M19C_S1_lab_hard_floor_B1_U050_R1,516.862678879,5.061982319,command,0.500000,-1.921951532,-2.418118954,-2.204441547,0.049715500,-0.087125443,-2.204291344,ros2_odometer_state
M19C_S1_lab_hard_floor_B1_U050_R1,516.864869073,5.064172513,command,0.500000,-1.921951532,-2.418118954,-2.204441547,0.050177608,-0.088135518,-2.203929186,ros2_odometer_state
M19C_S1_lab_hard_floor_B1_U050_R1,516.866847867,5.066151307,command,0.500000,-1.921951532,-2.418118954,-2.204441547,0.050490700,-0.089088999,-2.203609943,ros2_odometer_state
M19C_S1_lab_hard_floor_B1_U050_R1,516.868656863,5.067960303,command,0.500000,-1.921951532,-2.418118954,-2.204441547,0.050648212,-0.089919411,-2.203585625,ros2_odometer_state
M19C_S1_lab_hard_floor_B1_U050_R1,516.870610536,5.069913976,command,0.500000,-1.921951532,-2.418118954,-2.204441547,0.050662499,-0.090682000,-2.203685999,ros2_odometer_state
M19C_S1_lab_hard_floor_B1_U050_R1,516.872987137,5.072290577,command,0.500000,-1.921951532,-2.418118954,-2.204441547,0.050662499,-0.090682000,-2.203685999,ros2_odometer_state
M19C_S1_lab_hard_floor_B1_U050_R1,516.874352756,5.073656196,command,0.500000,-1.921951532,-2.418118954,-2.204441547,0.050538845,-0.091492608,-2.203647137,ros2_odometer_state
M19C_S1_lab_hard_floor_B1_U050_R1,516.878561970,5.077865410,command,0.500000,-1.921951532,-2.418118954,-2.204441547,0.049801871,-0.093414485,-2.202879667,ros2_odometer_state
M19C_S1_lab_hard_floor_B1_U050_R1,516.882257180,5.081560620,command,0.500000,-1.921951532,-2.418118954,-2.204441547,0.049801871,-0.093414485,-2.202879667,ros2_odometer_state
M19C_S1_lab_hard_floor_B1_U050_R1,516.884362699,5.083666139,command,0.500000,-1.935498476,-2.432120323,-2.202369690,0.049162261,-0.094454408,-2.202369690,ros2_odometer_state
M19C_S1_lab_hard_floor_B1_U050_R1,516.885362513,5.084665953,command,0.500000,-1.935498476,-2.432120323,-2.202369690,0.048438538,-0.095487222,-2.201819658,ros2_odometer_state
M19C_S1_lab_hard_floor_B1_U050_R1,516.887013550,5.086316990,command,0.500000,-1.935498476,-2.432120323,-2.202369690,0.047693949,-0.096479617,-2.201200962,ros2_odometer_state
M19C_S1_lab_hard_floor_B1_U050_R1,516.888796817,5.088100257,command,0.500000,-1.935498476,-2.432120323,-2.202369690,0.046970095,-0.097416796,-2.200495958,ros2_odometer_state
M19C_S1_lab_hard_floor_B1_U050_R1,516.889948476,5.089251916,command,0.500000,-1.935498476,-2.432120323,-2.202369690,0.046323508,-0.098273538,-2.199768305,ros2_odometer_state
M19C_S1_lab_hard_floor_B1_U050_R1,516.890869407,5.090172847,command,0.500000,-1.935498476,-2.432120323,-2.202369690,0.045795061,-0.099055685,-2.199086666,ros2_odometer_state
M19C_S1_lab_hard_floor_B1_U050_R1,516.892193328,5.091496768,command,0.500000,-1.935498476,-2.432120323,-2.202369690,0.045357168,-0.099772446,-2.198476791,ros2_odometer_state
M19C_S1_lab_hard_floor_B1_U050_R1,516.895609712,5.094913152,command,0.500000,-1.935498476,-2.432120323,-2.202369690,0.044701565,-0.100865662,-2.197576761,ros2_odometer_state
M19C_S1_lab_hard_floor_B1_U050_R1,516.897376946,5.096680386,command,0.500000,-1.935498476,-2.432120323,-2.202369690,0.044471428,-0.101259083,-2.197192669,ros2_odometer_state
M19C_S1_lab_hard_floor_B1_U050_R1,516.898685091,5.097988531,command,0.500000,-1.935498476,-2.432120323,-2.202369690,0.044273075,-0.101597659,-2.196801662,ros2_odometer_state
M19C_S1_lab_hard_floor_B1_U050_R1,516.900836788,5.100140228,command,0.500000,-1.952016234,-2.443259954,-2.196801662,0.044073984,-0.101887099,-2.196454525,ros2_odometer_state
M19C_S1_lab_hard_floor_B1_U050_R1,516.902561557,5.101864997,command,0.500000,-1.952016234,-2.443259954,-2.196801662,0.043852560,-0.102111600,-2.196106672,ros2_odometer_state
M19C_S1_lab_hard_floor_B1_U050_R1,516.904972015,5.104275455,command,0.500000,-1.952016234,-2.443259954,-2.196801662,0.043580104,-0.102282993,-2.195624113,ros2_odometer_state
M19C_S1_lab_hard_floor_B1_U050_R1,516.906687279,5.105990719,command,0.500000,-1.952016234,-2.443259954,-2.196801662,0.043294061,-0.102422275,-2.195068359,ros2_odometer_state
M19C_S1_lab_hard_floor_B1_U050_R1,516.910591105,5.109894545,command,0.500000,-1.952016234,-2.443259954,-2.196801662,0.043052949,-0.102576576,-2.194591284,ros2_odometer_state
M19C_S1_lab_hard_floor_B1_U050_R1,516.911944148,5.111247588,command,0.500000,-1.952016234,-2.443259954,-2.196801662,0.042861890,-0.102778688,-2.194234371,ros2_odometer_state
M19C_S1_lab_hard_floor_B1_U050_R1,516.914518772,5.113822212,command,0.500000,-1.952016234,-2.443259954,-2.196801662,0.042705953,-0.103002384,-2.193970203,ros2_odometer_state
M19C_S1_lab_hard_floor_B1_U050_R1,516.915370580,5.114674020,command,0.500000,-1.952016234,-2.443259954,-2.196801662,0.042564534,-0.103240058,-2.193754196,ros2_odometer_state
M19C_S1_lab_hard_floor_B1_U050_R1,516.917333182,5.116636622,command,0.500000,-1.952016234,-2.443259954,-2.196801662,0.042409524,-0.103498131,-2.193518639,ros2_odometer_state
M19C_S1_lab_hard_floor_B1_U050_R1,516.918749011,5.118052451,command,0.500000,-1.952016234,-2.443259954,-2.196801662,0.042210821,-0.103743821,-2.193253994,ros2_odometer_state
M19C_S1_lab_hard_floor_B1_U050_R1,516.920769630,5.120073070,command,0.500000,-1.966569901,-2.452892303,-2.193253994,0.041959777,-0.103951819,-2.192967653,ros2_odometer_state
M19C_S1_lab_hard_floor_B1_U050_R1,516.922615939,5.121919379,command,0.500000,-1.966569901,-2.452892303,-2.193253994,0.041674845,-0.104108304,-2.192660570,ros2_odometer_state
M19C_S1_lab_hard_floor_B1_U050_R1,516.924664432,5.123967872,command,0.500000,-1.966569901,-2.452892303,-2.193253994,0.041382533,-0.104203984,-2.192351818,ros2_odometer_state
M19C_S1_lab_hard_floor_B1_U050_R1,516.926617081,5.125920521,command,0.500000,-1.966569901,-2.452892303,-2.193253994,0.041131712,-0.104272127,-2.192099094,ros2_odometer_state
M19C_S1_lab_hard_floor_B1_U050_R1,516.928618980,5.127922420,command,0.500000,-1.966569901,-2.452892303,-2.193253994,0.040941820,-0.104319640,-2.191933870,ros2_odometer_state
M19C_S1_lab_hard_floor_B1_U050_R1,516.930757524,5.130060964,command,0.500000,-1.966569901,-2.452892303,-2.193253994,0.040803723,-0.104373701,-2.191831350,ros2_odometer_state
M19C_S1_lab_hard_floor_B1_U050_R1,516.932752351,5.132055791,command,0.500000,-1.966569901,-2.452892303,-2.193253994,0.040692098,-0.104459487,-2.191774130,ros2_odometer_state
M19C_S1_lab_hard_floor_B1_U050_R1,516.934708328,5.134011768,command,0.500000,-1.966569901,-2.452892303,-2.193253994,0.040593415,-0.104596004,-2.191777468,ros2_odometer_state
M19C_S1_lab_hard_floor_B1_U050_R1,516.937285513,5.136588953,command,0.500000,-1.966569901,-2.452892303,-2.193253994,0.040497363,-0.104786552,-2.191820383,ros2_odometer_state
M19C_S1_lab_hard_floor_B1_U050_R1,516.938828450,5.138131890,command,0.500000,-1.966569901,-2.452892303,-2.193253994,0.040401932,-0.105007038,-2.191864252,ros2_odometer_state
M19C_S1_lab_hard_floor_B1_U050_R1,516.941935287,5.141238727,command,0.500000,-1.978951454,-2.462776661,-2.191864252,0.040310889,-0.105213553,-2.191892385,ros2_odometer_state
M19C_S1_lab_hard_floor_B1_U050_R1,516.943306506,5.142609946,command,0.500000,-1.978951454,-2.462776661,-2.191864252,0.040205892,-0.105359137,-2.191872835,ros2_odometer_state
M19C_S1_lab_hard_floor_B1_U050_R1,516.944824323,5.144127763,command,0.500000,-1.978951454,-2.462776661,-2.191864252,0.040094182,-0.105431668,-2.191766977,ros2_odometer_state
M19C_S1_lab_hard_floor_B1_U050_R1,516.946778988,5.146082428,command,0.500000,-1.978951454,-2.462776661,-2.191864252,0.040007487,-0.105471738,-2.191632748,ros2_odometer_state
M19C_S1_lab_hard_floor_B1_U050_R1,516.947918327,5.147221767,command,0.500000,-1.978951454,-2.462776661,-2.191864252,0.040007487,-0.105471738,-2.191632748,ros2_odometer_state
M19C_S1_lab_hard_floor_B1_U050_R1,516.950902566,5.150206006,command,0.500000,-1.978951454,-2.462776661,-2.191864252,0.039925680,-0.105594330,-2.191548824,ros2_odometer_state
M19C_S1_lab_hard_floor_B1_U050_R1,516.951889963,5.151193403,command,0.500000,-1.978951454,-2.462776661,-2.191864252,0.039925680,-0.105594330,-2.191548824,ros2_odometer_state
M19C_S1_lab_hard_floor_B1_U050_R1,516.954632434,5.153935874,command,0.500000,-1.978951454,-2.462776661,-2.191864252,0.040043540,-0.105869599,-2.191765547,ros2_odometer_state
M19C_S1_lab_hard_floor_B1_U050_R1,516.957544511,5.156847951,command,0.500000,-1.978951454,-2.462776661,-2.191864252,0.040158447,-0.106072508,-2.191961050,ros2_odometer_state
M19C_S1_lab_hard_floor_B1_U050_R1,516.958132085,5.157435525,command,0.500000,-1.978951454,-2.462776661,-2.191864252,0.040158447,-0.106072508,-2.191961050,ros2_odometer_state
M19C_S1_lab_hard_floor_B1_U050_R1,516.960997824,5.160301264,command,0.500000,-1.990516901,-2.473438978,-2.192211390,0.040403504,-0.106454678,-2.192452669,ros2_odometer_state
M19C_S1_lab_hard_floor_B1_U050_R1,516.962548410,5.161851850,command,0.500000,-1.990516901,-2.473438978,-2.192211390,0.040403504,-0.106454678,-2.192452669,ros2_odometer_state
M19C_S1_lab_hard_floor_B1_U050_R1,516.963915310,5.163218750,command,0.500000,-1.990516901,-2.473438978,-2.192211390,0.040531393,-0.106572874,-2.192595720,ros2_odometer_state
M19C_S1_lab_hard_floor_B1_U050_R1,516.966933279,5.166236719,command,0.500000,-1.990516901,-2.473438978,-2.192211390,0.040719952,-0.106670283,-2.192584515,ros2_odometer_state
M19C_S1_lab_hard_floor_B1_U050_R1,516.967959237,5.167262677,command,0.500000,-1.990516901,-2.473438978,-2.192211390,0.040719952,-0.106670283,-2.192584515,ros2_odometer_state
M19C_S1_lab_hard_floor_B1_U050_R1,516.970731149,5.170034589,command,0.500000,-1.990516901,-2.473438978,-2.192211390,0.040943094,-0.106830455,-2.192868233,ros2_odometer_state
M19C_S1_lab_hard_floor_B1_U050_R1,516.972822139,5.172125579,command,0.500000,-1.990516901,-2.473438978,-2.192211390,0.041162290,-0.107060984,-2.193248749,ros2_odometer_state
M19C_S1_lab_hard_floor_B1_U050_R1,516.974835974,5.174139414,command,0.500000,-1.990516901,-2.473438978,-2.192211390,0.041430164,-0.107338198,-2.193621635,ros2_odometer_state
M19C_S1_lab_hard_floor_B1_U050_R1,516.977592046,5.176895486,command,0.500000,-1.990516901,-2.473438978,-2.192211390,0.041697375,-0.107610136,-2.193918943,ros2_odometer_state
M19C_S1_lab_hard_floor_B1_U050_R1,516.978135138,5.177438578,command,0.500000,-1.990516901,-2.473438978,-2.192211390,0.041697375,-0.107610136,-2.193918943,ros2_odometer_state
M19C_S1_lab_hard_floor_B1_U050_R1,516.980216624,5.179520064,command,0.500000,-2.000718117,-2.483533144,-2.194178343,0.041956637,-0.107841797,-2.194178343,ros2_odometer_state
M19C_S1_lab_hard_floor_B1_U050_R1,516.982749583,5.182053023,command,0.500000,-2.000718117,-2.483533144,-2.194178343,0.042411171,-0.108056910,-2.194648027,ros2_odometer_state
M19C_S1_lab_hard_floor_B1_U050_R1,516.984715928,5.184019368,command,0.500000,-2.000718117,-2.483533144,-2.194178343,0.042614654,-0.108046956,-2.194933891,ros2_odometer_state
M19C_S1_lab_hard_floor_B1_U050_R1,516.987294617,5.186598057,command,0.500000,-2.000718117,-2.483533144,-2.194178343,0.042796895,-0.108046055,-2.195258617,ros2_odometer_state
M19C_S1_lab_hard_floor_B1_U050_R1,516.987981459,5.187284899,command,0.500000,-2.000718117,-2.483533144,-2.194178343,0.042796895,-0.108046055,-2.195258617,ros2_odometer_state
M19C_S1_lab_hard_floor_B1_U050_R1,516.990653719,5.189957159,command,0.500000,-2.000718117,-2.483533144,-2.194178343,0.043134049,-0.108130924,-2.195969343,ros2_odometer_state
M19C_S1_lab_hard_floor_B1_U050_R1,516.992354198,5.191657638,command,0.500000,-2.000718117,-2.483533144,-2.194178343,0.043134049,-0.108130924,-2.195969343,ros2_odometer_state
M19C_S1_lab_hard_floor_B1_U050_R1,516.994845844,5.194149284,command,0.500000,-2.000718117,-2.483533144,-2.194178343,0.043484606,-0.108308166,-2.196696758,ros2_odometer_state
M19C_S1_lab_hard_floor_B1_U050_R1,516.997338673,5.196642113,command,0.500000,-2.000718117,-2.483533144,-2.194178343,0.043654192,-0.108427174,-2.197086096,ros2_odometer_state
M19C_S1_lab_hard_floor_B1_U050_R1,516.998797448,5.198100888,command,0.500000,-2.000718117,-2.483533144,-2.194178343,0.043789554,-0.108535543,-2.197499275,ros2_odometer_state
M19C_S1_lab_hard_floor_B1_U050_R1,517.000846100,5.200149540,command,0.500000,-2.009729862,-2.493630648,-2.197499275,0.043892015,-0.108600207,-2.197886467,ros2_odometer_state
M19C_S1_lab_hard_floor_B1_U050_R1,517.002975076,5.202278516,command,0.500000,-2.009729862,-2.493630648,-2.197499275,0.043973673,-0.108613729,-2.198234081,ros2_odometer_state
M19C_S1_lab_hard_floor_B1_U050_R1,517.004920397,5.204223837,command,0.500000,-2.009729862,-2.493630648,-2.197499275,0.044052042,-0.108595125,-2.198606968,ros2_odometer_state
M19C_S1_lab_hard_floor_B1_U050_R1,517.006978074,5.206281514,command,0.500000,-2.009729862,-2.493630648,-2.197499275,0.044146519,-0.108577728,-2.199062824,ros2_odometer_state
M19C_S1_lab_hard_floor_B1_U050_R1,517.009302321,5.208605761,command,0.500000,-2.009729862,-2.493630648,-2.197499275,0.044242855,-0.108567618,-2.199579954,ros2_odometer_state
M19C_S1_lab_hard_floor_B1_U050_R1,517.011693322,5.210996762,command,0.500000,-2.009729862,-2.493630648,-2.197499275,0.044313837,-0.108554266,-2.200097561,ros2_odometer_state
M19C_S1_lab_hard_floor_B1_U050_R1,517.013301959,5.212605399,command,0.500000,-2.009729862,-2.493630648,-2.197499275,0.044348501,-0.108539283,-2.200572491,ros2_odometer_state
M19C_S1_lab_hard_floor_B1_U050_R1,517.017457378,5.216760818,command,0.500000,-2.009729862,-2.493630648,-2.197499275,0.044362336,-0.108520657,-2.201020956,ros2_odometer_state
M19C_S1_lab_hard_floor_B1_U050_R1,517.018817525,5.218120965,command,0.500000,-2.009729862,-2.493630648,-2.197499275,0.044373211,-0.108504325,-2.201477051,ros2_odometer_state
M19C_S1_lab_hard_floor_B1_U050_R1,517.019774777,5.219078217,command,0.500000,-2.009729862,-2.493630648,-2.197499275,0.044390187,-0.108480312,-2.201931953,ros2_odometer_state
M19C_S1_lab_hard_floor_B1_U050_R1,517.020445298,5.219748738,command,0.500000,-2.018838406,-2.503368855,-2.201931953,0.044390187,-0.108480312,-2.201931953,ros2_odometer_state
M19C_S1_lab_hard_floor_B1_U050_R1,517.022848844,5.222152284,command,0.500000,-2.018838406,-2.503368855,-2.201931953,0.044396367,-0.108354703,-2.202753782,ros2_odometer_state
M19C_S1_lab_hard_floor_B1_U050_R1,517.024792789,5.224096229,command,0.500000,-2.018838406,-2.503368855,-2.201931953,0.044361550,-0.108235374,-2.203144312,ros2_odometer_state
M19C_S1_lab_hard_floor_B1_U050_R1,517.026738910,5.226042350,command,0.500000,-2.018838406,-2.503368855,-2.201931953,0.044267267,-0.108094990,-2.203560591,ros2_odometer_state
M19C_S1_lab_hard_floor_B1_U050_R1,517.028858989,5.228162429,command,0.500000,-2.018838406,-2.503368855,-2.201931953,0.044116911,-0.107941359,-2.203992367,ros2_odometer_state
M19C_S1_lab_hard_floor_B1_U050_R1,517.030793974,5.230097414,command,0.500000,-2.018838406,-2.503368855,-2.201931953,0.043914173,-0.107770860,-2.204380274,ros2_odometer_state
M19C_S1_lab_hard_floor_B1_U050_R1,517.032823553,5.232126993,command,0.500000,-2.018838406,-2.503368855,-2.201931953,0.043685216,-0.107586302,-2.204689503,ros2_odometer_state
M19C_S1_lab_hard_floor_B1_U050_R1,517.034812812,5.234116252,command,0.500000,-2.018838406,-2.503368855,-2.201931953,0.043462958,-0.107392818,-2.204945087,ros2_odometer_state
M19C_S1_lab_hard_floor_B1_U050_R1,517.036609071,5.235912511,command,0.500000,-2.018838406,-2.503368855,-2.201931953,0.043462958,-0.107392818,-2.204945087,ros2_odometer_state
M19C_S1_lab_hard_floor_B1_U050_R1,517.038893541,5.238196981,command,0.500000,-2.018838406,-2.503368855,-2.201931953,0.043071460,-0.107024163,-2.205311298,ros2_odometer_state
M19C_S1_lab_hard_floor_B1_U050_R1,517.040935953,5.240239393,command,0.500000,-2.027765036,-2.514432669,-2.205311298,0.042891078,-0.106876940,-2.205432415,ros2_odometer_state
M19C_S1_lab_hard_floor_B1_U050_R1,517.042789623,5.242093063,command,0.500000,-2.027765036,-2.514432669,-2.205311298,0.042718943,-0.106759727,-2.205538750,ros2_odometer_state
M19C_S1_lab_hard_floor_B1_U050_R1,517.044811138,5.244114578,command,0.500000,-2.027765036,-2.514432669,-2.205311298,0.042520862,-0.106656171,-2.205624580,ros2_odometer_state
M19C_S1_lab_hard_floor_B1_U050_R1,517.047264350,5.246567790,command,0.500000,-2.027765036,-2.514432669,-2.205311298,0.042280972,-0.106565803,-2.205669165,ros2_odometer_state
M19C_S1_lab_hard_floor_B1_U050_R1,517.048936541,5.248239981,command,0.500000,-2.027765036,-2.514432669,-2.205311298,0.042026646,-0.106479712,-2.205667734,ros2_odometer_state
M19C_S1_lab_hard_floor_B1_U050_R1,517.053365219,5.252668659,command,0.500000,-2.027765036,-2.514432669,-2.205311298,0.041773103,-0.106403038,-2.205644608,ros2_odometer_state
M19C_S1_lab_hard_floor_B1_U050_R1,517.054252676,5.253556116,command,0.500000,-2.027765036,-2.514432669,-2.205311298,0.041522034,-0.106342435,-2.205625772,ros2_odometer_state
M19C_S1_lab_hard_floor_B1_U050_R1,517.055163462,5.254466902,command,0.500000,-2.027765036,-2.514432669,-2.205311298,0.041279469,-0.106295988,-2.205642223,ros2_odometer_state
M19C_S1_lab_hard_floor_B1_U050_R1,517.057582720,5.256886160,command,0.500000,-2.027765036,-2.514432669,-2.205311298,0.041047443,-0.106259555,-2.205680370,ros2_odometer_state
M19C_S1_lab_hard_floor_B1_U050_R1,517.059589644,5.258893084,command,0.500000,-2.027765036,-2.514432669,-2.205311298,0.040825125,-0.106232651,-2.205717325,ros2_odometer_state
M19C_S1_lab_hard_floor_B1_U050_R1,517.061104836,5.260408276,command,0.500000,-2.037104368,-2.524643183,-2.205717325,0.040612049,-0.106214106,-2.205731630,ros2_odometer_state
M19C_S1_lab_hard_floor_B1_U050_R1,517.062851206,5.262154646,command,0.500000,-2.037104368,-2.524643183,-2.205717325,0.040410310,-0.106204972,-2.205708027,ros2_odometer_state
M19C_S1_lab_hard_floor_B1_U050_R1,517.064870833,5.264174273,command,0.500000,-2.037104368,-2.524643183,-2.205717325,0.040209826,-0.106213987,-2.205645561,ros2_odometer_state
M19C_S1_lab_hard_floor_B1_U050_R1,517.067434321,5.266737761,command,0.500000,-2.037104368,-2.524643183,-2.205717325,0.039995484,-0.106239222,-2.205525637,ros2_odometer_state
M19C_S1_lab_hard_floor_B1_U050_R1,517.068947978,5.268251418,command,0.500000,-2.037104368,-2.524643183,-2.205717325,0.039772518,-0.106294066,-2.205331326,ros2_odometer_state
M19C_S1_lab_hard_floor_B1_U050_R1,517.070916244,5.270219684,command,0.500000,-2.037104368,-2.524643183,-2.205717325,0.039543238,-0.106371246,-2.205082893,ros2_odometer_state
M19C_S1_lab_hard_floor_B1_U050_R1,517.073430290,5.272733730,command,0.500000,-2.037104368,-2.524643183,-2.205717325,0.039310224,-0.106453992,-2.204808474,ros2_odometer_state
M19C_S1_lab_hard_floor_B1_U050_R1,517.074870856,5.274174296,command,0.500000,-2.037104368,-2.524643183,-2.205717325,0.039094873,-0.106527843,-2.204560757,ros2_odometer_state
M19C_S1_lab_hard_floor_B1_U050_R1,517.077887385,5.277190825,command,0.500000,-2.037104368,-2.524643183,-2.205717325,0.038894273,-0.106587216,-2.204324961,ros2_odometer_state
M19C_S1_lab_hard_floor_B1_U050_R1,517.078360650,5.277664090,command,0.500000,-2.037104368,-2.524643183,-2.205717325,0.038894273,-0.106587216,-2.204324961,ros2_odometer_state
M19C_S1_lab_hard_floor_B1_U050_R1,517.081089809,5.280393249,command,0.500000,-2.046904802,-2.534777641,-2.204059362,0.038422585,-0.106692016,-2.203747511,ros2_odometer_state
M19C_S1_lab_hard_floor_B1_U050_R1,517.082953686,5.282257126,command,0.500000,-2.046904802,-2.534777641,-2.204059362,0.038133107,-0.106741376,-2.203395367,ros2_odometer_state
M19C_S1_lab_hard_floor_B1_U050_R1,517.084922944,5.284226384,command,0.500000,-2.046904802,-2.534777641,-2.204059362,0.037861452,-0.106820501,-2.203025103,ros2_odometer_state
M19C_S1_lab_hard_floor_B1_U050_R1,517.086869513,5.286172953,command,0.500000,-2.046904802,-2.534777641,-2.204059362,0.037609644,-0.106957018,-2.202640772,ros2_odometer_state
M19C_S1_lab_hard_floor_B1_U050_R1,517.088981240,5.288284680,command,0.500000,-2.046904802,-2.534777641,-2.204059362,0.037362084,-0.107155681,-2.202223063,ros2_odometer_state
M19C_S1_lab_hard_floor_B1_U050_R1,517.090849694,5.290153134,command,0.500000,-2.046904802,-2.534777641,-2.204059362,0.037108239,-0.107371986,-2.201793909,ros2_odometer_state
M19C_S1_lab_hard_floor_B1_U050_R1,517.092988142,5.292291582,command,0.500000,-2.046904802,-2.534777641,-2.204059362,0.036830701,-0.107571870,-2.201343775,ros2_odometer_state
M19C_S1_lab_hard_floor_B1_U050_R1,517.095242850,5.294546290,command,0.500000,-2.046904802,-2.534777641,-2.204059362,0.036530461,-0.107710093,-2.200889826,ros2_odometer_state
M19C_S1_lab_hard_floor_B1_U050_R1,517.097536376,5.296839816,command,0.500000,-2.046904802,-2.534777641,-2.204059362,0.036211409,-0.107774042,-2.200463533,ros2_odometer_state
M19C_S1_lab_hard_floor_B1_U050_R1,517.098998127,5.298301567,command,0.500000,-2.046904802,-2.534777641,-2.204059362,0.035881490,-0.107815862,-2.200048685,ros2_odometer_state
M19C_S1_lab_hard_floor_B1_U050_R1,517.101118366,5.300421806,command,0.500000,-2.055493116,-2.545043468,-2.200048685,0.035562575,-0.107869297,-2.199630260,ros2_odometer_state
M19C_S1_lab_hard_floor_B1_U050_R1,517.102927074,5.302230514,command,0.500000,-2.055493116,-2.545043468,-2.200048685,0.035265345,-0.107951686,-2.199212313,ros2_odometer_state
M19C_S1_lab_hard_floor_B1_U050_R1,517.104904556,5.304207996,command,0.500000,-2.055493116,-2.545043468,-2.200048685,0.034996137,-0.108075589,-2.198782682,ros2_odometer_state
M19C_S1_lab_hard_floor_B1_U050_R1,517.107001915,5.306305355,command,0.500000,-2.055493116,-2.545043468,-2.200048685,0.034754679,-0.108252697,-2.198329926,ros2_odometer_state
M19C_S1_lab_hard_floor_B1_U050_R1,517.108937059,5.308240499,command,0.500000,-2.055493116,-2.545043468,-2.200048685,0.034522433,-0.108462542,-2.197855949,ros2_odometer_state
M19C_S1_lab_hard_floor_B1_U050_R1,517.111234169,5.310537609,command,0.500000,-2.055493116,-2.545043468,-2.200048685,0.034303706,-0.108649209,-2.197386980,ros2_odometer_state
M19C_S1_lab_hard_floor_B1_U050_R1,517.112293729,5.311597169,command,0.500000,-2.055493116,-2.545043468,-2.200048685,0.034303706,-0.108649209,-2.197386980,ros2_odometer_state
M19C_S1_lab_hard_floor_B1_U050_R1,517.115028807,5.314332247,command,0.500000,-2.055493116,-2.545043468,-2.200048685,0.033856202,-0.108796224,-2.196550608,ros2_odometer_state
M19C_S1_lab_hard_floor_B1_U050_R1,517.118396069,5.317699509,command,0.500000,-2.055493116,-2.545043468,-2.200048685,0.033626512,-0.108744405,-2.196219206,ros2_odometer_state
M19C_S1_lab_hard_floor_B1_U050_R1,517.119467309,5.318770749,command,0.500000,-2.055493116,-2.545043468,-2.200048685,0.033393838,-0.108639970,-2.195916653,ros2_odometer_state
M19C_S1_lab_hard_floor_B1_U050_R1,517.121109707,5.320413147,command,0.500000,-2.064203262,-2.557157040,-2.195916653,0.033186756,-0.108536504,-2.195627213,ros2_odometer_state
M19C_S1_lab_hard_floor_B1_U050_R1,517.122994545,5.322297985,command,0.500000,-2.064203262,-2.557157040,-2.195916653,0.033027880,-0.108453169,-2.195351362,ros2_odometer_state
M19C_S1_lab_hard_floor_B1_U050_R1,517.125142754,5.324446194,command,0.500000,-2.064203262,-2.557157040,-2.195916653,0.032899220,-0.108404867,-2.195087433,ros2_odometer_state
M19C_S1_lab_hard_floor_B1_U050_R1,517.126857506,5.326160946,command,0.500000,-2.064203262,-2.557157040,-2.195916653,0.032792266,-0.108398832,-2.194815397,ros2_odometer_state
M19C_S1_lab_hard_floor_B1_U050_R1,517.129049076,5.328352516,command,0.500000,-2.064203262,-2.557157040,-2.195916653,0.032687500,-0.108399421,-2.194536686,ros2_odometer_state
M19C_S1_lab_hard_floor_B1_U050_R1,517.131111425,5.330414865,command,0.500000,-2.064203262,-2.557157040,-2.195916653,0.032572869,-0.108339503,-2.194297075,ros2_odometer_state
M19C_S1_lab_hard_floor_B1_U050_R1,517.133397271,5.332700711,command,0.500000,-2.064203262,-2.557157040,-2.195916653,0.032441713,-0.108175717,-2.194116592,ros2_odometer_state
M19C_S1_lab_hard_floor_B1_U050_R1,517.135068918,5.334372358,command,0.500000,-2.064203262,-2.557157040,-2.195916653,0.032284964,-0.107906945,-2.193966627,ros2_odometer_state
M19C_S1_lab_hard_floor_B1_U050_R1,517.137859870,5.337163310,command,0.500000,-2.064203262,-2.557157040,-2.195916653,0.032114882,-0.107547916,-2.193870068,ros2_odometer_state
M19C_S1_lab_hard_floor_B1_U050_R1,517.139450810,5.338754250,command,0.500000,-2.064203262,-2.557157040,-2.195916653,0.031961940,-0.107153393,-2.193850756,ros2_odometer_state
M19C_S1_lab_hard_floor_B1_U050_R1,517.141483526,5.340786966,command,0.500000,-2.072657347,-2.569089174,-2.193850756,0.031832971,-0.106788024,-2.193857193,ros2_odometer_state
M19C_S1_lab_hard_floor_B1_U050_R1,517.143236711,5.342540151,command,0.500000,-2.072657347,-2.569089174,-2.193850756,0.031735256,-0.106485978,-2.193858624,ros2_odometer_state
M19C_S1_lab_hard_floor_B1_U050_R1,517.145120334,5.344423774,command,0.500000,-2.072657347,-2.569089174,-2.193850756,0.031668685,-0.106238998,-2.193867922,ros2_odometer_state
M19C_S1_lab_hard_floor_B1_U050_R1,517.146996788,5.346300228,command,0.500000,-2.072657347,-2.569089174,-2.193850756,0.031597711,-0.106021695,-2.193890810,ros2_odometer_state
M19C_S1_lab_hard_floor_B1_U050_R1,517.149277033,5.348580473,command,0.500000,-2.072657347,-2.569089174,-2.193850756,0.031526089,-0.105807476,-2.193923473,ros2_odometer_state
M19C_S1_lab_hard_floor_B1_U050_R1,517.150898118,5.350201558,command,0.500000,-2.072657347,-2.569089174,-2.193850756,0.031458151,-0.105557866,-2.194014311,ros2_odometer_state
M19C_S1_lab_hard_floor_B1_U050_R1,517.152895377,5.352198817,command,0.500000,-2.072657347,-2.569089174,-2.193850756,0.031374235,-0.105247356,-2.194163084,ros2_odometer_state
M19C_S1_lab_hard_floor_B1_U050_R1,517.154902716,5.354206156,command,0.500000,-2.072657347,-2.569089174,-2.193850756,0.031271767,-0.104867324,-2.194355249,ros2_odometer_state
M19C_S1_lab_hard_floor_B1_U050_R1,517.156969001,5.356272441,command,0.500000,-2.072657347,-2.569089174,-2.193850756,0.031271767,-0.104867324,-2.194355249,ros2_odometer_state
M19C_S1_lab_hard_floor_B1_U050_R1,517.159092537,5.358395977,command,0.500000,-2.072657347,-2.569089174,-2.193850756,0.031012548,-0.103925720,-2.194846869,ros2_odometer_state
M19C_S1_lab_hard_floor_B1_U050_R1,517.160513614,5.359817054,command,0.500000,-2.080951691,-2.580942631,-2.194846869,0.031012548,-0.103925720,-2.194846869,ros2_odometer_state
M19C_S1_lab_hard_floor_B1_U050_R1,517.162373332,5.361676772,command,0.500000,-2.080951691,-2.580942631,-2.194846869,0.030871285,-0.103448398,-2.195129156,ros2_odometer_state
M19C_S1_lab_hard_floor_B1_U050_R1,517.165227327,5.364530767,command,0.500000,-2.080951691,-2.580942631,-2.194846869,0.030623848,-0.102624252,-2.195670366,ros2_odometer_state
M19C_S1_lab_hard_floor_B1_U050_R1,517.167213417,5.366516857,command,0.500000,-2.080951691,-2.580942631,-2.194846869,0.030481139,-0.102248318,-2.195933342,ros2_odometer_state
M19C_S1_lab_hard_floor_B1_U050_R1,517.169619779,5.368923219,command,0.500000,-2.080951691,-2.580942631,-2.194846869,0.030310009,-0.101862676,-2.196193218,ros2_odometer_state
M19C_S1_lab_hard_floor_B1_U050_R1,517.171254784,5.370558224,command,0.500000,-2.080951691,-2.580942631,-2.194846869,0.030086908,-0.101462685,-2.196446896,ros2_odometer_state
M19C_S1_lab_hard_floor_B1_U050_R1,517.173233194,5.372536634,command,0.500000,-2.080951691,-2.580942631,-2.194846869,0.029796429,-0.101041079,-2.196692705,ros2_odometer_state
M19C_S1_lab_hard_floor_B1_U050_R1,517.175228757,5.374532197,command,0.500000,-2.080951691,-2.580942631,-2.194846869,0.029446168,-0.100613654,-2.196924686,ros2_odometer_state
M19C_S1_lab_hard_floor_B1_U050_R1,517.177719314,5.377022754,command,0.500000,-2.080951691,-2.580942631,-2.194846869,0.029036706,-0.100206308,-2.197108984,ros2_odometer_state
M19C_S1_lab_hard_floor_B1_U050_R1,517.182420994,5.381724434,command,0.500000,-2.080951691,-2.580942631,-2.194846869,0.028561685,-0.099841259,-2.197232485,ros2_odometer_state
M19C_S1_lab_hard_floor_B1_U050_R1,517.183332581,5.382636021,command,0.500000,-2.088099957,-2.591213226,-2.197232485,0.028043387,-0.099500820,-2.197317123,ros2_odometer_state
M19C_S1_lab_hard_floor_B1_U050_R1,517.184380492,5.383683932,command,0.500000,-2.088099957,-2.591213226,-2.197232485,0.027503045,-0.099144787,-2.197359800,ros2_odometer_state
M19C_S1_lab_hard_floor_B1_U050_R1,517.184679511,5.383982951,command,0.500000,-2.088099957,-2.591213226,-2.197232485,0.027503045,-0.099144787,-2.197359800,ros2_odometer_state
M19C_S1_lab_hard_floor_B1_U050_R1,517.187031311,5.386334751,command,0.500000,-2.088099957,-2.591213226,-2.197232485,0.026253900,-0.098281078,-2.197421551,ros2_odometer_state
M19C_S1_lab_hard_floor_B1_U050_R1,517.189064571,5.388368011,command,0.500000,-2.088099957,-2.591213226,-2.197232485,0.025485517,-0.097776920,-2.197462559,ros2_odometer_state
M19C_S1_lab_hard_floor_B1_U050_R1,517.191038021,5.390341461,command,0.500000,-2.088099957,-2.591213226,-2.197232485,0.024609558,-0.097254343,-2.197431564,ros2_odometer_state
M19C_S1_lab_hard_floor_B1_U050_R1,517.193046928,5.392350368,command,0.500000,-2.088099957,-2.591213226,-2.197232485,0.023660796,-0.096746087,-2.197306633,ros2_odometer_state
M19C_S1_lab_hard_floor_B1_U050_R1,517.195045083,5.394348523,command,0.500000,-2.088099957,-2.591213226,-2.197232485,0.022683833,-0.096254967,-2.197105408,ros2_odometer_state
M19C_S1_lab_hard_floor_B1_U050_R1,517.199800525,5.399103965,command,0.500000,-2.088099957,-2.591213226,-2.197232485,0.021723280,-0.095763169,-2.196936131,ros2_odometer_state
M19C_S1_lab_hard_floor_B1_U050_R1,517.201216354,5.400519794,command,0.500000,-2.088099957,-2.591213226,-2.197232485,0.020832354,-0.095260471,-2.196893930,ros2_odometer_state
M19C_S1_lab_hard_floor_B1_U050_R1,517.202395694,5.401699134,command,0.500000,-2.096837759,-2.602132797,-2.196893930,0.020007314,-0.094747245,-2.197002172,ros2_odometer_state
M19C_S1_lab_hard_floor_B1_U050_R1,517.202833343,5.402136783,command,0.500000,-2.096837759,-2.602132797,-2.196893930,0.020007314,-0.094747245,-2.197002172,ros2_odometer_state
M19C_S1_lab_hard_floor_B1_U050_R1,517.206702767,5.406006207,command,0.500000,-2.096837759,-2.602132797,-2.196893930,0.018777076,-0.094408773,-2.198246717,ros2_odometer_state
M19C_S1_lab_hard_floor_B1_U050_R1,517.207612370,5.406915810,command,0.500000,-2.096837759,-2.602132797,-2.196893930,0.018325454,-0.094425507,-2.199041605,ros2_odometer_state
M19C_S1_lab_hard_floor_B1_U050_R1,517.208434096,5.407737536,command,0.500000,-2.096837759,-2.602132797,-2.196893930,0.018325454,-0.094425507,-2.199041605,ros2_odometer_state
M19C_S1_lab_hard_floor_B1_U050_R1,517.211238809,5.410542249,command,0.500000,-2.096837759,-2.602132797,-2.196893930,0.017727941,-0.093883872,-2.200325966,ros2_odometer_state
M19C_S1_lab_hard_floor_B1_U050_R1,517.212629709,5.411933149,command,0.500000,-2.096837759,-2.602132797,-2.196893930,0.017727941,-0.093883872,-2.200325966,ros2_odometer_state
M19C_S1_lab_hard_floor_B1_U050_R1,517.214413104,5.413716544,command,0.500000,-2.096837759,-2.602132797,-2.196893930,0.017548477,-0.093341947,-2.201124191,ros2_odometer_state
M19C_S1_lab_hard_floor_B1_U050_R1,517.218018071,5.417321511,command,0.500000,-2.096837759,-2.602132797,-2.196893930,0.017414767,-0.092636608,-2.202074051,ros2_odometer_state
M19C_S1_lab_hard_floor_B1_U050_R1,517.220139975,5.419443415,command,0.500000,-2.096837759,-2.602132797,-2.196893930,0.017355014,-0.091741361,-2.203077078,ros2_odometer_state
M19C_S1_lab_hard_floor_B1_U050_R1,517.222127025,5.421430465,command,0.500000,-2.105555534,-2.612897873,-2.204020739,0.017405163,-0.090637200,-2.204020739,ros2_odometer_state
M19C_S1_lab_hard_floor_B1_U050_R1,517.223457891,5.422761331,command,0.500000,-2.105555534,-2.612897873,-2.204020739,0.017573794,-0.089352362,-2.205008030,ros2_odometer_state
M19C_S1_lab_hard_floor_B1_U050_R1,517.224547500,5.423850940,command,0.500000,-2.105555534,-2.612897873,-2.204020739,0.017778253,-0.087934308,-2.206208706,ros2_odometer_state
M19C_S1_lab_hard_floor_B1_U050_R1,517.226431890,5.425735330,command,0.500000,-2.105555534,-2.612897873,-2.204020739,0.017980134,-0.086488098,-2.207564592,ros2_odometer_state
M19C_S1_lab_hard_floor_B1_U050_R1,517.229128439,5.428431879,command,0.500000,-2.105555534,-2.612897873,-2.204020739,0.018588295,-0.083752848,-2.210153580,ros2_odometer_state
M19C_S1_lab_hard_floor_B1_U050_R1,517.232441107,5.431744547,command,0.500000,-2.105555534,-2.612897873,-2.204020739,0.018958230,-0.082405113,-2.211436510,ros2_odometer_state
M19C_S1_lab_hard_floor_B1_U050_R1,517.232808161,5.432111601,command,0.500000,-2.105555534,-2.612897873,-2.204020739,0.018958230,-0.082405113,-2.211436510,ros2_odometer_state
M19C_S1_lab_hard_floor_B1_U050_R1,517.234684583,5.433988023,command,0.500000,-2.105555534,-2.612897873,-2.204020739,0.019275460,-0.081013367,-2.212773323,ros2_odometer_state
M19C_S1_lab_hard_floor_B1_U050_R1,517.237995907,5.437299347,command,0.500000,-2.105555534,-2.612897873,-2.204020739,0.019595431,-0.078174509,-2.215246677,ros2_odometer_state
M19C_S1_lab_hard_floor_B1_U050_R1,517.238709150,5.438012590,command,0.500000,-2.105555534,-2.612897873,-2.204020739,0.019595431,-0.078174509,-2.215246677,ros2_odometer_state
M19C_S1_lab_hard_floor_B1_U050_R1,517.240700328,5.440003768,command,0.500000,-2.110454321,-2.623103380,-2.216311932,0.019679682,-0.076719597,-2.216311932,ros2_odometer_state
M19C_S1_lab_hard_floor_B1_U050_R1,517.242625008,5.441928448,command,0.500000,-2.110454321,-2.623103380,-2.216311932,0.019742325,-0.075206123,-2.217335701,ros2_odometer_state
M19C_S1_lab_hard_floor_B1_U050_R1,517.244639324,5.443942764,command,0.500000,-2.110454321,-2.623103380,-2.216311932,0.019793561,-0.073661804,-2.218367100,ros2_odometer_state
M19C_S1_lab_hard_floor_B1_U050_R1,517.246684360,5.445987800,command,0.500000,-2.110454321,-2.623103380,-2.216311932,0.019823959,-0.072130546,-2.219392300,ros2_odometer_state
M19C_S1_lab_hard_floor_B1_U050_R1,517.248642962,5.447946402,command,0.500000,-2.110454321,-2.623103380,-2.216311932,0.019770095,-0.070625156,-2.220312595,ros2_odometer_state
M19C_S1_lab_hard_floor_B1_U050_R1,517.250582970,5.449886410,command,0.500000,-2.110454321,-2.623103380,-2.216311932,0.019602653,-0.069137990,-2.221066475,ros2_odometer_state
M19C_S1_lab_hard_floor_B1_U050_R1,517.252496162,5.451799602,command,0.500000,-2.110454321,-2.623103380,-2.216311932,0.019347647,-0.067661777,-2.221685410,ros2_odometer_state
M19C_S1_lab_hard_floor_B1_U050_R1,517.254496045,5.453799485,command,0.500000,-2.110454321,-2.623103380,-2.216311932,0.019026799,-0.066205062,-2.222228050,ros2_odometer_state
M19C_S1_lab_hard_floor_B1_U050_R1,517.257977199,5.457280639,command,0.500000,-2.110454321,-2.623103380,-2.216311932,0.018132593,-0.063303165,-2.223162651,ros2_odometer_state
M19C_S1_lab_hard_floor_B1_U050_R1,517.258752556,5.458055996,command,0.500000,-2.110454321,-2.623103380,-2.216311932,0.018132593,-0.063303165,-2.223162651,ros2_odometer_state
M19C_S1_lab_hard_floor_B1_U050_R1,517.261571478,5.460874918,command,0.500000,-2.114917994,-2.631690025,-2.223627329,0.016952414,-0.060296793,-2.224173546,ros2_odometer_state
M19C_S1_lab_hard_floor_B1_U050_R1,517.263464893,5.462768333,command,0.500000,-2.114917994,-2.631690025,-2.223627329,0.016292591,-0.058716685,-2.224834204,ros2_odometer_state
M19C_S1_lab_hard_floor_B1_U050_R1,517.264557670,5.463861110,command,0.500000,-2.114917994,-2.631690025,-2.223627329,0.016292591,-0.058716685,-2.224834204,ros2_odometer_state
M19C_S1_lab_hard_floor_B1_U050_R1,517.267650297,5.466953737,command,0.500000,-2.114917994,-2.631690025,-2.223627329,0.014792245,-0.055651635,-2.226025343,ros2_odometer_state
M19C_S1_lab_hard_floor_B1_U050_R1,517.269419356,5.468722796,command,0.500000,-2.114917994,-2.631690025,-2.223627329,0.013936946,-0.054270651,-2.226463556,ros2_odometer_state
M19C_S1_lab_hard_floor_B1_U050_R1,517.271267873,5.470571313,command,0.500000,-2.114917994,-2.631690025,-2.223627329,0.013023145,-0.052967764,-2.226922512,ros2_odometer_state
M19C_S1_lab_hard_floor_B1_U050_R1,517.272483630,5.471787070,command,0.500000,-2.114917994,-2.631690025,-2.223627329,0.013023145,-0.052967764,-2.226922512,ros2_odometer_state
M19C_S1_lab_hard_floor_B1_U050_R1,517.274690081,5.473993521,command,0.500000,-2.114917994,-2.631690025,-2.223627329,0.012089435,-0.051727071,-2.227442503,ros2_odometer_state
M19C_S1_lab_hard_floor_B1_U050_R1,517.277216095,5.476519535,command,0.500000,-2.114917994,-2.631690025,-2.223627329,0.011154897,-0.050567195,-2.227971792,ros2_odometer_state
M19C_S1_lab_hard_floor_B1_U050_R1,517.279575480,5.478878920,command,0.500000,-2.114917994,-2.631690025,-2.223627329,0.009268074,-0.048513796,-2.229179621,ros2_odometer_state
M19C_S1_lab_hard_floor_B1_U050_R1,517.281890703,5.481194143,command,0.500000,-2.119771957,-2.639602423,-2.229179621,0.008307440,-0.047529358,-2.229985237,ros2_odometer_state
M19C_S1_lab_hard_floor_B1_U050_R1,517.282614730,5.481918170,command,0.500000,-2.119771957,-2.639602423,-2.229179621,0.008307440,-0.047529358,-2.229985237,ros2_odometer_state
M19C_S1_lab_hard_floor_B1_U050_R1,517.285283150,5.484586590,command,0.500000,-2.119771957,-2.639602423,-2.229179621,0.006377481,-0.045590073,-2.231841564,ros2_odometer_state
M19C_S1_lab_hard_floor_B1_U050_R1,517.286531580,5.485835020,command,0.500000,-2.119771957,-2.639602423,-2.229179621,0.006377481,-0.045590073,-2.231841564,ros2_odometer_state
M19C_S1_lab_hard_floor_B1_U050_R1,517.289583343,5.488886783,command,0.500000,-2.119771957,-2.639602423,-2.229179621,0.004263149,-0.044032525,-2.233505726,ros2_odometer_state
M19C_S1_lab_hard_floor_B1_U050_R1,517.291282638,5.490586078,command,0.500000,-2.119771957,-2.639602423,-2.229179621,0.003176181,-0.043457184,-2.234273434,ros2_odometer_state
M19C_S1_lab_hard_floor_B1_U050_R1,517.292713252,5.492016692,command,0.500000,-2.119771957,-2.639602423,-2.229179621,0.003176181,-0.043457184,-2.234273434,ros2_odometer_state
M19C_S1_lab_hard_floor_B1_U050_R1,517.295262243,5.494565683,command,0.500000,-2.119771957,-2.639602423,-2.229179621,0.001025549,-0.042735379,-2.235674143,ros2_odometer_state
M19C_S1_lab_hard_floor_B1_U050_R1,517.297915974,5.497219414,command,0.500000,-2.119771957,-2.639602423,-2.229179621,0.000014597,-0.042509083,-2.236397266,ros2_odometer_state
M19C_S1_lab_hard_floor_B1_U050_R1,517.299385181,5.498688621,command,0.500000,-2.119771957,-2.639602423,-2.229179621,-0.000948706,-0.042295035,-2.237233162,ros2_odometer_state
M19C_S1_lab_hard_floor_B1_U050_R1,517.300718863,5.500022303,command,0.500000,-2.126365185,-2.646904469,-2.237233162,-0.000948706,-0.042295035,-2.237233162,ros2_odometer_state
M19C_S1_lab_hard_floor_B1_U050_R1,517.302580277,5.501883717,command,0.500000,-2.126365185,-2.646904469,-2.237233162,-0.001862247,-0.042078078,-2.238250732,ros2_odometer_state
M19C_S1_lab_hard_floor_B1_U050_R1,517.305297179,5.504600619,command,0.500000,-2.126365185,-2.646904469,-2.237233162,-0.003581995,-0.041735008,-2.240570784,ros2_odometer_state
M19C_S1_lab_hard_floor_B1_U050_R1,517.307248868,5.506552308,command,0.500000,-2.126365185,-2.646904469,-2.237233162,-0.004461435,-0.041655365,-2.241664886,ros2_odometer_state
M19C_S1_lab_hard_floor_B1_U050_R1,517.308573366,5.507876806,command,0.500000,-2.126365185,-2.646904469,-2.237233162,-0.004461435,-0.041655365,-2.241664886,ros2_odometer_state
M19C_S1_lab_hard_floor_B1_U050_R1,517.310558624,5.509862064,command,0.500000,-2.126365185,-2.646904469,-2.237233162,-0.005347284,-0.041635022,-2.242711306,ros2_odometer_state
M19C_S1_lab_hard_floor_B1_U050_R1,517.312577995,5.511881435,command,0.500000,-2.126365185,-2.646904469,-2.237233162,-0.006197366,-0.041640252,-2.243764639,ros2_odometer_state
M19C_S1_lab_hard_floor_B1_U050_R1,517.315346483,5.514649923,command,0.500000,-2.126365185,-2.646904469,-2.237233162,-0.007487926,-0.041798219,-2.245719194,ros2_odometer_state
M19C_S1_lab_hard_floor_B1_U050_R1,517.317230906,5.516534346,command,0.500000,-2.126365185,-2.646904469,-2.237233162,-0.007487926,-0.041798219,-2.245719194,ros2_odometer_state
M19C_S1_lab_hard_floor_B1_U050_R1,517.319439628,5.518743068,command,0.500000,-2.126365185,-2.646904469,-2.237233162,-0.007481249,-0.042486358,-2.247203827,ros2_odometer_state
M19C_S1_lab_hard_floor_B1_U050_R1,517.321468216,5.520771656,command,0.500000,-2.133994341,-2.657662630,-2.247203827,-0.006999981,-0.042608675,-2.247480631,ros2_odometer_state
M19C_S1_lab_hard_floor_B1_U050_R1,517.323659946,5.522963386,command,0.500000,-2.133994341,-2.657662630,-2.247203827,-0.006304291,-0.042419229,-2.247451305,ros2_odometer_state
M19C_S1_lab_hard_floor_B1_U050_R1,517.325023773,5.524327213,command,0.500000,-2.133994341,-2.657662630,-2.247203827,-0.006304291,-0.042419229,-2.247451305,ros2_odometer_state
M19C_S1_lab_hard_floor_B1_U050_R1,517.327523803,5.526827243,command,0.500000,-2.133994341,-2.657662630,-2.247203827,-0.004503800,-0.041914161,-2.247072697,ros2_odometer_state
M19C_S1_lab_hard_floor_B1_U050_R1,517.328683494,5.527986934,command,0.500000,-2.133994341,-2.657662630,-2.247203827,-0.004503800,-0.041914161,-2.247072697,ros2_odometer_state
M19C_S1_lab_hard_floor_B1_U050_R1,517.331338250,5.530641690,command,0.500000,-2.133994341,-2.657662630,-2.247203827,-0.002585532,-0.041507833,-2.246493340,ros2_odometer_state
M19C_S1_lab_hard_floor_B1_U050_R1,517.333441881,5.532745321,command,0.500000,-2.133994341,-2.657662630,-2.247203827,-0.001839940,-0.041240923,-2.246075153,ros2_odometer_state
M19C_S1_lab_hard_floor_B1_U050_R1,517.335323647,5.534627087,command,0.500000,-2.133994341,-2.657662630,-2.247203827,-0.001288596,-0.040985957,-2.245589495,ros2_odometer_state
M19C_S1_lab_hard_floor_B1_U050_R1,517.338107463,5.537410903,command,0.500000,-2.133994341,-2.657662630,-2.247203827,-0.000909237,-0.040750325,-2.244991064,ros2_odometer_state
M19C_S1_lab_hard_floor_B1_U050_R1,517.338881220,5.538184660,command,0.500000,-2.133994341,-2.657662630,-2.247203827,-0.000909237,-0.040750325,-2.244991064,ros2_odometer_state
M19C_S1_lab_hard_floor_B1_U050_R1,517.341488998,5.540792438,command,0.500000,-2.138694525,-2.668942451,-2.244264603,-0.000333410,-0.040360276,-2.243489027,ros2_odometer_state
M19C_S1_lab_hard_floor_B1_U050_R1,517.343438831,5.542742271,command,0.500000,-2.138694525,-2.668942451,-2.244264603,-0.000131916,-0.040142134,-2.242826223,ros2_odometer_state
M19C_S1_lab_hard_floor_B1_U050_R1,517.345550910,5.544854350,command,0.500000,-2.138694525,-2.668942451,-2.244264603,-0.000043911,-0.039875258,-2.242275476,ros2_odometer_state
M19C_S1_lab_hard_floor_B1_U050_R1,517.346974899,5.546278339,command,0.500000,-2.138694525,-2.668942451,-2.244264603,-0.000043911,-0.039875258,-2.242275476,ros2_odometer_state
M19C_S1_lab_hard_floor_B1_U050_R1,517.348964510,5.548267950,command,0.500000,-2.138694525,-2.668942451,-2.244264603,-0.000095006,-0.039588299,-2.241658926,ros2_odometer_state
M19C_S1_lab_hard_floor_B1_U050_R1,517.351515837,5.550819277,command,0.500000,-2.138694525,-2.668942451,-2.244264603,-0.000523784,-0.038893182,-2.240296125,ros2_odometer_state
M19C_S1_lab_hard_floor_B1_U050_R1,517.353419141,5.552722581,command,0.500000,-2.138694525,-2.668942451,-2.244264603,-0.000811107,-0.038409278,-2.239672661,ros2_odometer_state
M19C_S1_lab_hard_floor_B1_U050_R1,517.354647507,5.553950947,command,0.500000,-2.138694525,-2.668942451,-2.244264603,-0.000811107,-0.038409278,-2.239672661,ros2_odometer_state
M19C_S1_lab_hard_floor_B1_U050_R1,517.357330295,5.556633735,command,0.500000,-2.138694525,-2.668942451,-2.244264603,-0.001158720,-0.037894484,-2.238886356,ros2_odometer_state
M19C_S1_lab_hard_floor_B1_U050_R1,517.358799310,5.558102750,command,0.500000,-2.138694525,-2.668942451,-2.244264603,-0.001554726,-0.037372462,-2.237956047,ros2_odometer_state
M19C_S1_lab_hard_floor_B1_U050_R1,517.360804697,5.560108137,command,0.500000,-2.143251657,-2.680263281,-2.237010241,-0.001992268,-0.036861520,-2.237010241,ros2_odometer_state
M19C_S1_lab_hard_floor_B1_U050_R1,517.363446620,5.562750060,command,0.500000,-2.143251657,-2.680263281,-2.237010241,-0.002922359,-0.035826348,-2.235177755,ros2_odometer_state
M19C_S1_lab_hard_floor_B1_U050_R1,517.364686954,5.563990394,command,0.500000,-2.143251657,-2.680263281,-2.237010241,-0.002922359,-0.035826348,-2.235177755,ros2_odometer_state
M19C_S1_lab_hard_floor_B1_U050_R1,517.367408848,5.566712288,command,0.500000,-2.143251657,-2.680263281,-2.237010241,-0.003836096,-0.034740970,-2.233596802,ros2_odometer_state
M19C_S1_lab_hard_floor_B1_U050_R1,517.369871436,5.569174876,command,0.500000,-2.143251657,-2.680263281,-2.237010241,-0.004267817,-0.034217548,-2.232839823,ros2_odometer_state
M19C_S1_lab_hard_floor_B1_U050_R1,517.371665648,5.570969088,command,0.500000,-2.143251657,-2.680263281,-2.237010241,-0.004729389,-0.033761222,-2.231919765,ros2_odometer_state
M19C_S1_lab_hard_floor_B1_U050_R1,517.373678907,5.572982347,command,0.500000,-2.143251657,-2.680263281,-2.237010241,-0.005195125,-0.033361796,-2.230916977,ros2_odometer_state
M19C_S1_lab_hard_floor_B1_U050_R1,517.376224154,5.575527594,command,0.500000,-2.143251657,-2.680263281,-2.237010241,-0.005622400,-0.032949597,-2.230015516,ros2_odometer_state
M19C_S1_lab_hard_floor_B1_U050_R1,517.377454856,5.576758296,command,0.500000,-2.143251657,-2.680263281,-2.237010241,-0.005622400,-0.032949597,-2.230015516,ros2_odometer_state
M19C_S1_lab_hard_floor_B1_U050_R1,517.379573240,5.578876680,command,0.500000,-2.143251657,-2.680263281,-2.237010241,-0.006518961,-0.032021064,-2.228535414,ros2_odometer_state
M19C_S1_lab_hard_floor_B1_U050_R1,517.381681479,5.580984919,command,0.500000,-2.149733543,-2.689614534,-2.228535414,-0.007018725,-0.031573601,-2.227829933,ros2_odometer_state
M19C_S1_lab_hard_floor_B1_U050_R1,517.382777840,5.582081280,command,0.500000,-2.149733543,-2.689614534,-2.228535414,-0.007018725,-0.031573601,-2.227829933,ros2_odometer_state
M19C_S1_lab_hard_floor_B1_U050_R1,517.385511286,5.584814726,command,0.500000,-2.149733543,-2.689614534,-2.228535414,-0.008111138,-0.030814866,-2.226536751,ros2_odometer_state
M19C_S1_lab_hard_floor_B1_U050_R1,517.387460895,5.586764335,command,0.500000,-2.149733543,-2.689614534,-2.228535414,-0.008685267,-0.030480467,-2.225910187,ros2_odometer_state
M19C_S1_lab_hard_floor_B1_U050_R1,517.389509004,5.588812444,command,0.500000,-2.149733543,-2.689614534,-2.228535414,-0.009238204,-0.030134751,-2.225311041,ros2_odometer_state
M19C_S1_lab_hard_floor_B1_U050_R1,517.391426836,5.590730276,command,0.500000,-2.149733543,-2.689614534,-2.228535414,-0.009785124,-0.029761769,-2.224809885,ros2_odometer_state
M19C_S1_lab_hard_floor_B1_U050_R1,517.393480448,5.592783888,command,0.500000,-2.149733543,-2.689614534,-2.228535414,-0.010352938,-0.029340345,-2.224426746,ros2_odometer_state
M19C_S1_lab_hard_floor_B1_U050_R1,517.395464875,5.594768315,command,0.500000,-2.149733543,-2.689614534,-2.228535414,-0.010950121,-0.028872263,-2.224132299,ros2_odometer_state
M19C_S1_lab_hard_floor_B1_U050_R1,517.398215090,5.597518530,command,0.500000,-2.149733543,-2.689614534,-2.228535414,-0.011545722,-0.028387589,-2.223870516,ros2_odometer_state
M19C_S1_lab_hard_floor_B1_U050_R1,517.398996271,5.598299711,command,0.500000,-2.149733543,-2.689614534,-2.228535414,-0.011545722,-0.028387589,-2.223870516,ros2_odometer_state
M19C_S1_lab_hard_floor_B1_U050_R1,517.401643634,5.600947074,command,0.500000,-2.158135653,-2.698840380,-2.223607779,-0.012694397,-0.027602503,-2.223354340,ros2_odometer_state
M19C_S1_lab_hard_floor_B1_U050_R1,517.403511928,5.602815368,command,0.500000,-2.158135653,-2.698840380,-2.223607779,-0.013219167,-0.027338222,-2.223142624,ros2_odometer_state
M19C_S1_lab_hard_floor_B1_U050_R1,517.405529156,5.604832596,command,0.500000,-2.158135653,-2.698840380,-2.223607779,-0.013660129,-0.027120737,-2.222986221,ros2_odometer_state
M19C_S1_lab_hard_floor_B1_U050_R1,517.407582608,5.606886048,command,0.500000,-2.158135653,-2.698840380,-2.223607779,-0.014042412,-0.026915809,-2.222870588,ros2_odometer_state
M19C_S1_lab_hard_floor_B1_U050_R1,517.408787229,5.608090669,command,0.500000,-2.158135653,-2.698840380,-2.223607779,-0.014042412,-0.026915809,-2.222870588,ros2_odometer_state
M19C_S1_lab_hard_floor_B1_U050_R1,517.411550693,5.610854133,command,0.500000,-2.158135653,-2.698840380,-2.223607779,-0.014696606,-0.026427187,-2.222682238,ros2_odometer_state
M19C_S1_lab_hard_floor_B1_U050_R1,517.412896727,5.612200167,command,0.500000,-2.158135653,-2.698840380,-2.223607779,-0.014696606,-0.026427187,-2.222682238,ros2_odometer_state
M19C_S1_lab_hard_floor_B1_U050_R1,517.415489016,5.614792456,command,0.500000,-2.158135653,-2.698840380,-2.223607779,-0.015298795,-0.025794834,-2.222472668,ros2_odometer_state
M19C_S1_lab_hard_floor_B1_U050_R1,517.418261600,5.617565040,command,0.500000,-2.158135653,-2.698840380,-2.223607779,-0.015583687,-0.025456361,-2.222361565,ros2_odometer_state
M19C_S1_lab_hard_floor_B1_U050_R1,517.418967611,5.618271051,command,0.500000,-2.158135653,-2.698840380,-2.223607779,-0.015583687,-0.025456361,-2.222361565,ros2_odometer_state
M19C_S1_lab_hard_floor_B1_U050_R1,517.421642495,5.620945935,command,0.500000,-2.166461706,-2.708155870,-2.222256184,-0.016113790,-0.024891131,-2.222183704,ros2_odometer_state
M19C_S1_lab_hard_floor_B1_U050_R1,517.422834859,5.622138299,command,0.500000,-2.166461706,-2.708155870,-2.222256184,-0.016113790,-0.024891131,-2.222183704,ros2_odometer_state
M19C_S1_lab_hard_floor_B1_U050_R1,517.425543953,5.624847393,command,0.500000,-2.166461706,-2.708155870,-2.222256184,-0.016601959,-0.024607403,-2.222175121,ros2_odometer_state
M19C_S1_lab_hard_floor_B1_U050_R1,517.426886211,5.626189651,command,0.500000,-2.166461706,-2.708155870,-2.222256184,-0.016601959,-0.024607403,-2.222175121,ros2_odometer_state
M19C_S1_lab_hard_floor_B1_U050_R1,517.428982130,5.628285570,command,0.500000,-2.166461706,-2.708155870,-2.222256184,-0.016806168,-0.024544289,-2.222275257,ros2_odometer_state
M19C_S1_lab_hard_floor_B1_U050_R1,517.430875768,5.630179208,command,0.500000,-2.166461706,-2.708155870,-2.222256184,-0.016978830,-0.024508215,-2.222399712,ros2_odometer_state
M19C_S1_lab_hard_floor_B1_U050_R1,517.432984391,5.632287831,command,0.500000,-2.166461706,-2.708155870,-2.222256184,-0.017147193,-0.024470771,-2.222465277,ros2_odometer_state
M19C_S1_lab_hard_floor_B1_U050_R1,517.435597449,5.634900889,command,0.500000,-2.166461706,-2.708155870,-2.222256184,-0.017483883,-0.024329429,-2.222364902,ros2_odometer_state
M19C_S1_lab_hard_floor_B1_U050_R1,517.439360950,5.638664390,command,0.500000,-2.166461706,-2.708155870,-2.222256184,-0.017641433,-0.024224130,-2.222212076,ros2_odometer_state
M19C_S1_lab_hard_floor_B1_U050_R1,517.441108280,5.640411720,command,0.500000,-2.166461706,-2.708155870,-2.222256184,-0.017788131,-0.024135938,-2.222052097,ros2_odometer_state
M19C_S1_lab_hard_floor_B1_U050_R1,517.442116189,5.641419629,command,0.500000,-2.173502445,-2.718220472,-2.222052097,-0.017881745,-0.024102138,-2.221975327,ros2_odometer_state
M19C_S1_lab_hard_floor_B1_U050_R1,517.443781372,5.643084812,command,0.500000,-2.173502445,-2.718220472,-2.222052097,-0.017923748,-0.024141589,-2.221993446,ros2_odometer_state
M19C_S1_lab_hard_floor_B1_U050_R1,517.445585951,5.644889391,command,0.500000,-2.173502445,-2.718220472,-2.222052097,-0.017952753,-0.024232658,-2.221977949,ros2_odometer_state
M19C_S1_lab_hard_floor_B1_U050_R1,517.447624172,5.646927612,command,0.500000,-2.173502445,-2.718220472,-2.222052097,-0.017975653,-0.024330148,-2.221843243,ros2_odometer_state
M19C_S1_lab_hard_floor_B1_U050_R1,517.449657848,5.648961288,command,0.500000,-2.173502445,-2.718220472,-2.222052097,-0.017976047,-0.024417698,-2.221640825,ros2_odometer_state
M19C_S1_lab_hard_floor_B1_U050_R1,517.451555775,5.650859215,command,0.500000,-2.173502445,-2.718220472,-2.222052097,-0.017960077,-0.024515279,-2.221436977,ros2_odometer_state
M19C_S1_lab_hard_floor_B1_U050_R1,517.453609708,5.652913148,command,0.500000,-2.173502445,-2.718220472,-2.222052097,-0.017910050,-0.024638273,-2.221251488,ros2_odometer_state
M19C_S1_lab_hard_floor_B1_U050_R1,517.455667289,5.654970729,command,0.500000,-2.173502445,-2.718220472,-2.222052097,-0.017814880,-0.024767678,-2.221005440,ros2_odometer_state
M19C_S1_lab_hard_floor_B1_U050_R1,517.458258714,5.657562154,command,0.500000,-2.173502445,-2.718220472,-2.222052097,-0.017715387,-0.024865057,-2.220643282,ros2_odometer_state
M19C_S1_lab_hard_floor_B1_U050_R1,517.459751922,5.659055362,command,0.500000,-2.173502445,-2.718220472,-2.222052097,-0.017616646,-0.024902839,-2.220164537,ros2_odometer_state
M19C_S1_lab_hard_floor_B1_U050_R1,517.461746140,5.661049580,command,0.500000,-2.181194544,-2.727384329,-2.220164537,-0.017479064,-0.024866777,-2.219599962,ros2_odometer_state
M19C_S1_lab_hard_floor_B1_U050_R1,517.463629571,5.662933011,command,0.500000,-2.181194544,-2.727384329,-2.220164537,-0.017257180,-0.024788892,-2.219044447,ros2_odometer_state
M19C_S1_lab_hard_floor_B1_U050_R1,517.465603597,5.664907037,command,0.500000,-2.181194544,-2.727384329,-2.220164537,-0.016990930,-0.024795800,-2.218563080,ros2_odometer_state
M19C_S1_lab_hard_floor_B1_U050_R1,517.467838112,5.667141552,command,0.500000,-2.181194544,-2.727384329,-2.220164537,-0.016718626,-0.024980400,-2.218203306,ros2_odometer_state
M19C_S1_lab_hard_floor_B1_U050_R1,517.468952618,5.668256058,command,0.500000,-2.181194544,-2.727384329,-2.220164537,-0.016718626,-0.024980400,-2.218203306,ros2_odometer_state
M19C_S1_lab_hard_floor_B1_U050_R1,517.471667920,5.670971360,command,0.500000,-2.181194544,-2.727384329,-2.220164537,-0.016114907,-0.025665982,-2.217301130,ros2_odometer_state
M19C_S1_lab_hard_floor_B1_U050_R1,517.472872541,5.672175981,command,0.500000,-2.181194544,-2.727384329,-2.220164537,-0.016114907,-0.025665982,-2.217301130,ros2_odometer_state
M19C_S1_lab_hard_floor_B1_U050_R1,517.474878600,5.674182040,command,0.500000,-2.181194544,-2.727384329,-2.220164537,-0.015827727,-0.026021902,-2.216486216,ros2_odometer_state
M19C_S1_lab_hard_floor_B1_U050_R1,517.478643989,5.677947429,command,0.500000,-2.181194544,-2.727384329,-2.220164537,-0.015126249,-0.026701493,-2.214775085,ros2_odometer_state
M19C_S1_lab_hard_floor_B1_U050_R1,517.479072069,5.678375509,command,0.500000,-2.181194544,-2.727384329,-2.220164537,-0.015126249,-0.026701493,-2.214775085,ros2_odometer_state
M19C_S1_lab_hard_floor_B1_U050_R1,517.481830764,5.681134204,command,0.500000,-2.189171314,-2.738260269,-2.213959932,-0.014229436,-0.027254477,-2.213152885,ros2_odometer_state
M19C_S1_lab_hard_floor_B1_U050_R1,517.483688690,5.682992130,command,0.500000,-2.189171314,-2.738260269,-2.213959932,-0.013715643,-0.027594330,-2.212445736,ros2_odometer_state
M19C_S1_lab_hard_floor_B1_U050_R1,517.485663996,5.684967436,command,0.500000,-2.189171314,-2.738260269,-2.213959932,-0.013172473,-0.027990548,-2.211900949,ros2_odometer_state
M19C_S1_lab_hard_floor_B1_U050_R1,517.487663847,5.686967287,command,0.500000,-2.189171314,-2.738260269,-2.213959932,-0.012619268,-0.028409496,-2.211542130,ros2_odometer_state
M19C_S1_lab_hard_floor_B1_U050_R1,517.489748821,5.689052261,command,0.500000,-2.189171314,-2.738260269,-2.213959932,-0.012048619,-0.028852697,-2.211286306,ros2_odometer_state
M19C_S1_lab_hard_floor_B1_U050_R1,517.491634107,5.690937547,command,0.500000,-2.189171314,-2.738260269,-2.213959932,-0.011457737,-0.029340321,-2.211021423,ros2_odometer_state
M19C_S1_lab_hard_floor_B1_U050_R1,517.493799500,5.693102940,command,0.500000,-2.189171314,-2.738260269,-2.213959932,-0.010890495,-0.029862819,-2.210680962,ros2_odometer_state
M19C_S1_lab_hard_floor_B1_U050_R1,517.495687667,5.694991107,command,0.500000,-2.189171314,-2.738260269,-2.213959932,-0.010306775,-0.030399799,-2.210266352,ros2_odometer_state
M19C_S1_lab_hard_floor_B1_U050_R1,517.497810082,5.697113522,command,0.500000,-2.189171314,-2.738260269,-2.213959932,-0.010306775,-0.030399799,-2.210266352,ros2_odometer_state
M19C_S1_lab_hard_floor_B1_U050_R1,517.499790221,5.699093661,command,0.500000,-2.189171314,-2.738260269,-2.213959932,-0.009009552,-0.031457063,-2.209468365,ros2_odometer_state
M19C_S1_lab_hard_floor_B1_U050_R1,517.502102307,5.701405747,command,0.500000,-2.197323561,-2.749194622,-2.209468365,-0.008332051,-0.032054693,-2.209239006,ros2_odometer_state
M19C_S1_lab_hard_floor_B1_U050_R1,517.503142346,5.702445786,command,0.500000,-2.197323561,-2.749194622,-2.209468365,-0.008332051,-0.032054693,-2.209239006,ros2_odometer_state
M19C_S1_lab_hard_floor_B1_U050_R1,517.505787917,5.705091357,command,0.500000,-2.197323561,-2.749194622,-2.209468365,-0.006869138,-0.033462085,-2.209169626,ros2_odometer_state
M19C_S1_lab_hard_floor_B1_U050_R1,517.508212616,5.707516056,command,0.500000,-2.197323561,-2.749194622,-2.209468365,-0.006099570,-0.034221563,-2.209243059,ros2_odometer_state
M19C_S1_lab_hard_floor_B1_U050_R1,517.509049735,5.708353175,command,0.500000,-2.197323561,-2.749194622,-2.209468365,-0.006099570,-0.034221563,-2.209243059,ros2_odometer_state
M19C_S1_lab_hard_floor_B1_U050_R1,517.510948686,5.710252126,command,0.500000,-2.197323561,-2.749194622,-2.209468365,-0.005327323,-0.034983106,-2.209351778,ros2_odometer_state
M19C_S1_lab_hard_floor_B1_U050_R1,517.513761880,5.713065320,command,0.500000,-2.197323561,-2.749194622,-2.209468365,-0.003722192,-0.036428791,-2.209527254,ros2_odometer_state
M19C_S1_lab_hard_floor_B1_U050_R1,517.514968581,5.714272021,command,0.500000,-2.197323561,-2.749194622,-2.209468365,-0.003722192,-0.036428791,-2.209527254,ros2_odometer_state
M19C_S1_lab_hard_floor_B1_U050_R1,517.518334755,5.717638195,command,0.500000,-2.197323561,-2.749194622,-2.209468365,-0.002129117,-0.037827410,-2.209786892,ros2_odometer_state
M19C_S1_lab_hard_floor_B1_U050_R1,517.519873501,5.719176941,command,0.500000,-2.197323561,-2.749194622,-2.209468365,-0.001325769,-0.038551901,-2.210005283,ros2_odometer_state
M19C_S1_lab_hard_floor_B1_U050_R1,517.521835270,5.721138710,command,0.500000,-2.205153704,-2.763249636,-2.210005283,-0.000547005,-0.039317913,-2.210188150,ros2_odometer_state
M19C_S1_lab_hard_floor_B1_U050_R1,517.522990097,5.722293537,command,0.500000,-2.205153704,-2.763249636,-2.210005283,-0.000547005,-0.039317913,-2.210188150,ros2_odometer_state
M19C_S1_lab_hard_floor_B1_U050_R1,517.526029219,5.725332659,command,0.500000,-2.205153704,-2.763249636,-2.210005283,0.000998810,-0.040991463,-2.210465670,ros2_odometer_state
M19C_S1_lab_hard_floor_B1_U050_R1,517.527926666,5.727230106,command,0.500000,-2.205153704,-2.763249636,-2.210005283,0.001796699,-0.041917555,-2.210699797,ros2_odometer_state
M19C_S1_lab_hard_floor_B1_U050_R1,517.529141592,5.728445032,command,0.500000,-2.205153704,-2.763249636,-2.210005283,0.001796699,-0.041917555,-2.210699797,ros2_odometer_state
M19C_S1_lab_hard_floor_B1_U050_R1,517.531015710,5.730319150,command,0.500000,-2.205153704,-2.763249636,-2.210005283,0.002621248,-0.042885505,-2.210985184,ros2_odometer_state
M19C_S1_lab_hard_floor_B1_U050_R1,517.533027049,5.732330489,command,0.500000,-2.205153704,-2.763249636,-2.210005283,0.003482378,-0.043865405,-2.211232901,ros2_odometer_state
M19C_S1_lab_hard_floor_B1_U050_R1,517.535744591,5.735048031,command,0.500000,-2.205153704,-2.763249636,-2.210005283,0.005296465,-0.045840170,-2.211619854,ros2_odometer_state
M19C_S1_lab_hard_floor_B1_U050_R1,517.538372657,5.737676097,command,0.500000,-2.205153704,-2.763249636,-2.210005283,0.006229282,-0.046843871,-2.211821318,ros2_odometer_state
M19C_S1_lab_hard_floor_B1_U050_R1,517.539862121,5.739165561,command,0.500000,-2.205153704,-2.763249636,-2.210005283,0.007163293,-0.047853488,-2.212005377,ros2_odometer_state
M19C_S1_lab_hard_floor_B1_U050_R1,517.543764315,5.743067755,command,0.500000,-2.213112354,-2.778056622,-2.212005377,0.007163293,-0.047853488,-2.212005377,ros2_odometer_state
M19C_S1_lab_hard_floor_B1_U050_R1,517.544885861,5.744189301,command,0.500000,-2.213112354,-2.778056622,-2.212005377,0.008093212,-0.048864648,-2.212141037,ros2_odometer_state
M19C_S1_lab_hard_floor_B1_U050_R1,517.545814536,5.745117976,command,0.500000,-2.213112354,-2.778056622,-2.212005377,0.009027098,-0.049887728,-2.212243319,ros2_odometer_state
M19C_S1_lab_hard_floor_B1_U050_R1,517.547736752,5.747040192,command,0.500000,-2.213112354,-2.778056622,-2.212005377,0.010950200,-0.052048463,-2.212467194,ros2_odometer_state
M19C_S1_lab_hard_floor_B1_U050_R1,517.549741435,5.749044875,command,0.500000,-2.213112354,-2.778056622,-2.212005377,0.011952227,-0.053186405,-2.212563992,ros2_odometer_state
M19C_S1_lab_hard_floor_B1_U050_R1,517.551040427,5.750343867,command,0.500000,-2.213112354,-2.778056622,-2.212005377,0.011952227,-0.053186405,-2.212563992,ros2_odometer_state
M19C_S1_lab_hard_floor_B1_U050_R1,517.554071933,5.753375373,command,0.500000,-2.213112354,-2.778056622,-2.212005377,0.014057850,-0.055497561,-2.212589979,ros2_odometer_state
M19C_S1_lab_hard_floor_B1_U050_R1,517.555393518,5.754696958,command,0.500000,-2.213112354,-2.778056622,-2.212005377,0.014057850,-0.055497561,-2.212589979,ros2_odometer_state
M19C_S1_lab_hard_floor_B1_U050_R1,517.558341437,5.757644877,command,0.500000,-2.213112354,-2.778056622,-2.212005377,0.016293233,-0.057823587,-2.212445259,ros2_odometer_state
M19C_S1_lab_hard_floor_B1_U050_R1,517.559773650,5.759077090,command,0.500000,-2.213112354,-2.778056622,-2.212005377,0.017460231,-0.058979772,-2.212294340,ros2_odometer_state
M19C_S1_lab_hard_floor_B1_U050_R1,517.561832095,5.761135535,command,0.500000,-2.221640348,-2.791917562,-2.212294340,0.018648654,-0.060121272,-2.212048531,ros2_odometer_state
M19C_S1_lab_hard_floor_B1_U050_R1,517.563731079,5.763034519,command,0.500000,-2.221640348,-2.791917562,-2.212294340,0.019857626,-0.061263923,-2.211724997,ros2_odometer_state
M19C_S1_lab_hard_floor_B1_U050_R1,517.565682256,5.764985696,command,0.500000,-2.221640348,-2.791917562,-2.212294340,0.021090483,-0.062441487,-2.211409092,ros2_odometer_state
M19C_S1_lab_hard_floor_B1_U050_R1,517.568334739,5.767638179,command,0.500000,-2.221640348,-2.791917562,-2.212294340,0.022343624,-0.063657425,-2.211158037,ros2_odometer_state
M19C_S1_lab_hard_floor_B1_U050_R1,517.569216884,5.768520324,command,0.500000,-2.221640348,-2.791917562,-2.212294340,0.022343624,-0.063657425,-2.211158037,ros2_odometer_state
M19C_S1_lab_hard_floor_B1_U050_R1,517.571819445,5.771122885,command,0.500000,-2.221640348,-2.791917562,-2.212294340,0.024924202,-0.066212244,-2.210733652,ros2_odometer_state
M19C_S1_lab_hard_floor_B1_U050_R1,517.574160173,5.773463613,command,0.500000,-2.221640348,-2.791917562,-2.212294340,0.026265256,-0.067550339,-2.210478067,ros2_odometer_state
M19C_S1_lab_hard_floor_B1_U050_R1,517.578014525,5.777317965,command,0.500000,-2.221640348,-2.791917562,-2.212294340,0.026265256,-0.067550339,-2.210478067,ros2_odometer_state
M19C_S1_lab_hard_floor_B1_U050_R1,517.579355920,5.778659360,command,0.500000,-2.221640348,-2.791917562,-2.212294340,0.027633922,-0.068924882,-2.210182667,ros2_odometer_state
M19C_S1_lab_hard_floor_B1_U050_R1,517.580890121,5.780193561,command,0.500000,-2.221640348,-2.791917562,-2.212294340,0.029025001,-0.070326477,-2.209856987,ros2_odometer_state
M19C_S1_lab_hard_floor_B1_U050_R1,517.582191098,5.781494538,command,0.500000,-2.230217457,-2.808529854,-2.209482193,0.030442549,-0.071732447,-2.209482193,ros2_odometer_state
M19C_S1_lab_hard_floor_B1_U050_R1,517.583353413,5.782656853,command,0.500000,-2.230217457,-2.808529854,-2.209482193,0.031885937,-0.073108837,-2.209039450,ros2_odometer_state
M19C_S1_lab_hard_floor_B1_U050_R1,517.586031593,5.785335033,command,0.500000,-2.230217457,-2.808529854,-2.209482193,0.034836870,-0.075762995,-2.207953691,ros2_odometer_state
M19C_S1_lab_hard_floor_B1_U050_R1,517.588167001,5.787470441,command,0.500000,-2.230217457,-2.808529854,-2.209482193,0.036326226,-0.077095442,-2.207447767,ros2_odometer_state
M19C_S1_lab_hard_floor_B1_U050_R1,517.590012639,5.789316079,command,0.500000,-2.230217457,-2.808529854,-2.209482193,0.037816878,-0.078492552,-2.206985474,ros2_odometer_state
M19C_S1_lab_hard_floor_B1_U050_R1,517.592077612,5.791381052,command,0.500000,-2.230217457,-2.808529854,-2.209482193,0.039248426,-0.080003381,-2.206390381,ros2_odometer_state
M19C_S1_lab_hard_floor_B1_U050_R1,517.594090647,5.793394087,command,0.500000,-2.230217457,-2.808529854,-2.209482193,0.040473998,-0.081664100,-2.205523968,ros2_odometer_state
M19C_S1_lab_hard_floor_B1_U050_R1,517.596049953,5.795353393,command,0.500000,-2.230217457,-2.808529854,-2.209482193,0.041441448,-0.083394542,-2.204676390,ros2_odometer_state
M19C_S1_lab_hard_floor_B1_U050_R1,517.598485244,5.797788684,command,0.500000,-2.230217457,-2.808529854,-2.209482193,0.042307176,-0.085056238,-2.204122782,ros2_odometer_state
M19C_S1_lab_hard_floor_B1_U050_R1,517.600136186,5.799439626,command,0.500000,-2.230217457,-2.808529854,-2.209482193,0.043077853,-0.086578727,-2.203893423,ros2_odometer_state
M19C_S1_lab_hard_floor_B1_U050_R1,517.602135684,5.801439124,command,0.500000,-2.241766453,-2.825075626,-2.203893423,0.043726146,-0.087924346,-2.203870296,ros2_odometer_state
M19C_S1_lab_hard_floor_B1_U050_R1,517.604220242,5.803523682,command,0.500000,-2.241766453,-2.825075626,-2.203893423,0.044313181,-0.089114100,-2.203835726,ros2_odometer_state
M19C_S1_lab_hard_floor_B1_U050_R1,517.605212600,5.804516040,command,0.500000,-2.241766453,-2.825075626,-2.203893423,0.044313181,-0.089114100,-2.203835726,ros2_odometer_state
M19C_S1_lab_hard_floor_B1_U050_R1,517.608201864,5.807505304,command,0.500000,-2.241766453,-2.825075626,-2.203893423,0.045250501,-0.091235809,-2.203255892,ros2_odometer_state
M19C_S1_lab_hard_floor_B1_U050_R1,517.612075417,5.811378857,command,0.500000,-2.241766453,-2.825075626,-2.203893423,0.045250501,-0.091235809,-2.203255892,ros2_odometer_state
M19C_S1_lab_hard_floor_B1_U050_R1,517.613430763,5.812734203,command,0.500000,-2.241766453,-2.825075626,-2.203893423,0.045513161,-0.092143483,-2.203231812,ros2_odometer_state
M19C_S1_lab_hard_floor_B1_U050_R1,517.614446513,5.813749953,command,0.500000,-2.241766453,-2.825075626,-2.203893423,0.045662697,-0.092980668,-2.203364849,ros2_odometer_state
M19C_S1_lab_hard_floor_B1_U050_R1,517.615666527,5.814969967,command,0.500000,-2.241766453,-2.825075626,-2.203893423,0.045686096,-0.093848132,-2.203374386,ros2_odometer_state
M19C_S1_lab_hard_floor_B1_U050_R1,517.618741266,5.818044706,command,0.500000,-2.241766453,-2.825075626,-2.203893423,0.045166496,-0.095862716,-2.202755451,ros2_odometer_state
M19C_S1_lab_hard_floor_B1_U050_R1,517.620208713,5.819512153,command,0.500000,-2.241766453,-2.825075626,-2.203893423,0.044665646,-0.096999191,-2.202415705,ros2_odometer_state
M19C_S1_lab_hard_floor_B1_U050_R1,517.622234933,5.821538373,command,0.500000,-2.255653143,-2.838755608,-2.202415705,0.044084586,-0.098182879,-2.202050686,ros2_odometer_state
M19C_S1_lab_hard_floor_B1_U050_R1,517.624150461,5.823453901,command,0.500000,-2.255653143,-2.838755608,-2.202415705,0.043441441,-0.099310122,-2.201549530,ros2_odometer_state
M19C_S1_lab_hard_floor_B1_U050_R1,517.626072261,5.825375701,command,0.500000,-2.255653143,-2.838755608,-2.202415705,0.042790458,-0.100327045,-2.200877905,ros2_odometer_state
M19C_S1_lab_hard_floor_B1_U050_R1,517.627954923,5.827258363,command,0.500000,-2.255653143,-2.838755608,-2.202415705,0.042194270,-0.101242304,-2.200142860,ros2_odometer_state
M19C_S1_lab_hard_floor_B1_U050_R1,517.629951318,5.829254758,command,0.500000,-2.255653143,-2.838755608,-2.202415705,0.041712601,-0.102057785,-2.199469805,ros2_odometer_state
M19C_S1_lab_hard_floor_B1_U050_R1,517.631922976,5.831226416,command,0.500000,-2.255653143,-2.838755608,-2.202415705,0.041358836,-0.102791741,-2.198873520,ros2_odometer_state
M19C_S1_lab_hard_floor_B1_U050_R1,517.633243217,5.832546657,command,0.500000,-2.255653143,-2.838755608,-2.202415705,0.041358836,-0.102791741,-2.198873520,ros2_odometer_state
M19C_S1_lab_hard_floor_B1_U050_R1,517.635205467,5.834508907,command,0.500000,-2.255653143,-2.838755608,-2.202415705,0.041099582,-0.103433497,-2.198354959,ros2_odometer_state
M19C_S1_lab_hard_floor_B1_U050_R1,517.638517623,5.837821063,command,0.500000,-2.255653143,-2.838755608,-2.202415705,0.040798314,-0.104396179,-2.197566271,ros2_odometer_state
M19C_S1_lab_hard_floor_B1_U050_R1,517.639298996,5.838602436,command,0.500000,-2.255653143,-2.838755608,-2.202415705,0.040798314,-0.104396179,-2.197566271,ros2_odometer_state
M19C_S1_lab_hard_floor_B1_U050_R1,517.642108509,5.841411949,command,0.500000,-2.271778584,-2.849731922,-2.197243452,0.040642768,-0.105097823,-2.196917295,ros2_odometer_state
M19C_S1_lab_hard_floor_B1_U050_R1,517.643525138,5.842828578,command,0.500000,-2.271778584,-2.849731922,-2.197243452,0.040642768,-0.105097823,-2.196917295,ros2_odometer_state
M19C_S1_lab_hard_floor_B1_U050_R1,517.645274772,5.844578212,command,0.500000,-2.271778584,-2.849731922,-2.197243452,0.040554948,-0.105391636,-2.196551800,ros2_odometer_state
M19C_S1_lab_hard_floor_B1_U050_R1,517.648271204,5.847574644,command,0.500000,-2.271778584,-2.849731922,-2.197243452,0.040211909,-0.105842300,-2.195527315,ros2_odometer_state
M19C_S1_lab_hard_floor_B1_U050_R1,517.649991972,5.849295412,command,0.500000,-2.271778584,-2.849731922,-2.197243452,0.040029339,-0.106020629,-2.195003033,ros2_odometer_state
M19C_S1_lab_hard_floor_B1_U050_R1,517.652268985,5.851572425,command,0.500000,-2.271778584,-2.849731922,-2.197243452,0.039888319,-0.106217556,-2.194561005,ros2_odometer_state
M19C_S1_lab_hard_floor_B1_U050_R1,517.653407876,5.852711316,command,0.500000,-2.271778584,-2.849731922,-2.197243452,0.039888319,-0.106217556,-2.194561005,ros2_odometer_state
M19C_S1_lab_hard_floor_B1_U050_R1,517.656552730,5.855856170,command,0.500000,-2.271778584,-2.849731922,-2.197243452,0.039750729,-0.106733538,-2.194012403,ros2_odometer_state
M19C_S1_lab_hard_floor_B1_U050_R1,517.658673193,5.857976633,command,0.500000,-2.271778584,-2.849731922,-2.197243452,0.039694972,-0.107059211,-2.193782330,ros2_odometer_state
M19C_S1_lab_hard_floor_B1_U050_R1,517.660087454,5.859390894,command,0.500000,-2.271778584,-2.849731922,-2.197243452,0.039601296,-0.107411787,-2.193558931,ros2_odometer_state
M19C_S1_lab_hard_floor_B1_U050_R1,517.662317938,5.861621378,command,0.500000,-2.286095381,-2.859576941,-2.193558931,0.039477207,-0.107770093,-2.193350077,ros2_odometer_state
M19C_S1_lab_hard_floor_B1_U050_R1,517.664263834,5.863567274,command,0.500000,-2.286095381,-2.859576941,-2.193558931,0.039324380,-0.108115047,-2.193106174,ros2_odometer_state
M19C_S1_lab_hard_floor_B1_U050_R1,517.666204387,5.865507827,command,0.500000,-2.286095381,-2.859576941,-2.193558931,0.039155323,-0.108417690,-2.192772865,ros2_odometer_state
M19C_S1_lab_hard_floor_B1_U050_R1,517.668192142,5.867495582,command,0.500000,-2.286095381,-2.859576941,-2.193558931,0.038982145,-0.108628422,-2.192429066,ros2_odometer_state
M19C_S1_lab_hard_floor_B1_U050_R1,517.670211705,5.869515145,command,0.500000,-2.286095381,-2.859576941,-2.193558931,0.038826555,-0.108773343,-2.192151785,ros2_odometer_state
M19C_S1_lab_hard_floor_B1_U050_R1,517.672263302,5.871566742,command,0.500000,-2.286095381,-2.859576941,-2.193558931,0.038698677,-0.108929209,-2.191937685,ros2_odometer_state
M19C_S1_lab_hard_floor_B1_U050_R1,517.674178894,5.873482334,command,0.500000,-2.286095381,-2.859576941,-2.193558931,0.038591221,-0.109130494,-2.191769123,ros2_odometer_state
M19C_S1_lab_hard_floor_B1_U050_R1,517.676324798,5.875628238,command,0.500000,-2.286095381,-2.859576941,-2.193558931,0.038499087,-0.109377027,-2.191660643,ros2_odometer_state
M19C_S1_lab_hard_floor_B1_U050_R1,517.678000669,5.877304109,command,0.500000,-2.286095381,-2.859576941,-2.193558931,0.038499087,-0.109377027,-2.191660643,ros2_odometer_state
M19C_S1_lab_hard_floor_B1_U050_R1,517.680165102,5.879468542,command,0.500000,-2.286095381,-2.859576941,-2.193558931,0.038353682,-0.110000126,-2.191596985,ros2_odometer_state
M19C_S1_lab_hard_floor_B1_U050_R1,517.682375617,5.881679057,command,0.500000,-2.299180746,-2.870777369,-2.191596985,0.038290843,-0.110317625,-2.191579580,ros2_odometer_state
M19C_S1_lab_hard_floor_B1_U050_R1,517.685048037,5.884351477,command,0.500000,-2.299180746,-2.870777369,-2.191596985,0.038212549,-0.110559940,-2.191542625,ros2_odometer_state
M19C_S1_lab_hard_floor_B1_U050_R1,517.685558968,5.884862408,command,0.500000,-2.299180746,-2.870777369,-2.191596985,0.038212549,-0.110559940,-2.191542625,ros2_odometer_state
M19C_S1_lab_hard_floor_B1_U050_R1,517.688251101,5.887554541,command,0.500000,-2.299180746,-2.870777369,-2.191596985,0.037983291,-0.110770747,-2.191138983,ros2_odometer_state
M19C_S1_lab_hard_floor_B1_U050_R1,517.689473802,5.888777242,command,0.500000,-2.299180746,-2.870777369,-2.191596985,0.037983291,-0.110770747,-2.191138983,ros2_odometer_state
M19C_S1_lab_hard_floor_B1_U050_R1,517.691998313,5.891301753,command,0.500000,-2.299180746,-2.870777369,-2.191596985,0.037933171,-0.110999197,-2.190875053,ros2_odometer_state
M19C_S1_lab_hard_floor_B1_U050_R1,517.694018836,5.893322276,command,0.500000,-2.299180746,-2.870777369,-2.191596985,0.038014650,-0.111192308,-2.190927267,ros2_odometer_state
M19C_S1_lab_hard_floor_B1_U050_R1,517.695960989,5.895264429,command,0.500000,-2.299180746,-2.870777369,-2.191596985,0.038161121,-0.111441955,-2.191072941,ros2_odometer_state
M19C_S1_lab_hard_floor_B1_U050_R1,517.698534558,5.897837998,command,0.500000,-2.299180746,-2.870777369,-2.191596985,0.038348243,-0.111745216,-2.191258907,ros2_odometer_state
M19C_S1_lab_hard_floor_B1_U050_R1,517.700137274,5.899440714,command,0.500000,-2.299180746,-2.870777369,-2.191596985,0.038555428,-0.112062775,-2.191473961,ros2_odometer_state
M19C_S1_lab_hard_floor_B1_U050_R1,517.702099107,5.901402547,command,0.500000,-2.310722828,-2.883013964,-2.191473961,0.038769990,-0.112350091,-2.191717386,ros2_odometer_state
M19C_S1_lab_hard_floor_B1_U050_R1,517.703323537,5.902626977,command,0.500000,-2.310722828,-2.883013964,-2.191473961,0.038769990,-0.112350091,-2.191717386,ros2_odometer_state
M19C_S1_lab_hard_floor_B1_U050_R1,517.706089240,5.905392680,command,0.500000,-2.310722828,-2.883013964,-2.191473961,0.039195161,-0.112790048,-2.192101717,ros2_odometer_state
M19C_S1_lab_hard_floor_B1_U050_R1,517.708069443,5.907372883,command,0.500000,-2.310722828,-2.883013964,-2.191473961,0.039400943,-0.112913921,-2.192155838,ros2_odometer_state
M19C_S1_lab_hard_floor_B1_U050_R1,517.710140016,5.909443456,command,0.500000,-2.310722828,-2.883013964,-2.191473961,0.039626077,-0.113004230,-2.192217350,ros2_odometer_state
M19C_S1_lab_hard_floor_B1_U050_R1,517.713951519,5.913254959,command,0.500000,-2.310722828,-2.883013964,-2.191473961,0.039899182,-0.113163859,-2.192451715,ros2_odometer_state
M19C_S1_lab_hard_floor_B1_U050_R1,517.714858369,5.914161809,command,0.500000,-2.310722828,-2.883013964,-2.191473961,0.040245183,-0.113453232,-2.192919493,ros2_odometer_state
M19C_S1_lab_hard_floor_B1_U050_R1,517.716197555,5.915500995,command,0.500000,-2.310722828,-2.883013964,-2.191473961,0.040630069,-0.113829531,-2.193418503,ros2_odometer_state
M19C_S1_lab_hard_floor_B1_U050_R1,517.718114523,5.917417963,command,0.500000,-2.310722828,-2.883013964,-2.191473961,0.040630069,-0.113829531,-2.193418503,ros2_odometer_state
M19C_S1_lab_hard_floor_B1_U050_R1,517.720508692,5.919812132,command,0.500000,-2.310722828,-2.883013964,-2.191473961,0.041311588,-0.114452742,-2.194048166,ros2_odometer_state
M19C_S1_lab_hard_floor_B1_U050_R1,517.722290263,5.921593703,command,0.500000,-2.320353985,-2.892979860,-2.194048166,0.041622456,-0.114656076,-2.194261789,ros2_odometer_state
M19C_S1_lab_hard_floor_B1_U050_R1,517.724424999,5.923728439,command,0.500000,-2.320353985,-2.892979860,-2.194048166,0.041938309,-0.114824131,-2.194524288,ros2_odometer_state
M19C_S1_lab_hard_floor_B1_U050_R1,517.725599283,5.924902723,command,0.500000,-2.320353985,-2.892979860,-2.194048166,0.041938309,-0.114824131,-2.194524288,ros2_odometer_state
M19C_S1_lab_hard_floor_B1_U050_R1,517.728325465,5.927628905,command,0.500000,-2.320353985,-2.892979860,-2.194048166,0.042275429,-0.114969909,-2.194876909,ros2_odometer_state
M19C_S1_lab_hard_floor_B1_U050_R1,517.729600297,5.928903737,command,0.500000,-2.320353985,-2.892979860,-2.194048166,0.042275429,-0.114969909,-2.194876909,ros2_odometer_state
M19C_S1_lab_hard_floor_B1_U050_R1,517.732444883,5.931748323,command,0.500000,-2.320353985,-2.892979860,-2.194048166,0.043066978,-0.115370274,-2.196133137,ros2_odometer_state
M19C_S1_lab_hard_floor_B1_U050_R1,517.734432478,5.933735918,command,0.500000,-2.320353985,-2.892979860,-2.194048166,0.043272767,-0.115489081,-2.196498156,ros2_odometer_state
M19C_S1_lab_hard_floor_B1_U050_R1,517.735583849,5.934887289,command,0.500000,-2.320353985,-2.892979860,-2.194048166,0.043272767,-0.115489081,-2.196498156,ros2_odometer_state
M19C_S1_lab_hard_floor_B1_U050_R1,517.738091623,5.937395063,command,0.500000,-2.320353985,-2.892979860,-2.194048166,0.043509915,-0.115624383,-2.196852446,ros2_odometer_state
M19C_S1_lab_hard_floor_B1_U050_R1,517.740038767,5.939342207,command,0.500000,-2.320353985,-2.892979860,-2.194048166,0.043798447,-0.115775466,-2.197266340,ros2_odometer_state
M19C_S1_lab_hard_floor_B1_U050_R1,517.741660236,5.940963676,command,0.500000,-2.329012156,-2.903353453,-2.197740078,0.044125773,-0.115924247,-2.197740078,ros2_odometer_state
M19C_S1_lab_hard_floor_B1_U050_R1,517.744552120,5.943855560,command,0.500000,-2.329012156,-2.903353453,-2.197740078,0.044724591,-0.116125658,-2.198718071,ros2_odometer_state
M19C_S1_lab_hard_floor_B1_U050_R1,517.745544350,5.944847790,command,0.500000,-2.329012156,-2.903353453,-2.197740078,0.044724591,-0.116125658,-2.198718071,ros2_odometer_state
M19C_S1_lab_hard_floor_B1_U050_R1,517.748248515,5.947551955,command,0.500000,-2.329012156,-2.903353453,-2.197740078,0.044959355,-0.116167359,-2.199231386,ros2_odometer_state
M19C_S1_lab_hard_floor_B1_U050_R1,517.750145738,5.949449178,command,0.500000,-2.329012156,-2.903353453,-2.197740078,0.045335840,-0.116213955,-2.200362682,ros2_odometer_state
M19C_S1_lab_hard_floor_B1_U050_R1,517.752109843,5.951413283,command,0.500000,-2.329012156,-2.903353453,-2.197740078,0.045514043,-0.116249546,-2.200906754,ros2_odometer_state
M19C_S1_lab_hard_floor_B1_U050_R1,517.754086045,5.953389485,command,0.500000,-2.329012156,-2.903353453,-2.197740078,0.045869526,-0.116294667,-2.201803446,ros2_odometer_state
M19C_S1_lab_hard_floor_B1_U050_R1,517.755753436,5.955056876,command,0.500000,-2.329012156,-2.903353453,-2.197740078,0.045869526,-0.116294667,-2.201803446,ros2_odometer_state
M19C_S1_lab_hard_floor_B1_U050_R1,517.758842415,5.958145855,command,0.500000,-2.329012156,-2.903353453,-2.197740078,0.046223577,-0.116249189,-2.202762365,ros2_odometer_state
M19C_S1_lab_hard_floor_B1_U050_R1,517.766377994,5.965681434,command,0.500000,-2.329012156,-2.903353453,-2.197740078,0.046342306,-0.116203621,-2.203329802,ros2_odometer_state
M19C_S1_lab_hard_floor_B1_U050_R1,517.768234863,5.967538303,command,0.500000,-2.337484598,-2.913498878,-2.203329802,0.046404224,-0.116130054,-2.203941107,ros2_odometer_state
M19C_S1_lab_hard_floor_B1_U050_R1,517.769388058,5.968691498,command,0.500000,-2.337484598,-2.913498878,-2.203329802,0.046406556,-0.116022222,-2.204567432,ros2_odometer_state
M19C_S1_lab_hard_floor_B1_U050_R1,517.770307709,5.969611149,command,0.500000,-2.337484598,-2.913498878,-2.203329802,0.046351321,-0.115898035,-2.205195665,ros2_odometer_state
M19C_S1_lab_hard_floor_B1_U050_R1,517.771166685,5.970470125,command,0.500000,-2.337484598,-2.913498878,-2.203329802,0.046259008,-0.115769722,-2.205801010,ros2_odometer_state
M19C_S1_lab_hard_floor_B1_U050_R1,517.771999708,5.971303148,command,0.500000,-2.337484598,-2.913498878,-2.203329802,0.046148181,-0.115642071,-2.206352234,ros2_odometer_state
M19C_S1_lab_hard_floor_B1_U050_R1,517.772884605,5.972188045,command,0.500000,-2.337484598,-2.913498878,-2.203329802,0.046022113,-0.115505837,-2.206796646,ros2_odometer_state
M19C_S1_lab_hard_floor_B1_U050_R1,517.774194574,5.973498014,command,0.500000,-2.337484598,-2.913498878,-2.203329802,0.045899853,-0.115347013,-2.207144499,ros2_odometer_state
M19C_S1_lab_hard_floor_B1_U050_R1,517.776758286,5.976061726,command,0.500000,-2.337484598,-2.913498878,-2.203329802,0.045786876,-0.115158528,-2.207443714,ros2_odometer_state
M19C_S1_lab_hard_floor_B1_U050_R1,517.778078944,5.977382384,command,0.500000,-2.337484598,-2.913498878,-2.203329802,0.045786876,-0.115158528,-2.207443714,ros2_odometer_state
M19C_S1_lab_hard_floor_B1_U050_R1,517.782700717,5.982004157,command,0.500000,-2.337484598,-2.913498878,-2.203329802,0.045548696,-0.114731424,-2.208084106,ros2_odometer_state
M19C_S1_lab_hard_floor_B1_U050_R1,517.784359531,5.983662971,command,0.500000,-2.345371962,-2.924052238,-2.208084106,0.045410864,-0.114559487,-2.208386898,ros2_odometer_state
M19C_S1_lab_hard_floor_B1_U050_R1,517.785198538,5.984501978,command,0.500000,-2.345371962,-2.924052238,-2.208084106,0.045247782,-0.114431009,-2.208663225,ros2_odometer_state
M19C_S1_lab_hard_floor_B1_U050_R1,517.785481589,5.984785029,command,0.500000,-2.345371962,-2.924052238,-2.208084106,0.045247782,-0.114431009,-2.208663225,ros2_odometer_state
M19C_S1_lab_hard_floor_B1_U050_R1,517.790609589,5.989913029,command,0.500000,-2.345371962,-2.924052238,-2.208084106,0.044834539,-0.114313088,-2.209144831,ros2_odometer_state
M19C_S1_lab_hard_floor_B1_U050_R1,517.791498870,5.990802310,command,0.500000,-2.345371962,-2.924052238,-2.208084106,0.044587977,-0.114303961,-2.209317446,ros2_odometer_state
M19C_S1_lab_hard_floor_B1_U050_R1,517.793627174,5.992930614,command,0.500000,-2.345371962,-2.924052238,-2.208084106,0.044318315,-0.114298135,-2.209443569,ros2_odometer_state
M19C_S1_lab_hard_floor_B1_U050_R1,517.795173664,5.994477104,command,0.500000,-2.345371962,-2.924052238,-2.208084106,0.044039216,-0.114265367,-2.209567070,ros2_odometer_state
M19C_S1_lab_hard_floor_B1_U050_R1,517.795887290,5.995190730,command,0.500000,-2.345371962,-2.924052238,-2.208084106,0.044039216,-0.114265367,-2.209567070,ros2_odometer_state
M19C_S1_lab_hard_floor_B1_U050_R1,517.798401753,5.997705193,command,0.500000,-2.345371962,-2.924052238,-2.208084106,0.043776050,-0.114187814,-2.209722757,ros2_odometer_state
M19C_S1_lab_hard_floor_B1_U050_R1,517.800438629,5.999742069,command,0.500000,-2.345371962,-2.924052238,-2.208084106,0.043278735,-0.114014126,-2.210000992,ros2_odometer_state
M19C_S1_lab_hard_floor_B1_U050_R1,517.802295498,6.001598938,command,0.500000,-2.354421854,-2.934501171,-2.210000992,0.043039199,-0.113980576,-2.210058928,ros2_odometer_state
M19C_S1_lab_hard_floor_B1_U050_R1,517.804325366,6.003628806,command,0.500000,-2.354421854,-2.934501171,-2.210000992,0.042820551,-0.113967344,-2.210083961,ros2_odometer_state
M19C_S1_lab_hard_floor_B1_U050_R1,517.806219709,6.005523149,command,0.500000,-2.354421854,-2.934501171,-2.210000992,0.042605329,-0.113970228,-2.210075378,ros2_odometer_state
M19C_S1_lab_hard_floor_B1_U050_R1,517.807792568,6.007096008,command,0.500000,-2.354421854,-2.934501171,-2.210000992,0.042605329,-0.113970228,-2.210075378,ros2_odometer_state
M19C_S1_lab_hard_floor_B1_U050_R1,517.811725131,6.011028571,command,0.500000,-2.354421854,-2.934501171,-2.210000992,0.042373728,-0.114001632,-2.210001707,ros2_odometer_state
M19C_S1_lab_hard_floor_B1_U050_R1,517.813599570,6.012903010,command,0.500000,-2.354421854,-2.934501171,-2.210000992,0.042124361,-0.114056721,-2.209871054,ros2_odometer_state
M19C_S1_lab_hard_floor_B1_U050_R1,517.817099317,6.016402757,command,0.500000,-2.354421854,-2.934501171,-2.210000992,0.041864771,-0.114111118,-2.209715366,ros2_odometer_state
M19C_S1_lab_hard_floor_B1_U050_R1,517.818005207,6.017308647,command,0.500000,-2.354421854,-2.934501171,-2.210000992,0.041590266,-0.114117108,-2.209545135,ros2_odometer_state
M19C_S1_lab_hard_floor_B1_U050_R1,517.818882967,6.018186407,command,0.500000,-2.354421854,-2.934501171,-2.210000992,0.041274354,-0.114047483,-2.209321260,ros2_odometer_state
M19C_S1_lab_hard_floor_B1_U050_R1,517.819738391,6.019041831,command,0.500000,-2.354421854,-2.934501171,-2.210000992,0.040911619,-0.113907173,-2.209043503,ros2_odometer_state
M19C_S1_lab_hard_floor_B1_U050_R1,517.821681216,6.020984656,command,0.500000,-2.363960505,-2.944485188,-2.208769083,0.040559907,-0.113780655,-2.208769083,ros2_odometer_state
M19C_S1_lab_hard_floor_B1_U050_R1,517.824280929,6.023584369,command,0.500000,-2.363960505,-2.944485188,-2.208769083,0.039979648,-0.113752909,-2.208212137,ros2_odometer_state
M19C_S1_lab_hard_floor_B1_U050_R1,517.826192937,6.025496377,command,0.500000,-2.363960505,-2.944485188,-2.208769083,0.039716747,-0.113851115,-2.207936287,ros2_odometer_state
M19C_S1_lab_hard_floor_B1_U050_R1,517.827530363,6.026833803,command,0.500000,-2.363960505,-2.944485188,-2.208769083,0.039716747,-0.113851115,-2.207936287,ros2_odometer_state
M19C_S1_lab_hard_floor_B1_U050_R1,517.830180190,6.029483630,command,0.500000,-2.363960505,-2.944485188,-2.208769083,0.039175916,-0.114203952,-2.207292318,ros2_odometer_state
M19C_S1_lab_hard_floor_B1_U050_R1,517.832442099,6.031745539,command,0.500000,-2.363960505,-2.944485188,-2.208769083,0.038849503,-0.114341877,-2.206915140,ros2_odometer_state
M19C_S1_lab_hard_floor_B1_U050_R1,517.834212789,6.033516229,command,0.500000,-2.363960505,-2.944485188,-2.208769083,0.038484633,-0.114381984,-2.206527233,ros2_odometer_state
M19C_S1_lab_hard_floor_B1_U050_R1,517.836355238,6.035658678,command,0.500000,-2.363960505,-2.944485188,-2.208769083,0.038100123,-0.114346765,-2.206141233,ros2_odometer_state
M19C_S1_lab_hard_floor_B1_U050_R1,517.839298676,6.038602116,command,0.500000,-2.363960505,-2.944485188,-2.208769083,0.037721295,-0.114261217,-2.205765486,ros2_odometer_state
M19C_S1_lab_hard_floor_B1_U050_R1,517.840315706,6.039619146,command,0.500000,-2.363960505,-2.944485188,-2.208769083,0.037721295,-0.114261217,-2.205765486,ros2_odometer_state
M19C_S1_lab_hard_floor_B1_U050_R1,517.842410536,6.041713976,command,0.500000,-2.372547865,-2.956172943,-2.205383539,0.036997091,-0.114148252,-2.204973698,ros2_odometer_state
M19C_S1_lab_hard_floor_B1_U050_R1,517.844364785,6.043668225,command,0.500000,-2.372547865,-2.956172943,-2.205383539,0.036675964,-0.114191271,-2.204541683,ros2_odometer_state
M19C_S1_lab_hard_floor_B1_U050_R1,517.846334811,6.045638251,command,0.500000,-2.372547865,-2.956172943,-2.205383539,0.036379330,-0.114293903,-2.204106808,ros2_odometer_state
M19C_S1_lab_hard_floor_B1_U050_R1,517.848384776,6.047688216,command,0.500000,-2.372547865,-2.956172943,-2.205383539,0.036084056,-0.114420786,-2.203676701,ros2_odometer_state
M19C_S1_lab_hard_floor_B1_U050_R1,517.850408116,6.049711556,command,0.500000,-2.372547865,-2.956172943,-2.205383539,0.035790171,-0.114535309,-2.203258038,ros2_odometer_state
M19C_S1_lab_hard_floor_B1_U050_R1,517.852377533,6.051680973,command,0.500000,-2.372547865,-2.956172943,-2.205383539,0.035510845,-0.114594370,-2.202872515,ros2_odometer_state
M19C_S1_lab_hard_floor_B1_U050_R1,517.853590315,6.052893755,command,0.500000,-2.372547865,-2.956172943,-2.205383539,0.035510845,-0.114594370,-2.202872515,ros2_odometer_state
M19C_S1_lab_hard_floor_B1_U050_R1,517.856518712,6.055822152,command,0.500000,-2.372547865,-2.956172943,-2.205383539,0.034903858,-0.114459068,-2.202162981,ros2_odometer_state
M19C_S1_lab_hard_floor_B1_U050_R1,517.859129402,6.058432842,command,0.500000,-2.372547865,-2.956172943,-2.205383539,0.034589585,-0.114276782,-2.201802254,ros2_odometer_state
M19C_S1_lab_hard_floor_B1_U050_R1,517.859763474,6.059066914,command,0.500000,-2.372547865,-2.956172943,-2.205383539,0.034589585,-0.114276782,-2.201802254,ros2_odometer_state
M19C_S1_lab_hard_floor_B1_U050_R1,517.862704480,6.062007920,command,0.500000,-2.381265163,-2.968089819,-2.201458931,0.034041751,-0.113952138,-2.201133490,ros2_odometer_state
M19C_S1_lab_hard_floor_B1_U050_R1,517.864637352,6.063940792,command,0.500000,-2.381265163,-2.968089819,-2.201458931,0.033810269,-0.113873854,-2.200823545,ros2_odometer_state
M19C_S1_lab_hard_floor_B1_U050_R1,517.866576753,6.065880193,command,0.500000,-2.381265163,-2.968089819,-2.201458931,0.033608880,-0.113849655,-2.200522900,ros2_odometer_state
M19C_S1_lab_hard_floor_B1_U050_R1,517.868669663,6.067973103,command,0.500000,-2.381265163,-2.968089819,-2.201458931,0.033413257,-0.113839202,-2.200212955,ros2_odometer_state
M19C_S1_lab_hard_floor_B1_U050_R1,517.870366047,6.069669487,command,0.500000,-2.381265163,-2.968089819,-2.201458931,0.033193875,-0.113792993,-2.199901104,ros2_odometer_state
M19C_S1_lab_hard_floor_B1_U050_R1,517.873311661,6.072615101,command,0.500000,-2.381265163,-2.968089819,-2.201458931,0.032969549,-0.113645054,-2.199635029,ros2_odometer_state
M19C_S1_lab_hard_floor_B1_U050_R1,517.873800703,6.073104143,command,0.500000,-2.381265163,-2.968089819,-2.201458931,0.032969549,-0.113645054,-2.199635029,ros2_odometer_state
M19C_S1_lab_hard_floor_B1_U050_R1,517.876434210,6.075737650,command,0.500000,-2.381265163,-2.968089819,-2.201458931,0.032538332,-0.113033876,-2.199242115,ros2_odometer_state
M19C_S1_lab_hard_floor_B1_U050_R1,517.878653589,6.077957029,command,0.500000,-2.381265163,-2.968089819,-2.201458931,0.032538332,-0.113033876,-2.199242115,ros2_odometer_state
M19C_S1_lab_hard_floor_B1_U050_R1,517.881346586,6.080650026,command,0.500000,-2.381265163,-2.968089819,-2.201458931,0.032350823,-0.112650871,-2.199113846,ros2_odometer_state
M19C_S1_lab_hard_floor_B1_U050_R1,517.883036601,6.082340041,command,0.500000,-2.389435053,-2.979389668,-2.199010372,0.032166712,-0.112274088,-2.199010372,ros2_odometer_state
M19C_S1_lab_hard_floor_B1_U050_R1,517.884558034,6.083861474,command,0.500000,-2.389435053,-2.979389668,-2.199010372,0.032002863,-0.111939132,-2.198909044,ros2_odometer_state
M19C_S1_lab_hard_floor_B1_U050_R1,517.885920965,6.085224405,command,0.500000,-2.389435053,-2.979389668,-2.199010372,0.031855162,-0.111638159,-2.198796749,ros2_odometer_state
M19C_S1_lab_hard_floor_B1_U050_R1,517.888464805,6.087768245,command,0.500000,-2.389435053,-2.979389668,-2.199010372,0.031515870,-0.111028641,-2.198549747,ros2_odometer_state
M19C_S1_lab_hard_floor_B1_U050_R1,517.891046821,6.090350261,command,0.500000,-2.389435053,-2.979389668,-2.199010372,0.031338301,-0.110683396,-2.198474169,ros2_odometer_state
M19C_S1_lab_hard_floor_B1_U050_R1,517.892040778,6.091344218,command,0.500000,-2.389435053,-2.979389668,-2.199010372,0.031338301,-0.110683396,-2.198474169,ros2_odometer_state
M19C_S1_lab_hard_floor_B1_U050_R1,517.893900016,6.093203456,command,0.500000,-2.389435053,-2.979389668,-2.199010372,0.031169668,-0.110296547,-2.198452711,ros2_odometer_state
M19C_S1_lab_hard_floor_B1_U050_R1,517.896076225,6.095379665,command,0.500000,-2.389435053,-2.979389668,-2.199010372,0.031004354,-0.109861046,-2.198487759,ros2_odometer_state
M19C_S1_lab_hard_floor_B1_U050_R1,517.899236664,6.098540104,command,0.500000,-2.389435053,-2.979389668,-2.199010372,0.030648286,-0.108894236,-2.198631287,ros2_odometer_state
M19C_S1_lab_hard_floor_B1_U050_R1,517.900149658,6.099453098,command,0.500000,-2.389435053,-2.979389668,-2.199010372,0.030648286,-0.108894236,-2.198631287,ros2_odometer_state
M19C_S1_lab_hard_floor_B1_U050_R1,517.902527795,6.101831235,command,0.500000,-2.397408009,-2.990499496,-2.198762894,0.030285172,-0.107913077,-2.198928595,ros2_odometer_state
M19C_S1_lab_hard_floor_B1_U050_R1,517.903717504,6.103020944,command,0.500000,-2.397408009,-2.990499496,-2.198762894,0.030285172,-0.107913077,-2.198928595,ros2_odometer_state
M19C_S1_lab_hard_floor_B1_U050_R1,517.905662792,6.104966232,command,0.500000,-2.397408009,-2.990499496,-2.198762894,0.030093441,-0.107467555,-2.199112654,ros2_odometer_state
M19C_S1_lab_hard_floor_B1_U050_R1,517.910160305,6.109463745,command,0.500000,-2.397408009,-2.990499496,-2.198762894,0.029665468,-0.106617235,-2.199463606,ros2_odometer_state
M19C_S1_lab_hard_floor_B1_U050_R1,517.911118805,6.110422245,command,0.500000,-2.397408009,-2.990499496,-2.198762894,0.029385952,-0.106182106,-2.199623585,ros2_odometer_state
M19C_S1_lab_hard_floor_B1_U050_R1,517.914253418,6.113556858,command,0.500000,-2.397408009,-2.990499496,-2.198762894,0.029037559,-0.105738707,-2.199768066,ros2_odometer_state
M19C_S1_lab_hard_floor_B1_U050_R1,517.915363060,6.114666500,command,0.500000,-2.397408009,-2.990499496,-2.198762894,0.028635377,-0.105304457,-2.199884415,ros2_odometer_state
M19C_S1_lab_hard_floor_B1_U050_R1,517.915921000,6.115224440,command,0.500000,-2.397408009,-2.990499496,-2.198762894,0.028635377,-0.105304457,-2.199884415,ros2_odometer_state
M19C_S1_lab_hard_floor_B1_U050_R1,517.919211140,6.118514580,command,0.500000,-2.397408009,-2.990499496,-2.198762894,0.027709210,-0.104397252,-2.200089216,ros2_odometer_state
M19C_S1_lab_hard_floor_B1_U050_R1,517.920777374,6.120080814,command,0.500000,-2.397408009,-2.990499496,-2.198762894,0.027218830,-0.103891522,-2.200244188,ros2_odometer_state
M19C_S1_lab_hard_floor_B1_U050_R1,517.921847654,6.121151094,command,0.500000,-2.404479265,-3.000382185,-2.200244188,0.027218830,-0.103891522,-2.200244188,ros2_odometer_state
M19C_S1_lab_hard_floor_B1_U050_R1,517.924537739,6.123841179,command,0.500000,-2.404479265,-3.000382185,-2.200244188,0.026109532,-0.102795072,-2.200684786,ros2_odometer_state
M19C_S1_lab_hard_floor_B1_U050_R1,517.925774105,6.125077545,command,0.500000,-2.404479265,-3.000382185,-2.200244188,0.026109532,-0.102795072,-2.200684786,ros2_odometer_state
M19C_S1_lab_hard_floor_B1_U050_R1,517.928513408,6.127816848,command,0.500000,-2.404479265,-3.000382185,-2.200244188,0.024676105,-0.101657398,-2.200973511,ros2_odometer_state
M19C_S1_lab_hard_floor_B1_U050_R1,517.930490314,6.129793754,command,0.500000,-2.404479265,-3.000382185,-2.200244188,0.023854986,-0.101112224,-2.201048136,ros2_odometer_state
M19C_S1_lab_hard_floor_B1_U050_R1,517.932542839,6.131846279,command,0.500000,-2.404479265,-3.000382185,-2.200244188,0.022988843,-0.100569151,-2.201130152,ros2_odometer_state
M19C_S1_lab_hard_floor_B1_U050_R1,517.934539874,6.133843314,command,0.500000,-2.404479265,-3.000382185,-2.200244188,0.022122448,-0.100022264,-2.201261520,ros2_odometer_state
M19C_S1_lab_hard_floor_B1_U050_R1,517.935790736,6.135094176,command,0.500000,-2.404479265,-3.000382185,-2.200244188,0.022122448,-0.100022264,-2.201261520,ros2_odometer_state
M19C_S1_lab_hard_floor_B1_U050_R1,517.939120429,6.138423869,command,0.500000,-2.404479265,-3.000382185,-2.200244188,0.020526314,-0.098870330,-2.201745510,ros2_odometer_state
M19C_S1_lab_hard_floor_B1_U050_R1,517.939818823,6.139122263,command,0.500000,-2.404479265,-3.000382185,-2.200244188,0.020526314,-0.098870330,-2.201745510,ros2_odometer_state
M19C_S1_lab_hard_floor_B1_U050_R1,517.942628720,6.141932160,command,0.500000,-2.412512302,-3.010232687,-2.202067614,0.019808268,-0.098271996,-2.202067614,ros2_odometer_state
M19C_S1_lab_hard_floor_B1_U050_R1,517.944070086,6.143373526,command,0.500000,-2.412512302,-3.010232687,-2.202067614,0.019180922,-0.097757459,-2.202527285,ros2_odometer_state
M19C_S1_lab_hard_floor_B1_U050_R1,517.946590661,6.145894101,command,0.500000,-2.412512302,-3.010232687,-2.202067614,0.018540062,-0.097590759,-2.204507828,ros2_odometer_state
M19C_S1_lab_hard_floor_B1_U050_R1,517.949002463,6.148305903,command,0.500000,-2.412512302,-3.010232687,-2.202067614,0.018374383,-0.097524583,-2.205455542,ros2_odometer_state
M19C_S1_lab_hard_floor_B1_U050_R1,517.950513592,6.149817032,command,0.500000,-2.412512302,-3.010232687,-2.202067614,0.018254163,-0.097333528,-2.206371307,ros2_odometer_state
M19C_S1_lab_hard_floor_B1_U050_R1,517.952637223,6.151940663,command,0.500000,-2.412512302,-3.010232687,-2.202067614,0.018204477,-0.097068153,-2.207471848,ros2_odometer_state
M19C_S1_lab_hard_floor_B1_U050_R1,517.954471820,6.153775260,command,0.500000,-2.412512302,-3.010232687,-2.202067614,0.018162571,-0.096661501,-2.208727360,ros2_odometer_state
M19C_S1_lab_hard_floor_B1_U050_R1,517.956669726,6.155973166,command,0.500000,-2.412512302,-3.010232687,-2.202067614,0.018188609,-0.096089713,-2.210011244,ros2_odometer_state
M19C_S1_lab_hard_floor_B1_U050_R1,517.959143067,6.158446507,command,0.500000,-2.412512302,-3.010232687,-2.202067614,0.018321140,-0.095312476,-2.211254358,ros2_odometer_state
M19C_S1_lab_hard_floor_B1_U050_R1,517.960653043,6.159956483,command,0.500000,-2.412512302,-3.010232687,-2.202067614,0.018550098,-0.094314024,-2.212522030,ros2_odometer_state
M19C_S1_lab_hard_floor_B1_U050_R1,517.962607100,6.161910540,command,0.500000,-2.420336246,-3.021113873,-2.212522030,0.018851854,-0.093105353,-2.213896036,ros2_odometer_state
M19C_S1_lab_hard_floor_B1_U050_R1,517.964584806,6.163888246,command,0.500000,-2.420336246,-3.021113873,-2.212522030,0.019167846,-0.091709979,-2.215361595,ros2_odometer_state
M19C_S1_lab_hard_floor_B1_U050_R1,517.966517263,6.165820703,command,0.500000,-2.420336246,-3.021113873,-2.212522030,0.019437509,-0.090243779,-2.216773272,ros2_odometer_state
M19C_S1_lab_hard_floor_B1_U050_R1,517.968536474,6.167839914,command,0.500000,-2.420336246,-3.021113873,-2.212522030,0.019691443,-0.088853367,-2.218052626,ros2_odometer_state
M19C_S1_lab_hard_floor_B1_U050_R1,517.970911027,6.170214467,command,0.500000,-2.420336246,-3.021113873,-2.212522030,0.019963436,-0.087569602,-2.219228029,ros2_odometer_state
M19C_S1_lab_hard_floor_B1_U050_R1,517.972907486,6.172210926,command,0.500000,-2.420336246,-3.021113873,-2.212522030,0.020244921,-0.086350344,-2.220404625,ros2_odometer_state
M19C_S1_lab_hard_floor_B1_U050_R1,517.973952613,6.173256053,command,0.500000,-2.420336246,-3.021113873,-2.212522030,0.020244921,-0.086350344,-2.220404625,ros2_odometer_state
M19C_S1_lab_hard_floor_B1_U050_R1,517.976779663,6.176083103,command,0.500000,-2.420336246,-3.021113873,-2.212522030,0.020748584,-0.083978221,-2.222780704,ros2_odometer_state
M19C_S1_lab_hard_floor_B1_U050_R1,517.978524048,6.177827488,command,0.500000,-2.420336246,-3.021113873,-2.212522030,0.020748584,-0.083978221,-2.222780704,ros2_odometer_state
M19C_S1_lab_hard_floor_B1_U050_R1,517.980739235,6.180042675,command,0.500000,-2.420336246,-3.021113873,-2.212522030,0.021074742,-0.081566967,-2.224914074,ros2_odometer_state
M19C_S1_lab_hard_floor_B1_U050_R1,517.982825041,6.182128481,command,0.500000,-2.424361944,-3.031162500,-2.224914074,0.021132190,-0.080222316,-2.225987911,ros2_odometer_state
M19C_S1_lab_hard_floor_B1_U050_R1,517.984794715,6.184098155,command,0.500000,-2.424361944,-3.031162500,-2.224914074,0.021124190,-0.078830883,-2.226933718,ros2_odometer_state
M19C_S1_lab_hard_floor_B1_U050_R1,517.986611007,6.185914447,command,0.500000,-2.424361944,-3.031162500,-2.224914074,0.021014135,-0.077444933,-2.227663040,ros2_odometer_state
M19C_S1_lab_hard_floor_B1_U050_R1,517.988605962,6.187909402,command,0.500000,-2.424361944,-3.031162500,-2.224914074,0.020810362,-0.076048002,-2.228240967,ros2_odometer_state
M19C_S1_lab_hard_floor_B1_U050_R1,517.990562643,6.189866083,command,0.500000,-2.424361944,-3.031162500,-2.224914074,0.020530105,-0.074636444,-2.228777647,ros2_odometer_state
M19C_S1_lab_hard_floor_B1_U050_R1,517.992603231,6.191906671,command,0.500000,-2.424361944,-3.031162500,-2.224914074,0.020171426,-0.073218986,-2.229296207,ros2_odometer_state
M19C_S1_lab_hard_floor_B1_U050_R1,517.995242626,6.194546066,command,0.500000,-2.424361944,-3.031162500,-2.224914074,0.019726440,-0.071830578,-2.229747534,ros2_odometer_state
M19C_S1_lab_hard_floor_B1_U050_R1,517.996804349,6.196107789,command,0.500000,-2.424361944,-3.031162500,-2.224914074,0.019190298,-0.070473842,-2.230070114,ros2_odometer_state
M19C_S1_lab_hard_floor_B1_U050_R1,517.999410302,6.198713742,command,0.500000,-2.424361944,-3.031162500,-2.224914074,0.018571801,-0.069118761,-2.230307341,ros2_odometer_state
M19C_S1_lab_hard_floor_B1_U050_R1,518.000089688,6.199393128,command,0.500000,-2.424361944,-3.031162500,-2.224914074,0.018571801,-0.069118761,-2.230307341,ros2_odometer_state
M19C_S1_lab_hard_floor_B1_U050_R1,518.002863712,6.202167152,command,0.500000,-2.428701401,-3.039834738,-2.230620146,0.017145718,-0.066343851,-2.231105328,ros2_odometer_state
M19C_S1_lab_hard_floor_B1_U050_R1,518.004788232,6.204091672,command,0.500000,-2.428701401,-3.039834738,-2.230620146,0.016357780,-0.064931430,-2.231657743,ros2_odometer_state
M19C_S1_lab_hard_floor_B1_U050_R1,518.006751857,6.206055297,command,0.500000,-2.428701401,-3.039834738,-2.230620146,0.015515243,-0.063557096,-2.232167006,ros2_odometer_state
M19C_S1_lab_hard_floor_B1_U050_R1,518.008754812,6.208058252,command,0.500000,-2.428701401,-3.039834738,-2.230620146,0.014618115,-0.062246040,-2.232630730,ros2_odometer_state
M19C_S1_lab_hard_floor_B1_U050_R1,518.010005099,6.209308539,command,0.500000,-2.428701401,-3.039834738,-2.230620146,0.014618115,-0.062246040,-2.232630730,ros2_odometer_state
M19C_S1_lab_hard_floor_B1_U050_R1,518.012699728,6.212003168,command,0.500000,-2.428701401,-3.039834738,-2.230620146,0.012715134,-0.059823751,-2.233639717,ros2_odometer_state
M19C_S1_lab_hard_floor_B1_U050_R1,518.014040706,6.213344146,command,0.500000,-2.428701401,-3.039834738,-2.230620146,0.012715134,-0.059823751,-2.233639717,ros2_odometer_state
M19C_S1_lab_hard_floor_B1_U050_R1,518.016695973,6.215999413,command,0.500000,-2.428701401,-3.039834738,-2.230620146,0.010759211,-0.057695802,-2.234795094,ros2_odometer_state
M19C_S1_lab_hard_floor_B1_U050_R1,518.019314247,6.218617687,command,0.500000,-2.428701401,-3.039834738,-2.230620146,0.009775539,-0.056744594,-2.235370636,ros2_odometer_state
M19C_S1_lab_hard_floor_B1_U050_R1,518.019954655,6.219258095,command,0.500000,-2.428701401,-3.039834738,-2.230620146,0.009775539,-0.056744594,-2.235370636,ros2_odometer_state
M19C_S1_lab_hard_floor_B1_U050_R1,518.022700550,6.222003990,command,0.500000,-2.434155703,-3.047244549,-2.235998869,0.007805779,-0.054926030,-2.236749411,ros2_odometer_state
M19C_S1_lab_hard_floor_B1_U050_R1,518.024666192,6.223969632,command,0.500000,-2.434155703,-3.047244549,-2.235998869,0.006854456,-0.054023951,-2.237647295,ros2_odometer_state
M19C_S1_lab_hard_floor_B1_U050_R1,518.026868610,6.226172050,command,0.500000,-2.434155703,-3.047244549,-2.235998869,0.005910347,-0.053146984,-2.238596439,ros2_odometer_state
M19C_S1_lab_hard_floor_B1_U050_R1,518.028733160,6.228036600,command,0.500000,-2.434155703,-3.047244549,-2.235998869,0.004942064,-0.052355118,-2.239487648,ros2_odometer_state
M19C_S1_lab_hard_floor_B1_U050_R1,518.030979740,6.230283180,command,0.500000,-2.434155703,-3.047244549,-2.235998869,0.003941099,-0.051713172,-2.240250587,ros2_odometer_state
M19C_S1_lab_hard_floor_B1_U050_R1,518.032972103,6.232275543,command,0.500000,-2.434155703,-3.047244549,-2.235998869,0.002916274,-0.051252071,-2.240905523,ros2_odometer_state
M19C_S1_lab_hard_floor_B1_U050_R1,518.034944689,6.234248129,command,0.500000,-2.434155703,-3.047244549,-2.235998869,0.001938848,-0.050944876,-2.241551638,ros2_odometer_state
M19C_S1_lab_hard_floor_B1_U050_R1,518.036747668,6.236051108,command,0.500000,-2.434155703,-3.047244549,-2.235998869,0.001015670,-0.050740637,-2.242271185,ros2_odometer_state
M19C_S1_lab_hard_floor_B1_U050_R1,518.039518172,6.238821612,command,0.500000,-2.434155703,-3.047244549,-2.235998869,0.000121727,-0.050573129,-2.243108988,ros2_odometer_state
M19C_S1_lab_hard_floor_B1_U050_R1,518.040955346,6.240258786,command,0.500000,-2.434155703,-3.047244549,-2.235998869,-0.000730548,-0.050425705,-2.244075775,ros2_odometer_state
M19C_S1_lab_hard_floor_B1_U050_R1,518.042843960,6.242147400,command,0.500000,-2.440842390,-3.055196285,-2.244075775,-0.001567755,-0.050299980,-2.245112419,ros2_odometer_state
M19C_S1_lab_hard_floor_B1_U050_R1,518.044885445,6.244188885,command,0.500000,-2.440842390,-3.055196285,-2.244075775,-0.002399834,-0.050182592,-2.246163845,ros2_odometer_state
M19C_S1_lab_hard_floor_B1_U050_R1,518.046055313,6.245358753,command,0.500000,-2.440842390,-3.055196285,-2.244075775,-0.002399834,-0.050182592,-2.246163845,ros2_odometer_state
M19C_S1_lab_hard_floor_B1_U050_R1,518.049066337,6.248369777,command,0.500000,-2.440842390,-3.055196285,-2.244075775,-0.004054856,-0.049917903,-2.248254061,ros2_odometer_state
M19C_S1_lab_hard_floor_B1_U050_R1,518.050164491,6.249467931,command,0.500000,-2.440842390,-3.055196285,-2.244075775,-0.004054856,-0.049917903,-2.248254061,ros2_odometer_state
M19C_S1_lab_hard_floor_B1_U050_R1,518.053004757,6.252308197,command,0.500000,-2.440842390,-3.055196285,-2.244075775,-0.005644411,-0.049656589,-2.250240326,ros2_odometer_state
M19C_S1_lab_hard_floor_B1_U050_R1,518.055019360,6.254322800,command,0.500000,-2.440842390,-3.055196285,-2.244075775,-0.006399277,-0.049594793,-2.251116037,ros2_odometer_state
M19C_S1_lab_hard_floor_B1_U050_R1,518.056925832,6.256229272,command,0.500000,-2.440842390,-3.055196285,-2.244075775,-0.007138435,-0.049631935,-2.251891136,ros2_odometer_state
M19C_S1_lab_hard_floor_B1_U050_R1,518.059462951,6.258766391,command,0.500000,-2.440842390,-3.055196285,-2.244075775,-0.007825200,-0.049776748,-2.252579212,ros2_odometer_state
M19C_S1_lab_hard_floor_B1_U050_R1,518.060248068,6.259551508,command,0.500000,-2.440842390,-3.055196285,-2.244075775,-0.007825200,-0.049776748,-2.252579212,ros2_odometer_state
M19C_S1_lab_hard_floor_B1_U050_R1,518.062157260,6.261460700,command,0.500000,-2.448602200,-3.065766335,-2.253239870,-0.008270990,-0.050009422,-2.253239870,ros2_odometer_state
M19C_S1_lab_hard_floor_B1_U050_R1,518.065033783,6.264337223,command,0.500000,-2.448602200,-3.065766335,-2.253239870,-0.008061508,-0.050438695,-2.254725218,ros2_odometer_state
M19C_S1_lab_hard_floor_B1_U050_R1,518.066848347,6.266151787,command,0.500000,-2.448602200,-3.065766335,-2.253239870,-0.007599746,-0.050376903,-2.254983902,ros2_odometer_state
M19C_S1_lab_hard_floor_B1_U050_R1,518.068076361,6.267379801,command,0.500000,-2.448602200,-3.065766335,-2.253239870,-0.007599746,-0.050376903,-2.254983902,ros2_odometer_state
M19C_S1_lab_hard_floor_B1_U050_R1,518.070013778,6.269317218,command,0.500000,-2.448602200,-3.065766335,-2.253239870,-0.007001925,-0.050133694,-2.254775763,ros2_odometer_state
M19C_S1_lab_hard_floor_B1_U050_R1,518.072825851,6.272129291,command,0.500000,-2.448602200,-3.065766335,-2.253239870,-0.005517503,-0.049592372,-2.253923416,ros2_odometer_state
M19C_S1_lab_hard_floor_B1_U050_R1,518.074812645,6.274116085,command,0.500000,-2.448602200,-3.065766335,-2.253239870,-0.004669523,-0.049297594,-2.253514528,ros2_odometer_state
M19C_S1_lab_hard_floor_B1_U050_R1,518.076911956,6.276215396,command,0.500000,-2.448602200,-3.065766335,-2.253239870,-0.003825073,-0.048989534,-2.253083706,ros2_odometer_state
M19C_S1_lab_hard_floor_B1_U050_R1,518.078693559,6.277996999,command,0.500000,-2.448602200,-3.065766335,-2.253239870,-0.003825073,-0.048989534,-2.253083706,ros2_odometer_state
M19C_S1_lab_hard_floor_B1_U050_R1,518.080953579,6.280257019,command,0.500000,-2.448602200,-3.065766335,-2.253239870,-0.002736498,-0.048445810,-2.252029181,ros2_odometer_state
M19C_S1_lab_hard_floor_B1_U050_R1,518.082851570,6.282155010,command,0.500000,-2.453622580,-3.076635599,-2.252029181,-0.002500154,-0.048146598,-2.251401424,ros2_odometer_state
M19C_S1_lab_hard_floor_B1_U050_R1,518.084104961,6.283408401,command,0.500000,-2.453622580,-3.076635599,-2.252029181,-0.002500154,-0.048146598,-2.251401424,ros2_odometer_state
M19C_S1_lab_hard_floor_B1_U050_R1,518.086791462,6.286094902,command,0.500000,-2.453622580,-3.076635599,-2.252029181,-0.002110789,-0.047319725,-2.249808311,ros2_odometer_state
M19C_S1_lab_hard_floor_B1_U050_R1,518.088779152,6.288082592,command,0.500000,-2.453622580,-3.076635599,-2.252029181,-0.001960272,-0.046758689,-2.249136209,ros2_odometer_state
M19C_S1_lab_hard_floor_B1_U050_R1,518.090836509,6.290139949,command,0.500000,-2.453622580,-3.076635599,-2.252029181,-0.001887328,-0.046137042,-2.248597622,ros2_odometer_state
M19C_S1_lab_hard_floor_B1_U050_R1,518.092938348,6.292241788,command,0.500000,-2.453622580,-3.076635599,-2.252029181,-0.001923846,-0.045612551,-2.247889519,ros2_odometer_state
M19C_S1_lab_hard_floor_B1_U050_R1,518.094857844,6.294161284,command,0.500000,-2.453622580,-3.076635599,-2.252029181,-0.002129396,-0.045260552,-2.246888399,ros2_odometer_state
M19C_S1_lab_hard_floor_B1_U050_R1,518.097170250,6.296473690,command,0.500000,-2.453622580,-3.076635599,-2.252029181,-0.002433949,-0.044930939,-2.245950460,ros2_odometer_state
M19C_S1_lab_hard_floor_B1_U050_R1,518.099637671,6.298941111,command,0.500000,-2.453622580,-3.076635599,-2.252029181,-0.002753154,-0.044464644,-2.245244503,ros2_odometer_state
M19C_S1_lab_hard_floor_B1_U050_R1,518.100230717,6.299534157,command,0.500000,-2.453622580,-3.076635599,-2.252029181,-0.002753154,-0.044464644,-2.245244503,ros2_odometer_state
M19C_S1_lab_hard_floor_B1_U050_R1,518.102960515,6.302263955,command,0.500000,-2.457725286,-3.087700844,-2.244568825,-0.003536437,-0.043163937,-2.243870497,ros2_odometer_state
M19C_S1_lab_hard_floor_B1_U050_R1,518.104161776,6.303465216,command,0.500000,-2.457725286,-3.087700844,-2.244568825,-0.003536437,-0.043163937,-2.243870497,ros2_odometer_state
M19C_S1_lab_hard_floor_B1_U050_R1,518.106788114,6.306091554,command,0.500000,-2.457725286,-3.087700844,-2.244568825,-0.004538319,-0.041643314,-2.242708206,ros2_odometer_state
M19C_S1_lab_hard_floor_B1_U050_R1,518.108831839,6.308135279,command,0.500000,-2.457725286,-3.087700844,-2.244568825,-0.005067985,-0.040892668,-2.242000818,ros2_odometer_state
M19C_S1_lab_hard_floor_B1_U050_R1,518.110882700,6.310186140,command,0.500000,-2.457725286,-3.087700844,-2.244568825,-0.005605510,-0.040228374,-2.241160154,ros2_odometer_state
M19C_S1_lab_hard_floor_B1_U050_R1,518.113756503,6.313059943,command,0.500000,-2.457725286,-3.087700844,-2.244568825,-0.006111863,-0.039653551,-2.240263939,ros2_odometer_state
M19C_S1_lab_hard_floor_B1_U050_R1,518.114188040,6.313491480,command,0.500000,-2.457725286,-3.087700844,-2.244568825,-0.006111863,-0.039653551,-2.240263939,ros2_odometer_state
M19C_S1_lab_hard_floor_B1_U050_R1,518.116132400,6.315435840,command,0.500000,-2.457725286,-3.087700844,-2.244568825,-0.006564892,-0.039096434,-2.239366293,ros2_odometer_state
M19C_S1_lab_hard_floor_B1_U050_R1,518.119386122,6.318689562,command,0.500000,-2.457725286,-3.087700844,-2.244568825,-0.007422778,-0.037872378,-2.237676144,ros2_odometer_state
M19C_S1_lab_hard_floor_B1_U050_R1,518.120314509,6.319617949,command,0.500000,-2.457725286,-3.087700844,-2.244568825,-0.007422778,-0.037872378,-2.237676144,ros2_odometer_state
M19C_S1_lab_hard_floor_B1_U050_R1,518.123047507,6.322350947,command,0.500000,-2.463676691,-3.095983505,-2.236875772,-0.008378723,-0.036683295,-2.236130238,ros2_odometer_state
M19C_S1_lab_hard_floor_B1_U050_R1,518.125037982,6.324341422,command,0.500000,-2.463676691,-3.095983505,-2.236875772,-0.008908215,-0.036098287,-2.235494375,ros2_odometer_state
M19C_S1_lab_hard_floor_B1_U050_R1,518.126810272,6.326113712,command,0.500000,-2.463676691,-3.095983505,-2.236875772,-0.009468620,-0.035507701,-2.235000849,ros2_odometer_state
M19C_S1_lab_hard_floor_B1_U050_R1,518.128903374,6.328206814,command,0.500000,-2.463676691,-3.095983505,-2.236875772,-0.010059556,-0.034924764,-2.234646559,ros2_odometer_state
M19C_S1_lab_hard_floor_B1_U050_R1,518.130810326,6.330113766,command,0.500000,-2.463676691,-3.095983505,-2.236875772,-0.010656131,-0.034346025,-2.234409094,ros2_odometer_state
M19C_S1_lab_hard_floor_B1_U050_R1,518.132843906,6.332147346,command,0.500000,-2.463676691,-3.095983505,-2.236875772,-0.011246656,-0.033762854,-2.234215736,ros2_odometer_state
M19C_S1_lab_hard_floor_B1_U050_R1,518.134917968,6.334221408,command,0.500000,-2.463676691,-3.095983505,-2.236875772,-0.011822947,-0.033157960,-2.234008789,ros2_odometer_state
M19C_S1_lab_hard_floor_B1_U050_R1,518.136911802,6.336215242,command,0.500000,-2.463676691,-3.095983505,-2.236875772,-0.012388435,-0.032508656,-2.233759642,ros2_odometer_state
M19C_S1_lab_hard_floor_B1_U050_R1,518.139419032,6.338722472,command,0.500000,-2.463676691,-3.095983505,-2.236875772,-0.012932744,-0.031842228,-2.233457804,ros2_odometer_state
M19C_S1_lab_hard_floor_B1_U050_R1,518.140923761,6.340227201,command,0.500000,-2.463676691,-3.095983505,-2.236875772,-0.013444697,-0.031216389,-2.233086348,ros2_odometer_state
M19C_S1_lab_hard_floor_B1_U050_R1,518.143361228,6.342664668,command,0.500000,-2.471621513,-3.104413748,-2.233086348,-0.013911928,-0.030678069,-2.232692242,ros2_odometer_state
M19C_S1_lab_hard_floor_B1_U050_R1,518.145017834,6.344321274,command,0.500000,-2.471621513,-3.104413748,-2.233086348,-0.014320507,-0.030225901,-2.232391834,ros2_odometer_state
M19C_S1_lab_hard_floor_B1_U050_R1,518.148299621,6.347603061,command,0.500000,-2.471621513,-3.104413748,-2.233086348,-0.014661355,-0.029809287,-2.232290268,ros2_odometer_state
M19C_S1_lab_hard_floor_B1_U050_R1,518.149377293,6.348680733,command,0.500000,-2.471621513,-3.104413748,-2.233086348,-0.014953638,-0.029380310,-2.232387066,ros2_odometer_state
M19C_S1_lab_hard_floor_B1_U050_R1,518.151490684,6.350794124,command,0.500000,-2.471621513,-3.104413748,-2.233086348,-0.015222830,-0.028911296,-2.232600689,ros2_odometer_state
M19C_S1_lab_hard_floor_B1_U050_R1,518.153236542,6.352539982,command,0.500000,-2.471621513,-3.104413748,-2.233086348,-0.015495889,-0.028382165,-2.232808828,ros2_odometer_state
M19C_S1_lab_hard_floor_B1_U050_R1,518.154966430,6.354269870,command,0.500000,-2.471621513,-3.104413748,-2.233086348,-0.015810713,-0.027830200,-2.232953787,ros2_odometer_state
M19C_S1_lab_hard_floor_B1_U050_R1,518.156334738,6.355638178,command,0.500000,-2.471621513,-3.104413748,-2.233086348,-0.015810713,-0.027830200,-2.232953787,ros2_odometer_state
M19C_S1_lab_hard_floor_B1_U050_R1,518.159611980,6.358915420,command,0.500000,-2.471621513,-3.104413748,-2.233086348,-0.016529022,-0.026797865,-2.233221054,ros2_odometer_state
M19C_S1_lab_hard_floor_B1_U050_R1,518.161024673,6.360328113,command,0.500000,-2.471621513,-3.104413748,-2.233086348,-0.016869741,-0.026330141,-2.233398676,ros2_odometer_state
M19C_S1_lab_hard_floor_B1_U050_R1,518.163028524,6.362331964,command,0.500000,-2.479518890,-3.112201929,-2.233398676,-0.017179115,-0.025910972,-2.233582735,ros2_odometer_state
M19C_S1_lab_hard_floor_B1_U050_R1,518.165019831,6.364323271,command,0.500000,-2.479518890,-3.112201929,-2.233398676,-0.017451653,-0.025540149,-2.233798265,ros2_odometer_state
M19C_S1_lab_hard_floor_B1_U050_R1,518.166905373,6.366208813,command,0.500000,-2.479518890,-3.112201929,-2.233398676,-0.017692421,-0.025221026,-2.234036922,ros2_odometer_state
M19C_S1_lab_hard_floor_B1_U050_R1,518.169262197,6.368565637,command,0.500000,-2.479518890,-3.112201929,-2.233398676,-0.017894268,-0.024939077,-2.234262943,ros2_odometer_state
M19C_S1_lab_hard_floor_B1_U050_R1,518.171001751,6.370305191,command,0.500000,-2.479518890,-3.112201929,-2.233398676,-0.018048028,-0.024666490,-2.234470606,ros2_odometer_state
M19C_S1_lab_hard_floor_B1_U050_R1,518.172465453,6.371768893,command,0.500000,-2.479518890,-3.112201929,-2.233398676,-0.018048028,-0.024666490,-2.234470606,ros2_odometer_state
M19C_S1_lab_hard_floor_B1_U050_R1,518.175264598,6.374568038,command,0.500000,-2.479518890,-3.112201929,-2.233398676,-0.018228462,-0.024091961,-2.234854221,ros2_odometer_state
M19C_S1_lab_hard_floor_B1_U050_R1,518.177414631,6.376718071,command,0.500000,-2.479518890,-3.112201929,-2.233398676,-0.018263703,-0.023805199,-2.235033274,ros2_odometer_state
M19C_S1_lab_hard_floor_B1_U050_R1,518.181274039,6.380577479,command,0.500000,-2.479518890,-3.112201929,-2.233398676,-0.018291043,-0.023521500,-2.235171080,ros2_odometer_state
M19C_S1_lab_hard_floor_B1_U050_R1,518.182606057,6.381909497,command,0.500000,-2.479518890,-3.112201929,-2.233398676,-0.018303080,-0.023244919,-2.235265732,ros2_odometer_state
M19C_S1_lab_hard_floor_B1_U050_R1,518.183599182,6.382902622,command,0.500000,-2.486202002,-3.121443510,-2.235265732,-0.018309558,-0.022991657,-2.235337496,ros2_odometer_state
M19C_S1_lab_hard_floor_B1_U050_R1,518.184941665,6.384245105,command,0.500000,-2.486202002,-3.121443510,-2.235265732,-0.018309558,-0.022991657,-2.235337496,ros2_odometer_state
M19C_S1_lab_hard_floor_B1_U050_R1,518.186357878,6.385661318,command,0.500000,-2.486202002,-3.121443510,-2.235265732,-0.018312510,-0.022763865,-2.235389948,ros2_odometer_state
M19C_S1_lab_hard_floor_B1_U050_R1,518.189071259,6.388374699,command,0.500000,-2.486202002,-3.121443510,-2.235265732,-0.018270994,-0.022339709,-2.235401869,ros2_odometer_state
M19C_S1_lab_hard_floor_B1_U050_R1,518.190963714,6.390267154,command,0.500000,-2.486202002,-3.121443510,-2.235265732,-0.018244792,-0.022150744,-2.235345602,ros2_odometer_state
M19C_S1_lab_hard_floor_B1_U050_R1,518.193071761,6.392375201,command,0.500000,-2.486202002,-3.121443510,-2.235265732,-0.018220628,-0.021989100,-2.235226631,ros2_odometer_state
M19C_S1_lab_hard_floor_B1_U050_R1,518.195373863,6.394677303,command,0.500000,-2.486202002,-3.121443510,-2.235265732,-0.018173113,-0.021837179,-2.235052109,ros2_odometer_state
M19C_S1_lab_hard_floor_B1_U050_R1,518.196458544,6.395761984,command,0.500000,-2.486202002,-3.121443510,-2.235265732,-0.018173113,-0.021837179,-2.235052109,ros2_odometer_state
M19C_S1_lab_hard_floor_B1_U050_R1,518.199714154,6.399017594,command,0.500000,-2.486202002,-3.121443510,-2.235265732,-0.018005775,-0.021591635,-2.234484673,ros2_odometer_state
M19C_S1_lab_hard_floor_B1_U050_R1,518.200792754,6.400096194,command,0.500000,-2.486202002,-3.121443510,-2.235265732,-0.018005775,-0.021591635,-2.234484673,ros2_odometer_state
M19C_S1_lab_hard_floor_B1_U050_R1,518.203520344,6.402823784,command,0.500000,-2.492547035,-3.130087137,-2.234139919,-0.017529389,-0.021402534,-2.233795166,ros2_odometer_state
M19C_S1_lab_hard_floor_B1_U050_R1,518.205336444,6.404639884,command,0.500000,-2.492547035,-3.130087137,-2.234139919,-0.017203303,-0.021377623,-2.233421087,ros2_odometer_state
M19C_S1_lab_hard_floor_B1_U050_R1,518.206339042,6.405642482,command,0.500000,-2.492547035,-3.130087137,-2.234139919,-0.017203303,-0.021377623,-2.233421087,ros2_odometer_state
M19C_S1_lab_hard_floor_B1_U050_R1,518.209274736,6.408578176,command,0.500000,-2.492547035,-3.130087137,-2.234139919,-0.016632905,-0.021616677,-2.232508659,ros2_odometer_state
M19C_S1_lab_hard_floor_B1_U050_R1,518.211355485,6.410658925,command,0.500000,-2.492547035,-3.130087137,-2.234139919,-0.016326569,-0.021841828,-2.231958628,ros2_odometer_state
M19C_S1_lab_hard_floor_B1_U050_R1,518.213409418,6.412712858,command,0.500000,-2.492547035,-3.130087137,-2.234139919,-0.015986377,-0.022072133,-2.231285095,ros2_odometer_state
M19C_S1_lab_hard_floor_B1_U050_R1,518.214487443,6.413790883,command,0.500000,-2.492547035,-3.130087137,-2.234139919,-0.015986377,-0.022072133,-2.231285095,ros2_odometer_state
M19C_S1_lab_hard_floor_B1_U050_R1,518.217340286,6.416643726,command,0.500000,-2.492547035,-3.130087137,-2.234139919,-0.015192539,-0.022400295,-2.229653120,ros2_odometer_state
M19C_S1_lab_hard_floor_B1_U050_R1,518.220716764,6.420020204,command,0.500000,-2.492547035,-3.130087137,-2.234139919,-0.014768437,-0.022558978,-2.228837252,ros2_odometer_state
M19C_S1_lab_hard_floor_B1_U050_R1,518.221132300,6.420435740,command,0.500000,-2.492547035,-3.130087137,-2.234139919,-0.014768437,-0.022558978,-2.228837252,ros2_odometer_state
M19C_S1_lab_hard_floor_B1_U050_R1,518.223083253,6.422386693,command,0.500000,-2.499645472,-3.139512062,-2.228044748,-0.014353015,-0.022779636,-2.228044748,ros2_odometer_state
M19C_S1_lab_hard_floor_B1_U050_R1,518.225042366,6.424345806,command,0.500000,-2.499645472,-3.139512062,-2.228044748,-0.013437199,-0.023427377,-2.226709366,ros2_odometer_state
M19C_S1_lab_hard_floor_B1_U050_R1,518.226988583,6.426292023,command,0.500000,-2.499645472,-3.139512062,-2.228044748,-0.012890812,-0.023828473,-2.226267099,ros2_odometer_state
M19C_S1_lab_hard_floor_B1_U050_R1,518.229259676,6.428563116,command,0.500000,-2.499645472,-3.139512062,-2.228044748,-0.012308829,-0.024229269,-2.225939274,ros2_odometer_state
M19C_S1_lab_hard_floor_B1_U050_R1,518.230453352,6.429756792,command,0.500000,-2.499645472,-3.139512062,-2.228044748,-0.012308829,-0.024229269,-2.225939274,ros2_odometer_state
M19C_S1_lab_hard_floor_B1_U050_R1,518.232469172,6.431772612,command,0.500000,-2.499645472,-3.139512062,-2.228044748,-0.011708098,-0.024620892,-2.225626945,ros2_odometer_state
M19C_S1_lab_hard_floor_B1_U050_R1,518.235237948,6.434541388,command,0.500000,-2.499645472,-3.139512062,-2.228044748,-0.010519763,-0.025432233,-2.224797726,ros2_odometer_state
M19C_S1_lab_hard_floor_B1_U050_R1,518.236356774,6.435660214,command,0.500000,-2.499645472,-3.139512062,-2.228044748,-0.010519763,-0.025432233,-2.224797726,ros2_odometer_state
M19C_S1_lab_hard_floor_B1_U050_R1,518.239972749,6.439276189,command,0.500000,-2.499645472,-3.139512062,-2.228044748,-0.009216412,-0.026309688,-2.223935843,ros2_odometer_state
M19C_S1_lab_hard_floor_B1_U050_R1,518.240539714,6.439843154,command,0.500000,-2.499645472,-3.139512062,-2.228044748,-0.009216412,-0.026309688,-2.223935843,ros2_odometer_state
M19C_S1_lab_hard_floor_B1_U050_R1,518.243389741,6.442693181,command,0.500000,-2.507626772,-3.149949789,-2.223634481,-0.007829606,-0.027347626,-2.223422050,ros2_odometer_state
M19C_S1_lab_hard_floor_B1_U050_R1,518.244682077,6.443985517,command,0.500000,-2.507626772,-3.149949789,-2.223634481,-0.007829606,-0.027347626,-2.223422050,ros2_odometer_state
M19C_S1_lab_hard_floor_B1_U050_R1,518.246840078,6.446143518,command,0.500000,-2.507626772,-3.149949789,-2.223634481,-0.007141299,-0.027970089,-2.223293066,ros2_odometer_state
M19C_S1_lab_hard_floor_B1_U050_R1,518.248514893,6.447818333,command,0.500000,-2.507626772,-3.149949789,-2.223634481,-0.006435521,-0.028653322,-2.223235846,ros2_odometer_state
M19C_S1_lab_hard_floor_B1_U050_R1,518.251266452,6.450569892,command,0.500000,-2.507626772,-3.149949789,-2.223634481,-0.004970228,-0.030112222,-2.223255873,ros2_odometer_state
M19C_S1_lab_hard_floor_B1_U050_R1,518.253247742,6.452551182,command,0.500000,-2.507626772,-3.149949789,-2.223634481,-0.004217813,-0.030858401,-2.223283768,ros2_odometer_state
M19C_S1_lab_hard_floor_B1_U050_R1,518.255297451,6.454600891,command,0.500000,-2.507626772,-3.149949789,-2.223634481,-0.003465903,-0.031633433,-2.223311663,ros2_odometer_state
M19C_S1_lab_hard_floor_B1_U050_R1,518.257239155,6.456542595,command,0.500000,-2.507626772,-3.149949789,-2.223634481,-0.002697735,-0.032440823,-2.223378420,ros2_odometer_state
M19C_S1_lab_hard_floor_B1_U050_R1,518.259778002,6.459081442,command,0.500000,-2.507626772,-3.149949789,-2.223634481,-0.001931270,-0.033287428,-2.223519325,ros2_odometer_state
M19C_S1_lab_hard_floor_B1_U050_R1,518.261301035,6.460604475,command,0.500000,-2.507626772,-3.149949789,-2.223634481,-0.001186151,-0.034167252,-2.223705053,ros2_odometer_state
M19C_S1_lab_hard_floor_B1_U050_R1,518.263219187,6.462522627,command,0.500000,-2.514981985,-3.163026094,-2.223705053,-0.000459933,-0.035074163,-2.223910809,ros2_odometer_state
M19C_S1_lab_hard_floor_B1_U050_R1,518.265191549,6.464494989,command,0.500000,-2.514981985,-3.163026094,-2.223705053,0.000246406,-0.036021657,-2.224116564,ros2_odometer_state
M19C_S1_lab_hard_floor_B1_U050_R1,518.267135654,6.466439094,command,0.500000,-2.514981985,-3.163026094,-2.223705053,0.000959565,-0.036993809,-2.224340439,ros2_odometer_state
M19C_S1_lab_hard_floor_B1_U050_R1,518.269149457,6.468452897,command,0.500000,-2.514981985,-3.163026094,-2.223705053,0.001691892,-0.037968475,-2.224585772,ros2_odometer_state
M19C_S1_lab_hard_floor_B1_U050_R1,518.271187806,6.470491246,command,0.500000,-2.514981985,-3.163026094,-2.223705053,0.002445465,-0.038926847,-2.224833012,ros2_odometer_state
M19C_S1_lab_hard_floor_B1_U050_R1,518.273179048,6.472482488,command,0.500000,-2.514981985,-3.163026094,-2.223705053,0.003229160,-0.039871514,-2.225063801,ros2_odometer_state
M19C_S1_lab_hard_floor_B1_U050_R1,518.275151890,6.474455330,command,0.500000,-2.514981985,-3.163026094,-2.223705053,0.004043794,-0.040822119,-2.225271940,ros2_odometer_state
M19C_S1_lab_hard_floor_B1_U050_R1,518.277381861,6.476685301,command,0.500000,-2.514981985,-3.163026094,-2.223705053,0.004866680,-0.041786820,-2.225453138,ros2_odometer_state
M19C_S1_lab_hard_floor_B1_U050_R1,518.279853698,6.479157138,command,0.500000,-2.514981985,-3.163026094,-2.223705053,0.005695658,-0.042765439,-2.225601673,ros2_odometer_state
M19C_S1_lab_hard_floor_B1_U050_R1,518.281438621,6.480742061,command,0.500000,-2.514981985,-3.163026094,-2.223705053,0.006529332,-0.043757435,-2.225702524,ros2_odometer_state
M19C_S1_lab_hard_floor_B1_U050_R1,518.283350917,6.482654357,command,0.500000,-2.522655249,-3.177432537,-2.225702524,0.007357851,-0.044759791,-2.225757360,ros2_odometer_state
M19C_S1_lab_hard_floor_B1_U050_R1,518.285254316,6.484557756,command,0.500000,-2.522655249,-3.177432537,-2.225702524,0.008174744,-0.045781255,-2.225793600,ros2_odometer_state
M19C_S1_lab_hard_floor_B1_U050_R1,518.286441913,6.485745353,command,0.500000,-2.522655249,-3.177432537,-2.225702524,0.008174744,-0.045781255,-2.225793600,ros2_odometer_state
M19C_S1_lab_hard_floor_B1_U050_R1,518.289224513,6.488527953,command,0.500000,-2.522655249,-3.177432537,-2.225702524,0.009817509,-0.047923036,-2.225802898,ros2_odometer_state
M19C_S1_lab_hard_floor_B1_U050_R1,518.291263661,6.490567101,command,0.500000,-2.522655249,-3.177432537,-2.225702524,0.010670046,-0.049025767,-2.225749016,ros2_odometer_state
M19C_S1_lab_hard_floor_B1_U050_R1,518.293292025,6.492595465,command,0.500000,-2.522655249,-3.177432537,-2.225702524,0.011556259,-0.050152995,-2.225669146,ros2_odometer_state
M19C_S1_lab_hard_floor_B1_U050_R1,518.295725268,6.495028708,command,0.500000,-2.522655249,-3.177432537,-2.225702524,0.012476526,-0.051314022,-2.225589991,ros2_odometer_state
M19C_S1_lab_hard_floor_B1_U050_R1,518.297247309,6.496550749,command,0.500000,-2.522655249,-3.177432537,-2.225702524,0.013415962,-0.052497461,-2.225485086,ros2_odometer_state
M19C_S1_lab_hard_floor_B1_U050_R1,518.299789644,6.499093084,command,0.500000,-2.522655249,-3.177432537,-2.225702524,0.014370156,-0.053693373,-2.225317717,ros2_odometer_state
M19C_S1_lab_hard_floor_B1_U050_R1,518.301309541,6.500612981,command,0.500000,-2.522655249,-3.177432537,-2.225702524,0.015346390,-0.054895449,-2.225066662,ros2_odometer_state
M19C_S1_lab_hard_floor_B1_U050_R1,518.302587413,6.501890853,command,0.500000,-2.531162739,-3.190892935,-2.225066662,0.015346390,-0.054895449,-2.225066662,ros2_odometer_state
M19C_S1_lab_hard_floor_B1_U050_R1,518.306050519,6.505353959,command,0.500000,-2.531162739,-3.190892935,-2.225066662,0.017389122,-0.057338122,-2.224411011,ros2_odometer_state
M19C_S1_lab_hard_floor_B1_U050_R1,518.307497549,6.506800989,command,0.500000,-2.531162739,-3.190892935,-2.225066662,0.018431457,-0.058587588,-2.224065065,ros2_odometer_state
M19C_S1_lab_hard_floor_B1_U050_R1,518.308663673,6.507967113,command,0.500000,-2.531162739,-3.190892935,-2.225066662,0.018431457,-0.058587588,-2.224065065,ros2_odometer_state
M19C_S1_lab_hard_floor_B1_U050_R1,518.310588161,6.509891601,command,0.500000,-2.531162739,-3.190892935,-2.225066662,0.019494673,-0.059847843,-2.223742962,ros2_odometer_state
M19C_S1_lab_hard_floor_B1_U050_R1,518.312672047,6.511975487,command,0.500000,-2.531162739,-3.190892935,-2.225066662,0.020587843,-0.061118424,-2.223437309,ros2_odometer_state
M19C_S1_lab_hard_floor_B1_U050_R1,518.315496440,6.514799880,command,0.500000,-2.531162739,-3.190892935,-2.225066662,0.022834394,-0.063676141,-2.222713232,ros2_odometer_state
M19C_S1_lab_hard_floor_B1_U050_R1,518.316569857,6.515873297,command,0.500000,-2.531162739,-3.190892935,-2.225066662,0.022834394,-0.063676141,-2.222713232,ros2_odometer_state
M19C_S1_lab_hard_floor_B1_U050_R1,518.319137537,6.518440977,command,0.500000,-2.531162739,-3.190892935,-2.225066662,0.023989916,-0.064960063,-2.222301006,ros2_odometer_state
M19C_S1_lab_hard_floor_B1_U050_R1,518.320679931,6.519983371,command,0.500000,-2.531162739,-3.190892935,-2.225066662,0.025182310,-0.066252537,-2.221889019,ros2_odometer_state
M19C_S1_lab_hard_floor_B1_U050_R1,518.322671237,6.521974677,command,0.500000,-2.540230513,-3.206514597,-2.221446753,0.026413474,-0.067552179,-2.221446753,ros2_odometer_state
M19C_S1_lab_hard_floor_B1_U050_R1,518.325332777,6.524636217,command,0.500000,-2.540230513,-3.206514597,-2.221446753,0.028934505,-0.070116796,-2.220298052,ros2_odometer_state
M19C_S1_lab_hard_floor_B1_U050_R1,518.327244720,6.526548160,command,0.500000,-2.540230513,-3.206514597,-2.221446753,0.030195555,-0.071395032,-2.219658136,ros2_odometer_state
M19C_S1_lab_hard_floor_B1_U050_R1,518.329294781,6.528598221,command,0.500000,-2.540230513,-3.206514597,-2.221446753,0.031483255,-0.072703481,-2.219124556,ros2_odometer_state
M19C_S1_lab_hard_floor_B1_U050_R1,518.331330665,6.530634105,command,0.500000,-2.540230513,-3.206514597,-2.221446753,0.032825567,-0.074046284,-2.218714952,ros2_odometer_state
M19C_S1_lab_hard_floor_B1_U050_R1,518.333546108,6.532849548,command,0.500000,-2.540230513,-3.206514597,-2.221446753,0.034230374,-0.075409874,-2.218334436,ros2_odometer_state
M19C_S1_lab_hard_floor_B1_U050_R1,518.335351680,6.534655120,command,0.500000,-2.540230513,-3.206514597,-2.221446753,0.035674490,-0.076779567,-2.217874527,ros2_odometer_state
M19C_S1_lab_hard_floor_B1_U050_R1,518.337346123,6.536649563,command,0.500000,-2.540230513,-3.206514597,-2.221446753,0.037130930,-0.078151777,-2.217330217,ros2_odometer_state
M19C_S1_lab_hard_floor_B1_U050_R1,518.340091921,6.539395361,command,0.500000,-2.540230513,-3.206514597,-2.221446753,0.038594417,-0.079534844,-2.216759205,ros2_odometer_state
M19C_S1_lab_hard_floor_B1_U050_R1,518.340740202,6.540043642,command,0.500000,-2.540230513,-3.206514597,-2.221446753,0.038594417,-0.079534844,-2.216759205,ros2_odometer_state
M19C_S1_lab_hard_floor_B1_U050_R1,518.343454767,6.542758207,command,0.500000,-2.551264524,-3.222576380,-2.216099501,0.041198805,-0.082610793,-2.215171337,ros2_odometer_state
M19C_S1_lab_hard_floor_B1_U050_R1,518.345309749,6.544613189,command,0.500000,-2.551264524,-3.222576380,-2.216099501,0.042075723,-0.084276661,-2.214271784,ros2_odometer_state
M19C_S1_lab_hard_floor_B1_U050_R1,518.347297407,6.546600847,command,0.500000,-2.551264524,-3.222576380,-2.216099501,0.042832967,-0.085859314,-2.213686466,ros2_odometer_state
M19C_S1_lab_hard_floor_B1_U050_R1,518.349306186,6.548609626,command,0.500000,-2.551264524,-3.222576380,-2.216099501,0.043478977,-0.087301709,-2.213439465,ros2_odometer_state
M19C_S1_lab_hard_floor_B1_U050_R1,518.351316662,6.550620102,command,0.500000,-2.551264524,-3.222576380,-2.216099501,0.044023234,-0.088573225,-2.213351250,ros2_odometer_state
M19C_S1_lab_hard_floor_B1_U050_R1,518.353312640,6.552616080,command,0.500000,-2.551264524,-3.222576380,-2.216099501,0.044530258,-0.089739442,-2.213125467,ros2_odometer_state
M19C_S1_lab_hard_floor_B1_U050_R1,518.355363469,6.554666909,command,0.500000,-2.551264524,-3.222576380,-2.216099501,0.044950549,-0.090858862,-2.212741852,ros2_odometer_state
M19C_S1_lab_hard_floor_B1_U050_R1,518.357456283,6.556759723,command,0.500000,-2.551264524,-3.222576380,-2.216099501,0.045184914,-0.091889493,-2.212472677,ros2_odometer_state
M19C_S1_lab_hard_floor_B1_U050_R1,518.359948153,6.559251593,command,0.500000,-2.551264524,-3.222576380,-2.216099501,0.045236982,-0.092839174,-2.212428570,ros2_odometer_state
M19C_S1_lab_hard_floor_B1_U050_R1,518.361668857,6.560972297,command,0.500000,-2.551264524,-3.222576380,-2.216099501,0.045133848,-0.093789525,-2.212448597,ros2_odometer_state
M19C_S1_lab_hard_floor_B1_U050_R1,518.362809892,6.562113332,command,0.500000,-2.563309193,-3.238168478,-2.212448597,0.045133848,-0.093789525,-2.212448597,ros2_odometer_state
M19C_S1_lab_hard_floor_B1_U050_R1,518.365436102,6.564739542,command,0.500000,-2.563309193,-3.238168478,-2.212448597,0.044551712,-0.095980018,-2.212185144,ros2_odometer_state
M19C_S1_lab_hard_floor_B1_U050_R1,518.367372495,6.566675935,command,0.500000,-2.563309193,-3.238168478,-2.212448597,0.044004019,-0.097167782,-2.211970091,ros2_odometer_state
M19C_S1_lab_hard_floor_B1_U050_R1,518.369335096,6.568638536,command,0.500000,-2.563309193,-3.238168478,-2.212448597,0.043320641,-0.098315522,-2.211722136,ros2_odometer_state
M19C_S1_lab_hard_floor_B1_U050_R1,518.371491945,6.570795385,command,0.500000,-2.563309193,-3.238168478,-2.212448597,0.042566273,-0.099368252,-2.211266041,ros2_odometer_state
M19C_S1_lab_hard_floor_B1_U050_R1,518.373499668,6.572803108,command,0.500000,-2.563309193,-3.238168478,-2.212448597,0.041785195,-0.100320086,-2.210527658,ros2_odometer_state
M19C_S1_lab_hard_floor_B1_U050_R1,518.374701921,6.574005361,command,0.500000,-2.563309193,-3.238168478,-2.212448597,0.041785195,-0.100320086,-2.210527658,ros2_odometer_state
M19C_S1_lab_hard_floor_B1_U050_R1,518.377439816,6.576743256,command,0.500000,-2.563309193,-3.238168478,-2.212448597,0.040359288,-0.102103993,-2.209247589,ros2_odometer_state
M19C_S1_lab_hard_floor_B1_U050_R1,518.379968902,6.579272342,command,0.500000,-2.563309193,-3.238168478,-2.212448597,0.039799739,-0.103005297,-2.208772898,ros2_odometer_state
M19C_S1_lab_hard_floor_B1_U050_R1,518.381544161,6.580847601,command,0.500000,-2.563309193,-3.238168478,-2.212448597,0.039348613,-0.103872210,-2.208282232,ros2_odometer_state
M19C_S1_lab_hard_floor_B1_U050_R1,518.383754068,6.583057508,command,0.500000,-2.580194950,-3.249757767,-2.208282232,0.038977083,-0.104636841,-2.207804918,ros2_odometer_state
M19C_S1_lab_hard_floor_B1_U050_R1,518.385316079,6.584619519,command,0.500000,-2.580194950,-3.249757767,-2.208282232,0.038641181,-0.105254978,-2.207380533,ros2_odometer_state
M19C_S1_lab_hard_floor_B1_U050_R1,518.387279768,6.586583208,command,0.500000,-2.580194950,-3.249757767,-2.208282232,0.038296554,-0.105712198,-2.206920624,ros2_odometer_state
M19C_S1_lab_hard_floor_B1_U050_R1,518.389331365,6.588634805,command,0.500000,-2.580194950,-3.249757767,-2.208282232,0.037909310,-0.106021114,-2.206302881,ros2_odometer_state
M19C_S1_lab_hard_floor_B1_U050_R1,518.391279246,6.590582686,command,0.500000,-2.580194950,-3.249757767,-2.208282232,0.037523523,-0.106235996,-2.205629826,ros2_odometer_state
M19C_S1_lab_hard_floor_B1_U050_R1,518.392615456,6.591918896,command,0.500000,-2.580194950,-3.249757767,-2.208282232,0.037523523,-0.106235996,-2.205629826,ros2_odometer_state
M19C_S1_lab_hard_floor_B1_U050_R1,518.395409608,6.594713048,command,0.500000,-2.580194950,-3.249757767,-2.208282232,0.037015889,-0.106705956,-2.204724550,ros2_odometer_state
M19C_S1_lab_hard_floor_B1_U050_R1,518.396669624,6.595973064,command,0.500000,-2.580194950,-3.249757767,-2.208282232,0.037015889,-0.106705956,-2.204724550,ros2_odometer_state
M19C_S1_lab_hard_floor_B1_U050_R1,518.399206103,6.598509543,command,0.500000,-2.580194950,-3.249757767,-2.208282232,0.036878821,-0.107029937,-2.204490662,ros2_odometer_state
M19C_S1_lab_hard_floor_B1_U050_R1,518.401403337,6.600706777,command,0.500000,-2.580194950,-3.249757767,-2.208282232,0.036709279,-0.107801966,-2.204036951,ros2_odometer_state
M19C_S1_lab_hard_floor_B1_U050_R1,518.402753435,6.602056875,command,0.500000,-2.596260071,-3.259343386,-2.204036951,0.036709279,-0.107801966,-2.204036951,ros2_odometer_state
M19C_S1_lab_hard_floor_B1_U050_R1,518.405446176,6.604749616,command,0.500000,-2.596260071,-3.259343386,-2.204036951,0.036426023,-0.108548068,-2.203423023,ros2_odometer_state
M19C_S1_lab_hard_floor_B1_U050_R1,518.407374088,6.606677528,command,0.500000,-2.596260071,-3.259343386,-2.204036951,0.036231477,-0.108845793,-2.202988625,ros2_odometer_state
M19C_S1_lab_hard_floor_B1_U050_R1,518.409852709,6.609156149,command,0.500000,-2.596260071,-3.259343386,-2.204036951,0.036005661,-0.109082118,-2.202538967,ros2_odometer_state
M19C_S1_lab_hard_floor_B1_U050_R1,518.411527396,6.610830836,command,0.500000,-2.596260071,-3.259343386,-2.204036951,0.035785772,-0.109304242,-2.202175856,ros2_odometer_state
M19C_S1_lab_hard_floor_B1_U050_R1,518.412664334,6.611967774,command,0.500000,-2.596260071,-3.259343386,-2.204036951,0.035785772,-0.109304242,-2.202175856,ros2_odometer_state
M19C_S1_lab_hard_floor_B1_U050_R1,518.415807172,6.615110612,command,0.500000,-2.596260071,-3.259343386,-2.204036951,0.035423920,-0.109838903,-2.201792955,ros2_odometer_state
M19C_S1_lab_hard_floor_B1_U050_R1,518.416682981,6.615986421,command,0.500000,-2.596260071,-3.259343386,-2.204036951,0.035423920,-0.109838903,-2.201792955,ros2_odometer_state
M19C_S1_lab_hard_floor_B1_U050_R1,518.420040323,6.619343763,command,0.500000,-2.596260071,-3.259343386,-2.204036951,0.035182681,-0.110410772,-2.201790571,ros2_odometer_state
M19C_S1_lab_hard_floor_B1_U050_R1,518.421497081,6.620800521,command,0.500000,-2.596260071,-3.259343386,-2.204036951,0.035067428,-0.110670730,-2.201876640,ros2_odometer_state
M19C_S1_lab_hard_floor_B1_U050_R1,518.423468163,6.622771603,command,0.500000,-2.609248877,-3.270347834,-2.201876640,0.034943581,-0.110899664,-2.201973915,ros2_odometer_state
M19C_S1_lab_hard_floor_B1_U050_R1,518.425526800,6.624830240,command,0.500000,-2.609248877,-3.270347834,-2.201876640,0.034816742,-0.111026920,-2.202033758,ros2_odometer_state
M19C_S1_lab_hard_floor_B1_U050_R1,518.427415927,6.626719367,command,0.500000,-2.609248877,-3.270347834,-2.201876640,0.034695510,-0.110996820,-2.202006578,ros2_odometer_state
M19C_S1_lab_hard_floor_B1_U050_R1,518.429402273,6.628705713,command,0.500000,-2.609248877,-3.270347834,-2.201876640,0.034591064,-0.110916190,-2.201969862,ros2_odometer_state
M19C_S1_lab_hard_floor_B1_U050_R1,518.430693137,6.629996577,command,0.500000,-2.609248877,-3.270347834,-2.201876640,0.034591064,-0.110916190,-2.201969862,ros2_odometer_state
M19C_S1_lab_hard_floor_B1_U050_R1,518.433492762,6.632796202,command,0.500000,-2.609248877,-3.270347834,-2.201876640,0.034587845,-0.110983029,-2.202151299,ros2_odometer_state
M19C_S1_lab_hard_floor_B1_U050_R1,518.435658955,6.634962395,command,0.500000,-2.609248877,-3.270347834,-2.201876640,0.034643549,-0.111154936,-2.202345610,ros2_odometer_state
M19C_S1_lab_hard_floor_B1_U050_R1,518.437392204,6.636695644,command,0.500000,-2.609248877,-3.270347834,-2.201876640,0.034729671,-0.111377552,-2.202509880,ros2_odometer_state
M19C_S1_lab_hard_floor_B1_U050_R1,518.440345147,6.639648587,command,0.500000,-2.609248877,-3.270347834,-2.201876640,0.034833252,-0.111632586,-2.202579975,ros2_odometer_state
M19C_S1_lab_hard_floor_B1_U050_R1,518.441110935,6.640414375,command,0.500000,-2.609248877,-3.270347834,-2.201876640,0.034833252,-0.111632586,-2.202579975,ros2_odometer_state
M19C_S1_lab_hard_floor_B1_U050_R1,518.443713977,6.643017417,command,0.500000,-2.621019363,-3.281516552,-2.202610016,0.035022367,-0.112043686,-2.202677250,ros2_odometer_state
M19C_S1_lab_hard_floor_B1_U050_R1,518.445552734,6.644856174,command,0.500000,-2.621019363,-3.281516552,-2.202610016,0.035101593,-0.112155698,-2.202765703,ros2_odometer_state
M19C_S1_lab_hard_floor_B1_U050_R1,518.447536328,6.646839768,command,0.500000,-2.621019363,-3.281516552,-2.202610016,0.035177648,-0.112219274,-2.202826023,ros2_odometer_state
M19C_S1_lab_hard_floor_B1_U050_R1,518.449522386,6.648825826,command,0.500000,-2.621019363,-3.281516552,-2.202610016,0.035253953,-0.112268493,-2.202893019,ros2_odometer_state
M19C_S1_lab_hard_floor_B1_U050_R1,518.451865290,6.651168730,command,0.500000,-2.621019363,-3.281516552,-2.202610016,0.035352066,-0.112358212,-2.203107119,ros2_odometer_state
M19C_S1_lab_hard_floor_B1_U050_R1,518.452952499,6.652255939,command,0.500000,-2.621019363,-3.281516552,-2.202610016,0.035352066,-0.112358212,-2.203107119,ros2_odometer_state
M19C_S1_lab_hard_floor_B1_U050_R1,518.455954339,6.655257779,command,0.500000,-2.621019363,-3.281516552,-2.202610016,0.035720542,-0.112756737,-2.203993320,ros2_odometer_state
M19C_S1_lab_hard_floor_B1_U050_R1,518.457035020,6.656338460,command,0.500000,-2.621019363,-3.281516552,-2.202610016,0.035720542,-0.112756737,-2.203993320,ros2_odometer_state
M19C_S1_lab_hard_floor_B1_U050_R1,518.460315238,6.659618678,command,0.500000,-2.621019363,-3.281516552,-2.202610016,0.036177158,-0.113187216,-2.204606295,ros2_odometer_state
M19C_S1_lab_hard_floor_B1_U050_R1,518.462099913,6.661403353,command,0.500000,-2.621019363,-3.281516552,-2.202610016,0.036387295,-0.113333888,-2.204836845,ros2_odometer_state
M19C_S1_lab_hard_floor_B1_U050_R1,518.464028753,6.663332193,command,0.500000,-2.630715370,-3.291096210,-2.204836845,0.036593717,-0.113464125,-2.205057144,ros2_odometer_state
M19C_S1_lab_hard_floor_B1_U050_R1,518.465007094,6.664310534,command,0.500000,-2.630715370,-3.291096210,-2.204836845,0.036593717,-0.113464125,-2.205057144,ros2_odometer_state
M19C_S1_lab_hard_floor_B1_U050_R1,518.466815002,6.666118442,command,0.500000,-2.630715370,-3.291096210,-2.204836845,0.036780238,-0.113545164,-2.205284119,ros2_odometer_state
M19C_S1_lab_hard_floor_B1_U050_R1,518.469122832,6.668426272,command,0.500000,-2.630715370,-3.291096210,-2.204836845,0.036966857,-0.113567114,-2.205538988,ros2_odometer_state
M19C_S1_lab_hard_floor_B1_U050_R1,518.470830960,6.670134400,command,0.500000,-2.630715370,-3.291096210,-2.204836845,0.037185956,-0.113570929,-2.205853462,ros2_odometer_state
M19C_S1_lab_hard_floor_B1_U050_R1,518.473696123,6.672999563,command,0.500000,-2.630715370,-3.291096210,-2.204836845,0.037730023,-0.113681525,-2.206599474,ros2_odometer_state
M19C_S1_lab_hard_floor_B1_U050_R1,518.475600579,6.674904019,command,0.500000,-2.630715370,-3.291096210,-2.204836845,0.038043968,-0.113744117,-2.206998825,ros2_odometer_state
M19C_S1_lab_hard_floor_B1_U050_R1,518.479992071,6.679295511,command,0.500000,-2.630715370,-3.291096210,-2.204836845,0.038349163,-0.113794118,-2.207388639,ros2_odometer_state
M19C_S1_lab_hard_floor_B1_U050_R1,518.481041230,6.680344670,command,0.500000,-2.630715370,-3.291096210,-2.204836845,0.038638603,-0.113860488,-2.207789421,ros2_odometer_state
M19C_S1_lab_hard_floor_B1_U050_R1,518.481889102,6.681192542,command,0.500000,-2.630715370,-3.291096210,-2.204836845,0.038914010,-0.113938153,-2.208224773,ros2_odometer_state
M19C_S1_lab_hard_floor_B1_U050_R1,518.482944086,6.682247526,command,0.500000,-2.639942646,-3.301190615,-2.208224773,0.038914010,-0.113938153,-2.208224773,ros2_odometer_state
M19C_S1_lab_hard_floor_B1_U050_R1,518.485692285,6.684995725,command,0.500000,-2.639942646,-3.301190615,-2.208224773,0.039377030,-0.114018932,-2.208983183,ros2_odometer_state
M19C_S1_lab_hard_floor_B1_U050_R1,518.487589156,6.686892596,command,0.500000,-2.639942646,-3.301190615,-2.208224773,0.039578591,-0.113977231,-2.209250212,ros2_odometer_state
M19C_S1_lab_hard_floor_B1_U050_R1,518.489587630,6.688891070,command,0.500000,-2.639942646,-3.301190615,-2.208224773,0.039780900,-0.113895044,-2.209552765,ros2_odometer_state
M19C_S1_lab_hard_floor_B1_U050_R1,518.491599098,6.690902538,command,0.500000,-2.639942646,-3.301190615,-2.208224773,0.039972112,-0.113810748,-2.209919214,ros2_odometer_state
M19C_S1_lab_hard_floor_B1_U050_R1,518.493605285,6.692908725,command,0.500000,-2.639942646,-3.301190615,-2.208224773,0.040144149,-0.113751240,-2.210328579,ros2_odometer_state
M19C_S1_lab_hard_floor_B1_U050_R1,518.495707252,6.695010692,command,0.500000,-2.639942646,-3.301190615,-2.208224773,0.040282816,-0.113718130,-2.210731745,ros2_odometer_state
M19C_S1_lab_hard_floor_B1_U050_R1,518.497675133,6.696978573,command,0.500000,-2.639942646,-3.301190615,-2.208224773,0.040367600,-0.113686375,-2.211118937,ros2_odometer_state
M19C_S1_lab_hard_floor_B1_U050_R1,518.500229597,6.699533037,command,0.500000,-2.639942646,-3.301190615,-2.208224773,0.040387932,-0.113655552,-2.211468220,ros2_odometer_state
M19C_S1_lab_hard_floor_B1_U050_R1,518.501679027,6.700982467,command,0.500000,-2.639942646,-3.301190615,-2.208224773,0.040379722,-0.113619424,-2.211771965,ros2_odometer_state
M19C_S1_lab_hard_floor_B1_U050_R1,518.503766561,6.703070001,command,0.500000,-2.649074078,-3.311110258,-2.211771965,0.040391695,-0.113603145,-2.212050438,ros2_odometer_state
M19C_S1_lab_hard_floor_B1_U050_R1,518.505718698,6.705022138,command,0.500000,-2.649074078,-3.311110258,-2.211771965,0.040429424,-0.113590971,-2.212308645,ros2_odometer_state
M19C_S1_lab_hard_floor_B1_U050_R1,518.508165990,6.707469430,command,0.500000,-2.649074078,-3.311110258,-2.211771965,0.040489264,-0.113541864,-2.212537289,ros2_odometer_state
M19C_S1_lab_hard_floor_B1_U050_R1,518.509323825,6.708627265,command,0.500000,-2.649074078,-3.311110258,-2.211771965,0.040489264,-0.113541864,-2.212537289,ros2_odometer_state
M19C_S1_lab_hard_floor_B1_U050_R1,518.511153014,6.710456454,command,0.500000,-2.649074078,-3.311110258,-2.211771965,0.040561128,-0.113434799,-2.212777138,ros2_odometer_state
M19C_S1_lab_hard_floor_B1_U050_R1,518.514939300,6.714242740,command,0.500000,-2.649074078,-3.311110258,-2.211771965,0.040673282,-0.113101952,-2.213394880,ros2_odometer_state
M19C_S1_lab_hard_floor_B1_U050_R1,518.515971722,6.715275162,command,0.500000,-2.649074078,-3.311110258,-2.211771965,0.040674243,-0.112921193,-2.213742495,ros2_odometer_state
M19C_S1_lab_hard_floor_B1_U050_R1,518.517748333,6.717051773,command,0.500000,-2.649074078,-3.311110258,-2.211771965,0.040616613,-0.112750709,-2.214087486,ros2_odometer_state
M19C_S1_lab_hard_floor_B1_U050_R1,518.520290796,6.719594236,command,0.500000,-2.649074078,-3.311110258,-2.211771965,0.040485173,-0.112577878,-2.214424849,ros2_odometer_state
M19C_S1_lab_hard_floor_B1_U050_R1,518.521813509,6.721116949,command,0.500000,-2.649074078,-3.311110258,-2.211771965,0.040300056,-0.112407342,-2.214766979,ros2_odometer_state
M19C_S1_lab_hard_floor_B1_U050_R1,518.523816784,6.723120224,command,0.500000,-2.657338858,-3.322182894,-2.214766979,0.040071882,-0.112269804,-2.215089560,ros2_odometer_state
M19C_S1_lab_hard_floor_B1_U050_R1,518.526278828,6.725582268,command,0.500000,-2.657338858,-3.322182894,-2.214766979,0.040071882,-0.112269804,-2.215089560,ros2_odometer_state
M19C_S1_lab_hard_floor_B1_U050_R1,518.527687553,6.726990993,command,0.500000,-2.657338858,-3.322182894,-2.214766979,0.039813850,-0.112159163,-2.215359688,ros2_odometer_state
M19C_S1_lab_hard_floor_B1_U050_R1,518.528984817,6.728288257,command,0.500000,-2.657338858,-3.322182894,-2.214766979,0.039539061,-0.112066194,-2.215576410,ros2_odometer_state
M19C_S1_lab_hard_floor_B1_U050_R1,518.531763993,6.731067433,command,0.500000,-2.657338858,-3.322182894,-2.214766979,0.038996048,-0.111852214,-2.215724707,ros2_odometer_state
M19C_S1_lab_hard_floor_B1_U050_R1,518.534464415,6.733767855,command,0.500000,-2.657338858,-3.322182894,-2.214766979,0.038728110,-0.111725770,-2.215714455,ros2_odometer_state
M19C_S1_lab_hard_floor_B1_U050_R1,518.535151352,6.734454792,command,0.500000,-2.657338858,-3.322182894,-2.214766979,0.038728110,-0.111725770,-2.215714455,ros2_odometer_state
M19C_S1_lab_hard_floor_B1_U050_R1,518.537779739,6.737083179,command,0.500000,-2.657338858,-3.322182894,-2.214766979,0.038213454,-0.111413971,-2.215736151,ros2_odometer_state
M19C_S1_lab_hard_floor_B1_U050_R1,518.540398269,6.739701709,command,0.500000,-2.657338858,-3.322182894,-2.214766979,0.037966914,-0.111238137,-2.215811014,ros2_odometer_state
M19C_S1_lab_hard_floor_B1_U050_R1,518.541814930,6.741118370,command,0.500000,-2.657338858,-3.322182894,-2.214766979,0.037731387,-0.111080140,-2.215925694,ros2_odometer_state
M19C_S1_lab_hard_floor_B1_U050_R1,518.543015647,6.742319087,command,0.500000,-2.666022062,-3.331547499,-2.215925694,0.037731387,-0.111080140,-2.215925694,ros2_odometer_state
M19C_S1_lab_hard_floor_B1_U050_R1,518.545281108,6.744584548,command,0.500000,-2.666022062,-3.331547499,-2.215925694,0.037489258,-0.110966995,-2.216035604,ros2_odometer_state
M19C_S1_lab_hard_floor_B1_U050_R1,518.548040955,6.747344395,command,0.500000,-2.666022062,-3.331547499,-2.215925694,0.037023727,-0.110841624,-2.216204405,ros2_odometer_state
M19C_S1_lab_hard_floor_B1_U050_R1,518.549821246,6.749124686,command,0.500000,-2.666022062,-3.331547499,-2.215925694,0.036804970,-0.110819466,-2.216234684,ros2_odometer_state
M19C_S1_lab_hard_floor_B1_U050_R1,518.551809512,6.751112952,command,0.500000,-2.666022062,-3.331547499,-2.215925694,0.036577977,-0.110790730,-2.216206074,ros2_odometer_state
M19C_S1_lab_hard_floor_B1_U050_R1,518.553811411,6.753114851,command,0.500000,-2.666022062,-3.331547499,-2.215925694,0.036345873,-0.110747389,-2.216130733,ros2_odometer_state
M19C_S1_lab_hard_floor_B1_U050_R1,518.556571930,6.755875370,command,0.500000,-2.666022062,-3.331547499,-2.215925694,0.036105748,-0.110672787,-2.216033697,ros2_odometer_state
M19C_S1_lab_hard_floor_B1_U050_R1,518.557251732,6.756555172,command,0.500000,-2.666022062,-3.331547499,-2.215925694,0.036105748,-0.110672787,-2.216033697,ros2_odometer_state
M19C_S1_lab_hard_floor_B1_U050_R1,518.560391273,6.759694713,command,0.500000,-2.666022062,-3.331547499,-2.215925694,0.035539072,-0.110388808,-2.215789080,ros2_odometer_state
M19C_S1_lab_hard_floor_B1_U050_R1,518.561919202,6.761222642,command,0.500000,-2.666022062,-3.331547499,-2.215925694,0.035219450,-0.110200316,-2.215666056,ros2_odometer_state
M19C_S1_lab_hard_floor_B1_U050_R1,518.563923886,6.763227326,command,0.500000,-2.675478697,-3.341080904,-2.215666056,0.034920242,-0.110066816,-2.215524197,ros2_odometer_state
M19C_S1_lab_hard_floor_B1_U050_R1,518.565409925,6.764713365,command,0.500000,-2.675478697,-3.341080904,-2.215666056,0.034920242,-0.110066816,-2.215524197,ros2_odometer_state
M19C_S1_lab_hard_floor_B1_U050_R1,518.567851905,6.767155345,command,0.500000,-2.675478697,-3.341080904,-2.215666056,0.034377005,-0.110099584,-2.215129375,ros2_odometer_state
M19C_S1_lab_hard_floor_B1_U050_R1,518.569861996,6.769165436,command,0.500000,-2.675478697,-3.341080904,-2.215666056,0.034118570,-0.110230021,-2.214917183,ros2_odometer_state
M19C_S1_lab_hard_floor_B1_U050_R1,518.571853974,6.771157414,command,0.500000,-2.675478697,-3.341080904,-2.215666056,0.033841696,-0.110419728,-2.214658260,ros2_odometer_state
M19C_S1_lab_hard_floor_B1_U050_R1,518.573859618,6.773163058,command,0.500000,-2.675478697,-3.341080904,-2.215666056,0.033547997,-0.110604025,-2.214381218,ros2_odometer_state
M19C_S1_lab_hard_floor_B1_U050_R1,518.576346975,6.775650415,command,0.500000,-2.675478697,-3.341080904,-2.215666056,0.033220269,-0.110705331,-2.214109421,ros2_odometer_state
M19C_S1_lab_hard_floor_B1_U050_R1,518.577333476,6.776636916,command,0.500000,-2.675478697,-3.341080904,-2.215666056,0.033220269,-0.110705331,-2.214109421,ros2_odometer_state
M19C_S1_lab_hard_floor_B1_U050_R1,518.580691553,6.779994993,command,0.500000,-2.675478697,-3.341080904,-2.215666056,0.032449491,-0.110598259,-2.213464975,ros2_odometer_state
M19C_S1_lab_hard_floor_B1_U050_R1,518.581343386,6.780646826,command,0.500000,-2.675478697,-3.341080904,-2.215666056,0.032449491,-0.110598259,-2.213464975,ros2_odometer_state
M19C_S1_lab_hard_floor_B1_U050_R1,518.583939035,6.783242475,command,0.500000,-2.684076548,-3.351180315,-2.213117599,0.031709578,-0.110351481,-2.212790966,ros2_odometer_state
M19C_S1_lab_hard_floor_B1_U050_R1,518.586268338,6.785571778,command,0.500000,-2.684076548,-3.351180315,-2.213117599,0.031398397,-0.110292695,-2.212444544,ros2_odometer_state
M19C_S1_lab_hard_floor_B1_U050_R1,518.588516038,6.787819478,command,0.500000,-2.684076548,-3.351180315,-2.213117599,0.031112947,-0.110313140,-2.212050200,ros2_odometer_state
M19C_S1_lab_hard_floor_B1_U050_R1,518.589163423,6.788466863,command,0.500000,-2.684076548,-3.351180315,-2.213117599,0.031112947,-0.110313140,-2.212050200,ros2_odometer_state
M19C_S1_lab_hard_floor_B1_U050_R1,518.591867940,6.791171380,command,0.500000,-2.684076548,-3.351180315,-2.213117599,0.030566588,-0.110417545,-2.211192369,ros2_odometer_state
M19C_S1_lab_hard_floor_B1_U050_R1,518.593893008,6.793196448,command,0.500000,-2.684076548,-3.351180315,-2.213117599,0.030281650,-0.110412270,-2.210741282,ros2_odometer_state
M19C_S1_lab_hard_floor_B1_U050_R1,518.595894491,6.795197931,command,0.500000,-2.684076548,-3.351180315,-2.213117599,0.030020021,-0.110352673,-2.210321188,ros2_odometer_state
M19C_S1_lab_hard_floor_B1_U050_R1,518.597873253,6.797176693,command,0.500000,-2.684076548,-3.351180315,-2.213117599,0.029779097,-0.110216573,-2.209954500,ros2_odometer_state
M19C_S1_lab_hard_floor_B1_U050_R1,518.600482854,6.799786294,command,0.500000,-2.684076548,-3.351180315,-2.213117599,0.029527171,-0.109999612,-2.209620714,ros2_odometer_state
M19C_S1_lab_hard_floor_B1_U050_R1,518.601964670,6.801268110,command,0.500000,-2.684076548,-3.351180315,-2.213117599,0.029277820,-0.109756596,-2.209273577,ros2_odometer_state
M19C_S1_lab_hard_floor_B1_U050_R1,518.604739590,6.804043030,command,0.500000,-2.692513466,-3.362712383,-2.209273577,0.029051434,-0.109540410,-2.208905458,ros2_odometer_state
M19C_S1_lab_hard_floor_B1_U050_R1,518.605357213,6.804660653,command,0.500000,-2.692513466,-3.362712383,-2.209273577,0.029051434,-0.109540410,-2.208905458,ros2_odometer_state
M19C_S1_lab_hard_floor_B1_U050_R1,518.607284581,6.806588021,command,0.500000,-2.692513466,-3.362712383,-2.209273577,0.028852308,-0.109370068,-2.208509207,ros2_odometer_state
M19C_S1_lab_hard_floor_B1_U050_R1,518.609275440,6.808578880,command,0.500000,-2.692513466,-3.362712383,-2.209273577,0.028679499,-0.109240144,-2.208130598,ros2_odometer_state
M19C_S1_lab_hard_floor_B1_U050_R1,518.611315228,6.810618668,command,0.500000,-2.692513466,-3.362712383,-2.209273577,0.028529784,-0.109134957,-2.207797527,ros2_odometer_state
M19C_S1_lab_hard_floor_B1_U050_R1,518.613343816,6.812647256,command,0.500000,-2.692513466,-3.362712383,-2.209273577,0.028388327,-0.109021492,-2.207479954,ros2_odometer_state
M19C_S1_lab_hard_floor_B1_U050_R1,518.615349011,6.814652451,command,0.500000,-2.692513466,-3.362712383,-2.209273577,0.028251207,-0.108858801,-2.207184553,ros2_odometer_state
M19C_S1_lab_hard_floor_B1_U050_R1,518.617353790,6.816657230,command,0.500000,-2.692513466,-3.362712383,-2.209273577,0.028101880,-0.108612835,-2.206933498,ros2_odometer_state
M19C_S1_lab_hard_floor_B1_U050_R1,518.620690971,6.819994411,command,0.500000,-2.692513466,-3.362712383,-2.209273577,0.027782949,-0.107885636,-2.206518173,ros2_odometer_state
M19C_S1_lab_hard_floor_B1_U050_R1,518.621245968,6.820549408,command,0.500000,-2.692513466,-3.362712383,-2.209273577,0.027782949,-0.107885636,-2.206518173,ros2_odometer_state
M19C_S1_lab_hard_floor_B1_U050_R1,518.623935924,6.823239364,command,0.500000,-2.699981213,-3.374567270,-2.206336737,0.027453875,-0.107060455,-2.206145525,ros2_odometer_state
M19C_S1_lab_hard_floor_B1_U050_R1,518.625090688,6.824394128,command,0.500000,-2.699981213,-3.374567270,-2.206336737,0.027453875,-0.107060455,-2.206145525,ros2_odometer_state
M19C_S1_lab_hard_floor_B1_U050_R1,518.627066602,6.826370042,command,0.500000,-2.699981213,-3.374567270,-2.206336737,0.027297530,-0.106700800,-2.205972672,ros2_odometer_state
M19C_S1_lab_hard_floor_B1_U050_R1,518.629872531,6.829175971,command,0.500000,-2.699981213,-3.374567270,-2.206336737,0.027037969,-0.106081732,-2.205748320,ros2_odometer_state
M19C_S1_lab_hard_floor_B1_U050_R1,518.631855229,6.831158669,command,0.500000,-2.699981213,-3.374567270,-2.206336737,0.026918443,-0.105765991,-2.205675364,ros2_odometer_state
M19C_S1_lab_hard_floor_B1_U050_R1,518.633838311,6.833141751,command,0.500000,-2.699981213,-3.374567270,-2.206336737,0.026793761,-0.105433099,-2.205664635,ros2_odometer_state
M19C_S1_lab_hard_floor_B1_U050_R1,518.635119511,6.834422951,command,0.500000,-2.699981213,-3.374567270,-2.206336737,0.026793761,-0.105433099,-2.205664635,ros2_odometer_state
M19C_S1_lab_hard_floor_B1_U050_R1,518.637095169,6.836398609,command,0.500000,-2.699981213,-3.374567270,-2.206336737,0.026641702,-0.105075456,-2.205691099,ros2_odometer_state
M19C_S1_lab_hard_floor_B1_U050_R1,518.640955026,6.840258466,command,0.500000,-2.699981213,-3.374567270,-2.206336737,0.026268121,-0.104278810,-2.205783129,ros2_odometer_state
M19C_S1_lab_hard_floor_B1_U050_R1,518.641677837,6.840981277,command,0.500000,-2.699981213,-3.374567270,-2.206336737,0.026268121,-0.104278810,-2.205783129,ros2_odometer_state
M19C_S1_lab_hard_floor_B1_U050_R1,518.644080327,6.843383767,command,0.500000,-2.707915068,-3.385615826,-2.205847740,0.025853230,-0.103419043,-2.205937386,ros2_odometer_state
M19C_S1_lab_hard_floor_B1_U050_R1,518.645960781,6.845264221,command,0.500000,-2.707915068,-3.385615826,-2.205847740,0.025633166,-0.103001386,-2.206039429,ros2_odometer_state
M19C_S1_lab_hard_floor_B1_U050_R1,518.647140793,6.846444233,command,0.500000,-2.707915068,-3.385615826,-2.205847740,0.025633166,-0.103001386,-2.206039429,ros2_odometer_state
M19C_S1_lab_hard_floor_B1_U050_R1,518.650036710,6.849340150,command,0.500000,-2.707915068,-3.385615826,-2.205847740,0.025127169,-0.102198750,-2.206234932,ros2_odometer_state
M19C_S1_lab_hard_floor_B1_U050_R1,518.652171606,6.851475046,command,0.500000,-2.707915068,-3.385615826,-2.205847740,0.024830660,-0.101742648,-2.206374168,ros2_odometer_state
M19C_S1_lab_hard_floor_B1_U050_R1,518.654002906,6.853306346,command,0.500000,-2.707915068,-3.385615826,-2.205847740,0.024499234,-0.101215057,-2.206575871,ros2_odometer_state
M19C_S1_lab_hard_floor_B1_U050_R1,518.655306731,6.854610171,command,0.500000,-2.707915068,-3.385615826,-2.205847740,0.024499234,-0.101215057,-2.206575871,ros2_odometer_state
M19C_S1_lab_hard_floor_B1_U050_R1,518.657150288,6.856453728,command,0.500000,-2.707915068,-3.385615826,-2.205847740,0.024128731,-0.100630403,-2.206848621,ros2_odometer_state
M19C_S1_lab_hard_floor_B1_U050_R1,518.660617842,6.859921282,command,0.500000,-2.707915068,-3.385615826,-2.205847740,0.023179770,-0.099431977,-2.207423449,ros2_odometer_state
M19C_S1_lab_hard_floor_B1_U050_R1,518.661240361,6.860543801,command,0.500000,-2.707915068,-3.385615826,-2.205847740,0.023179770,-0.099431977,-2.207423449,ros2_odometer_state
M19C_S1_lab_hard_floor_B1_U050_R1,518.663998960,6.863302400,command,0.500000,-2.714683533,-3.395080566,-2.207655668,0.022004385,-0.098296665,-2.207863569,ros2_odometer_state
M19C_S1_lab_hard_floor_B1_U050_R1,518.665959322,6.865262762,command,0.500000,-2.714683533,-3.395080566,-2.207655668,0.021382086,-0.097743593,-2.208084345,ros2_odometer_state
M19C_S1_lab_hard_floor_B1_U050_R1,518.667166695,6.866470135,command,0.500000,-2.714683533,-3.395080566,-2.207655668,0.021382086,-0.097743593,-2.208084345,ros2_odometer_state
M19C_S1_lab_hard_floor_B1_U050_R1,518.669955791,6.869259231,command,0.500000,-2.714683533,-3.395080566,-2.207655668,0.020080306,-0.096565410,-2.208651543,ros2_odometer_state
M19C_S1_lab_hard_floor_B1_U050_R1,518.671194622,6.870498062,command,0.500000,-2.714683533,-3.395080566,-2.207655668,0.020080306,-0.096565410,-2.208651543,ros2_odometer_state
M19C_S1_lab_hard_floor_B1_U050_R1,518.673276236,6.872579676,command,0.500000,-2.714683533,-3.395080566,-2.207655668,0.019401822,-0.095927492,-2.208991766,ros2_odometer_state
M19C_S1_lab_hard_floor_B1_U050_R1,518.675297303,6.874600743,command,0.500000,-2.714683533,-3.395080566,-2.207655668,0.018703580,-0.095263451,-2.209361792,ros2_odometer_state
M19C_S1_lab_hard_floor_B1_U050_R1,518.677172030,6.876475470,command,0.500000,-2.714683533,-3.395080566,-2.207655668,0.017991142,-0.094580621,-2.209728956,ros2_odometer_state
M19C_S1_lab_hard_floor_B1_U050_R1,518.680602046,6.879905486,command,0.500000,-2.714683533,-3.395080566,-2.207655668,0.016640989,-0.093189299,-2.210521460,ros2_odometer_state
M19C_S1_lab_hard_floor_B1_U050_R1,518.682197082,6.881500522,command,0.500000,-2.714683533,-3.395080566,-2.207655668,0.016040480,-0.092543557,-2.211035252,ros2_odometer_state
M19C_S1_lab_hard_floor_B1_U050_R1,518.684216709,6.883520149,command,0.500000,-2.721532345,-3.404659986,-2.211035252,0.015557893,-0.092077211,-2.211810350,ros2_odometer_state
M19C_S1_lab_hard_floor_B1_U050_R1,518.686077131,6.885380571,command,0.500000,-2.721532345,-3.404659986,-2.211035252,0.015350181,-0.091830224,-2.212979317,ros2_odometer_state
M19C_S1_lab_hard_floor_B1_U050_R1,518.688085974,6.887389414,command,0.500000,-2.721532345,-3.404659986,-2.211035252,0.015309403,-0.091663957,-2.214125872,ros2_odometer_state
M19C_S1_lab_hard_floor_B1_U050_R1,518.690059936,6.889363376,command,0.500000,-2.721532345,-3.404659986,-2.211035252,0.015322865,-0.091464333,-2.215278864,ros2_odometer_state
M19C_S1_lab_hard_floor_B1_U050_R1,518.692114829,6.891418269,command,0.500000,-2.721532345,-3.404659986,-2.211035252,0.015526240,-0.091168880,-2.216612339,ros2_odometer_state
M19C_S1_lab_hard_floor_B1_U050_R1,518.694075030,6.893378470,command,0.500000,-2.721532345,-3.404659986,-2.211035252,0.015749006,-0.090678118,-2.218013048,ros2_odometer_state
M19C_S1_lab_hard_floor_B1_U050_R1,518.696420430,6.895723870,command,0.500000,-2.721532345,-3.404659986,-2.211035252,0.015890174,-0.089967407,-2.219327927,ros2_odometer_state
M19C_S1_lab_hard_floor_B1_U050_R1,518.697257134,6.896560574,command,0.500000,-2.721532345,-3.404659986,-2.211035252,0.015890174,-0.089967407,-2.219327927,ros2_odometer_state
M19C_S1_lab_hard_floor_B1_U050_R1,518.700877269,6.900180709,command,0.500000,-2.721532345,-3.404659986,-2.211035252,0.016339637,-0.087737441,-2.221838713,ros2_odometer_state
M19C_S1_lab_hard_floor_B1_U050_R1,518.701376648,6.900680088,command,0.500000,-2.721532345,-3.404659986,-2.211035252,0.016339637,-0.087737441,-2.221838713,ros2_odometer_state
M19C_S1_lab_hard_floor_B1_U050_R1,518.703659165,6.902962605,command,0.500000,-2.728988171,-3.415032387,-2.223164558,0.016597509,-0.086279884,-2.223164558,ros2_odometer_state
M19C_S1_lab_hard_floor_B1_U050_R1,518.706070711,6.905374151,command,0.500000,-2.728988171,-3.415032387,-2.223164558,0.016847372,-0.084668785,-2.224451780,ros2_odometer_state
M19C_S1_lab_hard_floor_B1_U050_R1,518.707840026,6.907143466,command,0.500000,-2.728988171,-3.415032387,-2.223164558,0.017047327,-0.083061740,-2.225661993,ros2_odometer_state
M19C_S1_lab_hard_floor_B1_U050_R1,518.710227411,6.909530851,command,0.500000,-2.728988171,-3.415032387,-2.223164558,0.017530508,-0.080178536,-2.228094101,ros2_odometer_state
M19C_S1_lab_hard_floor_B1_U050_R1,518.712178044,6.911481484,command,0.500000,-2.728988171,-3.415032387,-2.223164558,0.017857959,-0.078840859,-2.229327440,ros2_odometer_state
M19C_S1_lab_hard_floor_B1_U050_R1,518.714138342,6.913441782,command,0.500000,-2.728988171,-3.415032387,-2.223164558,0.018165326,-0.077553608,-2.230553150,ros2_odometer_state
M19C_S1_lab_hard_floor_B1_U050_R1,518.716194355,6.915497795,command,0.500000,-2.728988171,-3.415032387,-2.223164558,0.018396469,-0.076307632,-2.231778622,ros2_odometer_state
M19C_S1_lab_hard_floor_B1_U050_R1,518.718131739,6.917435179,command,0.500000,-2.728988171,-3.415032387,-2.223164558,0.018543573,-0.075034738,-2.233005047,ros2_odometer_state
M19C_S1_lab_hard_floor_B1_U050_R1,518.720943268,6.920246708,command,0.500000,-2.728988171,-3.415032387,-2.223164558,0.018616615,-0.073661104,-2.234175920,ros2_odometer_state
M19C_S1_lab_hard_floor_B1_U050_R1,518.721590333,6.920893773,command,0.500000,-2.728988171,-3.415032387,-2.223164558,0.018616615,-0.073661104,-2.234175920,ros2_odometer_state
M19C_S1_lab_hard_floor_B1_U050_R1,518.724310274,6.923613714,command,0.500000,-2.732539892,-3.424921274,-2.235251665,0.018515633,-0.070704259,-2.236268997,ros2_odometer_state
M19C_S1_lab_hard_floor_B1_U050_R1,518.726283500,6.925586940,command,0.500000,-2.732539892,-3.424921274,-2.235251665,0.018370155,-0.069141760,-2.237243652,ros2_odometer_state
M19C_S1_lab_hard_floor_B1_U050_R1,518.728203348,6.927506788,command,0.500000,-2.732539892,-3.424921274,-2.235251665,0.018169111,-0.067576431,-2.238116741,ros2_odometer_state
M19C_S1_lab_hard_floor_B1_U050_R1,518.730160829,6.929464269,command,0.500000,-2.732539892,-3.424921274,-2.235251665,0.017892987,-0.066043846,-2.238826275,ros2_odometer_state
M19C_S1_lab_hard_floor_B1_U050_R1,518.732231147,6.931534587,command,0.500000,-2.732539892,-3.424921274,-2.235251665,0.017527176,-0.064553231,-2.239425898,ros2_odometer_state
M19C_S1_lab_hard_floor_B1_U050_R1,518.734286904,6.933590344,command,0.500000,-2.732539892,-3.424921274,-2.235251665,0.017065177,-0.063099734,-2.239981174,ros2_odometer_state
M19C_S1_lab_hard_floor_B1_U050_R1,518.736235745,6.935539185,command,0.500000,-2.732539892,-3.424921274,-2.235251665,0.016495176,-0.061678618,-2.240449190,ros2_odometer_state
M19C_S1_lab_hard_floor_B1_U050_R1,518.737449966,6.936753406,command,0.500000,-2.732539892,-3.424921274,-2.235251665,0.016495176,-0.061678618,-2.240449190,ros2_odometer_state
M19C_S1_lab_hard_floor_B1_U050_R1,518.740925904,6.940229344,command,0.500000,-2.732539892,-3.424921274,-2.235251665,0.015057754,-0.058996201,-2.241100311,ros2_odometer_state
M19C_S1_lab_hard_floor_B1_U050_R1,518.742331333,6.941634773,command,0.500000,-2.732539892,-3.424921274,-2.235251665,0.014254964,-0.057729404,-2.241481304,ros2_odometer_state
M19C_S1_lab_hard_floor_B1_U050_R1,518.744258541,6.943561981,command,0.500000,-2.737431288,-3.432935953,-2.241481304,0.013457134,-0.056455195,-2.242006063,ros2_odometer_state
M19C_S1_lab_hard_floor_B1_U050_R1,518.746123475,6.945426915,command,0.500000,-2.737431288,-3.432935953,-2.241481304,0.012694298,-0.055139218,-2.242678881,ros2_odometer_state
M19C_S1_lab_hard_floor_B1_U050_R1,518.748151359,6.947454799,command,0.500000,-2.737431288,-3.432935953,-2.241481304,0.011954634,-0.053801998,-2.243479967,ros2_odometer_state
M19C_S1_lab_hard_floor_B1_U050_R1,518.750061030,6.949364470,command,0.500000,-2.737431288,-3.432935953,-2.241481304,0.011179137,-0.052512318,-2.244314909,ros2_odometer_state
M19C_S1_lab_hard_floor_B1_U050_R1,518.752626919,6.951930359,command,0.500000,-2.737431288,-3.432935953,-2.241481304,0.010310473,-0.051317081,-2.245108366,ros2_odometer_state
M19C_S1_lab_hard_floor_B1_U050_R1,518.754072253,6.953375693,command,0.500000,-2.737431288,-3.432935953,-2.241481304,0.009380536,-0.050193075,-2.245891094,ros2_odometer_state
M19C_S1_lab_hard_floor_B1_U050_R1,518.756296368,6.955599808,command,0.500000,-2.737431288,-3.432935953,-2.241481304,0.008444753,-0.049132328,-2.246675491,ros2_odometer_state
M19C_S1_lab_hard_floor_B1_U050_R1,518.758159830,6.957463270,command,0.500000,-2.737431288,-3.432935953,-2.241481304,0.007509970,-0.048158620,-2.247410059,ros2_odometer_state
M19C_S1_lab_hard_floor_B1_U050_R1,518.760822777,6.960126217,command,0.500000,-2.737431288,-3.432935953,-2.241481304,0.006583622,-0.047300797,-2.248097420,ros2_odometer_state
M19C_S1_lab_hard_floor_B1_U050_R1,518.762217838,6.961521278,command,0.500000,-2.737431288,-3.432935953,-2.241481304,0.005674139,-0.046563968,-2.248798370,ros2_odometer_state
M19C_S1_lab_hard_floor_B1_U050_R1,518.764293851,6.963597291,command,0.500000,-2.743064642,-3.440544844,-2.248798370,0.004776920,-0.045911804,-2.249618530,ros2_odometer_state
M19C_S1_lab_hard_floor_B1_U050_R1,518.766156833,6.965460273,command,0.500000,-2.743064642,-3.440544844,-2.248798370,0.003912828,-0.045284279,-2.250628948,ros2_odometer_state
M19C_S1_lab_hard_floor_B1_U050_R1,518.768163244,6.967466684,command,0.500000,-2.743064642,-3.440544844,-2.248798370,0.002218334,-0.044104442,-2.252915859,ros2_odometer_state
M19C_S1_lab_hard_floor_B1_U050_R1,518.770913011,6.970216451,command,0.500000,-2.743064642,-3.440544844,-2.248798370,0.001310740,-0.043674517,-2.254006863,ros2_odometer_state
M19C_S1_lab_hard_floor_B1_U050_R1,518.772315336,6.971618776,command,0.500000,-2.743064642,-3.440544844,-2.248798370,0.001310740,-0.043674517,-2.254006863,ros2_odometer_state
M19C_S1_lab_hard_floor_B1_U050_R1,518.774360820,6.973664260,command,0.500000,-2.743064642,-3.440544844,-2.248798370,0.000378064,-0.043385904,-2.255046844,ros2_odometer_state
M19C_S1_lab_hard_floor_B1_U050_R1,518.776561767,6.975865207,command,0.500000,-2.743064642,-3.440544844,-2.248798370,0.000378064,-0.043385904,-2.255046844,ros2_odometer_state
M19C_S1_lab_hard_floor_B1_U050_R1,518.777578189,6.976881629,command,0.500000,-2.743064642,-3.440544844,-2.248798370,0.000378064,-0.043385904,-2.255046844,ros2_odometer_state
M19C_S1_lab_hard_floor_B1_U050_R1,518.780992173,6.980295613,command,0.500000,-2.743064642,-3.440544844,-2.248798370,-0.003219170,-0.043102901,-2.258878708,ros2_odometer_state
M19C_S1_lab_hard_floor_B1_U050_R1,518.783896569,6.983200009,command,0.500000,-2.743064642,-3.440544844,-2.248798370,-0.004055961,-0.043207724,-2.259812117,ros2_odometer_state
M19C_S1_lab_hard_floor_B1_U050_R1,518.784796891,6.984100331,command,0.500000,-2.750246525,-3.448968887,-2.259812117,-0.004841194,-0.043265909,-2.260860443,ros2_odometer_state
M19C_S1_lab_hard_floor_B1_U050_R1,518.785490357,6.984793797,command,0.500000,-2.750246525,-3.448968887,-2.259812117,-0.004841194,-0.043265909,-2.260860443,ros2_odometer_state
M19C_S1_lab_hard_floor_B1_U050_R1,518.787845197,6.987148637,command,0.500000,-2.750246525,-3.448968887,-2.259812117,-0.005583336,-0.043260675,-2.262034178,ros2_odometer_state
M19C_S1_lab_hard_floor_B1_U050_R1,518.789832760,6.989136200,command,0.500000,-2.750246525,-3.448968887,-2.259812117,-0.006320725,-0.043223135,-2.263270855,ros2_odometer_state
M19C_S1_lab_hard_floor_B1_U050_R1,518.791477621,6.990781061,command,0.500000,-2.750246525,-3.448968887,-2.259812117,-0.007055770,-0.043200169,-2.264486790,ros2_odometer_state
M19C_S1_lab_hard_floor_B1_U050_R1,518.796508433,6.995811873,command,0.500000,-2.750246525,-3.448968887,-2.259812117,-0.008204977,-0.043346528,-2.266505003,ros2_odometer_state
M19C_S1_lab_hard_floor_B1_U050_R1,518.799129172,6.998432612,command,0.500000,-2.750246525,-3.448968887,-2.259812117,-0.008376288,-0.043667950,-2.267290831,ros2_odometer_state
M19C_S1_lab_hard_floor_B1_U050_R1,518.800209180,6.999512620,command,0.500000,-2.750246525,-3.448968887,-2.259812117,-0.008276494,-0.044108186,-2.267772198,ros2_odometer_state
M19C_S1_lab_hard_floor_B1_U050_R1,518.801087677,7.000391117,command,0.500000,-2.750246525,-3.448968887,-2.259812117,-0.007941606,-0.044438921,-2.267769337,ros2_odometer_state
M19C_S1_lab_hard_floor_B1_U050_R1,518.801674995,7.000978435,command,0.500000,-2.750246525,-3.448968887,-2.259812117,-0.007941606,-0.044438921,-2.267769337,ros2_odometer_state
M19C_S1_lab_hard_floor_B1_U050_R1,518.803715583,7.003019023,command,0.500000,-2.757673979,-3.460136175,-2.267530203,-0.007388670,-0.044473376,-2.267530203,ros2_odometer_state
M19C_S1_lab_hard_floor_B1_U050_R1,518.806310432,7.005613872,command,0.500000,-2.757673979,-3.460136175,-2.267530203,-0.005696040,-0.044078663,-2.267172098,ros2_odometer_state
M19C_S1_lab_hard_floor_B1_U050_R1,518.811240153,7.010543593,command,0.500000,-2.757673979,-3.460136175,-2.267530203,-0.004660434,-0.043909740,-2.266919136,ros2_odometer_state
M19C_S1_lab_hard_floor_B1_U050_R1,518.812697008,7.012000448,command,0.500000,-2.757673979,-3.460136175,-2.267530203,-0.003679381,-0.043754552,-2.266524553,ros2_odometer_state
M19C_S1_lab_hard_floor_B1_U050_R1,518.816678565,7.015982005,command,0.500000,-2.757673979,-3.460136175,-2.267530203,-0.003679381,-0.043754552,-2.266524553,ros2_odometer_state
M19C_S1_lab_hard_floor_B1_U050_R1,518.817967701,7.017271141,command,0.500000,-2.757673979,-3.460136175,-2.267530203,-0.002905017,-0.043593761,-2.266066313,ros2_odometer_state
M19C_S1_lab_hard_floor_B1_U050_R1,518.818859190,7.018162630,command,0.500000,-2.757673979,-3.460136175,-2.267530203,-0.002374413,-0.043408222,-2.265567541,ros2_odometer_state
M19C_S1_lab_hard_floor_B1_U050_R1,518.819727031,7.019030471,command,0.500000,-2.757673979,-3.460136175,-2.267530203,-0.002011880,-0.043218143,-2.264950752,ros2_odometer_state
M19C_S1_lab_hard_floor_B1_U050_R1,518.820805023,7.020108463,command,0.500000,-2.757673979,-3.460136175,-2.267530203,-0.001727377,-0.043024875,-2.264160872,ros2_odometer_state
M19C_S1_lab_hard_floor_B1_U050_R1,518.821872775,7.021176215,command,0.500000,-2.757673979,-3.460136175,-2.267530203,-0.001470680,-0.042858750,-2.263282776,ros2_odometer_state
M19C_S1_lab_hard_floor_B1_U050_R1,518.824517994,7.023821434,command,0.500000,-2.762487888,-3.472509623,-2.262425184,-0.001317547,-0.042604789,-2.261666298,ros2_odometer_state
M19C_S1_lab_hard_floor_B1_U050_R1,518.826308429,7.025611869,command,0.500000,-2.762487888,-3.472509623,-2.262425184,-0.001414315,-0.042357031,-2.261046410,ros2_odometer_state
M19C_S1_lab_hard_floor_B1_U050_R1,518.828365402,7.027668842,command,0.500000,-2.762487888,-3.472509623,-2.262425184,-0.001555783,-0.041933585,-2.260536432,ros2_odometer_state
M19C_S1_lab_hard_floor_B1_U050_R1,518.830320355,7.029623795,command,0.500000,-2.762487888,-3.472509623,-2.262425184,-0.001761508,-0.041397698,-2.260074615,ros2_odometer_state
M19C_S1_lab_hard_floor_B1_U050_R1,518.832298957,7.031602397,command,0.500000,-2.762487888,-3.472509623,-2.262425184,-0.002071522,-0.040833313,-2.259585857,ros2_odometer_state
M19C_S1_lab_hard_floor_B1_U050_R1,518.833735299,7.033038739,command,0.500000,-2.762487888,-3.472509623,-2.262425184,-0.002071522,-0.040833313,-2.259585857,ros2_odometer_state
M19C_S1_lab_hard_floor_B1_U050_R1,518.836460841,7.035764281,command,0.500000,-2.762487888,-3.472509623,-2.262425184,-0.003008889,-0.039784711,-2.258348942,ros2_odometer_state
M19C_S1_lab_hard_floor_B1_U050_R1,518.838318767,7.037622207,command,0.500000,-2.762487888,-3.472509623,-2.262425184,-0.003551829,-0.039288901,-2.257618904,ros2_odometer_state
M19C_S1_lab_hard_floor_B1_U050_R1,518.840916016,7.040219456,command,0.500000,-2.762487888,-3.472509623,-2.262425184,-0.004047856,-0.038806293,-2.256767035,ros2_odometer_state
M19C_S1_lab_hard_floor_B1_U050_R1,518.842411912,7.041715352,command,0.500000,-2.762487888,-3.472509623,-2.262425184,-0.004550795,-0.038338419,-2.255810976,ros2_odometer_state
M19C_S1_lab_hard_floor_B1_U050_R1,518.844502518,7.043805958,command,0.500000,-2.767482042,-3.481608391,-2.255810976,-0.005120369,-0.037904151,-2.254877567,ros2_odometer_state
M19C_S1_lab_hard_floor_B1_U050_R1,518.848486732,7.047790172,command,0.500000,-2.767482042,-3.481608391,-2.255810976,-0.005682303,-0.037458055,-2.254069567,ros2_odometer_state
M19C_S1_lab_hard_floor_B1_U050_R1,518.849438095,7.048741535,command,0.500000,-2.767482042,-3.481608391,-2.255810976,-0.006179244,-0.036925938,-2.253358841,ros2_odometer_state
M19C_S1_lab_hard_floor_B1_U050_R1,518.849750811,7.049054251,command,0.500000,-2.767482042,-3.481608391,-2.255810976,-0.006179244,-0.036925938,-2.253358841,ros2_odometer_state
M19C_S1_lab_hard_floor_B1_U050_R1,518.852434815,7.051738255,command,0.500000,-2.767482042,-3.481608391,-2.255810976,-0.007210509,-0.035758302,-2.251814604,ros2_odometer_state
M19C_S1_lab_hard_floor_B1_U050_R1,518.854318662,7.053622102,command,0.500000,-2.767482042,-3.481608391,-2.255810976,-0.007726952,-0.035185292,-2.251087427,ros2_odometer_state
M19C_S1_lab_hard_floor_B1_U050_R1,518.856610076,7.055913516,command,0.500000,-2.767482042,-3.481608391,-2.255810976,-0.008219293,-0.034566268,-2.250484228,ros2_odometer_state
M19C_S1_lab_hard_floor_B1_U050_R1,518.858586758,7.057890198,command,0.500000,-2.767482042,-3.481608391,-2.255810976,-0.008734221,-0.033916656,-2.249936342,ros2_odometer_state
M19C_S1_lab_hard_floor_B1_U050_R1,518.860988576,7.060292016,command,0.500000,-2.767482042,-3.481608391,-2.255810976,-0.009300768,-0.033297066,-2.249389648,ros2_odometer_state
M19C_S1_lab_hard_floor_B1_U050_R1,518.862490552,7.061793992,command,0.500000,-2.767482042,-3.481608391,-2.255810976,-0.009910864,-0.032769103,-2.248868465,ros2_odometer_state
M19C_S1_lab_hard_floor_B1_U050_R1,518.864468290,7.063771730,command,0.500000,-2.773809671,-3.490319252,-2.248868465,-0.010559194,-0.032327157,-2.248427868,ros2_odometer_state
M19C_S1_lab_hard_floor_B1_U050_R1,518.865616109,7.064919549,command,0.500000,-2.773809671,-3.490319252,-2.248868465,-0.010559194,-0.032327157,-2.248427868,ros2_odometer_state
M19C_S1_lab_hard_floor_B1_U050_R1,518.868429078,7.067732518,command,0.500000,-2.773809671,-3.490319252,-2.248868465,-0.011867421,-0.031505384,-2.247817516,ros2_odometer_state
M19C_S1_lab_hard_floor_B1_U050_R1,518.870318141,7.069621581,command,0.500000,-2.773809671,-3.490319252,-2.248868465,-0.012414881,-0.031058185,-2.247522831,ros2_odometer_state
M19C_S1_lab_hard_floor_B1_U050_R1,518.874403734,7.073707174,command,0.500000,-2.773809671,-3.490319252,-2.248868465,-0.012889294,-0.030561235,-2.247187376,ros2_odometer_state
M19C_S1_lab_hard_floor_B1_U050_R1,518.875638468,7.074941908,command,0.500000,-2.773809671,-3.490319252,-2.248868465,-0.013357888,-0.030009788,-2.246878386,ros2_odometer_state
M19C_S1_lab_hard_floor_B1_U050_R1,518.876129654,7.075433094,command,0.500000,-2.773809671,-3.490319252,-2.248868465,-0.013357888,-0.030009788,-2.246878386,ros2_odometer_state
M19C_S1_lab_hard_floor_B1_U050_R1,518.884352778,7.083656218,command,0.500000,-2.773809671,-3.490319252,-2.248868465,-0.014266930,-0.028821349,-2.246577740,ros2_odometer_state
M19C_S1_lab_hard_floor_B1_U050_R1,518.885403122,7.084706562,command,0.500000,-2.773809671,-3.490319252,-2.248868465,-0.014718680,-0.028254138,-2.246437788,ros2_odometer_state
M19C_S1_lab_hard_floor_B1_U050_R1,518.886658881,7.085962321,command,0.500000,-2.773809671,-3.490319252,-2.248868465,-0.015174420,-0.027749879,-2.246289253,ros2_odometer_state
M19C_S1_lab_hard_floor_B1_U050_R1,518.887917392,7.087220832,command,0.500000,-2.782104015,-3.500165462,-2.246289253,-0.015594219,-0.027320012,-2.246232510,ros2_odometer_state
M19C_S1_lab_hard_floor_B1_U050_R1,518.896086530,7.095389970,command,0.500000,-2.782104015,-3.500165462,-2.246289253,-0.015594219,-0.027320012,-2.246232510,ros2_odometer_state
M19C_S1_lab_hard_floor_B1_U050_R1,518.897307471,7.096610911,command,0.500000,-2.782104015,-3.500165462,-2.246289253,-0.015959505,-0.026948934,-2.246318102,ros2_odometer_state
M19C_S1_lab_hard_floor_B1_U050_R1,518.898650402,7.097953842,command,0.500000,-2.782104015,-3.500165462,-2.246289253,-0.016284462,-0.026613543,-2.246511936,ros2_odometer_state
M19C_S1_lab_hard_floor_B1_U050_R1,518.899777068,7.099080508,command,0.500000,-2.782104015,-3.500165462,-2.246289253,-0.016573904,-0.026275380,-2.246737719,ros2_odometer_state
M19C_S1_lab_hard_floor_B1_U050_R1,518.901200897,7.100504337,command,0.500000,-2.782104015,-3.500165462,-2.246289253,-0.016832450,-0.025900356,-2.246935368,ros2_odometer_state
M19C_S1_lab_hard_floor_B1_U050_R1,518.902467921,7.101771361,command,0.500000,-2.782104015,-3.500165462,-2.246289253,-0.017085744,-0.025486138,-2.247110128,ros2_odometer_state
M19C_S1_lab_hard_floor_B1_U050_R1,518.903349170,7.102652610,command,0.500000,-2.782104015,-3.500165462,-2.246289253,-0.017334456,-0.025049986,-2.247301579,ros2_odometer_state
M19C_S1_lab_hard_floor_B1_U050_R1,518.904643842,7.103947282,command,0.500000,-2.782104015,-3.500165462,-2.246289253,-0.017556172,-0.024610128,-2.247518063,ros2_odometer_state
M19C_S1_lab_hard_floor_B1_U050_R1,518.905874288,7.105177728,command,0.500000,-2.782104015,-3.500165462,-2.246289253,-0.017760143,-0.024180673,-2.247737408,ros2_odometer_state
M19C_S1_lab_hard_floor_B1_U050_R1,518.906768018,7.106071458,command,0.500000,-2.790416479,-3.508269072,-2.247948885,-0.017939126,-0.023779484,-2.247948885,ros2_odometer_state
M19C_S1_lab_hard_floor_B1_U050_R1,518.909009253,7.108312693,command,0.500000,-2.790416479,-3.508269072,-2.247948885,-0.018088900,-0.023426440,-2.248157024,ros2_odometer_state
M19C_S1_lab_hard_floor_B1_U050_R1,518.910460220,7.109763660,command,0.500000,-2.790416479,-3.508269072,-2.247948885,-0.018231919,-0.023130003,-2.248371601,ros2_odometer_state
M19C_S1_lab_hard_floor_B1_U050_R1,518.912084665,7.111388105,command,0.500000,-2.790416479,-3.508269072,-2.247948885,-0.018364945,-0.022870336,-2.248586655,ros2_odometer_state
M19C_S1_lab_hard_floor_B1_U050_R1,518.914301708,7.113605148,command,0.500000,-2.790416479,-3.508269072,-2.247948885,-0.018455639,-0.022629526,-2.248778343,ros2_odometer_state
M19C_S1_lab_hard_floor_B1_U050_R1,518.915857990,7.115161430,command,0.500000,-2.790416479,-3.508269072,-2.247948885,-0.018496517,-0.022395018,-2.248899937,ros2_odometer_state
M19C_S1_lab_hard_floor_B1_U050_R1,518.916828298,7.116131738,command,0.500000,-2.790416479,-3.508269072,-2.247948885,-0.018528361,-0.022142606,-2.248949766,ros2_odometer_state
M19C_S1_lab_hard_floor_B1_U050_R1,518.918067609,7.117371049,command,0.500000,-2.790416479,-3.508269072,-2.247948885,-0.018559113,-0.021868320,-2.248937845,ros2_odometer_state
M19C_S1_lab_hard_floor_B1_U050_R1,518.920420465,7.119723905,command,0.500000,-2.790416479,-3.508269072,-2.247948885,-0.018573768,-0.021581592,-2.248859406,ros2_odometer_state
M19C_S1_lab_hard_floor_B1_U050_R1,518.921885800,7.121189240,command,0.500000,-2.790416479,-3.508269072,-2.247948885,-0.018577093,-0.021314489,-2.248715401,ros2_odometer_state
M19C_S1_lab_hard_floor_B1_U050_R1,518.923844337,7.123147777,command,0.500000,-2.797261000,-3.517631531,-2.248542309,-0.018573487,-0.021090960,-2.248542309,ros2_odometer_state
M19C_S1_lab_hard_floor_B1_U050_R1,518.925812443,7.125115883,command,0.500000,-2.797261000,-3.517631531,-2.248542309,-0.018544670,-0.020911295,-2.248393297,ros2_odometer_state
M19C_S1_lab_hard_floor_B1_U050_R1,518.927742883,7.127046323,command,0.500000,-2.797261000,-3.517631531,-2.248542309,-0.018490324,-0.020770805,-2.248234510,ros2_odometer_state
M19C_S1_lab_hard_floor_B1_U050_R1,518.930821526,7.130124966,command,0.500000,-2.797261000,-3.517631531,-2.248542309,-0.018324863,-0.020541467,-2.247740269,ros2_odometer_state
M19C_S1_lab_hard_floor_B1_U050_R1,518.931935136,7.131238576,command,0.500000,-2.797261000,-3.517631531,-2.248542309,-0.018324863,-0.020541467,-2.247740269,ros2_odometer_state
M19C_S1_lab_hard_floor_B1_U050_R1,518.934574819,7.133878259,command,0.500000,-2.797261000,-3.517631531,-2.248542309,-0.018032011,-0.020383010,-2.247229099,ros2_odometer_state
M19C_S1_lab_hard_floor_B1_U050_R1,518.935713709,7.135017149,command,0.500000,-2.797261000,-3.517631531,-2.248542309,-0.018032011,-0.020383010,-2.247229099,ros2_odometer_state
M19C_S1_lab_hard_floor_B1_U050_R1,518.938479253,7.137782693,command,0.500000,-2.797261000,-3.517631531,-2.248542309,-0.017485240,-0.020229595,-2.246747255,ros2_odometer_state
M19C_S1_lab_hard_floor_B1_U050_R1,518.940326490,7.139629930,command,0.500000,-2.797261000,-3.517631531,-2.248542309,-0.017485240,-0.020229595,-2.246747255,ros2_odometer_state
M19C_S1_lab_hard_floor_B1_U050_R1,518.942178431,7.141481871,command,0.500000,-2.797261000,-3.517631531,-2.248542309,-0.017220967,-0.020191904,-2.246453524,ros2_odometer_state
M19C_S1_lab_hard_floor_B1_U050_R1,518.943929409,7.143232849,command,0.500000,-2.804380894,-3.526156187,-2.246083498,-0.016995320,-0.020228000,-2.246083498,ros2_odometer_state
M19C_S1_lab_hard_floor_B1_U050_R1,518.948795479,7.148098919,command,0.500000,-2.804380894,-3.526156187,-2.246083498,-0.016613588,-0.020506140,-2.244948626,ros2_odometer_state
M19C_S1_lab_hard_floor_B1_U050_R1,518.949940898,7.149244338,command,0.500000,-2.804380894,-3.526156187,-2.246083498,-0.016387057,-0.020680444,-2.244260550,ros2_odometer_state
M19C_S1_lab_hard_floor_B1_U050_R1,518.950943111,7.150246551,command,0.500000,-2.804380894,-3.526156187,-2.246083498,-0.016092813,-0.020858938,-2.243536472,ros2_odometer_state
M19C_S1_lab_hard_floor_B1_U050_R1,518.952718954,7.152022394,command,0.500000,-2.804380894,-3.526156187,-2.246083498,-0.015751019,-0.021057824,-2.242832661,ros2_odometer_state
M19C_S1_lab_hard_floor_B1_U050_R1,518.953875989,7.153179429,command,0.500000,-2.804380894,-3.526156187,-2.246083498,-0.015751019,-0.021057824,-2.242832661,ros2_odometer_state
M19C_S1_lab_hard_floor_B1_U050_R1,518.956882214,7.156185654,command,0.500000,-2.804380894,-3.526156187,-2.246083498,-0.014989777,-0.021571675,-2.241646051,ros2_odometer_state
M19C_S1_lab_hard_floor_B1_U050_R1,518.958706634,7.158010074,command,0.500000,-2.804380894,-3.526156187,-2.246083498,-0.014556732,-0.021874687,-2.241135359,ros2_odometer_state
M19C_S1_lab_hard_floor_B1_U050_R1,518.960404874,7.159708314,command,0.500000,-2.804380894,-3.526156187,-2.246083498,-0.014556732,-0.021874687,-2.241135359,ros2_odometer_state
M19C_S1_lab_hard_floor_B1_U050_R1,518.962855301,7.162158741,command,0.500000,-2.804380894,-3.526156187,-2.246083498,-0.013473055,-0.022437494,-2.240083218,ros2_odometer_state
M19C_S1_lab_hard_floor_B1_U050_R1,518.965607660,7.164911100,command,0.500000,-2.812808275,-3.534661055,-2.240083218,-0.013473055,-0.022437494,-2.240083218,ros2_odometer_state
M19C_S1_lab_hard_floor_B1_U050_R1,518.966618930,7.165922370,command,0.500000,-2.812808275,-3.534661055,-2.240083218,-0.012904060,-0.022734923,-2.239550114,ros2_odometer_state
M19C_S1_lab_hard_floor_B1_U050_R1,518.967755357,7.167058797,command,0.500000,-2.812808275,-3.534661055,-2.240083218,-0.012343234,-0.023083853,-2.239046335,ros2_odometer_state
M19C_S1_lab_hard_floor_B1_U050_R1,518.970532901,7.169836341,command,0.500000,-2.812808275,-3.534661055,-2.240083218,-0.011226797,-0.024025209,-2.238155365,ros2_odometer_state
M19C_S1_lab_hard_floor_B1_U050_R1,518.972653716,7.171957156,command,0.500000,-2.812808275,-3.534661055,-2.240083218,-0.010632356,-0.024562530,-2.237766266,ros2_odometer_state
M19C_S1_lab_hard_floor_B1_U050_R1,518.974437623,7.173741063,command,0.500000,-2.812808275,-3.534661055,-2.240083218,-0.010003670,-0.025072793,-2.237361670,ros2_odometer_state
M19C_S1_lab_hard_floor_B1_U050_R1,518.977143644,7.176447084,command,0.500000,-2.812808275,-3.534661055,-2.240083218,-0.009371199,-0.025551677,-2.236925840,ros2_odometer_state
M19C_S1_lab_hard_floor_B1_U050_R1,518.978058655,7.177362095,command,0.500000,-2.812808275,-3.534661055,-2.240083218,-0.009371199,-0.025551677,-2.236925840,ros2_odometer_state
M19C_S1_lab_hard_floor_B1_U050_R1,518.981455166,7.180758606,command,0.500000,-2.812808275,-3.534661055,-2.240083218,-0.008087101,-0.026673054,-2.236243486,ros2_odometer_state
M19C_S1_lab_hard_floor_B1_U050_R1,518.981948560,7.181252000,command,0.500000,-2.812808275,-3.534661055,-2.240083218,-0.008087101,-0.026673054,-2.236243486,ros2_odometer_state
M19C_S1_lab_hard_floor_B1_U050_R1,518.984789115,7.184092555,command,0.500000,-2.821166277,-3.546529770,-2.236086607,-0.006793678,-0.028087875,-2.235997438,ros2_odometer_state
M19C_S1_lab_hard_floor_B1_U050_R1,518.986603871,7.185907311,command,0.500000,-2.821166277,-3.546529770,-2.236086607,-0.006154479,-0.028844053,-2.235920906,ros2_odometer_state
M19C_S1_lab_hard_floor_B1_U050_R1,518.988607082,7.187910522,command,0.500000,-2.821166277,-3.546529770,-2.236086607,-0.005497322,-0.029642934,-2.235876083,ros2_odometer_state
M19C_S1_lab_hard_floor_B1_U050_R1,518.990565523,7.189868963,command,0.500000,-2.821166277,-3.546529770,-2.236086607,-0.004814191,-0.030497899,-2.235894203,ros2_odometer_state
M19C_S1_lab_hard_floor_B1_U050_R1,518.992602495,7.191905935,command,0.500000,-2.821166277,-3.546529770,-2.236086607,-0.004091445,-0.031383604,-2.235965967,ros2_odometer_state
M19C_S1_lab_hard_floor_B1_U050_R1,518.994590602,7.193894042,command,0.500000,-2.821166277,-3.546529770,-2.236086607,-0.003337892,-0.032284539,-2.236029148,ros2_odometer_state
M19C_S1_lab_hard_floor_B1_U050_R1,518.996908064,7.196211504,command,0.500000,-2.821166277,-3.546529770,-2.236086607,-0.002593432,-0.033183359,-2.236068726,ros2_odometer_state
M19C_S1_lab_hard_floor_B1_U050_R1,518.998841289,7.198144729,command,0.500000,-2.821166277,-3.546529770,-2.236086607,-0.001873487,-0.034076188,-2.236116648,ros2_odometer_state
M19C_S1_lab_hard_floor_B1_U050_R1,519.001289348,7.200592788,command,0.500000,-2.821166277,-3.546529770,-2.236086607,-0.001168704,-0.034987975,-2.236189842,ros2_odometer_state
M19C_S1_lab_hard_floor_B1_U050_R1,519.002684089,7.201987529,command,0.500000,-2.821166277,-3.546529770,-2.236086607,-0.000480920,-0.035935353,-2.236270905,ros2_odometer_state
M19C_S1_lab_hard_floor_B1_U050_R1,519.004191121,7.203494561,command,0.500000,-2.830737591,-3.559777260,-2.236270905,-0.000480920,-0.035935353,-2.236270905,ros2_odometer_state
M19C_S1_lab_hard_floor_B1_U050_R1,519.006288704,7.205592144,command,0.500000,-2.830737591,-3.559777260,-2.236270905,0.000187034,-0.036922891,-2.236349344,ros2_odometer_state
M19C_S1_lab_hard_floor_B1_U050_R1,519.008096739,7.207400179,command,0.500000,-2.830737591,-3.559777260,-2.236270905,0.000853540,-0.037936255,-2.236435175,ros2_odometer_state
M19C_S1_lab_hard_floor_B1_U050_R1,519.010938670,7.210242110,command,0.500000,-2.830737591,-3.559777260,-2.236270905,0.002232171,-0.040033326,-2.236667633,ros2_odometer_state
M19C_S1_lab_hard_floor_B1_U050_R1,519.013431051,7.212734491,command,0.500000,-2.830737591,-3.559777260,-2.236270905,0.002980622,-0.041104928,-2.236792564,ros2_odometer_state
M19C_S1_lab_hard_floor_B1_U050_R1,519.014817887,7.214121327,command,0.500000,-2.830737591,-3.559777260,-2.236270905,0.003785015,-0.042196251,-2.236911297,ros2_odometer_state
M19C_S1_lab_hard_floor_B1_U050_R1,519.015911976,7.215215416,command,0.500000,-2.830737591,-3.559777260,-2.236270905,0.003785015,-0.042196251,-2.236911297,ros2_odometer_state
M19C_S1_lab_hard_floor_B1_U050_R1,519.018690544,7.217993984,command,0.500000,-2.830737591,-3.559777260,-2.236270905,0.005476490,-0.044398252,-2.237066031,ros2_odometer_state
M19C_S1_lab_hard_floor_B1_U050_R1,519.021347507,7.220650947,command,0.500000,-2.830737591,-3.559777260,-2.236270905,0.006341915,-0.045499887,-2.237062931,ros2_odometer_state
M19C_S1_lab_hard_floor_B1_U050_R1,519.022743016,7.222046456,command,0.500000,-2.830737591,-3.559777260,-2.236270905,0.007204534,-0.046616532,-2.237014532,ros2_odometer_state
M19C_S1_lab_hard_floor_B1_U050_R1,519.024986716,7.224290156,command,0.500000,-2.839991570,-3.573692322,-2.237014532,0.008067210,-0.047756676,-2.236933947,ros2_odometer_state
M19C_S1_lab_hard_floor_B1_U050_R1,519.027032232,7.226335672,command,0.500000,-2.839991570,-3.573692322,-2.237014532,0.008909496,-0.048931371,-2.236842155,ros2_odometer_state
M19C_S1_lab_hard_floor_B1_U050_R1,519.028522944,7.227826384,command,0.500000,-2.839991570,-3.573692322,-2.237014532,0.008909496,-0.048931371,-2.236842155,ros2_odometer_state
M19C_S1_lab_hard_floor_B1_U050_R1,519.031029054,7.230332494,command,0.500000,-2.839991570,-3.573692322,-2.237014532,0.010610504,-0.051364131,-2.236691475,ros2_odometer_state
M19C_S1_lab_hard_floor_B1_U050_R1,519.032104774,7.231408214,command,0.500000,-2.839991570,-3.573692322,-2.237014532,0.010610504,-0.051364131,-2.236691475,ros2_odometer_state
M19C_S1_lab_hard_floor_B1_U050_R1,519.035352256,7.234655696,command,0.500000,-2.839991570,-3.573692322,-2.237014532,0.012442539,-0.053866480,-2.236479044,ros2_odometer_state
M19C_S1_lab_hard_floor_B1_U050_R1,519.036149470,7.235452910,command,0.500000,-2.839991570,-3.573692322,-2.237014532,0.012442539,-0.053866480,-2.236479044,ros2_odometer_state
M19C_S1_lab_hard_floor_B1_U050_R1,519.038958375,7.238261815,command,0.500000,-2.839991570,-3.573692322,-2.237014532,0.014396837,-0.056401670,-2.236223459,ros2_odometer_state
M19C_S1_lab_hard_floor_B1_U050_R1,519.041236380,7.240539820,command,0.500000,-2.839991570,-3.573692322,-2.237014532,0.015426863,-0.057673037,-2.236017704,ros2_odometer_state
M19C_S1_lab_hard_floor_B1_U050_R1,519.042703091,7.242006531,command,0.500000,-2.839991570,-3.573692322,-2.237014532,0.016479971,-0.058932569,-2.235727787,ros2_odometer_state
M19C_S1_lab_hard_floor_B1_U050_R1,519.044723231,7.244026671,command,0.500000,-2.850699425,-3.587832928,-2.235727787,0.017536378,-0.060181789,-2.235390425,ros2_odometer_state
M19C_S1_lab_hard_floor_B1_U050_R1,519.046682344,7.245985784,command,0.500000,-2.850699425,-3.587832928,-2.235727787,0.018599873,-0.061442088,-2.235049248,ros2_odometer_state
M19C_S1_lab_hard_floor_B1_U050_R1,519.048997887,7.248301327,command,0.500000,-2.850699425,-3.587832928,-2.235727787,0.019675234,-0.062727459,-2.234723568,ros2_odometer_state
M19C_S1_lab_hard_floor_B1_U050_R1,519.050765281,7.250068721,command,0.500000,-2.850699425,-3.587832928,-2.235727787,0.020769313,-0.064039357,-2.234415531,ros2_odometer_state
M19C_S1_lab_hard_floor_B1_U050_R1,519.052923346,7.252226786,command,0.500000,-2.850699425,-3.587832928,-2.235727787,0.021882312,-0.065384738,-2.234104872,ros2_odometer_state
M19C_S1_lab_hard_floor_B1_U050_R1,519.054594000,7.253897440,command,0.500000,-2.850699425,-3.587832928,-2.235727787,0.023024181,-0.066765055,-2.233780622,ros2_odometer_state
M19C_S1_lab_hard_floor_B1_U050_R1,519.056911911,7.256215351,command,0.500000,-2.850699425,-3.587832928,-2.235727787,0.024186017,-0.068166673,-2.233451843,ros2_odometer_state
M19C_S1_lab_hard_floor_B1_U050_R1,519.057919725,7.257223165,command,0.500000,-2.850699425,-3.587832928,-2.235727787,0.024186017,-0.068166673,-2.233451843,ros2_odometer_state
M19C_S1_lab_hard_floor_B1_U050_R1,519.061296491,7.260599931,command,0.500000,-2.850699425,-3.587832928,-2.235727787,0.026585717,-0.071043260,-2.232699871,ros2_odometer_state
M19C_S1_lab_hard_floor_B1_U050_R1,519.062902087,7.262205527,command,0.500000,-2.850699425,-3.587832928,-2.235727787,0.027827678,-0.072475448,-2.232179880,ros2_odometer_state
M19C_S1_lab_hard_floor_B1_U050_R1,519.064057842,7.263361282,command,0.500000,-2.860607862,-3.602959871,-2.232179880,0.027827678,-0.072475448,-2.232179880,ros2_odometer_state
M19C_S1_lab_hard_floor_B1_U050_R1,519.066000411,7.265303851,command,0.500000,-2.860607862,-3.602959871,-2.232179880,0.029085008,-0.073867097,-2.231572390,ros2_odometer_state
M19C_S1_lab_hard_floor_B1_U050_R1,519.068909288,7.268212728,command,0.500000,-2.860607862,-3.602959871,-2.232179880,0.031651624,-0.076609418,-2.230459452,ros2_odometer_state
M19C_S1_lab_hard_floor_B1_U050_R1,519.070386207,7.269689647,command,0.500000,-2.860607862,-3.602959871,-2.232179880,0.031651624,-0.076609418,-2.230459452,ros2_odometer_state
M19C_S1_lab_hard_floor_B1_U050_R1,519.072104672,7.271408112,command,0.500000,-2.860607862,-3.602959871,-2.232179880,0.032975748,-0.077979721,-2.230000496,ros2_odometer_state
M19C_S1_lab_hard_floor_B1_U050_R1,519.074081162,7.273384602,command,0.500000,-2.860607862,-3.602959871,-2.232179880,0.034345329,-0.079342917,-2.229530811,ros2_odometer_state
M19C_S1_lab_hard_floor_B1_U050_R1,519.076996791,7.276300231,command,0.500000,-2.860607862,-3.602959871,-2.232179880,0.037156474,-0.082009301,-2.228422165,ros2_odometer_state
M19C_S1_lab_hard_floor_B1_U050_R1,519.078941472,7.278244912,command,0.500000,-2.860607862,-3.602959871,-2.232179880,0.038585600,-0.083343968,-2.227819920,ros2_odometer_state
M19C_S1_lab_hard_floor_B1_U050_R1,519.080740323,7.280043763,command,0.500000,-2.860607862,-3.602959871,-2.232179880,0.038585600,-0.083343968,-2.227819920,ros2_odometer_state
M19C_S1_lab_hard_floor_B1_U050_R1,519.082192217,7.281495657,command,0.500000,-2.860607862,-3.602959871,-2.232179880,0.039995864,-0.084739029,-2.227164745,ros2_odometer_state
M19C_S1_lab_hard_floor_B1_U050_R1,519.084264583,7.283568023,command,0.500000,-2.872849226,-3.618291855,-2.226285219,0.041263442,-0.086293638,-2.226285219,ros2_odometer_state
M19C_S1_lab_hard_floor_B1_U050_R1,519.086191855,7.285495295,command,0.500000,-2.872849226,-3.618291855,-2.226285219,0.042194683,-0.087995879,-2.225298882,ros2_odometer_state
M19C_S1_lab_hard_floor_B1_U050_R1,519.088206907,7.287510347,command,0.500000,-2.872849226,-3.618291855,-2.226285219,0.042895887,-0.089673154,-2.224586964,ros2_odometer_state
M19C_S1_lab_hard_floor_B1_U050_R1,519.090009118,7.289312558,command,0.500000,-2.872849226,-3.618291855,-2.226285219,0.043470513,-0.091206640,-2.224212408,ros2_odometer_state
M19C_S1_lab_hard_floor_B1_U050_R1,519.092200304,7.291503744,command,0.500000,-2.872849226,-3.618291855,-2.226285219,0.043935541,-0.092590466,-2.224010706,ros2_odometer_state
M19C_S1_lab_hard_floor_B1_U050_R1,519.094012244,7.293315684,command,0.500000,-2.872849226,-3.618291855,-2.226285219,0.044354703,-0.093825273,-2.223761082,ros2_odometer_state
M19C_S1_lab_hard_floor_B1_U050_R1,519.096915137,7.296218577,command,0.500000,-2.872849226,-3.618291855,-2.226285219,0.044930838,-0.096065186,-2.223278761,ros2_odometer_state
M19C_S1_lab_hard_floor_B1_U050_R1,519.098855785,7.298159225,command,0.500000,-2.872849226,-3.618291855,-2.226285219,0.044949107,-0.097061098,-2.223250628,ros2_odometer_state
M19C_S1_lab_hard_floor_B1_U050_R1,519.101376712,7.300680152,command,0.500000,-2.872849226,-3.618291855,-2.226285219,0.044775512,-0.097983457,-2.223282576,ros2_odometer_state
M19C_S1_lab_hard_floor_B1_U050_R1,519.102988580,7.302292020,command,0.500000,-2.872849226,-3.618291855,-2.226285219,0.044443779,-0.098901719,-2.223279715,ros2_odometer_state
M19C_S1_lab_hard_floor_B1_U050_R1,519.104975854,7.304279294,command,0.500000,-2.885492563,-3.631731510,-2.223279715,0.043969318,-0.099876381,-2.223112345,ros2_odometer_state
M19C_S1_lab_hard_floor_B1_U050_R1,519.106882678,7.306186118,command,0.500000,-2.885492563,-3.631731510,-2.223279715,0.043317106,-0.100902893,-2.222817898,ros2_odometer_state
M19C_S1_lab_hard_floor_B1_U050_R1,519.108901217,7.308204657,command,0.500000,-2.885492563,-3.631731510,-2.223279715,0.042529784,-0.101942621,-2.222521067,ros2_odometer_state
M19C_S1_lab_hard_floor_B1_U050_R1,519.110868875,7.310172315,command,0.500000,-2.885492563,-3.631731510,-2.223279715,0.041674044,-0.102933072,-2.222132206,ros2_odometer_state
M19C_S1_lab_hard_floor_B1_U050_R1,519.112234302,7.311537742,command,0.500000,-2.885492563,-3.631731510,-2.223279715,0.041674044,-0.102933072,-2.222132206,ros2_odometer_state
M19C_S1_lab_hard_floor_B1_U050_R1,519.115022599,7.314326039,command,0.500000,-2.885492563,-3.631731510,-2.223279715,0.039907098,-0.104619078,-2.220816374,ros2_odometer_state
M19C_S1_lab_hard_floor_B1_U050_R1,519.117094420,7.316397860,command,0.500000,-2.885492563,-3.631731510,-2.223279715,0.039114323,-0.105404273,-2.220236301,ros2_odometer_state
M19C_S1_lab_hard_floor_B1_U050_R1,519.119078174,7.318381614,command,0.500000,-2.885492563,-3.631731510,-2.223279715,0.038437676,-0.106198102,-2.219760418,ros2_odometer_state
M19C_S1_lab_hard_floor_B1_U050_R1,519.121481464,7.320784904,command,0.500000,-2.885492563,-3.631731510,-2.223279715,0.037873417,-0.106948934,-2.219328165,ros2_odometer_state
M19C_S1_lab_hard_floor_B1_U050_R1,519.123074228,7.322377668,command,0.500000,-2.885492563,-3.631731510,-2.223279715,0.037391532,-0.107602090,-2.218955755,ros2_odometer_state
M19C_S1_lab_hard_floor_B1_U050_R1,519.125020605,7.324324045,command,0.500000,-2.902730465,-3.642268896,-2.218955755,0.036955308,-0.108120121,-2.218655825,ros2_odometer_state
M19C_S1_lab_hard_floor_B1_U050_R1,519.126912708,7.326216148,command,0.500000,-2.902730465,-3.642268896,-2.218955755,0.036525000,-0.108505793,-2.218365192,ros2_odometer_state
M19C_S1_lab_hard_floor_B1_U050_R1,519.128947408,7.328250848,command,0.500000,-2.902730465,-3.642268896,-2.218955755,0.036095783,-0.108775623,-2.217986107,ros2_odometer_state
M19C_S1_lab_hard_floor_B1_U050_R1,519.131291624,7.330595064,command,0.500000,-2.902730465,-3.642268896,-2.218955755,0.035703331,-0.108970523,-2.217536926,ros2_odometer_state
M19C_S1_lab_hard_floor_B1_U050_R1,519.133019016,7.332322456,command,0.500000,-2.902730465,-3.642268896,-2.218955755,0.035395589,-0.109150395,-2.217153072,ros2_odometer_state
M19C_S1_lab_hard_floor_B1_U050_R1,519.135003251,7.334306691,command,0.500000,-2.902730465,-3.642268896,-2.218955755,0.035172846,-0.109342888,-2.216908693,ros2_odometer_state
M19C_S1_lab_hard_floor_B1_U050_R1,519.137119458,7.336422898,command,0.500000,-2.902730465,-3.642268896,-2.218955755,0.035014484,-0.109558299,-2.216780424,ros2_odometer_state
M19C_S1_lab_hard_floor_B1_U050_R1,519.139142414,7.338445854,command,0.500000,-2.902730465,-3.642268896,-2.218955755,0.034892585,-0.109801173,-2.216674089,ros2_odometer_state
M19C_S1_lab_hard_floor_B1_U050_R1,519.141597962,7.340901402,command,0.500000,-2.902730465,-3.642268896,-2.218955755,0.034789696,-0.110085569,-2.216557264,ros2_odometer_state
M19C_S1_lab_hard_floor_B1_U050_R1,519.143895744,7.343199184,command,0.500000,-2.902730465,-3.642268896,-2.218955755,0.034789696,-0.110085569,-2.216557264,ros2_odometer_state
M19C_S1_lab_hard_floor_B1_U050_R1,519.150696126,7.349999566,command,0.500000,-2.919035196,-3.650784969,-2.216466665,0.034693070,-0.110411137,-2.216466665,ros2_odometer_state
M19C_S1_lab_hard_floor_B1_U050_R1,519.151823272,7.351126712,command,0.500000,-2.919035196,-3.650784969,-2.216466665,0.034589030,-0.110706083,-2.216346025,ros2_odometer_state
M19C_S1_lab_hard_floor_B1_U050_R1,519.152971347,7.352274787,command,0.500000,-2.919035196,-3.650784969,-2.216466665,0.034460906,-0.110928342,-2.216120243,ros2_odometer_state
M19C_S1_lab_hard_floor_B1_U050_R1,519.154334630,7.353638070,command,0.500000,-2.919035196,-3.650784969,-2.216466665,0.034273017,-0.111103609,-2.215829134,ros2_odometer_state
M19C_S1_lab_hard_floor_B1_U050_R1,519.155660888,7.354964328,command,0.500000,-2.919035196,-3.650784969,-2.216466665,0.034033615,-0.111253634,-2.215547800,ros2_odometer_state
M19C_S1_lab_hard_floor_B1_U050_R1,519.156642781,7.355946221,command,0.500000,-2.919035196,-3.650784969,-2.216466665,0.033790052,-0.111408517,-2.215341568,ros2_odometer_state
M19C_S1_lab_hard_floor_B1_U050_R1,519.157511709,7.356815149,command,0.500000,-2.919035196,-3.650784969,-2.216466665,0.033565313,-0.111585341,-2.215222597,ros2_odometer_state
M19C_S1_lab_hard_floor_B1_U050_R1,519.158353757,7.357657197,command,0.500000,-2.919035196,-3.650784969,-2.216466665,0.033373564,-0.111774988,-2.215183258,ros2_odometer_state
M19C_S1_lab_hard_floor_B1_U050_R1,519.161608183,7.360911623,command,0.500000,-2.919035196,-3.650784969,-2.216466665,0.033075545,-0.112178177,-2.215291977,ros2_odometer_state
M19C_S1_lab_hard_floor_B1_U050_R1,519.162952105,7.362255545,command,0.500000,-2.919035196,-3.650784969,-2.216466665,0.032967355,-0.112324998,-2.215370655,ros2_odometer_state
M19C_S1_lab_hard_floor_B1_U050_R1,519.165128539,7.364431979,command,0.500000,-2.931144238,-3.660648108,-2.215370655,0.032864206,-0.112347767,-2.215382338,ros2_odometer_state
M19C_S1_lab_hard_floor_B1_U050_R1,519.166901245,7.366204685,command,0.500000,-2.931144238,-3.660648108,-2.215370655,0.032720275,-0.112232044,-2.215309620,ros2_odometer_state
M19C_S1_lab_hard_floor_B1_U050_R1,519.168894408,7.368197848,command,0.500000,-2.931144238,-3.660648108,-2.215370655,0.032547787,-0.112078197,-2.215227604,ros2_odometer_state
M19C_S1_lab_hard_floor_B1_U050_R1,519.171001110,7.370304550,command,0.500000,-2.931144238,-3.660648108,-2.215370655,0.032418743,-0.111991070,-2.215205193,ros2_odometer_state
M19C_S1_lab_hard_floor_B1_U050_R1,519.175038254,7.374341694,command,0.500000,-2.931144238,-3.660648108,-2.215370655,0.032418743,-0.111991070,-2.215205193,ros2_odometer_state
M19C_S1_lab_hard_floor_B1_U050_R1,519.176244411,7.375547851,command,0.500000,-2.931144238,-3.660648108,-2.215370655,0.032353818,-0.111998282,-2.215273380,ros2_odometer_state
M19C_S1_lab_hard_floor_B1_U050_R1,519.177159485,7.376462925,command,0.500000,-2.931144238,-3.660648108,-2.215370655,0.032332342,-0.112068653,-2.215405703,ros2_odometer_state
M19C_S1_lab_hard_floor_B1_U050_R1,519.178183715,7.377487155,command,0.500000,-2.931144238,-3.660648108,-2.215370655,0.032357808,-0.112180211,-2.215506792,ros2_odometer_state
M19C_S1_lab_hard_floor_B1_U050_R1,519.181532641,7.380836081,command,0.500000,-2.931144238,-3.660648108,-2.215370655,0.032500491,-0.112499803,-2.215587616,ros2_odometer_state
M19C_S1_lab_hard_floor_B1_U050_R1,519.183264866,7.382568306,command,0.500000,-2.931144238,-3.660648108,-2.215370655,0.032559883,-0.112686343,-2.215700626,ros2_odometer_state
M19C_S1_lab_hard_floor_B1_U050_R1,519.185272013,7.384575453,command,0.500000,-2.943022966,-3.670490742,-2.215700626,0.032617949,-0.112850398,-2.215860605,ros2_odometer_state
M19C_S1_lab_hard_floor_B1_U050_R1,519.187183732,7.386487172,command,0.500000,-2.943022966,-3.670490742,-2.215700626,0.032691576,-0.112946406,-2.216009378,ros2_odometer_state
M19C_S1_lab_hard_floor_B1_U050_R1,519.188936918,7.388240358,command,0.500000,-2.943022966,-3.670490742,-2.215700626,0.032786280,-0.112976812,-2.216134071,ros2_odometer_state
M19C_S1_lab_hard_floor_B1_U050_R1,519.191444308,7.390747748,command,0.500000,-2.943022966,-3.670490742,-2.215700626,0.032786280,-0.112976812,-2.216134071,ros2_odometer_state
M19C_S1_lab_hard_floor_B1_U050_R1,519.192475770,7.391779210,command,0.500000,-2.943022966,-3.670490742,-2.215700626,0.032896917,-0.112985149,-2.216318607,ros2_odometer_state
M19C_S1_lab_hard_floor_B1_U050_R1,519.194848339,7.394151779,command,0.500000,-2.943022966,-3.670490742,-2.215700626,0.033315662,-0.113174558,-2.217107773,ros2_odometer_state
M19C_S1_lab_hard_floor_B1_U050_R1,519.197170410,7.396473850,command,0.500000,-2.943022966,-3.670490742,-2.215700626,0.033589788,-0.113345414,-2.217458248,ros2_odometer_state
M19C_S1_lab_hard_floor_B1_U050_R1,519.198179376,7.397482816,command,0.500000,-2.943022966,-3.670490742,-2.215700626,0.033589788,-0.113345414,-2.217458248,ros2_odometer_state
M19C_S1_lab_hard_floor_B1_U050_R1,519.200995033,7.400298473,command,0.500000,-2.943022966,-3.670490742,-2.215700626,0.033820100,-0.113495559,-2.217715263,ros2_odometer_state
M19C_S1_lab_hard_floor_B1_U050_R1,519.203611131,7.402914571,command,0.500000,-2.943022966,-3.670490742,-2.215700626,0.034260444,-0.113701604,-2.218216419,ros2_odometer_state
M19C_S1_lab_hard_floor_B1_U050_R1,519.204846410,7.404149850,command,0.500000,-2.953297377,-3.679587603,-2.218216419,0.034260444,-0.113701604,-2.218216419,ros2_odometer_state
M19C_S1_lab_hard_floor_B1_U050_R1,519.206712623,7.406016063,command,0.500000,-2.953297377,-3.679587603,-2.218216419,0.034478471,-0.113790117,-2.218449354,ros2_odometer_state
M19C_S1_lab_hard_floor_B1_U050_R1,519.209165291,7.408468731,command,0.500000,-2.953297377,-3.679587603,-2.218216419,0.034972437,-0.113934226,-2.218988180,ros2_odometer_state
M19C_S1_lab_hard_floor_B1_U050_R1,519.211174870,7.410478310,command,0.500000,-2.953297377,-3.679587603,-2.218216419,0.035244152,-0.113970660,-2.219302654,ros2_odometer_state
M19C_S1_lab_hard_floor_B1_U050_R1,519.213127616,7.412431056,command,0.500000,-2.953297377,-3.679587603,-2.218216419,0.035509594,-0.113978595,-2.219655037,ros2_odometer_state
M19C_S1_lab_hard_floor_B1_U050_R1,519.215080233,7.414383673,command,0.500000,-2.953297377,-3.679587603,-2.218216419,0.035779499,-0.113974392,-2.220077276,ros2_odometer_state
M19C_S1_lab_hard_floor_B1_U050_R1,519.217107637,7.416411077,command,0.500000,-2.953297377,-3.679587603,-2.218216419,0.036041196,-0.113979198,-2.220547438,ros2_odometer_state
M19C_S1_lab_hard_floor_B1_U050_R1,519.219093567,7.418397007,command,0.500000,-2.953297377,-3.679587603,-2.218216419,0.036290511,-0.113989063,-2.221031189,ros2_odometer_state
M19C_S1_lab_hard_floor_B1_U050_R1,519.222496350,7.421799790,command,0.500000,-2.953297377,-3.679587603,-2.218216419,0.036523379,-0.113998227,-2.221470118,ros2_odometer_state
M19C_S1_lab_hard_floor_B1_U050_R1,519.223151863,7.422455303,command,0.500000,-2.953297377,-3.679587603,-2.218216419,0.036523379,-0.113998227,-2.221470118,ros2_odometer_state
M19C_S1_lab_hard_floor_B1_U050_R1,519.224689808,7.423993248,command,0.500000,-2.962144375,-3.688230991,-2.221838713,0.036738504,-0.113998435,-2.221838713,ros2_odometer_state
M19C_S1_lab_hard_floor_B1_U050_R1,519.227375381,7.426678821,command,0.500000,-2.962144375,-3.688230991,-2.221838713,0.037138242,-0.113903798,-2.222421169,ros2_odometer_state
M19C_S1_lab_hard_floor_B1_U050_R1,519.228272375,7.427575815,command,0.500000,-2.962144375,-3.688230991,-2.221838713,0.037138242,-0.113903798,-2.222421169,ros2_odometer_state
M19C_S1_lab_hard_floor_B1_U050_R1,519.231180195,7.430483635,command,0.500000,-2.962144375,-3.688230991,-2.221838713,0.037484687,-0.113744214,-2.223161221,ros2_odometer_state
M19C_S1_lab_hard_floor_B1_U050_R1,519.232278765,7.431582205,command,0.500000,-2.962144375,-3.688230991,-2.221838713,0.037484687,-0.113744214,-2.223161221,ros2_odometer_state
M19C_S1_lab_hard_floor_B1_U050_R1,519.235652139,7.434955579,command,0.500000,-2.962144375,-3.688230991,-2.221838713,0.037722580,-0.113602191,-2.224051476,ros2_odometer_state
M19C_S1_lab_hard_floor_B1_U050_R1,519.237790267,7.437093707,command,0.500000,-2.962144375,-3.688230991,-2.221838713,0.037765808,-0.113533258,-2.224440575,ros2_odometer_state
M19C_S1_lab_hard_floor_B1_U050_R1,519.238381777,7.437685217,command,0.500000,-2.962144375,-3.688230991,-2.221838713,0.037765808,-0.113533258,-2.224440575,ros2_odometer_state
M19C_S1_lab_hard_floor_B1_U050_R1,519.241028660,7.440332100,command,0.500000,-2.962144375,-3.688230991,-2.221838713,0.037779368,-0.113460109,-2.224774599,ros2_odometer_state
M19C_S1_lab_hard_floor_B1_U050_R1,519.243400013,7.442703453,command,0.500000,-2.962144375,-3.688230991,-2.221838713,0.037851539,-0.113331378,-2.225393534,ros2_odometer_state
M19C_S1_lab_hard_floor_B1_U050_R1,519.245257907,7.444561347,command,0.500000,-2.971472979,-3.698137045,-2.225393534,0.037940856,-0.113257021,-2.225708961,ros2_odometer_state
M19C_S1_lab_hard_floor_B1_U050_R1,519.247055734,7.446359174,command,0.500000,-2.971472979,-3.698137045,-2.225393534,0.038052808,-0.113154411,-2.226025343,ros2_odometer_state
M19C_S1_lab_hard_floor_B1_U050_R1,519.249012287,7.448315727,command,0.500000,-2.971472979,-3.698137045,-2.225393534,0.038171023,-0.113006271,-2.226378679,ros2_odometer_state
M19C_S1_lab_hard_floor_B1_U050_R1,519.250993577,7.450297017,command,0.500000,-2.971472979,-3.698137045,-2.225393534,0.038264573,-0.112818018,-2.226773739,ros2_odometer_state
M19C_S1_lab_hard_floor_B1_U050_R1,519.253034134,7.452337574,command,0.500000,-2.971472979,-3.698137045,-2.225393534,0.038321193,-0.112613767,-2.227177858,ros2_odometer_state
M19C_S1_lab_hard_floor_B1_U050_R1,519.254325894,7.453629334,command,0.500000,-2.971472979,-3.698137045,-2.225393534,0.038321193,-0.112613767,-2.227177858,ros2_odometer_state
M19C_S1_lab_hard_floor_B1_U050_R1,519.257240851,7.456544291,command,0.500000,-2.971472979,-3.698137045,-2.225393534,0.038258065,-0.112246476,-2.227927923,ros2_odometer_state
M19C_S1_lab_hard_floor_B1_U050_R1,519.259015062,7.458318502,command,0.500000,-2.971472979,-3.698137045,-2.225393534,0.038113218,-0.112074740,-2.228250027,ros2_odometer_state
M19C_S1_lab_hard_floor_B1_U050_R1,519.261720347,7.461023787,command,0.500000,-2.971472979,-3.698137045,-2.225393534,0.037903722,-0.111889660,-2.228543043,ros2_odometer_state
M19C_S1_lab_hard_floor_B1_U050_R1,519.262423573,7.461727013,command,0.500000,-2.971472979,-3.698137045,-2.225393534,0.037903722,-0.111889660,-2.228543043,ros2_odometer_state
M19C_S1_lab_hard_floor_B1_U050_R1,519.264448641,7.463752081,command,0.500000,-2.980276585,-3.707874060,-2.228775501,0.037617967,-0.111696258,-2.228775501,ros2_odometer_state
M19C_S1_lab_hard_floor_B1_U050_R1,519.267042146,7.466345586,command,0.500000,-2.980276585,-3.707874060,-2.228775501,0.036988158,-0.111359432,-2.229036570,ros2_odometer_state
M19C_S1_lab_hard_floor_B1_U050_R1,519.269066638,7.468370078,command,0.500000,-2.980276585,-3.707874060,-2.228775501,0.036688253,-0.111206345,-2.229108334,ros2_odometer_state
M19C_S1_lab_hard_floor_B1_U050_R1,519.271082425,7.470385865,command,0.500000,-2.980276585,-3.707874060,-2.228775501,0.036396593,-0.111072630,-2.229143381,ros2_odometer_state
M19C_S1_lab_hard_floor_B1_U050_R1,519.273109029,7.472412469,command,0.500000,-2.980276585,-3.707874060,-2.228775501,0.036105610,-0.110963576,-2.229134321,ros2_odometer_state
M19C_S1_lab_hard_floor_B1_U050_R1,519.275142161,7.474445601,command,0.500000,-2.980276585,-3.707874060,-2.228775501,0.035808276,-0.110871926,-2.229110956,ros2_odometer_state
M19C_S1_lab_hard_floor_B1_U050_R1,519.277130396,7.476433836,command,0.500000,-2.980276585,-3.707874060,-2.228775501,0.035507370,-0.110784538,-2.229105949,ros2_odometer_state
M19C_S1_lab_hard_floor_B1_U050_R1,519.279356047,7.478659487,command,0.500000,-2.980276585,-3.707874060,-2.228775501,0.035219640,-0.110687360,-2.229138613,ros2_odometer_state
M19C_S1_lab_hard_floor_B1_U050_R1,519.280998189,7.480301629,command,0.500000,-2.980276585,-3.707874060,-2.228775501,0.035219640,-0.110687360,-2.229138613,ros2_odometer_state
M19C_S1_lab_hard_floor_B1_U050_R1,519.282471780,7.481775220,command,0.500000,-2.980276585,-3.707874060,-2.228775501,0.034945808,-0.110586420,-2.229213238,ros2_odometer_state
M19C_S1_lab_hard_floor_B1_U050_R1,519.285259948,7.484563388,command,0.500000,-2.989269972,-3.718042612,-2.229290724,0.034394756,-0.110359922,-2.229323864,ros2_odometer_state
M19C_S1_lab_hard_floor_B1_U050_R1,519.287166516,7.486469956,command,0.500000,-2.989269972,-3.718042612,-2.229290724,0.034119047,-0.110255569,-2.229300499,ros2_odometer_state
M19C_S1_lab_hard_floor_B1_U050_R1,519.289230177,7.488533617,command,0.500000,-2.989269972,-3.718042612,-2.229290724,0.033847414,-0.110169001,-2.229248285,ros2_odometer_state
M19C_S1_lab_hard_floor_B1_U050_R1,519.291129800,7.490433240,command,0.500000,-2.989269972,-3.718042612,-2.229290724,0.033575699,-0.110110484,-2.229164362,ros2_odometer_state
M19C_S1_lab_hard_floor_B1_U050_R1,519.293148916,7.492452356,command,0.500000,-2.989269972,-3.718042612,-2.229290724,0.033295713,-0.110080473,-2.229054451,ros2_odometer_state
M19C_S1_lab_hard_floor_B1_U050_R1,519.295112925,7.494416365,command,0.500000,-2.989269972,-3.718042612,-2.229290724,0.033003181,-0.110060185,-2.228905201,ros2_odometer_state
M19C_S1_lab_hard_floor_B1_U050_R1,519.297127145,7.496430585,command,0.500000,-2.989269972,-3.718042612,-2.229290724,0.032683223,-0.110025771,-2.228722334,ros2_odometer_state
M19C_S1_lab_hard_floor_B1_U050_R1,519.299108115,7.498411555,command,0.500000,-2.989269972,-3.718042612,-2.229290724,0.032311473,-0.109943174,-2.228506327,ros2_odometer_state
M19C_S1_lab_hard_floor_B1_U050_R1,519.301736085,7.501039525,command,0.500000,-2.989269972,-3.718042612,-2.229290724,0.031902336,-0.109803915,-2.228295326,ros2_odometer_state
M19C_S1_lab_hard_floor_B1_U050_R1,519.303191948,7.502495388,command,0.500000,-2.989269972,-3.718042612,-2.229290724,0.031515580,-0.109669536,-2.228088856,ros2_odometer_state
M19C_S1_lab_hard_floor_B1_U050_R1,519.305438688,7.504742128,command,0.500000,-2.999064684,-3.726431847,-2.228088856,0.031167086,-0.109606683,-2.227859020,ros2_odometer_state
M19C_S1_lab_hard_floor_B1_U050_R1,519.307215042,7.506518482,command,0.500000,-2.999064684,-3.726431847,-2.228088856,0.030852605,-0.109635152,-2.227610111,ros2_odometer_state
M19C_S1_lab_hard_floor_B1_U050_R1,519.310985999,7.510289439,command,0.500000,-2.999064684,-3.726431847,-2.228088856,0.030558279,-0.109739430,-2.227354288,ros2_odometer_state
M19C_S1_lab_hard_floor_B1_U050_R1,519.312388548,7.511691988,command,0.500000,-2.999064684,-3.726431847,-2.228088856,0.030260438,-0.109903052,-2.227067709,ros2_odometer_state
M19C_S1_lab_hard_floor_B1_U050_R1,519.312729745,7.512033185,command,0.500000,-2.999064684,-3.726431847,-2.228088856,0.030260438,-0.109903052,-2.227067709,ros2_odometer_state
M19C_S1_lab_hard_floor_B1_U050_R1,519.315148331,7.514451771,command,0.500000,-2.999064684,-3.726431847,-2.228088856,0.029581686,-0.110273071,-2.226360798,ros2_odometer_state
M19C_S1_lab_hard_floor_B1_U050_R1,519.316452028,7.515755468,command,0.500000,-2.999064684,-3.726431847,-2.228088856,0.029581686,-0.110273071,-2.226360798,ros2_odometer_state
M19C_S1_lab_hard_floor_B1_U050_R1,519.319132032,7.518435472,command,0.500000,-2.999064684,-3.726431847,-2.228088856,0.028774435,-0.110385962,-2.225625753,ros2_odometer_state
M19C_S1_lab_hard_floor_B1_U050_R1,519.321928777,7.521232217,command,0.500000,-2.999064684,-3.726431847,-2.228088856,0.028361117,-0.110316113,-2.225273371,ros2_odometer_state
M19C_S1_lab_hard_floor_B1_U050_R1,519.323343934,7.522647374,command,0.500000,-2.999064684,-3.726431847,-2.228088856,0.027957721,-0.110217862,-2.224927902,ros2_odometer_state
M19C_S1_lab_hard_floor_B1_U050_R1,519.325350025,7.524653465,command,0.500000,-3.008308649,-3.736165524,-2.224927902,0.027564475,-0.110120766,-2.224593878,ros2_odometer_state
M19C_S1_lab_hard_floor_B1_U050_R1,519.327169997,7.526473437,command,0.500000,-3.008308649,-3.736165524,-2.224927902,0.027198998,-0.110055529,-2.224254131,ros2_odometer_state
M19C_S1_lab_hard_floor_B1_U050_R1,519.329214682,7.528518122,command,0.500000,-3.008308649,-3.736165524,-2.224927902,0.026877593,-0.110058948,-2.223885775,ros2_odometer_state
M19C_S1_lab_hard_floor_B1_U050_R1,519.331273991,7.530577431,command,0.500000,-3.008308649,-3.736165524,-2.224927902,0.026587835,-0.110118933,-2.223503351,ros2_odometer_state
M19C_S1_lab_hard_floor_B1_U050_R1,519.332572664,7.531876104,command,0.500000,-3.008308649,-3.736165524,-2.224927902,0.026587835,-0.110118933,-2.223503351,ros2_odometer_state
M19C_S1_lab_hard_floor_B1_U050_R1,519.334549346,7.533852786,command,0.500000,-3.008308649,-3.736165524,-2.224927902,0.026310349,-0.110193506,-2.223148346,ros2_odometer_state
M19C_S1_lab_hard_floor_B1_U050_R1,519.337517841,7.536821281,command,0.500000,-3.008308649,-3.736165524,-2.224927902,0.025789985,-0.110257834,-2.222486734,ros2_odometer_state
M19C_S1_lab_hard_floor_B1_U050_R1,519.339242865,7.538546305,command,0.500000,-3.008308649,-3.736165524,-2.224927902,0.025513161,-0.110167176,-2.222202539,ros2_odometer_state
M19C_S1_lab_hard_floor_B1_U050_R1,519.341971447,7.541274887,command,0.500000,-3.008308649,-3.736165524,-2.224927902,0.025225239,-0.109994255,-2.221950293,ros2_odometer_state
M19C_S1_lab_hard_floor_B1_U050_R1,519.345227185,7.544530625,command,0.500000,-3.008308649,-3.736165524,-2.224927902,0.024942473,-0.109784447,-2.221721411,ros2_odometer_state
M19C_S1_lab_hard_floor_B1_U050_R1,519.346236151,7.545539591,command,0.500000,-3.017283201,-3.748177767,-2.221721411,0.024684271,-0.109601289,-2.221491337,ros2_odometer_state
M19C_S1_lab_hard_floor_B1_U050_R1,519.346637990,7.545941430,command,0.500000,-3.017283201,-3.748177767,-2.221721411,0.024684271,-0.109601289,-2.221491337,ros2_odometer_state
M19C_S1_lab_hard_floor_B1_U050_R1,519.349223687,7.548527127,command,0.500000,-3.017283201,-3.748177767,-2.221721411,0.024273673,-0.109397002,-2.221074820,ros2_odometer_state
M19C_S1_lab_hard_floor_B1_U050_R1,519.351195761,7.550499201,command,0.500000,-3.017283201,-3.748177767,-2.221721411,0.024096934,-0.109346814,-2.220869780,ros2_odometer_state
M19C_S1_lab_hard_floor_B1_U050_R1,519.352533827,7.551837267,command,0.500000,-3.017283201,-3.748177767,-2.221721411,0.024096934,-0.109346814,-2.220869780,ros2_odometer_state
M19C_S1_lab_hard_floor_B1_U050_R1,519.355239784,7.554543224,command,0.500000,-3.017283201,-3.748177767,-2.221721411,0.023678267,-0.109130584,-2.220431805,ros2_odometer_state
M19C_S1_lab_hard_floor_B1_U050_R1,519.357300181,7.556603621,command,0.500000,-3.017283201,-3.748177767,-2.221721411,0.023440251,-0.108881593,-2.220260382,ros2_odometer_state
M19C_S1_lab_hard_floor_B1_U050_R1,519.359270719,7.558574159,command,0.500000,-3.017283201,-3.748177767,-2.221721411,0.023209812,-0.108540684,-2.220139027,ros2_odometer_state
M19C_S1_lab_hard_floor_B1_U050_R1,519.361872801,7.561176241,command,0.500000,-3.017283201,-3.748177767,-2.221721411,0.022998944,-0.108133495,-2.220074892,ros2_odometer_state
M19C_S1_lab_hard_floor_B1_U050_R1,519.363340568,7.562644008,command,0.500000,-3.017283201,-3.748177767,-2.221721411,0.022780001,-0.107697397,-2.220060825,ros2_odometer_state
M19C_S1_lab_hard_floor_B1_U050_R1,519.365373220,7.564676660,command,0.500000,-3.024872780,-3.759673119,-2.220060825,0.022563919,-0.107291095,-2.220053196,ros2_odometer_state
M19C_S1_lab_hard_floor_B1_U050_R1,519.368728929,7.568032369,command,0.500000,-3.024872780,-3.759673119,-2.220060825,0.022373458,-0.106939517,-2.220029831,ros2_odometer_state
M19C_S1_lab_hard_floor_B1_U050_R1,519.369627875,7.568931315,command,0.500000,-3.024872780,-3.759673119,-2.220060825,0.022192182,-0.106625974,-2.220025301,ros2_odometer_state
M19C_S1_lab_hard_floor_B1_U050_R1,519.370767374,7.570070814,command,0.500000,-3.024872780,-3.759673119,-2.220060825,0.022192182,-0.106625974,-2.220025301,ros2_odometer_state
M19C_S1_lab_hard_floor_B1_U050_R1,519.373386640,7.572690080,command,0.500000,-3.024872780,-3.759673119,-2.220060825,0.021844141,-0.106016517,-2.220113754,ros2_odometer_state
M19C_S1_lab_hard_floor_B1_U050_R1,519.374531899,7.573835339,command,0.500000,-3.024872780,-3.759673119,-2.220060825,0.021844141,-0.106016517,-2.220113754,ros2_odometer_state
M19C_S1_lab_hard_floor_B1_U050_R1,519.379125863,7.578429303,command,0.500000,-3.024872780,-3.759673119,-2.220060825,0.021513557,-0.105303630,-2.220400333,ros2_odometer_state
M19C_S1_lab_hard_floor_B1_U050_R1,519.379989351,7.579292791,command,0.500000,-3.024872780,-3.759673119,-2.220060825,0.021320738,-0.104859628,-2.220605612,ros2_odometer_state
M19C_S1_lab_hard_floor_B1_U050_R1,519.381883726,7.581187166,command,0.500000,-3.024872780,-3.759673119,-2.220060825,0.021115668,-0.104385808,-2.220832109,ros2_odometer_state
M19C_S1_lab_hard_floor_B1_U050_R1,519.383376294,7.582679734,command,0.500000,-3.024872780,-3.759673119,-2.220060825,0.020912668,-0.103902191,-2.221095562,ros2_odometer_state
M19C_S1_lab_hard_floor_B1_U050_R1,519.384683063,7.583986503,command,0.500000,-3.032545805,-3.770125151,-2.221095562,0.020912668,-0.103902191,-2.221095562,ros2_odometer_state
M19C_S1_lab_hard_floor_B1_U050_R1,519.387272152,7.586575592,command,0.500000,-3.032545805,-3.770125151,-2.221095562,0.020476801,-0.102938347,-2.221670389,ros2_odometer_state
M19C_S1_lab_hard_floor_B1_U050_R1,519.388731950,7.588035390,command,0.500000,-3.032545805,-3.770125151,-2.221095562,0.020476801,-0.102938347,-2.221670389,ros2_odometer_state
M19C_S1_lab_hard_floor_B1_U050_R1,519.391364593,7.590668033,command,0.500000,-3.032545805,-3.770125151,-2.221095562,0.019955663,-0.101986401,-2.222144842,ros2_odometer_state
M19C_S1_lab_hard_floor_B1_U050_R1,519.394041813,7.593345253,command,0.500000,-3.032545805,-3.770125151,-2.221095562,0.019636212,-0.101481847,-2.222355127,ros2_odometer_state
M19C_S1_lab_hard_floor_B1_U050_R1,519.394580841,7.593884281,command,0.500000,-3.032545805,-3.770125151,-2.221095562,0.019636212,-0.101481847,-2.222355127,ros2_odometer_state
M19C_S1_lab_hard_floor_B1_U050_R1,519.397330480,7.596633920,command,0.500000,-3.032545805,-3.770125151,-2.221095562,0.018823724,-0.100475825,-2.222681046,ros2_odometer_state
M19C_S1_lab_hard_floor_B1_U050_R1,519.399275865,7.598579305,command,0.500000,-3.032545805,-3.770125151,-2.221095562,0.018271813,-0.100051343,-2.222693443,ros2_odometer_state
M19C_S1_lab_hard_floor_B1_U050_R1,519.401920860,7.601224300,command,0.500000,-3.032545805,-3.770125151,-2.221095562,0.017655442,-0.099680647,-2.222629786,ros2_odometer_state
M19C_S1_lab_hard_floor_B1_U050_R1,519.402708441,7.602011881,command,0.500000,-3.032545805,-3.770125151,-2.221095562,0.017655442,-0.099680647,-2.222629786,ros2_odometer_state
M19C_S1_lab_hard_floor_B1_U050_R1,519.404802952,7.604106392,command,0.500000,-3.039891005,-3.780176640,-2.222596407,0.016989268,-0.099277690,-2.222596407,ros2_odometer_state
M19C_S1_lab_hard_floor_B1_U050_R1,519.408307275,7.607610715,command,0.500000,-3.039891005,-3.780176640,-2.222596407,0.015559220,-0.098261453,-2.222794533,ros2_odometer_state
M19C_S1_lab_hard_floor_B1_U050_R1,519.409339314,7.608642754,command,0.500000,-3.039891005,-3.780176640,-2.222596407,0.015559220,-0.098261453,-2.222794533,ros2_odometer_state
M19C_S1_lab_hard_floor_B1_U050_R1,519.411702858,7.611006298,command,0.500000,-3.039891005,-3.780176640,-2.222596407,0.013900320,-0.097196624,-2.222858906,ros2_odometer_state
M19C_S1_lab_hard_floor_B1_U050_R1,519.412867670,7.612171110,command,0.500000,-3.039891005,-3.780176640,-2.222596407,0.013900320,-0.097196624,-2.222858906,ros2_odometer_state
M19C_S1_lab_hard_floor_B1_U050_R1,519.415412245,7.614715685,command,0.500000,-3.039891005,-3.780176640,-2.222596407,0.012019361,-0.096266583,-2.222807884,ros2_odometer_state
M19C_S1_lab_hard_floor_B1_U050_R1,519.417370750,7.616674190,command,0.500000,-3.039891005,-3.780176640,-2.222596407,0.011209312,-0.095895253,-2.223054886,ros2_odometer_state
M19C_S1_lab_hard_floor_B1_U050_R1,519.418655983,7.617959423,command,0.500000,-3.039891005,-3.780176640,-2.222596407,0.011209312,-0.095895253,-2.223054886,ros2_odometer_state
M19C_S1_lab_hard_floor_B1_U050_R1,519.421993131,7.621296571,command,0.500000,-3.039891005,-3.780176640,-2.222596407,0.010675923,-0.095690534,-2.224891663,ros2_odometer_state
M19C_S1_lab_hard_floor_B1_U050_R1,519.423501060,7.622804500,command,0.500000,-3.039891005,-3.780176640,-2.222596407,0.010536839,-0.095698431,-2.225837231,ros2_odometer_state
M19C_S1_lab_hard_floor_B1_U050_R1,519.424768467,7.624071907,command,0.500000,-3.047978878,-3.789640188,-2.225837231,0.010536839,-0.095698431,-2.225837231,ros2_odometer_state
M19C_S1_lab_hard_floor_B1_U050_R1,519.427688673,7.626992113,command,0.500000,-3.047978878,-3.789640188,-2.225837231,0.010576579,-0.095258161,-2.227727413,ros2_odometer_state
M19C_S1_lab_hard_floor_B1_U050_R1,519.428666885,7.627970325,command,0.500000,-3.047978878,-3.789640188,-2.225837231,0.010576579,-0.095258161,-2.227727413,ros2_odometer_state
M19C_S1_lab_hard_floor_B1_U050_R1,519.431355530,7.630658970,command,0.500000,-3.047978878,-3.789640188,-2.225837231,0.010945637,-0.093642078,-2.230282784,ros2_odometer_state
M19C_S1_lab_hard_floor_B1_U050_R1,519.433378646,7.632682086,command,0.500000,-3.047978878,-3.789640188,-2.225837231,0.011258362,-0.092393361,-2.231465101,ros2_odometer_state
M19C_S1_lab_hard_floor_B1_U050_R1,519.435575848,7.634879288,command,0.500000,-3.047978878,-3.789640188,-2.225837231,0.011663862,-0.090889618,-2.232428551,ros2_odometer_state
M19C_S1_lab_hard_floor_B1_U050_R1,519.436697298,7.636000738,command,0.500000,-3.047978878,-3.789640188,-2.225837231,0.011663862,-0.090889618,-2.232428551,ros2_odometer_state
M19C_S1_lab_hard_floor_B1_U050_R1,519.439399863,7.638703303,command,0.500000,-3.047978878,-3.789640188,-2.225837231,0.012417659,-0.087889574,-2.234467030,ros2_odometer_state
M19C_S1_lab_hard_floor_B1_U050_R1,519.442347238,7.641650678,command,0.500000,-3.047978878,-3.789640188,-2.225837231,0.012756666,-0.086527906,-2.235729218,ros2_odometer_state
M19C_S1_lab_hard_floor_B1_U050_R1,519.443827741,7.643131181,command,0.500000,-3.047978878,-3.789640188,-2.225837231,0.013211085,-0.085197262,-2.236993313,ros2_odometer_state
M19C_S1_lab_hard_floor_B1_U050_R1,519.447058774,7.646362214,command,0.500000,-3.054899216,-3.799051285,-2.236993313,0.013786403,-0.083802320,-2.238216400,ros2_odometer_state
M19C_S1_lab_hard_floor_B1_U050_R1,519.447972504,7.647275944,command,0.500000,-3.054899216,-3.799051285,-2.236993313,0.014382971,-0.082328282,-2.239501238,ros2_odometer_state
M19C_S1_lab_hard_floor_B1_U050_R1,519.449497073,7.648800513,command,0.500000,-3.054899216,-3.799051285,-2.236993313,0.014905329,-0.080798835,-2.240836143,ros2_odometer_state
M19C_S1_lab_hard_floor_B1_U050_R1,519.451473787,7.650777227,command,0.500000,-3.054899216,-3.799051285,-2.236993313,0.015314735,-0.079237550,-2.242099524,ros2_odometer_state
M19C_S1_lab_hard_floor_B1_U050_R1,519.452816333,7.652119773,command,0.500000,-3.054899216,-3.799051285,-2.236993313,0.015314735,-0.079237550,-2.242099524,ros2_odometer_state
M19C_S1_lab_hard_floor_B1_U050_R1,519.454758134,7.654061574,command,0.500000,-3.054899216,-3.799051285,-2.236993313,0.015575621,-0.077636965,-2.243261099,ros2_odometer_state
M19C_S1_lab_hard_floor_B1_U050_R1,519.457557023,7.656860463,command,0.500000,-3.054899216,-3.799051285,-2.236993313,0.015708232,-0.074386984,-2.245343924,ros2_odometer_state
M19C_S1_lab_hard_floor_B1_U050_R1,519.459454150,7.658757590,command,0.500000,-3.054899216,-3.799051285,-2.236993313,0.015604104,-0.072788738,-2.246093750,ros2_odometer_state
M19C_S1_lab_hard_floor_B1_U050_R1,519.462159595,7.661463035,command,0.500000,-3.054899216,-3.799051285,-2.236993313,0.015411328,-0.071186572,-2.246689081,ros2_odometer_state
M19C_S1_lab_hard_floor_B1_U050_R1,519.463815977,7.663119417,command,0.500000,-3.054899216,-3.799051285,-2.236993313,0.015146954,-0.069514684,-2.247258186,ros2_odometer_state
M19C_S1_lab_hard_floor_B1_U050_R1,519.465631149,7.664934589,command,0.500000,-3.058297634,-3.808028221,-2.247258186,0.014827232,-0.067743510,-2.247852325,ros2_odometer_state
M19C_S1_lab_hard_floor_B1_U050_R1,519.466785496,7.666088936,command,0.500000,-3.058297634,-3.808028221,-2.247258186,0.014827232,-0.067743510,-2.247852325,ros2_odometer_state
M19C_S1_lab_hard_floor_B1_U050_R1,519.469598050,7.668901490,command,0.500000,-3.058297634,-3.808028221,-2.247258186,0.013964023,-0.064004153,-2.248996973,ros2_odometer_state
M19C_S1_lab_hard_floor_B1_U050_R1,519.471474152,7.670777592,command,0.500000,-3.058297634,-3.808028221,-2.247258186,0.013397306,-0.062141664,-2.249434948,ros2_odometer_state
M19C_S1_lab_hard_floor_B1_U050_R1,519.473582327,7.672885767,command,0.500000,-3.058297634,-3.808028221,-2.247258186,0.012740524,-0.060347881,-2.249752760,ros2_odometer_state
M19C_S1_lab_hard_floor_B1_U050_R1,519.475649764,7.674953204,command,0.500000,-3.058297634,-3.808028221,-2.247258186,0.012044537,-0.058652855,-2.249989271,ros2_odometer_state
M19C_S1_lab_hard_floor_B1_U050_R1,519.477564652,7.676868092,command,0.500000,-3.058297634,-3.808028221,-2.247258186,0.011351011,-0.057056461,-2.250219584,ros2_odometer_state
M19C_S1_lab_hard_floor_B1_U050_R1,519.479671451,7.678974891,command,0.500000,-3.058297634,-3.808028221,-2.247258186,0.010649620,-0.055618804,-2.250484467,ros2_odometer_state
M19C_S1_lab_hard_floor_B1_U050_R1,519.482151000,7.681454440,command,0.500000,-3.058297634,-3.808028221,-2.247258186,0.009932094,-0.054348696,-2.250823975,ros2_odometer_state
M19C_S1_lab_hard_floor_B1_U050_R1,519.483616623,7.682920063,command,0.500000,-3.058297634,-3.808028221,-2.247258186,0.009188899,-0.053175360,-2.251350403,ros2_odometer_state
M19C_S1_lab_hard_floor_B1_U050_R1,519.484893822,7.684197262,command,0.500000,-3.063304663,-3.814739466,-2.251350403,0.009188899,-0.053175360,-2.251350403,ros2_odometer_state
M19C_S1_lab_hard_floor_B1_U050_R1,519.487634821,7.686938261,command,0.500000,-3.063304663,-3.814739466,-2.251350403,0.007639514,-0.050755944,-2.252821207,ros2_odometer_state
M19C_S1_lab_hard_floor_B1_U050_R1,519.489559853,7.688863293,command,0.500000,-3.063304663,-3.814739466,-2.251350403,0.006829799,-0.049443927,-2.253558159,ros2_odometer_state
M19C_S1_lab_hard_floor_B1_U050_R1,519.491597625,7.690901065,command,0.500000,-3.063304663,-3.814739466,-2.251350403,0.005985776,-0.048133023,-2.254251719,ros2_odometer_state
M19C_S1_lab_hard_floor_B1_U050_R1,519.492860393,7.692163833,command,0.500000,-3.063304663,-3.814739466,-2.251350403,0.005985776,-0.048133023,-2.254251719,ros2_odometer_state
M19C_S1_lab_hard_floor_B1_U050_R1,519.495547277,7.694850717,command,0.500000,-3.063304663,-3.814739466,-2.251350403,0.004148162,-0.045709115,-2.255453348,ros2_odometer_state
M19C_S1_lab_hard_floor_B1_U050_R1,519.496827197,7.696130637,command,0.500000,-3.063304663,-3.814739466,-2.251350403,0.004148162,-0.045709115,-2.255453348,ros2_odometer_state
M19C_S1_lab_hard_floor_B1_U050_R1,519.499582340,7.698885780,command,0.500000,-3.063304663,-3.814739466,-2.251350403,0.002222370,-0.043672875,-2.256467581,ros2_odometer_state
M19C_S1_lab_hard_floor_B1_U050_R1,519.502169509,7.701472949,command,0.500000,-3.063304663,-3.814739466,-2.251350403,0.001272506,-0.042789068,-2.256993294,ros2_odometer_state
M19C_S1_lab_hard_floor_B1_U050_R1,519.503624668,7.702928108,command,0.500000,-3.063304663,-3.814739466,-2.251350403,0.000340365,-0.042002920,-2.257677794,ros2_odometer_state
M19C_S1_lab_hard_floor_B1_U050_R1,519.505671592,7.704975032,command,0.500000,-3.068258047,-3.821337700,-2.257677794,-0.000574418,-0.041334026,-2.258514643,ros2_odometer_state
M19C_S1_lab_hard_floor_B1_U050_R1,519.507654323,7.706957763,command,0.500000,-3.068258047,-3.821337700,-2.257677794,-0.001468435,-0.040802456,-2.259404182,ros2_odometer_state
M19C_S1_lab_hard_floor_B1_U050_R1,519.509791523,7.709094963,command,0.500000,-3.068258047,-3.821337700,-2.257677794,-0.002334055,-0.040368225,-2.260353565,ros2_odometer_state
M19C_S1_lab_hard_floor_B1_U050_R1,519.511588614,7.710892054,command,0.500000,-3.068258047,-3.821337700,-2.257677794,-0.003193246,-0.040003773,-2.261402845,ros2_odometer_state
M19C_S1_lab_hard_floor_B1_U050_R1,519.513724086,7.713027526,command,0.500000,-3.068258047,-3.821337700,-2.257677794,-0.004040801,-0.039729495,-2.262509584,ros2_odometer_state
M19C_S1_lab_hard_floor_B1_U050_R1,519.515706688,7.715010128,command,0.500000,-3.068258047,-3.821337700,-2.257677794,-0.004891005,-0.039568633,-2.263532877,ros2_odometer_state
M19C_S1_lab_hard_floor_B1_U050_R1,519.517539397,7.716842837,command,0.500000,-3.068258047,-3.821337700,-2.257677794,-0.005753355,-0.039533380,-2.264391661,ros2_odometer_state
M19C_S1_lab_hard_floor_B1_U050_R1,519.519559056,7.718862496,command,0.500000,-3.068258047,-3.821337700,-2.257677794,-0.006594441,-0.039587636,-2.265115738,ros2_odometer_state
M19C_S1_lab_hard_floor_B1_U050_R1,519.522169586,7.721473026,command,0.500000,-3.068258047,-3.821337700,-2.257677794,-0.007313853,-0.039677806,-2.265856981,ros2_odometer_state
M19C_S1_lab_hard_floor_B1_U050_R1,519.523638281,7.722941721,command,0.500000,-3.068258047,-3.821337700,-2.257677794,-0.007700708,-0.039808534,-2.266790390,ros2_odometer_state
M19C_S1_lab_hard_floor_B1_U050_R1,519.525679733,7.724983173,command,0.500000,-3.074887753,-3.830147505,-2.266790390,-0.007708320,-0.039938010,-2.267887354,ros2_odometer_state
M19C_S1_lab_hard_floor_B1_U050_R1,519.527615326,7.726918766,command,0.500000,-3.074887753,-3.830147505,-2.266790390,-0.007347357,-0.039904650,-2.268853426,ros2_odometer_state
M19C_S1_lab_hard_floor_B1_U050_R1,519.529586056,7.728889496,command,0.500000,-3.074887753,-3.830147505,-2.266790390,-0.006753203,-0.039536729,-2.269355774,ros2_odometer_state
M19C_S1_lab_hard_floor_B1_U050_R1,519.531654389,7.730957829,command,0.500000,-3.074887753,-3.830147505,-2.266790390,-0.006025769,-0.038970158,-2.269524336,ros2_odometer_state
M19C_S1_lab_hard_floor_B1_U050_R1,519.533056522,7.732359962,command,0.500000,-3.074887753,-3.830147505,-2.266790390,-0.006025769,-0.038970158,-2.269524336,ros2_odometer_state
M19C_S1_lab_hard_floor_B1_U050_R1,519.535787984,7.735091424,command,0.500000,-3.074887753,-3.830147505,-2.266790390,-0.004087231,-0.037902769,-2.269664288,ros2_odometer_state
M19C_S1_lab_hard_floor_B1_U050_R1,519.536995709,7.736299149,command,0.500000,-3.074887753,-3.830147505,-2.266790390,-0.004087231,-0.037902769,-2.269664288,ros2_odometer_state
M19C_S1_lab_hard_floor_B1_U050_R1,519.539803750,7.739107190,command,0.500000,-3.074887753,-3.830147505,-2.266790390,-0.001798962,-0.037219964,-2.269724369,ros2_odometer_state
M19C_S1_lab_hard_floor_B1_U050_R1,519.542276579,7.741580019,command,0.500000,-3.074887753,-3.830147505,-2.266790390,-0.000909906,-0.037059832,-2.269727707,ros2_odometer_state
M19C_S1_lab_hard_floor_B1_U050_R1,519.544706398,7.744009838,command,0.500000,-3.074887753,-3.830147505,-2.266790390,-0.000280458,-0.036981914,-2.269584656,ros2_odometer_state
M19C_S1_lab_hard_floor_B1_U050_R1,519.545448730,7.744752170,command,0.500000,-3.080034018,-3.841418982,-2.269584656,-0.000280458,-0.036981914,-2.269584656,ros2_odometer_state
M19C_S1_lab_hard_floor_B1_U050_R1,519.549921185,7.749224625,command,0.500000,-3.080034018,-3.841418982,-2.269584656,0.000644225,-0.036791973,-2.268616915,ros2_odometer_state
M19C_S1_lab_hard_floor_B1_U050_R1,519.551231634,7.750535074,command,0.500000,-3.080034018,-3.841418982,-2.269584656,0.001100760,-0.036552042,-2.268165112,ros2_odometer_state
M19C_S1_lab_hard_floor_B1_U050_R1,519.552247736,7.751551176,command,0.500000,-3.080034018,-3.841418982,-2.269584656,0.001494792,-0.036165908,-2.267995596,ros2_odometer_state
M19C_S1_lab_hard_floor_B1_U050_R1,519.553109080,7.752412520,command,0.500000,-3.080034018,-3.841418982,-2.269584656,0.001494792,-0.036165908,-2.267995596,ros2_odometer_state
M19C_S1_lab_hard_floor_B1_U050_R1,519.555022368,7.754325808,command,0.500000,-3.080034018,-3.841418982,-2.269584656,0.001791172,-0.035662200,-2.268007994,ros2_odometer_state
M19C_S1_lab_hard_floor_B1_U050_R1,519.557116878,7.756420318,command,0.500000,-3.080034018,-3.841418982,-2.269584656,0.001976059,-0.035201162,-2.267786264,ros2_odometer_state
M19C_S1_lab_hard_floor_B1_U050_R1,519.560019483,7.759322923,command,0.500000,-3.080034018,-3.841418982,-2.269584656,0.001879661,-0.034662101,-2.266362190,ros2_odometer_state
M19C_S1_lab_hard_floor_B1_U050_R1,519.562444726,7.761748166,command,0.500000,-3.080034018,-3.841418982,-2.269584656,0.001728336,-0.034318328,-2.265880823,ros2_odometer_state
M19C_S1_lab_hard_floor_B1_U050_R1,519.563226739,7.762530179,command,0.500000,-3.080034018,-3.841418982,-2.269584656,0.001728336,-0.034318328,-2.265880823,ros2_odometer_state
M19C_S1_lab_hard_floor_B1_U050_R1,519.565793267,7.765096707,command,0.500000,-3.084574938,-3.853935242,-2.265516996,0.001326228,-0.033314373,-2.265140533,ros2_odometer_state
M19C_S1_lab_hard_floor_B1_U050_R1,519.567741724,7.767045164,command,0.500000,-3.084574938,-3.853935242,-2.265516996,0.001014448,-0.032694656,-2.264766455,ros2_odometer_state
M19C_S1_lab_hard_floor_B1_U050_R1,519.569733415,7.769036855,command,0.500000,-3.084574938,-3.853935242,-2.265516996,0.000632252,-0.032046702,-2.264305353,ros2_odometer_state
M19C_S1_lab_hard_floor_B1_U050_R1,519.571649647,7.770953087,command,0.500000,-3.084574938,-3.853935242,-2.265516996,0.000185252,-0.031444442,-2.263656616,ros2_odometer_state
M19C_S1_lab_hard_floor_B1_U050_R1,519.573768830,7.773072270,command,0.500000,-3.084574938,-3.853935242,-2.265516996,-0.000287479,-0.030925369,-2.262879610,ros2_odometer_state
M19C_S1_lab_hard_floor_B1_U050_R1,519.575646820,7.774950260,command,0.500000,-3.084574938,-3.853935242,-2.265516996,-0.000695130,-0.030471267,-2.262104750,ros2_odometer_state
M19C_S1_lab_hard_floor_B1_U050_R1,519.577836790,7.777140230,command,0.500000,-3.084574938,-3.853935242,-2.265516996,-0.001000462,-0.030035220,-2.261374712,ros2_odometer_state
M19C_S1_lab_hard_floor_B1_U050_R1,519.579975558,7.779278998,command,0.500000,-3.084574938,-3.853935242,-2.265516996,-0.001274101,-0.029600911,-2.260635138,ros2_odometer_state
M19C_S1_lab_hard_floor_B1_U050_R1,519.582401217,7.781704657,command,0.500000,-3.084574938,-3.853935242,-2.265516996,-0.001622093,-0.029168213,-2.259816885,ros2_odometer_state
M19C_S1_lab_hard_floor_B1_U050_R1,519.583782709,7.783086149,command,0.500000,-3.084574938,-3.853935242,-2.265516996,-0.002043717,-0.028772566,-2.258925915,ros2_odometer_state
M19C_S1_lab_hard_floor_B1_U050_R1,519.585842274,7.785145714,command,0.500000,-3.090492249,-3.861908197,-2.258925915,-0.002504512,-0.028425561,-2.258056402,ros2_odometer_state
M19C_S1_lab_hard_floor_B1_U050_R1,519.587202453,7.786505893,command,0.500000,-3.090492249,-3.861908197,-2.258925915,-0.002504512,-0.028425561,-2.258056402,ros2_odometer_state
M19C_S1_lab_hard_floor_B1_U050_R1,519.589766837,7.789070277,command,0.500000,-3.090492249,-3.861908197,-2.258925915,-0.003465064,-0.027666507,-2.256660938,ros2_odometer_state
M19C_S1_lab_hard_floor_B1_U050_R1,519.591694237,7.790997677,command,0.500000,-3.090492249,-3.861908197,-2.258925915,-0.004006080,-0.027220728,-2.256174326,ros2_odometer_state
M19C_S1_lab_hard_floor_B1_U050_R1,519.593730473,7.793033913,command,0.500000,-3.090492249,-3.861908197,-2.258925915,-0.004591831,-0.026758870,-2.255757332,ros2_odometer_state
M19C_S1_lab_hard_floor_B1_U050_R1,519.595765525,7.795068965,command,0.500000,-3.090492249,-3.861908197,-2.258925915,-0.005198196,-0.026320403,-2.255318403,ros2_odometer_state
M19C_S1_lab_hard_floor_B1_U050_R1,519.597820738,7.797124178,command,0.500000,-3.090492249,-3.861908197,-2.258925915,-0.005790442,-0.025892295,-2.254801273,ros2_odometer_state
M19C_S1_lab_hard_floor_B1_U050_R1,519.599719658,7.799023098,command,0.500000,-3.090492249,-3.861908197,-2.258925915,-0.006367445,-0.025459763,-2.254238129,ros2_odometer_state
M19C_S1_lab_hard_floor_B1_U050_R1,519.602371341,7.801674781,command,0.500000,-3.090492249,-3.861908197,-2.258925915,-0.006949542,-0.025047444,-2.253681898,ros2_odometer_state
M19C_S1_lab_hard_floor_B1_U050_R1,519.603796546,7.803099986,command,0.500000,-3.090492249,-3.861908197,-2.258925915,-0.007535585,-0.024672518,-2.253161907,ros2_odometer_state
M19C_S1_lab_hard_floor_B1_U050_R1,519.605850767,7.805154207,command,0.500000,-3.097856045,-3.870745182,-2.253161907,-0.008111546,-0.024352536,-2.252682924,ros2_odometer_state
M19C_S1_lab_hard_floor_B1_U050_R1,519.607735190,7.807038630,command,0.500000,-3.097856045,-3.870745182,-2.253161907,-0.008658942,-0.024084572,-2.252270460,ros2_odometer_state
M19C_S1_lab_hard_floor_B1_U050_R1,519.609758977,7.809062417,command,0.500000,-3.097856045,-3.870745182,-2.253161907,-0.009148983,-0.023839217,-2.251997948,ros2_odometer_state
M19C_S1_lab_hard_floor_B1_U050_R1,519.611760268,7.811063708,command,0.500000,-3.097856045,-3.870745182,-2.253161907,-0.009578576,-0.023592973,-2.251907825,ros2_odometer_state
M19C_S1_lab_hard_floor_B1_U050_R1,519.613197122,7.812500562,command,0.500000,-3.097856045,-3.870745182,-2.253161907,-0.009578576,-0.023592973,-2.251907825,ros2_odometer_state
M19C_S1_lab_hard_floor_B1_U050_R1,519.615889575,7.815193015,command,0.500000,-3.097856045,-3.870745182,-2.253161907,-0.010388516,-0.023040116,-2.251951694,ros2_odometer_state
M19C_S1_lab_hard_floor_B1_U050_R1,519.617861329,7.817164769,command,0.500000,-3.097856045,-3.870745182,-2.253161907,-0.010802104,-0.022725042,-2.251897097,ros2_odometer_state
M19C_S1_lab_hard_floor_B1_U050_R1,519.619734807,7.819038247,command,0.500000,-3.097856045,-3.870745182,-2.253161907,-0.011212061,-0.022395067,-2.251799822,ros2_odometer_state
M19C_S1_lab_hard_floor_B1_U050_R1,519.622599682,7.821903122,command,0.500000,-3.097856045,-3.870745182,-2.253161907,-0.011623500,-0.022056974,-2.251746178,ros2_odometer_state
M19C_S1_lab_hard_floor_B1_U050_R1,519.623903155,7.823206595,command,0.500000,-3.097856045,-3.870745182,-2.253161907,-0.012026560,-0.021727160,-2.251777649,ros2_odometer_state
M19C_S1_lab_hard_floor_B1_U050_R1,519.625848220,7.825151660,command,0.500000,-3.105972052,-3.879332304,-2.251777649,-0.012396704,-0.021422565,-2.251859665,ros2_odometer_state
M19C_S1_lab_hard_floor_B1_U050_R1,519.628224565,7.827528005,command,0.500000,-3.105972052,-3.879332304,-2.251777649,-0.012728145,-0.021165242,-2.251954079,ros2_odometer_state
M19C_S1_lab_hard_floor_B1_U050_R1,519.629259707,7.828563147,command,0.500000,-3.105972052,-3.879332304,-2.251777649,-0.012728145,-0.021165242,-2.251954079,ros2_odometer_state
M19C_S1_lab_hard_floor_B1_U050_R1,519.631772922,7.831076362,command,0.500000,-3.105972052,-3.879332304,-2.251777649,-0.013290294,-0.020789815,-2.252171040,ros2_odometer_state
M19C_S1_lab_hard_floor_B1_U050_R1,519.633784837,7.833088277,command,0.500000,-3.105972052,-3.879332304,-2.251777649,-0.013525042,-0.020646717,-2.252281189,ros2_odometer_state
M19C_S1_lab_hard_floor_B1_U050_R1,519.635956918,7.835260358,command,0.500000,-3.105972052,-3.879332304,-2.251777649,-0.013729232,-0.020500330,-2.252375841,ros2_odometer_state
M19C_S1_lab_hard_floor_B1_U050_R1,519.637773242,7.837076682,command,0.500000,-3.105972052,-3.879332304,-2.251777649,-0.013911015,-0.020328520,-2.252439260,ros2_odometer_state
M19C_S1_lab_hard_floor_B1_U050_R1,519.639765637,7.839069077,command,0.500000,-3.105972052,-3.879332304,-2.251777649,-0.014062786,-0.020122267,-2.252473116,ros2_odometer_state
M19C_S1_lab_hard_floor_B1_U050_R1,519.642441193,7.841744633,command,0.500000,-3.105972052,-3.879332304,-2.251777649,-0.014204063,-0.019896381,-2.252479792,ros2_odometer_state
M19C_S1_lab_hard_floor_B1_U050_R1,519.643953570,7.843257010,command,0.500000,-3.105972052,-3.879332304,-2.251777649,-0.014348769,-0.019685846,-2.252470493,ros2_odometer_state
M19C_S1_lab_hard_floor_B1_U050_R1,519.646001038,7.845304478,command,0.500000,-3.113636732,-3.888343334,-2.252470493,-0.014489857,-0.019523146,-2.252452374,ros2_odometer_state
M19C_S1_lab_hard_floor_B1_U050_R1,519.648663954,7.847967394,command,0.500000,-3.113636732,-3.888343334,-2.252470493,-0.014641850,-0.019426720,-2.252439022,ros2_odometer_state
M19C_S1_lab_hard_floor_B1_U050_R1,519.649219239,7.848522679,command,0.500000,-3.113636732,-3.888343334,-2.252470493,-0.014641850,-0.019426720,-2.252439022,ros2_odometer_state
M19C_S1_lab_hard_floor_B1_U050_R1,519.651192849,7.850496289,command,0.500000,-3.113636732,-3.888343334,-2.252470493,-0.014796624,-0.019391758,-2.252422333,ros2_odometer_state
M19C_S1_lab_hard_floor_B1_U050_R1,519.653186779,7.852490219,command,0.500000,-3.113636732,-3.888343334,-2.252470493,-0.014938454,-0.019407835,-2.252385616,ros2_odometer_state
M19C_S1_lab_hard_floor_B1_U050_R1,519.655409647,7.854713087,command,0.500000,-3.113636732,-3.888343334,-2.252470493,-0.015064294,-0.019448863,-2.252311707,ros2_odometer_state
M19C_S1_lab_hard_floor_B1_U050_R1,519.657876875,7.857180315,command,0.500000,-3.113636732,-3.888343334,-2.252470493,-0.015316104,-0.019522276,-2.252007484,ros2_odometer_state
M19C_S1_lab_hard_floor_B1_U050_R1,519.659834100,7.859137540,command,0.500000,-3.113636732,-3.888343334,-2.252470493,-0.015425242,-0.019552512,-2.251791000,ros2_odometer_state
M19C_S1_lab_hard_floor_B1_U050_R1,519.662463863,7.861767303,command,0.500000,-3.113636732,-3.888343334,-2.252470493,-0.015512930,-0.019589370,-2.251548290,ros2_odometer_state
M19C_S1_lab_hard_floor_B1_U050_R1,519.663908621,7.863212061,command,0.500000,-3.113636732,-3.888343334,-2.252470493,-0.015578710,-0.019627132,-2.251297474,ros2_odometer_state
M19C_S1_lab_hard_floor_B1_U050_R1,519.665993435,7.865296875,command,0.500000,-3.121236563,-3.898545504,-2.251297474,-0.015600717,-0.019666374,-2.251076937,ros2_odometer_state
M19C_S1_lab_hard_floor_B1_U050_R1,519.667831232,7.867134672,command,0.500000,-3.121236563,-3.898545504,-2.251297474,-0.015535486,-0.019717576,-2.250905514,ros2_odometer_state
M19C_S1_lab_hard_floor_B1_U050_R1,519.669986992,7.869290432,command,0.500000,-3.121236563,-3.898545504,-2.251297474,-0.015395242,-0.019759102,-2.250739098,ros2_odometer_state
M19C_S1_lab_hard_floor_B1_U050_R1,519.672215876,7.871519316,command,0.500000,-3.121236563,-3.898545504,-2.251297474,-0.015240440,-0.019836841,-2.250536680,ros2_odometer_state
M19C_S1_lab_hard_floor_B1_U050_R1,519.673938756,7.873242196,command,0.500000,-3.121236563,-3.898545504,-2.251297474,-0.015081549,-0.019985897,-2.250285149,ros2_odometer_state
M19C_S1_lab_hard_floor_B1_U050_R1,519.675978449,7.875281889,command,0.500000,-3.121236563,-3.898545504,-2.251297474,-0.014909199,-0.020200154,-2.249914885,ros2_odometer_state
M19C_S1_lab_hard_floor_B1_U050_R1,519.677943450,7.877246890,command,0.500000,-3.121236563,-3.898545504,-2.251297474,-0.014706969,-0.020446682,-2.249399185,ros2_odometer_state
M19C_S1_lab_hard_floor_B1_U050_R1,519.680050857,7.879354297,command,0.500000,-3.121236563,-3.898545504,-2.251297474,-0.014436389,-0.020671336,-2.248735428,ros2_odometer_state
M19C_S1_lab_hard_floor_B1_U050_R1,519.684585331,7.883888771,command,0.500000,-3.121236563,-3.898545504,-2.251297474,-0.014086084,-0.020851552,-2.247982979,ros2_odometer_state
M19C_S1_lab_hard_floor_B1_U050_R1,519.685592025,7.884895465,command,0.500000,-3.121236563,-3.898545504,-2.251297474,-0.013702500,-0.021034451,-2.247225046,ros2_odometer_state
M19C_S1_lab_hard_floor_B1_U050_R1,519.686487258,7.885790698,command,0.500000,-3.128529549,-3.907029152,-2.247225046,-0.013338993,-0.021261031,-2.246464014,ros2_odometer_state
M19C_S1_lab_hard_floor_B1_U050_R1,519.687234934,7.886538374,command,0.500000,-3.128529549,-3.907029152,-2.247225046,-0.013338993,-0.021261031,-2.246464014,ros2_odometer_state
M19C_S1_lab_hard_floor_B1_U050_R1,519.690007006,7.889310446,command,0.500000,-3.128529549,-3.907029152,-2.247225046,-0.012598606,-0.021850454,-2.244936466,ros2_odometer_state
M19C_S1_lab_hard_floor_B1_U050_R1,519.691904677,7.891208117,command,0.500000,-3.128529549,-3.907029152,-2.247225046,-0.012107794,-0.022200311,-2.244272947,ros2_odometer_state
M19C_S1_lab_hard_floor_B1_U050_R1,519.694287646,7.893591086,command,0.500000,-3.128529549,-3.907029152,-2.247225046,-0.011517280,-0.022569539,-2.243739128,ros2_odometer_state
M19C_S1_lab_hard_floor_B1_U050_R1,519.696059840,7.895363280,command,0.500000,-3.128529549,-3.907029152,-2.247225046,-0.010848274,-0.022923984,-2.243300676,ros2_odometer_state
M19C_S1_lab_hard_floor_B1_U050_R1,519.698487803,7.897791243,command,0.500000,-3.128529549,-3.907029152,-2.247225046,-0.010146432,-0.023261834,-2.242843866,ros2_odometer_state
M19C_S1_lab_hard_floor_B1_U050_R1,519.700074071,7.899377511,command,0.500000,-3.128529549,-3.907029152,-2.247225046,-0.009453560,-0.023609772,-2.242295980,ros2_odometer_state
M19C_S1_lab_hard_floor_B1_U050_R1,519.702577620,7.901881060,command,0.500000,-3.128529549,-3.907029152,-2.247225046,-0.008758238,-0.023968646,-2.241689205,ros2_odometer_state
M19C_S1_lab_hard_floor_B1_U050_R1,519.704270772,7.903574212,command,0.500000,-3.128529549,-3.907029152,-2.247225046,-0.008066886,-0.024346922,-2.241098642,ros2_odometer_state
M19C_S1_lab_hard_floor_B1_U050_R1,519.708526579,7.907830019,command,0.500000,-3.137163639,-3.918052197,-2.241098642,-0.007396948,-0.024791103,-2.240624905,ros2_odometer_state
M19C_S1_lab_hard_floor_B1_U050_R1,519.709529145,7.908832585,command,0.500000,-3.137163639,-3.918052197,-2.241098642,-0.006753689,-0.025314094,-2.240293026,ros2_odometer_state
M19C_S1_lab_hard_floor_B1_U050_R1,519.710393849,7.909697289,command,0.500000,-3.137163639,-3.918052197,-2.241098642,-0.006129187,-0.025906680,-2.240043879,ros2_odometer_state
M19C_S1_lab_hard_floor_B1_U050_R1,519.711941011,7.911244451,command,0.500000,-3.137163639,-3.918052197,-2.241098642,-0.005502835,-0.026558256,-2.239838123,ros2_odometer_state
M19C_S1_lab_hard_floor_B1_U050_R1,519.714073731,7.913377171,command,0.500000,-3.137163639,-3.918052197,-2.241098642,-0.004847900,-0.027254583,-2.239672422,ros2_odometer_state
M19C_S1_lab_hard_floor_B1_U050_R1,519.715948969,7.915252409,command,0.500000,-3.137163639,-3.918052197,-2.241098642,-0.004149307,-0.027970061,-2.239551544,ros2_odometer_state
M19C_S1_lab_hard_floor_B1_U050_R1,519.718603500,7.917906940,command,0.500000,-3.137163639,-3.918052197,-2.241098642,-0.003406876,-0.028686495,-2.239455938,ros2_odometer_state
M19C_S1_lab_hard_floor_B1_U050_R1,519.720079396,7.919382836,command,0.500000,-3.137163639,-3.918052197,-2.241098642,-0.002627674,-0.029391598,-2.239350796,ros2_odometer_state
M19C_S1_lab_hard_floor_B1_U050_R1,519.722789193,7.922092633,command,0.500000,-3.137163639,-3.918052197,-2.241098642,-0.001843704,-0.030108647,-2.239233017,ros2_odometer_state
M19C_S1_lab_hard_floor_B1_U050_R1,519.723597351,7.922900791,command,0.500000,-3.137163639,-3.918052197,-2.241098642,-0.001843704,-0.030108647,-2.239233017,ros2_odometer_state
M19C_S1_lab_hard_floor_B1_U050_R1,519.726178408,7.925481848,command,0.500000,-3.145636082,-3.929898262,-2.239128590,-0.000324004,-0.031687949,-2.239068031,ros2_odometer_state
M19C_S1_lab_hard_floor_B1_U050_R1,519.728380251,7.927683691,command,0.500000,-3.145636082,-3.929898262,-2.239128590,0.000413627,-0.032555316,-2.239056587,ros2_odometer_state
M19C_S1_lab_hard_floor_B1_U050_R1,519.730009528,7.929312968,command,0.500000,-3.145636082,-3.929898262,-2.239128590,0.001163722,-0.033454768,-2.239093542,ros2_odometer_state
M19C_S1_lab_hard_floor_B1_U050_R1,519.732084581,7.931388021,command,0.500000,-3.145636082,-3.929898262,-2.239128590,0.001943723,-0.034367129,-2.239195347,ros2_odometer_state
M19C_S1_lab_hard_floor_B1_U050_R1,519.734097617,7.933401057,command,0.500000,-3.145636082,-3.929898262,-2.239128590,0.002751842,-0.035287492,-2.239341736,ros2_odometer_state
M19C_S1_lab_hard_floor_B1_U050_R1,519.736072763,7.935376203,command,0.500000,-3.145636082,-3.929898262,-2.239128590,0.003570204,-0.036223516,-2.239469767,ros2_odometer_state
M19C_S1_lab_hard_floor_B1_U050_R1,519.737395852,7.936699292,command,0.500000,-3.145636082,-3.929898262,-2.239128590,0.003570204,-0.036223516,-2.239469767,ros2_odometer_state
M19C_S1_lab_hard_floor_B1_U050_R1,519.742698739,7.942002179,command,0.500000,-3.145636082,-3.929898262,-2.239128590,0.005261988,-0.038136531,-2.239613295,ros2_odometer_state
M19C_S1_lab_hard_floor_B1_U050_R1,519.744031269,7.943334709,command,0.500000,-3.145636082,-3.929898262,-2.239128590,0.006127893,-0.039098412,-2.239671230,ros2_odometer_state
M19C_S1_lab_hard_floor_B1_U050_R1,519.744947303,7.944250743,command,0.500000,-3.145636082,-3.929898262,-2.239128590,0.007007042,-0.040065665,-2.239728689,ros2_odometer_state
M19C_S1_lab_hard_floor_B1_U050_R1,519.745507964,7.944811404,command,0.500000,-3.154267311,-3.944775820,-2.239728689,0.007007042,-0.040065665,-2.239728689,ros2_odometer_state
M19C_S1_lab_hard_floor_B1_U050_R1,519.747445252,7.946748692,command,0.500000,-3.154267311,-3.944775820,-2.239728689,0.007898744,-0.041040368,-2.239773512,ros2_odometer_state
M19C_S1_lab_hard_floor_B1_U050_R1,519.750603035,7.949906475,command,0.500000,-3.154267311,-3.944775820,-2.239728689,0.009751657,-0.043092605,-2.239818573,ros2_odometer_state
M19C_S1_lab_hard_floor_B1_U050_R1,519.751396056,7.950699496,command,0.500000,-3.154267311,-3.944775820,-2.239728689,0.009751657,-0.043092605,-2.239818573,ros2_odometer_state
M19C_S1_lab_hard_floor_B1_U050_R1,519.754378920,7.953682360,command,0.500000,-3.154267311,-3.944775820,-2.239728689,0.011691884,-0.045320679,-2.239896536,ros2_odometer_state
M19C_S1_lab_hard_floor_B1_U050_R1,519.755874880,7.955178320,command,0.500000,-3.154267311,-3.944775820,-2.239728689,0.011691884,-0.045320679,-2.239896536,ros2_odometer_state
M19C_S1_lab_hard_floor_B1_U050_R1,519.758126452,7.957429892,command,0.500000,-3.154267311,-3.944775820,-2.239728689,0.013742574,-0.047628056,-2.239914179,ros2_odometer_state
M19C_S1_lab_hard_floor_B1_U050_R1,519.760062365,7.959365805,command,0.500000,-3.154267311,-3.944775820,-2.239728689,0.014817486,-0.048825253,-2.239857197,ros2_odometer_state
M19C_S1_lab_hard_floor_B1_U050_R1,519.762635901,7.961939341,command,0.500000,-3.154267311,-3.944775820,-2.239728689,0.015921341,-0.050050478,-2.239756346,ros2_odometer_state
M19C_S1_lab_hard_floor_B1_U050_R1,519.763396154,7.962699594,command,0.500000,-3.154267311,-3.944775820,-2.239728689,0.015921341,-0.050050478,-2.239756346,ros2_odometer_state
M19C_S1_lab_hard_floor_B1_U050_R1,519.765431750,7.964735190,command,0.500000,-3.163893461,-3.958481073,-2.239615679,0.017049879,-0.051285245,-2.239615679,ros2_odometer_state
M19C_S1_lab_hard_floor_B1_U050_R1,519.768049384,7.967352824,command,0.500000,-3.163893461,-3.958481073,-2.239615679,0.019380255,-0.053742539,-2.239151716,ros2_odometer_state
M19C_S1_lab_hard_floor_B1_U050_R1,519.770040626,7.969344066,command,0.500000,-3.163893461,-3.958481073,-2.239615679,0.020580601,-0.054974250,-2.238856077,ros2_odometer_state
M19C_S1_lab_hard_floor_B1_U050_R1,519.772088767,7.971392207,command,0.500000,-3.163893461,-3.958481073,-2.239615679,0.021806620,-0.056215890,-2.238585234,ros2_odometer_state
M19C_S1_lab_hard_floor_B1_U050_R1,519.776045235,7.975348675,command,0.500000,-3.163893461,-3.958481073,-2.239615679,0.023063615,-0.057462346,-2.238321304,ros2_odometer_state
M19C_S1_lab_hard_floor_B1_U050_R1,519.776907475,7.976210915,command,0.500000,-3.163893461,-3.958481073,-2.239615679,0.024339879,-0.058712881,-2.238010168,ros2_odometer_state
M19C_S1_lab_hard_floor_B1_U050_R1,519.777426439,7.976729879,command,0.500000,-3.163893461,-3.958481073,-2.239615679,0.024339879,-0.058712881,-2.238010168,ros2_odometer_state
M19C_S1_lab_hard_floor_B1_U050_R1,519.780727266,7.980030706,command,0.500000,-3.163893461,-3.958481073,-2.239615679,0.026955826,-0.061223477,-2.237147570,ros2_odometer_state
M19C_S1_lab_hard_floor_B1_U050_R1,519.784626932,7.983930372,command,0.500000,-3.163893461,-3.958481073,-2.239615679,0.028276347,-0.062494077,-2.236628771,ros2_odometer_state
M19C_S1_lab_hard_floor_B1_U050_R1,519.785788512,7.985091952,command,0.500000,-3.163893461,-3.958481073,-2.239615679,0.029598620,-0.063781016,-2.236050606,ros2_odometer_state
M19C_S1_lab_hard_floor_B1_U050_R1,519.787067440,7.986370880,command,0.500000,-3.173078299,-3.973667383,-2.236050606,0.030940205,-0.065058134,-2.235393763,ros2_odometer_state
M19C_S1_lab_hard_floor_B1_U050_R1,519.789150494,7.988453934,command,0.500000,-3.173078299,-3.973667383,-2.236050606,0.032289103,-0.066297829,-2.234656334,ros2_odometer_state
M19C_S1_lab_hard_floor_B1_U050_R1,519.790790523,7.990093963,command,0.500000,-3.173078299,-3.973667383,-2.236050606,0.033637308,-0.067512922,-2.233889580,ros2_odometer_state
M19C_S1_lab_hard_floor_B1_U050_R1,519.791417939,7.990721379,command,0.500000,-3.173078299,-3.973667383,-2.236050606,0.033637308,-0.067512922,-2.233889580,ros2_odometer_state
M19C_S1_lab_hard_floor_B1_U050_R1,519.794225180,7.993528620,command,0.500000,-3.173078299,-3.973667383,-2.236050606,0.036378440,-0.070010342,-2.232608795,ros2_odometer_state
M19C_S1_lab_hard_floor_B1_U050_R1,519.799525890,7.998829330,command,0.500000,-3.173078299,-3.973667383,-2.236050606,0.037782103,-0.071324870,-2.232091188,ros2_odometer_state
M19C_S1_lab_hard_floor_B1_U050_R1,519.800484518,7.999787958,command,0.500000,-3.173078299,-3.973667383,-2.236050606,0.039199583,-0.072671086,-2.231518745,ros2_odometer_state
M19C_S1_lab_hard_floor_B1_U050_R1,519.801504652,8.000808092,command,0.500000,-3.173078299,-3.973667383,-2.236050606,0.040616974,-0.074063040,-2.230849266,ros2_odometer_state
M19C_S1_lab_hard_floor_B1_U050_R1,519.802939778,8.002243218,command,0.500000,-3.173078299,-3.973667383,-2.236050606,0.040616974,-0.074063040,-2.230849266,ros2_odometer_state
M19C_S1_lab_hard_floor_B1_U050_R1,519.804223378,8.003526818,command,0.500000,-3.173078299,-3.973667383,-2.236050606,0.042003199,-0.075520687,-2.230111837,ros2_odometer_state
M19C_S1_lab_hard_floor_B1_U050_R1,519.806385827,8.005689267,command,0.500000,-3.184356928,-3.989018440,-2.229189873,0.044135809,-0.078857929,-2.228164911,ros2_odometer_state
M19C_S1_lab_hard_floor_B1_U050_R1,519.813049949,8.012353389,command,0.500000,-3.184356928,-3.989018440,-2.229189873,0.044888671,-0.080508165,-2.227348804,ros2_odometer_state
M19C_S1_lab_hard_floor_B1_U050_R1,519.814750332,8.014053772,command,0.500000,-3.184356928,-3.989018440,-2.229189873,0.045526158,-0.082007609,-2.226877213,ros2_odometer_state
M19C_S1_lab_hard_floor_B1_U050_R1,519.817123893,8.016427333,command,0.500000,-3.184356928,-3.989018440,-2.229189873,0.046513163,-0.084556237,-2.226530552,ros2_odometer_state
M19C_S1_lab_hard_floor_B1_U050_R1,519.818225246,8.017528686,command,0.500000,-3.184356928,-3.989018440,-2.229189873,0.046988126,-0.085712686,-2.226172209,ros2_odometer_state
M19C_S1_lab_hard_floor_B1_U050_R1,519.819071838,8.018375278,command,0.500000,-3.184356928,-3.989018440,-2.229189873,0.047287337,-0.086816132,-2.225804090,ros2_odometer_state
M19C_S1_lab_hard_floor_B1_U050_R1,519.820059459,8.019362899,command,0.500000,-3.184356928,-3.989018440,-2.229189873,0.047385767,-0.087779872,-2.225628614,ros2_odometer_state
M19C_S1_lab_hard_floor_B1_U050_R1,519.820902243,8.020205683,command,0.500000,-3.184356928,-3.989018440,-2.229189873,0.047352072,-0.088652596,-2.225595713,ros2_odometer_state
M19C_S1_lab_hard_floor_B1_U050_R1,519.822777481,8.022080921,command,0.500000,-3.184356928,-3.989018440,-2.229189873,0.047191668,-0.089579962,-2.225516081,ros2_odometer_state
M19C_S1_lab_hard_floor_B1_U050_R1,519.824499273,8.023802713,command,0.500000,-3.184356928,-3.989018440,-2.229189873,0.046884406,-0.090625830,-2.225318193,ros2_odometer_state
M19C_S1_lab_hard_floor_B1_U050_R1,519.825525168,8.024828608,command,0.500000,-3.197221279,-4.003100395,-2.225318193,0.046884406,-0.090625830,-2.225318193,ros2_odometer_state
M19C_S1_lab_hard_floor_B1_U050_R1,519.828206740,8.027510180,command,0.500000,-3.197221279,-4.003100395,-2.225318193,0.045696244,-0.092794478,-2.224452496,ros2_odometer_state
M19C_S1_lab_hard_floor_B1_U050_R1,519.830329443,8.029632883,command,0.500000,-3.197221279,-4.003100395,-2.225318193,0.044848140,-0.093799017,-2.223801374,ros2_odometer_state
M19C_S1_lab_hard_floor_B1_U050_R1,519.832198761,8.031502201,command,0.500000,-3.197221279,-4.003100395,-2.225318193,0.043962721,-0.094791360,-2.223183393,ros2_odometer_state
M19C_S1_lab_hard_floor_B1_U050_R1,519.833453912,8.032757352,command,0.500000,-3.197221279,-4.003100395,-2.225318193,0.043962721,-0.094791360,-2.223183393,ros2_odometer_state
M19C_S1_lab_hard_floor_B1_U050_R1,519.836423656,8.035727096,command,0.500000,-3.197221279,-4.003100395,-2.225318193,0.042456482,-0.096799485,-2.221922398,ros2_odometer_state
M19C_S1_lab_hard_floor_B1_U050_R1,519.838631738,8.037935178,command,0.500000,-3.197221279,-4.003100395,-2.225318193,0.041882385,-0.097769797,-2.221274137,ros2_odometer_state
M19C_S1_lab_hard_floor_B1_U050_R1,519.840223542,8.039526982,command,0.500000,-3.197221279,-4.003100395,-2.225318193,0.041420832,-0.098689213,-2.220717669,ros2_odometer_state
M19C_S1_lab_hard_floor_B1_U050_R1,519.843651734,8.042955174,command,0.500000,-3.197221279,-4.003100395,-2.225318193,0.041056823,-0.099505574,-2.220264196,ros2_odometer_state
M19C_S1_lab_hard_floor_B1_U050_R1,519.846812013,8.046115453,command,0.500000,-3.197221279,-4.003100395,-2.225318193,0.040768962,-0.100165963,-2.219766855,ros2_odometer_state
M19C_S1_lab_hard_floor_B1_U050_R1,519.847808274,8.047111714,command,0.500000,-3.213899612,-4.013917446,-2.219766855,0.040502872,-0.100650527,-2.219131947,ros2_odometer_state
M19C_S1_lab_hard_floor_B1_U050_R1,519.848730164,8.048033604,command,0.500000,-3.213899612,-4.013917446,-2.219766855,0.040231470,-0.100988120,-2.218415976,ros2_odometer_state
M19C_S1_lab_hard_floor_B1_U050_R1,519.850184523,8.049487963,command,0.500000,-3.213899612,-4.013917446,-2.219766855,0.039961468,-0.101233579,-2.217761755,ros2_odometer_state
M19C_S1_lab_hard_floor_B1_U050_R1,519.852232376,8.051535816,command,0.500000,-3.213899612,-4.013917446,-2.219766855,0.039700594,-0.101409331,-2.217216730,ros2_odometer_state
M19C_S1_lab_hard_floor_B1_U050_R1,519.854358215,8.053661655,command,0.500000,-3.213899612,-4.013917446,-2.219766855,0.039462902,-0.101552561,-2.216699839,ros2_odometer_state
M19C_S1_lab_hard_floor_B1_U050_R1,519.856421108,8.055724548,command,0.500000,-3.213899612,-4.013917446,-2.219766855,0.039271310,-0.101746671,-2.216170788,ros2_odometer_state
M19C_S1_lab_hard_floor_B1_U050_R1,519.858228632,8.057532072,command,0.500000,-3.213899612,-4.013917446,-2.219766855,0.039122269,-0.102025405,-2.215715408,ros2_odometer_state
M19C_S1_lab_hard_floor_B1_U050_R1,519.860391177,8.059694617,command,0.500000,-3.213899612,-4.013917446,-2.219766855,0.039006688,-0.102365382,-2.215392590,ros2_odometer_state
M19C_S1_lab_hard_floor_B1_U050_R1,519.862167019,8.061470459,command,0.500000,-3.213899612,-4.013917446,-2.219766855,0.039006688,-0.102365382,-2.215392590,ros2_odometer_state
M19C_S1_lab_hard_floor_B1_U050_R1,519.864388607,8.063692047,command,0.500000,-3.213899612,-4.013917446,-2.219766855,0.038854919,-0.103110835,-2.214865446,ros2_odometer_state
M19C_S1_lab_hard_floor_B1_U050_R1,519.866357160,8.065660600,command,0.500000,-3.230075836,-4.022962093,-2.214865446,0.038757108,-0.103484228,-2.214549780,ros2_odometer_state
M19C_S1_lab_hard_floor_B1_U050_R1,519.868298513,8.067601953,command,0.500000,-3.230075836,-4.022962093,-2.214865446,0.038594402,-0.103809334,-2.214207411,ros2_odometer_state
M19C_S1_lab_hard_floor_B1_U050_R1,519.869672260,8.068975700,command,0.500000,-3.230075836,-4.022962093,-2.214865446,0.038594402,-0.103809334,-2.214207411,ros2_odometer_state
M19C_S1_lab_hard_floor_B1_U050_R1,519.872797433,8.072100873,command,0.500000,-3.230075836,-4.022962093,-2.214865446,0.038206123,-0.104343794,-2.213598967,ros2_odometer_state
M19C_S1_lab_hard_floor_B1_U050_R1,519.873624824,8.072928264,command,0.500000,-3.230075836,-4.022962093,-2.214865446,0.038206123,-0.104343794,-2.213598967,ros2_odometer_state
M19C_S1_lab_hard_floor_B1_U050_R1,519.876294844,8.075598284,command,0.500000,-3.230075836,-4.022962093,-2.214865446,0.038092773,-0.104901299,-2.213281631,ros2_odometer_state
M19C_S1_lab_hard_floor_B1_U050_R1,519.881263126,8.080566566,command,0.500000,-3.230075836,-4.022962093,-2.214865446,0.038092773,-0.104901299,-2.213281631,ros2_odometer_state
M19C_S1_lab_hard_floor_B1_U050_R1,519.882449411,8.081752851,command,0.500000,-3.230075836,-4.022962093,-2.214865446,0.038127929,-0.105203331,-2.213247061,ros2_odometer_state
M19C_S1_lab_hard_floor_B1_U050_R1,519.883330116,8.082633556,command,0.500000,-3.230075836,-4.022962093,-2.214865446,0.038175967,-0.105501488,-2.213247299,ros2_odometer_state
M19C_S1_lab_hard_floor_B1_U050_R1,519.884443886,8.083747326,command,0.500000,-3.230075836,-4.022962093,-2.214865446,0.038199712,-0.105794564,-2.213242769,ros2_odometer_state
M19C_S1_lab_hard_floor_B1_U050_R1,519.885701341,8.085004781,command,0.500000,-3.244162560,-4.032795906,-2.213243246,0.038200304,-0.106072746,-2.213243246,ros2_odometer_state
M19C_S1_lab_hard_floor_B1_U050_R1,519.888405218,8.087708658,command,0.500000,-3.244162560,-4.032795906,-2.213243246,0.038140643,-0.106447890,-2.213254452,ros2_odometer_state
M19C_S1_lab_hard_floor_B1_U050_R1,519.890307497,8.089610937,command,0.500000,-3.244162560,-4.032795906,-2.213243246,0.038073886,-0.106535591,-2.213160515,ros2_odometer_state
M19C_S1_lab_hard_floor_B1_U050_R1,519.892435481,8.091738921,command,0.500000,-3.244162560,-4.032795906,-2.213243246,0.038021021,-0.106631070,-2.213086605,ros2_odometer_state
M19C_S1_lab_hard_floor_B1_U050_R1,519.893763370,8.093066810,command,0.500000,-3.244162560,-4.032795906,-2.213243246,0.038021021,-0.106631070,-2.213086605,ros2_odometer_state
M19C_S1_lab_hard_floor_B1_U050_R1,519.896689496,8.095992936,command,0.500000,-3.244162560,-4.032795906,-2.213243246,0.038094394,-0.107001692,-2.213205338,ros2_odometer_state
M19C_S1_lab_hard_floor_B1_U050_R1,519.898320789,8.097624229,command,0.500000,-3.244162560,-4.032795906,-2.213243246,0.038173992,-0.107253760,-2.213296890,ros2_odometer_state
M19C_S1_lab_hard_floor_B1_U050_R1,519.900376610,8.099680050,command,0.500000,-3.244162560,-4.032795906,-2.213243246,0.038273104,-0.107528262,-2.213374138,ros2_odometer_state
M19C_S1_lab_hard_floor_B1_U050_R1,519.902200134,8.101503574,command,0.500000,-3.244162560,-4.032795906,-2.213243246,0.038273104,-0.107528262,-2.213374138,ros2_odometer_state
M19C_S1_lab_hard_floor_B1_U050_R1,519.903731296,8.103034736,command,0.500000,-3.244162560,-4.032795906,-2.213243246,0.038380984,-0.107823126,-2.213457823,ros2_odometer_state
M19C_S1_lab_hard_floor_B1_U050_R1,519.906597643,8.105901083,command,0.500000,-3.256166220,-4.043914318,-2.213564873,0.038616721,-0.108334921,-2.213689089,ros2_odometer_state
M19C_S1_lab_hard_floor_B1_U050_R1,519.908652952,8.107956392,command,0.500000,-3.256166220,-4.043914318,-2.213564873,0.038780767,-0.108536214,-2.213858128,ros2_odometer_state
M19C_S1_lab_hard_floor_B1_U050_R1,519.911244025,8.110547465,command,0.500000,-3.256166220,-4.043914318,-2.213564873,0.038964089,-0.108702227,-2.214110851,ros2_odometer_state
M19C_S1_lab_hard_floor_B1_U050_R1,519.915048423,8.114351863,command,0.500000,-3.256166220,-4.043914318,-2.213564873,0.039179746,-0.108836025,-2.214405537,ros2_odometer_state
M19C_S1_lab_hard_floor_B1_U050_R1,519.916079118,8.115382558,command,0.500000,-3.256166220,-4.043914318,-2.213564873,0.039421830,-0.108937532,-2.214691401,ros2_odometer_state
M19C_S1_lab_hard_floor_B1_U050_R1,519.916923438,8.116226878,command,0.500000,-3.256166220,-4.043914318,-2.213564873,0.039693311,-0.109023511,-2.214992285,ros2_odometer_state
M19C_S1_lab_hard_floor_B1_U050_R1,519.918295841,8.117599281,command,0.500000,-3.256166220,-4.043914318,-2.213564873,0.039990693,-0.109130479,-2.215327501,ros2_odometer_state
M19C_S1_lab_hard_floor_B1_U050_R1,519.920332237,8.119635677,command,0.500000,-3.256166220,-4.043914318,-2.213564873,0.040308941,-0.109267980,-2.215715408,ros2_odometer_state
M19C_S1_lab_hard_floor_B1_U050_R1,519.922991185,8.122294625,command,0.500000,-3.256166220,-4.043914318,-2.213564873,0.040633872,-0.109418005,-2.216129780,ros2_odometer_state
M19C_S1_lab_hard_floor_B1_U050_R1,519.924447527,8.123750967,command,0.500000,-3.256166220,-4.043914318,-2.213564873,0.040947504,-0.109564863,-2.216483116,ros2_odometer_state
M19C_S1_lab_hard_floor_B1_U050_R1,519.925728439,8.125031879,command,0.500000,-3.267137527,-4.053442001,-2.216483116,0.040947504,-0.109564863,-2.216483116,ros2_odometer_state
M19C_S1_lab_hard_floor_B1_U050_R1,519.928366938,8.127670378,command,0.500000,-3.267137527,-4.053442001,-2.216483116,0.041520733,-0.109820485,-2.217003345,ros2_odometer_state
M19C_S1_lab_hard_floor_B1_U050_R1,519.930340772,8.129644212,command,0.500000,-3.267137527,-4.053442001,-2.216483116,0.041766141,-0.109864868,-2.217265606,ros2_odometer_state
M19C_S1_lab_hard_floor_B1_U050_R1,519.932476724,8.131780164,command,0.500000,-3.267137527,-4.053442001,-2.216483116,0.041985653,-0.109864116,-2.217566013,ros2_odometer_state
M19C_S1_lab_hard_floor_B1_U050_R1,519.934356186,8.133659626,command,0.500000,-3.267137527,-4.053442001,-2.216483116,0.042195633,-0.109872431,-2.217935085,ros2_odometer_state
M19C_S1_lab_hard_floor_B1_U050_R1,519.936580750,8.135884190,command,0.500000,-3.267137527,-4.053442001,-2.216483116,0.042417247,-0.109918736,-2.218380213,ros2_odometer_state
M19C_S1_lab_hard_floor_B1_U050_R1,519.938448499,8.137751939,command,0.500000,-3.267137527,-4.053442001,-2.216483116,0.042665884,-0.110004075,-2.218844891,ros2_odometer_state
M19C_S1_lab_hard_floor_B1_U050_R1,519.940365947,8.139669387,command,0.500000,-3.267137527,-4.053442001,-2.216483116,0.042929359,-0.110082328,-2.219262123,ros2_odometer_state
M19C_S1_lab_hard_floor_B1_U050_R1,519.942675698,8.141979138,command,0.500000,-3.267137527,-4.053442001,-2.216483116,0.042929359,-0.110082328,-2.219262123,ros2_odometer_state
M19C_S1_lab_hard_floor_B1_U050_R1,519.943869470,8.143172910,command,0.500000,-3.267137527,-4.053442001,-2.216483116,0.043204565,-0.110115707,-2.219609976,ros2_odometer_state
M19C_S1_lab_hard_floor_B1_U050_R1,519.947713102,8.147016542,command,0.500000,-3.275932312,-4.062483311,-2.219910860,0.043739874,-0.110024787,-2.220231771,ros2_odometer_state
M19C_S1_lab_hard_floor_B1_U050_R1,519.948640337,8.147943777,command,0.500000,-3.275932312,-4.062483311,-2.219910860,0.043961629,-0.109931819,-2.220603943,ros2_odometer_state
M19C_S1_lab_hard_floor_B1_U050_R1,519.950385202,8.149688642,command,0.500000,-3.275932312,-4.062483311,-2.219910860,0.044146150,-0.109840296,-2.221034050,ros2_odometer_state
M19C_S1_lab_hard_floor_B1_U050_R1,519.952404190,8.151707630,command,0.500000,-3.275932312,-4.062483311,-2.219910860,0.044296745,-0.109755129,-2.221489668,ros2_odometer_state
M19C_S1_lab_hard_floor_B1_U050_R1,519.954368423,8.153671863,command,0.500000,-3.275932312,-4.062483311,-2.219910860,0.044431534,-0.109681256,-2.221930027,ros2_odometer_state
M19C_S1_lab_hard_floor_B1_U050_R1,519.956800195,8.156103635,command,0.500000,-3.275932312,-4.062483311,-2.219910860,0.044581655,-0.109612107,-2.222316504,ros2_odometer_state
M19C_S1_lab_hard_floor_B1_U050_R1,519.958419007,8.157722447,command,0.500000,-3.275932312,-4.062483311,-2.219910860,0.044750549,-0.109533802,-2.222659111,ros2_odometer_state
M19C_S1_lab_hard_floor_B1_U050_R1,519.960412650,8.159716090,command,0.500000,-3.275932312,-4.062483311,-2.219910860,0.044932295,-0.109463900,-2.222995996,ros2_odometer_state
M19C_S1_lab_hard_floor_B1_U050_R1,519.962335410,8.161638850,command,0.500000,-3.275932312,-4.062483311,-2.219910860,0.044932295,-0.109463900,-2.222995996,ros2_odometer_state
M19C_S1_lab_hard_floor_B1_U050_R1,519.964526148,8.163829588,command,0.500000,-3.275932312,-4.062483311,-2.219910860,0.045278750,-0.109380841,-2.223759413,ros2_odometer_state
M19C_S1_lab_hard_floor_B1_U050_R1,519.965795667,8.165099107,command,0.500000,-3.285304308,-4.072012901,-2.223759413,0.045278750,-0.109380841,-2.223759413,ros2_odometer_state
M19C_S1_lab_hard_floor_B1_U050_R1,519.968451511,8.167754951,command,0.500000,-3.285304308,-4.072012901,-2.223759413,0.045446858,-0.109313153,-2.224686623,ros2_odometer_state
M19C_S1_lab_hard_floor_B1_U050_R1,519.970403776,8.169707216,command,0.500000,-3.285304308,-4.072012901,-2.223759413,0.045472052,-0.109225832,-2.225178003,ros2_odometer_state
M19C_S1_lab_hard_floor_B1_U050_R1,519.972689685,8.171993125,command,0.500000,-3.285304308,-4.072012901,-2.223759413,0.045486100,-0.109115012,-2.225666285,ros2_odometer_state
M19C_S1_lab_hard_floor_B1_U050_R1,519.974451415,8.173754855,command,0.500000,-3.285304308,-4.072012901,-2.223759413,0.045499761,-0.108996451,-2.226134062,ros2_odometer_state
M19C_S1_lab_hard_floor_B1_U050_R1,519.976538310,8.175841750,command,0.500000,-3.285304308,-4.072012901,-2.223759413,0.045516312,-0.108878367,-2.226536751,ros2_odometer_state
M19C_S1_lab_hard_floor_B1_U050_R1,519.978575090,8.177878530,command,0.500000,-3.285304308,-4.072012901,-2.223759413,0.045543116,-0.108717456,-2.226840019,ros2_odometer_state
M19C_S1_lab_hard_floor_B1_U050_R1,519.981686278,8.180989718,command,0.500000,-3.285304308,-4.072012901,-2.223759413,0.045589175,-0.108517937,-2.227091789,ros2_odometer_state
M19C_S1_lab_hard_floor_B1_U050_R1,519.983050937,8.182354377,command,0.500000,-3.285304308,-4.072012901,-2.223759413,0.045629423,-0.108313240,-2.227359056,ros2_odometer_state
M19C_S1_lab_hard_floor_B1_U050_R1,519.983817078,8.183120518,command,0.500000,-3.285304308,-4.072012901,-2.223759413,0.045629423,-0.108313240,-2.227359056,ros2_odometer_state
M19C_S1_lab_hard_floor_B1_U050_R1,519.985823809,8.185127249,command,0.500000,-3.293882608,-4.080731869,-2.227646589,0.045619261,-0.108119383,-2.227646589,ros2_odometer_state
M19C_S1_lab_hard_floor_B1_U050_R1,519.988648267,8.187951707,command,0.500000,-3.293882608,-4.080731869,-2.227646589,0.045402169,-0.107838884,-2.228211403,ros2_odometer_state
M19C_S1_lab_hard_floor_B1_U050_R1,519.990491632,8.189795072,command,0.500000,-3.293882608,-4.080731869,-2.227646589,0.045181453,-0.107742719,-2.228408098,ros2_odometer_state
M19C_S1_lab_hard_floor_B1_U050_R1,519.992479706,8.191783146,command,0.500000,-3.293882608,-4.080731869,-2.227646589,0.044869915,-0.107659668,-2.228539705,ros2_odometer_state
M19C_S1_lab_hard_floor_B1_U050_R1,519.993753706,8.193057146,command,0.500000,-3.293882608,-4.080731869,-2.227646589,0.044869915,-0.107659668,-2.228539705,ros2_odometer_state
M19C_S1_lab_hard_floor_B1_U050_R1,519.996465776,8.195769216,command,0.500000,-3.293882608,-4.080731869,-2.227646589,0.044112988,-0.107526794,-2.228631020,ros2_odometer_state
M19C_S1_lab_hard_floor_B1_U050_R1,519.997731263,8.197034703,command,0.500000,-3.293882608,-4.080731869,-2.227646589,0.044112988,-0.107526794,-2.228631020,ros2_odometer_state
M19C_S1_lab_hard_floor_B1_U050_R1,520.000480134,8.199783574,command,0.500000,-3.293882608,-4.080731869,-2.227646589,0.043402866,-0.107372582,-2.228673220,ros2_odometer_state
M19C_S1_lab_hard_floor_B1_U050_R1,520.003061959,8.202365399,command,0.500000,-3.293882608,-4.080731869,-2.227646589,0.043109503,-0.107283577,-2.228723526,ros2_odometer_state
M19C_S1_lab_hard_floor_B1_U050_R1,520.003846468,8.203149908,command,0.500000,-3.293882608,-4.080731869,-2.227646589,0.043109503,-0.107283577,-2.228723526,ros2_odometer_state
M19C_S1_lab_hard_floor_B1_U050_R1,520.006607755,8.205911195,command,0.500000,-3.304193497,-4.090671539,-2.228747129,0.042573642,-0.107138738,-2.228736639,ros2_odometer_state
M19C_S1_lab_hard_floor_B1_U050_R1,520.008993445,8.208296885,command,0.500000,-3.304193497,-4.090671539,-2.228747129,0.042309515,-0.107105367,-2.228706360,ros2_odometer_state
M19C_S1_lab_hard_floor_B1_U050_R1,520.012760786,8.212064226,command,0.500000,-3.304193497,-4.090671539,-2.228747129,0.042029247,-0.107083634,-2.228659391,ros2_odometer_state
M19C_S1_lab_hard_floor_B1_U050_R1,520.013897116,8.213200556,command,0.500000,-3.304193497,-4.090671539,-2.228747129,0.041719653,-0.107071117,-2.228577375,ros2_odometer_state
M19C_S1_lab_hard_floor_B1_U050_R1,520.014784797,8.214088237,command,0.500000,-3.304193497,-4.090671539,-2.228747129,0.041371193,-0.107076444,-2.228445292,ros2_odometer_state
M19C_S1_lab_hard_floor_B1_U050_R1,520.016666084,8.215969524,command,0.500000,-3.304193497,-4.090671539,-2.228747129,0.040997326,-0.107089318,-2.228267431,ros2_odometer_state
M19C_S1_lab_hard_floor_B1_U050_R1,520.018525802,8.217829242,command,0.500000,-3.304193497,-4.090671539,-2.228747129,0.040588751,-0.107074112,-2.228070974,ros2_odometer_state
M19C_S1_lab_hard_floor_B1_U050_R1,520.020550581,8.219854021,command,0.500000,-3.304193497,-4.090671539,-2.228747129,0.040111057,-0.107007727,-2.227850199,ros2_odometer_state
M19C_S1_lab_hard_floor_B1_U050_R1,520.023136982,8.222440422,command,0.500000,-3.304193497,-4.090671539,-2.228747129,0.039579526,-0.106902719,-2.227625847,ros2_odometer_state
M19C_S1_lab_hard_floor_B1_U050_R1,520.024726386,8.224029826,command,0.500000,-3.304193497,-4.090671539,-2.228747129,0.039032359,-0.106810734,-2.227408886,ros2_odometer_state
M19C_S1_lab_hard_floor_B1_U050_R1,520.026697019,8.226000459,command,0.500000,-3.314031363,-4.099230766,-2.227408886,0.038475875,-0.106787965,-2.227170944,ros2_odometer_state
M19C_S1_lab_hard_floor_B1_U050_R1,520.028547105,8.227850545,command,0.500000,-3.314031363,-4.099230766,-2.227408886,0.037933007,-0.106850453,-2.226910830,ros2_odometer_state
M19C_S1_lab_hard_floor_B1_U050_R1,520.031115137,8.230418577,command,0.500000,-3.314031363,-4.099230766,-2.227408886,0.037425671,-0.106991507,-2.226632595,ros2_odometer_state
M19C_S1_lab_hard_floor_B1_U050_R1,520.033079178,8.232382618,command,0.500000,-3.314031363,-4.099230766,-2.227408886,0.036956329,-0.107199714,-2.226303816,ros2_odometer_state
M19C_S1_lab_hard_floor_B1_U050_R1,520.034696039,8.233999479,command,0.500000,-3.314031363,-4.099230766,-2.227408886,0.036513451,-0.107440554,-2.225922108,ros2_odometer_state
M19C_S1_lab_hard_floor_B1_U050_R1,520.036857400,8.236160840,command,0.500000,-3.314031363,-4.099230766,-2.227408886,0.036078706,-0.107647955,-2.225519419,ros2_odometer_state
M19C_S1_lab_hard_floor_B1_U050_R1,520.038780832,8.238084272,command,0.500000,-3.314031363,-4.099230766,-2.227408886,0.035631374,-0.107777171,-2.225162029,ros2_odometer_state
M19C_S1_lab_hard_floor_B1_U050_R1,520.039869641,8.239173081,command,0.500000,-3.314031363,-4.099230766,-2.227408886,0.035631374,-0.107777171,-2.225162029,ros2_odometer_state
M19C_S1_lab_hard_floor_B1_U050_R1,520.043295145,8.242598585,command,0.500000,-3.314031363,-4.099230766,-2.227408886,0.034723148,-0.107832320,-2.224560738,ros2_odometer_state
M19C_S1_lab_hard_floor_B1_U050_R1,520.045309588,8.244613028,command,0.500000,-3.314031363,-4.099230766,-2.227408886,0.034297984,-0.107834086,-2.224301815,ros2_odometer_state
M19C_S1_lab_hard_floor_B1_U050_R1,520.046209846,8.245513286,command,0.500000,-3.324692488,-4.108107567,-2.224301815,0.034297984,-0.107834086,-2.224301815,ros2_odometer_state
M19C_S1_lab_hard_floor_B1_U050_R1,520.048336006,8.247639446,command,0.500000,-3.324692488,-4.108107567,-2.224301815,0.033928160,-0.107876219,-2.224053144,ros2_odometer_state
M19C_S1_lab_hard_floor_B1_U050_R1,520.050099368,8.249402808,command,0.500000,-3.324692488,-4.108107567,-2.224301815,0.033615757,-0.107971832,-2.223814964,ros2_odometer_state
M19C_S1_lab_hard_floor_B1_U050_R1,520.053005940,8.252309380,command,0.500000,-3.324692488,-4.108107567,-2.224301815,0.033098511,-0.108307555,-2.223350525,ros2_odometer_state
M19C_S1_lab_hard_floor_B1_U050_R1,520.055007615,8.254311055,command,0.500000,-3.324692488,-4.108107567,-2.224301815,0.032819137,-0.108471788,-2.223117828,ros2_odometer_state
M19C_S1_lab_hard_floor_B1_U050_R1,520.057030443,8.256333883,command,0.500000,-3.324692488,-4.108107567,-2.224301815,0.032529272,-0.108567923,-2.222898483,ros2_odometer_state
M19C_S1_lab_hard_floor_B1_U050_R1,520.059386787,8.258690227,command,0.500000,-3.324692488,-4.108107567,-2.224301815,0.032257091,-0.108577944,-2.222708225,ros2_odometer_state
M19C_S1_lab_hard_floor_B1_U050_R1,520.060097598,8.259401038,command,0.500000,-3.324692488,-4.108107567,-2.224301815,0.032257091,-0.108577944,-2.222708225,ros2_odometer_state
M19C_S1_lab_hard_floor_B1_U050_R1,520.062589051,8.261892491,command,0.500000,-3.324692488,-4.108107567,-2.224301815,0.032005556,-0.108521692,-2.222553730,ros2_odometer_state
M19C_S1_lab_hard_floor_B1_U050_R1,520.064141397,8.263444837,command,0.500000,-3.324692488,-4.108107567,-2.224301815,0.031755764,-0.108421057,-2.222425461,ros2_odometer_state
M19C_S1_lab_hard_floor_B1_U050_R1,520.066119359,8.265422799,command,0.500000,-3.334467411,-4.119213104,-2.222306490,0.031512395,-0.108321153,-2.222306490,ros2_odometer_state
M19C_S1_lab_hard_floor_B1_U050_R1,520.067966373,8.267269813,command,0.500000,-3.334467411,-4.119213104,-2.222306490,0.031291563,-0.108282745,-2.222178698,ros2_odometer_state
M19C_S1_lab_hard_floor_B1_U050_R1,520.069977232,8.269280672,command,0.500000,-3.334467411,-4.119213104,-2.222306490,0.031085586,-0.108297817,-2.222039700,ros2_odometer_state
M19C_S1_lab_hard_floor_B1_U050_R1,520.073098629,8.272402069,command,0.500000,-3.334467411,-4.119213104,-2.222306490,0.030670602,-0.108413108,-2.221799850,ros2_odometer_state
M19C_S1_lab_hard_floor_B1_U050_R1,520.074272881,8.273576321,command,0.500000,-3.334467411,-4.119213104,-2.222306490,0.030670602,-0.108413108,-2.221799850,ros2_odometer_state
M19C_S1_lab_hard_floor_B1_U050_R1,520.076161175,8.275464615,command,0.500000,-3.334467411,-4.119213104,-2.222306490,0.030473590,-0.108449437,-2.221707344,ros2_odometer_state
M19C_S1_lab_hard_floor_B1_U050_R1,520.077982236,8.277285676,command,0.500000,-3.334467411,-4.119213104,-2.222306490,0.030271480,-0.108418390,-2.221640825,ros2_odometer_state
M19C_S1_lab_hard_floor_B1_U050_R1,520.079971814,8.279275254,command,0.500000,-3.334467411,-4.119213104,-2.222306490,0.030065937,-0.108302675,-2.221598625,ros2_odometer_state
M19C_S1_lab_hard_floor_B1_U050_R1,520.083333764,8.282637204,command,0.500000,-3.334467411,-4.119213104,-2.222306490,0.029699804,-0.107888415,-2.221636534,ros2_odometer_state
M19C_S1_lab_hard_floor_B1_U050_R1,520.085056548,8.284359988,command,0.500000,-3.334467411,-4.119213104,-2.222306490,0.029509049,-0.107645430,-2.221683502,ros2_odometer_state
M19C_S1_lab_hard_floor_B1_U050_R1,520.086045993,8.285349433,command,0.500000,-3.342511177,-4.131405830,-2.221683502,0.029509049,-0.107645430,-2.221683502,ros2_odometer_state
M19C_S1_lab_hard_floor_B1_U050_R1,520.087961777,8.287265217,command,0.500000,-3.342511177,-4.131405830,-2.221683502,0.029321915,-0.107439488,-2.221690893,ros2_odometer_state
M19C_S1_lab_hard_floor_B1_U050_R1,520.089962940,8.289266380,command,0.500000,-3.342511177,-4.131405830,-2.221683502,0.029157577,-0.107278176,-2.221697569,ros2_odometer_state
M19C_S1_lab_hard_floor_B1_U050_R1,520.092950508,8.292253948,command,0.500000,-3.342511177,-4.131405830,-2.221683502,0.028837584,-0.107013024,-2.221751690,ros2_odometer_state
M19C_S1_lab_hard_floor_B1_U050_R1,520.093974322,8.293277762,command,0.500000,-3.342511177,-4.131405830,-2.221683502,0.028837584,-0.107013024,-2.221751690,ros2_odometer_state
M19C_S1_lab_hard_floor_B1_U050_R1,520.096858782,8.296162222,command,0.500000,-3.342511177,-4.131405830,-2.221683502,0.028514365,-0.106633827,-2.221741438,ros2_odometer_state
M19C_S1_lab_hard_floor_B1_U050_R1,520.098827144,8.298130584,command,0.500000,-3.342511177,-4.131405830,-2.221683502,0.028340444,-0.106341258,-2.221759319,ros2_odometer_state
M19C_S1_lab_hard_floor_B1_U050_R1,520.099992724,8.299296164,command,0.500000,-3.342511177,-4.131405830,-2.221683502,0.028340444,-0.106341258,-2.221759319,ros2_odometer_state
M19C_S1_lab_hard_floor_B1_U050_R1,520.103408372,8.302711812,command,0.500000,-3.342511177,-4.131405830,-2.221683502,0.028011242,-0.105654784,-2.221896887,ros2_odometer_state
M19C_S1_lab_hard_floor_B1_U050_R1,520.105005327,8.304308767,command,0.500000,-3.342511177,-4.131405830,-2.221683502,0.027835678,-0.105310448,-2.221979380,ros2_odometer_state
M19C_S1_lab_hard_floor_B1_U050_R1,520.106948120,8.306251560,command,0.500000,-3.350614071,-4.142105103,-2.221979380,0.027642317,-0.104994155,-2.222036123,ros2_odometer_state
M19C_S1_lab_hard_floor_B1_U050_R1,520.109026598,8.308330038,command,0.500000,-3.350614071,-4.142105103,-2.221979380,0.027416712,-0.104702204,-2.222053766,ros2_odometer_state
M19C_S1_lab_hard_floor_B1_U050_R1,520.110608513,8.309911953,command,0.500000,-3.350614071,-4.142105103,-2.221979380,0.027416712,-0.104702204,-2.222053766,ros2_odometer_state
M19C_S1_lab_hard_floor_B1_U050_R1,520.112107001,8.311410441,command,0.500000,-3.350614071,-4.142105103,-2.221979380,0.027145188,-0.104423821,-2.222031593,ros2_odometer_state
M19C_S1_lab_hard_floor_B1_U050_R1,520.115060424,8.314363864,command,0.500000,-3.350614071,-4.142105103,-2.221979380,0.026496988,-0.103852443,-2.221940756,ros2_odometer_state
M19C_S1_lab_hard_floor_B1_U050_R1,520.116148848,8.315452288,command,0.500000,-3.350614071,-4.142105103,-2.221979380,0.026496988,-0.103852443,-2.221940756,ros2_odometer_state
M19C_S1_lab_hard_floor_B1_U050_R1,520.118143483,8.317446923,command,0.500000,-3.350614071,-4.142105103,-2.221979380,0.026142612,-0.103525698,-2.221902370,ros2_odometer_state
M19C_S1_lab_hard_floor_B1_U050_R1,520.120849633,8.320153073,command,0.500000,-3.350614071,-4.142105103,-2.221979380,0.025382258,-0.102754295,-2.221850395,ros2_odometer_state
M19C_S1_lab_hard_floor_B1_U050_R1,520.123311133,8.322614573,command,0.500000,-3.350614071,-4.142105103,-2.221979380,0.024930179,-0.102311969,-2.221777439,ros2_odometer_state
M19C_S1_lab_hard_floor_B1_U050_R1,520.125177635,8.324481075,command,0.500000,-3.350614071,-4.142105103,-2.221979380,0.024429245,-0.101856694,-2.221701860,ros2_odometer_state
M19C_S1_lab_hard_floor_B1_U050_R1,520.126245163,8.325548603,command,0.500000,-3.358096838,-4.152037144,-2.221701860,0.024429245,-0.101856694,-2.221701860,ros2_odometer_state
M19C_S1_lab_hard_floor_B1_U050_R1,520.129071828,8.328375268,command,0.500000,-3.358096838,-4.152037144,-2.221701860,0.023343399,-0.100934491,-2.221571207,ros2_odometer_state
M19C_S1_lab_hard_floor_B1_U050_R1,520.130798549,8.330101989,command,0.500000,-3.358096838,-4.152037144,-2.221701860,0.022773668,-0.100472987,-2.221500874,ros2_odometer_state
M19C_S1_lab_hard_floor_B1_U050_R1,520.132749278,8.332052718,command,0.500000,-3.358096838,-4.152037144,-2.221701860,0.022185523,-0.099995807,-2.221429110,ros2_odometer_state
M19C_S1_lab_hard_floor_B1_U050_R1,520.134735016,8.334038456,command,0.500000,-3.358096838,-4.152037144,-2.221701860,0.021573767,-0.099489085,-2.221371412,ros2_odometer_state
M19C_S1_lab_hard_floor_B1_U050_R1,520.137333706,8.336637146,command,0.500000,-3.358096838,-4.152037144,-2.221701860,0.020940455,-0.098952070,-2.221364498,ros2_odometer_state
M19C_S1_lab_hard_floor_B1_U050_R1,520.138924261,8.338227701,command,0.500000,-3.358096838,-4.152037144,-2.221701860,0.020311525,-0.098394744,-2.221425056,ros2_odometer_state
M19C_S1_lab_hard_floor_B1_U050_R1,520.141274909,8.340578349,command,0.500000,-3.358096838,-4.152037144,-2.221701860,0.019691626,-0.097833864,-2.221543550,ros2_odometer_state
M19C_S1_lab_hard_floor_B1_U050_R1,520.144186218,8.343489658,command,0.500000,-3.358096838,-4.152037144,-2.221701860,0.019073708,-0.097261973,-2.221697092,ros2_odometer_state
M19C_S1_lab_hard_floor_B1_U050_R1,520.144521943,8.343825383,command,0.500000,-3.358096838,-4.152037144,-2.221701860,0.019073708,-0.097261973,-2.221697092,ros2_odometer_state
M19C_S1_lab_hard_floor_B1_U050_R1,520.146922513,8.346225953,command,0.500000,-3.365927458,-4.160524368,-2.221873999,0.017906720,-0.096071944,-2.222110510,ros2_odometer_state
M19C_S1_lab_hard_floor_B1_U050_R1,520.148811255,8.348114695,command,0.500000,-3.365927458,-4.160524368,-2.221873999,0.017362110,-0.095467202,-2.222418308,ros2_odometer_state
M19C_S1_lab_hard_floor_B1_U050_R1,520.150759552,8.350062992,command,0.500000,-3.365927458,-4.160524368,-2.221873999,0.016861740,-0.094986863,-2.222891808,ros2_odometer_state
M19C_S1_lab_hard_floor_B1_U050_R1,520.152766699,8.352070139,command,0.500000,-3.365927458,-4.160524368,-2.221873999,0.016541922,-0.094758920,-2.223785400,ros2_odometer_state
M19C_S1_lab_hard_floor_B1_U050_R1,520.154743029,8.354046469,command,0.500000,-3.365927458,-4.160524368,-2.221873999,0.016479377,-0.094590195,-2.224821568,ros2_odometer_state
M19C_S1_lab_hard_floor_B1_U050_R1,520.157290933,8.356594373,command,0.500000,-3.365927458,-4.160524368,-2.221873999,0.016490469,-0.094378412,-2.225726366,ros2_odometer_state
M19C_S1_lab_hard_floor_B1_U050_R1,520.158879504,8.358182944,command,0.500000,-3.365927458,-4.160524368,-2.221873999,0.016548971,-0.094127424,-2.226688385,ros2_odometer_state
M19C_S1_lab_hard_floor_B1_U050_R1,520.160802008,8.360105448,command,0.500000,-3.365927458,-4.160524368,-2.221873999,0.016684448,-0.093813799,-2.227857828,ros2_odometer_state
M19C_S1_lab_hard_floor_B1_U050_R1,520.163425627,8.362729067,command,0.500000,-3.365927458,-4.160524368,-2.221873999,0.016861275,-0.093363889,-2.229120731,ros2_odometer_state
M19C_S1_lab_hard_floor_B1_U050_R1,520.164848880,8.364152320,command,0.500000,-3.365927458,-4.160524368,-2.221873999,0.017088696,-0.092775874,-2.230360508,ros2_odometer_state
M19C_S1_lab_hard_floor_B1_U050_R1,520.166828058,8.366131498,command,0.500000,-3.374311686,-4.169994354,-2.230360508,0.017359650,-0.091990240,-2.231558084,ros2_odometer_state
M19C_S1_lab_hard_floor_B1_U050_R1,520.168154508,8.367457948,command,0.500000,-3.374311686,-4.169994354,-2.230360508,0.017359650,-0.091990240,-2.231558084,ros2_odometer_state
M19C_S1_lab_hard_floor_B1_U050_R1,520.170834256,8.370137696,command,0.500000,-3.374311686,-4.169994354,-2.230360508,0.017909830,-0.089649640,-2.234256506,ros2_odometer_state
M19C_S1_lab_hard_floor_B1_U050_R1,520.173081540,8.372384980,command,0.500000,-3.374311686,-4.169994354,-2.230360508,0.018189901,-0.088175178,-2.235614300,ros2_odometer_state
M19C_S1_lab_hard_floor_B1_U050_R1,520.174326291,8.373629731,command,0.500000,-3.374311686,-4.169994354,-2.230360508,0.018189901,-0.088175178,-2.235614300,ros2_odometer_state
M19C_S1_lab_hard_floor_B1_U050_R1,520.176576327,8.375879767,command,0.500000,-3.374311686,-4.169994354,-2.230360508,0.018423472,-0.086654715,-2.236772776,ros2_odometer_state
M19C_S1_lab_hard_floor_B1_U050_R1,520.179033731,8.378337171,command,0.500000,-3.374311686,-4.169994354,-2.230360508,0.018931026,-0.083930187,-2.238865137,ros2_odometer_state
M19C_S1_lab_hard_floor_B1_U050_R1,520.180954379,8.380257819,command,0.500000,-3.374311686,-4.169994354,-2.230360508,0.019210089,-0.082692884,-2.239990473,ros2_odometer_state
M19C_S1_lab_hard_floor_B1_U050_R1,520.182761550,8.382064990,command,0.500000,-3.374311686,-4.169994354,-2.230360508,0.019210089,-0.082692884,-2.239990473,ros2_odometer_state
M19C_S1_lab_hard_floor_B1_U050_R1,520.184293992,8.383597432,command,0.500000,-3.374311686,-4.169994354,-2.230360508,0.019514948,-0.081507385,-2.241156101,ros2_odometer_state
M19C_S1_lab_hard_floor_B1_U050_R1,520.187010254,8.386313694,command,0.500000,-3.379339457,-4.180494308,-2.242312193,0.020101095,-0.079112723,-2.243476629,ros2_odometer_state
M19C_S1_lab_hard_floor_B1_U050_R1,520.189138301,8.388441741,command,0.500000,-3.379339457,-4.180494308,-2.242312193,0.020305820,-0.077823080,-2.244677305,ros2_odometer_state
M19C_S1_lab_hard_floor_B1_U050_R1,520.191090630,8.390394070,command,0.500000,-3.379339457,-4.180494308,-2.242312193,0.020427980,-0.076507561,-2.245793104,ros2_odometer_state
M19C_S1_lab_hard_floor_B1_U050_R1,520.193529378,8.392832818,command,0.500000,-3.379339457,-4.180494308,-2.242312193,0.020449707,-0.075200811,-2.246708632,ros2_odometer_state
M19C_S1_lab_hard_floor_B1_U050_R1,520.195171487,8.394474927,command,0.500000,-3.379339457,-4.180494308,-2.242312193,0.020353638,-0.073890239,-2.247433662,ros2_odometer_state
M19C_S1_lab_hard_floor_B1_U050_R1,520.196221926,8.395525366,command,0.500000,-3.379339457,-4.180494308,-2.242312193,0.020353638,-0.073890239,-2.247433662,ros2_odometer_state
M19C_S1_lab_hard_floor_B1_U050_R1,520.199007695,8.398311135,command,0.500000,-3.379339457,-4.180494308,-2.242312193,0.019831110,-0.071186639,-2.248582602,ros2_odometer_state
M19C_S1_lab_hard_floor_B1_U050_R1,520.201025658,8.400329098,command,0.500000,-3.379339457,-4.180494308,-2.242312193,0.019426357,-0.069800787,-2.249037504,ros2_odometer_state
M19C_S1_lab_hard_floor_B1_U050_R1,520.203548441,8.402851881,command,0.500000,-3.379339457,-4.180494308,-2.242312193,0.018917251,-0.068412080,-2.249357700,ros2_odometer_state
M19C_S1_lab_hard_floor_B1_U050_R1,520.206682478,8.405985918,command,0.500000,-3.379339457,-4.180494308,-2.242312193,0.018315852,-0.067011990,-2.249606371,ros2_odometer_state
M19C_S1_lab_hard_floor_B1_U050_R1,520.207562767,8.406866207,command,0.500000,-3.384065151,-4.188243866,-2.249606371,0.017684327,-0.065572672,-2.249932289,ros2_odometer_state
M19C_S1_lab_hard_floor_B1_U050_R1,520.208975236,8.408278676,command,0.500000,-3.384065151,-4.188243866,-2.249606371,0.017073506,-0.064102896,-2.250418425,ros2_odometer_state
M19C_S1_lab_hard_floor_B1_U050_R1,520.211067250,8.410370690,command,0.500000,-3.384065151,-4.188243866,-2.249606371,0.016458958,-0.062664144,-2.250971556,ros2_odometer_state
M19C_S1_lab_hard_floor_B1_U050_R1,520.213259364,8.412562804,command,0.500000,-3.384065151,-4.188243866,-2.249606371,0.015779987,-0.061300326,-2.251478434,ros2_odometer_state
M19C_S1_lab_hard_floor_B1_U050_R1,520.214328556,8.413631996,command,0.500000,-3.384065151,-4.188243866,-2.249606371,0.015779987,-0.061300326,-2.251478434,ros2_odometer_state
M19C_S1_lab_hard_floor_B1_U050_R1,520.216980656,8.416284096,command,0.500000,-3.384065151,-4.188243866,-2.249606371,0.014124629,-0.058789194,-2.252494574,ros2_odometer_state
M19C_S1_lab_hard_floor_B1_U050_R1,520.218382500,8.417685940,command,0.500000,-3.384065151,-4.188243866,-2.249606371,0.014124629,-0.058789194,-2.252494574,ros2_odometer_state
M19C_S1_lab_hard_floor_B1_U050_R1,520.221741890,8.421045330,command,0.500000,-3.384065151,-4.188243866,-2.249606371,0.012321521,-0.056616869,-2.253696918,ros2_odometer_state
M19C_S1_lab_hard_floor_B1_U050_R1,520.224433543,8.423736983,command,0.500000,-3.384065151,-4.188243866,-2.249606371,0.011406025,-0.055698346,-2.254267216,ros2_odometer_state
M19C_S1_lab_hard_floor_B1_U050_R1,520.224765683,8.424069123,command,0.500000,-3.384065151,-4.188243866,-2.249606371,0.011406025,-0.055698346,-2.254267216,ros2_odometer_state
M19C_S1_lab_hard_floor_B1_U050_R1,520.227097834,8.426401274,command,0.500000,-3.388952732,-4.194612503,-2.254906416,0.009550293,-0.054038744,-2.255674124,ros2_odometer_state
M19C_S1_lab_hard_floor_B1_U050_R1,520.229012082,8.428315522,command,0.500000,-3.388952732,-4.194612503,-2.254906416,0.008600105,-0.053236958,-2.256540775,ros2_odometer_state
M19C_S1_lab_hard_floor_B1_U050_R1,520.230991452,8.430294892,command,0.500000,-3.388952732,-4.194612503,-2.254906416,0.007610886,-0.052468441,-2.257452011,ros2_odometer_state
M19C_S1_lab_hard_floor_B1_U050_R1,520.232965254,8.432268694,command,0.500000,-3.388952732,-4.194612503,-2.254906416,0.006565647,-0.051760584,-2.258379459,ros2_odometer_state
M19C_S1_lab_hard_floor_B1_U050_R1,520.234925455,8.434228895,command,0.500000,-3.388952732,-4.194612503,-2.254906416,0.005472091,-0.051130142,-2.259320498,ros2_odometer_state
M19C_S1_lab_hard_floor_B1_U050_R1,520.237224102,8.436527542,command,0.500000,-3.388952732,-4.194612503,-2.254906416,0.004367383,-0.050579786,-2.260240793,ros2_odometer_state
M19C_S1_lab_hard_floor_B1_U050_R1,520.238921957,8.438225397,command,0.500000,-3.388952732,-4.194612503,-2.254906416,0.003277185,-0.050150950,-2.261081219,ros2_odometer_state
M19C_S1_lab_hard_floor_B1_U050_R1,520.240948625,8.440252065,command,0.500000,-3.388952732,-4.194612503,-2.254906416,0.002201864,-0.049866799,-2.261865139,ros2_odometer_state
M19C_S1_lab_hard_floor_B1_U050_R1,520.243639254,8.442942694,command,0.500000,-3.388952732,-4.194612503,-2.254906416,0.001169791,-0.049679819,-2.262691736,ros2_odometer_state
M19C_S1_lab_hard_floor_B1_U050_R1,520.245239506,8.444542946,command,0.500000,-3.388952732,-4.194612503,-2.254906416,0.000184353,-0.049513623,-2.263627291,ros2_odometer_state
M19C_S1_lab_hard_floor_B1_U050_R1,520.247136249,8.446439689,command,0.500000,-3.396065712,-4.201716423,-2.263627291,-0.000773679,-0.049320552,-2.264683962,ros2_odometer_state
M19C_S1_lab_hard_floor_B1_U050_R1,520.249018623,8.448322063,command,0.500000,-3.396065712,-4.201716423,-2.263627291,-0.001726775,-0.049127296,-2.265819550,ros2_odometer_state
M19C_S1_lab_hard_floor_B1_U050_R1,520.250943911,8.450247351,command,0.500000,-3.396065712,-4.201716423,-2.263627291,-0.002718163,-0.048986662,-2.266959667,ros2_odometer_state
M19C_S1_lab_hard_floor_B1_U050_R1,520.252983956,8.452287396,command,0.500000,-3.396065712,-4.201716423,-2.263627291,-0.003771906,-0.048934288,-2.268045425,ros2_odometer_state
M19C_S1_lab_hard_floor_B1_U050_R1,520.255001087,8.454304527,command,0.500000,-3.396065712,-4.201716423,-2.263627291,-0.004854492,-0.048961598,-2.269066811,ros2_odometer_state
M19C_S1_lab_hard_floor_B1_U050_R1,520.256362194,8.455665634,command,0.500000,-3.396065712,-4.201716423,-2.263627291,-0.004854492,-0.048961598,-2.269066811,ros2_odometer_state
M19C_S1_lab_hard_floor_B1_U050_R1,520.259005877,8.458309317,command,0.500000,-3.396065712,-4.201716423,-2.263627291,-0.006981302,-0.049189270,-2.270948410,ros2_odometer_state
M19C_S1_lab_hard_floor_B1_U050_R1,520.260268292,8.459571732,command,0.500000,-3.396065712,-4.201716423,-2.263627291,-0.006981302,-0.049189270,-2.270948410,ros2_odometer_state
M19C_S1_lab_hard_floor_B1_U050_R1,520.262913991,8.462217431,command,0.500000,-3.396065712,-4.201716423,-2.263627291,-0.007831414,-0.049397707,-2.271804571,ros2_odometer_state
M19C_S1_lab_hard_floor_B1_U050_R1,520.265093401,8.464396841,command,0.500000,-3.396065712,-4.201716423,-2.263627291,-0.008236757,-0.050178505,-2.273366213,ros2_odometer_state
M19C_S1_lab_hard_floor_B1_U050_R1,520.266382089,8.465685529,command,0.500000,-3.403974295,-4.211938381,-2.273366213,-0.008236757,-0.050178505,-2.273366213,ros2_odometer_state
M19C_S1_lab_hard_floor_B1_U050_R1,520.269010380,8.468313820,command,0.500000,-3.403974295,-4.211938381,-2.273366213,-0.007263478,-0.050216395,-2.273831129,ros2_odometer_state
M19C_S1_lab_hard_floor_B1_U050_R1,520.270994582,8.470298022,command,0.500000,-3.403974295,-4.211938381,-2.273366213,-0.006397602,-0.049807422,-2.273538828,ros2_odometer_state
M19C_S1_lab_hard_floor_B1_U050_R1,520.273497652,8.472801092,command,0.500000,-3.403974295,-4.211938381,-2.273366213,-0.005330219,-0.049453914,-2.273048639,ros2_odometer_state
M19C_S1_lab_hard_floor_B1_U050_R1,520.275067406,8.474370846,command,0.500000,-3.403974295,-4.211938381,-2.273366213,-0.004164766,-0.049215529,-2.272550344,ros2_odometer_state
M19C_S1_lab_hard_floor_B1_U050_R1,520.277074938,8.476378378,command,0.500000,-3.403974295,-4.211938381,-2.273366213,-0.003009784,-0.049022455,-2.272088289,ros2_odometer_state
M19C_S1_lab_hard_floor_B1_U050_R1,520.278316200,8.477619640,command,0.500000,-3.403974295,-4.211938381,-2.273366213,-0.003009784,-0.049022455,-2.272088289,ros2_odometer_state
M19C_S1_lab_hard_floor_B1_U050_R1,520.281388891,8.480692331,command,0.500000,-3.403974295,-4.211938381,-2.273366213,-0.001306456,-0.048777092,-2.271025419,ros2_odometer_state
M19C_S1_lab_hard_floor_B1_U050_R1,520.283752756,8.483056196,command,0.500000,-3.403974295,-4.211938381,-2.273366213,-0.000813412,-0.048741449,-2.270248175,ros2_odometer_state
M19C_S1_lab_hard_floor_B1_U050_R1,520.285135591,8.484439031,command,0.500000,-3.403974295,-4.211938381,-2.273366213,-0.000454952,-0.048749615,-2.269332409,ros2_odometer_state
M19C_S1_lab_hard_floor_B1_U050_R1,520.287195732,8.486499172,command,0.500000,-3.408899784,-4.220921516,-2.269332409,-0.000124128,-0.048773073,-2.268374205,ros2_odometer_state
M19C_S1_lab_hard_floor_B1_U050_R1,520.289051930,8.488355370,command,0.500000,-3.408899784,-4.220921516,-2.269332409,0.000173650,-0.048706524,-2.267519236,ros2_odometer_state
M19C_S1_lab_hard_floor_B1_U050_R1,520.291048229,8.490351669,command,0.500000,-3.408899784,-4.220921516,-2.269332409,0.000373314,-0.048508633,-2.266879320,ros2_odometer_state
M19C_S1_lab_hard_floor_B1_U050_R1,520.293134803,8.492438243,command,0.500000,-3.408899784,-4.220921516,-2.269332409,0.000488155,-0.048206344,-2.266426563,ros2_odometer_state
M19C_S1_lab_hard_floor_B1_U050_R1,520.295078684,8.494382124,command,0.500000,-3.408899784,-4.220921516,-2.269332409,0.000532066,-0.047945086,-2.265908957,ros2_odometer_state
M19C_S1_lab_hard_floor_B1_U050_R1,520.297053094,8.496356534,command,0.500000,-3.408899784,-4.220921516,-2.269332409,0.000439816,-0.047849040,-2.265038252,ros2_odometer_state
M19C_S1_lab_hard_floor_B1_U050_R1,520.299066897,8.498370337,command,0.500000,-3.408899784,-4.220921516,-2.269332409,0.000166377,-0.047838300,-2.263986588,ros2_odometer_state
M19C_S1_lab_hard_floor_B1_U050_R1,520.301054363,8.500357803,stop,0.500000,-3.408899784,-4.220921516,-2.269332409,-0.000176476,-0.047830891,-2.263056040,ros2_odometer_state
M19C_S1_lab_hard_floor_B1_U050_R1,520.303656349,8.502959789,stop,0.500000,-3.408899784,-4.220921516,-2.269332409,-0.000450534,-0.047773689,-2.262270689,ros2_odometer_state
M19C_S1_lab_hard_floor_B1_U050_R1,520.304457019,8.503760459,stop,0.500000,-3.408899784,-4.220921516,-2.269332409,-0.000450534,-0.047773689,-2.262270689,ros2_odometer_state
M19C_S1_lab_hard_floor_B1_U050_R1,520.306476262,8.505779702,stop,0.500000,-3.413225651,-4.232074738,-2.261515379,-0.000677090,-0.047622394,-2.261515379,ros2_odometer_state
M19C_S1_lab_hard_floor_B1_U050_R1,520.309177611,8.508481051,stop,0.500000,-3.413225651,-4.232074738,-2.261515379,-0.001340586,-0.047163934,-2.260211706,ros2_odometer_state
M19C_S1_lab_hard_floor_B1_U050_R1,520.311131125,8.510434565,stop,0.500000,-3.413225651,-4.232074738,-2.261515379,-0.001746103,-0.046953816,-2.259567976,ros2_odometer_state
M19C_S1_lab_hard_floor_B1_U050_R1,520.313195586,8.512499026,stop,0.500000,-3.413225651,-4.232074738,-2.261515379,-0.002135688,-0.046743412,-2.258904219,ros2_odometer_state
M19C_S1_lab_hard_floor_B1_U050_R1,520.315139211,8.514442651,stop,0.500000,-3.413225651,-4.232074738,-2.261515379,-0.002455202,-0.046508238,-2.258308649,ros2_odometer_state
M19C_S1_lab_hard_floor_B1_U050_R1,520.317114773,8.516418213,stop,0.500000,-3.413225651,-4.232074738,-2.261515379,-0.002719506,-0.046284664,-2.257839441,ros2_odometer_state
M19C_S1_lab_hard_floor_B1_U050_R1,520.319088543,8.518391983,stop,0.500000,-3.413225651,-4.232074738,-2.261515379,-0.002980813,-0.046111774,-2.257451057,ros2_odometer_state
M19C_S1_lab_hard_floor_B1_U050_R1,520.321133035,8.520436475,stop,0.500000,-3.413225651,-4.232074738,-2.261515379,-0.003269447,-0.046002213,-2.257054567,ros2_odometer_state
M19C_S1_lab_hard_floor_B1_U050_R1,520.323060467,8.522363907,stop,0.500000,-3.413225651,-4.232074738,-2.261515379,-0.003269447,-0.046002213,-2.257054567,ros2_odometer_state
M19C_S1_lab_hard_floor_B1_U050_R1,520.324500137,8.523803577,stop,0.500000,-3.413225651,-4.232074738,-2.261515379,-0.003585419,-0.045944054,-2.256614447,ros2_odometer_state
M19C_S1_lab_hard_floor_B1_U050_R1,520.327334547,8.526637987,stop,0.500000,-3.419791222,-4.240694523,-2.256131649,-0.004453268,-0.045721591,-2.255627155,ros2_odometer_state
M19C_S1_lab_hard_floor_B1_U050_R1,520.329146007,8.528449447,stop,0.500000,-3.419791222,-4.240694523,-2.256131649,-0.005033572,-0.045514416,-2.255194426,ros2_odometer_state
M19C_S1_lab_hard_floor_B1_U050_R1,520.331195396,8.530498836,stop,0.500000,-3.419791222,-4.240694523,-2.256131649,-0.005665774,-0.045297001,-2.254882574,ros2_odometer_state
M19C_S1_lab_hard_floor_B1_U050_R1,520.333160941,8.532464381,stop,0.500000,-3.419791222,-4.240694523,-2.256131649,-0.006334036,-0.045103561,-2.254763842,ros2_odometer_state
M19C_S1_lab_hard_floor_B1_U050_R1,520.335133719,8.534437159,stop,0.500000,-3.419791222,-4.240694523,-2.256131649,-0.006984582,-0.044918787,-2.254829168,ros2_odometer_state
M19C_S1_lab_hard_floor_B1_U050_R1,520.337153379,8.536456819,stop,0.500000,-3.419791222,-4.240694523,-2.256131649,-0.007612753,-0.044716693,-2.255010128,ros2_odometer_state
M19C_S1_lab_hard_floor_B1_U050_R1,520.339211216,8.538514656,stop,0.500000,-3.419791222,-4.240694523,-2.256131649,-0.008263852,-0.044494476,-2.255216122,ros2_odometer_state
M19C_S1_lab_hard_floor_B1_U050_R1,520.341138712,8.540442152,stop,0.500000,-3.419791222,-4.240694523,-2.256131649,-0.008951464,-0.044297583,-2.255347967,ros2_odometer_state
M19C_S1_lab_hard_floor_B1_U050_R1,520.343723801,8.543027241,stop,0.500000,-3.419791222,-4.240694523,-2.256131649,-0.009629819,-0.044153251,-2.255368471,ros2_odometer_state
M19C_S1_lab_hard_floor_B1_U050_R1,520.345303860,8.544607300,stop,0.500000,-3.419791222,-4.240694523,-2.256131649,-0.010282061,-0.044039406,-2.255314589,ros2_odometer_state
M19C_S1_lab_hard_floor_B1_U050_R1,520.346589252,8.545892692,stop,0.500000,-3.427704334,-4.248579502,-2.255314589,-0.010282061,-0.044039406,-2.255314589,ros2_odometer_state
M19C_S1_lab_hard_floor_B1_U050_R1,520.348558734,8.547862174,stop,0.500000,-3.427704334,-4.248579502,-2.255314589,-0.010907801,-0.043947123,-2.255250216,ros2_odometer_state
M19C_S1_lab_hard_floor_B1_U050_R1,520.351239954,8.550543394,stop,0.500000,-3.427704334,-4.248579502,-2.255314589,-0.011958219,-0.043882832,-2.255297899,ros2_odometer_state
M19C_S1_lab_hard_floor_B1_U050_R1,520.353185723,8.552489163,stop,0.500000,-3.427704334,-4.248579502,-2.255314589,-0.012363148,-0.043881658,-2.255399942,ros2_odometer_state
M19C_S1_lab_hard_floor_B1_U050_R1,520.354481548,8.553784988,stop,0.500000,-3.427704334,-4.248579502,-2.255314589,-0.012363148,-0.043881658,-2.255399942,ros2_odometer_state
M19C_S1_lab_hard_floor_B1_U050_R1,520.357364600,8.556668040,stop,0.500000,-3.427704334,-4.248579502,-2.255314589,-0.013025690,-0.043859184,-2.255661964,ros2_odometer_state
M19C_S1_lab_hard_floor_B1_U050_R1,520.359181180,8.558484620,stop,0.500000,-3.427704334,-4.248579502,-2.255314589,-0.013314595,-0.043877438,-2.255896807,ros2_odometer_state
M19C_S1_lab_hard_floor_B1_U050_R1,520.361223528,8.560526968,stop,0.500000,-3.427704334,-4.248579502,-2.255314589,-0.013588283,-0.043949481,-2.256184101,ros2_odometer_state
M19C_S1_lab_hard_floor_B1_U050_R1,520.363900492,8.563203932,stop,0.500000,-3.427704334,-4.248579502,-2.255314589,-0.013892449,-0.044047866,-2.256479502,ros2_odometer_state
M19C_S1_lab_hard_floor_B1_U050_R1,520.365585323,8.564888763,stop,0.500000,-3.427704334,-4.248579502,-2.255314589,-0.014225894,-0.044110961,-2.256762505,ros2_odometer_state
M19C_S1_lab_hard_floor_B1_U050_R1,520.367602679,8.566906119,stop,0.500000,-3.435831785,-4.255808830,-2.256762505,-0.014563682,-0.044148505,-2.257055044,ros2_odometer_state
M19C_S1_lab_hard_floor_B1_U050_R1,520.368708512,8.568011952,stop,0.500000,-3.435831785,-4.255808830,-2.256762505,-0.014563682,-0.044148505,-2.257055044,ros2_odometer_state
M19C_S1_lab_hard_floor_B1_U050_R1,520.371582540,8.570885980,stop,0.500000,-3.435831785,-4.255808830,-2.256762505,-0.015120124,-0.044295881,-2.257838011,ros2_odometer_state
M19C_S1_lab_hard_floor_B1_U050_R1,520.373447986,8.572751426,stop,0.500000,-3.435831785,-4.255808830,-2.256762505,-0.015324216,-0.044433173,-2.258330584,ros2_odometer_state
M19C_S1_lab_hard_floor_B1_U050_R1,520.375337496,8.574640936,stop,0.500000,-3.435831785,-4.255808830,-2.256762505,-0.015503686,-0.044563215,-2.258754492,ros2_odometer_state
M19C_S1_lab_hard_floor_B1_U050_R1,520.378195971,8.577499411,stop,0.500000,-3.435831785,-4.255808830,-2.256762505,-0.015679339,-0.044660896,-2.259018660,ros2_odometer_state
M19C_S1_lab_hard_floor_B1_U050_R1,520.379398513,8.578701953,stop,0.500000,-3.435831785,-4.255808830,-2.256762505,-0.015863258,-0.044734880,-2.259096146,ros2_odometer_state
M19C_S1_lab_hard_floor_B1_U050_R1,520.383116988,8.582420428,stop,0.500000,-3.435831785,-4.255808830,-2.256762505,-0.015863258,-0.044734880,-2.259096146,ros2_odometer_state
M19C_S1_lab_hard_floor_B1_U050_R1,520.384127394,8.583430834,stop,0.500000,-3.435831785,-4.255808830,-2.256762505,-0.016027896,-0.044781089,-2.259016752,ros2_odometer_state
M19C_S1_lab_hard_floor_B1_U050_R1,520.385012035,8.584315475,stop,0.500000,-3.435831785,-4.255808830,-2.256762505,-0.016160315,-0.044806603,-2.258813858,ros2_odometer_state
M19C_S1_lab_hard_floor_B1_U050_R1,520.386647424,8.585950864,stop,0.500000,-3.442023993,-4.263924122,-2.258484364,-0.016270064,-0.044820640,-2.258484364,ros2_odometer_state
M19C_S1_lab_hard_floor_B1_U050_R1,520.389321860,8.588625300,stop,0.500000,-3.442023993,-4.263924122,-2.258484364,-0.016346123,-0.044809632,-2.257479668,ros2_odometer_state
M19C_S1_lab_hard_floor_B1_U050_R1,520.391279533,8.590582973,stop,0.500000,-3.442023993,-4.263924122,-2.258484364,-0.016184149,-0.044781968,-2.256958008,ros2_odometer_state
M19C_S1_lab_hard_floor_B1_U050_R1,520.393250967,8.592554407,stop,0.500000,-3.442023993,-4.263924122,-2.258484364,-0.015873609,-0.044769194,-2.256470203,ros2_odometer_state
M19C_S1_lab_hard_floor_B1_U050_R1,520.395231553,8.594534993,stop,0.500000,-3.442023993,-4.263924122,-2.258484364,-0.015549080,-0.044845622,-2.255963564,ros2_odometer_state
M19C_S1_lab_hard_floor_B1_U050_R1,520.396561715,8.595865155,stop,0.500000,-3.442023993,-4.263924122,-2.258484364,-0.015549080,-0.044845622,-2.255963564,ros2_odometer_state
M19C_S1_lab_hard_floor_B1_U050_R1,520.399259192,8.598562632,stop,0.500000,-3.442023993,-4.263924122,-2.258484364,-0.014962471,-0.045208253,-2.254539013,ros2_odometer_state
M19C_S1_lab_hard_floor_B1_U050_R1,520.401267619,8.600571059,stop,0.500000,-3.442023993,-4.263924122,-2.258484364,-0.014683289,-0.045306794,-2.253535748,ros2_odometer_state
M19C_S1_lab_hard_floor_B1_U050_R1,520.404149807,8.603453247,stop,0.500000,-3.442023993,-4.263924122,-2.258484364,-0.014366832,-0.045332920,-2.252395153,ros2_odometer_state
M19C_S1_lab_hard_floor_B1_U050_R1,520.406697519,8.606000959,stop,0.500000,-3.442023993,-4.263924122,-2.258484364,-0.014366832,-0.045332920,-2.252395153,ros2_odometer_state
M19C_S1_lab_hard_floor_B1_U050_R1,520.407611793,8.606915233,stop,0.500000,-3.448671341,-4.270473003,-2.251228571,-0.014001620,-0.045313403,-2.251228571,ros2_odometer_state
M19C_S1_lab_hard_floor_B1_U050_R1,520.408657432,8.607960872,stop,0.500000,-3.448671341,-4.270473003,-2.251228571,-0.013618416,-0.045307130,-2.250145435,ros2_odometer_state
M19C_S1_lab_hard_floor_B1_U050_R1,520.410608385,8.609911825,stop,0.500000,-3.448671341,-4.270473003,-2.251228571,-0.013305702,-0.045336723,-2.249178886,ros2_odometer_state
M19C_S1_lab_hard_floor_B1_U050_R1,520.413372969,8.612676409,stop,0.500000,-3.448671341,-4.270473003,-2.251228571,-0.012738155,-0.045533750,-2.247544289,ros2_odometer_state
M19C_S1_lab_hard_floor_B1_U050_R1,520.415346610,8.614650050,stop,0.500000,-3.448671341,-4.270473003,-2.251228571,-0.012363597,-0.045705542,-2.246812344,ros2_odometer_state
M19C_S1_lab_hard_floor_B1_U050_R1,520.417344317,8.616647757,stop,0.500000,-3.448671341,-4.270473003,-2.251228571,-0.011927035,-0.045880333,-2.246125937,ros2_odometer_state
M19C_S1_lab_hard_floor_B1_U050_R1,520.419340360,8.618643800,stop,0.500000,-3.448671341,-4.270473003,-2.251228571,-0.011451377,-0.046029069,-2.245496035,ros2_odometer_state
M19C_S1_lab_hard_floor_B1_U050_R1,520.420601367,8.619904807,stop,0.500000,-3.448671341,-4.270473003,-2.251228571,-0.011451377,-0.046029069,-2.245496035,ros2_odometer_state
M19C_S1_lab_hard_floor_B1_U050_R1,520.423948212,8.623251652,stop,0.500000,-3.448671341,-4.270473003,-2.251228571,-0.010507187,-0.046276465,-2.244033813,ros2_odometer_state
M19C_S1_lab_hard_floor_B1_U050_R1,520.425470445,8.624773885,stop,0.500000,-3.448671341,-4.270473003,-2.251228571,-0.010002497,-0.046459347,-2.243211746,ros2_odometer_state
M19C_S1_lab_hard_floor_B1_U050_R1,520.427459640,8.626763080,stop,0.500000,-3.455577612,-4.278068542,-2.243211746,-0.009451837,-0.046707906,-2.242506742,ros2_odometer_state
M19C_S1_lab_hard_floor_B1_U050_R1,520.429397728,8.628701168,stop,0.500000,-3.455577612,-4.278068542,-2.243211746,-0.008876121,-0.047006592,-2.242010832,ros2_odometer_state
M19C_S1_lab_hard_floor_B1_U050_R1,520.431355914,8.630659354,stop,0.500000,-3.455577612,-4.278068542,-2.243211746,-0.008266212,-0.047327671,-2.241707325,ros2_odometer_state
M19C_S1_lab_hard_floor_B1_U050_R1,520.433428695,8.632732135,stop,0.500000,-3.455577612,-4.278068542,-2.243211746,-0.007617926,-0.047658812,-2.241514444,ros2_odometer_state
M19C_S1_lab_hard_floor_B1_U050_R1,520.434624996,8.633928436,stop,0.500000,-3.455577612,-4.278068542,-2.243211746,-0.007617926,-0.047658812,-2.241514444,ros2_odometer_state
M19C_S1_lab_hard_floor_B1_U050_R1,520.436884153,8.636187593,stop,0.500000,-3.455577612,-4.278068542,-2.243211746,-0.006947545,-0.048006900,-2.241368055,ros2_odometer_state
M19C_S1_lab_hard_floor_B1_U050_R1,520.438638234,8.637941674,stop,0.500000,-3.455577612,-4.278068542,-2.243211746,-0.006255256,-0.048374008,-2.241258860,ros2_odometer_state
M19C_S1_lab_hard_floor_B1_U050_R1,520.441444900,8.640748340,stop,0.500000,-3.455577612,-4.278068542,-2.243211746,-0.004795135,-0.049068302,-2.241203785,ros2_odometer_state
M19C_S1_lab_hard_floor_B1_U050_R1,520.444226828,8.643530268,stop,0.500000,-3.455577612,-4.278068542,-2.243211746,-0.004044379,-0.049429778,-2.241210699,ros2_odometer_state
M19C_S1_lab_hard_floor_B1_U050_R1,520.445154926,8.644458366,stop,0.500000,-3.455577612,-4.278068542,-2.243211746,-0.004044379,-0.049429778,-2.241210699,ros2_odometer_state
M19C_S1_lab_hard_floor_B1_U050_R1,520.447315647,8.646619087,stop,0.500000,-3.461683273,-4.285674095,-2.241216660,-0.003271753,-0.049843863,-2.241216660,ros2_odometer_state
M19C_S1_lab_hard_floor_B1_U050_R1,520.449471376,8.648774816,stop,0.500000,-3.461683273,-4.285674095,-2.241216660,-0.001615577,-0.050853577,-2.241164684,ros2_odometer_state
M19C_S1_lab_hard_floor_B1_U050_R1,520.451432665,8.650736105,stop,0.500000,-3.461683273,-4.285674095,-2.241216660,-0.000734020,-0.051437885,-2.241082430,ros2_odometer_state
M19C_S1_lab_hard_floor_B1_U050_R1,520.453487814,8.652791254,stop,0.500000,-3.461683273,-4.285674095,-2.241216660,0.000185266,-0.052063696,-2.241055012,ros2_odometer_state
M19C_S1_lab_hard_floor_B1_U050_R1,520.455589653,8.654893093,stop,0.500000,-3.461683273,-4.285674095,-2.241216660,0.001160512,-0.052707884,-2.241113424,ros2_odometer_state
M19C_S1_lab_hard_floor_B1_U050_R1,520.456686334,8.655989774,stop,0.500000,-3.461683273,-4.285674095,-2.241216660,0.001160512,-0.052707884,-2.241113424,ros2_odometer_state
M19C_S1_lab_hard_floor_B1_U050_R1,520.459442405,8.658745845,stop,0.500000,-3.461683273,-4.285674095,-2.241216660,0.003253557,-0.054044947,-2.241381407,ros2_odometer_state
M19C_S1_lab_hard_floor_B1_U050_R1,520.461453713,8.660757153,stop,0.500000,-3.461683273,-4.285674095,-2.241216660,0.004340340,-0.054720525,-2.241508484,ros2_odometer_state
M19C_S1_lab_hard_floor_B1_U050_R1,520.464105876,8.663409316,stop,0.500000,-3.461683273,-4.285674095,-2.241216660,0.005426828,-0.055416651,-2.241580248,ros2_odometer_state
M19C_S1_lab_hard_floor_B1_U050_R1,520.465603116,8.664906556,stop,0.500000,-3.461683273,-4.285674095,-2.241216660,0.006504088,-0.056154452,-2.241557598,ros2_odometer_state
M19C_S1_lab_hard_floor_B1_U050_R1,520.467525236,8.666828676,stop,0.500000,-3.466558933,-4.296193600,-2.241557598,0.007565710,-0.056941133,-2.241434574,ros2_odometer_state
M19C_S1_lab_hard_floor_B1_U050_R1,520.469478909,8.668782349,stop,0.500000,-3.466558933,-4.296193600,-2.241557598,0.008608926,-0.057760015,-2.241227865,ros2_odometer_state
M19C_S1_lab_hard_floor_B1_U050_R1,520.471437382,8.670740822,stop,0.500000,-3.466558933,-4.296193600,-2.241557598,0.009659284,-0.058591899,-2.241010904,ros2_odometer_state
M19C_S1_lab_hard_floor_B1_U050_R1,520.473511156,8.672814596,stop,0.500000,-3.466558933,-4.296193600,-2.241557598,0.010734085,-0.059439600,-2.240818739,ros2_odometer_state
M19C_S1_lab_hard_floor_B1_U050_R1,520.475450813,8.674754253,stop,0.500000,-3.466558933,-4.296193600,-2.241557598,0.011839961,-0.060317360,-2.240617990,ros2_odometer_state
M19C_S1_lab_hard_floor_B1_U050_R1,520.477460744,8.676764184,stop,0.500000,-3.466558933,-4.296193600,-2.241557598,0.012971233,-0.061231405,-2.240361452,ros2_odometer_state
M19C_S1_lab_hard_floor_B1_U050_R1,520.479565367,8.678868807,stop,0.500000,-3.466558933,-4.296193600,-2.241557598,0.014131590,-0.062168542,-2.240048647,ros2_odometer_state
M19C_S1_lab_hard_floor_B1_U050_R1,520.484290888,8.683594328,stop,0.500000,-3.466558933,-4.296193600,-2.241557598,0.015302178,-0.063126452,-2.239710331,ros2_odometer_state
M19C_S1_lab_hard_floor_B1_U050_R1,520.485348527,8.684651967,stop,0.500000,-3.466558933,-4.296193600,-2.241557598,0.016478309,-0.064105190,-2.239357948,ros2_odometer_state
M19C_S1_lab_hard_floor_B1_U050_R1,520.486235184,8.685538624,stop,0.500000,-3.466558933,-4.296193600,-2.241557598,0.017675042,-0.065112844,-2.238962173,ros2_odometer_state
M19C_S1_lab_hard_floor_B1_U050_R1,520.486809286,8.686112726,stop,0.500000,-3.470669031,-4.307060242,-2.238962173,0.017675042,-0.065112844,-2.238962173,ros2_odometer_state
M19C_S1_lab_hard_floor_B1_U050_R1,520.489604431,8.688907871,stop,0.500000,-3.470669031,-4.307060242,-2.238962173,0.020097194,-0.067262575,-2.237991095,ros2_odometer_state
M19C_S1_lab_hard_floor_B1_U050_R1,520.491546871,8.690850311,stop,0.500000,-3.470669031,-4.307060242,-2.238962173,0.021332037,-0.068415403,-2.237437487,ros2_odometer_state
M19C_S1_lab_hard_floor_B1_U050_R1,520.493737897,8.693041337,stop,0.500000,-3.470669031,-4.307060242,-2.238962173,0.022582699,-0.069603033,-2.236874580,ros2_odometer_state
M19C_S1_lab_hard_floor_B1_U050_R1,520.494848371,8.694151811,stop,0.500000,-3.470669031,-4.307060242,-2.238962173,0.022582699,-0.069603033,-2.236874580,ros2_odometer_state
M19C_S1_lab_hard_floor_B1_U050_R1,520.497668381,8.696971821,stop,0.500000,-3.470669031,-4.307060242,-2.238962173,0.025139377,-0.072011374,-2.235784769,ros2_odometer_state
M19C_S1_lab_hard_floor_B1_U050_R1,520.498858537,8.698161977,stop,0.500000,-3.470669031,-4.307060242,-2.238962173,0.025139377,-0.072011374,-2.235784769,ros2_odometer_state
M19C_S1_lab_hard_floor_B1_U050_R1,520.500815506,8.700118946,stop,0.500000,-3.470669031,-4.307060242,-2.238962173,0.026449045,-0.073251657,-2.235165358,ros2_odometer_state
M19C_S1_lab_hard_floor_B1_U050_R1,520.505268057,8.704571497,stop,0.500000,-3.470669031,-4.307060242,-2.238962173,0.029062709,-0.075826570,-2.233559132,ros2_odometer_state
M19C_S1_lab_hard_floor_B1_U050_R1,520.507961278,8.707264718,stop,0.500000,-3.470669031,-4.307060242,-2.238962173,0.030356159,-0.077141225,-2.232620478,ros2_odometer_state
M19C_S1_lab_hard_floor_B1_U050_R1,520.509025574,8.708329014,stop,0.500000,-3.474806070,-4.317644596,-2.232620478,0.031630982,-0.078450620,-2.231615305,ros2_odometer_state
M19C_S1_lab_hard_floor_B1_U050_R1,520.509891654,8.709195094,stop,0.500000,-3.474806070,-4.317644596,-2.232620478,0.032904591,-0.079742156,-2.230531693,ros2_odometer_state
M19C_S1_lab_hard_floor_B1_U050_R1,520.510827625,8.710131065,stop,0.500000,-3.474806070,-4.317644596,-2.232620478,0.032904591,-0.079742156,-2.230531693,ros2_odometer_state
M19C_S1_lab_hard_floor_B1_U050_R1,520.512817268,8.712120708,stop,0.500000,-3.474806070,-4.317644596,-2.232620478,0.034190152,-0.081028931,-2.229390144,ros2_odometer_state
M19C_S1_lab_hard_floor_B1_U050_R1,520.514819711,8.714123151,stop,0.500000,-3.474806070,-4.317644596,-2.232620478,0.035511024,-0.082317628,-2.228226662,ros2_odometer_state
M19C_S1_lab_hard_floor_B1_U050_R1,520.517977717,8.717281157,stop,0.500000,-3.474806070,-4.317644596,-2.232620478,0.038199112,-0.084918976,-2.225975752,ros2_odometer_state
M19C_S1_lab_hard_floor_B1_U050_R1,520.518865686,8.718169126,stop,0.500000,-3.474806070,-4.317644596,-2.232620478,0.038199112,-0.084918976,-2.225975752,ros2_odometer_state
M19C_S1_lab_hard_floor_B1_U050_R1,520.521642654,8.720946094,stop,0.500000,-3.474806070,-4.317644596,-2.232620478,0.040892344,-0.087567277,-2.223635674,ros2_odometer_state
M19C_S1_lab_hard_floor_B1_U050_R1,520.523449122,8.722752562,stop,0.500000,-3.474806070,-4.317644596,-2.232620478,0.040892344,-0.087567277,-2.223635674,ros2_odometer_state
M19C_S1_lab_hard_floor_B1_U050_R1,520.524954010,8.724257450,stop,0.500000,-3.474806070,-4.317644596,-2.232620478,0.042210411,-0.088906556,-2.222328901,ros2_odometer_state
M19C_S1_lab_hard_floor_B1_U050_R1,520.526973318,8.726276758,stop,0.500000,-3.478779554,-4.329201698,-2.220932484,0.043501578,-0.090249613,-2.220932484,ros2_odometer_state
M19C_S1_lab_hard_floor_B1_U050_R1,520.528863596,8.728167036,stop,0.500000,-3.478779554,-4.329201698,-2.220932484,0.044769917,-0.091596432,-2.219467163,ros2_odometer_state
M19C_S1_lab_hard_floor_B1_U050_R1,520.531605715,8.730909155,stop,0.500000,-3.478779554,-4.329201698,-2.220932484,0.047204848,-0.094265439,-2.216346979,ros2_odometer_state
M19C_S1_lab_hard_floor_B1_U050_R1,520.533599678,8.732903118,stop,0.500000,-3.478779554,-4.329201698,-2.220932484,0.048377357,-0.095541172,-2.214660168,ros2_odometer_state
M19C_S1_lab_hard_floor_B1_U050_R1,520.535678988,8.734982428,stop,0.500000,-3.478779554,-4.329201698,-2.220932484,0.049535222,-0.096772335,-2.212880135,ros2_odometer_state
M19C_S1_lab_hard_floor_B1_U050_R1,520.537801147,8.737104587,stop,0.500000,-3.478779554,-4.329201698,-2.220932484,0.050686248,-0.097967461,-2.211045265,ros2_odometer_state
M19C_S1_lab_hard_floor_B1_U050_R1,520.539735395,8.739038835,stop,0.500000,-3.478779554,-4.329201698,-2.220932484,0.051849861,-0.099138543,-2.209187984,ros2_odometer_state
M19C_S1_lab_hard_floor_B1_U050_R1,520.541648619,8.740952059,stop,0.500000,-3.478779554,-4.329201698,-2.220932484,0.053043026,-0.100297399,-2.207366228,ros2_odometer_state
M19C_S1_lab_hard_floor_B1_U050_R1,520.544271725,8.743575165,stop,0.500000,-3.478779554,-4.329201698,-2.220932484,0.054262329,-0.101456329,-2.205627441,ros2_odometer_state
M19C_S1_lab_hard_floor_B1_U050_R1,520.545714147,8.745017587,stop,0.500000,-3.478779554,-4.329201698,-2.220932484,0.055483256,-0.102607913,-2.203934193,ros2_odometer_state
M19C_S1_lab_hard_floor_B1_U050_R1,520.546957970,8.746261410,stop,0.500000,-3.485772371,-4.339889050,-2.203934193,0.055483256,-0.102607913,-2.203934193,ros2_odometer_state
M19C_S1_lab_hard_floor_B1_U050_R1,520.549087362,8.748390802,stop,0.500000,-3.485772371,-4.339889050,-2.203934193,0.056677118,-0.103696622,-2.202210665,ros2_odometer_state
M19C_S1_lab_hard_floor_B1_U050_R1,520.551687395,8.750990835,stop,0.500000,-3.485772371,-4.339889050,-2.203934193,0.058978979,-0.105546534,-2.198357344,ros2_odometer_state
M19C_S1_lab_hard_floor_B1_U050_R1,520.553673805,8.752977245,stop,0.500000,-3.485772371,-4.339889050,-2.203934193,0.060162190,-0.106370948,-2.196268559,ros2_odometer_state
M19C_S1_lab_hard_floor_B1_U050_R1,520.555755099,8.755058539,stop,0.500000,-3.485772371,-4.339889050,-2.203934193,0.061340488,-0.107179165,-2.194214106,ros2_odometer_state
M19C_S1_lab_hard_floor_B1_U050_R1,520.556970921,8.756274361,stop,0.500000,-3.485772371,-4.339889050,-2.203934193,0.061340488,-0.107179165,-2.194214106,ros2_odometer_state
M19C_S1_lab_hard_floor_B1_U050_R1,520.559635533,8.758938973,stop,0.500000,-3.485772371,-4.339889050,-2.203934193,0.063663863,-0.108834013,-2.190528154,ros2_odometer_state
M19C_S1_lab_hard_floor_B1_U050_R1,520.561627959,8.760931399,stop,0.500000,-3.485772371,-4.339889050,-2.203934193,0.064791948,-0.109628886,-2.188983917,ros2_odometer_state
M19C_S1_lab_hard_floor_B1_U050_R1,520.563535775,8.762839215,stop,0.500000,-3.485772371,-4.339889050,-2.203934193,0.064791948,-0.109628886,-2.188983917,ros2_odometer_state
M19C_S1_lab_hard_floor_B1_U050_R1,520.565731185,8.765034625,stop,0.500000,-3.485772371,-4.339889050,-2.203934193,0.066428885,-0.110379413,-2.187916040,ros2_odometer_state
M19C_S1_lab_hard_floor_B1_U050_R1,520.567776701,8.767080141,stop,0.500000,-3.491000175,-4.347929001,-2.187916040,0.066076927,-0.110526465,-2.187982082,ros2_odometer_state
M19C_S1_lab_hard_floor_B1_U050_R1,520.568971818,8.768275258,stop,0.500000,-3.491000175,-4.347929001,-2.187916040,0.066076927,-0.110526465,-2.187982082,ros2_odometer_state
M19C_S1_lab_hard_floor_B1_U050_R1,520.570963093,8.770266533,stop,0.500000,-3.491000175,-4.347929001,-2.187916040,0.064672984,-0.110642754,-2.188323259,ros2_odometer_state
M19C_S1_lab_hard_floor_B1_U050_R1,520.573198632,8.772502072,stop,0.500000,-3.491000175,-4.347929001,-2.187916040,0.062566563,-0.110547476,-2.189204454,ros2_odometer_state
M19C_S1_lab_hard_floor_B1_U050_R1,520.576067220,8.775370660,stop,0.500000,-3.491000175,-4.347929001,-2.187916040,0.057184786,-0.109502845,-2.190423489,ros2_odometer_state
M19C_S1_lab_hard_floor_B1_U050_R1,520.577727282,8.777030722,stop,0.500000,-3.491000175,-4.347929001,-2.187916040,0.054208610,-0.108583055,-2.191278696,ros2_odometer_state
M19C_S1_lab_hard_floor_B1_U050_R1,520.578960000,8.778263440,stop,0.500000,-3.491000175,-4.347929001,-2.187916040,0.054208610,-0.108583055,-2.191278696,ros2_odometer_state
M19C_S1_lab_hard_floor_B1_U050_R1,520.581781706,8.781085146,stop,0.500000,-3.491000175,-4.347929001,-2.187916040,0.049268954,-0.105981410,-2.194481611,ros2_odometer_state
M19C_S1_lab_hard_floor_B1_U050_R1,520.584391947,8.783695387,stop,0.500000,-3.491000175,-4.347929001,-2.187916040,0.047284342,-0.104974300,-2.196238995,ros2_odometer_state
M19C_S1_lab_hard_floor_B1_U050_R1,520.585779263,8.785082703,stop,0.500000,-3.491000175,-4.347929001,-2.187916040,0.045300897,-0.104290418,-2.198105335,ros2_odometer_state
M19C_S1_lab_hard_floor_B1_U050_R1,520.587792939,8.787096379,stop,0.500000,-3.498911142,-4.349398136,-2.198105335,0.043319672,-0.103725329,-2.200335979,ros2_odometer_state
M19C_S1_lab_hard_floor_B1_U050_R1,520.589785109,8.789088549,stop,0.500000,-3.498911142,-4.349398136,-2.198105335,0.041496962,-0.103295527,-2.202603340,ros2_odometer_state
M19C_S1_lab_hard_floor_B1_U050_R1,520.591795489,8.791098929,stop,0.500000,-3.498911142,-4.349398136,-2.198105335,0.039570827,-0.103259444,-2.204632282,ros2_odometer_state
M19C_S1_lab_hard_floor_B1_U050_R1,520.593776203,8.793079643,stop,0.500000,-3.498911142,-4.349398136,-2.198105335,0.037871893,-0.103223771,-2.206349611,ros2_odometer_state
M19C_S1_lab_hard_floor_B1_U050_R1,520.594994648,8.794298088,stop,0.500000,-3.498911142,-4.349398136,-2.198105335,0.037871893,-0.103223771,-2.206349611,ros2_odometer_state
M19C_S1_lab_hard_floor_B1_U050_R1,520.596992675,8.796296115,stop,0.500000,-3.498911142,-4.349398136,-2.198105335,0.036692809,-0.103177361,-2.207766294,ros2_odometer_state
M19C_S1_lab_hard_floor_B1_U050_R1,520.599830029,8.799133469,stop,0.500000,-3.498911142,-4.349398136,-2.198105335,0.035162546,-0.103502251,-2.209672928,ros2_odometer_state
M19C_S1_lab_hard_floor_B1_U050_R1,520.602054561,8.801358001,stop,0.500000,-3.498911142,-4.349398136,-2.198105335,0.034565162,-0.103568159,-2.210423231,ros2_odometer_state
M19C_S1_lab_hard_floor_B1_U050_R1,520.604487388,8.803790828,stop,0.500000,-3.498911142,-4.349398136,-2.198105335,0.034098327,-0.103505820,-2.211180925,ros2_odometer_state
M19C_S1_lab_hard_floor_B1_U050_R1,520.605286106,8.804589546,stop,0.500000,-3.498911142,-4.349398136,-2.198105335,0.034098327,-0.103505820,-2.211180925,ros2_odometer_state
M19C_S1_lab_hard_floor_B1_U050_R1,520.607100766,8.806404206,stop,0.500000,-3.507523775,-4.346689224,-2.211925507,0.033662811,-0.103426181,-2.211925507,ros2_odometer_state
M19C_S1_lab_hard_floor_B1_U050_R1,520.610000618,8.809304058,stop,0.500000,-3.507523775,-4.346689224,-2.211925507,0.032728575,-0.103800990,-2.213974714,ros2_odometer_state
M19C_S1_lab_hard_floor_B1_U050_R1,520.611766348,8.811069788,stop,0.500000,-3.507523775,-4.346689224,-2.211925507,0.032326173,-0.104118071,-2.214492798,ros2_odometer_state
M19C_S1_lab_hard_floor_B1_U050_R1,520.613816153,8.813119593,stop,0.500000,-3.507523775,-4.346689224,-2.211925507,0.031813003,-0.104234353,-2.214375734,ros2_odometer_state
M19C_S1_lab_hard_floor_B1_U050_R1,520.615077864,8.814381304,stop,0.500000,-3.507523775,-4.346689224,-2.211925507,0.031813003,-0.104234353,-2.214375734,ros2_odometer_state
M19C_S1_lab_hard_floor_B1_U050_R1,520.617049362,8.816352802,stop,0.500000,-3.507523775,-4.346689224,-2.211925507,0.031299610,-0.104071066,-2.214216471,ros2_odometer_state
M19C_S1_lab_hard_floor_B1_U050_R1,520.619038461,8.818341901,stop,0.500000,-3.507523775,-4.346689224,-2.211925507,0.030925130,-0.103744842,-2.214193106,ros2_odometer_state
M19C_S1_lab_hard_floor_B1_U050_R1,520.621025639,8.820329079,stop,0.500000,-3.507523775,-4.346689224,-2.211925507,0.030680802,-0.103399821,-2.214158297,ros2_odometer_state
M19C_S1_lab_hard_floor_B1_U050_R1,520.624566892,8.823870332,stop,0.500000,-3.507523775,-4.346689224,-2.211925507,0.030095231,-0.103150122,-2.214402437,ros2_odometer_state
M19C_S1_lab_hard_floor_B1_U050_R1,520.626118054,8.825421494,stop,0.500000,-3.507523775,-4.346689224,-2.211925507,0.029481288,-0.103289202,-2.215087414,ros2_odometer_state
M19C_S1_lab_hard_floor_B1_U050_R1,520.628143377,8.827446817,stop,0.500000,-3.513127089,-4.350556850,-2.215087414,0.028615426,-0.103511781,-2.215799093,ros2_odometer_state
M19C_S1_lab_hard_floor_B1_U050_R1,520.629178392,8.828481832,stop,0.500000,-3.513127089,-4.350556850,-2.215087414,0.028615426,-0.103511781,-2.215799093,ros2_odometer_state
M19C_S1_lab_hard_floor_B1_U050_R1,520.631237317,8.830540757,stop,0.500000,-3.513127089,-4.350556850,-2.215087414,0.027633954,-0.103766374,-2.216176033,ros2_odometer_state
M19C_S1_lab_hard_floor_B1_U050_R1,520.633193519,8.832496959,stop,0.500000,-3.513127089,-4.350556850,-2.215087414,0.026630126,-0.104153953,-2.216048241,ros2_odometer_state
M19C_S1_lab_hard_floor_B1_U050_R1,520.635198906,8.834502346,stop,0.500000,-3.513127089,-4.350556850,-2.215087414,0.025559679,-0.104623772,-2.215572357,ros2_odometer_state
M19C_S1_lab_hard_floor_B1_U050_R1,520.637288136,8.836591576,stop,0.500000,-3.513127089,-4.350556850,-2.215087414,0.024424588,-0.104970336,-2.215186834,ros2_odometer_state
M19C_S1_lab_hard_floor_B1_U050_R1,520.639864360,8.839167800,stop,0.500000,-3.513127089,-4.350556850,-2.215087414,0.022132697,-0.104952380,-2.215078831,ros2_odometer_state
M19C_S1_lab_hard_floor_B1_U050_R1,520.641921941,8.841225381,stop,0.500000,-3.513127089,-4.350556850,-2.215087414,0.020980211,-0.104651280,-2.215046406,ros2_odometer_state
M19C_S1_lab_hard_floor_B1_U050_R1,520.643642166,8.842945606,stop,0.500000,-3.513127089,-4.350556850,-2.215087414,0.020980211,-0.104651280,-2.215046406,ros2_odometer_state
M19C_S1_lab_hard_floor_B1_U050_R1,520.646067153,8.845370593,stop,0.500000,-3.513127089,-4.350556850,-2.215087414,0.018941693,-0.103592381,-2.214977503,ros2_odometer_state
M19C_S1_lab_hard_floor_B1_U050_R1,520.651249523,8.850552963,stop,0.500000,-3.518656254,-4.353198528,-2.214977503,0.018183615,-0.102952942,-2.214958906,ros2_odometer_state
M19C_S1_lab_hard_floor_B1_U050_R1,520.652187990,8.851491430,stop,0.500000,-3.518656254,-4.353198528,-2.214977503,0.017571734,-0.102328889,-2.214984894,ros2_odometer_state
M19C_S1_lab_hard_floor_B1_U050_R1,520.653143225,8.852446665,stop,0.500000,-3.518656254,-4.353198528,-2.214977503,0.017025528,-0.101816811,-2.215060234,ros2_odometer_state
M19C_S1_lab_hard_floor_B1_U050_R1,520.653998617,8.853302057,stop,0.500000,-3.518656254,-4.353198528,-2.214977503,0.016505409,-0.101431049,-2.215156078,ros2_odometer_state
M19C_S1_lab_hard_floor_B1_U050_R1,520.656188171,8.855491611,stop,0.500000,-3.518656254,-4.353198528,-2.214977503,0.016020183,-0.101138435,-2.215217590,ros2_odometer_state
M19C_S1_lab_hard_floor_B1_U050_R1,520.657964910,8.857268350,stop,0.500000,-3.518656254,-4.353198528,-2.214977503,0.015574930,-0.100927711,-2.215305567,ros2_odometer_state
M19C_S1_lab_hard_floor_B1_U050_R1,520.659865589,8.859169029,stop,0.500000,-3.518656254,-4.353198528,-2.214977503,0.015158013,-0.100827694,-2.215491772,ros2_odometer_state
M19C_S1_lab_hard_floor_B1_U050_R1,520.661895009,8.861198449,stop,0.500000,-3.518656254,-4.353198528,-2.214977503,0.014743764,-0.100820601,-2.215689182,ros2_odometer_state
M19C_S1_lab_hard_floor_B1_U050_R1,520.664503011,8.863806451,stop,0.500000,-3.518656254,-4.353198528,-2.214977503,0.014336715,-0.100824229,-2.215842962,ros2_odometer_state
M19C_S1_lab_hard_floor_B1_U050_R1,520.665932792,8.865236232,stop,0.500000,-3.518656254,-4.353198528,-2.214977503,0.013918580,-0.100746267,-2.215970278,ros2_odometer_state
M19C_S1_lab_hard_floor_B1_U050_R1,520.667942660,8.867246100,stop,0.500000,-3.523495674,-4.354109764,-2.215970278,0.013384759,-0.100558192,-2.215995550,ros2_odometer_state
M19C_S1_lab_hard_floor_B1_U050_R1,520.669880556,8.869183996,stop,0.500000,-3.523495674,-4.354109764,-2.215970278,0.012767205,-0.100265957,-2.215990782,ros2_odometer_state
M19C_S1_lab_hard_floor_B1_U050_R1,520.671834709,8.871138149,stop,0.500000,-3.523495674,-4.354109764,-2.215970278,0.012220980,-0.099929571,-2.216197491,ros2_odometer_state
M19C_S1_lab_hard_floor_B1_U050_R1,520.673886338,8.873189778,stop,0.500000,-3.523495674,-4.354109764,-2.215970278,0.011719401,-0.099676222,-2.216663599,ros2_odometer_state
M19C_S1_lab_hard_floor_B1_U050_R1,520.675126929,8.874430369,stop,0.500000,-3.523495674,-4.354109764,-2.215970278,0.011719401,-0.099676222,-2.216663599,ros2_odometer_state
M19C_S1_lab_hard_floor_B1_U050_R1,520.678917086,8.878220526,stop,0.500000,-3.523495674,-4.354109764,-2.215970278,0.010606120,-0.099309407,-2.217701435,ros2_odometer_state
M19C_S1_lab_hard_floor_B1_U050_R1,520.679761918,8.879065358,stop,0.500000,-3.523495674,-4.354109764,-2.215970278,0.010606120,-0.099309407,-2.217701435,ros2_odometer_state
M19C_S1_lab_hard_floor_B1_U050_R1,520.681989169,8.881292609,stop,0.500000,-3.523495674,-4.354109764,-2.215970278,0.010068399,-0.099037357,-2.218067884,ros2_odometer_state
M19C_S1_lab_hard_floor_B1_U050_R1,520.683934394,8.883237834,stop,0.500000,-3.523495674,-4.354109764,-2.215970278,0.009546163,-0.098697737,-2.218402147,ros2_odometer_state
M19C_S1_lab_hard_floor_B1_U050_R1,520.686251505,8.885554945,stop,0.500000,-3.523495674,-4.354109764,-2.215970278,0.008624021,-0.098001413,-2.219229221,ros2_odometer_state
M19C_S1_lab_hard_floor_B1_U050_R1,520.688254748,8.887558188,stop,0.500000,-3.524726868,-4.353133678,-2.219229221,0.008251153,-0.097679332,-2.219664574,ros2_odometer_state
M19C_S1_lab_hard_floor_B1_U050_R1,520.690152579,8.889456019,stop,0.500000,-3.524726868,-4.353133678,-2.219229221,0.007886934,-0.097333774,-2.220041275,ros2_odometer_state
M19C_S1_lab_hard_floor_B1_U050_R1,520.691277389,8.890580829,stop,0.500000,-3.524726868,-4.353133678,-2.219229221,0.007886934,-0.097333774,-2.220041275,ros2_odometer_state
M19C_S1_lab_hard_floor_B1_U050_R1,520.693984659,8.893288099,stop,0.500000,-3.524726868,-4.353133678,-2.219229221,0.007127384,-0.096535571,-2.220700979,ros2_odometer_state
M19C_S1_lab_hard_floor_B1_U050_R1,520.695975133,8.895278573,stop,0.500000,-3.524726868,-4.353133678,-2.219229221,0.006685811,-0.096067324,-2.220996141,ros2_odometer_state
M19C_S1_lab_hard_floor_B1_U050_R1,520.697960423,8.897263863,stop,0.500000,-3.524726868,-4.353133678,-2.219229221,0.006154567,-0.095518522,-2.221286774,ros2_odometer_state
M19C_S1_lab_hard_floor_B1_U050_R1,520.699980467,8.899283907,stop,0.500000,-3.524726868,-4.353133678,-2.219229221,0.005521670,-0.094869480,-2.221558332,ros2_odometer_state
M19C_S1_lab_hard_floor_B1_U050_R1,520.701955805,8.901259245,stop,0.500000,-3.524726868,-4.353133678,-2.219229221,0.004803954,-0.094159253,-2.221799850,ros2_odometer_state
M19C_S1_lab_hard_floor_B1_U050_R1,520.703879525,8.903182965,stop,0.500000,-3.524726868,-4.353133678,-2.219229221,0.004803954,-0.094159253,-2.221799850,ros2_odometer_state
M19C_S1_lab_hard_floor_B1_U050_R1,520.706158554,8.905461994,stop,0.500000,-3.524726868,-4.353133678,-2.219229221,0.003153805,-0.092795059,-2.222181082,ros2_odometer_state
M19C_S1_lab_hard_floor_B1_U050_R1,520.708153957,8.907457397,stop,0.500000,-3.527205229,-4.351177216,-2.222181082,0.002219722,-0.092246100,-2.222430944,ros2_odometer_state
M19C_S1_lab_hard_floor_B1_U050_R1,520.710344567,8.909648007,stop,0.500000,-3.527205229,-4.351177216,-2.222181082,0.001212935,-0.091782860,-2.222744465,ros2_odometer_state
M19C_S1_lab_hard_floor_B1_U050_R1,520.712323937,8.911627377,stop,0.500000,-3.527205229,-4.351177216,-2.222181082,0.000139505,-0.091351666,-2.223064184,ros2_odometer_state
M19C_S1_lab_hard_floor_B1_U050_R1,520.714315724,8.913619164,stop,0.500000,-3.527205229,-4.351177216,-2.222181082,-0.000980117,-0.090897538,-2.223366022,ros2_odometer_state
M19C_S1_lab_hard_floor_B1_U050_R1,520.716587841,8.915891281,stop,0.500000,-3.527205229,-4.351177216,-2.222181082,-0.002154243,-0.090364538,-2.223638296,ros2_odometer_state
M19C_S1_lab_hard_floor_B1_U050_R1,520.718237855,8.917541295,stop,0.500000,-3.527205229,-4.351177216,-2.222181082,-0.003375587,-0.089754768,-2.223882198,ros2_odometer_state
M19C_S1_lab_hard_floor_B1_U050_R1,520.720292235,8.919595675,stop,0.500000,-3.527205229,-4.351177216,-2.222181082,-0.004633959,-0.089077465,-2.224080086,ros2_odometer_state
M19C_S1_lab_hard_floor_B1_U050_R1,520.722049837,8.921353277,stop,0.500000,-3.527205229,-4.351177216,-2.222181082,-0.005930549,-0.088370740,-2.224214315,ros2_odometer_state
M19C_S1_lab_hard_floor_B1_U050_R1,520.724657359,8.923960799,stop,0.500000,-3.527205229,-4.351177216,-2.222181082,-0.007287798,-0.087659389,-2.224297523,ros2_odometer_state
M19C_S1_lab_hard_floor_B1_U050_R1,520.726084260,8.925387700,stop,0.500000,-3.527205229,-4.351177216,-2.222181082,-0.008710472,-0.086976483,-2.224384546,ros2_odometer_state
M19C_S1_lab_hard_floor_B1_U050_R1,520.728184211,8.927487651,stop,0.500000,-3.529439926,-4.349410534,-2.224384546,-0.010165300,-0.086345725,-2.224532843,ros2_odometer_state
M19C_S1_lab_hard_floor_B1_U050_R1,520.730033368,8.929336808,stop,0.500000,-3.529439926,-4.349410534,-2.224384546,-0.011658592,-0.085782304,-2.224697590,ros2_odometer_state
M19C_S1_lab_hard_floor_B1_U050_R1,520.732060868,8.931364308,stop,0.500000,-3.529439926,-4.349410534,-2.224384546,-0.013192876,-0.085245498,-2.224822283,ros2_odometer_state
M19C_S1_lab_hard_floor_B1_U050_R1,520.734025998,8.933329438,stop,0.500000,-3.529439926,-4.349410534,-2.224384546,-0.014757981,-0.084705926,-2.224862576,ros2_odometer_state
M19C_S1_lab_hard_floor_B1_U050_R1,520.736076794,8.935380234,stop,0.500000,-3.529439926,-4.349410534,-2.224384546,-0.016325098,-0.084400155,-2.225138187,ros2_odometer_state
M19C_S1_lab_hard_floor_B1_U050_R1,520.738795168,8.938098608,stop,0.500000,-3.529439926,-4.349410534,-2.224384546,-0.017662395,-0.084703594,-2.226739883,ros2_odometer_state
M19C_S1_lab_hard_floor_B1_U050_R1,520.742887993,8.942191433,stop,0.500000,-3.529439926,-4.349410534,-2.224384546,-0.018357798,-0.085679650,-2.229272366,ros2_odometer_state
M19C_S1_lab_hard_floor_B1_U050_R1,520.743912352,8.943215792,stop,0.500000,-3.529439926,-4.349410534,-2.224384546,-0.018915432,-0.086984299,-2.231562853,ros2_odometer_state
M19C_S1_lab_hard_floor_B1_U050_R1,520.744948711,8.944252151,stop,0.500000,-3.529439926,-4.349410534,-2.224384546,-0.019547934,-0.088245526,-2.233400345,ros2_odometer_state
M19C_S1_lab_hard_floor_B1_U050_R1,520.746137619,8.945441059,stop,0.500000,-3.529439926,-4.349410534,-2.224384546,-0.019849973,-0.088476770,-2.234574795,ros2_odometer_state
M19C_S1_lab_hard_floor_B1_U050_R1,520.748169183,8.947472623,stop,0.500000,-3.531225920,-4.347999096,-2.234574795,-0.019802241,-0.087937661,-2.235315800,ros2_odometer_state
M19C_S1_lab_hard_floor_B1_U050_R1,520.750098951,8.949402391,stop,0.500000,-3.531225920,-4.347999096,-2.234574795,-0.019540217,-0.087248869,-2.236114264,ros2_odometer_state
M19C_S1_lab_hard_floor_B1_U050_R1,520.752066065,8.951369505,stop,0.500000,-3.531225920,-4.347999096,-2.234574795,-0.019071907,-0.086617261,-2.237324715,ros2_odometer_state
M19C_S1_lab_hard_floor_B1_U050_R1,520.754029499,8.953332939,stop,0.500000,-3.531225920,-4.347999096,-2.234574795,-0.018440658,-0.086142711,-2.238790751,ros2_odometer_state
M19C_S1_lab_hard_floor_B1_U050_R1,520.756476246,8.955779686,stop,0.500000,-3.531225920,-4.347999096,-2.234574795,-0.017802455,-0.085803568,-2.240432024,ros2_odometer_state
M19C_S1_lab_hard_floor_B1_U050_R1,520.758146037,8.957449477,stop,0.500000,-3.531225920,-4.347999096,-2.234574795,-0.017274827,-0.085432619,-2.242256403,ros2_odometer_state
M19C_S1_lab_hard_floor_B1_U050_R1,520.760101502,8.959404942,stop,0.500000,-3.531225920,-4.347999096,-2.234574795,-0.016877109,-0.084902510,-2.243908167,ros2_odometer_state
M19C_S1_lab_hard_floor_B1_U050_R1,520.762064231,8.961367671,stop,0.500000,-3.531225920,-4.347999096,-2.234574795,-0.016673056,-0.084310375,-2.245242596,ros2_odometer_state
M19C_S1_lab_hard_floor_B1_U050_R1,520.763892396,8.963195836,stop,0.500000,-3.531225920,-4.347999096,-2.234574795,-0.016673056,-0.084310375,-2.245242596,ros2_odometer_state
M19C_S1_lab_hard_floor_B1_U050_R1,520.766694677,8.965998117,stop,0.500000,-3.531225920,-4.347999096,-2.234574795,-0.016691800,-0.083418638,-2.247250795,ros2_odometer_state
M19C_S1_lab_hard_floor_B1_U050_R1,520.768208557,8.967511997,stop,0.500000,-3.533328295,-4.349290848,-2.247250795,-0.016720738,-0.083188005,-2.247969866,ros2_odometer_state
M19C_S1_lab_hard_floor_B1_U050_R1,520.770044690,8.969348130,stop,0.500000,-3.533328295,-4.349290848,-2.247250795,-0.016717007,-0.082979642,-2.248505831,ros2_odometer_state
M19C_S1_lab_hard_floor_B1_U050_R1,520.772253957,8.971557397,stop,0.500000,-3.533328295,-4.349290848,-2.247250795,-0.016683979,-0.082644463,-2.248903751,ros2_odometer_state
M19C_S1_lab_hard_floor_B1_U050_R1,520.774786244,8.974089684,stop,0.500000,-3.533328295,-4.349290848,-2.247250795,-0.016593890,-0.082089461,-2.249148130,ros2_odometer_state
M19C_S1_lab_hard_floor_B1_U050_R1,520.775457693,8.974761133,stop,0.500000,-3.533328295,-4.349290848,-2.247250795,-0.016593890,-0.082089461,-2.249148130,ros2_odometer_state
M19C_S1_lab_hard_floor_B1_U050_R1,520.778051998,8.977355438,stop,0.500000,-3.533328295,-4.349290848,-2.247250795,-0.016354363,-0.080465823,-2.249167681,ros2_odometer_state
M19C_S1_lab_hard_floor_B1_U050_R1,520.780560156,8.979863596,stop,0.500000,-3.533328295,-4.349290848,-2.247250795,-0.016234472,-0.079384886,-2.248991251,ros2_odometer_state
M19C_S1_lab_hard_floor_B1_U050_R1,520.784233861,8.983537301,stop,0.500000,-3.533328295,-4.349290848,-2.247250795,-0.016091112,-0.078183815,-2.248673201,ros2_odometer_state
M19C_S1_lab_hard_floor_B1_U050_R1,520.785351567,8.984655007,stop,0.500000,-3.533328295,-4.349290848,-2.247250795,-0.015924243,-0.076915853,-2.248148680,ros2_odometer_state
M19C_S1_lab_hard_floor_B1_U050_R1,520.785752382,8.985055822,stop,0.500000,-3.533328295,-4.349290848,-2.247250795,-0.015924243,-0.076915853,-2.248148680,ros2_odometer_state
M19C_S1_lab_hard_floor_B1_U050_R1,520.788263324,8.987566764,stop,0.500000,-3.531896353,-4.350398540,-2.247490644,-0.015704658,-0.075640827,-2.247490644,ros2_odometer_state
M19C_S1_lab_hard_floor_B1_U050_R1,520.790271335,8.989574775,stop,0.500000,-3.531896353,-4.350398540,-2.247490644,-0.015411767,-0.074433498,-2.246805429,ros2_odometer_state
M19C_S1_lab_hard_floor_B1_U050_R1,520.792851592,8.992155032,stop,0.500000,-3.531896353,-4.350398540,-2.247490644,-0.014760550,-0.072169825,-2.245337725,ros2_odometer_state
M19C_S1_lab_hard_floor_B1_U050_R1,520.794476709,8.993780149,stop,0.500000,-3.531896353,-4.350398540,-2.247490644,-0.014421700,-0.071079381,-2.244514465,ros2_odometer_state
M19C_S1_lab_hard_floor_B1_U050_R1,520.798861673,8.998165113,stop,0.500000,-3.531896353,-4.350398540,-2.247490644,-0.014131108,-0.070038348,-2.243672132,ros2_odometer_state
M19C_S1_lab_hard_floor_B1_U050_R1,520.800040309,8.999343749,stop,0.500000,-3.531896353,-4.350398540,-2.247490644,-0.013919683,-0.069043234,-2.242847681,ros2_odometer_state
M19C_S1_lab_hard_floor_B1_U050_R1,520.800942167,9.000245607,stop,0.500000,-3.531896353,-4.350398540,-2.247490644,-0.013771084,-0.068059586,-2.242076159,ros2_odometer_state
M19C_S1_lab_hard_floor_B1_U050_R1,520.802260840,9.001564280,stop,0.500000,-3.531896353,-4.350398540,-2.247490644,-0.013669218,-0.067038447,-2.241345406,ros2_odometer_state
M19C_S1_lab_hard_floor_B1_U050_R1,520.804159791,9.003463231,stop,0.500000,-3.531896353,-4.350398540,-2.247490644,-0.013669218,-0.067038447,-2.241345406,ros2_odometer_state
M19C_S1_lab_hard_floor_B1_U050_R1,520.806287871,9.005591311,stop,0.500000,-3.531896353,-4.350398540,-2.247490644,-0.013554467,-0.065022424,-2.240021229,ros2_odometer_state
M19C_S1_lab_hard_floor_B1_U050_R1,520.810239219,9.009542659,stop,0.500000,-3.531896353,-4.350398540,-2.240021229,-0.013483948,-0.064045623,-2.239421844,ros2_odometer_state
M19C_S1_lab_hard_floor_B1_U050_R1,520.812449254,9.011752694,stop,0.500000,-3.531896353,-4.350398540,-2.240021229,-0.013335177,-0.063079685,-2.238812208,ros2_odometer_state
M19C_S1_lab_hard_floor_B1_U050_R1,520.814783037,9.014086477,stop,0.500000,-3.531896353,-4.350398540,-2.240021229,-0.013110747,-0.062162280,-2.238182783,ros2_odometer_state
M19C_S1_lab_hard_floor_B1_U050_R1,520.816694437,9.015997877,stop,0.500000,-3.531896353,-4.350398540,-2.240021229,-0.013110747,-0.062162280,-2.238182783,ros2_odometer_state
M19C_S1_lab_hard_floor_B1_U050_R1,520.818033175,9.017336615,stop,0.500000,-3.531896353,-4.350398540,-2.240021229,-0.012552073,-0.060378097,-2.237225056,ros2_odometer_state
M19C_S1_lab_hard_floor_B1_U050_R1,520.818883671,9.018187111,stop,0.500000,-3.531896353,-4.350398540,-2.240021229,-0.011993458,-0.058541592,-2.236657381,ros2_odometer_state
M19C_S1_lab_hard_floor_B1_U050_R1,520.819465421,9.018768861,stop,0.500000,-3.531896353,-4.350398540,-2.240021229,-0.011993458,-0.058541592,-2.236657381,ros2_odometer_state
M19C_S1_lab_hard_floor_B1_U050_R1,520.821425334,9.020728774,stop,0.500000,-3.531896353,-4.350398540,-2.240021229,-0.011993458,-0.058541592,-2.236657381,ros2_odometer_state
M19C_S1_lab_hard_floor_B1_U050_R1,520.824906968,9.024210408,stop,0.500000,-3.531896353,-4.350398540,-2.240021229,-0.011718604,-0.057702426,-2.236365557,ros2_odometer_state
M19C_S1_lab_hard_floor_B1_U050_R1,520.826428721,9.025732161,stop,0.500000,-3.531896353,-4.350398540,-2.240021229,-0.011075391,-0.056386083,-2.235801458,ros2_odometer_state
M19C_S1_lab_hard_floor_B1_U050_R1,520.828317432,9.027620872,stop,0.500000,-3.531274557,-4.348254681,-2.235801458,-0.010359864,-0.055314660,-2.235552073,ros2_odometer_state
M19C_S1_lab_hard_floor_B1_U050_R1,520.830128028,9.029431468,stop,0.500000,-3.531274557,-4.348254681,-2.235801458,-0.010046005,-0.054857742,-2.235486746,ros2_odometer_state
M19C_S1_lab_hard_floor_B1_U050_R1,520.832164872,9.031468312,stop,0.500000,-3.531274557,-4.348254681,-2.235801458,-0.009723796,-0.054437436,-2.235456944,ros2_odometer_state
M19C_S1_lab_hard_floor_B1_U050_R1,520.834147186,9.033450626,stop,0.500000,-3.531274557,-4.348254681,-2.235801458,-0.009351656,-0.054023188,-2.235518932,ros2_odometer_state
M19C_S1_lab_hard_floor_B1_U050_R1,520.836195519,9.035498959,stop,0.500000,-3.531274557,-4.348254681,-2.235801458,-0.008914529,-0.053571820,-2.235697746,ros2_odometer_state
M19C_S1_lab_hard_floor_B1_U050_R1,520.838377105,9.037680545,stop,0.500000,-3.531274557,-4.348254681,-2.235801458,-0.008442515,-0.053088099,-2.235896111,ros2_odometer_state
M19C_S1_lab_hard_floor_B1_U050_R1,520.840343802,9.039647242,stop,0.500000,-3.531274557,-4.348254681,-2.235801458,-0.007977659,-0.052598715,-2.236000061,ros2_odometer_state
M19C_S1_lab_hard_floor_B1_U050_R1,520.841652203,9.040955643,stop,0.500000,-3.531274557,-4.348254681,-2.235801458,-0.007977659,-0.052598715,-2.236000061,ros2_odometer_state
M19C_S1_lab_hard_floor_B1_U050_R1,520.845403288,9.044706728,stop,0.500000,-3.531274557,-4.348254681,-2.235801458,-0.007029959,-0.051408947,-2.236585617,ros2_odometer_state
M19C_S1_lab_hard_floor_B1_U050_R1,520.845716643,9.045020083,stop,0.500000,-3.531274557,-4.348254681,-2.235801458,-0.007029959,-0.051408947,-2.236585617,ros2_odometer_state
M19C_S1_lab_hard_floor_B1_U050_R1,520.848329157,9.047632597,stop,0.500000,-3.533174515,-4.350784779,-2.237080097,-0.005989357,-0.049957953,-2.237448454,ros2_odometer_state
M19C_S1_lab_hard_floor_B1_U050_R1,520.850263342,9.049566782,stop,0.500000,-3.533174515,-4.350784779,-2.237080097,-0.005473073,-0.049307775,-2.237649202,ros2_odometer_state
M19C_S1_lab_hard_floor_B1_U050_R1,520.852168853,9.051472293,stop,0.500000,-3.533174515,-4.350784779,-2.237080097,-0.004983226,-0.048714876,-2.237699986,ros2_odometer_state
M19C_S1_lab_hard_floor_B1_U050_R1,520.854134527,9.053437967,stop,0.500000,-3.533174515,-4.350784779,-2.237080097,-0.004491282,-0.048196066,-2.237612247,ros2_odometer_state
M19C_S1_lab_hard_floor_B1_U050_R1,520.856871397,9.056174837,stop,0.500000,-3.533174515,-4.350784779,-2.237080097,-0.003995446,-0.047751937,-2.237413168,ros2_odometer_state
M19C_S1_lab_hard_floor_B1_U050_R1,520.857686179,9.056989619,stop,0.500000,-3.533174515,-4.350784779,-2.237080097,-0.003995446,-0.047751937,-2.237413168,ros2_odometer_state
M19C_S1_lab_hard_floor_B1_U050_R1,520.860528334,9.059831774,stop,0.500000,-3.533174515,-4.350784779,-2.237080097,-0.002897855,-0.046779048,-2.236937523,ros2_odometer_state
M19C_S1_lab_hard_floor_B1_U050_R1,520.862218637,9.061522077,stop,0.500000,-3.533174515,-4.350784779,-2.237080097,-0.002233099,-0.046191294,-2.236803055,ros2_odometer_state
M19C_S1_lab_hard_floor_B1_U050_R1,520.864156214,9.063459654,stop,0.500000,-3.533174515,-4.350784779,-2.237080097,-0.002233099,-0.046191294,-2.236803055,ros2_odometer_state
M19C_S1_lab_hard_floor_B1_U050_R1,520.866253540,9.065556980,stop,0.500000,-3.533174515,-4.350784779,-2.237080097,-0.000772304,-0.044897344,-2.236606121,ros2_odometer_state
M19C_S1_lab_hard_floor_B1_U050_R1,520.868713184,9.068016624,stop,0.500000,-3.533174515,-4.350784779,-2.236606121,-0.000031918,-0.044254448,-2.236374855,ros2_odometer_state
M19C_S1_lab_hard_floor_B1_U050_R1,520.870573414,9.069876854,stop,0.500000,-3.533174515,-4.350784779,-2.236606121,0.000718006,-0.043622863,-2.236014605,ros2_odometer_state
M19C_S1_lab_hard_floor_B1_U050_R1,520.873413904,9.072717344,stop,0.500000,-3.533174515,-4.350784779,-2.236606121,0.001473278,-0.043007914,-2.235548019,ros2_odometer_state
M19C_S1_lab_hard_floor_B1_U050_R1,520.874910888,9.074214328,stop,0.500000,-3.533174515,-4.350784779,-2.236606121,0.002240410,-0.042417388,-2.235030413,ros2_odometer_state
M19C_S1_lab_hard_floor_B1_U050_R1,520.876236058,9.075539498,stop,0.500000,-3.533174515,-4.350784779,-2.236606121,0.003033509,-0.041813616,-2.234481573,ros2_odometer_state
M19C_S1_lab_hard_floor_B1_U050_R1,520.878968736,9.078272176,stop,0.500000,-3.533174515,-4.350784779,-2.236606121,0.003863438,-0.041196018,-2.233893394,ros2_odometer_state
M19C_S1_lab_hard_floor_B1_U050_R1,520.882104374,9.081407814,stop,0.500000,-3.533174515,-4.350784779,-2.236606121,0.004728238,-0.040562741,-2.233274221,ros2_odometer_state
M19C_S1_lab_hard_floor_B1_U050_R1,520.882992983,9.082296423,stop,0.500000,-3.533174515,-4.350784779,-2.236606121,0.005640838,-0.039874308,-2.232673883,ros2_odometer_state
M19C_S1_lab_hard_floor_B1_U050_R1,520.884355274,9.083658714,stop,0.500000,-3.533174515,-4.350784779,-2.236606121,0.005640838,-0.039874308,-2.232673883,ros2_odometer_state
M19C_S1_lab_hard_floor_B1_U050_R1,520.886461369,9.085764809,stop,0.500000,-3.533174515,-4.350784779,-2.236606121,0.007656204,-0.038229540,-2.231592655,ros2_odometer_state
M19C_S1_lab_hard_floor_B1_U050_R1,520.888419202,9.087722642,stop,0.500000,-3.535184145,-4.353468418,-2.231592655,0.008748602,-0.037329275,-2.231026649,ros2_odometer_state
M19C_S1_lab_hard_floor_B1_U050_R1,520.889549068,9.088852508,stop,0.500000,-3.535184145,-4.353468418,-2.231592655,0.008748602,-0.037329275,-2.231026649,ros2_odometer_state
M19C_S1_lab_hard_floor_B1_U050_R1,520.892263346,9.091566786,stop,0.500000,-3.535184145,-4.353468418,-2.231592655,0.011071912,-0.035548206,-2.229896307,ros2_odometer_state
M19C_S1_lab_hard_floor_B1_U050_R1,520.893571747,9.092875187,stop,0.500000,-3.535184145,-4.353468418,-2.231592655,0.011071912,-0.035548206,-2.229896307,ros2_odometer_state
M19C_S1_lab_hard_floor_B1_U050_R1,520.896585204,9.095888644,stop,0.500000,-3.535184145,-4.353468418,-2.231592655,0.013511393,-0.033774167,-2.228833675,ros2_odometer_state
M19C_S1_lab_hard_floor_B1_U050_R1,520.898254546,9.097557986,stop,0.500000,-3.535184145,-4.353468418,-2.231592655,0.014762420,-0.032880578,-2.228372097,ros2_odometer_state
M19C_S1_lab_hard_floor_B1_U050_R1,520.899581540,9.098884980,stop,0.500000,-3.535184145,-4.353468418,-2.231592655,0.014762420,-0.032880578,-2.228372097,ros2_odometer_state
M19C_S1_lab_hard_floor_B1_U050_R1,520.902241544,9.101544984,stop,0.500000,-3.535184145,-4.353468418,-2.231592655,0.017399874,-0.031123312,-2.227654934,ros2_odometer_state
M19C_S1_lab_hard_floor_B1_U050_R1,520.905165397,9.104468837,stop,0.500000,-3.535184145,-4.353468418,-2.231592655,0.018807899,-0.030263558,-2.227376223,ros2_odometer_state
M19C_S1_lab_hard_floor_B1_U050_R1,520.905828078,9.105131518,stop,0.500000,-3.535184145,-4.353468418,-2.231592655,0.018807899,-0.030263558,-2.227376223,ros2_odometer_state
M19C_S1_lab_hard_floor_B1_U050_R1,520.911047569,9.110351009,stop,0.500000,-3.534444332,-4.354025841,-2.227122545,0.021754840,-0.028519148,-2.226885080,ros2_odometer_state
M19C_S1_lab_hard_floor_B1_U050_R1,520.913111775,9.112415215,stop,0.500000,-3.534444332,-4.354025841,-2.227122545,0.023061112,-0.027572274,-2.226771355,ros2_odometer_state
M19C_S1_lab_hard_floor_B1_U050_R1,520.914279530,9.113582970,stop,0.500000,-3.534444332,-4.354025841,-2.227122545,0.024006113,-0.026622459,-2.226695299,ros2_odometer_state
M19C_S1_lab_hard_floor_B1_U050_R1,520.915153451,9.114456891,stop,0.500000,-3.534444332,-4.354025841,-2.227122545,0.024616582,-0.025812138,-2.226273298,ros2_odometer_state
M19C_S1_lab_hard_floor_B1_U050_R1,520.915649822,9.114953262,stop,0.500000,-3.534444332,-4.354025841,-2.227122545,0.024616582,-0.025812138,-2.226273298,ros2_odometer_state
M19C_S1_lab_hard_floor_B1_U050_R1,520.918386180,9.117689620,stop,0.500000,-3.534444332,-4.354025841,-2.227122545,0.024952127,-0.024679398,-2.224589825,ros2_odometer_state
M19C_S1_lab_hard_floor_B1_U050_R1,520.920493459,9.119796899,stop,0.500000,-3.534444332,-4.354025841,-2.227122545,0.024807407,-0.024393639,-2.223908663,ros2_odometer_state
M19C_S1_lab_hard_floor_B1_U050_R1,520.922840555,9.122143995,stop,0.500000,-3.534444332,-4.354025841,-2.227122545,0.024517607,-0.024208270,-2.223280668,ros2_odometer_state
M19C_S1_lab_hard_floor_B1_U050_R1,520.925229252,9.124532692,stop,0.500000,-3.534444332,-4.354025841,-2.227122545,0.024051227,-0.023926696,-2.222518921,ros2_odometer_state
M19C_S1_lab_hard_floor_B1_U050_R1,520.925853020,9.125156460,stop,0.500000,-3.534444332,-4.354025841,-2.227122545,0.024051227,-0.023926696,-2.222518921,ros2_odometer_state
M19C_S1_lab_hard_floor_B1_U050_R1,520.927985259,9.127288699,stop,0.500000,-3.533495665,-4.354745865,-2.221642256,0.023410689,-0.023447547,-2.221642256,ros2_odometer_state
M19C_S1_lab_hard_floor_B1_U050_R1,520.929872562,9.129176002,stop,0.500000,-3.533495665,-4.354745865,-2.221642256,0.022851553,-0.022760335,-2.220843792,ros2_odometer_state
M19C_S1_lab_hard_floor_B1_U050_R1,520.931920191,9.131223631,stop,0.500000,-3.533495665,-4.354745865,-2.221642256,0.022545191,-0.021955026,-2.220108747,ros2_odometer_state
M19C_S1_lab_hard_floor_B1_U050_R1,520.933696897,9.133000337,stop,0.500000,-3.533495665,-4.354745865,-2.221642256,0.022375263,-0.021162964,-2.219323158,ros2_odometer_state
M19C_S1_lab_hard_floor_B1_U050_R1,520.935690220,9.134993660,stop,0.500000,-3.533495665,-4.354745865,-2.221642256,0.022181818,-0.020503527,-2.218469858,ros2_odometer_state
M19C_S1_lab_hard_floor_B1_U050_R1,520.937921631,9.137225071,stop,0.500000,-3.533495665,-4.354745865,-2.221642256,0.021917520,-0.019987661,-2.217787504,ros2_odometer_state
M19C_S1_lab_hard_floor_B1_U050_R1,520.940390492,9.139693932,stop,0.500000,-3.533495665,-4.354745865,-2.221642256,0.021611772,-0.019560101,-2.217378616,ros2_odometer_state
M19C_S1_lab_hard_floor_B1_U050_R1,520.943728249,9.143031689,stop,0.500000,-3.533495665,-4.354745865,-2.221642256,0.021337973,-0.019200176,-2.217054129,ros2_odometer_state
M19C_S1_lab_hard_floor_B1_U050_R1,520.944826178,9.144129618,stop,0.500000,-3.533495665,-4.354745865,-2.221642256,0.021100873,-0.018898845,-2.216621399,ros2_odometer_state
M19C_S1_lab_hard_floor_B1_U050_R1,520.945902122,9.145205562,stop,0.500000,-3.533495665,-4.354745865,-2.221642256,0.020868894,-0.018610885,-2.216088772,ros2_odometer_state
M19C_S1_lab_hard_floor_B1_U050_R1,520.948870425,9.148173865,stop,0.500000,-3.539228678,-4.355481625,-2.215603590,0.020433778,-0.017906705,-2.215313911,ros2_odometer_state
M19C_S1_lab_hard_floor_B1_U050_R1,520.949902560,9.149206000,stop,0.500000,-3.539228678,-4.355481625,-2.215603590,0.020433778,-0.017906705,-2.215313911,ros2_odometer_state
M19C_S1_lab_hard_floor_B1_U050_R1,520.951924108,9.151227548,stop,0.500000,-3.539228678,-4.355481625,-2.215603590,0.020267325,-0.017473942,-2.215186834,ros2_odometer_state
M19C_S1_lab_hard_floor_B1_U050_R1,520.953904854,9.153208294,stop,0.500000,-3.539228678,-4.355481625,-2.215603590,0.020106215,-0.016936235,-2.215033531,ros2_odometer_state
M19C_S1_lab_hard_floor_B1_U050_R1,520.956220621,9.155524061,stop,0.500000,-3.539228678,-4.355481625,-2.215603590,0.019922053,-0.016260240,-2.214810371,ros2_odometer_state
M19C_S1_lab_hard_floor_B1_U050_R1,520.958862640,9.158166080,stop,0.500000,-3.539228678,-4.355481625,-2.215603590,0.019588280,-0.014834181,-2.214772701,ros2_odometer_state
M19C_S1_lab_hard_floor_B1_U050_R1,520.960948670,9.160252110,stop,0.500000,-3.539228678,-4.355481625,-2.215603590,0.019462809,-0.014210802,-2.215077877,ros2_odometer_state
M19C_S1_lab_hard_floor_B1_U050_R1,520.961917282,9.161220722,stop,0.500000,-3.539228678,-4.355481625,-2.215603590,0.019462809,-0.014210802,-2.215077877,ros2_odometer_state
M19C_S1_lab_hard_floor_B1_U050_R1,520.964457601,9.163761041,stop,0.500000,-3.539228678,-4.355481625,-2.215603590,0.019311596,-0.013667567,-2.215379238,ros2_odometer_state
M19C_S1_lab_hard_floor_B1_U050_R1,520.966038620,9.165342060,stop,0.500000,-3.539228678,-4.355481625,-2.215603590,0.019078819,-0.013169856,-2.215556383,ros2_odometer_state
M19C_S1_lab_hard_floor_B1_U050_R1,520.967966596,9.167270036,stop,0.500000,-3.543644428,-4.356101513,-2.215710402,0.018775053,-0.012700742,-2.215710402,ros2_odometer_state
M19C_S1_lab_hard_floor_B1_U050_R1,520.970522180,9.169825620,stop,0.500000,-3.543644428,-4.356101513,-2.215710402,0.018233513,-0.011897407,-2.216175318,ros2_odometer_state
M19C_S1_lab_hard_floor_B1_U050_R1,520.973739677,9.173043117,stop,0.500000,-3.543644428,-4.356101513,-2.215710402,0.018035794,-0.011497509,-2.216377258,ros2_odometer_state
M19C_S1_lab_hard_floor_B1_U050_R1,520.974649599,9.173953039,stop,0.500000,-3.543644428,-4.356101513,-2.215710402,0.017915763,-0.011098476,-2.216541290,ros2_odometer_state
M19C_S1_lab_hard_floor_B1_U050_R1,520.977335043,9.176638483,stop,0.500000,-3.543644428,-4.356101513,-2.215710402,0.017915763,-0.011098476,-2.216541290,ros2_odometer_state
M19C_S1_lab_hard_floor_B1_U050_R1,520.978508463,9.177811903,stop,0.500000,-3.543644428,-4.356101513,-2.215710402,0.017867548,-0.010720142,-2.216762543,ros2_odometer_state
M19C_S1_lab_hard_floor_B1_U050_R1,520.979732189,9.179035629,stop,0.500000,-3.543644428,-4.356101513,-2.215710402,0.017906623,-0.010326323,-2.217060804,ros2_odometer_state
M19C_S1_lab_hard_floor_B1_U050_R1,520.983180318,9.182483758,stop,0.500000,-3.543644428,-4.356101513,-2.215710402,0.018282969,-0.009506190,-2.217595339,ros2_odometer_state
M19C_S1_lab_hard_floor_B1_U050_R1,520.984455502,9.183758942,stop,0.500000,-3.543644428,-4.356101513,-2.215710402,0.018282969,-0.009506190,-2.217595339,ros2_odometer_state
M19C_S1_lab_hard_floor_B1_U050_R1,520.986788005,9.186091445,stop,0.500000,-3.543644428,-4.356101513,-2.215710402,0.018803691,-0.008659645,-2.218084574,ros2_odometer_state
M19C_S1_lab_hard_floor_B1_U050_R1,520.988882067,9.188185507,stop,0.500000,-3.546973228,-4.357176304,-2.218084574,0.019070178,-0.008271653,-2.218350410,ros2_odometer_state
M19C_S1_lab_hard_floor_B1_U050_R1,520.989832119,9.189135559,stop,0.500000,-3.546973228,-4.357176304,-2.218084574,0.019070178,-0.008271653,-2.218350410,ros2_odometer_state
M19C_S1_lab_hard_floor_B1_U050_R1,520.991824162,9.191127602,stop,0.500000,-3.546973228,-4.357176304,-2.218084574,0.019350270,-0.007900369,-2.218612671,ros2_odometer_state
M19C_S1_lab_hard_floor_B1_U050_R1,520.994944502,9.194247942,stop,0.500000,-3.546973228,-4.357176304,-2.218084574,0.019870037,-0.007177813,-2.219148874,ros2_odometer_state
M19C_S1_lab_hard_floor_B1_U050_R1,520.996705240,9.196008680,stop,0.500000,-3.546973228,-4.357176304,-2.218084574,0.020111563,-0.006802269,-2.219420195,ros2_odometer_state
M19C_S1_lab_hard_floor_B1_U050_R1,520.998762181,9.198065621,stop,0.500000,-3.546973228,-4.357176304,-2.218084574,0.020355409,-0.006415433,-2.219682217,ros2_odometer_state
M19C_S1_lab_hard_floor_B1_U050_R1,521.000974264,9.200277704,stop,0.500000,-3.546973228,-4.357176304,-2.218084574,0.020618526,-0.006040958,-2.219952822,ros2_odometer_state
M19C_S1_lab_hard_floor_B1_U050_R1,521.002848958,9.202152398,stop,0.500000,-3.546973228,-4.357176304,-2.218084574,0.020888897,-0.005701414,-2.220250607,ros2_odometer_state
M19C_S1_lab_hard_floor_B1_U050_R1,521.004493660,9.203797100,stop,0.500000,-3.546973228,-4.357176304,-2.218084574,0.020888897,-0.005701414,-2.220250607,ros2_odometer_state
M19C_S1_lab_hard_floor_B1_U050_R1,521.006842964,9.206146404,stop,0.500000,-3.546973228,-4.357176304,-2.218084574,0.021412086,-0.005113580,-2.220859528,ros2_odometer_state
M19C_S1_lab_hard_floor_B1_U050_R1,521.007912988,9.207216428,stop,0.500000,-3.549865246,-4.360928535,-2.220859528,0.021412086,-0.005113580,-2.220859528,ros2_odometer_state
M19C_S1_lab_hard_floor_B1_U050_R1,521.010130831,9.209434271,stop,0.500000,-3.549865246,-4.360928535,-2.220859528,0.021653896,-0.004886981,-2.221146822,ros2_odometer_state
M19C_S1_lab_hard_floor_B1_U050_R1,521.012924248,9.212227688,stop,0.500000,-3.549865246,-4.360928535,-2.220859528,0.022127297,-0.004577389,-2.221753120,ros2_odometer_state
M19C_S1_lab_hard_floor_B1_U050_R1,521.014894241,9.214197681,stop,0.500000,-3.549865246,-4.360928535,-2.220859528,0.022417668,-0.004458480,-2.222071171,ros2_odometer_state
M19C_S1_lab_hard_floor_B1_U050_R1,521.015980298,9.215283738,stop,0.500000,-3.549865246,-4.360928535,-2.220859528,0.022417668,-0.004458480,-2.222071171,ros2_odometer_state
M19C_S1_lab_hard_floor_B1_U050_R1,521.018091513,9.217394953,stop,0.500000,-3.549865246,-4.360928535,-2.220859528,0.022757901,-0.004323408,-2.222401142,ros2_odometer_state
M19C_S1_lab_hard_floor_B1_U050_R1,521.020967013,9.220270453,stop,0.500000,-3.549865246,-4.360928535,-2.220859528,0.023460381,-0.004049468,-2.222985506,ros2_odometer_state
M19C_S1_lab_hard_floor_B1_U050_R1,521.021812036,9.221115476,stop,0.500000,-3.549865246,-4.360928535,-2.220859528,0.023460381,-0.004049468,-2.222985506,ros2_odometer_state
M19C_S1_lab_hard_floor_B1_U050_R1,521.025296295,9.224599735,stop,0.500000,-3.549865246,-4.360928535,-2.220859528,0.024153097,-0.003885920,-2.223421812,ros2_odometer_state
M19C_S1_lab_hard_floor_B1_U050_R1,521.025947263,9.225250703,stop,0.500000,-3.549865246,-4.360928535,-2.220859528,0.024153097,-0.003885920,-2.223421812,ros2_odometer_state
M19C_S1_lab_hard_floor_B1_U050_R1,521.029023762,9.228327202,stop,0.500000,-3.550889254,-4.364652157,-2.223630190,0.024838993,-0.003780473,-2.223856688,ros2_odometer_state
M19C_S1_lab_hard_floor_B1_U050_R1,521.030027960,9.229331400,stop,0.500000,-3.550889254,-4.364652157,-2.223630190,0.024838993,-0.003780473,-2.223856688,ros2_odometer_state
M19C_S1_lab_hard_floor_B1_U050_R1,521.031816347,9.231119787,stop,0.500000,-3.550889254,-4.364652157,-2.223630190,0.025170049,-0.003736895,-2.224105835,ros2_odometer_state
M19C_S1_lab_hard_floor_B1_U050_R1,521.034582562,9.233886002,stop,0.500000,-3.550889254,-4.364652157,-2.223630190,0.025735304,-0.003697208,-2.224591017,ros2_odometer_state
M19C_S1_lab_hard_floor_B1_U050_R1,521.036882041,9.236185481,stop,0.500000,-3.550889254,-4.364652157,-2.223630190,0.025969995,-0.003714294,-2.224845648,ros2_odometer_state
M19C_S1_lab_hard_floor_B1_U050_R1,521.038932293,9.238235733,stop,0.500000,-3.550889254,-4.364652157,-2.223630190,0.026179735,-0.003750945,-2.225098133,ros2_odometer_state
M19C_S1_lab_hard_floor_B1_U050_R1,521.040846253,9.240149693,stop,0.500000,-3.550889254,-4.364652157,-2.223630190,0.026371395,-0.003796772,-2.225308180,ros2_odometer_state
M19C_S1_lab_hard_floor_B1_U050_R1,521.042673745,9.241977185,stop,0.500000,-3.550889254,-4.364652157,-2.223630190,0.026551271,-0.003843707,-2.225471497,ros2_odometer_state
M19C_S1_lab_hard_floor_B1_U050_R1,521.046113170,9.245416610,stop,0.500000,-3.550889254,-4.364652157,-2.223630190,0.026712053,-0.003875628,-2.225621700,ros2_odometer_state
M19C_S1_lab_hard_floor_B1_U050_R1,521.047022196,9.246325636,stop,0.500000,-3.550889254,-4.364652157,-2.223630190,0.026856847,-0.003909514,-2.225772142,ros2_odometer_state
M19C_S1_lab_hard_floor_B1_U050_R1,521.049001886,9.248305326,stop,0.500000,-3.552371502,-4.368611813,-2.225772142,0.027003732,-0.003961092,-2.225897074,ros2_odometer_state
M19C_S1_lab_hard_floor_B1_U050_R1,521.050936647,9.250240087,stop,0.500000,-3.552371502,-4.368611813,-2.225772142,0.027160982,-0.004020924,-2.225985050,ros2_odometer_state
M19C_S1_lab_hard_floor_B1_U050_R1,521.052908273,9.252211713,stop,0.500000,-3.552371502,-4.368611813,-2.225772142,0.027323790,-0.004067509,-2.226046324,ros2_odometer_state
M19C_S1_lab_hard_floor_B1_U050_R1,521.054626065,9.253929505,stop,0.500000,-3.552371502,-4.368611813,-2.225772142,0.027323790,-0.004067509,-2.226046324,ros2_odometer_state
M19C_S1_lab_hard_floor_B1_U050_R1,521.055963875,9.255267315,stop,0.500000,-3.552371502,-4.368611813,-2.225772142,0.027492294,-0.004096081,-2.226095676,ros2_odometer_state
M19C_S1_lab_hard_floor_B1_U050_R1,521.058842895,9.258146335,stop,0.500000,-3.552371502,-4.368611813,-2.225772142,0.027889663,-0.004154654,-2.226180315,ros2_odometer_state
M19C_S1_lab_hard_floor_B1_U050_R1,521.060035099,9.259338539,stop,0.500000,-3.552371502,-4.368611813,-2.225772142,0.027889663,-0.004154654,-2.226180315,ros2_odometer_state
M19C_S1_lab_hard_floor_B1_U050_R1,521.062927464,9.262230904,stop,0.500000,-3.552371502,-4.368611813,-2.225772142,0.028352125,-0.004254090,-2.226284266,ros2_odometer_state
M19C_S1_lab_hard_floor_B1_U050_R1,521.065289952,9.264593392,stop,0.500000,-3.552371502,-4.368611813,-2.225772142,0.028564788,-0.004328583,-2.226354122,ros2_odometer_state
M19C_S1_lab_hard_floor_B1_U050_R1,521.066955134,9.266258574,stop,0.500000,-3.552371502,-4.368611813,-2.225772142,0.028760659,-0.004423107,-2.226418972,ros2_odometer_state
M19C_S1_lab_hard_floor_B1_U050_R1,521.068090793,9.267394233,stop,0.500000,-3.556075335,-4.373475075,-2.226418972,0.028760659,-0.004423107,-2.226418972,ros2_odometer_state
M19C_S1_lab_hard_floor_B1_U050_R1,521.069865803,9.269169243,stop,0.500000,-3.556075335,-4.373475075,-2.226418972,0.028949752,-0.004524639,-2.226504087,ros2_odometer_state
M19C_S1_lab_hard_floor_B1_U050_R1,521.072681077,9.271984517,stop,0.500000,-3.556075335,-4.373475075,-2.226418972,0.029311508,-0.004748152,-2.226736069,ros2_odometer_state
M19C_S1_lab_hard_floor_B1_U050_R1,521.074650719,9.273954159,stop,0.500000,-3.556075335,-4.373475075,-2.226418972,0.029469982,-0.004856537,-2.226867199,ros2_odometer_state
M19C_S1_lab_hard_floor_B1_U050_R1,521.076681611,9.275985051,stop,0.500000,-3.556075335,-4.373475075,-2.226418972,0.029612325,-0.004957165,-2.227001190,ros2_odometer_state
M19C_S1_lab_hard_floor_B1_U050_R1,521.078862300,9.278165740,stop,0.500000,-3.556075335,-4.373475075,-2.226418972,0.029738240,-0.005047849,-2.227131844,ros2_odometer_state
M19C_S1_lab_hard_floor_B1_U050_R1,521.080792325,9.280095765,stop,0.500000,-3.556075335,-4.373475075,-2.226418972,0.029846499,-0.005132854,-2.227240086,ros2_odometer_state
M19C_S1_lab_hard_floor_B1_U050_R1,521.081910286,9.281213726,stop,0.500000,-3.556075335,-4.373475075,-2.226418972,0.029846499,-0.005132854,-2.227240086,ros2_odometer_state
M19C_S1_lab_hard_floor_B1_U050_R1,521.084567250,9.283870690,stop,0.500000,-3.556075335,-4.373475075,-2.226418972,0.029940663,-0.005205345,-2.227332115,ros2_odometer_state
M19C_S1_lab_hard_floor_B1_U050_R1,521.086771428,9.286074868,stop,0.500000,-3.556075335,-4.373475075,-2.226418972,0.030096179,-0.005326732,-2.227536678,ros2_odometer_state
M19C_S1_lab_hard_floor_B1_U050_R1,521.088859891,9.288163331,stop,0.500000,-3.558995008,-4.377306461,-2.227536678,0.030158015,-0.005379624,-2.227658510,ros2_odometer_state
M19C_S1_lab_hard_floor_B1_U050_R1,521.090768858,9.290072298,stop,0.500000,-3.558995008,-4.377306461,-2.227536678,0.030207347,-0.005419163,-2.227791309,ros2_odometer_state
M19C_S1_lab_hard_floor_B1_U050_R1,521.092958156,9.292261596,stop,0.500000,-3.558995008,-4.377306461,-2.227536678,0.030252911,-0.005445290,-2.227946043,ros2_odometer_state
M19C_S1_lab_hard_floor_B1_U050_R1,521.094748879,9.294052319,stop,0.500000,-3.558995008,-4.377306461,-2.227536678,0.030299518,-0.005455959,-2.228113890,ros2_odometer_state
M19C_S1_lab_hard_floor_B1_U050_R1,521.096104546,9.295407986,stop,0.500000,-3.558995008,-4.377306461,-2.227536678,0.030299518,-0.005455959,-2.228113890,ros2_odometer_state
M19C_S1_lab_hard_floor_B1_U050_R1,521.097974824,9.297278264,stop,0.500000,-3.558995008,-4.377306461,-2.227536678,0.030348593,-0.005443279,-2.228279829,ros2_odometer_state
M19C_S1_lab_hard_floor_B1_U050_R1,521.100060790,9.299364230,stop,0.500000,-3.558995008,-4.377306461,-2.227536678,0.030389497,-0.005408422,-2.228447437,ros2_odometer_state
M19C_S1_lab_hard_floor_B1_U050_R1,521.102837790,9.302141230,stop,0.500000,-3.558995008,-4.377306461,-2.227536678,0.030475480,-0.005289456,-2.228784084,ros2_odometer_state
M19C_S1_lab_hard_floor_B1_U050_R1,521.105481377,9.304784817,stop,0.500000,-3.558995008,-4.377306461,-2.227536678,0.030512465,-0.005214973,-2.228951216,ros2_odometer_state
M19C_S1_lab_hard_floor_B1_U050_R1,521.106221437,9.305524877,stop,0.500000,-3.558995008,-4.377306461,-2.227536678,0.030512465,-0.005214973,-2.228951216,ros2_odometer_state
M19C_S1_lab_hard_floor_B1_U050_R1,521.108234376,9.307537816,stop,0.500000,-3.561389208,-4.380449772,-2.229105473,0.030540276,-0.005143006,-2.229105473,ros2_odometer_state
M19C_S1_lab_hard_floor_B1_U050_R1,521.110547455,9.309850895,stop,0.500000,-3.561389208,-4.380449772,-2.229105473,0.030564349,-0.005089674,-2.229246616,ros2_odometer_state
M19C_S1_lab_hard_floor_B1_U050_R1,521.112679598,9.311983038,stop,0.500000,-3.561389208,-4.380449772,-2.229105473,0.030577071,-0.005050170,-2.229371786,ros2_odometer_state
M19C_S1_lab_hard_floor_B1_U050_R1,521.115030630,9.314334070,stop,0.500000,-3.561389208,-4.380449772,-2.229105473,0.030574456,-0.005012417,-2.229570866,ros2_odometer_state
M19C_S1_lab_hard_floor_B1_U050_R1,521.117270298,9.316573738,stop,0.500000,-3.561389208,-4.380449772,-2.229105473,0.030572293,-0.005024083,-2.229644775,ros2_odometer_state
M19C_S1_lab_hard_floor_B1_U050_R1,521.118964090,9.318267530,stop,0.500000,-3.561389208,-4.380449772,-2.229105473,0.030557726,-0.005049428,-2.229694843,ros2_odometer_state
M19C_S1_lab_hard_floor_B1_U050_R1,521.121534522,9.320837962,stop,0.500000,-3.561389208,-4.380449772,-2.229105473,0.030536618,-0.005078236,-2.229712725,ros2_odometer_state
M19C_S1_lab_hard_floor_B1_U050_R1,521.123081780,9.322385220,stop,0.500000,-3.561389208,-4.380449772,-2.229105473,0.030504625,-0.005122743,-2.229695320,ros2_odometer_state
M19C_S1_lab_hard_floor_B1_U050_R1,521.125167650,9.324471090,stop,0.500000,-3.561389208,-4.380449772,-2.229105473,0.030504625,-0.005122743,-2.229695320,ros2_odometer_state
M19C_S1_lab_hard_floor_B1_U050_R1,521.126409008,9.325712448,stop,0.500000,-3.561389208,-4.380449772,-2.229105473,0.030451294,-0.005178568,-2.229648590,ros2_odometer_state
M19C_S1_lab_hard_floor_B1_U050_R1,521.129274268,9.328577708,stop,0.500000,-3.562632084,-4.383230209,-2.229578733,0.030302443,-0.005298613,-2.229475737,ros2_odometer_state
M19C_S1_lab_hard_floor_B1_U050_R1,521.130948058,9.330251498,stop,0.500000,-3.562632084,-4.383230209,-2.229578733,0.030210206,-0.005374757,-2.229336977,ros2_odometer_state
M19C_S1_lab_hard_floor_B1_U050_R1,521.132881667,9.332185107,stop,0.500000,-3.562632084,-4.383230209,-2.229578733,0.030102916,-0.005452615,-2.229184628,ros2_odometer_state
M19C_S1_lab_hard_floor_B1_U050_R1,521.134932240,9.334235680,stop,0.500000,-3.562632084,-4.383230209,-2.229578733,0.029996034,-0.005532011,-2.229018927,ros2_odometer_state
M19C_S1_lab_hard_floor_B1_U050_R1,521.136066490,9.335369930,stop,0.500000,-3.562632084,-4.383230209,-2.229578733,0.029996034,-0.005532011,-2.229018927,ros2_odometer_state
M19C_S1_lab_hard_floor_B1_U050_R1,521.139224272,9.338527712,stop,0.500000,-3.562632084,-4.383230209,-2.229578733,0.029771928,-0.005666310,-2.228611231,ros2_odometer_state
M19C_S1_lab_hard_floor_B1_U050_R1,521.141980887,9.341284327,stop,0.500000,-3.562632084,-4.383230209,-2.229578733,0.029771928,-0.005666310,-2.228611231,ros2_odometer_state
M19C_S1_lab_hard_floor_B1_U050_R1,521.143066912,9.342370352,stop,0.500000,-3.562632084,-4.383230209,-2.229578733,0.029661231,-0.005722249,-2.228354454,ros2_odometer_state
M19C_S1_lab_hard_floor_B1_U050_R1,521.144772384,9.344075824,stop,0.500000,-3.562632084,-4.383230209,-2.229578733,0.029547090,-0.005775353,-2.228082418,ros2_odometer_state
M19C_S1_lab_hard_floor_B1_U050_R1,521.146440830,9.345744270,stop,0.500000,-3.562632084,-4.383230209,-2.229578733,0.029432146,-0.005821253,-2.227801323,ros2_odometer_state
M19C_S1_lab_hard_floor_B1_U050_R1,521.149059680,9.348363120,stop,0.500000,-3.566774368,-4.386237621,-2.227500200,0.029234989,-0.005919072,-2.227183104,ros2_odometer_state
M19C_S1_lab_hard_floor_B1_U050_R1,521.151132078,9.350435518,stop,0.500000,-3.566774368,-4.386237621,-2.227500200,0.029142238,-0.005969515,-2.226867437,ros2_odometer_state
M19C_S1_lab_hard_floor_B1_U050_R1,521.153013076,9.352316516,stop,0.500000,-3.566774368,-4.386237621,-2.227500200,0.029053951,-0.006018588,-2.226568699,ros2_odometer_state
M19C_S1_lab_hard_floor_B1_U050_R1,521.154858842,9.354162282,stop,0.500000,-3.566774368,-4.386237621,-2.227500200,0.028968364,-0.006052987,-2.226291418,ros2_odometer_state
M19C_S1_lab_hard_floor_B1_U050_R1,521.156187019,9.355490459,stop,0.500000,-3.566774368,-4.386237621,-2.227500200,0.028968364,-0.006052987,-2.226291418,ros2_odometer_state
M19C_S1_lab_hard_floor_B1_U050_R1,521.158897169,9.358200609,stop,0.500000,-3.566774368,-4.386237621,-2.227500200,0.028820306,-0.006089745,-2.225699186,ros2_odometer_state
M19C_S1_lab_hard_floor_B1_U050_R1,521.160151488,9.359454928,stop,0.500000,-3.566774368,-4.386237621,-2.227500200,0.028820306,-0.006089745,-2.225699186,ros2_odometer_state
M19C_S1_lab_hard_floor_B1_U050_R1,521.162857349,9.362160789,stop,0.500000,-3.566774368,-4.386237621,-2.227500200,0.028687825,-0.006088438,-2.225054741,ros2_odometer_state
M19C_S1_lab_hard_floor_B1_U050_R1,521.165452614,9.364756054,stop,0.500000,-3.566774368,-4.386237621,-2.227500200,0.028618913,-0.006083906,-2.224721909,ros2_odometer_state
M19C_S1_lab_hard_floor_B1_U050_R1,521.166948734,9.366252174,stop,0.500000,-3.566774368,-4.386237621,-2.227500200,0.028545545,-0.006089742,-2.224373579,ros2_odometer_state
M19C_S1_lab_hard_floor_B1_U050_R1,521.168352435,9.367655875,stop,0.500000,-3.570752382,-4.387750626,-2.224373579,0.028545545,-0.006089742,-2.224373579,ros2_odometer_state
M19C_S1_lab_hard_floor_B1_U050_R1,521.170846608,9.370150048,stop,0.500000,-3.570752382,-4.387750626,-2.224373579,0.028407242,-0.006124302,-2.223662138,ros2_odometer_state
M19C_S1_lab_hard_floor_B1_U050_R1,521.173327757,9.372631197,stop,0.500000,-3.570752382,-4.387750626,-2.224373579,0.028326165,-0.006155321,-2.223316431,ros2_odometer_state
M19C_S1_lab_hard_floor_B1_U050_R1,521.174404597,9.373708037,stop,0.500000,-3.570752382,-4.387750626,-2.224373579,0.028326165,-0.006155321,-2.223316431,ros2_odometer_state
M19C_S1_lab_hard_floor_B1_U050_R1,521.176945716,9.376249156,stop,0.500000,-3.570752382,-4.387750626,-2.224373579,0.028154766,-0.006229144,-2.222622633,ros2_odometer_state
M19C_S1_lab_hard_floor_B1_U050_R1,521.178147201,9.377450641,stop,0.500000,-3.570752382,-4.387750626,-2.224373579,0.028154766,-0.006229144,-2.222622633,ros2_odometer_state
M19C_S1_lab_hard_floor_B1_U050_R1,521.182683723,9.381987163,stop,0.500000,-3.570752382,-4.387750626,-2.224373579,0.028076302,-0.006259122,-2.222274065,ros2_odometer_state
M19C_S1_lab_hard_floor_B1_U050_R1,521.183691889,9.382995329,stop,0.500000,-3.570752382,-4.387750626,-2.224373579,0.027988445,-0.006277658,-2.221920490,ros2_odometer_state
M19C_S1_lab_hard_floor_B1_U050_R1,521.184843484,9.384146924,stop,0.500000,-3.570752382,-4.387750626,-2.224373579,0.027893972,-0.006297993,-2.221558332,ros2_odometer_state
M19C_S1_lab_hard_floor_B1_U050_R1,521.186236304,9.385539744,stop,0.500000,-3.570752382,-4.387750626,-2.224373579,0.027794717,-0.006328722,-2.221210718,ros2_odometer_state
M19C_S1_lab_hard_floor_B1_U050_R1,521.188291005,9.387594445,stop,0.500000,-3.575336695,-4.387526989,-2.220890999,0.027687902,-0.006372022,-2.220890999,ros2_odometer_state
M19C_S1_lab_hard_floor_B1_U050_R1,521.190203781,9.389507221,stop,0.500000,-3.575336695,-4.387526989,-2.220890999,0.027593743,-0.006418406,-2.220601797,ros2_odometer_state
M19C_S1_lab_hard_floor_B1_U050_R1,521.192271474,9.391574914,stop,0.500000,-3.575336695,-4.387526989,-2.220890999,0.027502537,-0.006475442,-2.220329762,ros2_odometer_state
M19C_S1_lab_hard_floor_B1_U050_R1,521.195004345,9.394307785,stop,0.500000,-3.575336695,-4.387526989,-2.220890999,0.027319225,-0.006586302,-2.219807625,ros2_odometer_state
M19C_S1_lab_hard_floor_B1_U050_R1,521.197242828,9.396546268,stop,0.500000,-3.575336695,-4.387526989,-2.220890999,0.027223930,-0.006640144,-2.219571352,ros2_odometer_state
M19C_S1_lab_hard_floor_B1_U050_R1,521.198221233,9.397524673,stop,0.500000,-3.575336695,-4.387526989,-2.220890999,0.027223930,-0.006640144,-2.219571352,ros2_odometer_state
M19C_S1_lab_hard_floor_B1_U050_R1,521.200963160,9.400266600,stop,0.500000,-3.575336695,-4.387526989,-2.220890999,0.027032020,-0.006780242,-2.219107151,ros2_odometer_state
M19C_S1_lab_hard_floor_B1_U050_R1,521.203072423,9.402375863,stop,0.500000,-3.575336695,-4.387526989,-2.220890999,0.026936814,-0.006862047,-2.218873024,ros2_odometer_state
M19C_S1_lab_hard_floor_B1_U050_R1,521.205570276,9.404873716,stop,0.500000,-3.575336695,-4.387526989,-2.220890999,0.026853131,-0.006944104,-2.218650341,ros2_odometer_state
M19C_S1_lab_hard_floor_B1_U050_R1,521.207014586,9.406318026,stop,0.500000,-3.575336695,-4.387526989,-2.220890999,0.026776981,-0.007028149,-2.218446255,ros2_odometer_state
M19C_S1_lab_hard_floor_B1_U050_R1,521.208315979,9.407619419,stop,0.500000,-3.579735041,-4.387980461,-2.218446255,0.026776981,-0.007028149,-2.218446255,ros2_odometer_state
M19C_S1_lab_hard_floor_B1_U050_R1,521.210191985,9.409495425,stop,0.500000,-3.579735041,-4.387980461,-2.218446255,0.026694559,-0.007115539,-2.218255520,ros2_odometer_state
M19C_S1_lab_hard_floor_B1_U050_R1,521.213201090,9.412504530,stop,0.500000,-3.579735041,-4.387980461,-2.218446255,0.026513858,-0.007325627,-2.217891693,ros2_odometer_state
M19C_S1_lab_hard_floor_B1_U050_R1,521.215262831,9.414566271,stop,0.500000,-3.579735041,-4.387980461,-2.218446255,0.026424740,-0.007436665,-2.217726946,ros2_odometer_state
M19C_S1_lab_hard_floor_B1_U050_R1,521.216979279,9.416282719,stop,0.500000,-3.579735041,-4.387980461,-2.218446255,0.026349043,-0.007549130,-2.217571497,ros2_odometer_state
M19C_S1_lab_hard_floor_B1_U050_R1,521.219016156,9.418319596,stop,0.500000,-3.579735041,-4.387980461,-2.218446255,0.026280692,-0.007668233,-2.217418909,ros2_odometer_state
M19C_S1_lab_hard_floor_B1_U050_R1,521.221812420,9.421115860,stop,0.500000,-3.579735041,-4.387980461,-2.218446255,0.026221186,-0.007787451,-2.217272997,ros2_odometer_state
M19C_S1_lab_hard_floor_B1_U050_R1,521.223191992,9.422495432,stop,0.500000,-3.579735041,-4.387980461,-2.218446255,0.026221186,-0.007787451,-2.217272997,ros2_odometer_state
M19C_S1_lab_hard_floor_B1_U050_R1,521.224935865,9.424239305,stop,0.500000,-3.579735041,-4.387980461,-2.218446255,0.026166461,-0.007906632,-2.217129946,ros2_odometer_state
M19C_S1_lab_hard_floor_B1_U050_R1,521.227129451,9.426432891,stop,0.500000,-3.579735041,-4.387980461,-2.218446255,0.026086094,-0.008155295,-2.216868877,ros2_odometer_state
M19C_S1_lab_hard_floor_B1_U050_R1,521.229136022,9.428439462,stop,0.500000,-3.579735041,-4.387980461,-2.216868877,0.026039431,-0.008284270,-2.216747284,ros2_odometer_state
M19C_S1_lab_hard_floor_B1_U050_R1,521.231032542,9.430335982,stop,0.500000,-3.579735041,-4.387980461,-2.216868877,0.025989983,-0.008427013,-2.216633797,ros2_odometer_state
M19C_S1_lab_hard_floor_B1_U050_R1,521.233015368,9.432318808,stop,0.500000,-3.579735041,-4.387980461,-2.216868877,0.025948415,-0.008576330,-2.216537714,ros2_odometer_state
M19C_S1_lab_hard_floor_B1_U050_R1,521.235011890,9.434315330,stop,0.500000,-3.579735041,-4.387980461,-2.216868877,0.025905287,-0.008726502,-2.216447830,ros2_odometer_state
M19C_S1_lab_hard_floor_B1_U050_R1,521.237102561,9.436406001,stop,0.500000,-3.579735041,-4.387980461,-2.216868877,0.025863629,-0.008873547,-2.216365337,ros2_odometer_state
M19C_S1_lab_hard_floor_B1_U050_R1,521.239478426,9.438781866,stop,0.500000,-3.579735041,-4.387980461,-2.216868877,0.025826449,-0.009034875,-2.216296196,ros2_odometer_state
M19C_S1_lab_hard_floor_B1_U050_R1,521.241099958,9.440403398,stop,0.500000,-3.579735041,-4.387980461,-2.216868877,0.025780993,-0.009221624,-2.216234922,ros2_odometer_state
M19C_S1_lab_hard_floor_B1_U050_R1,521.243018014,9.442321454,stop,0.500000,-3.579735041,-4.387980461,-2.216868877,0.025736138,-0.009422498,-2.216181278,ros2_odometer_state
M19C_S1_lab_hard_floor_B1_U050_R1,521.245631680,9.444935120,stop,0.500000,-3.579735041,-4.387980461,-2.216868877,0.025702005,-0.009645333,-2.216130018,ros2_odometer_state
M19C_S1_lab_hard_floor_B1_U050_R1,521.247183482,9.446486922,stop,0.500000,-3.579735041,-4.387980461,-2.216868877,0.025666192,-0.009880614,-2.216086864,ros2_odometer_state
M19C_S1_lab_hard_floor_B1_U050_R1,521.249121347,9.448424787,stop,0.500000,-3.580665588,-4.387192726,-2.216086864,0.025630286,-0.010121393,-2.216059446,ros2_odometer_state
M19C_S1_lab_hard_floor_B1_U050_R1,521.251014282,9.450317722,stop,0.500000,-3.580665588,-4.387192726,-2.216086864,0.025584508,-0.010373744,-2.216039658,ros2_odometer_state
M19C_S1_lab_hard_floor_B1_U050_R1,521.253035157,9.452338597,stop,0.500000,-3.580665588,-4.387192726,-2.216086864,0.025544772,-0.010634018,-2.216020346,ros2_odometer_state
M19C_S1_lab_hard_floor_B1_U050_R1,521.255804253,9.455107693,stop,0.500000,-3.580665588,-4.387192726,-2.216086864,0.025503982,-0.010907315,-2.216011763,ros2_odometer_state
M19C_S1_lab_hard_floor_B1_U050_R1,521.257085293,9.456388733,stop,0.500000,-3.580665588,-4.387192726,-2.216086864,0.025461854,-0.011205724,-2.216012239,ros2_odometer_state
M19C_S1_lab_hard_floor_B1_U050_R1,521.259028150,9.458331590,stop,0.500000,-3.580665588,-4.387192726,-2.216086864,0.025425697,-0.011524673,-2.216024637,ros2_odometer_state
M19C_S1_lab_hard_floor_B1_U050_R1,521.260348295,9.459651735,stop,0.500000,-3.580665588,-4.387192726,-2.216086864,0.025425697,-0.011524673,-2.216024637,ros2_odometer_state
M19C_S1_lab_hard_floor_B1_U050_R1,521.263002858,9.462306298,stop,0.500000,-3.580665588,-4.387192726,-2.216086864,0.025342630,-0.012200079,-2.216097832,ros2_odometer_state
M19C_S1_lab_hard_floor_B1_U050_R1,521.265793683,9.465097123,stop,0.500000,-3.580665588,-4.387192726,-2.216086864,0.025304807,-0.012558910,-2.216168165,ros2_odometer_state
M19C_S1_lab_hard_floor_B1_U050_R1,521.266462156,9.465765596,stop,0.500000,-3.580665588,-4.387192726,-2.216086864,0.025304807,-0.012558910,-2.216168165,ros2_odometer_state
M19C_S1_lab_hard_floor_B1_U050_R1,521.269160113,9.468463553,stop,0.500000,-3.582870245,-4.385341167,-2.216248035,0.025245076,-0.013338042,-2.216332674,ros2_odometer_state
M19C_S1_lab_hard_floor_B1_U050_R1,521.271170748,9.470474188,stop,0.500000,-3.582870245,-4.385341167,-2.216248035,0.025200626,-0.013754647,-2.216431618,ros2_odometer_state
M19C_S1_lab_hard_floor_B1_U050_R1,521.273167815,9.472471255,stop,0.500000,-3.582870245,-4.385341167,-2.216248035,0.025159011,-0.014173390,-2.216543913,ros2_odometer_state
M19C_S1_lab_hard_floor_B1_U050_R1,521.275085647,9.474389087,stop,0.500000,-3.582870245,-4.385341167,-2.216248035,0.025129246,-0.014596044,-2.216680288,ros2_odometer_state
M19C_S1_lab_hard_floor_B1_U050_R1,521.277019927,9.476323367,stop,0.500000,-3.582870245,-4.385341167,-2.216248035,0.025104651,-0.015020734,-2.216834068,ros2_odometer_state
M19C_S1_lab_hard_floor_B1_U050_R1,521.279038531,9.478341971,stop,0.500000,-3.582870245,-4.385341167,-2.216248035,0.025084399,-0.015449682,-2.216994524,ros2_odometer_state
M19C_S1_lab_hard_floor_B1_U050_R1,521.281114129,9.480417569,stop,0.500000,-3.582870245,-4.385341167,-2.216248035,0.025065849,-0.015876977,-2.217171669,ros2_odometer_state
M19C_S1_lab_hard_floor_B1_U050_R1,521.283402054,9.482705494,stop,0.500000,-3.582870245,-4.385341167,-2.216248035,0.025043175,-0.016296145,-2.217361927,ros2_odometer_state
M19C_S1_lab_hard_floor_B1_U050_R1,521.285789600,9.485093040,stop,0.500000,-3.582870245,-4.385341167,-2.216248035,0.025018860,-0.016715316,-2.217560291,ros2_odometer_state
M19C_S1_lab_hard_floor_B1_U050_R1,521.287274327,9.486577767,stop,0.500000,-3.582870245,-4.385341167,-2.216248035,0.024998670,-0.017139910,-2.217761755,ros2_odometer_state
M19C_S1_lab_hard_floor_B1_U050_R1,521.289299075,9.488602515,stop,0.500000,-3.584757328,-4.387623787,-2.217761755,0.024988299,-0.017568802,-2.217961311,ros2_odometer_state
M19C_S1_lab_hard_floor_B1_U050_R1,521.291151400,9.490454840,stop,0.500000,-3.584757328,-4.387623787,-2.217761755,0.024982238,-0.017996082,-2.218163013,ros2_odometer_state
M19C_S1_lab_hard_floor_B1_U050_R1,521.293318009,9.492621449,stop,0.500000,-3.584757328,-4.387623787,-2.217761755,0.024982817,-0.018419096,-2.218365908,ros2_odometer_state
M19C_S1_lab_hard_floor_B1_U050_R1,521.295290019,9.494593459,stop,0.500000,-3.584757328,-4.387623787,-2.217761755,0.024991678,-0.018845290,-2.218554735,ros2_odometer_state
M19C_S1_lab_hard_floor_B1_U050_R1,521.297167210,9.496470650,stop,0.500000,-3.584757328,-4.387623787,-2.217761755,0.025003612,-0.019265102,-2.218726397,ros2_odometer_state
M19C_S1_lab_hard_floor_B1_U050_R1,521.299137715,9.498441155,stop,0.500000,-3.584757328,-4.387623787,-2.217761755,0.025018726,-0.019677253,-2.218869925,ros2_odometer_state
M19C_S1_lab_hard_floor_B1_U050_R1,521.301160703,9.500464143,stop,0.500000,-3.584757328,-4.387623787,-2.217761755,0.025058299,-0.020073779,-2.218984127,ros2_odometer_state
M19C_S1_lab_hard_floor_B1_U050_R1,521.303197067,9.502500507,stop,0.500000,-3.584757328,-4.387623787,-2.217761755,0.025115767,-0.020450493,-2.219084263,ros2_odometer_state
M19C_S1_lab_hard_floor_B1_U050_R1,521.306246621,9.505550061,stop,0.500000,-3.584757328,-4.387623787,-2.217761755,0.025182273,-0.020797275,-2.219168901,ros2_odometer_state
M19C_S1_lab_hard_floor_B1_U050_R1,521.306545705,9.505849145,stop,0.500000,-3.584757328,-4.387623787,-2.217761755,0.025182273,-0.020797275,-2.219168901,ros2_odometer_state
M19C_S1_lab_hard_floor_B1_U050_R1,521.309290287,9.508593727,stop,0.500000,-3.587340117,-4.388233185,-2.219235420,0.025301920,-0.021394262,-2.219284296,ros2_odometer_state
M19C_S1_lab_hard_floor_B1_U050_R1,521.311179734,9.510483174,stop,0.500000,-3.587340117,-4.388233185,-2.219235420,0.025333403,-0.021644244,-2.219310284,ros2_odometer_state
M19C_S1_lab_hard_floor_B1_U050_R1,521.313162208,9.512465648,stop,0.500000,-3.587340117,-4.388233185,-2.219235420,0.025348762,-0.021862052,-2.219304800,ros2_odometer_state
M19C_S1_lab_hard_floor_B1_U050_R1,521.315107977,9.514411417,stop,0.500000,-3.587340117,-4.388233185,-2.219235420,0.025348959,-0.022043513,-2.219285965,ros2_odometer_state
M19C_S1_lab_hard_floor_B1_U050_R1,521.316435931,9.515739371,stop,0.500000,-3.587340117,-4.388233185,-2.219235420,0.025348959,-0.022043513,-2.219285965,ros2_odometer_state
M19C_S1_lab_hard_floor_B1_U050_R1,521.319199330,9.518502770,stop,0.500000,-3.587340117,-4.388233185,-2.219235420,0.025315721,-0.022311216,-2.219260693,ros2_odometer_state
M19C_S1_lab_hard_floor_B1_U050_R1,521.321181101,9.520484541,stop,0.500000,-3.587340117,-4.388233185,-2.219235420,0.025287677,-0.022408050,-2.219251633,ros2_odometer_state
M19C_S1_lab_hard_floor_B1_U050_R1,521.323142294,9.522445734,stop,0.500000,-3.587340117,-4.388233185,-2.219235420,0.025255820,-0.022486677,-2.219244003,ros2_odometer_state
M19C_S1_lab_hard_floor_B1_U050_R1,521.325757912,9.525061352,stop,0.500000,-3.587340117,-4.388233185,-2.219235420,0.025221892,-0.022551732,-2.219233513,ros2_odometer_state
M19C_S1_lab_hard_floor_B1_U050_R1,521.327251056,9.526554496,stop,0.500000,-3.587340117,-4.388233185,-2.219235420,0.025191134,-0.022606539,-2.219218016,ros2_odometer_state
M19C_S1_lab_hard_floor_B1_U050_R1,521.329285788,9.528589228,stop,0.500000,-3.588764668,-4.387070656,-2.219218016,0.025158869,-0.022659374,-2.219205379,ros2_odometer_state
M19C_S1_lab_hard_floor_B1_U050_R1,521.331192099,9.530495539,stop,0.500000,-3.588764668,-4.387070656,-2.219218016,0.025130104,-0.022702290,-2.219208241,ros2_odometer_state
M19C_S1_lab_hard_floor_B1_U050_R1,521.333163277,9.532466717,stop,0.500000,-3.588764668,-4.387070656,-2.219218016,0.025100866,-0.022745827,-2.219228506,ros2_odometer_state
M19C_S1_lab_hard_floor_B1_U050_R1,521.334561410,9.533864850,stop,0.500000,-3.588764668,-4.387070656,-2.219218016,0.025100866,-0.022745827,-2.219228506,ros2_odometer_state
M19C_S1_lab_hard_floor_B1_U050_R1,521.337610484,9.536913924,stop,0.500000,-3.588764668,-4.387070656,-2.219218016,0.025057767,-0.022809703,-2.219335079,ros2_odometer_state
M19C_S1_lab_hard_floor_B1_U050_R1,521.341244668,9.540548108,stop,0.500000,-3.588764668,-4.387070656,-2.219218016,0.025024455,-0.022813046,-2.219390631,ros2_odometer_state
M19C_S1_lab_hard_floor_B1_U050_R1,521.342163678,9.541467118,stop,0.500000,-3.588764668,-4.387070656,-2.219218016,0.024999836,-0.022801988,-2.219437599,ros2_odometer_state
M19C_S1_lab_hard_floor_B1_U050_R1,521.342460329,9.541763769,stop,0.500000,-3.588764668,-4.387070656,-2.219218016,0.024999836,-0.022801988,-2.219437599,ros2_odometer_state
M19C_S1_lab_hard_floor_B1_U050_R1,521.345945676,9.545249116,stop,0.500000,-3.588764668,-4.387070656,-2.219218016,0.024952050,-0.022747748,-2.219501019,ros2_odometer_state
M19C_S1_lab_hard_floor_B1_U050_R1,521.347368513,9.546671953,stop,0.500000,-3.588764668,-4.387070656,-2.219218016,0.024937140,-0.022704782,-2.219513893,ros2_odometer_state
M19C_S1_lab_hard_floor_B1_U050_R1,521.349354667,9.548658107,stop,0.500000,-3.590905190,-4.385318279,-2.219513893,0.024928696,-0.022661181,-2.219512701,ros2_odometer_state
M19C_S1_lab_hard_floor_B1_U050_R1,521.351237810,9.550541250,stop,0.500000,-3.590905190,-4.385318279,-2.219513893,0.024927653,-0.022621181,-2.219517708,ros2_odometer_state
M19C_S1_lab_hard_floor_B1_U050_R1,521.352502401,9.551805841,stop,0.500000,-3.590905190,-4.385318279,-2.219513893,0.024927653,-0.022621181,-2.219517708,ros2_odometer_state
M19C_S1_lab_hard_floor_B1_U050_R1,521.355274409,9.554577849,stop,0.500000,-3.590905190,-4.385318279,-2.219513893,0.024943670,-0.022543084,-2.219524622,ros2_odometer_state
M19C_S1_lab_hard_floor_B1_U050_R1,521.356695582,9.555999022,stop,0.500000,-3.590905190,-4.385318279,-2.219513893,0.024943670,-0.022543084,-2.219524622,ros2_odometer_state
M19C_S1_lab_hard_floor_B1_U050_R1,521.359505383,9.558808823,stop,0.500000,-3.590905190,-4.385318279,-2.219513893,0.024939179,-0.022467908,-2.219489336,ros2_odometer_state
M19C_S1_lab_hard_floor_B1_U050_R1,521.360658355,9.559961795,stop,0.500000,-3.590905190,-4.385318279,-2.219513893,0.024939179,-0.022467908,-2.219489336,ros2_odometer_state
M19C_S1_lab_hard_floor_B1_U050_R1,521.363263444,9.562566884,stop,0.500000,-3.590905190,-4.385318279,-2.219513893,0.024953688,-0.022389222,-2.219447613,ros2_odometer_state
M19C_S1_lab_hard_floor_B1_U050_R1,521.365902103,9.565205543,stop,0.500000,-3.590905190,-4.385318279,-2.219513893,0.024960946,-0.022361707,-2.219441175,ros2_odometer_state
M19C_S1_lab_hard_floor_B1_U050_R1,521.367351917,9.566655357,stop,0.500000,-3.590905190,-4.385318279,-2.219513893,0.024964072,-0.022335423,-2.219438553,ros2_odometer_state
M19C_S1_lab_hard_floor_B1_U050_R1,521.369405658,9.568709098,stop,0.500000,-3.591509819,-4.384821415,-2.219438553,0.024964748,-0.022321757,-2.219440699,ros2_odometer_state
M19C_S1_lab_hard_floor_B1_U050_R1,521.370536837,9.569840277,stop,0.500000,-3.591509819,-4.384821415,-2.219438553,0.024964748,-0.022321757,-2.219440699,ros2_odometer_state
M19C_S1_lab_hard_floor_B1_U050_R1,521.372579921,9.571883361,stop,0.500000,-3.591509819,-4.384821415,-2.219438553,0.024956685,-0.022317233,-2.219440937,ros2_odometer_state
M19C_S1_lab_hard_floor_B1_U050_R1,521.375334584,9.574638024,stop,0.500000,-3.591509819,-4.384821415,-2.219438553,0.024927869,-0.022336205,-2.219427109,ros2_odometer_state
M19C_S1_lab_hard_floor_B1_U050_R1,521.376571974,9.575875414,stop,0.500000,-3.591509819,-4.384821415,-2.219438553,0.024927869,-0.022336205,-2.219427109,ros2_odometer_state
M19C_S1_lab_hard_floor_B1_U050_R1,521.379292780,9.578596220,stop,0.500000,-3.591509819,-4.384821415,-2.219438553,0.024891291,-0.022385465,-2.219419241,ros2_odometer_state
M19C_S1_lab_hard_floor_B1_U050_R1,521.381325080,9.580628520,stop,0.500000,-3.591509819,-4.384821415,-2.219438553,0.024873454,-0.022427563,-2.219406843,ros2_odometer_state
M19C_S1_lab_hard_floor_B1_U050_R1,521.383454344,9.582757784,stop,0.500000,-3.591509819,-4.384821415,-2.219438553,0.024851499,-0.022477668,-2.219390154,ros2_odometer_state
M19C_S1_lab_hard_floor_B1_U050_R1,521.385956006,9.585259446,stop,0.500000,-3.591509819,-4.384821415,-2.219438553,0.024832062,-0.022528719,-2.219378471,ros2_odometer_state
M19C_S1_lab_hard_floor_B1_U050_R1,521.387469598,9.586773038,stop,0.500000,-3.591509819,-4.384821415,-2.219438553,0.024817785,-0.022570318,-2.219374418,ros2_odometer_state
M19C_S1_lab_hard_floor_B1_U050_R1,521.389511755,9.588815195,stop,0.500000,-3.592344999,-4.384145737,-2.219374418,0.024801971,-0.022605596,-2.219363213,ros2_odometer_state
M19C_S1_lab_hard_floor_B1_U050_R1,521.391345968,9.590649408,stop,0.500000,-3.592344999,-4.384145737,-2.219374418,0.024784965,-0.022632455,-2.219346523,ros2_odometer_state
M19C_S1_lab_hard_floor_B1_U050_R1,521.392574366,9.591877806,stop,0.500000,-3.592344999,-4.384145737,-2.219374418,0.024784965,-0.022632455,-2.219346523,ros2_odometer_state
M19C_S1_lab_hard_floor_B1_U050_R1,521.395330853,9.594634293,stop,0.500000,-3.592344999,-4.384145737,-2.219374418,0.024768973,-0.022645241,-2.219277382,ros2_odometer_state
M19C_S1_lab_hard_floor_B1_U050_R1,521.397348208,9.596651648,stop,0.500000,-3.592344999,-4.384145737,-2.219374418,0.024773067,-0.022641106,-2.219242096,ros2_odometer_state
M19C_S1_lab_hard_floor_B1_U050_R1,521.398556382,9.597859822,stop,0.500000,-3.592344999,-4.384145737,-2.219374418,0.024773067,-0.022641106,-2.219242096,ros2_odometer_state
M19C_S1_lab_hard_floor_B1_U050_R1,521.400588522,9.599891962,stop,0.500000,-3.592344999,-4.384145737,-2.219374418,0.024795735,-0.022631438,-2.219208241,ros2_odometer_state
M19C_S1_lab_hard_floor_B1_U050_R1,521.403583322,9.602886762,stop,0.500000,-3.592344999,-4.384145737,-2.219374418,0.024844302,-0.022597652,-2.219110489,ros2_odometer_state
M19C_S1_lab_hard_floor_B1_U050_R1,521.405276953,9.604580393,stop,0.500000,-3.592344999,-4.384145737,-2.219374418,0.024844302,-0.022597652,-2.219110489,ros2_odometer_state
M19C_S1_lab_hard_floor_B1_U050_R1,521.406864213,9.606167653,stop,0.500000,-3.592344999,-4.384145737,-2.219374418,0.024872655,-0.022569560,-2.219051600,ros2_odometer_state
M19C_S1_lab_hard_floor_B1_U050_R1,521.409645981,9.608949421,stop,0.500000,-3.593000412,-4.383623600,-2.218978882,0.024887523,-0.022497030,-2.218897820,ros2_odometer_state
M19C_S1_lab_hard_floor_B1_U050_R1,521.410640802,9.609944242,stop,0.500000,-3.593000412,-4.383623600,-2.218978882,0.024887523,-0.022497030,-2.218897820,ros2_odometer_state
M19C_S1_lab_hard_floor_B1_U050_R1,521.412634765,9.611938205,stop,0.500000,-3.593000412,-4.383623600,-2.218978882,0.024895824,-0.022460015,-2.218809843,ros2_odometer_state
M19C_S1_lab_hard_floor_B1_U050_R1,521.414626263,9.613929703,stop,0.500000,-3.593000412,-4.383623600,-2.218978882,0.024912825,-0.022422219,-2.218707323,ros2_odometer_state
M19C_S1_lab_hard_floor_B1_U050_R1,521.417524868,9.616828308,stop,0.500000,-3.593000412,-4.383623600,-2.218978882,0.024932804,-0.022334326,-2.218499660,ros2_odometer_state
M19C_S1_lab_hard_floor_B1_U050_R1,521.419555280,9.618858720,stop,0.500000,-3.593000412,-4.383623600,-2.218978882,0.024945479,-0.022286030,-2.218389511,ros2_odometer_state
M19C_S1_lab_hard_floor_B1_U050_R1,521.420742364,9.620045804,stop,0.500000,-3.593000412,-4.383623600,-2.218978882,0.024945479,-0.022286030,-2.218389511,ros2_odometer_state
M19C_S1_lab_hard_floor_B1_U050_R1,521.423415392,9.622718832,stop,0.500000,-3.593000412,-4.383623600,-2.218978882,0.024957052,-0.022209900,-2.218163013,ros2_odometer_state
M19C_S1_lab_hard_floor_B1_U050_R1,521.425955103,9.625258543,stop,0.500000,-3.593000412,-4.383623600,-2.218978882,0.024963479,-0.022167794,-2.218049765,ros2_odometer_state
M19C_S1_lab_hard_floor_B1_U050_R1,521.427523994,9.626827434,stop,0.500000,-3.593000412,-4.383623600,-2.218978882,0.024964435,-0.022132192,-2.217937946,ros2_odometer_state
M19C_S1_lab_hard_floor_B1_U050_R1,521.429563750,9.628867190,stop,0.500000,-3.595167637,-4.381905079,-2.217937946,0.024965851,-0.022092635,-2.217827559,ros2_odometer_state
M19C_S1_lab_hard_floor_B1_U050_R1,521.431434060,9.630737500,stop,0.500000,-3.595167637,-4.381905079,-2.217937946,0.024968794,-0.022064539,-2.217724562,ros2_odometer_state
M19C_S1_lab_hard_floor_B1_U050_R1,521.433436023,9.632739463,stop,0.500000,-3.595167637,-4.381905079,-2.217937946,0.024974870,-0.022033239,-2.217633724,ros2_odometer_state
M19C_S1_lab_hard_floor_B1_U050_R1,521.435396385,9.634699825,stop,0.500000,-3.595167637,-4.381905079,-2.217937946,0.024980837,-0.021999372,-2.217547894,ros2_odometer_state
M19C_S1_lab_hard_floor_B1_U050_R1,521.436686385,9.635989825,stop,0.500000,-3.595167637,-4.381905079,-2.217937946,0.024980837,-0.021999372,-2.217547894,ros2_odometer_state
M19C_S1_lab_hard_floor_B1_U050_R1,521.438854306,9.638157746,stop,0.500000,-3.595167637,-4.381905079,-2.217937946,0.024987195,-0.021964980,-2.217455149,ros2_odometer_state
M19C_S1_lab_hard_floor_B1_U050_R1,521.440691783,9.639995223,stop,0.500000,-3.595167637,-4.381905079,-2.217937946,0.024997683,-0.021928074,-2.217356920,ros2_odometer_state
M19C_S1_lab_hard_floor_B1_U050_R1,521.442675537,9.641978977,stop,0.500000,-3.595167637,-4.381905079,-2.217937946,0.025005529,-0.021889206,-2.217269897,ros2_odometer_state
M19C_S1_lab_hard_floor_B1_U050_R1,521.446058384,9.645361824,stop,0.500000,-3.595167637,-4.381905079,-2.217937946,0.025024101,-0.021805909,-2.217067957,ros2_odometer_state
M19C_S1_lab_hard_floor_B1_U050_R1,521.447528679,9.646832119,stop,0.500000,-3.595167637,-4.381905079,-2.217937946,0.025035176,-0.021760909,-2.216977835,ros2_odometer_state
M19C_S1_lab_hard_floor_B1_U050_R1,521.449545779,9.648849219,stop,0.500000,-3.595784426,-4.381415844,-2.216977835,0.025046289,-0.021713711,-2.216900826,ros2_odometer_state
M19C_S1_lab_hard_floor_B1_U050_R1,521.451486971,9.650790411,stop,0.500000,-3.595784426,-4.381415844,-2.216977835,0.025053700,-0.021675253,-2.216828823,ros2_odometer_state
M19C_S1_lab_hard_floor_B1_U050_R1,521.453438916,9.652742356,stop,0.500000,-3.595784426,-4.381415844,-2.216977835,0.025067201,-0.021625632,-2.216761589,ros2_odometer_state
M19C_S1_lab_hard_floor_B1_U050_R1,521.455498577,9.654802017,stop,0.500000,-3.595784426,-4.381415844,-2.216977835,0.025077613,-0.021568466,-2.216695547,ros2_odometer_state
M19C_S1_lab_hard_floor_B1_U050_R1,521.456750688,9.656054128,stop,0.500000,-3.595784426,-4.381415844,-2.216977835,0.025077613,-0.021568466,-2.216695547,ros2_odometer_state
M19C_S1_lab_hard_floor_B1_U050_R1,521.459457958,9.658761398,stop,0.500000,-3.595784426,-4.381415844,-2.216977835,0.025082381,-0.021460952,-2.216567516,ros2_odometer_state
M19C_S1_lab_hard_floor_B1_U050_R1,521.461470833,9.660774273,stop,0.500000,-3.595784426,-4.381415844,-2.216977835,0.025085874,-0.021402145,-2.216503620,ros2_odometer_state
M19C_S1_lab_hard_floor_B1_U050_R1,521.463513694,9.662817134,stop,0.500000,-3.595784426,-4.381415844,-2.216977835,0.025094377,-0.021334114,-2.216442108,ros2_odometer_state
M19C_S1_lab_hard_floor_B1_U050_R1,521.466086110,9.665389550,stop,0.500000,-3.595784426,-4.381415844,-2.216977835,0.025103619,-0.021265814,-2.216389179,ros2_odometer_state
M19C_S1_lab_hard_floor_B1_U050_R1,521.467567253,9.666870693,stop,0.500000,-3.595784426,-4.381415844,-2.216977835,0.025113996,-0.021201646,-2.216339350,ros2_odometer_state
M19C_S1_lab_hard_floor_B1_U050_R1,521.469587905,9.668891345,stop,0.500000,-3.597501993,-4.380060196,-2.216339350,0.025132688,-0.021127202,-2.216289282,ros2_odometer_state
M19C_S1_lab_hard_floor_B1_U050_R1,521.471601196,9.670904636,stop,0.500000,-3.597501993,-4.380060196,-2.216339350,0.025155686,-0.021042461,-2.216245174,ros2_odometer_state
M19C_S1_lab_hard_floor_B1_U050_R1,521.472753879,9.672057319,stop,0.500000,-3.597501993,-4.380060196,-2.216339350,0.025155686,-0.021042461,-2.216245174,ros2_odometer_state
M19C_S1_lab_hard_floor_B1_U050_R1,521.475812938,9.675116378,stop,0.500000,-3.597501993,-4.380060196,-2.216339350,0.025213432,-0.020867642,-2.216150761,ros2_odometer_state
M19C_S1_lab_hard_floor_B1_U050_R1,521.477600909,9.676904349,stop,0.500000,-3.597501993,-4.380060196,-2.216339350,0.025233889,-0.020784652,-2.216099977,ros2_odometer_state
M19C_S1_lab_hard_floor_B1_U050_R1,521.479507860,9.678811300,stop,0.500000,-3.597501993,-4.380060196,-2.216339350,0.025249390,-0.020698579,-2.216044664,ros2_odometer_state
M19C_S1_lab_hard_floor_B1_U050_R1,521.481616291,9.680919731,stop,0.500000,-3.597501993,-4.380060196,-2.216339350,0.025265587,-0.020611528,-2.215997458,ros2_odometer_state
M19C_S1_lab_hard_floor_B1_U050_R1,521.482992279,9.682295719,stop,0.500000,-3.597501993,-4.380060196,-2.216339350,0.025265587,-0.020611528,-2.215997458,ros2_odometer_state
M19C_S1_lab_hard_floor_B1_U050_R1,521.486182094,9.685485534,stop,0.500000,-3.597501993,-4.380060196,-2.216339350,0.025307333,-0.020431366,-2.215898037,ros2_odometer_state
M19C_S1_lab_hard_floor_B1_U050_R1,521.487776842,9.687080282,stop,0.500000,-3.597501993,-4.380060196,-2.216339350,0.025323434,-0.020344086,-2.215832710,ros2_odometer_state
M19C_S1_lab_hard_floor_B1_U050_R1,521.489651472,9.688954912,stop,0.500000,-3.597501993,-4.380060196,-2.215832710,0.025335815,-0.020253824,-2.215765476,ros2_odometer_state
M19C_S1_lab_hard_floor_B1_U050_R1,521.490767802,9.690071242,stop,0.500000,-3.597501993,-4.380060196,-2.215832710,0.025335815,-0.020253824,-2.215765476,ros2_odometer_state
M19C_S1_lab_hard_floor_B1_U050_R1,521.493572611,9.692876051,stop,0.500000,-3.597501993,-4.380060196,-2.215832710,0.025375726,-0.020065317,-2.215627670,ros2_odometer_state
M19C_S1_lab_hard_floor_B1_U050_R1,521.495518348,9.694821788,stop,0.500000,-3.597501993,-4.380060196,-2.215832710,0.025393015,-0.019977970,-2.215553999,ros2_odometer_state
M19C_S1_lab_hard_floor_B1_U050_R1,521.497590265,9.696893705,stop,0.500000,-3.597501993,-4.380060196,-2.215832710,0.025415288,-0.019881172,-2.215487957,ros2_odometer_state
M19C_S1_lab_hard_floor_B1_U050_R1,521.498777126,9.698080566,stop,0.500000,-3.597501993,-4.380060196,-2.215832710,0.025415288,-0.019881172,-2.215487957,ros2_odometer_state
M19C_S1_lab_hard_floor_B1_U050_R1,521.500817810,9.700121250,stop,0.500000,-3.597501993,-4.380060196,-2.215832710,0.025443945,-0.019779971,-2.215416193,ros2_odometer_state
M19C_S1_lab_hard_floor_B1_U050_R1,521.503582746,9.702886186,stop,0.500000,-3.597501993,-4.380060196,-2.215832710,0.025506083,-0.019574057,-2.215248346,ros2_odometer_state
M19C_S1_lab_hard_floor_B1_U050_R1,521.506320352,9.705623792,stop,0.500000,-3.597501993,-4.380060196,-2.215832710,0.025539419,-0.019469270,-2.215156317,ros2_odometer_state
M19C_S1_lab_hard_floor_B1_U050_R1,521.507828633,9.707132073,stop,0.500000,-3.597501993,-4.380060196,-2.215832710,0.025572535,-0.019357359,-2.215066433,ros2_odometer_state
M19C_S1_lab_hard_floor_B1_U050_R1,521.511307227,9.710610667,stop,0.500000,-3.600348234,-4.381461620,-2.215066433,0.025602540,-0.019244472,-2.214975834,ros2_odometer_state
M19C_S1_lab_hard_floor_B1_U050_R1,521.512239134,9.711542574,stop,0.500000,-3.600348234,-4.381461620,-2.215066433,0.025631085,-0.019131362,-2.214894772,ros2_odometer_state
M19C_S1_lab_hard_floor_B1_U050_R1,521.512885334,9.712188774,stop,0.500000,-3.600348234,-4.381461620,-2.215066433,0.025631085,-0.019131362,-2.214894772,ros2_odometer_state
M19C_S1_lab_hard_floor_B1_U050_R1,521.515585019,9.714888459,stop,0.500000,-3.600348234,-4.381461620,-2.215066433,0.025700660,-0.018902242,-2.214721441,ros2_odometer_state
M19C_S1_lab_hard_floor_B1_U050_R1,521.516837034,9.716140474,stop,0.500000,-3.600348234,-4.381461620,-2.215066433,0.025700660,-0.018902242,-2.214721441,ros2_odometer_state
M19C_S1_lab_hard_floor_B1_U050_R1,521.519602802,9.718906242,stop,0.500000,-3.600348234,-4.381461620,-2.215066433,0.025782194,-0.018680220,-2.214548349,ros2_odometer_state
M19C_S1_lab_hard_floor_B1_U050_R1,521.521577467,9.720880907,stop,0.500000,-3.600348234,-4.381461620,-2.215066433,0.025823809,-0.018559016,-2.214454412,ros2_odometer_state
M19C_S1_lab_hard_floor_B1_U050_R1,521.523559174,9.722862614,stop,0.500000,-3.600348234,-4.381461620,-2.215066433,0.025859984,-0.018442312,-2.214360237,ros2_odometer_state
M19C_S1_lab_hard_floor_B1_U050_R1,521.527081738,9.726385178,stop,0.500000,-3.600348234,-4.381461620,-2.215066433,0.025892338,-0.018324131,-2.214261055,ros2_odometer_state
M19C_S1_lab_hard_floor_B1_U050_R1,521.527957386,9.727260826,stop,0.500000,-3.600348234,-4.381461620,-2.215066433,0.025923237,-0.018200206,-2.214167595,ros2_odometer_state
M19C_S1_lab_hard_floor_B1_U050_R1,521.529716876,9.729020316,stop,0.500000,-3.602706432,-4.379730701,-2.214167595,0.025945609,-0.018086417,-2.214062214,ros2_odometer_state
M19C_S1_lab_hard_floor_B1_U050_R1,521.531568786,9.730872226,stop,0.500000,-3.602706432,-4.379730701,-2.214167595,0.025969975,-0.017980779,-2.213951826,ros2_odometer_state
M19C_S1_lab_hard_floor_B1_U050_R1,521.534217717,9.733521157,stop,0.500000,-3.602706432,-4.379730701,-2.214167595,0.026002163,-0.017877441,-2.213848829,ros2_odometer_state
M19C_S1_lab_hard_floor_B1_U050_R1,521.535981783,9.735285223,stop,0.500000,-3.602706432,-4.379730701,-2.214167595,0.026031364,-0.017783681,-2.213746786,ros2_odometer_state
M19C_S1_lab_hard_floor_B1_U050_R1,521.537889470,9.737192910,stop,0.500000,-3.602706432,-4.379730701,-2.214167595,0.026052542,-0.017694844,-2.213644028,ros2_odometer_state
M19C_S1_lab_hard_floor_B1_U050_R1,521.539872424,9.739175864,stop,0.500000,-3.602706432,-4.379730701,-2.214167595,0.026074953,-0.017609429,-2.213538408,ros2_odometer_state
M19C_S1_lab_hard_floor_B1_U050_R1,521.541858003,9.741161443,stop,0.500000,-3.602706432,-4.379730701,-2.214167595,0.026098955,-0.017526884,-2.213432550,ros2_odometer_state
M19C_S1_lab_hard_floor_B1_U050_R1,521.545063307,9.744366747,stop,0.500000,-3.602706432,-4.379730701,-2.214167595,0.026121503,-0.017444894,-2.213320494,ros2_odometer_state
M19C_S1_lab_hard_floor_B1_U050_R1,521.546234839,9.745538279,stop,0.500000,-3.602706432,-4.379730701,-2.214167595,0.026140986,-0.017381527,-2.213211060,ros2_odometer_state
M19C_S1_lab_hard_floor_B1_U050_R1,521.546933425,9.746236865,stop,0.500000,-3.602706432,-4.379730701,-2.214167595,0.026140986,-0.017381527,-2.213211060,ros2_odometer_state
M19C_S1_lab_hard_floor_B1_U050_R1,521.549677271,9.748980711,stop,0.500000,-3.605501175,-4.380601406,-2.213108063,0.026163381,-0.017261963,-2.213007212,ros2_odometer_state
M19C_S1_lab_hard_floor_B1_U050_R1,521.551730372,9.751033812,stop,0.500000,-3.605501175,-4.380601406,-2.213108063,0.026174856,-0.017197134,-2.212907076,ros2_odometer_state
M19C_S1_lab_hard_floor_B1_U050_R1,521.553651500,9.752954940,stop,0.500000,-3.605501175,-4.380601406,-2.213108063,0.026190069,-0.017131774,-2.212808132,ros2_odometer_state
M19C_S1_lab_hard_floor_B1_U050_R1,521.555967651,9.755271091,stop,0.500000,-3.605501175,-4.380601406,-2.213108063,0.026205590,-0.017074788,-2.212715387,ros2_odometer_state
M19C_S1_lab_hard_floor_B1_U050_R1,521.557927468,9.757230908,stop,0.500000,-3.605501175,-4.380601406,-2.213108063,0.026215538,-0.017019372,-2.212620020,ros2_odometer_state
M19C_S1_lab_hard_floor_B1_U050_R1,521.559850548,9.759153988,stop,0.500000,-3.605501175,-4.380601406,-2.213108063,0.026229789,-0.016954396,-2.212525845,ros2_odometer_state
M19C_S1_lab_hard_floor_B1_U050_R1,521.560889243,9.760192683,stop,0.500000,-3.605501175,-4.380601406,-2.213108063,0.026229789,-0.016954396,-2.212525845,ros2_odometer_state
M19C_S1_lab_hard_floor_B1_U050_R1,521.562879462,9.762182902,stop,0.500000,-3.605501175,-4.380601406,-2.213108063,0.026245819,-0.016897498,-2.212434292,ros2_odometer_state
M19C_S1_lab_hard_floor_B1_U050_R1,521.565496744,9.764800184,stop,0.500000,-3.605501175,-4.380601406,-2.213108063,0.026262537,-0.016841127,-2.212347746,ros2_odometer_state
M19C_S1_lab_hard_floor_B1_U050_R1,521.567033921,9.766337361,stop,0.500000,-3.605501175,-4.380601406,-2.213108063,0.026275652,-0.016779521,-2.212264776,ros2_odometer_state
M19C_S1_lab_hard_floor_B1_U050_R1,521.569791945,9.769095385,stop,0.500000,-3.608058453,-4.378747463,-2.212188005,0.026304904,-0.016656999,-2.212110043,ros2_odometer_state
M19C_S1_lab_hard_floor_B1_U050_R1,521.571688784,9.770992224,stop,0.500000,-3.608058453,-4.378747463,-2.212188005,0.026320819,-0.016597347,-2.212036371,ros2_odometer_state
M19C_S1_lab_hard_floor_B1_U050_R1,521.573093156,9.772396596,stop,0.500000,-3.608058453,-4.378747463,-2.212188005,0.026320819,-0.016597347,-2.212036371,ros2_odometer_state
M19C_S1_lab_hard_floor_B1_U050_R1,521.575354585,9.774658025,stop,0.500000,-3.608058453,-4.378747463,-2.212188005,0.026324578,-0.016540818,-2.211967707,ros2_odometer_state
M19C_S1_lab_hard_floor_B1_U050_R1,521.577858071,9.777161511,stop,0.500000,-3.608058453,-4.378747463,-2.212188005,0.026317829,-0.016429897,-2.211830854,ros2_odometer_state
M19C_S1_lab_hard_floor_B1_U050_R1,521.579768542,9.779071982,stop,0.500000,-3.608058453,-4.378747463,-2.212188005,0.026322633,-0.016376328,-2.211761951,ros2_odometer_state
M19C_S1_lab_hard_floor_B1_U050_R1,521.581770729,9.781074169,stop,0.500000,-3.608058453,-4.378747463,-2.212188005,0.026331112,-0.016322544,-2.211693048,ros2_odometer_state
M19C_S1_lab_hard_floor_B1_U050_R1,521.583999420,9.783302860,stop,0.500000,-3.608058453,-4.378747463,-2.212188005,0.026335154,-0.016276550,-2.211629391,ros2_odometer_state
M19C_S1_lab_hard_floor_B1_U050_R1,521.586979308,9.786282748,stop,0.500000,-3.608058453,-4.378747463,-2.212188005,0.026340567,-0.016234966,-2.211570024,ros2_odometer_state
M19C_S1_lab_hard_floor_B1_U050_R1,521.587309752,9.786613192,stop,0.500000,-3.608058453,-4.378747463,-2.212188005,0.026340567,-0.016234966,-2.211570024,ros2_odometer_state
M19C_S1_lab_hard_floor_B1_U050_R1,521.589802294,9.789105734,stop,0.500000,-3.611039400,-4.379358768,-2.211518288,0.026367284,-0.016155006,-2.211464167,ros2_odometer_state
M19C_S1_lab_hard_floor_B1_U050_R1,521.590965601,9.790269041,stop,0.500000,-3.611039400,-4.379358768,-2.211518288,0.026367284,-0.016155006,-2.211464167,ros2_odometer_state
M19C_S1_lab_hard_floor_B1_U050_R1,521.593742697,9.793046137,stop,0.500000,-3.611039400,-4.379358768,-2.211518288,0.026393967,-0.016073847,-2.211365223,ros2_odometer_state
M19C_S1_lab_hard_floor_B1_U050_R1,521.595017785,9.794321225,stop,0.500000,-3.611039400,-4.379358768,-2.211518288,0.026393967,-0.016073847,-2.211365223,ros2_odometer_state
M19C_S1_lab_hard_floor_B1_U050_R1,521.597002723,9.796306163,stop,0.500000,-3.611039400,-4.379358768,-2.211518288,0.026412027,-0.016037954,-2.211315870,ros2_odometer_state
M19C_S1_lab_hard_floor_B1_U050_R1,521.599013423,9.798316863,stop,0.500000,-3.611039400,-4.379358768,-2.211518288,0.026436700,-0.015995037,-2.211269140,ros2_odometer_state
M19C_S1_lab_hard_floor_B1_U050_R1,521.601045051,9.800348491,stop,0.500000,-3.611039400,-4.379358768,-2.211518288,0.026456160,-0.015962711,-2.211225510,ros2_odometer_state
M19C_S1_lab_hard_floor_B1_U050_R1,521.604834825,9.804138265,stop,0.500000,-3.611039400,-4.379358768,-2.211518288,0.026488056,-0.015880419,-2.211148024,ros2_odometer_state
M19C_S1_lab_hard_floor_B1_U050_R1,521.606361634,9.805665074,stop,0.500000,-3.611039400,-4.379358768,-2.211518288,0.026503114,-0.015837854,-2.211105585,ros2_odometer_state
M19C_S1_lab_hard_floor_B1_U050_R1,521.607255459,9.806558899,stop,0.500000,-3.611039400,-4.379358768,-2.211518288,0.026503114,-0.015837854,-2.211105585,ros2_odometer_state
M19C_S1_lab_hard_floor_B1_U050_R1,521.610165968,9.809469408,stop,0.500000,-3.614058256,-4.380688190,-2.211069107,0.026524600,-0.015753329,-2.211039066,ros2_odometer_state
M19C_S1_lab_hard_floor_B1_U050_R1,521.613381481,9.812684921,stop,0.500000,-3.614058256,-4.380688190,-2.211069107,0.026530584,-0.015710188,-2.211007357,ros2_odometer_state
M19C_S1_lab_hard_floor_B1_U050_R1,521.614276106,9.813579546,stop,0.500000,-3.614058256,-4.380688190,-2.211069107,0.026538419,-0.015680254,-2.210969210,ros2_odometer_state
M19C_S1_lab_hard_floor_B1_U050_R1,521.615779298,9.815082738,stop,0.500000,-3.614058256,-4.380688190,-2.211069107,0.026543988,-0.015646644,-2.210936546,ros2_odometer_state
M19C_S1_lab_hard_floor_B1_U050_R1,521.617806734,9.817110174,stop,0.500000,-3.614058256,-4.380688190,-2.211069107,0.026550209,-0.015603669,-2.210909843,ros2_odometer_state
M19C_S1_lab_hard_floor_B1_U050_R1,521.619032508,9.818335948,stop,0.500000,-3.614058256,-4.380688190,-2.211069107,0.026550209,-0.015603669,-2.210909843,ros2_odometer_state
M19C_S1_lab_hard_floor_B1_U050_R1,521.621782499,9.821085939,stop,0.500000,-3.614058256,-4.380688190,-2.211069107,0.026559137,-0.015544397,-2.210854292,ros2_odometer_state
M19C_S1_lab_hard_floor_B1_U050_R1,521.622989008,9.822292448,stop,0.500000,-3.614058256,-4.380688190,-2.211069107,0.026559137,-0.015544397,-2.210854292,ros2_odometer_state
M19C_S1_lab_hard_floor_B1_U050_R1,521.626373647,9.825677087,stop,0.500000,-3.614058256,-4.380688190,-2.211069107,0.026550151,-0.015490219,-2.210801363,ros2_odometer_state
M19C_S1_lab_hard_floor_B1_U050_R1,521.627113547,9.826416987,stop,0.500000,-3.614058256,-4.380688190,-2.211069107,0.026550151,-0.015490219,-2.210801363,ros2_odometer_state
M19C_S1_lab_hard_floor_B1_U050_R1,521.629858225,9.829161665,stop,0.500000,-3.616863489,-4.382876873,-2.210783243,0.026550811,-0.015454157,-2.210767031,ros2_odometer_state
M19C_S1_lab_hard_floor_B1_U050_R1,521.631852348,9.831155788,stop,0.500000,-3.616863489,-4.382876873,-2.210783243,0.026562294,-0.015438712,-2.210747480,ros2_odometer_state
M19C_S1_lab_hard_floor_B1_U050_R1,521.633806181,9.833109621,stop,0.500000,-3.616863489,-4.382876873,-2.210783243,0.026561871,-0.015440003,-2.210725307,ros2_odometer_state
M19C_S1_lab_hard_floor_B1_U050_R1,521.635775439,9.835078879,stop,0.500000,-3.616863489,-4.382876873,-2.210783243,0.026560796,-0.015449909,-2.210701466,ros2_odometer_state
M19C_S1_lab_hard_floor_B1_U050_R1,521.637807387,9.837110827,stop,0.500000,-3.616863489,-4.382876873,-2.210783243,0.026580378,-0.015444223,-2.210691690,ros2_odometer_state
M19C_S1_lab_hard_floor_B1_U050_R1,521.640481823,9.839785263,stop,0.500000,-3.616863489,-4.382876873,-2.210783243,0.026591085,-0.015453621,-2.210686445,ros2_odometer_state
M19C_S1_lab_hard_floor_B1_U050_R1,521.642005560,9.841309000,stop,0.500000,-3.616863489,-4.382876873,-2.210783243,0.026603321,-0.015440083,-2.210681915,ros2_odometer_state
M19C_S1_lab_hard_floor_B1_U050_R1,521.643184900,9.842488340,stop,0.500000,-3.616863489,-4.382876873,-2.210783243,0.026603321,-0.015440083,-2.210681915,ros2_odometer_state
M19C_S1_lab_hard_floor_B1_U050_R1,521.648769237,9.848072677,stop,0.500000,-3.616863489,-4.382876873,-2.210783243,0.026611479,-0.015452891,-2.210687399,ros2_odometer_state
M19C_S1_lab_hard_floor_B1_U050_R1,521.649663095,9.848966535,stop,0.500000,-3.616863489,-4.382876873,-2.210783243,0.026625196,-0.015451598,-2.210689783,ros2_odometer_state
M19C_S1_lab_hard_floor_B1_U050_R1,521.650506519,9.849809959,stop,0.500000,-3.619599104,-4.385243416,-2.210689783,0.026634118,-0.015463462,-2.210690498,ros2_odometer_state
M19C_S1_lab_hard_floor_B1_U050_R1,521.651852649,9.851156089,stop,0.500000,-3.619599104,-4.385243416,-2.210689783,0.026647259,-0.015457420,-2.210691929,ros2_odometer_state
M19C_S1_lab_hard_floor_B1_U050_R1,521.653062230,9.852365670,stop,0.500000,-3.619599104,-4.385243416,-2.210689783,0.026647259,-0.015457420,-2.210691929,ros2_odometer_state
M19C_S1_lab_hard_floor_B1_U050_R1,521.656043142,9.855346582,stop,0.500000,-3.619599104,-4.385243416,-2.210689783,0.026644709,-0.015489394,-2.210689068,ros2_odometer_state
M19C_S1_lab_hard_floor_B1_U050_R1,521.657900715,9.857204155,stop,0.500000,-3.619599104,-4.385243416,-2.210689783,0.026644675,-0.015485458,-2.210698843,ros2_odometer_state
M19C_S1_lab_hard_floor_B1_U050_R1,521.659795506,9.859098946,stop,0.500000,-3.619599104,-4.385243416,-2.210689783,0.026635259,-0.015505237,-2.210705996,ros2_odometer_state
M19C_S1_lab_hard_floor_B1_U050_R1,521.661847199,9.861150639,stop,0.500000,-3.619599104,-4.385243416,-2.210689783,0.026632486,-0.015510629,-2.210702419,ros2_odometer_state
M19C_S1_lab_hard_floor_B1_U050_R1,521.663858506,9.863161946,stop,0.500000,-3.619599104,-4.385243416,-2.210689783,0.026624816,-0.015527755,-2.210701227,ros2_odometer_state
M19C_S1_lab_hard_floor_B1_U050_R1,521.666424810,9.865728250,stop,0.500000,-3.619599104,-4.385243416,-2.210689783,0.026612284,-0.015544698,-2.210695982,ros2_odometer_state
M19C_S1_lab_hard_floor_B1_U050_R1,521.667840992,9.867144432,stop,0.500000,-3.619599104,-4.385243416,-2.210689783,0.026606845,-0.015546800,-2.210685492,ros2_odometer_state
M19C_S1_lab_hard_floor_B1_U050_R1,521.669154193,9.868457633,stop,0.500000,-3.623174667,-4.387361050,-2.210685492,0.026606845,-0.015546800,-2.210685492,ros2_odometer_state
M19C_S1_lab_hard_floor_B1_U050_R1,521.671072985,9.870376425,stop,0.500000,-3.623174667,-4.387361050,-2.210685492,0.026600139,-0.015576432,-2.210669994,ros2_odometer_state
M19C_S1_lab_hard_floor_B1_U050_R1,521.673748125,9.873051565,stop,0.500000,-3.623174667,-4.387361050,-2.210685492,0.026597414,-0.015607214,-2.210647106,ros2_odometer_state
M19C_S1_lab_hard_floor_B1_U050_R1,521.675817066,9.875120506,stop,0.500000,-3.623174667,-4.387361050,-2.210685492,0.026595864,-0.015631977,-2.210634708,ros2_odometer_state
M19C_S1_lab_hard_floor_B1_U050_R1,521.679594456,9.878897896,stop,0.500000,-3.623174667,-4.387361050,-2.210685492,0.026595864,-0.015631977,-2.210634708,ros2_odometer_state
M19C_S1_lab_hard_floor_B1_U050_R1,521.680631582,9.879935022,stop,0.500000,-3.623174667,-4.387361050,-2.210685492,0.026604831,-0.015648922,-2.210618496,ros2_odometer_state
M19C_S1_lab_hard_floor_B1_U050_R1,521.681517728,9.880821168,stop,0.500000,-3.623174667,-4.387361050,-2.210685492,0.026606003,-0.015683550,-2.210599899,ros2_odometer_state
M19C_S1_lab_hard_floor_B1_U050_R1,521.683112219,9.882415659,stop,0.500000,-3.623174667,-4.387361050,-2.210685492,0.026615927,-0.015705241,-2.210587978,ros2_odometer_state
M19C_S1_lab_hard_floor_B1_U050_R1,521.686481433,9.885784873,stop,0.500000,-3.623174667,-4.387361050,-2.210685492,0.026597906,-0.015782723,-2.210547209,ros2_odometer_state
M19C_S1_lab_hard_floor_B1_U050_R1,521.687231445,9.886534885,stop,0.500000,-3.623174667,-4.387361050,-2.210685492,0.026597906,-0.015782723,-2.210547209,ros2_odometer_state
M19C_S1_lab_hard_floor_B1_U050_R1,521.689405095,9.888708535,stop,0.500000,-3.626671076,-4.388783455,-2.210522890,0.026594212,-0.015803300,-2.210522890,ros2_odometer_state
M19C_S1_lab_hard_floor_B1_U050_R1,521.691918757,9.891222197,stop,0.500000,-3.626671076,-4.388783455,-2.210522890,0.026582507,-0.015881600,-2.210479021,ros2_odometer_state
M19C_S1_lab_hard_floor_B1_U050_R1,521.693156691,9.892460131,stop,0.500000,-3.626671076,-4.388783455,-2.210522890,0.026582507,-0.015881600,-2.210479021,ros2_odometer_state
M19C_S1_lab_hard_floor_B1_U050_R1,521.695991581,9.895295021,stop,0.500000,-3.626671076,-4.388783455,-2.210522890,0.026575796,-0.015962049,-2.210432529,ros2_odometer_state
M19C_S1_lab_hard_floor_B1_U050_R1,521.697935654,9.897239094,stop,0.500000,-3.626671076,-4.388783455,-2.210522890,0.026568264,-0.015994046,-2.210404873,ros2_odometer_state
M19C_S1_lab_hard_floor_B1_U050_R1,521.699146708,9.898450148,stop,0.500000,-3.626671076,-4.388783455,-2.210522890,0.026568264,-0.015994046,-2.210404873,ros2_odometer_state
M19C_S1_lab_hard_floor_B1_U050_R1,521.701956317,9.901259757,stop,0.500000,-3.626671076,-4.388783455,-2.210522890,0.026552532,-0.016088214,-2.210360527,ros2_odometer_state
M19C_S1_lab_hard_floor_B1_U050_R1,521.703959624,9.903263064,stop,0.500000,-3.626671076,-4.388783455,-2.210522890,0.026550807,-0.016139008,-2.210337400,ros2_odometer_state
M19C_S1_lab_hard_floor_B1_U050_R1,521.706510375,9.905813815,stop,0.500000,-3.626671076,-4.388783455,-2.210522890,0.026542624,-0.016191967,-2.210311890,ros2_odometer_state
M19C_S1_lab_hard_floor_B1_U050_R1,521.708105027,9.907408467,stop,0.500000,-3.626671076,-4.388783455,-2.210522890,0.026536614,-0.016239589,-2.210282564,ros2_odometer_state
M19C_S1_lab_hard_floor_B1_U050_R1,521.709989866,9.909293306,stop,0.500000,-3.630009174,-4.390511990,-2.210282564,0.026526783,-0.016296569,-2.210256100,ros2_odometer_state
M19C_S1_lab_hard_floor_B1_U050_R1,521.712084312,9.911387752,stop,0.500000,-3.630009174,-4.390511990,-2.210282564,0.026519323,-0.016356865,-2.210226059,ros2_odometer_state
M19C_S1_lab_hard_floor_B1_U050_R1,521.713939005,9.913242445,stop,0.500000,-3.630009174,-4.390511990,-2.210282564,0.026511200,-0.016425958,-2.210197926,ros2_odometer_state
M19C_S1_lab_hard_floor_B1_U050_R1,521.716041516,9.915344956,stop,0.500000,-3.630009174,-4.390511990,-2.210282564,0.026506722,-0.016497340,-2.210166216,ros2_odometer_state
M19C_S1_lab_hard_floor_B1_U050_R1,521.717202328,9.916505768,stop,0.500000,-3.630009174,-4.390511990,-2.210282564,0.026506722,-0.016497340,-2.210166216,ros2_odometer_state
M19C_S1_lab_hard_floor_B1_U050_R1,521.719934110,9.919237550,stop,0.500000,-3.630009174,-4.390511990,-2.210282564,0.026488425,-0.016635429,-2.210096359,ros2_odometer_state
M19C_S1_lab_hard_floor_B1_U050_R1,521.722007019,9.921310459,stop,0.500000,-3.630009174,-4.390511990,-2.210282564,0.026473824,-0.016712852,-2.210049868,ros2_odometer_state
M19C_S1_lab_hard_floor_B1_U050_R1,521.723922739,9.923226179,stop,0.500000,-3.630009174,-4.390511990,-2.210282564,0.026467165,-0.016787641,-2.210003376,ros2_odometer_state
M19C_S1_lab_hard_floor_B1_U050_R1,521.726565366,9.925868806,stop,0.500000,-3.630009174,-4.390511990,-2.210282564,0.026459401,-0.016868535,-2.209957838,ros2_odometer_state
M19C_S1_lab_hard_floor_B1_U050_R1,521.728077743,9.927381183,stop,0.500000,-3.630009174,-4.390511990,-2.210282564,0.026448488,-0.016955050,-2.209909201,ros2_odometer_state
M19C_S1_lab_hard_floor_B1_U050_R1,521.730024632,9.929328072,stop,0.500000,-3.633299589,-4.391816616,-2.209909201,0.026438640,-0.017037086,-2.209852695,ros2_odometer_state
M19C_S1_lab_hard_floor_B1_U050_R1,521.731965792,9.931269232,stop,0.500000,-3.633299589,-4.391816616,-2.209909201,0.026417101,-0.017130394,-2.209797621,ros2_odometer_state
M19C_S1_lab_hard_floor_B1_U050_R1,521.733940458,9.933243898,stop,0.500000,-3.633299589,-4.391816616,-2.209909201,0.026401427,-0.017230896,-2.209738970,ros2_odometer_state
M19C_S1_lab_hard_floor_B1_U050_R1,521.735223482,9.934526922,stop,0.500000,-3.633299589,-4.391816616,-2.209909201,0.026401427,-0.017230896,-2.209738970,ros2_odometer_state
M19C_S1_lab_hard_floor_B1_U050_R1,521.737977665,9.937281105,stop,0.500000,-3.633299589,-4.391816616,-2.209909201,0.026376849,-0.017434295,-2.209614754,ros2_odometer_state
M19C_S1_lab_hard_floor_B1_U050_R1,521.740046479,9.939349919,stop,0.500000,-3.633299589,-4.391816616,-2.209909201,0.026365688,-0.017538182,-2.209543943,ros2_odometer_state
M19C_S1_lab_hard_floor_B1_U050_R1,521.742019097,9.941322537,stop,0.500000,-3.633299589,-4.391816616,-2.209909201,0.026354052,-0.017641477,-2.209464788,ros2_odometer_state
M19C_S1_lab_hard_floor_B1_U050_R1,521.744469908,9.943773348,stop,0.500000,-3.633299589,-4.391816616,-2.209909201,0.026343146,-0.017747629,-2.209381819,ros2_odometer_state
M19C_S1_lab_hard_floor_B1_U050_R1,521.747488709,9.946792149,stop,0.500000,-3.633299589,-4.391816616,-2.209909201,0.026333980,-0.017857932,-2.209295034,ros2_odometer_state
M19C_S1_lab_hard_floor_B1_U050_R1,521.747948119,9.947251559,stop,0.500000,-3.633299589,-4.391816616,-2.209909201,0.026333980,-0.017857932,-2.209295034,ros2_odometer_state
M19C_S1_lab_hard_floor_B1_U050_R1,521.750161642,9.949465082,stop,0.500000,-3.635902882,-4.392772198,-2.209208965,0.026314110,-0.018078582,-2.209124327,ros2_odometer_state
M19C_S1_lab_hard_floor_B1_U050_R1,521.751297364,9.950600804,stop,0.500000,-3.635902882,-4.392772198,-2.209208965,0.026314110,-0.018078582,-2.209124327,ros2_odometer_state
M19C_S1_lab_hard_floor_B1_U050_R1,521.753948215,9.953251655,stop,0.500000,-3.635902882,-4.392772198,-2.209208965,0.026296115,-0.018296430,-2.208933353,ros2_odometer_state
M19C_S1_lab_hard_floor_B1_U050_R1,521.756830403,9.956133843,stop,0.500000,-3.635902882,-4.392772198,-2.209208965,0.026288688,-0.018403701,-2.208841562,ros2_odometer_state
M19C_S1_lab_hard_floor_B1_U050_R1,521.757605888,9.956909328,stop,0.500000,-3.635902882,-4.392772198,-2.209208965,0.026288688,-0.018403701,-2.208841562,ros2_odometer_state
M19C_S1_lab_hard_floor_B1_U050_R1,521.759951224,9.959254664,stop,0.500000,-3.635902882,-4.392772198,-2.209208965,0.026281772,-0.018613599,-2.208665848,ros2_odometer_state
M19C_S1_lab_hard_floor_B1_U050_R1,521.761938531,9.961241971,stop,0.500000,-3.635902882,-4.392772198,-2.209208965,0.026272833,-0.018710058,-2.208569527,ros2_odometer_state
M19C_S1_lab_hard_floor_B1_U050_R1,521.763955118,9.963258558,stop,0.500000,-3.635902882,-4.392772198,-2.209208965,0.026270486,-0.018814132,-2.208478928,ros2_odometer_state
M19C_S1_lab_hard_floor_B1_U050_R1,521.766855003,9.966158443,stop,0.500000,-3.635902882,-4.392772198,-2.209208965,0.026269335,-0.018917996,-2.208395004,ros2_odometer_state
M19C_S1_lab_hard_floor_B1_U050_R1,521.768105929,9.967409369,stop,0.500000,-3.635902882,-4.392772198,-2.209208965,0.026271896,-0.019014932,-2.208314419,ros2_odometer_state
M19C_S1_lab_hard_floor_B1_U050_R1,521.769419259,9.968722699,stop,0.500000,-3.637072563,-4.391832829,-2.208314419,0.026271896,-0.019014932,-2.208314419,ros2_odometer_state
M19C_S1_lab_hard_floor_B1_U050_R1,521.771936825,9.971240265,stop,0.500000,-3.637072563,-4.391832829,-2.208314419,0.026258301,-0.019213490,-2.208155394,ros2_odometer_state
M19C_S1_lab_hard_floor_B1_U050_R1,521.773909923,9.973213363,stop,0.500000,-3.637072563,-4.391832829,-2.208314419,0.026254378,-0.019308332,-2.208076477,ros2_odometer_state
M19C_S1_lab_hard_floor_B1_U050_R1,521.776279035,9.975582475,stop,0.500000,-3.637072563,-4.391832829,-2.208314419,0.026253279,-0.019414682,-2.207998276,ros2_odometer_state
M19C_S1_lab_hard_floor_B1_U050_R1,521.778071487,9.977374927,stop,0.500000,-3.637072563,-4.391832829,-2.208314419,0.026252480,-0.019539658,-2.207911968,ros2_odometer_state
M19C_S1_lab_hard_floor_B1_U050_R1,521.780037448,9.979340888,stop,0.500000,-3.637072563,-4.391832829,-2.208314419,0.026251117,-0.019664839,-2.207830191,ros2_odometer_state
M19C_S1_lab_hard_floor_B1_U050_R1,521.785592120,9.984895560,stop,0.500000,-3.637072563,-4.391832829,-2.208314419,0.026251117,-0.019664839,-2.207830191,ros2_odometer_state
M19C_S1_lab_hard_floor_B1_U050_R1,521.787302520,9.986605960,stop,0.500000,-3.637072563,-4.391832829,-2.208314419,0.026237652,-0.019941041,-2.207653046,ros2_odometer_state
M19C_S1_lab_hard_floor_B1_U050_R1,521.789929178,9.989232618,stop,0.500000,-3.637072563,-4.391832829,-2.208314419,0.026224468,-0.020085866,-2.207564592,ros2_odometer_state
M19C_S1_lab_hard_floor_B1_U050_R1,521.790932384,9.990235824,stop,0.500000,-3.637072563,-4.391832829,-2.208314419,0.026226286,-0.020243974,-2.207469463,ros2_odometer_state
M19C_S1_lab_hard_floor_B1_U050_R1,521.791810913,9.991114353,stop,0.500000,-3.639798641,-4.393086910,-2.207469463,0.026227279,-0.020400524,-2.207378149,ros2_odometer_state
M19C_S1_lab_hard_floor_B1_U050_R1,521.793122898,9.992426338,stop,0.500000,-3.639798641,-4.393086910,-2.207469463,0.026232390,-0.020563260,-2.207294226,ros2_odometer_state
M19C_S1_lab_hard_floor_B1_U050_R1,521.793489312,9.992792752,stop,0.500000,-3.639798641,-4.393086910,-2.207469463,0.026232390,-0.020563260,-2.207294226,ros2_odometer_state
M19C_S1_lab_hard_floor_B1_U050_R1,521.796300969,9.995604409,stop,0.500000,-3.639798641,-4.393086910,-2.207469463,0.026238279,-0.020732082,-2.207213640,ros2_odometer_state
M19C_S1_lab_hard_floor_B1_U050_R1,521.799938897,9.999242337,stop,0.500000,-3.639798641,-4.393086910,-2.207469463,0.026245330,-0.021062242,-2.207032204,ros2_odometer_state
M19C_S1_lab_hard_floor_B1_U050_R1,521.800877204,10.000180644,stop,0.500000,-3.639798641,-4.393086910,-2.207469463,0.026260719,-0.021230794,-2.206938028,ros2_odometer_state
M19C_S1_lab_hard_floor_B1_U050_R1,521.802044224,10.001347664,stop,0.500000,-3.639798641,-4.393086910,-2.207469463,0.026269805,-0.021400476,-2.206836700,ros2_odometer_state
M19C_S1_lab_hard_floor_B1_U050_R1,521.803384978,10.002688418,stop,0.500000,-3.639798641,-4.393086910,-2.207469463,0.026269805,-0.021400476,-2.206836700,ros2_odometer_state
M19C_S1_lab_hard_floor_B1_U050_R1,521.806767153,10.006070593,stop,0.500000,-3.639798641,-4.393086910,-2.207469463,0.026268357,-0.021748351,-2.206645012,ros2_odometer_state
M19C_S1_lab_hard_floor_B1_U050_R1,521.809154186,10.008457626,stop,0.500000,-3.639798641,-4.393086910,-2.207469463,0.026262665,-0.021929247,-2.206548452,ros2_odometer_state
M19C_S1_lab_hard_floor_B1_U050_R1,521.809483287,10.008786727,stop,0.500000,-3.641166687,-4.392014027,-2.206548452,0.026262665,-0.021929247,-2.206548452,ros2_odometer_state
M19C_S1_lab_hard_floor_B1_U050_R1,521.814258697,10.013562137,stop,0.500000,-3.641166687,-4.392014027,-2.206548452,0.026233157,-0.022297351,-2.206346989,ros2_odometer_state
M19C_S1_lab_hard_floor_B1_U050_R1,521.817868305,10.017171745,stop,0.500000,-3.641166687,-4.392014027,-2.206548452,0.026220735,-0.022485532,-2.206249714,ros2_odometer_state
M19C_S1_lab_hard_floor_B1_U050_R1,521.818993243,10.018296683,stop,0.500000,-3.641166687,-4.392014027,-2.206548452,0.026205502,-0.022680197,-2.206149578,ros2_odometer_state
M19C_S1_lab_hard_floor_B1_U050_R1,521.820490035,10.019793475,stop,0.500000,-3.641166687,-4.392014027,-2.206548452,0.026180018,-0.022888366,-2.206044436,ros2_odometer_state
M19C_S1_lab_hard_floor_B1_U050_R1,521.821974858,10.021278298,stop,0.500000,-3.641166687,-4.392014027,-2.206548452,0.026154399,-0.023105688,-2.205943823,ros2_odometer_state
M19C_S1_lab_hard_floor_B1_U050_R1,521.822899277,10.022202717,stop,0.500000,-3.641166687,-4.392014027,-2.206548452,0.026140574,-0.023329884,-2.205853939,ros2_odometer_state
M19C_S1_lab_hard_floor_B1_U050_R1,521.823629288,10.022932728,stop,0.500000,-3.641166687,-4.392014027,-2.206548452,0.026140574,-0.023329884,-2.205853939,ros2_odometer_state
M19C_S1_lab_hard_floor_B1_U050_R1,521.826834720,10.026138160,stop,0.500000,-3.641166687,-4.392014027,-2.206548452,0.026120158,-0.023785265,-2.205714464,ros2_odometer_state
M19C_S1_lab_hard_floor_B1_U050_R1,521.828292503,10.027595943,stop,0.500000,-3.641166687,-4.392014027,-2.206548452,0.026117342,-0.024029993,-2.205648661,ros2_odometer_state
M19C_S1_lab_hard_floor_B1_U050_R1,521.830308802,10.029612242,stop,0.500000,-3.642311811,-4.391113758,-2.205648661,0.026111014,-0.024278330,-2.205578566,ros2_odometer_state
M19C_S1_lab_hard_floor_B1_U050_R1,521.832244811,10.031548251,stop,0.500000,-3.642311811,-4.391113758,-2.205648661,0.026115842,-0.024525780,-2.205506086,ros2_odometer_state
M19C_S1_lab_hard_floor_B1_U050_R1,521.834194996,10.033498436,stop,0.500000,-3.642311811,-4.391113758,-2.205648661,0.026122293,-0.024775570,-2.205427408,ros2_odometer_state
M19C_S1_lab_hard_floor_B1_U050_R1,521.835419202,10.034722642,stop,0.500000,-3.642311811,-4.391113758,-2.205648661,0.026122293,-0.024775570,-2.205427408,ros2_odometer_state
M19C_S1_lab_hard_floor_B1_U050_R1,521.838168969,10.037472409,stop,0.500000,-3.642311811,-4.391113758,-2.205648661,0.026145725,-0.025280695,-2.205292702,ros2_odometer_state
M19C_S1_lab_hard_floor_B1_U050_R1,521.840231446,10.039534886,stop,0.500000,-3.642311811,-4.391113758,-2.205648661,0.026160173,-0.025527470,-2.205235243,ros2_odometer_state
M19C_S1_lab_hard_floor_B1_U050_R1,521.841444291,10.040747731,stop,0.500000,-3.642311811,-4.391113758,-2.205648661,0.026160173,-0.025527470,-2.205235243,ros2_odometer_state
M19C_S1_lab_hard_floor_B1_U050_R1,521.844766592,10.044070032,stop,0.500000,-3.642311811,-4.391113758,-2.205648661,0.026166772,-0.026029807,-2.205129147,ros2_odometer_state
M19C_S1_lab_hard_floor_B1_U050_R1,521.846253527,10.045556967,stop,0.500000,-3.642311811,-4.391113758,-2.205648661,0.026166772,-0.026029807,-2.205129147,ros2_odometer_state
M19C_S1_lab_hard_floor_B1_U050_R1,521.847627435,10.046930875,stop,0.500000,-3.642311811,-4.391113758,-2.205648661,0.026168844,-0.026283143,-2.205080509,ros2_odometer_state
M19C_S1_lab_hard_floor_B1_U050_R1,521.850388466,10.049691906,stop,0.500000,-3.643642187,-4.390068531,-2.205032110,0.026187345,-0.027072798,-2.204966784,ros2_odometer_state
M19C_S1_lab_hard_floor_B1_U050_R1,521.851512284,10.050815724,stop,0.500000,-3.643642187,-4.390068531,-2.205032110,0.026187345,-0.027072798,-2.204966784,ros2_odometer_state
M19C_S1_lab_hard_floor_B1_U050_R1,521.854353927,10.053657367,stop,0.500000,-3.643642187,-4.390068531,-2.205032110,0.026207974,-0.027593397,-2.204931498,ros2_odometer_state
M19C_S1_lab_hard_floor_B1_U050_R1,521.856875397,10.056178837,stop,0.500000,-3.643642187,-4.390068531,-2.205032110,0.026214316,-0.027850656,-2.204927444,ros2_odometer_state
M19C_S1_lab_hard_floor_B1_U050_R1,521.858274905,10.057578345,stop,0.500000,-3.643642187,-4.390068531,-2.205032110,0.026227353,-0.028100368,-2.204935551,ros2_odometer_state
M19C_S1_lab_hard_floor_B1_U050_R1,521.860340871,10.059644311,stop,0.500000,-3.643642187,-4.390068531,-2.205032110,0.026227353,-0.028100368,-2.204935551,ros2_odometer_state
M19C_S1_lab_hard_floor_B1_U050_R1,521.862365618,10.061669058,stop,0.500000,-3.643642187,-4.390068531,-2.205032110,0.026243415,-0.028348457,-2.204955101,ros2_odometer_state
M19C_S1_lab_hard_floor_B1_U050_R1,521.863494269,10.062797709,stop,0.500000,-3.643642187,-4.390068531,-2.205032110,0.026243415,-0.028348457,-2.204955101,ros2_odometer_state
M19C_S1_lab_hard_floor_B1_U050_R1,521.866854619,10.066158059,stop,0.500000,-3.643642187,-4.390068531,-2.205032110,0.026292274,-0.029065011,-2.205010653,ros2_odometer_state
M19C_S1_lab_hard_floor_B1_U050_R1,521.867756956,10.067060396,stop,0.500000,-3.643642187,-4.390068531,-2.205032110,0.026292274,-0.029065011,-2.205010653,ros2_odometer_state
M19C_S1_lab_hard_floor_B1_U050_R1,521.870363838,10.069667278,stop,0.500000,-3.644687414,-4.389256001,-2.205027342,0.026352178,-0.029553102,-2.205047846,ros2_odometer_state
M19C_S1_lab_hard_floor_B1_U050_R1,521.872752535,10.072055975,stop,0.500000,-3.644687414,-4.389256001,-2.205027342,0.026376665,-0.029801864,-2.205072165,ros2_odometer_state
M19C_S1_lab_hard_floor_B1_U050_R1,521.873638425,10.072941865,stop,0.500000,-3.644687414,-4.389256001,-2.205027342,0.026376665,-0.029801864,-2.205072165,ros2_odometer_state
M19C_S1_lab_hard_floor_B1_U050_R1,521.876343486,10.075646926,stop,0.500000,-3.644687414,-4.389256001,-2.205027342,0.026424466,-0.030293196,-2.205150366,ros2_odometer_state
M19C_S1_lab_hard_floor_B1_U050_R1,521.878696918,10.078000358,stop,0.500000,-3.644687414,-4.389256001,-2.205027342,0.026447015,-0.030538842,-2.205187321,ros2_odometer_state
M19C_S1_lab_hard_floor_B1_U050_R1,521.880573084,10.079876524,stop,0.500000,-3.644687414,-4.389256001,-2.205027342,0.026460836,-0.030780550,-2.205219030,ros2_odometer_state
M19C_S1_lab_hard_floor_B1_U050_R1,521.882900435,10.082203875,stop,0.500000,-3.644687414,-4.389256001,-2.205027342,0.026460836,-0.030780550,-2.205219030,ros2_odometer_state
M19C_S1_lab_hard_floor_B1_U050_R1,521.884252870,10.083556310,stop,0.500000,-3.644687414,-4.389256001,-2.205027342,0.026466617,-0.031017302,-2.205245256,ros2_odometer_state
M19C_S1_lab_hard_floor_B1_U050_R1,521.886988556,10.086291996,stop,0.500000,-3.644687414,-4.389256001,-2.205027342,0.026463110,-0.031483740,-2.205297470,ros2_odometer_state
M19C_S1_lab_hard_floor_B1_U050_R1,521.887646277,10.086949717,stop,0.500000,-3.644687414,-4.389256001,-2.205027342,0.026463110,-0.031483740,-2.205297470,ros2_odometer_state
M19C_S1_lab_hard_floor_B1_U050_R1,521.890436909,10.089740349,stop,0.500000,-3.645492792,-4.388635635,-2.205318928,0.026437478,-0.031900253,-2.205334187,ros2_odometer_state
M19C_S1_lab_hard_floor_B1_U050_R1,521.892387798,10.091691238,stop,0.500000,-3.645492792,-4.388635635,-2.205318928,0.026424941,-0.032092545,-2.205340862,ros2_odometer_state
M19C_S1_lab_hard_floor_B1_U050_R1,521.893545538,10.092848978,stop,0.500000,-3.645492792,-4.388635635,-2.205318928,0.026424941,-0.032092545,-2.205340862,ros2_odometer_state
M19C_S1_lab_hard_floor_B1_U050_R1,521.896691480,10.095994920,stop,0.500000,-3.645492792,-4.388635635,-2.205318928,0.026396079,-0.032472070,-2.205363512,ros2_odometer_state
M19C_S1_lab_hard_floor_B1_U050_R1,521.897616858,10.096920298,stop,0.500000,-3.645492792,-4.388635635,-2.205318928,0.026396079,-0.032472070,-2.205363512,ros2_odometer_state
M19C_S1_lab_hard_floor_B1_U050_R1,521.900433700,10.099737140,stop,0.500000,-3.645492792,-4.388635635,-2.205318928,0.026356148,-0.032804679,-2.205362082,ros2_odometer_state
M19C_S1_lab_hard_floor_B1_U050_R1,521.901722004,10.101025444,stop,0.500000,-3.645492792,-4.388635635,-2.205318928,0.026356148,-0.032804679,-2.205362082,ros2_odometer_state
M19C_S1_lab_hard_floor_B1_U050_R1,521.903783713,10.103087153,stop,0.500000,-3.645492792,-4.388635635,-2.205318928,0.026341015,-0.032959525,-2.205376148,ros2_odometer_state
M19C_S1_lab_hard_floor_B1_U050_R1,521.909663709,10.108967149,stop,0.500000,-3.645492792,-4.388635635,-2.205318928,0.026319318,-0.033214904,-2.205407858,ros2_odometer_state
M19C_S1_lab_hard_floor_B1_U050_R1,521.910708612,10.110012052,stop,0.500000,-3.645492792,-4.388635635,-2.205318928,0.026319223,-0.033314165,-2.205432653,ros2_odometer_state
M19C_S1_lab_hard_floor_B1_U050_R1,521.911646120,10.110949560,stop,0.500000,-3.646343708,-4.387987614,-2.205432653,0.026322654,-0.033404544,-2.205456734,ros2_odometer_state
M19C_S1_lab_hard_floor_B1_U050_R1,521.912836980,10.112140420,stop,0.500000,-3.646343708,-4.387987614,-2.205432653,0.026331697,-0.033481795,-2.205477953,ros2_odometer_state
M19C_S1_lab_hard_floor_B1_U050_R1,521.914529427,10.113832867,stop,0.500000,-3.646343708,-4.387987614,-2.205432653,0.026341965,-0.033545095,-2.205484867,ros2_odometer_state
M19C_S1_lab_hard_floor_B1_U050_R1,521.915611324,10.114914764,stop,0.500000,-3.646343708,-4.387987614,-2.205432653,0.026341965,-0.033545095,-2.205484867,ros2_odometer_state
M19C_S1_lab_hard_floor_B1_U050_R1,521.918351075,10.117654515,stop,0.500000,-3.646343708,-4.387987614,-2.205432653,0.026347529,-0.033619396,-2.205495596,ros2_odometer_state
M19C_S1_lab_hard_floor_B1_U050_R1,521.920426608,10.119730048,stop,0.500000,-3.646343708,-4.387987614,-2.205432653,0.026351819,-0.033635493,-2.205508947,ros2_odometer_state
M19C_S1_lab_hard_floor_B1_U050_R1,521.922417051,10.121720491,stop,0.500000,-3.646343708,-4.387987614,-2.205432653,0.026352793,-0.033647012,-2.205518007,ros2_odometer_state
M19C_S1_lab_hard_floor_B1_U050_R1,521.923590983,10.122894423,stop,0.500000,-3.646343708,-4.387987614,-2.205432653,0.026352793,-0.033647012,-2.205518007,ros2_odometer_state
M19C_S1_lab_hard_floor_B1_U050_R1,521.927113771,10.126417211,stop,0.500000,-3.646343708,-4.387987614,-2.205432653,0.026346030,-0.033656515,-2.205512047,ros2_odometer_state
M19C_S1_lab_hard_floor_B1_U050_R1,521.927747650,10.127051090,stop,0.500000,-3.646343708,-4.387987614,-2.205432653,0.026346030,-0.033656515,-2.205512047,ros2_odometer_state
M19C_S1_lab_hard_floor_B1_U050_R1,521.930473096,10.129776536,stop,0.500000,-3.647178888,-4.387359619,-2.205505371,0.026329072,-0.033661835,-2.205490112,ros2_odometer_state
M19C_S1_lab_hard_floor_B1_U050_R1,521.932535318,10.131838758,stop,0.500000,-3.647178888,-4.387359619,-2.205505371,0.026310217,-0.033676662,-2.205474138,ros2_odometer_state
M19C_S1_lab_hard_floor_B1_U050_R1,521.934457918,10.133761358,stop,0.500000,-3.647178888,-4.387359619,-2.205505371,0.026302019,-0.033700306,-2.205453634,ros2_odometer_state
M19C_S1_lab_hard_floor_B1_U050_R1,521.937871965,10.137175405,stop,0.500000,-3.647178888,-4.387359619,-2.205505371,0.026295809,-0.033725761,-2.205442429,ros2_odometer_state
M19C_S1_lab_hard_floor_B1_U050_R1,521.938365264,10.137668704,stop,0.500000,-3.647178888,-4.387359619,-2.205505371,0.026295809,-0.033725761,-2.205442429,ros2_odometer_state
M19C_S1_lab_hard_floor_B1_U050_R1,521.940348186,10.139651626,stop,0.500000,-3.647178888,-4.387359619,-2.205505371,0.026289966,-0.033751879,-2.205428362,ros2_odometer_state
M19C_S1_lab_hard_floor_B1_U050_R1,521.944082374,10.143385814,stop,0.500000,-3.647178888,-4.387359619,-2.205505371,0.026282629,-0.033803698,-2.205391884,ros2_odometer_state
M19C_S1_lab_hard_floor_B1_U050_R1,521.945129773,10.144433213,stop,0.500000,-3.647178888,-4.387359619,-2.205505371,0.026287166,-0.033829365,-2.205370426,ros2_odometer_state
M19C_S1_lab_hard_floor_B1_U050_R1,521.947094967,10.146398407,stop,0.500000,-3.647178888,-4.387359619,-2.205505371,0.026290139,-0.033855580,-2.205343008,ros2_odometer_state
M19C_S1_lab_hard_floor_B1_U050_R1,521.947761328,10.147064768,stop,0.500000,-3.647178888,-4.387359619,-2.205505371,0.026290139,-0.033855580,-2.205343008,ros2_odometer_state
M19C_S1_lab_hard_floor_B1_U050_R1,521.950608378,10.149911818,stop,0.500000,-3.648034811,-4.386715889,-2.205308676,0.026303170,-0.033916596,-2.205270767,ros2_odometer_state
M19C_S1_lab_hard_floor_B1_U050_R1,521.952483200,10.151786640,stop,0.500000,-3.648034811,-4.386715889,-2.205308676,0.026310181,-0.033946928,-2.205229521,ros2_odometer_state
M19C_S1_lab_hard_floor_B1_U050_R1,521.953636940,10.152940380,stop,0.500000,-3.648034811,-4.386715889,-2.205308676,0.026310181,-0.033946928,-2.205229521,ros2_odometer_state
M19C_S1_lab_hard_floor_B1_U050_R1,521.955711993,10.155015433,stop,0.500000,-3.648034811,-4.386715889,-2.205308676,0.026313374,-0.033974934,-2.205193281,ros2_odometer_state
M19C_S1_lab_hard_floor_B1_U050_R1,521.957633729,10.156937169,stop,0.500000,-3.648034811,-4.386715889,-2.205308676,0.026320340,-0.034014240,-2.205156565,ros2_odometer_state
M19C_S1_lab_hard_floor_B1_U050_R1,521.959848148,10.159151588,stop,0.500000,-3.648034811,-4.386715889,-2.205308676,0.026329681,-0.034055494,-2.205109358,ros2_odometer_state
M19C_S1_lab_hard_floor_B1_U050_R1,521.962594331,10.161897771,stop,0.500000,-3.648034811,-4.386715889,-2.205308676,0.026331924,-0.034123003,-2.205012083,ros2_odometer_state
M19C_S1_lab_hard_floor_B1_U050_R1,521.964646728,10.163950168,stop,0.500000,-3.648034811,-4.386715889,-2.205308676,0.026319623,-0.034149583,-2.204974174,ros2_odometer_state
M19C_S1_lab_hard_floor_B1_U050_R1,521.966324391,10.165627831,stop,0.500000,-3.648034811,-4.386715889,-2.205308676,0.026319623,-0.034149583,-2.204974174,ros2_odometer_state
M19C_S1_lab_hard_floor_B1_U050_R1,521.968080520,10.167383960,stop,0.500000,-3.648034811,-4.386715889,-2.205308676,0.026310906,-0.034176823,-2.204939842,ros2_odometer_state
M19C_S1_lab_hard_floor_B1_U050_R1,521.971182877,10.170486317,stop,0.500000,-3.648885250,-4.386073112,-2.204905748,0.026312854,-0.034203406,-2.204905748,ros2_odometer_state
M19C_S1_lab_hard_floor_B1_U050_R1,521.972502702,10.171806142,stop,0.500000,-3.648885250,-4.386073112,-2.204905748,0.026306866,-0.034228683,-2.204872370,ros2_odometer_state
M19C_S1_lab_hard_floor_B1_U050_R1,521.974641630,10.173945070,stop,0.500000,-3.648885250,-4.386073112,-2.204905748,0.026291110,-0.034260478,-2.204822302,ros2_odometer_state
M19C_S1_lab_hard_floor_B1_U050_R1,521.976484099,10.175787539,stop,0.500000,-3.648885250,-4.386073112,-2.204905748,0.026283138,-0.034274697,-2.204801559,ros2_odometer_state
M19C_S1_lab_hard_floor_B1_U050_R1,521.978440652,10.177744092,stop,0.500000,-3.648885250,-4.386073112,-2.204905748,0.026274841,-0.034284387,-2.204782009,ros2_odometer_state
M19C_S1_lab_hard_floor_B1_U050_R1,521.980509274,10.179812714,stop,0.500000,-3.648885250,-4.386073112,-2.204905748,0.026269285,-0.034296345,-2.204766512,ros2_odometer_state
M19C_S1_lab_hard_floor_B1_U050_R1,521.982443426,10.181746866,stop,0.500000,-3.648885250,-4.386073112,-2.204905748,0.026266359,-0.034302611,-2.204747200,ros2_odometer_state
M19C_S1_lab_hard_floor_B1_U050_R1,521.984626356,10.183929796,stop,0.500000,-3.648885250,-4.386073112,-2.204905748,0.026261318,-0.034306724,-2.204727411,ros2_odometer_state
M19C_S1_lab_hard_floor_B1_U050_R1,521.987185460,10.186488900,stop,0.500000,-3.648885250,-4.386073112,-2.204905748,0.026254790,-0.034311421,-2.204709053,ros2_odometer_state
M19C_S1_lab_hard_floor_B1_U050_R1,521.987882670,10.187186110,stop,0.500000,-3.648885250,-4.386073112,-2.204905748,0.026254790,-0.034311421,-2.204709053,ros2_odometer_state
M19C_S1_lab_hard_floor_B1_U050_R1,521.990737017,10.190040457,stop,0.500000,-3.649794579,-4.385381699,-2.204694510,0.026249502,-0.034315448,-2.204674006,ros2_odometer_state
M19C_S1_lab_hard_floor_B1_U050_R1,521.992788069,10.192091509,stop,0.500000,-3.649794579,-4.385381699,-2.204694510,0.026247811,-0.034308314,-2.204655647,ros2_odometer_state
M19C_S1_lab_hard_floor_B1_U050_R1,521.994508710,10.193812150,stop,0.500000,-3.649794579,-4.385381699,-2.204694510,0.026239604,-0.034296747,-2.204640150,ros2_odometer_state
M19C_S1_lab_hard_floor_B1_U050_R1,521.996867070,10.196170510,stop,0.500000,-3.649794579,-4.385381699,-2.204694510,0.026229441,-0.034286875,-2.204629421,ros2_odometer_state
M19C_S1_lab_hard_floor_B1_U050_R1,521.998572798,10.197876238,stop,0.500000,-3.649794579,-4.385381699,-2.204694510,0.026216077,-0.034276411,-2.204611301,ros2_odometer_state
M19C_S1_lab_hard_floor_B1_U050_R1,522.000582729,10.199886169,stop,0.500000,-3.649794579,-4.385381699,-2.204694510,0.026206991,-0.034265909,-2.204586506,ros2_odometer_state
M19C_S1_lab_hard_floor_B1_U050_R1,522.002659063,10.201962503,stop,0.500000,-3.649794579,-4.385381699,-2.204694510,0.026203142,-0.034252640,-2.204558849,ros2_odometer_state
M19C_S1_lab_hard_floor_B1_U050_R1,522.004610656,10.203914096,stop,0.500000,-3.649794579,-4.385381699,-2.204694510,0.026198298,-0.034239043,-2.204532623,ros2_odometer_state
M19C_S1_lab_hard_floor_B1_U050_R1,522.007247619,10.206551059,stop,0.500000,-3.649794579,-4.385381699,-2.204694510,0.026188219,-0.034216978,-2.204510450,ros2_odometer_state
M19C_S1_lab_hard_floor_B1_U050_R1,522.008686681,10.207990121,stop,0.500000,-3.649794579,-4.385381699,-2.204694510,0.026182644,-0.034187663,-2.204481840,ros2_odometer_state
M19C_S1_lab_hard_floor_B1_U050_R1,522.010827465,10.210130905,stop,0.500000,-3.650512457,-4.384832859,-2.204481840,0.026185365,-0.034157738,-2.204449177,ros2_odometer_state
M19C_S1_lab_hard_floor_B1_U050_R1,522.012573834,10.211877274,stop,0.500000,-3.650512457,-4.384832859,-2.204481840,0.026185704,-0.034130286,-2.204422712,ros2_odometer_state
M19C_S1_lab_hard_floor_B1_U050_R1,522.014492050,10.213795490,stop,0.500000,-3.650512457,-4.384832859,-2.204481840,0.026184652,-0.034103431,-2.204402208,ros2_odometer_state
M19C_S1_lab_hard_floor_B1_U050_R1,522.016520542,10.215823982,stop,0.500000,-3.650512457,-4.384832859,-2.204481840,0.026184604,-0.034078322,-2.204377413,ros2_odometer_state
M19C_S1_lab_hard_floor_B1_U050_R1,522.018544330,10.217847770,stop,0.500000,-3.650512457,-4.384832859,-2.204481840,0.026190029,-0.034047719,-2.204350710,ros2_odometer_state
M19C_S1_lab_hard_floor_B1_U050_R1,522.020555125,10.219858565,stop,0.500000,-3.650512457,-4.384832859,-2.204481840,0.026194686,-0.034014523,-2.204325199,ros2_odometer_state
M19C_S1_lab_hard_floor_B1_U050_R1,522.022510718,10.221814158,stop,0.500000,-3.650512457,-4.384832859,-2.204481840,0.026196200,-0.033976935,-2.204306364,ros2_odometer_state
M19C_S1_lab_hard_floor_B1_U050_R1,522.024527338,10.223830778,stop,0.500000,-3.650512457,-4.384832859,-2.204481840,0.026204517,-0.033940054,-2.204284430,ros2_odometer_state
M19C_S1_lab_hard_floor_B1_U050_R1,522.026375855,10.225679295,stop,0.500000,-3.650512457,-4.384832859,-2.204481840,0.026204517,-0.033940054,-2.204284430,ros2_odometer_state
M19C_S1_lab_hard_floor_B1_U050_R1,522.027910440,10.227213880,stop,0.500000,-3.650512457,-4.384832859,-2.204481840,0.026215460,-0.033906508,-2.204259634,ros2_odometer_state
M19C_S1_lab_hard_floor_B1_U050_R1,522.030713521,10.230016961,stop,0.500000,-3.651127100,-4.384360313,-2.204236984,0.026226597,-0.033817574,-2.204217196,ros2_odometer_state
M19C_S1_lab_hard_floor_B1_U050_R1,522.031900830,10.231204270,stop,0.500000,-3.651127100,-4.384360313,-2.204236984,0.026226597,-0.033817574,-2.204217196,ros2_odometer_state
M19C_S1_lab_hard_floor_B1_U050_R1,522.034645573,10.233949013,stop,0.500000,-3.651127100,-4.384360313,-2.204236984,0.026236188,-0.033718426,-2.204170465,ros2_odometer_state
M19C_S1_lab_hard_floor_B1_U050_R1,522.036666800,10.235970240,stop,0.500000,-3.651127100,-4.384360313,-2.204236984,0.026232429,-0.033671912,-2.204144955,ros2_odometer_state
M19C_S1_lab_hard_floor_B1_U050_R1,522.038655963,10.237959403,stop,0.500000,-3.651127100,-4.384360313,-2.204236984,0.026230231,-0.033626836,-2.204116821,ros2_odometer_state
M19C_S1_lab_hard_floor_B1_U050_R1,522.040155155,10.239458595,stop,0.500000,-3.651127100,-4.384360313,-2.204236984,0.026230231,-0.033626836,-2.204116821,ros2_odometer_state
M19C_S1_lab_hard_floor_B1_U050_R1,522.042598030,10.241901470,stop,0.500000,-3.651127100,-4.384360313,-2.204236984,0.026241893,-0.033517681,-2.204058647,ros2_odometer_state
M19C_S1_lab_hard_floor_B1_U050_R1,522.043770010,10.243073450,stop,0.500000,-3.651127100,-4.384360313,-2.204236984,0.026241893,-0.033517681,-2.204058647,ros2_odometer_state
M19C_S1_lab_hard_floor_B1_U050_R1,522.047202043,10.246505483,stop,0.500000,-3.651127100,-4.384360313,-2.204236984,0.026256036,-0.033407357,-2.203997135,ros2_odometer_state
M19C_S1_lab_hard_floor_B1_U050_R1,522.047861043,10.247164483,stop,0.500000,-3.651127100,-4.384360313,-2.204236984,0.026256036,-0.033407357,-2.203997135,ros2_odometer_state
M19C_S1_lab_hard_floor_B1_U050_R1,522.049877535,10.249180975,stop,0.500000,-3.651695013,-4.383923531,-2.203953505,0.026265712,-0.033345249,-2.203953505,ros2_odometer_state
M19C_S1_lab_hard_floor_B1_U050_R1,522.052581924,10.251885364,stop,0.500000,-3.651695013,-4.383923531,-2.203953505,0.026259644,-0.033217285,-2.203870773,ros2_odometer_state
M19C_S1_lab_hard_floor_B1_U050_R1,522.054711892,10.254015332,stop,0.500000,-3.651695013,-4.383923531,-2.203953505,0.026262710,-0.033161703,-2.203830004,ros2_odometer_state
M19C_S1_lab_hard_floor_B1_U050_R1,522.055934850,10.255238290,stop,0.500000,-3.651695013,-4.383923531,-2.203953505,0.026262710,-0.033161703,-2.203830004,ros2_odometer_state
M19C_S1_lab_hard_floor_B1_U050_R1,522.058578213,10.257881653,stop,0.500000,-3.651695013,-4.383923531,-2.203953505,0.026274534,-0.033036340,-2.203736782,ros2_odometer_state
M19C_S1_lab_hard_floor_B1_U050_R1,522.060646802,10.259950242,stop,0.500000,-3.651695013,-4.383923531,-2.203953505,0.026279701,-0.032978628,-2.203684568,ros2_odometer_state
M19C_S1_lab_hard_floor_B1_U050_R1,522.062602971,10.261906411,stop,0.500000,-3.651695013,-4.383923531,-2.203953505,0.026288126,-0.032917999,-2.203628063,ros2_odometer_state
M19C_S1_lab_hard_floor_B1_U050_R1,522.064649032,10.263952472,stop,0.500000,-3.651695013,-4.383923531,-2.203953505,0.026296897,-0.032857027,-2.203565836,ros2_odometer_state
M19C_S1_lab_hard_floor_B1_U050_R1,522.067185511,10.266488951,stop,0.500000,-3.651695013,-4.383923531,-2.203953505,0.026304498,-0.032805435,-2.203493118,ros2_odometer_state
M19C_S1_lab_hard_floor_B1_U050_R1,522.068707264,10.268010704,stop,0.500000,-3.651695013,-4.383923531,-2.203953505,0.026309386,-0.032751434,-2.203412771,ros2_odometer_state
M19C_S1_lab_hard_floor_B1_U050_R1,522.070931987,10.270235427,stop,0.500000,-3.652374029,-4.383400440,-2.203412771,0.026306814,-0.032694981,-2.203344107,ros2_odometer_state
M19C_S1_lab_hard_floor_B1_U050_R1,522.073186760,10.272490200,stop,0.500000,-3.652374029,-4.383400440,-2.203412771,0.026312135,-0.032636352,-2.203274727,ros2_odometer_state
M19C_S1_lab_hard_floor_B1_U050_R1,522.074792484,10.274095924,stop,0.500000,-3.652374029,-4.383400440,-2.203412771,0.026322890,-0.032576606,-2.203200102,ros2_odometer_state
M19C_S1_lab_hard_floor_B1_U050_R1,522.076257819,10.275561259,stop,0.500000,-3.652374029,-4.383400440,-2.203412771,0.026322890,-0.032576606,-2.203200102,ros2_odometer_state
M19C_S1_lab_hard_floor_B1_U050_R1,522.079408721,10.278712161,stop,0.500000,-3.652374029,-4.383400440,-2.203412771,0.026339641,-0.032461733,-2.203040838,ros2_odometer_state
M19C_S1_lab_hard_floor_B1_U050_R1,522.079887074,10.279190514,stop,0.500000,-3.652374029,-4.383400440,-2.203412771,0.026339641,-0.032461733,-2.203040838,ros2_odometer_state
M19C_S1_lab_hard_floor_B1_U050_R1,522.081877901,10.281181341,stop,0.500000,-3.652374029,-4.383400440,-2.203412771,0.026342614,-0.032399401,-2.202967882,ros2_odometer_state
M19C_S1_lab_hard_floor_B1_U050_R1,522.084637876,10.283941316,stop,0.500000,-3.652374029,-4.383400440,-2.203412771,0.026358783,-0.032282520,-2.202794790,ros2_odometer_state
M19C_S1_lab_hard_floor_B1_U050_R1,522.087261014,10.286564454,stop,0.500000,-3.652374029,-4.383400440,-2.203412771,0.026362041,-0.032219365,-2.202716827,ros2_odometer_state
M19C_S1_lab_hard_floor_B1_U050_R1,522.088781423,10.288084863,stop,0.500000,-3.652374029,-4.383400440,-2.203412771,0.026366828,-0.032161549,-2.202638865,ros2_odometer_state
M19C_S1_lab_hard_floor_B1_U050_R1,522.090929152,10.290232592,stop,0.500000,-3.653119564,-4.382823944,-2.202638865,0.026377410,-0.032101966,-2.202554703,ros2_odometer_state
M19C_S1_lab_hard_floor_B1_U050_R1,522.092809126,10.292112566,stop,0.500000,-3.653119564,-4.382823944,-2.202638865,0.026387161,-0.032036621,-2.202471256,ros2_odometer_state
M19C_S1_lab_hard_floor_B1_U050_R1,522.094782096,10.294085536,stop,0.500000,-3.653119564,-4.382823944,-2.202638865,0.026397606,-0.031966619,-2.202391386,ros2_odometer_state
M19C_S1_lab_hard_floor_B1_U050_R1,522.096035807,10.295339247,stop,0.500000,-3.653119564,-4.382823944,-2.202638865,0.026397606,-0.031966619,-2.202391386,ros2_odometer_state
M19C_S1_lab_hard_floor_B1_U050_R1,522.098666818,10.297970258,stop,0.500000,-3.653119564,-4.382823944,-2.202638865,0.026409278,-0.031831987,-2.202221632,ros2_odometer_state
M19C_S1_lab_hard_floor_B1_U050_R1,522.100687437,10.299990877,stop,0.500000,-3.653119564,-4.382823944,-2.202638865,0.026420604,-0.031764634,-2.202141047,ros2_odometer_state
M19C_S1_lab_hard_floor_B1_U050_R1,522.102664983,10.301968423,stop,0.500000,-3.653119564,-4.382823944,-2.202638865,0.026434166,-0.031691317,-2.202057123,ros2_odometer_state
M19C_S1_lab_hard_floor_B1_U050_R1,522.104159503,10.303462943,stop,0.500000,-3.653119564,-4.382823944,-2.202638865,0.026434166,-0.031691317,-2.202057123,ros2_odometer_state
M19C_S1_lab_hard_floor_B1_U050_R1,522.107437802,10.306741242,stop,0.500000,-3.653119564,-4.382823944,-2.202638865,0.026454018,-0.031554401,-2.201899052,ros2_odometer_state
M19C_S1_lab_hard_floor_B1_U050_R1,522.109095080,10.308398520,stop,0.500000,-3.653119564,-4.382823944,-2.202638865,0.026469760,-0.031477358,-2.201815128,ros2_odometer_state
M19C_S1_lab_hard_floor_B1_U050_R1,522.110848234,10.310151674,stop,0.500000,-3.653828859,-4.382274628,-2.201815128,0.026477277,-0.031411406,-2.201733589,ros2_odometer_state
M19C_S1_lab_hard_floor_B1_U050_R1,522.112749809,10.312053249,stop,0.500000,-3.653828859,-4.382274628,-2.201815128,0.026482407,-0.031350154,-2.201654911,ros2_odometer_state
M19C_S1_lab_hard_floor_B1_U050_R1,522.114772317,10.314075757,stop,0.500000,-3.653828859,-4.382274628,-2.201815128,0.026482407,-0.031350154,-2.201654911,ros2_odometer_state
M19C_S1_lab_hard_floor_B1_U050_R1,522.116857611,10.316161051,stop,0.500000,-3.653828859,-4.382274628,-2.201815128,0.026490660,-0.031290058,-2.201574326,ros2_odometer_state
M19C_S1_lab_hard_floor_B1_U050_R1,522.118723440,10.318026880,stop,0.500000,-3.653828859,-4.382274628,-2.201815128,0.026530879,-0.031150740,-2.201416254,ros2_odometer_state
M19C_S1_lab_hard_floor_B1_U050_R1,522.120717115,10.320020555,stop,0.500000,-3.653828859,-4.382274628,-2.201815128,0.026543502,-0.031080531,-2.201338053,ros2_odometer_state
M19C_S1_lab_hard_floor_B1_U050_R1,522.122778152,10.322081592,stop,0.500000,-3.653828859,-4.382274628,-2.201815128,0.026559081,-0.031013243,-2.201258898,ros2_odometer_state
M19C_S1_lab_hard_floor_B1_U050_R1,522.123985045,10.323288485,stop,0.500000,-3.653828859,-4.382274628,-2.201815128,0.026559081,-0.031013243,-2.201258898,ros2_odometer_state
M19C_S1_lab_hard_floor_B1_U050_R1,522.127381621,10.326685061,stop,0.500000,-3.653828859,-4.382274628,-2.201815128,0.026587404,-0.030884122,-2.201097727,ros2_odometer_state
M19C_S1_lab_hard_floor_B1_U050_R1,522.128966288,10.328269728,stop,0.500000,-3.653828859,-4.382274628,-2.201815128,0.026593519,-0.030828292,-2.201025248,ros2_odometer_state
M19C_S1_lab_hard_floor_B1_U050_R1,522.130881752,10.330185192,stop,0.500000,-3.654552937,-4.381716251,-2.201025248,0.026602777,-0.030759182,-2.200942755,ros2_odometer_state
M19C_S1_lab_hard_floor_B1_U050_R1,522.132801120,10.332104560,stop,0.500000,-3.654552937,-4.381716251,-2.201025248,0.026613913,-0.030694710,-2.200858116,ros2_odometer_state
M19C_S1_lab_hard_floor_B1_U050_R1,522.134831084,10.334134524,stop,0.500000,-3.654552937,-4.381716251,-2.201025248,0.026620310,-0.030627232,-2.200782061,ros2_odometer_state
M19C_S1_lab_hard_floor_B1_U050_R1,522.136908505,10.336211945,stop,0.500000,-3.654552937,-4.381716251,-2.201025248,0.026623435,-0.030549951,-2.200709343,ros2_odometer_state
M19C_S1_lab_hard_floor_B1_U050_R1,522.138158600,10.337462040,stop,0.500000,-3.654552937,-4.381716251,-2.201025248,0.026623435,-0.030549951,-2.200709343,ros2_odometer_state
M19C_S1_lab_hard_floor_B1_U050_R1,522.140693959,10.339997399,stop,0.500000,-3.654552937,-4.381716251,-2.201025248,0.026628897,-0.030481825,-2.200628519,ros2_odometer_state
M19C_S1_lab_hard_floor_B1_U050_R1,522.144118247,10.343421687,stop,0.500000,-3.654552937,-4.381716251,-2.201025248,0.026642315,-0.030349895,-2.200459003,ros2_odometer_state
M19C_S1_lab_hard_floor_B1_U050_R1,522.144585753,10.343889193,stop,0.500000,-3.654552937,-4.381716251,-2.201025248,0.026642315,-0.030349895,-2.200459003,ros2_odometer_state
M19C_S1_lab_hard_floor_B1_U050_R1,522.147385602,10.346689042,stop,0.500000,-3.654552937,-4.381716251,-2.201025248,0.026655477,-0.030204320,-2.200294256,ros2_odometer_state
M19C_S1_lab_hard_floor_B1_U050_R1,522.148991614,10.348295054,stop,0.500000,-3.654552937,-4.381716251,-2.201025248,0.026664931,-0.030132286,-2.200211525,ros2_odometer_state
M19C_S1_lab_hard_floor_B1_U050_R1,522.150877188,10.350180628,stop,0.500000,-3.655198097,-4.381222248,-2.200211525,0.026680391,-0.030060358,-2.200130939,ros2_odometer_state
M19C_S1_lab_hard_floor_B1_U050_R1,522.152912656,10.352216096,stop,0.500000,-3.655198097,-4.381222248,-2.200211525,0.026689496,-0.029988945,-2.200045586,ros2_odometer_state
M19C_S1_lab_hard_floor_B1_U050_R1,522.154844185,10.354147625,stop,0.500000,-3.655198097,-4.381222248,-2.200211525,0.026693461,-0.029911751,-2.199955463,ros2_odometer_state
M19C_S1_lab_hard_floor_B1_U050_R1,522.156951688,10.356255128,stop,0.500000,-3.655198097,-4.381222248,-2.200211525,0.026701035,-0.029837221,-2.199860811,ros2_odometer_state
M19C_S1_lab_hard_floor_B1_U050_R1,522.158830222,10.358133662,stop,0.500000,-3.655198097,-4.381222248,-2.200211525,0.026710559,-0.029769680,-2.199763775,ros2_odometer_state
M19C_S1_lab_hard_floor_B1_U050_R1,522.160047356,10.359350796,stop,0.500000,-3.655198097,-4.381222248,-2.200211525,0.026710559,-0.029769680,-2.199763775,ros2_odometer_state
M19C_S1_lab_hard_floor_B1_U050_R1,522.162776930,10.362080370,stop,0.500000,-3.655198097,-4.381222248,-2.200211525,0.026746504,-0.029637342,-2.199587584,ros2_odometer_state
M19C_S1_lab_hard_floor_B1_U050_R1,522.164067186,10.363370626,stop,0.500000,-3.655198097,-4.381222248,-2.200211525,0.026746504,-0.029637342,-2.199587584,ros2_odometer_state
M19C_S1_lab_hard_floor_B1_U050_R1,522.167468049,10.366771489,stop,0.500000,-3.655198097,-4.381222248,-2.200211525,0.026772752,-0.029495217,-2.199410677,ros2_odometer_state
M19C_S1_lab_hard_floor_B1_U050_R1,522.168259151,10.367562591,stop,0.500000,-3.655198097,-4.381222248,-2.200211525,0.026772752,-0.029495217,-2.199410677,ros2_odometer_state
M19C_S1_lab_hard_floor_B1_U050_R1,522.171197469,10.370500909,stop,0.500000,-3.655915499,-4.380676746,-2.199326277,0.026793486,-0.029369537,-2.199245214,ros2_odometer_state
M19C_S1_lab_hard_floor_B1_U050_R1,522.173013057,10.372316497,stop,0.500000,-3.655915499,-4.380676746,-2.199326277,0.026802158,-0.029311046,-2.199173450,ros2_odometer_state
M19C_S1_lab_hard_floor_B1_U050_R1,522.175115536,10.374418976,stop,0.500000,-3.655915499,-4.380676746,-2.199326277,0.026811741,-0.029253524,-2.199096918,ros2_odometer_state
M19C_S1_lab_hard_floor_B1_U050_R1,522.178708438,10.378011878,stop,0.500000,-3.655915499,-4.380676746,-2.199326277,0.026823185,-0.029195849,-2.199016809,ros2_odometer_state
M19C_S1_lab_hard_floor_B1_U050_R1,522.179647897,10.378951337,stop,0.500000,-3.655915499,-4.380676746,-2.199326277,0.026833937,-0.029138247,-2.198943377,ros2_odometer_state
M19C_S1_lab_hard_floor_B1_U050_R1,522.181043374,10.380346814,stop,0.500000,-3.655915499,-4.380676746,-2.199326277,0.026847327,-0.029081184,-2.198877096,ros2_odometer_state
M19C_S1_lab_hard_floor_B1_U050_R1,522.183073658,10.382377098,stop,0.500000,-3.655915499,-4.380676746,-2.199326277,0.026854262,-0.029026274,-2.198809862,ros2_odometer_state
M19C_S1_lab_hard_floor_B1_U050_R1,522.185334414,10.384637854,stop,0.500000,-3.655915499,-4.380676746,-2.199326277,0.026868014,-0.028965719,-2.198737383,ros2_odometer_state
M19C_S1_lab_hard_floor_B1_U050_R1,522.187586979,10.386890419,stop,0.500000,-3.655915499,-4.380676746,-2.199326277,0.026879402,-0.028904170,-2.198669910,ros2_odometer_state
M19C_S1_lab_hard_floor_B1_U050_R1,522.189245473,10.388548913,stop,0.500000,-3.655915499,-4.380676746,-2.199326277,0.026897447,-0.028844651,-2.198615789,ros2_odometer_state
M19C_S1_lab_hard_floor_B1_U050_R1,522.191647547,10.390950987,stop,0.500000,-3.656660080,-4.380113602,-2.198615789,0.026920222,-0.028795388,-2.198573112,ros2_odometer_state
M19C_S1_lab_hard_floor_B1_U050_R1,522.193089265,10.392392705,stop,0.500000,-3.656660080,-4.380113602,-2.198615789,0.026928505,-0.028746273,-2.198525190,ros2_odometer_state
M19C_S1_lab_hard_floor_B1_U050_R1,522.195011289,10.394314729,stop,0.500000,-3.656660080,-4.380113602,-2.198615789,0.026936229,-0.028693222,-2.198474884,ros2_odometer_state
M19C_S1_lab_hard_floor_B1_U050_R1,522.197170377,10.396473817,stop,0.500000,-3.656660080,-4.380113602,-2.198615789,0.026948348,-0.028638501,-2.198433876,ros2_odometer_state
M19C_S1_lab_hard_floor_B1_U050_R1,522.199106418,10.398409858,stop,0.500000,-3.656660080,-4.380113602,-2.198615789,0.026948767,-0.028592629,-2.198390722,ros2_odometer_state
M19C_S1_lab_hard_floor_B1_U050_R1,522.201058651,10.400362091,stop,0.500000,-3.656660080,-4.380113602,-2.198615789,0.026946662,-0.028543113,-2.198352098,ros2_odometer_state
M19C_S1_lab_hard_floor_B1_U050_R1,522.203078919,10.402382359,stop,0.500000,-3.656660080,-4.380113602,-2.198615789,0.026951341,-0.028498849,-2.198318005,ros2_odometer_state
M19C_S1_lab_hard_floor_B1_U050_R1,522.205180469,10.404483909,stop,0.500000,-3.656660080,-4.380113602,-2.198615789,0.026957091,-0.028458579,-2.198285341,ros2_odometer_state
M19C_S1_lab_hard_floor_B1_U050_R1,522.208533491,10.407836931,stop,0.500000,-3.656660080,-4.380113602,-2.198615789,0.026955396,-0.028420217,-2.198248148,ros2_odometer_state
M19C_S1_lab_hard_floor_B1_U050_R1,522.208905089,10.408208529,stop,0.500000,-3.656660080,-4.380113602,-2.198615789,0.026955396,-0.028420217,-2.198248148,ros2_odometer_state
M19C_S1_lab_hard_floor_B1_U050_R1,522.212853365,10.412156805,stop,0.500000,-3.657425404,-4.379536629,-2.198211908,0.026967317,-0.028340353,-2.198169947,ros2_odometer_state
M19C_S1_lab_hard_floor_B1_U050_R1,522.213728085,10.413031525,stop,0.500000,-3.657425404,-4.379536629,-2.198211908,0.026976543,-0.028300125,-2.198128462,ros2_odometer_state
M19C_S1_lab_hard_floor_B1_U050_R1,522.215015974,10.414319414,stop,0.500000,-3.657425404,-4.379536629,-2.198211908,0.026985345,-0.028258990,-2.198090315,ros2_odometer_state
M19C_S1_lab_hard_floor_B1_U050_R1,522.216169297,10.415472737,stop,0.500000,-3.657425404,-4.379536629,-2.198211908,0.026985345,-0.028258990,-2.198090315,ros2_odometer_state
M19C_S1_lab_hard_floor_B1_U050_R1,522.218903223,10.418206663,stop,0.500000,-3.657425404,-4.379536629,-2.198211908,0.027009636,-0.028166391,-2.198029995,ros2_odometer_state
M19C_S1_lab_hard_floor_B1_U050_R1,522.220508755,10.419812195,stop,0.500000,-3.657425404,-4.379536629,-2.198211908,0.027009636,-0.028166391,-2.198029995,ros2_odometer_state
M19C_S1_lab_hard_floor_B1_U050_R1,522.224689552,10.423992992,stop,0.500000,-3.657425404,-4.379536629,-2.198211908,0.027007153,-0.028077060,-2.197956800,ros2_odometer_state
M19C_S1_lab_hard_floor_B1_U050_R1,522.225614226,10.424917666,stop,0.500000,-3.657425404,-4.379536629,-2.198211908,0.027006321,-0.028042505,-2.197919130,ros2_odometer_state
M19C_S1_lab_hard_floor_B1_U050_R1,522.226843616,10.426147056,stop,0.500000,-3.657425404,-4.379536629,-2.198211908,0.027006321,-0.028042505,-2.197919130,ros2_odometer_state
M19C_S1_lab_hard_floor_B1_U050_R1,522.229099861,10.428403301,stop,0.500000,-3.657425404,-4.379536629,-2.198211908,0.027015522,-0.027976142,-2.197856188,ros2_odometer_state
M19C_S1_lab_hard_floor_B1_U050_R1,522.231094400,10.430397840,stop,0.500000,-3.658222914,-4.378936291,-2.197856188,0.027016630,-0.027943185,-2.197834253,ros2_odometer_state
M19C_S1_lab_hard_floor_B1_U050_R1,522.232153895,10.431457335,stop,0.500000,-3.658222914,-4.378936291,-2.197856188,0.027016630,-0.027943185,-2.197834253,ros2_odometer_state
M19C_S1_lab_hard_floor_B1_U050_R1,522.234893166,10.434196606,stop,0.500000,-3.658222914,-4.378936291,-2.197856188,0.027020767,-0.027870677,-2.197782278,ros2_odometer_state
M19C_S1_lab_hard_floor_B1_U050_R1,522.237121473,10.436424913,stop,0.500000,-3.658222914,-4.378936291,-2.197856188,0.027025161,-0.027834522,-2.197755098,ros2_odometer_state
M19C_S1_lab_hard_floor_B1_U050_R1,522.238915140,10.438218580,stop,0.500000,-3.658222914,-4.378936291,-2.197856188,0.027028566,-0.027799970,-2.197734594,ros2_odometer_state
M19C_S1_lab_hard_floor_B1_U050_R1,522.240393244,10.439696684,stop,0.500000,-3.658222914,-4.378936291,-2.197856188,0.027028566,-0.027799970,-2.197734594,ros2_odometer_state
M19C_S1_lab_hard_floor_B1_U050_R1,522.243744153,10.443047593,stop,0.500000,-3.658222914,-4.378936291,-2.197856188,0.027043751,-0.027728019,-2.197694063,ros2_odometer_state
M19C_S1_lab_hard_floor_B1_U050_R1,522.244651803,10.443955243,stop,0.500000,-3.658222914,-4.378936291,-2.197856188,0.027043751,-0.027728019,-2.197694063,ros2_odometer_state
M19C_S1_lab_hard_floor_B1_U050_R1,522.246897647,10.446201087,stop,0.500000,-3.658222914,-4.378936291,-2.197856188,0.027048526,-0.027689740,-2.197673321,ros2_odometer_state
M19C_S1_lab_hard_floor_B1_U050_R1,522.248417608,10.447721048,stop,0.500000,-3.658222914,-4.378936291,-2.197856188,0.027046455,-0.027644994,-2.197659254,ros2_odometer_state
M19C_S1_lab_hard_floor_B1_U050_R1,522.250415667,10.449719107,stop,0.500000,-3.658967018,-4.378376007,-2.197646379,0.027043786,-0.027602639,-2.197646379,ros2_odometer_state
M19C_S1_lab_hard_floor_B1_U050_R1,522.253054582,10.452358022,stop,0.500000,-3.658967018,-4.378376007,-2.197646379,0.027054850,-0.027541118,-2.197616577,ros2_odometer_state
M19C_S1_lab_hard_floor_B1_U050_R1,522.255013183,10.454316623,stop,0.500000,-3.658967018,-4.378376007,-2.197646379,0.027067369,-0.027510833,-2.197598934,ros2_odometer_state
M19C_S1_lab_hard_floor_B1_U050_R1,522.257105517,10.456408957,stop,0.500000,-3.658967018,-4.378376007,-2.197646379,0.027081206,-0.027478417,-2.197588205,ros2_odometer_state
M19C_S1_lab_hard_floor_B1_U050_R1,522.259004821,10.458308261,stop,0.500000,-3.658967018,-4.378376007,-2.197646379,0.027088856,-0.027450265,-2.197577477,ros2_odometer_state
M19C_S1_lab_hard_floor_B1_U050_R1,522.261297290,10.460600730,stop,0.500000,-3.658967018,-4.378376007,-2.197646379,0.027091160,-0.027420428,-2.197558403,ros2_odometer_state
M19C_S1_lab_hard_floor_B1_U050_R1,522.262972617,10.462276057,stop,0.500000,-3.658967018,-4.378376007,-2.197646379,0.027084626,-0.027395947,-2.197537661,ros2_odometer_state
M19C_S1_lab_hard_floor_B1_U050_R1,522.264988469,10.464291909,stop,0.500000,-3.658967018,-4.378376007,-2.197646379,0.027083335,-0.027372109,-2.197523355,ros2_odometer_state
M19C_S1_lab_hard_floor_B1_U050_R1,522.267690618,10.466994058,stop,0.500000,-3.658967018,-4.378376007,-2.197646379,0.027088694,-0.027348904,-2.197504759,ros2_odometer_state
M19C_S1_lab_hard_floor_B1_U050_R1,522.269103919,10.468407359,stop,0.500000,-3.658967018,-4.378376007,-2.197646379,0.027091682,-0.027327199,-2.197491646,ros2_odometer_state
M19C_S1_lab_hard_floor_B1_U050_R1,522.270348637,10.469652077,stop,0.500000,-3.659705877,-4.377817631,-2.197491646,0.027091682,-0.027327199,-2.197491646,ros2_odometer_state
M19C_S1_lab_hard_floor_B1_U050_R1,522.272996064,10.472299504,stop,0.500000,-3.659705877,-4.377817631,-2.197491646,0.027087009,-0.027288409,-2.197441578,ros2_odometer_state
M19C_S1_lab_hard_floor_B1_U050_R1,522.274966186,10.474269626,stop,0.500000,-3.659705877,-4.377817631,-2.197491646,0.027082074,-0.027273783,-2.197414875,ros2_odometer_state
M19C_S1_lab_hard_floor_B1_U050_R1,522.277089146,10.476392586,stop,0.500000,-3.659705877,-4.377817631,-2.197491646,0.027081188,-0.027256526,-2.197390079,ros2_odometer_state
M19C_S1_lab_hard_floor_B1_U050_R1,522.278259013,10.477562453,stop,0.500000,-3.659705877,-4.377817631,-2.197491646,0.027081188,-0.027256526,-2.197390079,ros2_odometer_state
M19C_S1_lab_hard_floor_B1_U050_R1,522.280304242,10.479607682,stop,0.500000,-3.659705877,-4.377817631,-2.197491646,0.027077731,-0.027243074,-2.197368622,ros2_odometer_state
M19C_S1_lab_hard_floor_B1_U050_R1,522.282277148,10.481580588,stop,0.500000,-3.659705877,-4.377817631,-2.197491646,0.027071964,-0.027228862,-2.197342157,ros2_odometer_state
M19C_S1_lab_hard_floor_B1_U050_R1,522.285437746,10.484741186,stop,0.500000,-3.659705877,-4.377817631,-2.197491646,0.027080715,-0.027210420,-2.197282314,ros2_odometer_state
M19C_S1_lab_hard_floor_B1_U050_R1,522.286988844,10.486292284,stop,0.500000,-3.659705877,-4.377817631,-2.197491646,0.027080715,-0.027210420,-2.197282314,ros2_odometer_state
M19C_S1_lab_hard_floor_B1_U050_R1,522.288539078,10.487842518,stop,0.500000,-3.659705877,-4.377817631,-2.197491646,0.027083406,-0.027194615,-2.197259188,ros2_odometer_state
M19C_S1_lab_hard_floor_B1_U050_R1,522.290529329,10.489832769,stop,0.500000,-3.660378933,-4.377307892,-2.197230577,0.027081380,-0.027176872,-2.197230577,ros2_odometer_state
M19C_S1_lab_hard_floor_B1_U050_R1,522.292442872,10.491746312,stop,0.500000,-3.660378933,-4.377307892,-2.197230577,0.027079618,-0.027152777,-2.197209597,ros2_odometer_state
M19C_S1_lab_hard_floor_B1_U050_R1,522.294447460,10.493750900,stop,0.500000,-3.660378933,-4.377307892,-2.197230577,0.027089013,-0.027131690,-2.197188139,ros2_odometer_state
M19C_S1_lab_hard_floor_B1_U050_R1,522.297232748,10.496536188,stop,0.500000,-3.660378933,-4.377307892,-2.197230577,0.027100604,-0.027097404,-2.197146893,ros2_odometer_state
M19C_S1_lab_hard_floor_B1_U050_R1,522.299254487,10.498557927,stop,0.500000,-3.660378933,-4.377307892,-2.197230577,0.027107256,-0.027075861,-2.197122335,ros2_odometer_state
M19C_S1_lab_hard_floor_B1_U050_R1,522.300504326,10.499807766,stop,0.500000,-3.660378933,-4.377307892,-2.197230577,0.027107256,-0.027075861,-2.197122335,ros2_odometer_state
M19C_S1_lab_hard_floor_B1_U050_R1,522.303287886,10.502591326,stop,0.500000,-3.660378933,-4.377307892,-2.197230577,0.027116455,-0.027025580,-2.197078466,ros2_odometer_state
M19C_S1_lab_hard_floor_B1_U050_R1,522.305199574,10.504503014,stop,0.500000,-3.660378933,-4.377307892,-2.197230577,0.027123513,-0.027006529,-2.197059155,ros2_odometer_state
M19C_S1_lab_hard_floor_B1_U050_R1,522.307675955,10.506979395,stop,0.500000,-3.660378933,-4.377307892,-2.197230577,0.027130961,-0.026987553,-2.197040558,ros2_odometer_state
M19C_S1_lab_hard_floor_B1_U050_R1,522.309758625,10.509062065,stop,0.500000,-3.660378933,-4.377307892,-2.197230577,0.027133035,-0.026976861,-2.197017908,ros2_odometer_state
M19C_S1_lab_hard_floor_B1_U050_R1,522.313107006,10.512410446,stop,0.500000,-3.661067724,-4.376785755,-2.197017908,0.027131788,-0.026963003,-2.196993113,ros2_odometer_state
M19C_S1_lab_hard_floor_B1_U050_R1,522.314217288,10.513520728,stop,0.500000,-3.661067724,-4.376785755,-2.197017908,0.027129795,-0.026947068,-2.196966171,ros2_odometer_state
M19C_S1_lab_hard_floor_B1_U050_R1,522.314539124,10.513842564,stop,0.500000,-3.661067724,-4.376785755,-2.197017908,0.027129795,-0.026947068,-2.196966171,ros2_odometer_state
M19C_S1_lab_hard_floor_B1_U050_R1,522.316316374,10.515619814,stop,0.500000,-3.661067724,-4.376785755,-2.197017908,0.027124844,-0.026938083,-2.196930885,ros2_odometer_state
M19C_S1_lab_hard_floor_B1_U050_R1,522.318283840,10.517587280,stop,0.500000,-3.661067724,-4.376785755,-2.197017908,0.027128907,-0.026926178,-2.196895123,ros2_odometer_state
M19C_S1_lab_hard_floor_B1_U050_R1,522.320305484,10.519608924,stop,0.500000,-3.661067724,-4.376785755,-2.197017908,0.027127843,-0.026908308,-2.196862459,ros2_odometer_state
M19C_S1_lab_hard_floor_B1_U050_R1,522.323396767,10.522700207,stop,0.500000,-3.661067724,-4.376785755,-2.197017908,0.027114876,-0.026889935,-2.196788549,ros2_odometer_state
M19C_S1_lab_hard_floor_B1_U050_R1,522.324532362,10.523835802,stop,0.500000,-3.661067724,-4.376785755,-2.197017908,0.027114876,-0.026889935,-2.196788549,ros2_odometer_state
M19C_S1_lab_hard_floor_B1_U050_R1,522.327034920,10.526338360,stop,0.500000,-3.661067724,-4.376785755,-2.197017908,0.027111046,-0.026888346,-2.196748018,ros2_odometer_state
M19C_S1_lab_hard_floor_B1_U050_R1,522.329367039,10.528670479,stop,0.500000,-3.661067724,-4.376785755,-2.197017908,0.027117698,-0.026881814,-2.196666718,ros2_odometer_state
M19C_S1_lab_hard_floor_B1_U050_R1,522.331327464,10.530630904,stop,0.500000,-3.661728382,-4.376284599,-2.196666718,0.027121957,-0.026880674,-2.196605206,ros2_odometer_state
M19C_S1_lab_hard_floor_B1_U050_R1,522.333300722,10.532604162,stop,0.500000,-3.661728382,-4.376284599,-2.196666718,0.027121626,-0.026881795,-2.196548939,ros2_odometer_state
M19C_S1_lab_hard_floor_B1_U050_R1,522.335322686,10.534626126,stop,0.500000,-3.661728382,-4.376284599,-2.196666718,0.027122149,-0.026888147,-2.196496248,ros2_odometer_state
M19C_S1_lab_hard_floor_B1_U050_R1,522.337247974,10.536551414,stop,0.500000,-3.661728382,-4.376284599,-2.196666718,0.027123155,-0.026891340,-2.196451664,ros2_odometer_state
M19C_S1_lab_hard_floor_B1_U050_R1,522.339264817,10.538568257,stop,0.500000,-3.661728382,-4.376284599,-2.196666718,0.027125932,-0.026893592,-2.196402073,ros2_odometer_state
M19C_S1_lab_hard_floor_B1_U050_R1,522.341433827,10.540737267,stop,0.500000,-3.661728382,-4.376284599,-2.196666718,0.027123461,-0.026891967,-2.196349621,ros2_odometer_state
M19C_S1_lab_hard_floor_B1_U050_R1,522.343871486,10.543174926,stop,0.500000,-3.661728382,-4.376284599,-2.196666718,0.027121622,-0.026895085,-2.196296930,ros2_odometer_state
M19C_S1_lab_hard_floor_B1_U050_R1,522.344856323,10.544159763,stop,0.500000,-3.661728382,-4.376284599,-2.196666718,0.027121622,-0.026895085,-2.196296930,ros2_odometer_state
M19C_S1_lab_hard_floor_B1_U050_R1,522.349474096,10.548777536,stop,0.500000,-3.661728382,-4.376284599,-2.196666718,0.027135476,-0.026912993,-2.196192503,ros2_odometer_state
M19C_S1_lab_hard_floor_B1_U050_R1,522.350665244,10.549968684,stop,0.500000,-3.661728382,-4.376284599,-2.196666718,0.027136939,-0.026918134,-2.196144581,ros2_odometer_state
M19C_S1_lab_hard_floor_B1_U050_R1,522.351579423,10.550882863,stop,0.500000,-3.662418842,-4.375761509,-2.196144581,0.027143020,-0.026930958,-2.196096182,ros2_odometer_state
M19C_S1_lab_hard_floor_B1_U050_R1,522.353288415,10.552591855,stop,0.500000,-3.662418842,-4.375761509,-2.196144581,0.027150769,-0.026950570,-2.196048975,ros2_odometer_state
M19C_S1_lab_hard_floor_B1_U050_R1,522.355361996,10.554665436,stop,0.500000,-3.662418842,-4.375761509,-2.196144581,0.027145442,-0.026977492,-2.196003437,ros2_odometer_state
M19C_S1_lab_hard_floor_B1_U050_R1,522.357367351,10.556670791,stop,0.500000,-3.662418842,-4.375761509,-2.196144581,0.027140303,-0.026994532,-2.195954323,ros2_odometer_state
M19C_S1_lab_hard_floor_B1_U050_R1,522.359311040,10.558614480,stop,0.500000,-3.662418842,-4.375761509,-2.196144581,0.027136311,-0.027016969,-2.195907354,ros2_odometer_state
M19C_S1_lab_hard_floor_B1_U050_R1,522.361305515,10.560608955,stop,0.500000,-3.662418842,-4.375761509,-2.196144581,0.027139626,-0.027055195,-2.195865393,ros2_odometer_state
M19C_S1_lab_hard_floor_B1_U050_R1,522.363277524,10.562580964,stop,0.500000,-3.662418842,-4.375761509,-2.196144581,0.027145455,-0.027092831,-2.195822477,ros2_odometer_state
M19C_S1_lab_hard_floor_B1_U050_R1,522.365318401,10.564621841,stop,0.500000,-3.662418842,-4.375761509,-2.196144581,0.027142383,-0.027131043,-2.195775747,ros2_odometer_state
M19C_S1_lab_hard_floor_B1_U050_R1,522.367907650,10.567211090,stop,0.500000,-3.662418842,-4.375761509,-2.196144581,0.027142383,-0.027131043,-2.195775747,ros2_odometer_state
M19C_S1_lab_hard_floor_B1_U050_R1,522.369348408,10.568651848,stop,0.500000,-3.662418842,-4.375761509,-2.196144581,0.027138632,-0.027173411,-2.195729494,ros2_odometer_state
M19C_S1_lab_hard_floor_B1_U050_R1,522.370650505,10.569953945,stop,0.500000,-3.663113594,-4.375235081,-2.195677519,0.027141375,-0.027227363,-2.195677519,ros2_odometer_state
M19C_S1_lab_hard_floor_B1_U050_R1,522.373329069,10.572632509,stop,0.500000,-3.663113594,-4.375235081,-2.195677519,0.027144169,-0.027332578,-2.195588350,ros2_odometer_state
M19C_S1_lab_hard_floor_B1_U050_R1,522.375323383,10.574626823,stop,0.500000,-3.663113594,-4.375235081,-2.195677519,0.027138503,-0.027374161,-2.195536137,ros2_odometer_state
M19C_S1_lab_hard_floor_B1_U050_R1,522.377814293,10.577117733,stop,0.500000,-3.663113594,-4.375235081,-2.195677519,0.027139410,-0.027408604,-2.195486307,ros2_odometer_state
M19C_S1_lab_hard_floor_B1_U050_R1,522.379997510,10.579300950,stop,0.500000,-3.663113594,-4.375235081,-2.195677519,0.027140304,-0.027456172,-2.195433140,ros2_odometer_state
M19C_S1_lab_hard_floor_B1_U050_R1,522.380632414,10.579935854,stop,0.500000,-3.663113594,-4.375235081,-2.195677519,0.027140304,-0.027456172,-2.195433140,ros2_odometer_state
M19C_S1_lab_hard_floor_B1_U050_R1,522.383451624,10.582755064,stop,0.500000,-3.663113594,-4.375235081,-2.195677519,0.027143938,-0.027527355,-2.195329666,ros2_odometer_state
M19C_S1_lab_hard_floor_B1_U050_R1,522.385373872,10.584677312,stop,0.500000,-3.663113594,-4.375235081,-2.195677519,0.027145080,-0.027552409,-2.195277929,ros2_odometer_state
M19C_S1_lab_hard_floor_B1_U050_R1,522.387846892,10.587150332,stop,0.500000,-3.663113594,-4.375235081,-2.195677519,0.027152929,-0.027568169,-2.195225239,ros2_odometer_state
M19C_S1_lab_hard_floor_B1_U050_R1,522.389432200,10.588735640,stop,0.500000,-3.663113594,-4.375235081,-2.195677519,0.027161935,-0.027587868,-2.195167780,ros2_odometer_state
M19C_S1_lab_hard_floor_B1_U050_R1,522.391435859,10.590739299,stop,0.500000,-3.663806438,-4.374710083,-2.195167780,0.027166249,-0.027604695,-2.195113659,ros2_odometer_state
M19C_S1_lab_hard_floor_B1_U050_R1,522.392645280,10.591948720,stop,0.500000,-3.663806438,-4.374710083,-2.195167780,0.027166249,-0.027604695,-2.195113659,ros2_odometer_state
M19C_S1_lab_hard_floor_B1_U050_R1,522.394707501,10.594010941,stop,0.500000,-3.663806438,-4.374710083,-2.195167780,0.027171666,-0.027622616,-2.195060492,ros2_odometer_state
M19C_S1_lab_hard_floor_B1_U050_R1,522.397530135,10.596833575,stop,0.500000,-3.663806438,-4.374710083,-2.195167780,0.027171986,-0.027641023,-2.194967031,ros2_odometer_state
M19C_S1_lab_hard_floor_B1_U050_R1,522.399525570,10.598829010,stop,0.500000,-3.663806438,-4.374710083,-2.195167780,0.027174285,-0.027647153,-2.194921732,ros2_odometer_state
M19C_S1_lab_hard_floor_B1_U050_R1,522.401542061,10.600845501,stop,0.500000,-3.663806438,-4.374710083,-2.195167780,0.027174687,-0.027648922,-2.194872856,ros2_odometer_state
M19C_S1_lab_hard_floor_B1_U050_R1,522.403555192,10.602858632,stop,0.500000,-3.663806438,-4.374710083,-2.195167780,0.027172225,-0.027646232,-2.194825888,ros2_odometer_state
M19C_S1_lab_hard_floor_B1_U050_R1,522.405517538,10.604820978,stop,0.500000,-3.663806438,-4.374710083,-2.195167780,0.027166069,-0.027647968,-2.194781542,ros2_odometer_state
M19C_S1_lab_hard_floor_B1_U050_R1,522.407981246,10.607284686,stop,0.500000,-3.663806438,-4.374710083,-2.195167780,0.027157448,-0.027650980,-2.194735289,ros2_odometer_state
M19C_S1_lab_hard_floor_B1_U050_R1,522.408753147,10.608056587,stop,0.500000,-3.663806438,-4.374710083,-2.195167780,0.027157448,-0.027650980,-2.194735289,ros2_odometer_state
M19C_S1_lab_hard_floor_B1_U050_R1,522.411496130,10.610799570,stop,0.500000,-3.664466143,-4.374211311,-2.194687366,0.027160238,-0.027650084,-2.194644213,ros2_odometer_state
M19C_S1_lab_hard_floor_B1_U050_R1,522.413674803,10.612978243,stop,0.500000,-3.664466143,-4.374211311,-2.194687366,0.027162319,-0.027657744,-2.194600821,ros2_odometer_state
M19C_S1_lab_hard_floor_B1_U050_R1,522.415633053,10.614936493,stop,0.500000,-3.664466143,-4.374211311,-2.194687366,0.027166151,-0.027672121,-2.194565058,ros2_odometer_state
M19C_S1_lab_hard_floor_B1_U050_R1,522.416723878,10.616027318,stop,0.500000,-3.664466143,-4.374211311,-2.194687366,0.027166151,-0.027672121,-2.194565058,ros2_odometer_state
M19C_S1_lab_hard_floor_B1_U050_R1,522.419551727,10.618855167,stop,0.500000,-3.664466143,-4.374211311,-2.194687366,0.027176391,-0.027705288,-2.194490194,ros2_odometer_state
M19C_S1_lab_hard_floor_B1_U050_R1,522.420754780,10.620058220,stop,0.500000,-3.664466143,-4.374211311,-2.194687366,0.027176391,-0.027705288,-2.194490194,ros2_odometer_state
M19C_S1_lab_hard_floor_B1_U050_R1,522.423515268,10.622818708,stop,0.500000,-3.664466143,-4.374211311,-2.194687366,0.027167493,-0.027748071,-2.194419146,ros2_odometer_state
M19C_S1_lab_hard_floor_B1_U050_R1,522.425485902,10.624789342,stop,0.500000,-3.664466143,-4.374211311,-2.194687366,0.027163552,-0.027775137,-2.194385529,ros2_odometer_state
M19C_S1_lab_hard_floor_B1_U050_R1,522.427207310,10.626510750,stop,0.500000,-3.664466143,-4.374211311,-2.194687366,0.027163552,-0.027775137,-2.194385529,ros2_odometer_state
M19C_S1_lab_hard_floor_B1_U050_R1,522.429457538,10.628760978,stop,0.500000,-3.664466143,-4.374211311,-2.194687366,0.027166231,-0.027833002,-2.194327116,ros2_odometer_state
M19C_S1_lab_hard_floor_B1_U050_R1,522.431642004,10.630945444,stop,0.500000,-3.665170431,-4.373680592,-2.194327116,0.027165139,-0.027865883,-2.194308043,ros2_odometer_state
M19C_S1_lab_hard_floor_B1_U050_R1,522.433455640,10.632759080,stop,0.500000,-3.665170431,-4.373680592,-2.194327116,0.027160941,-0.027896846,-2.194293976,ros2_odometer_state
M19C_S1_lab_hard_floor_B1_U050_R1,522.435350015,10.634653455,stop,0.500000,-3.665170431,-4.373680592,-2.194327116,0.027163895,-0.027922602,-2.194277525,ros2_odometer_state
M19C_S1_lab_hard_floor_B1_U050_R1,522.437389611,10.636693051,stop,0.500000,-3.665170431,-4.373680592,-2.194327116,0.027172232,-0.027947873,-2.194256783,ros2_odometer_state
M19C_S1_lab_hard_floor_B1_U050_R1,522.438548791,10.637852231,stop,0.500000,-3.665170431,-4.373680592,-2.194327116,0.027172232,-0.027947873,-2.194256783,ros2_odometer_state
M19C_S1_lab_hard_floor_B1_U050_R1,522.440688103,10.639991543,stop,0.500000,-3.665170431,-4.373680592,-2.194327116,0.027171783,-0.027973816,-2.194242001,ros2_odometer_state
M19C_S1_lab_hard_floor_B1_U050_R1,522.443316009,10.642619449,stop,0.500000,-3.665170431,-4.373680592,-2.194327116,0.027171541,-0.028011316,-2.194229364,ros2_odometer_state
M19C_S1_lab_hard_floor_B1_U050_R1,522.445270034,10.644573474,stop,0.500000,-3.665170431,-4.373680592,-2.194327116,0.027174069,-0.028029481,-2.194231510,ros2_odometer_state
M19C_S1_lab_hard_floor_B1_U050_R1,522.447889172,10.647192612,stop,0.500000,-3.665170431,-4.373680592,-2.194327116,0.027175527,-0.028044781,-2.194236279,ros2_odometer_state
M19C_S1_lab_hard_floor_B1_U050_R1,522.449375980,10.648679420,stop,0.500000,-3.665170431,-4.373680592,-2.194327116,0.027172605,-0.028065160,-2.194235325,ros2_odometer_state
M19C_S1_lab_hard_floor_B1_U050_R1,522.451375223,10.650678663,stop,0.500000,-3.665806532,-4.373201370,-2.194235325,0.027169093,-0.028082095,-2.194242001,ros2_odometer_state
M19C_S1_lab_hard_floor_B1_U050_R1,522.453346977,10.652650417,stop,0.500000,-3.665806532,-4.373201370,-2.194235325,0.027162161,-0.028097644,-2.194247961,ros2_odometer_state
M19C_S1_lab_hard_floor_B1_U050_R1,522.454582575,10.653886015,stop,0.500000,-3.665806532,-4.373201370,-2.194235325,0.027162161,-0.028097644,-2.194247961,ros2_odometer_state
M19C_S1_lab_hard_floor_B1_U050_R1,522.456617851,10.655921291,stop,0.500000,-3.665806532,-4.373201370,-2.194235325,0.027161477,-0.028114455,-2.194257975,ros2_odometer_state
M19C_S1_lab_hard_floor_B1_U050_R1,522.459364290,10.658667730,stop,0.500000,-3.665806532,-4.373201370,-2.194235325,0.027158825,-0.028162150,-2.194270611,ros2_odometer_state
M19C_S1_lab_hard_floor_B1_U050_R1,522.461349580,10.660653020,stop,0.500000,-3.665806532,-4.373201370,-2.194235325,0.027160227,-0.028192163,-2.194270372,ros2_odometer_state
M19C_S1_lab_hard_floor_B1_U050_R1,522.463336247,10.662639687,stop,0.500000,-3.665806532,-4.373201370,-2.194235325,0.027162282,-0.028220581,-2.194278002,ros2_odometer_state
M19C_S1_lab_hard_floor_B1_U050_R1,522.464649672,10.663953112,stop,0.500000,-3.665806532,-4.373201370,-2.194235325,0.027162282,-0.028220581,-2.194278002,ros2_odometer_state
M19C_S1_lab_hard_floor_B1_U050_R1,522.467964164,10.667267604,stop,0.500000,-3.665806532,-4.373201370,-2.194235325,0.027148344,-0.028271545,-2.194280386,ros2_odometer_state
M19C_S1_lab_hard_floor_B1_U050_R1,522.468891911,10.668195351,stop,0.500000,-3.665806532,-4.373201370,-2.194235325,0.027148344,-0.028271545,-2.194280386,ros2_odometer_state
M19C_S1_lab_hard_floor_B1_U050_R1,522.471772851,10.671076291,stop,0.500000,-3.666438103,-4.372725964,-2.194278955,0.027145272,-0.028328242,-2.194267750,ros2_odometer_state
M19C_S1_lab_hard_floor_B1_U050_R1,522.473503859,10.672807299,stop,0.500000,-3.666438103,-4.372725964,-2.194278955,0.027143477,-0.028355997,-2.194262266,ros2_odometer_state
M19C_S1_lab_hard_floor_B1_U050_R1,522.475444444,10.674747884,stop,0.500000,-3.666438103,-4.372725964,-2.194278955,0.027137468,-0.028379675,-2.194265604,ros2_odometer_state
M19C_S1_lab_hard_floor_B1_U050_R1,522.477629038,10.676932478,stop,0.500000,-3.666438103,-4.372725964,-2.194278955,0.027137525,-0.028403500,-2.194267750,ros2_odometer_state
M19C_S1_lab_hard_floor_B1_U050_R1,522.479566614,10.678870054,stop,0.500000,-3.666438103,-4.372725964,-2.194278955,0.027133146,-0.028423477,-2.194262266,ros2_odometer_state
M19C_S1_lab_hard_floor_B1_U050_R1,522.481408731,10.680712171,stop,0.500000,-3.666438103,-4.372725964,-2.194278955,0.027129503,-0.028444372,-2.194255590,ros2_odometer_state
M19C_S1_lab_hard_floor_B1_U050_R1,522.483409638,10.682713078,stop,0.500000,-3.666438103,-4.372725964,-2.194278955,0.027133182,-0.028461717,-2.194242954,ros2_odometer_state
M19C_S1_lab_hard_floor_B1_U050_R1,522.485407249,10.684710689,stop,0.500000,-3.666438103,-4.372725964,-2.194278955,0.027136875,-0.028484073,-2.194232464,ros2_odometer_state
M19C_S1_lab_hard_floor_B1_U050_R1,522.488160728,10.687464168,stop,0.500000,-3.666438103,-4.372725964,-2.194278955,0.027131312,-0.028509857,-2.194227934,ros2_odometer_state
M19C_S1_lab_hard_floor_B1_U050_R1,522.489715890,10.689019330,stop,0.500000,-3.666438103,-4.372725964,-2.194278955,0.027126033,-0.028530721,-2.194219589,ros2_odometer_state
M19C_S1_lab_hard_floor_B1_U050_R1,522.491663675,10.690967115,stop,0.500000,-3.667086363,-4.372239113,-2.194219589,0.027127028,-0.028554250,-2.194209337,ros2_odometer_state
M19C_S1_lab_hard_floor_B1_U050_R1,522.493503808,10.692807248,stop,0.500000,-3.667086363,-4.372239113,-2.194219589,0.027118059,-0.028566042,-2.194199562,ros2_odometer_state
M19C_S1_lab_hard_floor_B1_U050_R1,522.495452425,10.694755865,stop,0.500000,-3.667086363,-4.372239113,-2.194219589,0.027103305,-0.028581398,-2.194193125,ros2_odometer_state
M19C_S1_lab_hard_floor_B1_U050_R1,522.496982242,10.696285682,stop,0.500000,-3.667086363,-4.372239113,-2.194219589,0.027103305,-0.028581398,-2.194193125,ros2_odometer_state
M19C_S1_lab_hard_floor_B1_U050_R1,522.499825293,10.699128733,stop,0.500000,-3.667086363,-4.372239113,-2.194219589,0.027086124,-0.028621327,-2.194170952,ros2_odometer_state
M19C_S1_lab_hard_floor_B1_U050_R1,522.500834195,10.700137635,stop,0.500000,-3.667086363,-4.372239113,-2.194219589,0.027086124,-0.028621327,-2.194170952,ros2_odometer_state
