trial_id,timestamp_monotonic,t_rel,phase,command_velocity,odom_x,odom_y,odom_theta,imu_roll,imu_pitch,imu_yaw,source
M19C_S3_artificial_turf_B1_U060_R1,2750.242977656,1.125136413,idle,0.600000,-8.332586288,-42.383583069,-0.510583162,0.030948609,-0.032430083,-0.510581553,ros2_odometer_state
M19C_S3_artificial_turf_B1_U060_R1,2750.244385136,1.126543893,idle,0.600000,-8.332586288,-42.383583069,-0.510582387,0.030946242,-0.032437962,-0.510580659,ros2_odometer_state
M19C_S3_artificial_turf_B1_U060_R1,2750.245353559,1.127512316,idle,0.600000,-8.332586288,-42.383583069,-0.510582387,0.030948402,-0.032445572,-0.510582387,ros2_odometer_state
M19C_S3_artificial_turf_B1_U060_R1,2750.246306525,1.128465282,idle,0.600000,-8.332586288,-42.383583069,-0.510582387,0.030943731,-0.032441888,-0.510583818,ros2_odometer_state
M19C_S3_artificial_turf_B1_U060_R1,2750.247218881,1.129377638,idle,0.600000,-8.332586288,-42.383583069,-0.510582387,0.030945286,-0.032438315,-0.510578811,ros2_odometer_state
M19C_S3_artificial_turf_B1_U060_R1,2750.248155942,1.130314699,idle,0.600000,-8.332586288,-42.383583069,-0.510582387,0.030948907,-0.032436553,-0.510574043,ros2_odometer_state
M19C_S3_artificial_turf_B1_U060_R1,2750.249040233,1.131198990,idle,0.600000,-8.332586288,-42.383583069,-0.510582387,0.030949300,-0.032437205,-0.510574043,ros2_odometer_state
M19C_S3_artificial_turf_B1_U060_R1,2750.250993623,1.133152380,idle,0.600000,-8.332586288,-42.383583069,-0.510582387,0.030962620,-0.032437794,-0.510572970,ros2_odometer_state
M19C_S3_artificial_turf_B1_U060_R1,2750.252044097,1.134202854,idle,0.600000,-8.332586288,-42.383583069,-0.510582387,0.030965084,-0.032435846,-0.510565460,ros2_odometer_state
M19C_S3_artificial_turf_B1_U060_R1,2750.252982310,1.135141067,idle,0.600000,-8.332586288,-42.383583069,-0.510582387,0.030957818,-0.032432828,-0.510557413,ros2_odometer_state
M19C_S3_artificial_turf_B1_U060_R1,2750.254208439,1.136367196,idle,0.600000,-8.332586288,-42.383583069,-0.510582387,0.030957907,-0.032433994,-0.510558963,ros2_odometer_state
M19C_S3_artificial_turf_B1_U060_R1,2750.255145212,1.137303969,idle,0.600000,-8.332586288,-42.383583069,-0.510564208,0.030956199,-0.032437395,-0.510566056,ros2_odometer_state
M19C_S3_artificial_turf_B1_U060_R1,2750.256084769,1.138243526,idle,0.600000,-8.332586288,-42.383583069,-0.510564208,0.030954074,-0.032434650,-0.510564208,ros2_odometer_state
M19C_S3_artificial_turf_B1_U060_R1,2750.256963812,1.139122569,idle,0.600000,-8.332586288,-42.383583069,-0.510564208,0.030962316,-0.032432299,-0.510561883,ros2_odometer_state
M19C_S3_artificial_turf_B1_U060_R1,2750.257842631,1.140001388,idle,0.600000,-8.332586288,-42.383583069,-0.510564208,0.030963976,-0.032432213,-0.510557771,ros2_odometer_state
M19C_S3_artificial_turf_B1_U060_R1,2750.258712586,1.140871343,idle,0.600000,-8.332586288,-42.383583069,-0.510552764,0.030960888,-0.032429893,-0.510559142,ros2_odometer_state
M19C_S3_artificial_turf_B1_U060_R1,2750.259572684,1.141731441,idle,0.600000,-8.332586288,-42.383583069,-0.510552764,0.030962531,-0.032425027,-0.510571659,ros2_odometer_state
M19C_S3_artificial_turf_B1_U060_R1,2750.260479536,1.142638293,idle,0.600000,-8.332586288,-42.383583069,-0.510552764,0.031025305,-0.032416966,-0.510564268,ros2_odometer_state
M19C_S3_artificial_turf_B1_U060_R1,2750.261538458,1.143697215,idle,0.600000,-8.332586288,-42.383583069,-0.510565102,0.031026155,-0.032411553,-0.510565877,ros2_odometer_state
M19C_S3_artificial_turf_B1_U060_R1,2750.262586628,1.144745385,idle,0.600000,-8.332586288,-42.383583069,-0.510565102,0.031025168,-0.032405052,-0.510565102,ros2_odometer_state
M19C_S3_artificial_turf_B1_U060_R1,2750.263985788,1.146144545,idle,0.600000,-8.332586288,-42.383583069,-0.510565102,0.031027472,-0.032398719,-0.510567486,ros2_odometer_state
M19C_S3_artificial_turf_B1_U060_R1,2750.264927553,1.147086310,idle,0.600000,-8.332586288,-42.383583069,-0.510565102,0.031025952,-0.032392155,-0.510566950,ros2_odometer_state
M19C_S3_artificial_turf_B1_U060_R1,2750.266288375,1.148447132,idle,0.600000,-8.332586288,-42.383583069,-0.510565102,0.031018019,-0.032387994,-0.510566294,ros2_odometer_state
M19C_S3_artificial_turf_B1_U060_R1,2750.267563626,1.149722383,idle,0.600000,-8.332586288,-42.383583069,-0.510565102,0.031016754,-0.032379363,-0.510575950,ros2_odometer_state
M19C_S3_artificial_turf_B1_U060_R1,2750.268612564,1.150771321,idle,0.600000,-8.332586288,-42.383583069,-0.510565102,0.031018084,-0.032378241,-0.510574579,ros2_odometer_state
M19C_S3_artificial_turf_B1_U060_R1,2750.269916711,1.152075468,idle,0.600000,-8.332586288,-42.383583069,-0.510565102,0.031015472,-0.032379709,-0.510567665,ros2_odometer_state
M19C_S3_artificial_turf_B1_U060_R1,2750.270888430,1.153047187,idle,0.600000,-8.332586288,-42.383583069,-0.510565102,0.031011632,-0.032373507,-0.510566294,ros2_odometer_state
M19C_S3_artificial_turf_B1_U060_R1,2750.272237284,1.154396041,idle,0.600000,-8.332586288,-42.383583069,-0.510565102,0.031018049,-0.032364972,-0.510571420,ros2_odometer_state
M19C_S3_artificial_turf_B1_U060_R1,2750.273174153,1.155332910,idle,0.600000,-8.332586288,-42.383583069,-0.510570467,0.031022007,-0.032357067,-0.510572612,ros2_odometer_state
M19C_S3_artificial_turf_B1_U060_R1,2750.274032075,1.156190832,idle,0.600000,-8.332586288,-42.383583069,-0.510570467,0.031020131,-0.032354884,-0.510570467,ros2_odometer_state
M19C_S3_artificial_turf_B1_U060_R1,2750.274873932,1.157032689,idle,0.600000,-8.332586288,-42.383583069,-0.510570467,0.031014679,-0.032353558,-0.510573030,ros2_odometer_state
M19C_S3_artificial_turf_B1_U060_R1,2750.275723758,1.157882515,idle,0.600000,-8.332586288,-42.383583069,-0.510570467,0.031013001,-0.032349717,-0.510570526,ros2_odometer_state
M19C_S3_artificial_turf_B1_U060_R1,2750.276594257,1.158753014,idle,0.600000,-8.332586288,-42.383583069,-0.510570467,0.031010538,-0.032341465,-0.510572970,ros2_odometer_state
M19C_S3_artificial_turf_B1_U060_R1,2750.277451411,1.159610168,idle,0.600000,-8.332586288,-42.383583069,-0.510570467,0.031006422,-0.032340642,-0.510573506,ros2_odometer_state
M19C_S3_artificial_turf_B1_U060_R1,2750.280204032,1.162362789,idle,0.600000,-8.332586288,-42.383583069,-0.510570467,0.031005744,-0.032336939,-0.510573924,ros2_odometer_state
M19C_S3_artificial_turf_B1_U060_R1,2750.282291219,1.164449976,idle,0.600000,-8.332586288,-42.383583069,-0.510570467,0.031005153,-0.032332726,-0.510561943,ros2_odometer_state
M19C_S3_artificial_turf_B1_U060_R1,2750.284624592,1.166783349,idle,0.600000,-8.332586288,-42.383583069,-0.510570467,0.031003110,-0.032328743,-0.510557473,ros2_odometer_state
M19C_S3_artificial_turf_B1_U060_R1,2750.286603263,1.168762020,idle,0.600000,-8.332586288,-42.383583069,-0.510570467,0.030997479,-0.032324966,-0.510554194,ros2_odometer_state
M19C_S3_artificial_turf_B1_U060_R1,2750.288603406,1.170762163,idle,0.600000,-8.332586288,-42.383583069,-0.510554194,0.030996097,-0.032326799,-0.510551870,ros2_odometer_state
M19C_S3_artificial_turf_B1_U060_R1,2750.290383189,1.172541946,idle,0.600000,-8.332586288,-42.383583069,-0.510554194,0.030992055,-0.032327127,-0.510556400,ros2_odometer_state
M19C_S3_artificial_turf_B1_U060_R1,2750.293064032,1.175222789,idle,0.600000,-8.332586288,-42.383583069,-0.510554194,0.030990966,-0.032323617,-0.510561407,ros2_odometer_state
M19C_S3_artificial_turf_B1_U060_R1,2750.293699993,1.175858750,idle,0.600000,-8.332586288,-42.383583069,-0.510554194,0.030990966,-0.032323617,-0.510561407,ros2_odometer_state
M19C_S3_artificial_turf_B1_U060_R1,2750.296464423,1.178623180,idle,0.600000,-8.332586288,-42.383583069,-0.510554194,0.030993681,-0.032328509,-0.510566294,ros2_odometer_state
M19C_S3_artificial_turf_B1_U060_R1,2750.298567738,1.180726495,idle,0.600000,-8.332586288,-42.383583069,-0.510554194,0.030989604,-0.032320525,-0.510568440,ros2_odometer_state
M19C_S3_artificial_turf_B1_U060_R1,2750.299627237,1.181785994,idle,0.600000,-8.332586288,-42.383583069,-0.510554194,0.030989604,-0.032320525,-0.510568440,ros2_odometer_state
M19C_S3_artificial_turf_B1_U060_R1,2750.302649117,1.184807874,idle,0.600000,-8.332586288,-42.383583069,-0.510554194,0.030989265,-0.032305561,-0.510569572,ros2_odometer_state
M19C_S3_artificial_turf_B1_U060_R1,2750.304329088,1.186487845,idle,0.600000,-8.332586288,-42.383583069,-0.510554194,0.030992737,-0.032297041,-0.510566533,ros2_odometer_state
M19C_S3_artificial_turf_B1_U060_R1,2750.305553616,1.187712373,idle,0.600000,-8.332586288,-42.383583069,-0.510554194,0.030991178,-0.032294501,-0.510563493,ros2_odometer_state
M19C_S3_artificial_turf_B1_U060_R1,2750.308659180,1.190817937,idle,0.600000,-8.332586288,-42.383583069,-0.510562956,0.030987609,-0.032281183,-0.510569692,ros2_odometer_state
M19C_S3_artificial_turf_B1_U060_R1,2750.310498325,1.192657082,idle,0.600000,-8.332586288,-42.383583069,-0.510562956,0.030987088,-0.032269567,-0.510569274,ros2_odometer_state
M19C_S3_artificial_turf_B1_U060_R1,2750.312146166,1.194304923,idle,0.600000,-8.332586288,-42.383583069,-0.510562956,0.030987088,-0.032269567,-0.510569274,ros2_odometer_state
M19C_S3_artificial_turf_B1_U060_R1,2750.313691828,1.195850585,idle,0.600000,-8.332586288,-42.383583069,-0.510562956,0.030984592,-0.032261107,-0.510562897,ros2_odometer_state
M19C_S3_artificial_turf_B1_U060_R1,2750.317445769,1.199604526,idle,0.600000,-8.332586288,-42.383583069,-0.510562956,0.030993393,-0.032244645,-0.510561228,ros2_odometer_state
M19C_S3_artificial_turf_B1_U060_R1,2750.318159109,1.200317866,idle,0.600000,-8.332586288,-42.383583069,-0.510562956,0.030993393,-0.032244645,-0.510561228,ros2_odometer_state
M19C_S3_artificial_turf_B1_U060_R1,2750.322398286,1.204557043,idle,0.600000,-8.332586288,-42.383583069,-0.510562956,0.030994318,-0.032241397,-0.510561049,ros2_odometer_state
M19C_S3_artificial_turf_B1_U060_R1,2750.323724931,1.205883688,idle,0.600000,-8.332586288,-42.383583069,-0.510562956,0.030992908,-0.032244559,-0.510566235,ros2_odometer_state
M19C_S3_artificial_turf_B1_U060_R1,2750.324764876,1.206923633,idle,0.600000,-8.332586288,-42.383583069,-0.510562956,0.030984739,-0.032237791,-0.510568678,ros2_odometer_state
M19C_S3_artificial_turf_B1_U060_R1,2750.326763323,1.208922080,idle,0.600000,-8.332586288,-42.383583069,-0.510562956,0.030972496,-0.032230191,-0.510565698,ros2_odometer_state
M19C_S3_artificial_turf_B1_U060_R1,2750.327766531,1.209925288,idle,0.600000,-8.332586288,-42.383583069,-0.510565698,0.030972496,-0.032230191,-0.510565698,ros2_odometer_state
M19C_S3_artificial_turf_B1_U060_R1,2750.330276583,1.212435340,idle,0.600000,-8.332586288,-42.383583069,-0.510565698,0.030961420,-0.032220602,-0.510560513,ros2_odometer_state
M19C_S3_artificial_turf_B1_U060_R1,2750.332950865,1.215109622,idle,0.600000,-8.332586288,-42.383583069,-0.510565698,0.030964252,-0.032220412,-0.510556221,ros2_odometer_state
M19C_S3_artificial_turf_B1_U060_R1,2750.333747409,1.215906166,idle,0.600000,-8.332586288,-42.383583069,-0.510565698,0.030964252,-0.032220412,-0.510556221,ros2_odometer_state
M19C_S3_artificial_turf_B1_U060_R1,2750.336544288,1.218703045,idle,0.600000,-8.332586288,-42.383583069,-0.510565698,0.030961048,-0.032230753,-0.510558426,ros2_odometer_state
M19C_S3_artificial_turf_B1_U060_R1,2750.338479213,1.220637970,idle,0.600000,-8.332586288,-42.383583069,-0.510565698,0.030959807,-0.032227393,-0.510558963,ros2_odometer_state
M19C_S3_artificial_turf_B1_U060_R1,2750.340597922,1.222756679,idle,0.600000,-8.332586288,-42.383583069,-0.510565698,0.030956315,-0.032218523,-0.510557592,ros2_odometer_state
M19C_S3_artificial_turf_B1_U060_R1,2750.342392713,1.224551470,idle,0.600000,-8.332586288,-42.383583069,-0.510565698,0.030957071,-0.032215305,-0.510562241,ros2_odometer_state
M19C_S3_artificial_turf_B1_U060_R1,2750.344467643,1.226626400,idle,0.600000,-8.332586288,-42.383583069,-0.510565698,0.030959278,-0.032210961,-0.510562003,ros2_odometer_state
M19C_S3_artificial_turf_B1_U060_R1,2750.346659891,1.228818648,idle,0.600000,-8.332586288,-42.383583069,-0.510565698,0.030965980,-0.032210637,-0.510562003,ros2_odometer_state
M19C_S3_artificial_turf_B1_U060_R1,2750.347779679,1.229938436,idle,0.600000,-8.332586288,-42.383583069,-0.510562003,0.030965980,-0.032210637,-0.510562003,ros2_odometer_state
M19C_S3_artificial_turf_B1_U060_R1,2750.350415304,1.232574061,idle,0.600000,-8.332586288,-42.383583069,-0.510562003,0.030964058,-0.032203432,-0.510565042,ros2_odometer_state
M19C_S3_artificial_turf_B1_U060_R1,2750.353426624,1.235585381,idle,0.600000,-8.332586288,-42.383583069,-0.510562003,0.030958120,-0.032202583,-0.510569036,ros2_odometer_state
M19C_S3_artificial_turf_B1_U060_R1,2750.353820847,1.235979604,idle,0.600000,-8.332586288,-42.383583069,-0.510562003,0.030958120,-0.032202583,-0.510569036,ros2_odometer_state
M19C_S3_artificial_turf_B1_U060_R1,2750.355799646,1.237958403,idle,0.600000,-8.332586288,-42.383583069,-0.510562003,0.030951256,-0.032193277,-0.510570109,ros2_odometer_state
M19C_S3_artificial_turf_B1_U060_R1,2750.357674408,1.239833165,idle,0.600000,-8.332586288,-42.383583069,-0.510562003,0.030952781,-0.032185331,-0.510572553,ros2_odometer_state
M19C_S3_artificial_turf_B1_U060_R1,2750.360410325,1.242569082,idle,0.600000,-8.332586288,-42.383583069,-0.510562003,0.030950151,-0.032171667,-0.510565281,ros2_odometer_state
M19C_S3_artificial_turf_B1_U060_R1,2750.362286304,1.244445061,idle,0.600000,-8.332586288,-42.383583069,-0.510562003,0.030950749,-0.032164112,-0.510563910,ros2_odometer_state
M19C_S3_artificial_turf_B1_U060_R1,2750.364388243,1.246547000,idle,0.600000,-8.332586288,-42.383583069,-0.510562003,0.030952133,-0.032157615,-0.510565817,ros2_odometer_state
M19C_S3_artificial_turf_B1_U060_R1,2750.366367650,1.248526407,idle,0.600000,-8.332586288,-42.383583069,-0.510562003,0.030954160,-0.032155007,-0.510568619,ros2_odometer_state
M19C_S3_artificial_turf_B1_U060_R1,2750.368414867,1.250573624,idle,0.600000,-8.332586288,-42.383583069,-0.510568619,0.030962858,-0.032150865,-0.510571361,ros2_odometer_state
M19C_S3_artificial_turf_B1_U060_R1,2750.370311295,1.252470052,idle,0.600000,-8.332586288,-42.383583069,-0.510568619,0.030963214,-0.032147970,-0.510569632,ros2_odometer_state
M19C_S3_artificial_turf_B1_U060_R1,2750.372924871,1.255083628,idle,0.600000,-8.332586288,-42.383583069,-0.510568619,0.030961860,-0.032147370,-0.510575354,ros2_odometer_state
M19C_S3_artificial_turf_B1_U060_R1,2750.374368928,1.256527685,idle,0.600000,-8.332586288,-42.383583069,-0.510568619,0.030960521,-0.032144822,-0.510573089,ros2_odometer_state
M19C_S3_artificial_turf_B1_U060_R1,2750.376423250,1.258582007,idle,0.600000,-8.332586288,-42.383583069,-0.510568619,0.030962532,-0.032149930,-0.510569870,ros2_odometer_state
M19C_S3_artificial_turf_B1_U060_R1,2750.378341694,1.260500451,idle,0.600000,-8.332586288,-42.383583069,-0.510568619,0.030964622,-0.032146990,-0.510574460,ros2_odometer_state
M19C_S3_artificial_turf_B1_U060_R1,2750.380385679,1.262544436,idle,0.600000,-8.332586288,-42.383583069,-0.510568619,0.030970996,-0.032145739,-0.510585546,ros2_odometer_state
M19C_S3_artificial_turf_B1_U060_R1,2750.382350237,1.264508994,idle,0.600000,-8.332586288,-42.383583069,-0.510568619,0.030971315,-0.032144286,-0.510585546,ros2_odometer_state
M19C_S3_artificial_turf_B1_U060_R1,2750.384381102,1.266539859,idle,0.600000,-8.332586288,-42.383583069,-0.510568619,0.030970650,-0.032138258,-0.510585248,ros2_odometer_state
M19C_S3_artificial_turf_B1_U060_R1,2750.386413343,1.268572100,idle,0.600000,-8.332586288,-42.383583069,-0.510568619,0.030970108,-0.032140575,-0.510584533,ros2_odometer_state
M19C_S3_artificial_turf_B1_U060_R1,2750.390713802,1.272872559,idle,0.600000,-8.332586288,-42.383583069,-0.510584533,0.030974748,-0.032141488,-0.510586858,ros2_odometer_state
M19C_S3_artificial_turf_B1_U060_R1,2750.391649743,1.273808500,idle,0.600000,-8.332586288,-42.383583069,-0.510584533,0.030979497,-0.032140203,-0.510588288,ros2_odometer_state
M19C_S3_artificial_turf_B1_U060_R1,2750.393032582,1.275191339,idle,0.600000,-8.332586288,-42.383583069,-0.510584533,0.030983828,-0.032139331,-0.510581017,ros2_odometer_state
M19C_S3_artificial_turf_B1_U060_R1,2750.394436094,1.276594851,idle,0.600000,-8.332586288,-42.383583069,-0.510584533,0.030985489,-0.032135885,-0.510576367,ros2_odometer_state
M19C_S3_artificial_turf_B1_U060_R1,2750.396871231,1.279029988,idle,0.600000,-8.332586288,-42.383583069,-0.510584533,0.030989544,-0.032137644,-0.510577381,ros2_odometer_state
M19C_S3_artificial_turf_B1_U060_R1,2750.398423293,1.280582050,idle,0.600000,-8.332586288,-42.383583069,-0.510584533,0.030994184,-0.032138295,-0.510579705,ros2_odometer_state
M19C_S3_artificial_turf_B1_U060_R1,2750.399615276,1.281774033,idle,0.600000,-8.332586288,-42.383583069,-0.510584533,0.030994184,-0.032138295,-0.510579705,ros2_odometer_state
M19C_S3_artificial_turf_B1_U060_R1,2750.402359545,1.284518302,idle,0.600000,-8.332586288,-42.383583069,-0.510584533,0.030986009,-0.032121856,-0.510581136,ros2_odometer_state
M19C_S3_artificial_turf_B1_U060_R1,2750.404543952,1.286702709,idle,0.600000,-8.332586288,-42.383583069,-0.510584533,0.030982694,-0.032116000,-0.510582268,ros2_odometer_state
M19C_S3_artificial_turf_B1_U060_R1,2750.405818659,1.287977416,idle,0.600000,-8.332586288,-42.383583069,-0.510584533,0.030982694,-0.032116000,-0.510582268,ros2_odometer_state
M19C_S3_artificial_turf_B1_U060_R1,2750.407781905,1.289940662,idle,0.600000,-8.332586288,-42.383583069,-0.510579348,0.030984281,-0.032110926,-0.510579348,ros2_odometer_state
M19C_S3_artificial_turf_B1_U060_R1,2750.410505341,1.292664098,idle,0.600000,-8.332586288,-42.383583069,-0.510579348,0.030986013,-0.032103699,-0.510580301,ros2_odometer_state
M19C_S3_artificial_turf_B1_U060_R1,2750.412558959,1.294717716,idle,0.600000,-8.332586288,-42.383583069,-0.510579348,0.030986013,-0.032103699,-0.510580301,ros2_odometer_state
M19C_S3_artificial_turf_B1_U060_R1,2750.413763486,1.295922243,idle,0.600000,-8.332586288,-42.383583069,-0.510579348,0.030988153,-0.032105494,-0.510580122,ros2_odometer_state
M19C_S3_artificial_turf_B1_U060_R1,2750.415719948,1.297878705,idle,0.600000,-8.332586288,-42.383583069,-0.510579348,0.030988669,-0.032106508,-0.510578573,ros2_odometer_state
M19C_S3_artificial_turf_B1_U060_R1,2750.417863265,1.300022022,idle,0.600000,-8.332586288,-42.383583069,-0.510579348,0.030990807,-0.032108042,-0.510578036,ros2_odometer_state
M19C_S3_artificial_turf_B1_U060_R1,2750.419793870,1.301952627,idle,0.600000,-8.332586288,-42.383583069,-0.510579348,0.030988095,-0.032106124,-0.510582745,ros2_odometer_state
M19C_S3_artificial_turf_B1_U060_R1,2750.424351555,1.306510312,idle,0.600000,-8.332586288,-42.383583069,-0.510579348,0.030996183,-0.032104854,-0.510577321,ros2_odometer_state
M19C_S3_artificial_turf_B1_U060_R1,2750.425273000,1.307431757,idle,0.600000,-8.332586288,-42.383583069,-0.510579348,0.031003153,-0.032102976,-0.510576665,ros2_odometer_state
M19C_S3_artificial_turf_B1_U060_R1,2750.425649815,1.307808572,idle,0.600000,-8.332586288,-42.383583069,-0.510579348,0.031003153,-0.032102976,-0.510576665,ros2_odometer_state
M19C_S3_artificial_turf_B1_U060_R1,2750.428583276,1.310742033,idle,0.600000,-8.332586288,-42.383583069,-0.510578096,0.030996436,-0.032102026,-0.510580242,ros2_odometer_state
M19C_S3_artificial_turf_B1_U060_R1,2750.430488983,1.312647740,idle,0.600000,-8.332586288,-42.383583069,-0.510578096,0.030990958,-0.032095961,-0.510579765,ros2_odometer_state
M19C_S3_artificial_turf_B1_U060_R1,2750.432420484,1.314579241,idle,0.600000,-8.332586288,-42.383583069,-0.510578096,0.030990958,-0.032095961,-0.510579765,ros2_odometer_state
M19C_S3_artificial_turf_B1_U060_R1,2750.433954721,1.316113478,idle,0.600000,-8.332586288,-42.383583069,-0.510578096,0.030993545,-0.032093599,-0.510583460,ros2_odometer_state
M19C_S3_artificial_turf_B1_U060_R1,2750.435815275,1.317974032,idle,0.600000,-8.332586288,-42.383583069,-0.510578096,0.031002190,-0.032092057,-0.510589838,ros2_odometer_state
M19C_S3_artificial_turf_B1_U060_R1,2750.438739679,1.320898436,idle,0.600000,-8.332586288,-42.383583069,-0.510578096,0.031002546,-0.032088380,-0.510589242,ros2_odometer_state
M19C_S3_artificial_turf_B1_U060_R1,2750.440735247,1.322894004,idle,0.600000,-8.332586288,-42.383583069,-0.510578096,0.030996805,-0.032087885,-0.510588467,ros2_odometer_state
M19C_S3_artificial_turf_B1_U060_R1,2750.442443091,1.324601848,idle,0.600000,-8.332586288,-42.383583069,-0.510578096,0.030994985,-0.032087523,-0.510580599,ros2_odometer_state
M19C_S3_artificial_turf_B1_U060_R1,2750.443941742,1.326100499,idle,0.600000,-8.332586288,-42.383583069,-0.510578096,0.030994985,-0.032087523,-0.510580599,ros2_odometer_state
M19C_S3_artificial_turf_B1_U060_R1,2750.446563286,1.328722043,idle,0.600000,-8.332586288,-42.383583069,-0.510578096,0.031002467,-0.032088500,-0.510587692,ros2_odometer_state
M19C_S3_artificial_turf_B1_U060_R1,2750.448835633,1.330994390,idle,0.600000,-8.332586288,-42.383583069,-0.510587692,0.031004176,-0.032083586,-0.510580599,ros2_odometer_state
M19C_S3_artificial_turf_B1_U060_R1,2750.450518644,1.332677401,idle,0.600000,-8.332586288,-42.383583069,-0.510587692,0.031007744,-0.032077622,-0.510581315,ros2_odometer_state
M19C_S3_artificial_turf_B1_U060_R1,2750.452400927,1.334559684,idle,0.600000,-8.332586288,-42.383583069,-0.510587692,0.031007744,-0.032077622,-0.510581315,ros2_odometer_state
M19C_S3_artificial_turf_B1_U060_R1,2750.454963652,1.337122409,idle,0.600000,-8.332586288,-42.383583069,-0.510587692,0.031020792,-0.032071549,-0.510575473,ros2_odometer_state
M19C_S3_artificial_turf_B1_U060_R1,2750.457046839,1.339205596,idle,0.600000,-8.332586288,-42.383583069,-0.510587692,0.031025250,-0.032071058,-0.510572314,ros2_odometer_state
M19C_S3_artificial_turf_B1_U060_R1,2750.458010878,1.340169635,idle,0.600000,-8.332586288,-42.383583069,-0.510587692,0.031025250,-0.032071058,-0.510572314,ros2_odometer_state
M19C_S3_artificial_turf_B1_U060_R1,2750.459863047,1.342021804,idle,0.600000,-8.332586288,-42.383583069,-0.510587692,0.031025326,-0.032073580,-0.510566235,ros2_odometer_state
M19C_S3_artificial_turf_B1_U060_R1,2750.462696216,1.344854973,idle,0.600000,-8.332586288,-42.383583069,-0.510587692,0.031018531,-0.032081354,-0.510558724,ros2_odometer_state
M19C_S3_artificial_turf_B1_U060_R1,2750.464820364,1.346979121,idle,0.600000,-8.332586288,-42.383583069,-0.510587692,0.031023648,-0.032080974,-0.510557830,ros2_odometer_state
M19C_S3_artificial_turf_B1_U060_R1,2750.466817692,1.348976449,idle,0.600000,-8.332586288,-42.383583069,-0.510587692,0.031031223,-0.032081645,-0.510560334,ros2_odometer_state
M19C_S3_artificial_turf_B1_U060_R1,2750.468733672,1.350892429,idle,0.600000,-8.332586288,-42.383583069,-0.510560334,0.031034164,-0.032082390,-0.510559440,ros2_odometer_state
M19C_S3_artificial_turf_B1_U060_R1,2750.470554000,1.352712757,idle,0.600000,-8.332586288,-42.383583069,-0.510560334,0.031024940,-0.032081716,-0.510553718,ros2_odometer_state
M19C_S3_artificial_turf_B1_U060_R1,2750.472415898,1.354574655,idle,0.600000,-8.332586288,-42.383583069,-0.510560334,0.031024940,-0.032081716,-0.510553718,ros2_odometer_state
M19C_S3_artificial_turf_B1_U060_R1,2750.474732662,1.356891419,idle,0.600000,-8.332586288,-42.383583069,-0.510560334,0.031028047,-0.032095853,-0.510548413,ros2_odometer_state
M19C_S3_artificial_turf_B1_U060_R1,2750.476604001,1.358762758,idle,0.600000,-8.332586288,-42.383583069,-0.510560334,0.031033957,-0.032101609,-0.510550261,ros2_odometer_state
M19C_S3_artificial_turf_B1_U060_R1,2750.478512525,1.360671282,idle,0.600000,-8.332586288,-42.383583069,-0.510560334,0.031031437,-0.032095540,-0.510551751,ros2_odometer_state
M19C_S3_artificial_turf_B1_U060_R1,2750.480845449,1.363004206,idle,0.600000,-8.332586288,-42.383583069,-0.510560334,0.031027464,-0.032093354,-0.510552347,ros2_odometer_state
M19C_S3_artificial_turf_B1_U060_R1,2750.482793815,1.364952572,idle,0.600000,-8.332586288,-42.383583069,-0.510560334,0.031022152,-0.032094549,-0.510551810,ros2_odometer_state
M19C_S3_artificial_turf_B1_U060_R1,2750.484798855,1.366957612,idle,0.600000,-8.332586288,-42.383583069,-0.510560334,0.031021809,-0.032092445,-0.510546625,ros2_odometer_state
M19C_S3_artificial_turf_B1_U060_R1,2750.486890074,1.369048831,idle,0.600000,-8.332586288,-42.383583069,-0.510560334,0.031025130,-0.032093592,-0.510549486,ros2_odometer_state
M19C_S3_artificial_turf_B1_U060_R1,2750.488797862,1.370956619,idle,0.600000,-8.332586288,-42.383583069,-0.510549486,0.031024328,-0.032093257,-0.510548174,ros2_odometer_state
M19C_S3_artificial_turf_B1_U060_R1,2750.491056863,1.373215620,idle,0.600000,-8.332586288,-42.383583069,-0.510549486,0.031024801,-0.032088485,-0.510545671,ros2_odometer_state
M19C_S3_artificial_turf_B1_U060_R1,2750.492490648,1.374649405,idle,0.600000,-8.332586288,-42.383583069,-0.510549486,0.031024801,-0.032088485,-0.510545671,ros2_odometer_state
M19C_S3_artificial_turf_B1_U060_R1,2750.493971251,1.376130008,idle,0.600000,-8.332586288,-42.383583069,-0.510549486,0.031024359,-0.032089636,-0.510547578,ros2_odometer_state
M19C_S3_artificial_turf_B1_U060_R1,2750.496801892,1.378960649,idle,0.600000,-8.332586288,-42.383583069,-0.510549486,0.031031264,-0.032101575,-0.510546088,ros2_odometer_state
M19C_S3_artificial_turf_B1_U060_R1,2750.498581579,1.380740336,idle,0.600000,-8.332586288,-42.383583069,-0.510549486,0.031034125,-0.032110091,-0.510545135,ros2_odometer_state
M19C_S3_artificial_turf_B1_U060_R1,2750.500573210,1.382731967,idle,0.600000,-8.332586288,-42.383583069,-0.510549486,0.031040773,-0.032113392,-0.510549128,ros2_odometer_state
M19C_S3_artificial_turf_B1_U060_R1,2750.502916471,1.385075228,idle,0.600000,-8.332586288,-42.383583069,-0.510549486,0.031040113,-0.032114234,-0.510552168,ros2_odometer_state
M19C_S3_artificial_turf_B1_U060_R1,2750.504907974,1.387066731,idle,0.600000,-8.332586288,-42.383583069,-0.510549486,0.031034309,-0.032121073,-0.510547996,ros2_odometer_state
M19C_S3_artificial_turf_B1_U060_R1,2750.505992785,1.388151542,idle,0.600000,-8.332586288,-42.383583069,-0.510549486,0.031034309,-0.032121073,-0.510547996,ros2_odometer_state
M19C_S3_artificial_turf_B1_U060_R1,2750.508051171,1.390209928,idle,0.600000,-8.332586288,-42.383583069,-0.510549366,0.031030143,-0.032119811,-0.510549366,ros2_odometer_state
M19C_S3_artificial_turf_B1_U060_R1,2750.510586696,1.392745453,idle,0.600000,-8.332586288,-42.383583069,-0.510549366,0.031026578,-0.032126460,-0.510545731,ros2_odometer_state
M19C_S3_artificial_turf_B1_U060_R1,2750.513473787,1.395632544,idle,0.600000,-8.332586288,-42.383583069,-0.510549366,0.031028556,-0.032130267,-0.510548830,ros2_odometer_state
M19C_S3_artificial_turf_B1_U060_R1,2750.517233648,1.399392405,idle,0.600000,-8.332586288,-42.383583069,-0.510549366,0.031032644,-0.032133866,-0.510550201,ros2_odometer_state
M19C_S3_artificial_turf_B1_U060_R1,2750.518331196,1.400489953,idle,0.600000,-8.332586288,-42.383583069,-0.510549366,0.031034430,-0.032137875,-0.510547757,ros2_odometer_state
M19C_S3_artificial_turf_B1_U060_R1,2750.519199582,1.401358339,idle,0.600000,-8.332586288,-42.383583069,-0.510549366,0.031033913,-0.032134347,-0.510545969,ros2_odometer_state
M19C_S3_artificial_turf_B1_U060_R1,2750.520620631,1.402779388,idle,0.600000,-8.332586288,-42.383583069,-0.510549366,0.031039860,-0.032134578,-0.510540605,ros2_odometer_state
M19C_S3_artificial_turf_B1_U060_R1,2750.522576133,1.404734890,idle,0.600000,-8.332586288,-42.383583069,-0.510549366,0.031039359,-0.032139000,-0.510533690,ros2_odometer_state
M19C_S3_artificial_turf_B1_U060_R1,2750.524608469,1.406767226,idle,0.600000,-8.332586288,-42.383583069,-0.510549366,0.031037951,-0.032139249,-0.510528862,ros2_odometer_state
M19C_S3_artificial_turf_B1_U060_R1,2750.526709833,1.408868590,idle,0.600000,-8.332586288,-42.383583069,-0.510549366,0.031039851,-0.032139163,-0.510528684,ros2_odometer_state
M19C_S3_artificial_turf_B1_U060_R1,2750.528694936,1.410853693,idle,0.600000,-8.332586288,-42.383583069,-0.510528684,0.031042974,-0.032144200,-0.510534823,ros2_odometer_state
M19C_S3_artificial_turf_B1_U060_R1,2750.530835533,1.412994290,idle,0.600000,-8.332586288,-42.383583069,-0.510528684,0.031041563,-0.032144040,-0.510530651,ros2_odometer_state
M19C_S3_artificial_turf_B1_U060_R1,2750.532545105,1.414703862,idle,0.600000,-8.332586288,-42.383583069,-0.510528684,0.031041563,-0.032144040,-0.510530651,ros2_odometer_state
M19C_S3_artificial_turf_B1_U060_R1,2750.534715271,1.416874028,idle,0.600000,-8.332586288,-42.383583069,-0.510528684,0.031038990,-0.032136291,-0.510523558,ros2_odometer_state
M19C_S3_artificial_turf_B1_U060_R1,2750.536802714,1.418961471,idle,0.600000,-8.332586288,-42.383583069,-0.510528684,0.031042026,-0.032140899,-0.510526836,ros2_odometer_state
M19C_S3_artificial_turf_B1_U060_R1,2750.538729927,1.420888684,idle,0.600000,-8.332586288,-42.383583069,-0.510528684,0.031042026,-0.032140899,-0.510526836,ros2_odometer_state
M19C_S3_artificial_turf_B1_U060_R1,2750.540194305,1.422353062,idle,0.600000,-8.332586288,-42.383583069,-0.510528684,0.031043252,-0.032143597,-0.510523319,ros2_odometer_state
M19C_S3_artificial_turf_B1_U060_R1,2750.542685284,1.424844041,idle,0.600000,-8.332586288,-42.383583069,-0.510528684,0.031047219,-0.032149535,-0.510530293,ros2_odometer_state
M19C_S3_artificial_turf_B1_U060_R1,2750.544676115,1.426834872,idle,0.600000,-8.332586288,-42.383583069,-0.510528684,0.031043999,-0.032151543,-0.510532618,ros2_odometer_state
M19C_S3_artificial_turf_B1_U060_R1,2750.547066450,1.429225207,idle,0.600000,-8.332586288,-42.383583069,-0.510528684,0.031045945,-0.032155655,-0.510527194,ros2_odometer_state
M19C_S3_artificial_turf_B1_U060_R1,2750.551640936,1.433799693,idle,0.600000,-8.332586288,-42.383583069,-0.510527194,0.031047633,-0.032155536,-0.510520875,ros2_odometer_state
M19C_S3_artificial_turf_B1_U060_R1,2750.552749588,1.434908345,idle,0.600000,-8.332586288,-42.383583069,-0.510527194,0.031049978,-0.032153286,-0.510522842,ros2_odometer_state
M19C_S3_artificial_turf_B1_U060_R1,2750.553624887,1.435783644,idle,0.600000,-8.332586288,-42.383583069,-0.510527194,0.031056894,-0.032155387,-0.510529578,ros2_odometer_state
M19C_S3_artificial_turf_B1_U060_R1,2750.554077545,1.436236302,idle,0.600000,-8.332586288,-42.383583069,-0.510527194,0.031056894,-0.032155387,-0.510529578,ros2_odometer_state
M19C_S3_artificial_turf_B1_U060_R1,2750.556798421,1.438957178,idle,0.600000,-8.332586288,-42.383583069,-0.510527194,0.031070054,-0.032163985,-0.510534883,ros2_odometer_state
M19C_S3_artificial_turf_B1_U060_R1,2750.558675008,1.440833765,idle,0.600000,-8.332586288,-42.383583069,-0.510527194,0.031070685,-0.032160640,-0.510535717,ros2_odometer_state
M19C_S3_artificial_turf_B1_U060_R1,2750.559941010,1.442099767,idle,0.600000,-8.332586288,-42.383583069,-0.510527194,0.031070685,-0.032160640,-0.510535717,ros2_odometer_state
M19C_S3_artificial_turf_B1_U060_R1,2750.562663454,1.444822211,idle,0.600000,-8.332586288,-42.383583069,-0.510527194,0.031070940,-0.032174505,-0.510528803,ros2_odometer_state
M19C_S3_artificial_turf_B1_U060_R1,2750.564888407,1.447047164,idle,0.600000,-8.332586288,-42.383583069,-0.510527194,0.031065704,-0.032173567,-0.510527253,ros2_odometer_state
M19C_S3_artificial_turf_B1_U060_R1,2750.566703743,1.448862500,idle,0.600000,-8.332586288,-42.383583069,-0.510527194,0.031061865,-0.032175705,-0.510523498,ros2_odometer_state
M19C_S3_artificial_turf_B1_U060_R1,2750.568290430,1.450449187,idle,0.600000,-8.332586288,-42.383583069,-0.510523498,0.031061865,-0.032175705,-0.510523498,ros2_odometer_state
M19C_S3_artificial_turf_B1_U060_R1,2750.570716383,1.452875140,idle,0.600000,-8.332586288,-42.383583069,-0.510523498,0.031070812,-0.032189388,-0.510522425,ros2_odometer_state
M19C_S3_artificial_turf_B1_U060_R1,2750.573300869,1.455459626,idle,0.600000,-8.332586288,-42.383583069,-0.510523498,0.031067729,-0.032192100,-0.510517538,ros2_odometer_state
M19C_S3_artificial_turf_B1_U060_R1,2750.574809505,1.456968262,idle,0.600000,-8.332586288,-42.383583069,-0.510523498,0.031067729,-0.032192100,-0.510517538,ros2_odometer_state
M19C_S3_artificial_turf_B1_U060_R1,2750.576466275,1.458625032,idle,0.600000,-8.332586288,-42.383583069,-0.510523498,0.031067729,-0.032192100,-0.510517538,ros2_odometer_state
M19C_S3_artificial_turf_B1_U060_R1,2750.579033833,1.461192590,idle,0.600000,-8.332586288,-42.383583069,-0.510523498,0.031063778,-0.032207780,-0.510513961,ros2_odometer_state
M19C_S3_artificial_turf_B1_U060_R1,2750.581952285,1.464111042,idle,0.600000,-8.332586288,-42.383583069,-0.510523498,0.031067619,-0.032210857,-0.510519803,ros2_odometer_state
M19C_S3_artificial_turf_B1_U060_R1,2750.582349805,1.464508562,idle,0.600000,-8.332586288,-42.383583069,-0.510523498,0.031067619,-0.032210857,-0.510519803,ros2_odometer_state
M19C_S3_artificial_turf_B1_U060_R1,2750.585107099,1.467265856,idle,0.600000,-8.332586288,-42.383583069,-0.510523498,0.031062637,-0.032204811,-0.510520875,ros2_odometer_state
M19C_S3_artificial_turf_B1_U060_R1,2750.587092074,1.469250831,idle,0.600000,-8.332586288,-42.383583069,-0.510523498,0.031069599,-0.032214299,-0.510523438,ros2_odometer_state
M19C_S3_artificial_turf_B1_U060_R1,2750.589109370,1.471268127,idle,0.600000,-8.332586288,-42.383583069,-0.510523438,0.031071303,-0.032226861,-0.510520995,ros2_odometer_state
M19C_S3_artificial_turf_B1_U060_R1,2750.591177804,1.473336561,idle,0.600000,-8.332586288,-42.383583069,-0.510523438,0.031061320,-0.032238327,-0.510513008,ros2_odometer_state
M19C_S3_artificial_turf_B1_U060_R1,2750.593498600,1.475657357,idle,0.600000,-8.332586288,-42.383583069,-0.510523438,0.031053567,-0.032242469,-0.510518730,ros2_odometer_state
M19C_S3_artificial_turf_B1_U060_R1,2750.594939266,1.477098023,idle,0.600000,-8.332586288,-42.383583069,-0.510523438,0.031051841,-0.032243297,-0.510521770,ros2_odometer_state
M19C_S3_artificial_turf_B1_U060_R1,2750.597308160,1.479466917,idle,0.600000,-8.332586288,-42.383583069,-0.510523438,0.031052206,-0.032247920,-0.510516942,ros2_odometer_state
M19C_S3_artificial_turf_B1_U060_R1,2750.598434349,1.480593106,idle,0.600000,-8.332586288,-42.383583069,-0.510523438,0.031052206,-0.032247920,-0.510516942,ros2_odometer_state
M19C_S3_artificial_turf_B1_U060_R1,2750.602705622,1.484864379,idle,0.600000,-8.332586288,-42.383583069,-0.510523438,0.031051401,-0.032256559,-0.510514438,ros2_odometer_state
M19C_S3_artificial_turf_B1_U060_R1,2750.603612314,1.485771071,idle,0.600000,-8.332586288,-42.383583069,-0.510523438,0.031048302,-0.032261483,-0.510516226,ros2_odometer_state
M19C_S3_artificial_turf_B1_U060_R1,2750.604256308,1.486415065,idle,0.600000,-8.332586288,-42.383583069,-0.510523438,0.031048302,-0.032261483,-0.510516226,ros2_odometer_state
M19C_S3_artificial_turf_B1_U060_R1,2750.606993473,1.489152230,idle,0.600000,-8.332586288,-42.383583069,-0.510523438,0.031050842,-0.032268368,-0.510520101,ros2_odometer_state
M19C_S3_artificial_turf_B1_U060_R1,2750.609050451,1.491209208,idle,0.600000,-8.332586288,-42.383583069,-0.510520101,0.031047951,-0.032263696,-0.510527551,ros2_odometer_state
M19C_S3_artificial_turf_B1_U060_R1,2750.610942494,1.493101251,idle,0.600000,-8.332586288,-42.383583069,-0.510520101,0.031048656,-0.032261081,-0.510530651,ros2_odometer_state
M19C_S3_artificial_turf_B1_U060_R1,2750.612944589,1.495103346,idle,0.600000,-8.332586288,-42.383583069,-0.510520101,0.031048656,-0.032261081,-0.510530651,ros2_odometer_state
M19C_S3_artificial_turf_B1_U060_R1,2750.615561621,1.497720378,idle,0.600000,-8.332586288,-42.383583069,-0.510520101,0.031047739,-0.032260250,-0.510528266,ros2_odometer_state
M19C_S3_artificial_turf_B1_U060_R1,2750.617278074,1.499436831,idle,0.600000,-8.332586288,-42.383583069,-0.510520101,0.031042803,-0.032260567,-0.510523021,ros2_odometer_state
M19C_S3_artificial_turf_B1_U060_R1,2750.618717971,1.500876728,idle,0.600000,-8.332586288,-42.383583069,-0.510520101,0.031045005,-0.032264162,-0.510524988,ros2_odometer_state
M19C_S3_artificial_turf_B1_U060_R1,2750.620314994,1.502473751,idle,0.600000,-8.332586288,-42.383583069,-0.510520101,0.031039596,-0.032262072,-0.510530472,ros2_odometer_state
M19C_S3_artificial_turf_B1_U060_R1,2750.622158940,1.504317697,idle,0.600000,-8.332586288,-42.383583069,-0.510520101,0.031032180,-0.032263476,-0.510531127,ros2_odometer_state
M19C_S3_artificial_turf_B1_U060_R1,2750.625242774,1.507401531,idle,0.600000,-8.332586288,-42.383583069,-0.510520101,0.031036386,-0.032275479,-0.510525823,ros2_odometer_state
M19C_S3_artificial_turf_B1_U060_R1,2750.626915481,1.509074238,idle,0.600000,-8.332586288,-42.383583069,-0.510520101,0.031040087,-0.032270160,-0.510530174,ros2_odometer_state
M19C_S3_artificial_turf_B1_U060_R1,2750.629085359,1.511244116,idle,0.600000,-8.332586288,-42.383583069,-0.510530174,0.031041518,-0.032261811,-0.510530889,ros2_odometer_state
M19C_S3_artificial_turf_B1_U060_R1,2750.630913208,1.513071965,idle,0.600000,-8.332586288,-42.383583069,-0.510530174,0.031037385,-0.032259226,-0.510524809,ros2_odometer_state
M19C_S3_artificial_turf_B1_U060_R1,2750.633498687,1.515657444,idle,0.600000,-8.332586288,-42.383583069,-0.510530174,0.031032035,-0.032259017,-0.510525167,ros2_odometer_state
M19C_S3_artificial_turf_B1_U060_R1,2750.635010011,1.517168768,idle,0.600000,-8.332586288,-42.383583069,-0.510530174,0.031037709,-0.032259446,-0.510526478,ros2_odometer_state
M19C_S3_artificial_turf_B1_U060_R1,2750.636927495,1.519086252,idle,0.600000,-8.332586288,-42.383583069,-0.510530174,0.031043429,-0.032265928,-0.510523081,ros2_odometer_state
M19C_S3_artificial_turf_B1_U060_R1,2750.638841139,1.520999896,idle,0.600000,-8.332586288,-42.383583069,-0.510530174,0.031046549,-0.032273233,-0.510521531,ros2_odometer_state
M19C_S3_artificial_turf_B1_U060_R1,2750.641059275,1.523218032,idle,0.600000,-8.332586288,-42.383583069,-0.510530174,0.031050982,-0.032278605,-0.510519087,ros2_odometer_state
M19C_S3_artificial_turf_B1_U060_R1,2750.642069395,1.524228152,idle,0.600000,-8.332586288,-42.383583069,-0.510530174,0.031050982,-0.032278605,-0.510519087,ros2_odometer_state
M19C_S3_artificial_turf_B1_U060_R1,2750.647696723,1.529855480,idle,0.600000,-8.332586288,-42.383583069,-0.510530174,0.031045569,-0.032279491,-0.510524392,ros2_odometer_state
M19C_S3_artificial_turf_B1_U060_R1,2750.648938628,1.531097385,idle,0.600000,-8.332586288,-42.383583069,-0.510530174,0.031041969,-0.032279246,-0.510527134,ros2_odometer_state
M19C_S3_artificial_turf_B1_U060_R1,2750.649884234,1.532042991,idle,0.600000,-8.332586288,-42.383583069,-0.510527134,0.031041864,-0.032282490,-0.510527432,ros2_odometer_state
M19C_S3_artificial_turf_B1_U060_R1,2750.650190262,1.532349019,idle,0.600000,-8.332586288,-42.383583069,-0.510527134,0.031041864,-0.032282490,-0.510527432,ros2_odometer_state
M19C_S3_artificial_turf_B1_U060_R1,2750.654327995,1.536486752,idle,0.600000,-8.332586288,-42.383583069,-0.510527134,0.031038528,-0.032279059,-0.510531247,ros2_odometer_state
M19C_S3_artificial_turf_B1_U060_R1,2750.655918682,1.538077439,idle,0.600000,-8.332586288,-42.383583069,-0.510527134,0.031040424,-0.032284264,-0.510532558,ros2_odometer_state
M19C_S3_artificial_turf_B1_U060_R1,2750.656352875,1.538511632,idle,0.600000,-8.332586288,-42.383583069,-0.510527134,0.031040424,-0.032284264,-0.510532558,ros2_odometer_state
M19C_S3_artificial_turf_B1_U060_R1,2750.661296496,1.543455253,idle,0.600000,-8.332586288,-42.383583069,-0.510527134,0.031053053,-0.032286476,-0.510531723,ros2_odometer_state
M19C_S3_artificial_turf_B1_U060_R1,2750.663271422,1.545430179,idle,0.600000,-8.332586288,-42.383583069,-0.510527134,0.031055205,-0.032282706,-0.510530233,ros2_odometer_state
M19C_S3_artificial_turf_B1_U060_R1,2750.664878110,1.547036867,idle,0.600000,-8.332586288,-42.383583069,-0.510527134,0.031058678,-0.032284062,-0.510530055,ros2_odometer_state
M19C_S3_artificial_turf_B1_U060_R1,2750.670693477,1.552852234,idle,0.600000,-8.332586288,-42.383583069,-0.510527134,0.031057736,-0.032289438,-0.510526240,ros2_odometer_state
M19C_S3_artificial_turf_B1_U060_R1,2750.673039299,1.555198056,idle,0.600000,-8.332586288,-42.383583069,-0.510527134,0.031057736,-0.032289438,-0.510526240,ros2_odometer_state
M19C_S3_artificial_turf_B1_U060_R1,2750.677303724,1.559462481,idle,0.600000,-8.332586288,-42.383583069,-0.510521293,0.031057535,-0.032297261,-0.510521293,ros2_odometer_state
M19C_S3_artificial_turf_B1_U060_R1,2750.679985431,1.562144188,idle,0.600000,-8.332586288,-42.383583069,-0.510521293,0.031058287,-0.032311562,-0.510520339,ros2_odometer_state
M19C_S3_artificial_turf_B1_U060_R1,2750.682083114,1.564241871,idle,0.600000,-8.332586288,-42.383583069,-0.510521293,0.031056089,-0.032320000,-0.510527134,ros2_odometer_state
M19C_S3_artificial_turf_B1_U060_R1,2750.683738764,1.565897521,idle,0.600000,-8.332586288,-42.383583069,-0.510521293,0.031052351,-0.032319654,-0.510526776,ros2_odometer_state
M19C_S3_artificial_turf_B1_U060_R1,2750.687040591,1.569199348,idle,0.600000,-8.332586288,-42.383583069,-0.510521293,0.031054735,-0.032319628,-0.510525167,ros2_odometer_state
M19C_S3_artificial_turf_B1_U060_R1,2750.689931138,1.572089895,idle,0.600000,-8.332586288,-42.383583069,-0.510521293,0.031060303,-0.032321498,-0.510523677,ros2_odometer_state
M19C_S3_artificial_turf_B1_U060_R1,2750.692273247,1.574432004,idle,0.600000,-8.332586288,-42.383583069,-0.510521293,0.031055082,-0.032322265,-0.510521770,ros2_odometer_state
M19C_S3_artificial_turf_B1_U060_R1,2750.723812197,1.605970954,idle,0.600000,-8.332586288,-42.383583069,-0.510521293,0.031053128,-0.032318819,-0.510521352,ros2_odometer_state
M19C_S3_artificial_turf_B1_U060_R1,2750.731840996,1.613999753,idle,0.600000,-8.332586288,-42.383583069,-0.510521293,0.031053128,-0.032318819,-0.510521352,ros2_odometer_state
M19C_S3_artificial_turf_B1_U060_R1,2750.733638220,1.615796977,idle,0.600000,-8.332586288,-42.383583069,-0.510521293,0.031058777,-0.032316100,-0.510520995,ros2_odometer_state
M19C_S3_artificial_turf_B1_U060_R1,2750.735215915,1.617374672,idle,0.600000,-8.332586288,-42.383583069,-0.510523677,0.031063208,-0.032311656,-0.510523677,ros2_odometer_state
M19C_S3_artificial_turf_B1_U060_R1,2750.736916174,1.619074931,idle,0.600000,-8.332586288,-42.383583069,-0.510523677,0.031063009,-0.032315746,-0.510526538,ros2_odometer_state
M19C_S3_artificial_turf_B1_U060_R1,2750.738539215,1.620697972,idle,0.600000,-8.332586288,-42.383583069,-0.510523677,0.031063274,-0.032314625,-0.510525167,ros2_odometer_state
M19C_S3_artificial_turf_B1_U060_R1,2750.739944423,1.622103180,idle,0.600000,-8.332586288,-42.383583069,-0.510523677,0.031065438,-0.032308869,-0.510526359,ros2_odometer_state
M19C_S3_artificial_turf_B1_U060_R1,2750.741469219,1.623627976,idle,0.600000,-8.332586288,-42.383583069,-0.510523677,0.031064611,-0.032305084,-0.510531247,ros2_odometer_state
M19C_S3_artificial_turf_B1_U060_R1,2750.743454674,1.625613431,idle,0.600000,-8.332586288,-42.383583069,-0.510523677,0.031061588,-0.032310102,-0.510536492,ros2_odometer_state
M19C_S3_artificial_turf_B1_U060_R1,2750.744814632,1.626973389,idle,0.600000,-8.332586288,-42.383583069,-0.510523677,0.031060528,-0.032313090,-0.510537148,ros2_odometer_state
M19C_S3_artificial_turf_B1_U060_R1,2750.745709228,1.627867985,idle,0.600000,-8.332586288,-42.383583069,-0.510523677,0.031062661,-0.032312520,-0.510535836,ros2_odometer_state
M19C_S3_artificial_turf_B1_U060_R1,2750.746878746,1.629037503,idle,0.600000,-8.332586288,-42.383583069,-0.510523677,0.031064598,-0.032313693,-0.510537326,ros2_odometer_state
M19C_S3_artificial_turf_B1_U060_R1,2750.747953317,1.630112074,idle,0.600000,-8.332586288,-42.383583069,-0.510523677,0.031067273,-0.032318134,-0.510537863,ros2_odometer_state
M19C_S3_artificial_turf_B1_U060_R1,2750.750962941,1.633121698,idle,0.600000,-8.332586288,-42.383583069,-0.510541737,0.031068197,-0.032323234,-0.510541737,ros2_odometer_state
M19C_S3_artificial_turf_B1_U060_R1,2750.752107562,1.634266319,idle,0.600000,-8.332586288,-42.383583069,-0.510541737,0.031064788,-0.032326989,-0.510539651,ros2_odometer_state
M19C_S3_artificial_turf_B1_U060_R1,2750.753303354,1.635462111,idle,0.600000,-8.332586288,-42.383583069,-0.510541737,0.031062240,-0.032328915,-0.510534704,ros2_odometer_state
M19C_S3_artificial_turf_B1_U060_R1,2750.754826198,1.636984955,idle,0.600000,-8.332586288,-42.383583069,-0.510527194,0.031061647,-0.032334797,-0.510537386,ros2_odometer_state
M19C_S3_artificial_turf_B1_U060_R1,2750.756049095,1.638207852,idle,0.600000,-8.332586288,-42.383583069,-0.510527194,0.031063426,-0.032339599,-0.510535240,ros2_odometer_state
M19C_S3_artificial_turf_B1_U060_R1,2750.757316313,1.639475070,idle,0.600000,-8.332586288,-42.383583069,-0.510527194,0.031044560,-0.032353796,-0.510545075,ros2_odometer_state
M19C_S3_artificial_turf_B1_U060_R1,2750.758401604,1.640560361,idle,0.600000,-8.332586288,-42.383583069,-0.510527194,0.031042479,-0.032359507,-0.510539114,ros2_odometer_state
M19C_S3_artificial_turf_B1_U060_R1,2750.759290280,1.641449037,idle,0.600000,-8.332586288,-42.383583069,-0.510527194,0.031034606,-0.032358717,-0.510541022,ros2_odometer_state
M19C_S3_artificial_turf_B1_U060_R1,2750.760808772,1.642967529,idle,0.600000,-8.332586288,-42.383583069,-0.510527194,0.031039806,-0.032351300,-0.510547101,ros2_odometer_state
M19C_S3_artificial_turf_B1_U060_R1,2750.761824493,1.643983250,idle,0.600000,-8.332586288,-42.383583069,-0.510527194,0.031046672,-0.032344174,-0.510550022,ros2_odometer_state
M19C_S3_artificial_turf_B1_U060_R1,2750.763409292,1.645568049,idle,0.600000,-8.332586288,-42.383583069,-0.510527194,0.031045100,-0.032341499,-0.510552168,ros2_odometer_state
M19C_S3_artificial_turf_B1_U060_R1,2750.764971018,1.647129775,idle,0.600000,-8.332586288,-42.383583069,-0.510560751,0.031036792,-0.032343499,-0.510557830,ros2_odometer_state
M19C_S3_artificial_turf_B1_U060_R1,2750.765923184,1.648081941,idle,0.600000,-8.332586288,-42.383583069,-0.510560751,0.031028686,-0.032342419,-0.510560751,ros2_odometer_state
M19C_S3_artificial_turf_B1_U060_R1,2750.767451916,1.649610673,idle,0.600000,-8.332586288,-42.383583069,-0.510560751,0.031030348,-0.032335963,-0.510557890,ros2_odometer_state
M19C_S3_artificial_turf_B1_U060_R1,2750.769005386,1.651164143,idle,0.600000,-8.332586288,-42.383583069,-0.510560751,0.031038120,-0.032333799,-0.510557532,ros2_odometer_state
M19C_S3_artificial_turf_B1_U060_R1,2750.769970672,1.652129429,idle,0.600000,-8.332586288,-42.383583069,-0.510560751,0.031045038,-0.032328088,-0.510551929,ros2_odometer_state
M19C_S3_artificial_turf_B1_U060_R1,2750.771478636,1.653637393,idle,0.600000,-8.332586288,-42.383583069,-0.510560751,0.031045513,-0.032323077,-0.510547519,ros2_odometer_state
M19C_S3_artificial_turf_B1_U060_R1,2750.772654427,1.654813184,idle,0.600000,-8.332586288,-42.383583069,-0.510560751,0.031047380,-0.032318261,-0.510545135,ros2_odometer_state
M19C_S3_artificial_turf_B1_U060_R1,2750.773995728,1.656154485,idle,0.600000,-8.332586288,-42.383583069,-0.510560751,0.031045388,-0.032317553,-0.510540128,ros2_odometer_state
M19C_S3_artificial_turf_B1_U060_R1,2750.775462379,1.657621136,idle,0.600000,-8.332586288,-42.383583069,-0.510560751,0.031041034,-0.032320719,-0.510537207,ros2_odometer_state
M19C_S3_artificial_turf_B1_U060_R1,2750.776981447,1.659140204,idle,0.600000,-8.332586288,-42.383583069,-0.510560751,0.031038092,-0.032324482,-0.510542989,ros2_odometer_state
M19C_S3_artificial_turf_B1_U060_R1,2750.777946254,1.660105011,idle,0.600000,-8.332586288,-42.383583069,-0.510551214,0.031035231,-0.032321911,-0.510550857,ros2_odometer_state
M19C_S3_artificial_turf_B1_U060_R1,2750.779497931,1.661656688,idle,0.600000,-8.332586288,-42.383583069,-0.510551214,0.031030519,-0.032318816,-0.510551214,ros2_odometer_state
M19C_S3_artificial_turf_B1_U060_R1,2750.781630304,1.663789061,idle,0.600000,-8.332586288,-42.383583069,-0.510551214,0.031030189,-0.032309484,-0.510547042,ros2_odometer_state
M19C_S3_artificial_turf_B1_U060_R1,2750.785265617,1.667424374,idle,0.600000,-8.332586288,-42.383583069,-0.510551214,0.031035628,-0.032306165,-0.510548174,ros2_odometer_state
M19C_S3_artificial_turf_B1_U060_R1,2750.789390805,1.671549562,idle,0.600000,-8.332586288,-42.383583069,-0.510551214,0.031043656,-0.032311033,-0.510552883,ros2_odometer_state
M19C_S3_artificial_turf_B1_U060_R1,2750.807775791,1.689934548,idle,0.600000,-8.332586288,-42.383583069,-0.510551214,0.031048961,-0.032316599,-0.510552526,ros2_odometer_state
M19C_S3_artificial_turf_B1_U060_R1,2750.818900778,1.701059535,idle,0.600000,-8.332586288,-42.383583069,-0.510551214,0.031047301,-0.032313939,-0.510548890,ros2_odometer_state
M19C_S3_artificial_turf_B1_U060_R1,2751.143347245,2.025506002,idle,0.600000,-8.332586288,-42.383583069,-0.510551214,0.031046143,-0.032304052,-0.510546029,ros2_odometer_state
M19C_S3_artificial_turf_B1_U060_R1,2751.144662497,2.026821254,idle,0.600000,-8.332586288,-42.383583069,-0.510551214,0.031050947,-0.032302700,-0.510544717,ros2_odometer_state
M19C_S3_artificial_turf_B1_U060_R1,2751.145551813,2.027710570,idle,0.600000,-8.332586288,-42.383583069,-0.510551214,0.031055229,-0.032302115,-0.510541975,ros2_odometer_state
M19C_S3_artificial_turf_B1_U060_R1,2751.146420007,2.028578764,idle,0.600000,-8.332586288,-42.383583069,-0.510546684,0.031057207,-0.032298777,-0.510543108,ros2_odometer_state
M19C_S3_artificial_turf_B1_U060_R1,2751.147275401,2.029434158,idle,0.600000,-8.332586288,-42.383583069,-0.510546684,0.031057380,-0.032297462,-0.510546684,ros2_odometer_state
M19C_S3_artificial_turf_B1_U060_R1,2751.149440159,2.031598916,idle,0.600000,-8.332586288,-42.383583069,-0.510546684,0.031055031,-0.032293420,-0.510548711,ros2_odometer_state
M19C_S3_artificial_turf_B1_U060_R1,2751.150718002,2.032876759,idle,0.600000,-8.332586288,-42.383583069,-0.510546684,0.031049887,-0.032291256,-0.510552168,ros2_odometer_state
M19C_S3_artificial_turf_B1_U060_R1,2751.152293425,2.034452182,idle,0.600000,-8.332586288,-42.383583069,-0.510546684,0.031042781,-0.032289475,-0.510545373,ros2_odometer_state
M19C_S3_artificial_turf_B1_U060_R1,2751.153979508,2.036138265,idle,0.600000,-8.332586288,-42.383583069,-0.510546684,0.031042621,-0.032290354,-0.510547519,ros2_odometer_state
M19C_S3_artificial_turf_B1_U060_R1,2751.155151202,2.037309959,idle,0.600000,-8.332586288,-42.383583069,-0.510546684,0.031047728,-0.032290809,-0.510547996,ros2_odometer_state
M19C_S3_artificial_turf_B1_U060_R1,2751.156273743,2.038432500,idle,0.600000,-8.332586288,-42.383583069,-0.510546684,0.031059844,-0.032285616,-0.510541499,ros2_odometer_state
M19C_S3_artificial_turf_B1_U060_R1,2751.157610724,2.039769481,idle,0.600000,-8.332586288,-42.383583069,-0.510546684,0.031060006,-0.032285936,-0.510537326,ros2_odometer_state
M19C_S3_artificial_turf_B1_U060_R1,2751.159016220,2.041174977,idle,0.600000,-8.332586288,-42.383583069,-0.510546684,0.031058243,-0.032286607,-0.510541737,ros2_odometer_state
M19C_S3_artificial_turf_B1_U060_R1,2751.160433076,2.042591833,idle,0.600000,-8.332586288,-42.383583069,-0.510537684,0.031061100,-0.032293268,-0.510540247,ros2_odometer_state
M19C_S3_artificial_turf_B1_U060_R1,2751.162765681,2.044924438,idle,0.600000,-8.332586288,-42.383583069,-0.510537684,0.031059684,-0.032296713,-0.510537684,ros2_odometer_state
M19C_S3_artificial_turf_B1_U060_R1,2751.164433619,2.046592376,idle,0.600000,-8.332586288,-42.383583069,-0.510537684,0.031056128,-0.032295395,-0.510532916,ros2_odometer_state
M19C_S3_artificial_turf_B1_U060_R1,2751.165949072,2.048107829,idle,0.600000,-8.332586288,-42.383583069,-0.510561049,0.031060474,-0.032301910,-0.510528386,ros2_odometer_state
M19C_S3_artificial_turf_B1_U060_R1,2751.167487757,2.049646514,idle,0.600000,-8.332586288,-42.383583069,-0.510561049,0.031065062,-0.032307606,-0.510524511,ros2_odometer_state
M19C_S3_artificial_turf_B1_U060_R1,2751.168777472,2.050936229,idle,0.600000,-8.332586288,-42.383583069,-0.510561049,0.031066172,-0.032306172,-0.510524333,ros2_odometer_state
M19C_S3_artificial_turf_B1_U060_R1,2751.170103093,2.052261850,idle,0.600000,-8.332586288,-42.383583069,-0.510546267,0.030992540,-0.032168709,-0.510553181,ros2_odometer_state
M19C_S3_artificial_turf_B1_U060_R1,2751.171188128,2.053346885,idle,0.600000,-8.332586288,-42.383583069,-0.510546267,0.030992115,-0.032170393,-0.510547936,ros2_odometer_state
M19C_S3_artificial_turf_B1_U060_R1,2751.172343982,2.054502739,idle,0.600000,-8.332586288,-42.383583069,-0.510546267,0.030988909,-0.032169513,-0.510546267,ros2_odometer_state
M19C_S3_artificial_turf_B1_U060_R1,2751.173507292,2.055666049,idle,0.600000,-8.332586288,-42.383583069,-0.510546267,0.030983606,-0.032162718,-0.510541737,ros2_odometer_state
M19C_S3_artificial_turf_B1_U060_R1,2751.174906228,2.057064985,idle,0.600000,-8.332586288,-42.383583069,-0.510546267,0.030980766,-0.032156974,-0.510541558,ros2_odometer_state
M19C_S3_artificial_turf_B1_U060_R1,2751.176385583,2.058544340,idle,0.600000,-8.332586288,-42.383583069,-0.510546267,0.030981157,-0.032150734,-0.510543048,ros2_odometer_state
M19C_S3_artificial_turf_B1_U060_R1,2751.177775750,2.059934507,idle,0.600000,-8.332586288,-42.383583069,-0.510546267,0.030982191,-0.032153104,-0.510541499,ros2_odometer_state
M19C_S3_artificial_turf_B1_U060_R1,2751.178788046,2.060946803,idle,0.600000,-8.332586288,-42.383583069,-0.510546267,0.030982431,-0.032158893,-0.510541022,ros2_odometer_state
M19C_S3_artificial_turf_B1_U060_R1,2751.180138308,2.062297065,idle,0.600000,-8.332586288,-42.383583069,-0.510546267,0.030989246,-0.032158628,-0.510542393,ros2_odometer_state
M19C_S3_artificial_turf_B1_U060_R1,2751.181116043,2.063274800,idle,0.600000,-8.332586288,-42.383583069,-0.510546267,0.030985570,-0.032162439,-0.510543942,ros2_odometer_state
M19C_S3_artificial_turf_B1_U060_R1,2751.182400926,2.064559683,idle,0.600000,-8.332586288,-42.383583069,-0.510538936,0.030982554,-0.032166887,-0.510544777,ros2_odometer_state
M19C_S3_artificial_turf_B1_U060_R1,2751.183506186,2.065664943,idle,0.600000,-8.332586288,-42.383583069,-0.510538936,0.030983984,-0.032170720,-0.510539651,ros2_odometer_state
M19C_S3_artificial_turf_B1_U060_R1,2751.184605461,2.066764218,idle,0.600000,-8.332586288,-42.383583069,-0.510538936,0.030983230,-0.032167692,-0.510538936,ros2_odometer_state
M19C_S3_artificial_turf_B1_U060_R1,2751.185936106,2.068094863,idle,0.600000,-8.332586288,-42.383583069,-0.510538936,0.030981023,-0.032167505,-0.510547996,ros2_odometer_state
M19C_S3_artificial_turf_B1_U060_R1,2751.187919897,2.070078654,idle,0.600000,-8.332586288,-42.383583069,-0.510538936,0.030976813,-0.032169722,-0.510548949,ros2_odometer_state
M19C_S3_artificial_turf_B1_U060_R1,2751.189209996,2.071368753,idle,0.600000,-8.332586288,-42.383583069,-0.510538936,0.030975092,-0.032171413,-0.510552764,ros2_odometer_state
M19C_S3_artificial_turf_B1_U060_R1,2751.190480959,2.072639716,idle,0.600000,-8.332586288,-42.383583069,-0.510538936,0.030978246,-0.032167431,-0.510557055,ros2_odometer_state
M19C_S3_artificial_turf_B1_U060_R1,2751.191645741,2.073804498,idle,0.600000,-8.332586288,-42.383583069,-0.510538936,0.030981552,-0.032172300,-0.510560513,ros2_odometer_state
M19C_S3_artificial_turf_B1_U060_R1,2751.192815324,2.074974081,idle,0.600000,-8.332586288,-42.383583069,-0.510538936,0.030976608,-0.032177567,-0.510561824,ros2_odometer_state
M19C_S3_artificial_turf_B1_U060_R1,2751.194216884,2.076375641,idle,0.600000,-8.332586288,-42.383583069,-0.510538936,0.030970497,-0.032180075,-0.510561883,ros2_odometer_state
M19C_S3_artificial_turf_B1_U060_R1,2751.195376002,2.077534759,idle,0.600000,-8.332586288,-42.383583069,-0.510542154,0.030971488,-0.032183994,-0.510557771,ros2_odometer_state
M19C_S3_artificial_turf_B1_U060_R1,2751.196511791,2.078670548,idle,0.600000,-8.332586288,-42.383583069,-0.510542154,0.030972408,-0.032185446,-0.510544717,ros2_odometer_state
M19C_S3_artificial_turf_B1_U060_R1,2751.197664349,2.079823106,idle,0.600000,-8.332586288,-42.383583069,-0.510542154,0.030971508,-0.032189969,-0.510542154,ros2_odometer_state
M19C_S3_artificial_turf_B1_U060_R1,2751.198573313,2.080732070,idle,0.600000,-8.332586288,-42.383583069,-0.510542154,0.030970611,-0.032191955,-0.510541260,ros2_odometer_state
M19C_S3_artificial_turf_B1_U060_R1,2751.199978841,2.082137598,idle,0.600000,-8.332586288,-42.383583069,-0.510542154,0.030976536,-0.032196622,-0.510543466,ros2_odometer_state
M19C_S3_artificial_turf_B1_U060_R1,2751.201433842,2.083592599,idle,0.600000,-8.332586288,-42.383583069,-0.510542154,0.030981483,-0.032199822,-0.510542095,ros2_odometer_state
M19C_S3_artificial_turf_B1_U060_R1,2751.202503517,2.084662274,idle,0.600000,-8.332586288,-42.383583069,-0.510542154,0.030982181,-0.032206215,-0.510539830,ros2_odometer_state
M19C_S3_artificial_turf_B1_U060_R1,2751.203564135,2.085722892,idle,0.600000,-8.332586288,-42.383583069,-0.510542154,0.030980112,-0.032207124,-0.510540724,ros2_odometer_state
M19C_S3_artificial_turf_B1_U060_R1,2751.205965511,2.088124268,idle,0.600000,-8.332586288,-42.383583069,-0.510542154,0.030973068,-0.032210097,-0.510536492,ros2_odometer_state
M19C_S3_artificial_turf_B1_U060_R1,2751.207782063,2.089940820,idle,0.600000,-8.332586288,-42.383583069,-0.510542154,0.030965086,-0.032221429,-0.510527372,ros2_odometer_state
M19C_S3_artificial_turf_B1_U060_R1,2751.209326316,2.091485073,idle,0.600000,-8.332586288,-42.383583069,-0.510529935,0.030969232,-0.032218855,-0.510529935,ros2_odometer_state
M19C_S3_artificial_turf_B1_U060_R1,2751.211878898,2.094037655,idle,0.600000,-8.332586288,-42.383583069,-0.510529935,0.030980337,-0.032221220,-0.510525882,ros2_odometer_state
M19C_S3_artificial_turf_B1_U060_R1,2751.214091338,2.096250095,idle,0.600000,-8.332586288,-42.383583069,-0.510529935,0.030980337,-0.032221220,-0.510525882,ros2_odometer_state
M19C_S3_artificial_turf_B1_U060_R1,2751.215361404,2.097520161,idle,0.600000,-8.332586288,-42.383583069,-0.510529935,0.030982543,-0.032229926,-0.510523379,ros2_odometer_state
M19C_S3_artificial_turf_B1_U060_R1,2751.217370348,2.099529105,idle,0.600000,-8.332586288,-42.383583069,-0.510529935,0.030978628,-0.032228418,-0.510524154,ros2_odometer_state
M19C_S3_artificial_turf_B1_U060_R1,2751.220537578,2.102696335,idle,0.600000,-8.332586288,-42.383583069,-0.510529935,0.030975925,-0.032225985,-0.510521173,ros2_odometer_state
M19C_S3_artificial_turf_B1_U060_R1,2751.222136298,2.104295055,idle,0.600000,-8.332586288,-42.383583069,-0.510529935,0.030973192,-0.032228682,-0.510518909,ros2_odometer_state
M19C_S3_artificial_turf_B1_U060_R1,2751.224187515,2.106346272,idle,0.600000,-8.332586288,-42.383583069,-0.510529935,0.030966042,-0.032230336,-0.510527194,ros2_odometer_state
M19C_S3_artificial_turf_B1_U060_R1,2751.226303343,2.108462100,idle,0.600000,-8.332586288,-42.383583069,-0.510529935,0.030969659,-0.032233272,-0.510536194,ros2_odometer_state
M19C_S3_artificial_turf_B1_U060_R1,2751.228745424,2.110904181,idle,0.600000,-8.332586288,-42.383583069,-0.510529935,0.030973747,-0.032237381,-0.510538757,ros2_odometer_state
M19C_S3_artificial_turf_B1_U060_R1,2751.235666531,2.117825288,idle,0.600000,-8.332586288,-42.383583069,-0.510539472,0.030970590,-0.032239631,-0.510539472,ros2_odometer_state
M19C_S3_artificial_turf_B1_U060_R1,2751.237749078,2.119907835,idle,0.600000,-8.332586288,-42.383583069,-0.510539472,0.030967860,-0.032241710,-0.510545492,ros2_odometer_state
M19C_S3_artificial_turf_B1_U060_R1,2751.239189488,2.121348245,idle,0.600000,-8.332586288,-42.383583069,-0.510539472,0.030970367,-0.032247365,-0.510549247,ros2_odometer_state
M19C_S3_artificial_turf_B1_U060_R1,2751.241295715,2.123454472,idle,0.600000,-8.332586288,-42.383583069,-0.510539472,0.030973498,-0.032249574,-0.510549545,ros2_odometer_state
M19C_S3_artificial_turf_B1_U060_R1,2751.243199631,2.125358388,idle,0.600000,-8.332586288,-42.383583069,-0.510539472,0.030974327,-0.032248162,-0.510548711,ros2_odometer_state
M19C_S3_artificial_turf_B1_U060_R1,2751.245423047,2.127581804,idle,0.600000,-8.332586288,-42.383583069,-0.510539472,0.030965433,-0.032244399,-0.510551393,ros2_odometer_state
M19C_S3_artificial_turf_B1_U060_R1,2751.246931587,2.129090344,idle,0.600000,-8.332586288,-42.383583069,-0.510539472,0.030963847,-0.032244500,-0.510553896,ros2_odometer_state
M19C_S3_artificial_turf_B1_U060_R1,2751.248561284,2.130720041,idle,0.600000,-8.332586288,-42.383583069,-0.510539472,0.030965749,-0.032247581,-0.510554731,ros2_odometer_state
M19C_S3_artificial_turf_B1_U060_R1,2751.250124002,2.132282759,idle,0.600000,-8.332586288,-42.383583069,-0.510539472,0.030967969,-0.032241743,-0.510552704,ros2_odometer_state
M19C_S3_artificial_turf_B1_U060_R1,2751.251419318,2.133578075,idle,0.600000,-8.332586288,-42.383583069,-0.510539472,0.030967969,-0.032237705,-0.510550380,ros2_odometer_state
M19C_S3_artificial_turf_B1_U060_R1,2751.252698761,2.134857518,idle,0.600000,-8.332586288,-42.383583069,-0.510547638,0.030967936,-0.032235559,-0.510547638,ros2_odometer_state
M19C_S3_artificial_turf_B1_U060_R1,2751.254080000,2.136238757,idle,0.600000,-8.332586288,-42.383583069,-0.510547638,0.030962108,-0.032241113,-0.510545254,ros2_odometer_state
M19C_S3_artificial_turf_B1_U060_R1,2751.255561562,2.137720319,idle,0.600000,-8.332586288,-42.383583069,-0.510547638,0.030960660,-0.032243542,-0.510541320,ros2_odometer_state
M19C_S3_artificial_turf_B1_U060_R1,2751.259088359,2.141247116,idle,0.600000,-8.332586288,-42.383583069,-0.510547638,0.030957885,-0.032244407,-0.510540724,ros2_odometer_state
M19C_S3_artificial_turf_B1_U060_R1,2751.261325440,2.143484197,idle,0.600000,-8.332586288,-42.383583069,-0.510547638,0.030951938,-0.032245424,-0.510545135,ros2_odometer_state
M19C_S3_artificial_turf_B1_U060_R1,2751.263150376,2.145309133,idle,0.600000,-8.332586288,-42.383583069,-0.510547638,0.030949686,-0.032248639,-0.510541260,ros2_odometer_state
M19C_S3_artificial_turf_B1_U060_R1,2751.264800842,2.146959599,idle,0.600000,-8.332586288,-42.383583069,-0.510547638,0.030953128,-0.032256607,-0.510537326,ros2_odometer_state
M19C_S3_artificial_turf_B1_U060_R1,2751.266301573,2.148460330,idle,0.600000,-8.332586288,-42.383583069,-0.510547638,0.030962853,-0.032258078,-0.510540366,ros2_odometer_state
M19C_S3_artificial_turf_B1_U060_R1,2751.267822722,2.149981479,idle,0.600000,-8.332586288,-42.383583069,-0.510547638,0.030972769,-0.032257270,-0.510543287,ros2_odometer_state
M19C_S3_artificial_turf_B1_U060_R1,2751.275701467,2.157860224,idle,0.600000,-8.332586288,-42.383583069,-0.510547638,0.030973108,-0.032257918,-0.510544360,ros2_odometer_state
M19C_S3_artificial_turf_B1_U060_R1,2751.283573364,2.165732121,idle,0.600000,-8.332586288,-42.383583069,-0.510541379,0.030967707,-0.032259472,-0.510541379,ros2_odometer_state
M19C_S3_artificial_turf_B1_U060_R1,2751.295725559,2.177884316,idle,0.600000,-8.332586288,-42.383583069,-0.510541379,0.030955117,-0.032262184,-0.510538936,ros2_odometer_state
M19C_S3_artificial_turf_B1_U060_R1,2751.298716462,2.180875219,idle,0.600000,-8.332586288,-42.383583069,-0.510541379,0.030952957,-0.032266870,-0.510546029,ros2_odometer_state
M19C_S3_artificial_turf_B1_U060_R1,2751.299950591,2.182109348,idle,0.600000,-8.332586288,-42.383583069,-0.510541379,0.030954270,-0.032265656,-0.510545194,ros2_odometer_state
M19C_S3_artificial_turf_B1_U060_R1,2751.300901573,2.183060330,idle,0.600000,-8.332586288,-42.383583069,-0.510541379,0.030961387,-0.032264404,-0.510541677,ros2_odometer_state
M19C_S3_artificial_turf_B1_U060_R1,2751.301953711,2.184112468,idle,0.600000,-8.332586288,-42.383583069,-0.510541379,0.030965937,-0.032263562,-0.510541022,ros2_odometer_state
M19C_S3_artificial_turf_B1_U060_R1,2751.302833554,2.184992311,idle,0.600000,-8.332586288,-42.383583069,-0.510541379,0.030970324,-0.032264631,-0.510546267,ros2_odometer_state
M19C_S3_artificial_turf_B1_U060_R1,2751.303832314,2.185991071,idle,0.600000,-8.332586288,-42.383583069,-0.510541379,0.030968107,-0.032265678,-0.510550559,ros2_odometer_state
M19C_S3_artificial_turf_B1_U060_R1,2751.305213649,2.187372406,idle,0.600000,-8.332586288,-42.383583069,-0.510541379,0.030971037,-0.032268796,-0.510551631,ros2_odometer_state
M19C_S3_artificial_turf_B1_U060_R1,2751.306399424,2.188558181,idle,0.600000,-8.332586288,-42.383583069,-0.510541379,0.030976046,-0.032275457,-0.510550797,ros2_odometer_state
M19C_S3_artificial_turf_B1_U060_R1,2751.307423912,2.189582669,idle,0.600000,-8.332586288,-42.383583069,-0.510547876,0.030982921,-0.032273907,-0.510547876,ros2_odometer_state
M19C_S3_artificial_turf_B1_U060_R1,2751.308903875,2.191062632,idle,0.600000,-8.332586288,-42.383583069,-0.510547876,0.030987917,-0.032272708,-0.510547817,ros2_odometer_state
M19C_S3_artificial_turf_B1_U060_R1,2751.310241592,2.192400349,idle,0.600000,-8.332586288,-42.383583069,-0.510547876,0.030984804,-0.032274645,-0.510549724,ros2_odometer_state
M19C_S3_artificial_turf_B1_U060_R1,2751.311250913,2.193409670,idle,0.600000,-8.332586288,-42.383583069,-0.510547876,0.030980181,-0.032271676,-0.510547578,ros2_odometer_state
M19C_S3_artificial_turf_B1_U060_R1,2751.312311595,2.194470352,idle,0.600000,-8.332586288,-42.383583069,-0.510547876,0.030976031,-0.032265365,-0.510547817,ros2_odometer_state
M19C_S3_artificial_turf_B1_U060_R1,2751.313332819,2.195491576,idle,0.600000,-8.332586288,-42.383583069,-0.510547876,0.030971363,-0.032260347,-0.510549128,ros2_odometer_state
M19C_S3_artificial_turf_B1_U060_R1,2751.314409246,2.196568003,idle,0.600000,-8.332586288,-42.383583069,-0.510547876,0.030970834,-0.032264292,-0.510544956,ros2_odometer_state
M19C_S3_artificial_turf_B1_U060_R1,2751.315550988,2.197709745,idle,0.600000,-8.332586288,-42.383583069,-0.510547876,0.030966314,-0.032268148,-0.510545194,ros2_odometer_state
M19C_S3_artificial_turf_B1_U060_R1,2751.317311506,2.199470263,idle,0.600000,-8.332586288,-42.383583069,-0.510547876,0.030962674,-0.032262988,-0.510547876,ros2_odometer_state
M19C_S3_artificial_turf_B1_U060_R1,2751.318739754,2.200898511,idle,0.600000,-8.332586288,-42.383583069,-0.510547876,0.030968200,-0.032257490,-0.510543168,ros2_odometer_state
M19C_S3_artificial_turf_B1_U060_R1,2751.323373251,2.205532008,idle,0.600000,-8.332586288,-42.383583069,-0.510539889,0.030974025,-0.032253537,-0.510539889,ros2_odometer_state
M19C_S3_artificial_turf_B1_U060_R1,2751.324473198,2.206631955,idle,0.600000,-8.332586288,-42.383583069,-0.510539889,0.030980067,-0.032256059,-0.510537028,ros2_odometer_state
M19C_S3_artificial_turf_B1_U060_R1,2751.325868390,2.208027147,idle,0.600000,-8.332586288,-42.383583069,-0.510539889,0.030977830,-0.032258704,-0.510541439,ros2_odometer_state
M19C_S3_artificial_turf_B1_U060_R1,2751.326813035,2.208971792,idle,0.600000,-8.332586288,-42.383583069,-0.510539889,0.030972635,-0.032258447,-0.510546207,ros2_odometer_state
M19C_S3_artificial_turf_B1_U060_R1,2751.328076638,2.210235395,idle,0.600000,-8.332586288,-42.383583069,-0.510539889,0.030972984,-0.032256730,-0.510538995,ros2_odometer_state
M19C_S3_artificial_turf_B1_U060_R1,2751.329016963,2.211175720,idle,0.600000,-8.332586288,-42.383583069,-0.510539889,0.030973019,-0.032249473,-0.510536969,ros2_odometer_state
M19C_S3_artificial_turf_B1_U060_R1,2751.347182165,2.229340922,idle,0.600000,-8.332586288,-42.383583069,-0.510539889,0.030966492,-0.032238431,-0.510536194,ros2_odometer_state
M19C_S3_artificial_turf_B1_U060_R1,2751.348529931,2.230688688,idle,0.600000,-8.332586288,-42.383583069,-0.510539889,0.030962730,-0.032234937,-0.510533035,ros2_odometer_state
M19C_S3_artificial_turf_B1_U060_R1,2751.349664248,2.231823005,idle,0.600000,-8.332586288,-42.383583069,-0.510539889,0.030961892,-0.032227971,-0.510528624,ros2_odometer_state
M19C_S3_artificial_turf_B1_U060_R1,2751.351003821,2.233162578,idle,0.600000,-8.332586288,-42.383583069,-0.510539889,0.030959440,-0.032228470,-0.510526121,ros2_odometer_state
M19C_S3_artificial_turf_B1_U060_R1,2751.353310729,2.235469486,idle,0.600000,-8.332586288,-42.383583069,-0.510527432,0.030958474,-0.032226965,-0.510527432,ros2_odometer_state
M19C_S3_artificial_turf_B1_U060_R1,2751.354580635,2.236739392,idle,0.600000,-8.332586288,-42.383583069,-0.510527432,0.030963913,-0.032226093,-0.510527849,ros2_odometer_state
M19C_S3_artificial_turf_B1_U060_R1,2751.355698632,2.237857389,idle,0.600000,-8.332586288,-42.383583069,-0.510527432,0.030965960,-0.032225840,-0.510532141,ros2_odometer_state
M19C_S3_artificial_turf_B1_U060_R1,2751.356980027,2.239138784,idle,0.600000,-8.332586288,-42.383583069,-0.510527432,0.030966813,-0.032227483,-0.510540485,ros2_odometer_state
M19C_S3_artificial_turf_B1_U060_R1,2751.358194091,2.240352848,idle,0.600000,-8.332586288,-42.383583069,-0.510527432,0.030958954,-0.032229085,-0.510535836,ros2_odometer_state
M19C_S3_artificial_turf_B1_U060_R1,2751.359099567,2.241258324,idle,0.600000,-8.332586288,-42.383583069,-0.510527432,0.030954937,-0.032227144,-0.510533571,ros2_odometer_state
M19C_S3_artificial_turf_B1_U060_R1,2751.360276574,2.242435331,idle,0.600000,-8.332586288,-42.383583069,-0.510527432,0.030954305,-0.032225002,-0.510536313,ros2_odometer_state
M19C_S3_artificial_turf_B1_U060_R1,2751.361279142,2.243437899,idle,0.600000,-8.332586288,-42.383583069,-0.510527432,0.030955657,-0.032216441,-0.510541081,ros2_odometer_state
M19C_S3_artificial_turf_B1_U060_R1,2751.362424371,2.244583128,idle,0.600000,-8.332586288,-42.383583069,-0.510527432,0.030958854,-0.032209042,-0.510540426,ros2_odometer_state
M19C_S3_artificial_turf_B1_U060_R1,2751.363419771,2.245578528,idle,0.600000,-8.332586288,-42.383583069,-0.510527432,0.030960312,-0.032209408,-0.510535419,ros2_odometer_state
M19C_S3_artificial_turf_B1_U060_R1,2751.364389185,2.246547942,idle,0.600000,-8.332586288,-42.383583069,-0.510534286,0.030962422,-0.032212563,-0.510534286,ros2_odometer_state
M19C_S3_artificial_turf_B1_U060_R1,2751.365283717,2.247442474,idle,0.600000,-8.332586288,-42.383583069,-0.510534286,0.030967962,-0.032220323,-0.510538578,ros2_odometer_state
M19C_S3_artificial_turf_B1_U060_R1,2751.366266092,2.248424849,idle,0.600000,-8.332586288,-42.383583069,-0.510534286,0.030969473,-0.032223504,-0.510543585,ros2_odometer_state
M19C_S3_artificial_turf_B1_U060_R1,2751.367107981,2.249266738,idle,0.600000,-8.332586288,-42.383583069,-0.510534286,0.030967623,-0.032222174,-0.510545373,ros2_odometer_state
M19C_S3_artificial_turf_B1_U060_R1,2751.368151991,2.250310748,idle,0.600000,-8.332586288,-42.383583069,-0.510534286,0.030968269,-0.032223847,-0.510548055,ros2_odometer_state
M19C_S3_artificial_turf_B1_U060_R1,2751.369017401,2.251176158,idle,0.600000,-8.332586288,-42.383583069,-0.510534286,0.030969940,-0.032226089,-0.510549724,ros2_odometer_state
M19C_S3_artificial_turf_B1_U060_R1,2751.370244586,2.252403343,idle,0.600000,-8.332586288,-42.383583069,-0.510534286,0.030967612,-0.032225277,-0.510545552,ros2_odometer_state
M19C_S3_artificial_turf_B1_U060_R1,2751.371133933,2.253292690,idle,0.600000,-8.332586288,-42.383583069,-0.510534286,0.030961037,-0.032226391,-0.510547221,ros2_odometer_state
M19C_S3_artificial_turf_B1_U060_R1,2751.372409152,2.254567909,idle,0.600000,-8.332586288,-42.383583069,-0.510534286,0.030957116,-0.032224610,-0.510560513,ros2_odometer_state
M19C_S3_artificial_turf_B1_U060_R1,2751.373308324,2.255467081,idle,0.600000,-8.332586288,-42.383583069,-0.510534286,0.030955434,-0.032222752,-0.510564148,ros2_odometer_state
M19C_S3_artificial_turf_B1_U060_R1,2751.374297387,2.256456144,idle,0.600000,-8.332586288,-42.383583069,-0.510564029,0.030952545,-0.032222077,-0.510564029,ros2_odometer_state
M19C_S3_artificial_turf_B1_U060_R1,2751.375173390,2.257332147,idle,0.600000,-8.332586288,-42.383583069,-0.510564029,0.030951217,-0.032223567,-0.510564744,ros2_odometer_state
M19C_S3_artificial_turf_B1_U060_R1,2751.376224440,2.258383197,idle,0.600000,-8.332586288,-42.383583069,-0.510564029,0.030956198,-0.032218318,-0.510567486,ros2_odometer_state
M19C_S3_artificial_turf_B1_U060_R1,2751.377083354,2.259242111,idle,0.600000,-8.332586288,-42.383583069,-0.510564029,0.030958911,-0.032216769,-0.510559440,ros2_odometer_state
M19C_S3_artificial_turf_B1_U060_R1,2751.378089602,2.260248359,idle,0.600000,-8.332586288,-42.383583069,-0.510564029,0.030957818,-0.032219365,-0.510558307,ros2_odometer_state
M19C_S3_artificial_turf_B1_U060_R1,2751.379544316,2.261703073,idle,0.600000,-8.332586288,-42.383583069,-0.510564029,0.030952618,-0.032220706,-0.510561228,ros2_odometer_state
M19C_S3_artificial_turf_B1_U060_R1,2751.381545419,2.263704176,idle,0.600000,-8.332586288,-42.383583069,-0.510564029,0.030944228,-0.032221507,-0.510564983,ros2_odometer_state
M19C_S3_artificial_turf_B1_U060_R1,2751.383656447,2.265815204,idle,0.600000,-8.332586288,-42.383583069,-0.510564029,0.030942144,-0.032224804,-0.510566056,ros2_odometer_state
M19C_S3_artificial_turf_B1_U060_R1,2751.385798676,2.267957433,idle,0.600000,-8.332586288,-42.383583069,-0.510564029,0.030939953,-0.032219581,-0.510569870,ros2_odometer_state
M19C_S3_artificial_turf_B1_U060_R1,2751.387782851,2.269941608,idle,0.600000,-8.332586288,-42.383583069,-0.510564029,0.030944569,-0.032209907,-0.510576427,ros2_odometer_state
M19C_S3_artificial_turf_B1_U060_R1,2751.389684655,2.271843412,idle,0.600000,-8.332586288,-42.383583069,-0.510574758,0.030952837,-0.032206722,-0.510574758,ros2_odometer_state
M19C_S3_artificial_turf_B1_U060_R1,2751.392717800,2.274876557,idle,0.600000,-8.332586288,-42.383583069,-0.510574758,0.030941086,-0.032196734,-0.510566115,ros2_odometer_state
M19C_S3_artificial_turf_B1_U060_R1,2751.394585298,2.276744055,idle,0.600000,-8.332586288,-42.383583069,-0.510574758,0.030941086,-0.032196734,-0.510566115,ros2_odometer_state
M19C_S3_artificial_turf_B1_U060_R1,2751.395955432,2.278114189,idle,0.600000,-8.332586288,-42.383583069,-0.510574758,0.030942412,-0.032200679,-0.510567069,ros2_odometer_state
M19C_S3_artificial_turf_B1_U060_R1,2751.397772400,2.279931157,idle,0.600000,-8.332586288,-42.383583069,-0.510574758,0.030938348,-0.032202769,-0.510564446,ros2_odometer_state
M19C_S3_artificial_turf_B1_U060_R1,2751.400427482,2.282586239,idle,0.600000,-8.332586288,-42.383583069,-0.510574758,0.030937383,-0.032191720,-0.510563433,ros2_odometer_state
M19C_S3_artificial_turf_B1_U060_R1,2751.402296100,2.284454857,idle,0.600000,-8.332586288,-42.383583069,-0.510574758,0.030935157,-0.032184936,-0.510558188,ros2_odometer_state
M19C_S3_artificial_turf_B1_U060_R1,2751.403999496,2.286158253,idle,0.600000,-8.332586288,-42.383583069,-0.510574758,0.030933702,-0.032184958,-0.510561287,ros2_odometer_state
M19C_S3_artificial_turf_B1_U060_R1,2751.405860050,2.288018807,idle,0.600000,-8.332586288,-42.383583069,-0.510574758,0.030937789,-0.032181643,-0.510560691,ros2_odometer_state
M19C_S3_artificial_turf_B1_U060_R1,2751.407872066,2.290030823,idle,0.600000,-8.332586288,-42.383583069,-0.510574758,0.030936638,-0.032182977,-0.510557413,ros2_odometer_state
M19C_S3_artificial_turf_B1_U060_R1,2751.410265089,2.292423846,idle,0.600000,-8.332586288,-42.383583069,-0.510557055,0.030928954,-0.032181483,-0.510557055,ros2_odometer_state
M19C_S3_artificial_turf_B1_U060_R1,2751.412070089,2.294228846,idle,0.600000,-8.332586288,-42.383583069,-0.510557055,0.030923445,-0.032177363,-0.510551512,ros2_odometer_state
M19C_S3_artificial_turf_B1_U060_R1,2751.414814294,2.296973051,idle,0.600000,-8.332586288,-42.383583069,-0.510557055,0.030930031,-0.032176379,-0.510547996,ros2_odometer_state
M19C_S3_artificial_turf_B1_U060_R1,2751.418187516,2.300346273,idle,0.600000,-8.332586288,-42.383583069,-0.510557055,0.030935967,-0.032175984,-0.510546684,ros2_odometer_state
M19C_S3_artificial_turf_B1_U060_R1,2751.420072423,2.302231180,idle,0.600000,-8.332586288,-42.383583069,-0.510557055,0.030936476,-0.032174326,-0.510552347,ros2_odometer_state
M19C_S3_artificial_turf_B1_U060_R1,2751.425327576,2.307486333,idle,0.600000,-8.332586288,-42.383583069,-0.510557055,0.030938111,-0.032175273,-0.510560393,ros2_odometer_state
M19C_S3_artificial_turf_B1_U060_R1,2751.426893430,2.309052187,idle,0.600000,-8.332586288,-42.383583069,-0.510557055,0.030941790,-0.032173876,-0.510556102,ros2_odometer_state
M19C_S3_artificial_turf_B1_U060_R1,2751.428450804,2.310609561,idle,0.600000,-8.332586288,-42.383583069,-0.510557055,0.030939903,-0.032177787,-0.510555446,ros2_odometer_state
M19C_S3_artificial_turf_B1_U060_R1,2751.429716742,2.311875499,idle,0.600000,-8.332586288,-42.383583069,-0.510557055,0.030941220,-0.032171592,-0.510559380,ros2_odometer_state
M19C_S3_artificial_turf_B1_U060_R1,2751.433019882,2.315178639,idle,0.600000,-8.332586288,-42.383583069,-0.510557055,0.030945748,-0.032170501,-0.510558069,ros2_odometer_state
M19C_S3_artificial_turf_B1_U060_R1,2751.434226554,2.316385311,idle,0.600000,-8.332586288,-42.383583069,-0.510557950,0.030950531,-0.032175519,-0.510557950,ros2_odometer_state
M19C_S3_artificial_turf_B1_U060_R1,2751.435352263,2.317511020,idle,0.600000,-8.332586288,-42.383583069,-0.510557950,0.030949879,-0.032171898,-0.510554433,ros2_odometer_state
M19C_S3_artificial_turf_B1_U060_R1,2751.436510069,2.318668826,idle,0.600000,-8.332586288,-42.383583069,-0.510557950,0.030941147,-0.032165606,-0.510553241,ros2_odometer_state
M19C_S3_artificial_turf_B1_U060_R1,2751.437673027,2.319831784,idle,0.600000,-8.332586288,-42.383583069,-0.510557950,0.030937010,-0.032166813,-0.510556757,ros2_odometer_state
M19C_S3_artificial_turf_B1_U060_R1,2751.438774159,2.320932916,idle,0.600000,-8.332586288,-42.383583069,-0.510557950,0.030942110,-0.032164875,-0.510564029,ros2_odometer_state
M19C_S3_artificial_turf_B1_U060_R1,2751.442247385,2.324406142,idle,0.600000,-8.332586288,-42.383583069,-0.510557950,0.030945562,-0.032164566,-0.510560572,ros2_odometer_state
M19C_S3_artificial_turf_B1_U060_R1,2751.446632007,2.328790764,idle,0.600000,-8.332586288,-42.383583069,-0.510557950,0.030938787,-0.032167982,-0.510564864,ros2_odometer_state
M19C_S3_artificial_turf_B1_U060_R1,2751.447540523,2.329699280,idle,0.600000,-8.332586288,-42.383583069,-0.510557950,0.030931516,-0.032160945,-0.510563552,ros2_odometer_state
M19C_S3_artificial_turf_B1_U060_R1,2751.452683128,2.334841885,idle,0.600000,-8.332586288,-42.383583069,-0.510557950,0.030929219,-0.032152809,-0.510563076,ros2_odometer_state
M19C_S3_artificial_turf_B1_U060_R1,2751.453898856,2.336057613,idle,0.600000,-8.332586288,-42.383583069,-0.510557950,0.030929716,-0.032152232,-0.510568500,ros2_odometer_state
M19C_S3_artificial_turf_B1_U060_R1,2751.455037493,2.337196250,idle,0.600000,-8.332586288,-42.383583069,-0.510568500,0.030931586,-0.032157060,-0.510568619,ros2_odometer_state
M19C_S3_artificial_turf_B1_U060_R1,2751.459099255,2.341258012,idle,0.600000,-8.332586288,-42.383583069,-0.510568500,0.030937705,-0.032156792,-0.510567069,ros2_odometer_state
M19C_S3_artificial_turf_B1_U060_R1,2751.460130848,2.342289605,idle,0.600000,-8.332586288,-42.383583069,-0.510568500,0.030946495,-0.032153334,-0.510568142,ros2_odometer_state
M19C_S3_artificial_turf_B1_U060_R1,2751.460984482,2.343143239,idle,0.600000,-8.332586288,-42.383583069,-0.510568500,0.030946111,-0.032148074,-0.510569751,ros2_odometer_state
M19C_S3_artificial_turf_B1_U060_R1,2751.461818211,2.343976968,idle,0.600000,-8.332586288,-42.383583069,-0.510568500,0.030943420,-0.032155164,-0.510569751,ros2_odometer_state
M19C_S3_artificial_turf_B1_U060_R1,2751.462643108,2.344801865,idle,0.600000,-8.332586288,-42.383583069,-0.510568500,0.030936766,-0.032156799,-0.510567546,ros2_odometer_state
M19C_S3_artificial_turf_B1_U060_R1,2751.463488645,2.345647402,idle,0.600000,-8.332586288,-42.383583069,-0.510568500,0.030935328,-0.032154169,-0.510570347,ros2_odometer_state
M19C_S3_artificial_turf_B1_U060_R1,2751.463767248,2.345926005,idle,0.600000,-8.332586288,-42.383583069,-0.510568500,0.030935328,-0.032154169,-0.510570347,ros2_odometer_state
M19C_S3_artificial_turf_B1_U060_R1,2751.465862628,2.348021385,idle,0.600000,-8.332586288,-42.383583069,-0.510568500,0.030934017,-0.032143511,-0.510570824,ros2_odometer_state
M19C_S3_artificial_turf_B1_U060_R1,2751.467856403,2.350015160,idle,0.600000,-8.332586288,-42.383583069,-0.510568500,0.030932488,-0.032135412,-0.510569513,ros2_odometer_state
M19C_S3_artificial_turf_B1_U060_R1,2751.477220167,2.359378924,idle,0.600000,-8.332586288,-42.383583069,-0.510572672,0.030934330,-0.032123741,-0.510565758,ros2_odometer_state
M19C_S3_artificial_turf_B1_U060_R1,2751.478618367,2.360777124,idle,0.600000,-8.332586288,-42.383583069,-0.510572672,0.030940795,-0.032111470,-0.510563433,ros2_odometer_state
M19C_S3_artificial_turf_B1_U060_R1,2751.479902290,2.362061047,idle,0.600000,-8.332586288,-42.383583069,-0.510572672,0.030941354,-0.032105256,-0.510568798,ros2_odometer_state
M19C_S3_artificial_turf_B1_U060_R1,2751.481189861,2.363348618,idle,0.600000,-8.332586288,-42.383583069,-0.510572672,0.030942509,-0.032100335,-0.510569155,ros2_odometer_state
M19C_S3_artificial_turf_B1_U060_R1,2751.482192717,2.364351474,idle,0.600000,-8.332586288,-42.383583069,-0.510572672,0.030950306,-0.032094706,-0.510568380,ros2_odometer_state
M19C_S3_artificial_turf_B1_U060_R1,2751.483544643,2.365703400,idle,0.600000,-8.332586288,-42.383583069,-0.510572672,0.030955849,-0.032081645,-0.510569215,ros2_odometer_state
M19C_S3_artificial_turf_B1_U060_R1,2751.484773555,2.366932312,idle,0.600000,-8.332586288,-42.383583069,-0.510572672,0.030947663,-0.032071341,-0.510575175,ros2_odometer_state
M19C_S3_artificial_turf_B1_U060_R1,2751.486008389,2.368167146,idle,0.600000,-8.332586288,-42.383583069,-0.510572672,0.030939469,-0.032070473,-0.510570228,ros2_odometer_state
M19C_S3_artificial_turf_B1_U060_R1,2751.487402204,2.369560961,idle,0.600000,-8.332586288,-42.383583069,-0.510572672,0.030938800,-0.032069761,-0.510564744,ros2_odometer_state
M19C_S3_artificial_turf_B1_U060_R1,2751.487746666,2.369905423,idle,0.600000,-8.332586288,-42.383583069,-0.510572672,0.030938800,-0.032069761,-0.510564744,ros2_odometer_state
M19C_S3_artificial_turf_B1_U060_R1,2751.493860157,2.376018914,idle,0.600000,-8.332586288,-42.383583069,-0.510562003,0.030943580,-0.032065243,-0.510562003,ros2_odometer_state
M19C_S3_artificial_turf_B1_U060_R1,2751.496505862,2.378664619,idle,0.600000,-8.332586288,-42.383583069,-0.510562003,0.030940324,-0.032061398,-0.510563314,ros2_odometer_state
M19C_S3_artificial_turf_B1_U060_R1,2751.498834242,2.380992999,idle,0.600000,-8.332586288,-42.383583069,-0.510562003,0.030931516,-0.032062069,-0.510561824,ros2_odometer_state
M19C_S3_artificial_turf_B1_U060_R1,2751.501439594,2.383598351,idle,0.600000,-8.332586288,-42.383583069,-0.510562003,0.030927604,-0.032064375,-0.510558784,ros2_odometer_state
M19C_S3_artificial_turf_B1_U060_R1,2751.503960174,2.386118931,idle,0.600000,-8.332586288,-42.383583069,-0.510562003,0.030929545,-0.032063175,-0.510559618,ros2_odometer_state
M19C_S3_artificial_turf_B1_U060_R1,2751.506754653,2.388913410,idle,0.600000,-8.332586288,-42.383583069,-0.510562003,0.030931631,-0.032063700,-0.510557473,ros2_odometer_state
M19C_S3_artificial_turf_B1_U060_R1,2751.508690314,2.390849071,idle,0.600000,-8.332586288,-42.383583069,-0.510562003,0.030929253,-0.032064695,-0.510553122,ros2_odometer_state
M19C_S3_artificial_turf_B1_U060_R1,2751.512130739,2.394289496,idle,0.600000,-8.332586288,-42.383583069,-0.510562003,0.030929679,-0.032063693,-0.510548413,ros2_odometer_state
M19C_S3_artificial_turf_B1_U060_R1,2751.514199013,2.396357770,idle,0.600000,-8.332586288,-42.383583069,-0.510562003,0.030931791,-0.032064635,-0.510550559,ros2_odometer_state
M19C_S3_artificial_turf_B1_U060_R1,2751.515242927,2.397401684,idle,0.600000,-8.332586288,-42.383583069,-0.510562003,0.030930212,-0.032068487,-0.510558724,ros2_odometer_state
M19C_S3_artificial_turf_B1_U060_R1,2751.516262743,2.398421500,idle,0.600000,-8.332586288,-42.383583069,-0.510564506,0.030933606,-0.032071400,-0.510564506,ros2_odometer_state
M19C_S3_artificial_turf_B1_U060_R1,2751.517343618,2.399502375,idle,0.600000,-8.332586288,-42.383583069,-0.510564506,0.030932292,-0.032075573,-0.510563254,ros2_odometer_state
M19C_S3_artificial_turf_B1_U060_R1,2751.519381907,2.401540664,idle,0.600000,-8.332586288,-42.383583069,-0.510564506,0.030930733,-0.032082357,-0.510557353,ros2_odometer_state
M19C_S3_artificial_turf_B1_U060_R1,2751.521654574,2.403813331,idle,0.600000,-8.332586288,-42.383583069,-0.510564506,0.030925153,-0.032084126,-0.510562658,ros2_odometer_state
M19C_S3_artificial_turf_B1_U060_R1,2751.523992299,2.406151056,idle,0.600000,-8.332586288,-42.383583069,-0.510564506,0.030919652,-0.032086287,-0.510564864,ros2_odometer_state
M19C_S3_artificial_turf_B1_U060_R1,2751.537308988,2.419467745,idle,0.600000,-8.332586288,-42.383583069,-0.510564506,0.030920144,-0.032092381,-0.510556340,ros2_odometer_state
M19C_S3_artificial_turf_B1_U060_R1,2751.562604394,2.444763151,idle,0.600000,-8.332586288,-42.383583069,-0.510564506,0.030920584,-0.032092765,-0.510557592,ros2_odometer_state
M19C_S3_artificial_turf_B1_U060_R1,2751.564166888,2.446325645,idle,0.600000,-8.332586288,-42.383583069,-0.510564506,0.030917836,-0.032093715,-0.510573149,ros2_odometer_state
M19C_S3_artificial_turf_B1_U060_R1,2751.565186192,2.447344949,idle,0.600000,-8.332586288,-42.383583069,-0.510564506,0.030915251,-0.032094851,-0.510574877,ros2_odometer_state
M19C_S3_artificial_turf_B1_U060_R1,2751.566463939,2.448622696,idle,0.600000,-8.332586288,-42.383583069,-0.510564506,0.030910827,-0.032091986,-0.510576069,ros2_odometer_state
M19C_S3_artificial_turf_B1_U060_R1,2751.567757111,2.449915868,idle,0.600000,-8.332586288,-42.383583069,-0.510576069,0.030908376,-0.032086331,-0.510579169,ros2_odometer_state
M19C_S3_artificial_turf_B1_U060_R1,2751.568953638,2.451112395,idle,0.600000,-8.332586288,-42.383583069,-0.510576069,0.030906940,-0.032083467,-0.510573983,ros2_odometer_state
M19C_S3_artificial_turf_B1_U060_R1,2751.570102932,2.452261689,idle,0.600000,-8.332586288,-42.383583069,-0.510576069,0.030901572,-0.032081641,-0.510571063,ros2_odometer_state
M19C_S3_artificial_turf_B1_U060_R1,2751.571106812,2.453265569,idle,0.600000,-8.332586288,-42.383583069,-0.510576069,0.030903377,-0.032080308,-0.510575652,ros2_odometer_state
M19C_S3_artificial_turf_B1_U060_R1,2751.572660954,2.454819711,idle,0.600000,-8.332586288,-42.383583069,-0.510576069,0.030902801,-0.032091662,-0.510576308,ros2_odometer_state
M19C_S3_artificial_turf_B1_U060_R1,2751.573643617,2.455802374,idle,0.600000,-8.332586288,-42.383583069,-0.510576069,0.030904211,-0.032100398,-0.510572135,ros2_odometer_state
M19C_S3_artificial_turf_B1_U060_R1,2751.574811087,2.456969844,idle,0.600000,-8.332586288,-42.383583069,-0.510576069,0.030903455,-0.032096568,-0.510571182,ros2_odometer_state
M19C_S3_artificial_turf_B1_U060_R1,2751.575878714,2.458037471,idle,0.600000,-8.332586288,-42.383583069,-0.510576069,0.030905046,-0.032093778,-0.510566175,ros2_odometer_state
M19C_S3_artificial_turf_B1_U060_R1,2751.576819295,2.458978052,idle,0.600000,-8.332586288,-42.383583069,-0.510576069,0.030909436,-0.032098930,-0.510562360,ros2_odometer_state
M19C_S3_artificial_turf_B1_U060_R1,2751.577666145,2.459824902,idle,0.600000,-8.332586288,-42.383583069,-0.510576069,0.030907527,-0.032101542,-0.510560572,ros2_odometer_state
M19C_S3_artificial_turf_B1_U060_R1,2751.578516546,2.460675303,idle,0.600000,-8.332586288,-42.383583069,-0.510560572,0.030905109,-0.032097023,-0.510562658,ros2_odometer_state
M19C_S3_artificial_turf_B1_U060_R1,2751.579363524,2.461522281,idle,0.600000,-8.332586288,-42.383583069,-0.510560572,0.030906539,-0.032088369,-0.510569811,ros2_odometer_state
M19C_S3_artificial_turf_B1_U060_R1,2751.580308906,2.462467663,idle,0.600000,-8.332586288,-42.383583069,-0.510560572,0.030906564,-0.032077264,-0.510564029,ros2_odometer_state
M19C_S3_artificial_turf_B1_U060_R1,2751.581156363,2.463315120,idle,0.600000,-8.332586288,-42.383583069,-0.510560572,0.030903459,-0.032075774,-0.510557294,ros2_odometer_state
M19C_S3_artificial_turf_B1_U060_R1,2751.582080016,2.464238773,idle,0.600000,-8.332586288,-42.383583069,-0.510560572,0.030902470,-0.032076150,-0.510558426,ros2_odometer_state
M19C_S3_artificial_turf_B1_U060_R1,2751.583545066,2.465703823,idle,0.600000,-8.332586288,-42.383583069,-0.510560572,0.030893555,-0.032068212,-0.510557592,ros2_odometer_state
M19C_S3_artificial_turf_B1_U060_R1,2751.584966019,2.467124776,idle,0.600000,-8.332586288,-42.383583069,-0.510560572,0.030893892,-0.032063309,-0.510557055,ros2_odometer_state
M19C_S3_artificial_turf_B1_U060_R1,2751.586767499,2.468926256,idle,0.600000,-8.332586288,-42.383583069,-0.510560572,0.030896917,-0.032060497,-0.510553241,ros2_odometer_state
M19C_S3_artificial_turf_B1_U060_R1,2751.587770066,2.469928823,idle,0.600000,-8.332586288,-42.383583069,-0.510560572,0.030896299,-0.032060511,-0.510549724,ros2_odometer_state
M19C_S3_artificial_turf_B1_U060_R1,2751.588678774,2.470837531,idle,0.600000,-8.332586288,-42.383583069,-0.510560572,0.030893950,-0.032057192,-0.510549009,ros2_odometer_state
M19C_S3_artificial_turf_B1_U060_R1,2751.589702271,2.471861028,idle,0.600000,-8.332586288,-42.383583069,-0.510549009,0.030888163,-0.032053839,-0.510553658,ros2_odometer_state
M19C_S3_artificial_turf_B1_U060_R1,2751.590581378,2.472740135,idle,0.600000,-8.332586288,-42.383583069,-0.510549009,0.030878626,-0.032048844,-0.510560453,ros2_odometer_state
M19C_S3_artificial_turf_B1_U060_R1,2751.591417891,2.473576648,idle,0.600000,-8.332586288,-42.383583069,-0.510549009,0.030867457,-0.032043997,-0.510558188,ros2_odometer_state
M19C_S3_artificial_turf_B1_U060_R1,2751.592327848,2.474486605,idle,0.600000,-8.332586288,-42.383583069,-0.510549009,0.030856825,-0.032047529,-0.510550916,ros2_odometer_state
M19C_S3_artificial_turf_B1_U060_R1,2751.593159081,2.475317838,idle,0.600000,-8.332586288,-42.383583069,-0.510549009,0.030854151,-0.032048240,-0.510549784,ros2_odometer_state
M19C_S3_artificial_turf_B1_U060_R1,2751.594013867,2.476172624,idle,0.600000,-8.332586288,-42.383583069,-0.510549009,0.030853095,-0.032048300,-0.510545671,ros2_odometer_state
M19C_S3_artificial_turf_B1_U060_R1,2751.594871181,2.477029938,idle,0.600000,-8.332586288,-42.383583069,-0.510549009,0.030856797,-0.032054115,-0.510545313,ros2_odometer_state
M19C_S3_artificial_turf_B1_U060_R1,2751.595717358,2.477876115,idle,0.600000,-8.332586288,-42.383583069,-0.510549009,0.030853508,-0.032061137,-0.510549366,ros2_odometer_state
M19C_S3_artificial_turf_B1_U060_R1,2751.596602578,2.478761335,idle,0.600000,-8.332586288,-42.383583069,-0.510549009,0.030849561,-0.032065507,-0.510542870,ros2_odometer_state
M19C_S3_artificial_turf_B1_U060_R1,2751.597420914,2.479579671,idle,0.600000,-8.332586288,-42.383583069,-0.510549009,0.030839240,-0.032068744,-0.510536671,ros2_odometer_state
M19C_S3_artificial_turf_B1_U060_R1,2751.598237683,2.480396440,idle,0.600000,-8.332586288,-42.383583069,-0.510536671,0.030836126,-0.032066479,-0.510544181,ros2_odometer_state
M19C_S3_artificial_turf_B1_U060_R1,2751.599045043,2.481203800,idle,0.600000,-8.332586288,-42.383583069,-0.510536671,0.030836506,-0.032066017,-0.510546446,ros2_odometer_state
M19C_S3_artificial_turf_B1_U060_R1,2751.599897653,2.482056410,idle,0.600000,-8.332586288,-42.383583069,-0.510536671,0.030833509,-0.032068755,-0.510542750,ros2_odometer_state
M19C_S3_artificial_turf_B1_U060_R1,2751.600751318,2.482910075,idle,0.600000,-8.332586288,-42.383583069,-0.510536671,0.030833140,-0.032070380,-0.510539055,ros2_odometer_state
M19C_S3_artificial_turf_B1_U060_R1,2751.601606680,2.483765437,idle,0.600000,-8.332586288,-42.383583069,-0.510536671,0.030827265,-0.032071877,-0.510537803,ros2_odometer_state
M19C_S3_artificial_turf_B1_U060_R1,2751.602567263,2.484726020,idle,0.600000,-8.332586288,-42.383583069,-0.510536671,0.030817665,-0.032075018,-0.510542512,ros2_odometer_state
M19C_S3_artificial_turf_B1_U060_R1,2751.603437601,2.485596358,idle,0.600000,-8.332586288,-42.383583069,-0.510536671,0.030813588,-0.032084517,-0.510549486,ros2_odometer_state
M19C_S3_artificial_turf_B1_U060_R1,2751.604621840,2.486780597,idle,0.600000,-8.332586288,-42.383583069,-0.510536671,0.030810758,-0.032085825,-0.510555804,ros2_odometer_state
M19C_S3_artificial_turf_B1_U060_R1,2751.606536700,2.488695457,idle,0.600000,-8.332586288,-42.383583069,-0.510536671,0.030813240,-0.032083835,-0.510556579,ros2_odometer_state
M19C_S3_artificial_turf_B1_U060_R1,2751.608691986,2.490850743,idle,0.600000,-8.332586288,-42.383583069,-0.510536671,0.030820506,-0.032083213,-0.510557473,ros2_odometer_state
M19C_S3_artificial_turf_B1_U060_R1,2751.609969541,2.492128298,idle,0.600000,-8.332586288,-42.383583069,-0.510557473,0.030820506,-0.032083213,-0.510557473,ros2_odometer_state
M19C_S3_artificial_turf_B1_U060_R1,2751.612724434,2.494883191,idle,0.600000,-8.332586288,-42.383583069,-0.510557473,0.030831473,-0.032083821,-0.510556996,ros2_odometer_state
M19C_S3_artificial_turf_B1_U060_R1,2751.615477056,2.497635813,idle,0.600000,-8.332586288,-42.383583069,-0.510557473,0.030828465,-0.032084811,-0.510552585,ros2_odometer_state
M19C_S3_artificial_turf_B1_U060_R1,2751.616064599,2.498223356,idle,0.600000,-8.332586288,-42.383583069,-0.510557473,0.030828465,-0.032084811,-0.510552585,ros2_odometer_state
M19C_S3_artificial_turf_B1_U060_R1,2751.618033126,2.500191883,command,0.600000,-8.332586288,-42.383583069,-0.510557473,0.030828465,-0.032084811,-0.510552585,ros2_odometer_state
M19C_S3_artificial_turf_B1_U060_R1,2751.620792211,2.502950968,command,0.600000,-8.332586288,-42.383583069,-0.510557473,0.030819049,-0.032073844,-0.510551751,ros2_odometer_state
M19C_S3_artificial_turf_B1_U060_R1,2751.622680094,2.504838851,command,0.600000,-8.332586288,-42.383583069,-0.510557473,0.030817971,-0.032071114,-0.510557353,ros2_odometer_state
M19C_S3_artificial_turf_B1_U060_R1,2751.624712175,2.506870932,command,0.600000,-8.332586288,-42.383583069,-0.510557473,0.030817712,-0.032069270,-0.510555863,ros2_odometer_state
M19C_S3_artificial_turf_B1_U060_R1,2751.626652988,2.508811745,command,0.600000,-8.332586288,-42.383583069,-0.510557473,0.030818883,-0.032069925,-0.510550022,ros2_odometer_state
M19C_S3_artificial_turf_B1_U060_R1,2751.627941455,2.510100212,command,0.600000,-8.332586288,-42.383583069,-0.510557473,0.030818883,-0.032069925,-0.510550022,ros2_odometer_state
M19C_S3_artificial_turf_B1_U060_R1,2751.629990529,2.512149286,command,0.600000,-8.332586288,-42.383583069,-0.510550916,0.030817579,-0.032074042,-0.510550916,ros2_odometer_state
M19C_S3_artificial_turf_B1_U060_R1,2751.631958607,2.514117364,command,0.600000,-8.332586288,-42.383583069,-0.510550916,0.030810390,-0.032073785,-0.510558724,ros2_odometer_state
M19C_S3_artificial_turf_B1_U060_R1,2751.635339926,2.517498683,command,0.600000,-8.332586288,-42.383583069,-0.510550916,0.030812746,-0.032077327,-0.510564566,ros2_odometer_state
M19C_S3_artificial_turf_B1_U060_R1,2751.636811440,2.518970197,command,0.600000,-8.332586288,-42.383583069,-0.510550916,0.030805215,-0.032087561,-0.510554969,ros2_odometer_state
M19C_S3_artificial_turf_B1_U060_R1,2751.638720604,2.520879361,command,0.600000,-8.332586288,-42.383583069,-0.510550916,0.030805215,-0.032087561,-0.510554969,ros2_odometer_state
M19C_S3_artificial_turf_B1_U060_R1,2751.640921716,2.523080473,command,0.600000,-8.332586288,-42.383583069,-0.510550916,0.030801183,-0.032091893,-0.510555148,ros2_odometer_state
M19C_S3_artificial_turf_B1_U060_R1,2751.642902818,2.525061575,command,0.600000,-8.332586288,-42.383583069,-0.510550916,0.030808335,-0.032091193,-0.510553062,ros2_odometer_state
M19C_S3_artificial_turf_B1_U060_R1,2751.643981261,2.526140018,command,0.600000,-8.332586288,-42.383583069,-0.510550916,0.030808335,-0.032091193,-0.510553062,ros2_odometer_state
M19C_S3_artificial_turf_B1_U060_R1,2751.647053351,2.529212108,command,0.600000,-8.332586288,-42.383583069,-0.510550916,0.030807080,-0.032103676,-0.510556340,ros2_odometer_state
M19C_S3_artificial_turf_B1_U060_R1,2751.648135090,2.530293847,command,0.600000,-8.332586288,-42.383583069,-0.510550916,0.030807080,-0.032103676,-0.510556340,ros2_odometer_state
M19C_S3_artificial_turf_B1_U060_R1,2751.652217973,2.534376730,command,0.600000,-8.332586288,-42.383583069,-0.510553777,0.030804137,-0.032107994,-0.510553777,ros2_odometer_state
M19C_S3_artificial_turf_B1_U060_R1,2751.653188251,2.535347008,command,0.600000,-8.332586288,-42.383583069,-0.510553777,0.030806419,-0.032110948,-0.510557950,ros2_odometer_state
M19C_S3_artificial_turf_B1_U060_R1,2751.654672150,2.536830907,command,0.600000,-8.332586288,-42.383583069,-0.510553777,0.030806419,-0.032110948,-0.510557950,ros2_odometer_state
M19C_S3_artificial_turf_B1_U060_R1,2751.656118416,2.538277173,command,0.600000,-8.332586288,-42.383583069,-0.510553777,0.030806372,-0.032113664,-0.510559559,ros2_odometer_state
M19C_S3_artificial_turf_B1_U060_R1,2751.658833436,2.540992193,command,0.600000,-8.332586288,-42.383583069,-0.510553777,0.030799959,-0.032115359,-0.510556638,ros2_odometer_state
M19C_S3_artificial_turf_B1_U060_R1,2751.660837995,2.542996752,command,0.600000,-8.332586288,-42.383583069,-0.510553777,0.030801052,-0.032115526,-0.510556340,ros2_odometer_state
M19C_S3_artificial_turf_B1_U060_R1,2751.662781337,2.544940094,command,0.600000,-8.332586288,-42.383583069,-0.510553777,0.030794952,-0.032114781,-0.510554552,ros2_odometer_state
M19C_S3_artificial_turf_B1_U060_R1,2751.664085485,2.546244242,command,0.600000,-8.332586288,-42.383583069,-0.510553777,0.030794952,-0.032114781,-0.510554552,ros2_odometer_state
M19C_S3_artificial_turf_B1_U060_R1,2751.666049499,2.548208256,command,0.600000,-8.332586288,-42.383583069,-0.510553777,0.030793292,-0.032104671,-0.510556698,ros2_odometer_state
M19C_S3_artificial_turf_B1_U060_R1,2751.668861258,2.551020015,command,0.600000,-8.332586288,-42.383583069,-0.510553777,0.030787140,-0.032107979,-0.510556936,ros2_odometer_state
M19C_S3_artificial_turf_B1_U060_R1,2751.670114524,2.552273281,command,0.600000,-8.332586288,-42.383583069,-0.510556936,0.030787140,-0.032107979,-0.510556936,ros2_odometer_state
M19C_S3_artificial_turf_B1_U060_R1,2751.672877898,2.555036655,command,0.600000,-8.332586288,-42.383583069,-0.510556936,0.030783925,-0.032106631,-0.510554016,ros2_odometer_state
M19C_S3_artificial_turf_B1_U060_R1,2751.675402094,2.557560851,command,0.600000,-8.332586288,-42.383583069,-0.510556936,0.030783137,-0.032102041,-0.510551989,ros2_odometer_state
M19C_S3_artificial_turf_B1_U060_R1,2751.676202574,2.558361331,command,0.600000,-8.332586288,-42.383583069,-0.510556936,0.030783137,-0.032102041,-0.510551989,ros2_odometer_state
M19C_S3_artificial_turf_B1_U060_R1,2751.678340611,2.560499368,command,0.600000,-8.332586288,-42.383583069,-0.510556936,0.030785467,-0.032106046,-0.510549843,ros2_odometer_state
M19C_S3_artificial_turf_B1_U060_R1,2751.680329266,2.562488023,command,0.600000,-8.332586288,-42.383583069,-0.510556936,0.030786943,-0.032104116,-0.510552883,ros2_odometer_state
M19C_S3_artificial_turf_B1_U060_R1,2751.690202523,2.572361280,command,0.600000,-8.332586288,-42.383583069,-0.510556936,0.030794818,-0.032098744,-0.510552585,ros2_odometer_state
M19C_S3_artificial_turf_B1_U060_R1,2751.691589298,2.573748055,command,0.600000,-8.332586288,-42.383583069,-0.510556936,0.030792585,-0.032098215,-0.510556221,ros2_odometer_state
M19C_S3_artificial_turf_B1_U060_R1,2751.692901670,2.575060427,command,0.600000,-8.332586288,-42.383583069,-0.510556936,0.030793194,-0.032103386,-0.510550857,ros2_odometer_state
M19C_S3_artificial_turf_B1_U060_R1,2751.694275805,2.576434562,command,0.600000,-8.332586288,-42.383583069,-0.510556936,0.030800084,-0.032103121,-0.510545075,ros2_odometer_state
M19C_S3_artificial_turf_B1_U060_R1,2751.695527887,2.577686644,command,0.600000,-8.332586288,-42.383583069,-0.510545075,0.030791927,-0.032104991,-0.510547340,ros2_odometer_state
M19C_S3_artificial_turf_B1_U060_R1,2751.697718310,2.579877067,command,0.600000,-8.332586288,-42.383583069,-0.510545075,0.030786937,-0.032103084,-0.510549903,ros2_odometer_state
M19C_S3_artificial_turf_B1_U060_R1,2751.698707181,2.580865938,command,0.600000,-8.332586288,-42.383583069,-0.510545075,0.030786319,-0.032100189,-0.510545433,ros2_odometer_state
M19C_S3_artificial_turf_B1_U060_R1,2751.699574287,2.581733044,command,0.600000,-8.332586288,-42.383583069,-0.510545075,0.030781006,-0.032093436,-0.510543168,ros2_odometer_state
M19C_S3_artificial_turf_B1_U060_R1,2751.700469523,2.582628280,command,0.600000,-8.332586288,-42.383583069,-0.510545075,0.030774374,-0.032087453,-0.510541975,ros2_odometer_state
M19C_S3_artificial_turf_B1_U060_R1,2751.701298068,2.583456825,command,0.600000,-8.332586288,-42.383583069,-0.510545075,0.030764295,-0.032084607,-0.510541141,ros2_odometer_state
M19C_S3_artificial_turf_B1_U060_R1,2751.703063834,2.585222591,command,0.600000,-8.332586288,-42.383583069,-0.510545075,0.030758403,-0.032080811,-0.510540009,ros2_odometer_state
M19C_S3_artificial_turf_B1_U060_R1,2751.705024520,2.587183277,command,0.600000,-8.332586288,-42.383583069,-0.510545075,0.030757625,-0.032078337,-0.510538936,ros2_odometer_state
M19C_S3_artificial_turf_B1_U060_R1,2751.706288762,2.588447519,command,0.600000,-8.332586288,-42.383583069,-0.510545075,0.030757625,-0.032078337,-0.510538936,ros2_odometer_state
M19C_S3_artificial_turf_B1_U060_R1,2751.709276145,2.591434902,command,0.600000,-8.332586288,-42.383583069,-0.510545075,0.030740993,-0.032086745,-0.510538876,ros2_odometer_state
M19C_S3_artificial_turf_B1_U060_R1,2751.710185525,2.592344282,command,0.600000,-8.332586288,-42.383583069,-0.510538876,0.030740993,-0.032086745,-0.510538876,ros2_odometer_state
M19C_S3_artificial_turf_B1_U060_R1,2751.712145827,2.594304584,command,0.600000,-8.332586288,-42.383583069,-0.510538876,0.030740131,-0.032086741,-0.510535777,ros2_odometer_state
M19C_S3_artificial_turf_B1_U060_R1,2751.714906609,2.597065366,command,0.600000,-8.332586288,-42.383583069,-0.510538876,0.030743565,-0.032083817,-0.510541975,ros2_odometer_state
M19C_S3_artificial_turf_B1_U060_R1,2751.717060711,2.599219468,command,0.600000,-8.332586288,-42.383583069,-0.510538876,0.030753870,-0.032091226,-0.510554969,ros2_odometer_state
M19C_S3_artificial_turf_B1_U060_R1,2751.719362018,2.601520775,command,0.600000,-8.332586288,-42.383583069,-0.510538876,0.030758794,-0.032093782,-0.510560513,ros2_odometer_state
M19C_S3_artificial_turf_B1_U060_R1,2751.720970882,2.603129639,command,0.600000,-8.332586288,-42.383583069,-0.510538876,0.030759940,-0.032098144,-0.510562956,ros2_odometer_state
M19C_S3_artificial_turf_B1_U060_R1,2751.722135088,2.604293845,command,0.600000,-8.332586288,-42.383583069,-0.510538876,0.030759940,-0.032098144,-0.510562956,ros2_odometer_state
M19C_S3_artificial_turf_B1_U060_R1,2751.724874237,2.607032994,command,0.600000,-8.332586288,-42.383583069,-0.510538876,0.030773755,-0.032096200,-0.510558844,ros2_odometer_state
M19C_S3_artificial_turf_B1_U060_R1,2751.726864236,2.609022993,command,0.600000,-8.332586288,-42.383583069,-0.510538876,0.030771367,-0.032099530,-0.510559022,ros2_odometer_state
M19C_S3_artificial_turf_B1_U060_R1,2751.728914494,2.611073251,command,0.600000,-8.332586288,-42.383583069,-0.510538876,0.030769790,-0.032099988,-0.510559618,ros2_odometer_state
M19C_S3_artificial_turf_B1_U060_R1,2751.730926606,2.613085363,command,0.600000,-8.332586288,-42.383583069,-0.510559618,0.030772073,-0.032095272,-0.510561764,ros2_odometer_state
M19C_S3_artificial_turf_B1_U060_R1,2751.732891548,2.615050305,command,0.600000,-8.332586288,-42.383583069,-0.510559618,0.030771369,-0.032093551,-0.510566175,ros2_odometer_state
M19C_S3_artificial_turf_B1_U060_R1,2751.735731949,2.617890706,command,0.600000,-8.332586288,-42.383583069,-0.510559618,0.030777566,-0.032094780,-0.510567307,ros2_odometer_state
M19C_S3_artificial_turf_B1_U060_R1,2751.736914716,2.619073473,command,0.600000,-8.332586288,-42.383583069,-0.510559618,0.030785022,-0.032099277,-0.510567427,ros2_odometer_state
M19C_S3_artificial_turf_B1_U060_R1,2751.738927116,2.621085873,command,0.600000,-8.332586288,-42.383583069,-0.510559618,0.030780615,-0.032108180,-0.510574162,ros2_odometer_state
M19C_S3_artificial_turf_B1_U060_R1,2751.741061761,2.623220518,command,0.600000,-8.332586288,-42.383583069,-0.510559618,0.030774230,-0.032110441,-0.510573626,ros2_odometer_state
M19C_S3_artificial_turf_B1_U060_R1,2751.742970925,2.625129682,command,0.600000,-8.332586288,-42.383583069,-0.510559618,0.030769620,-0.032105494,-0.510568976,ros2_odometer_state
M19C_S3_artificial_turf_B1_U060_R1,2751.744967132,2.627125889,command,0.600000,-8.332586288,-42.383583069,-0.510559618,0.030763794,-0.032112498,-0.510570705,ros2_odometer_state
M19C_S3_artificial_turf_B1_U060_R1,2751.746929098,2.629087855,command,0.600000,-8.332586288,-42.383583069,-0.510559618,0.030759161,-0.032124672,-0.510569930,ros2_odometer_state
M19C_S3_artificial_turf_B1_U060_R1,2751.749131714,2.631290471,command,0.600000,-8.332586288,-42.383583069,-0.510559618,0.030755419,-0.032131549,-0.510564506,ros2_odometer_state
M19C_S3_artificial_turf_B1_U060_R1,2751.751567523,2.633726280,command,0.600000,-8.332586288,-42.383583069,-0.510564506,0.030748401,-0.032129668,-0.510560095,ros2_odometer_state
M19C_S3_artificial_turf_B1_U060_R1,2751.758767201,2.640925958,command,0.600000,-8.332586288,-42.383583069,-0.510564506,0.030745501,-0.032125287,-0.510558069,ros2_odometer_state
M19C_S3_artificial_turf_B1_U060_R1,2751.759703558,2.641862315,command,0.600000,-8.332586288,-42.383583069,-0.510564506,0.030743746,-0.032117665,-0.510558188,ros2_odometer_state
M19C_S3_artificial_turf_B1_U060_R1,2751.760721903,2.642880660,command,0.600000,-8.332586288,-42.383583069,-0.510564506,0.030747807,-0.032118082,-0.510559261,ros2_odometer_state
M19C_S3_artificial_turf_B1_U060_R1,2751.761588721,2.643747478,command,0.600000,-8.332586288,-42.383583069,-0.510564506,0.030756250,-0.032126099,-0.510561466,ros2_odometer_state
M19C_S3_artificial_turf_B1_U060_R1,2751.762760416,2.644919173,command,0.600000,-8.332586288,-42.383583069,-0.510564506,0.030767541,-0.032125752,-0.510563254,ros2_odometer_state
M19C_S3_artificial_turf_B1_U060_R1,2751.763602977,2.645761734,command,0.600000,-8.332586288,-42.383583069,-0.510564506,0.030768136,-0.032121494,-0.510564148,ros2_odometer_state
M19C_S3_artificial_turf_B1_U060_R1,2751.765186592,2.647345349,command,0.600000,-8.332586288,-42.383583069,-0.510564506,0.030766537,-0.032125648,-0.510564268,ros2_odometer_state
M19C_S3_artificial_turf_B1_U060_R1,2751.767208464,2.649367221,command,0.600000,-8.332586288,-42.383583069,-0.510564506,0.030761411,-0.032128263,-0.510554194,ros2_odometer_state
M19C_S3_artificial_turf_B1_U060_R1,2751.769037305,2.651196062,command,0.600000,-8.332586288,-42.383583069,-0.510564506,0.030764014,-0.032131542,-0.510554850,ros2_odometer_state
M19C_S3_artificial_turf_B1_U060_R1,2751.771048457,2.653207214,command,0.600000,-8.332586288,-42.383583069,-0.510554850,0.030765710,-0.032131355,-0.510564506,ros2_odometer_state
M19C_S3_artificial_turf_B1_U060_R1,2751.773004311,2.655163068,command,0.600000,-8.332586288,-42.383583069,-0.510554850,0.030765342,-0.032130141,-0.510571122,ros2_odometer_state
M19C_S3_artificial_turf_B1_U060_R1,2751.774904002,2.657062759,command,0.600000,-8.332586288,-42.383583069,-0.510554850,0.030765342,-0.032130141,-0.510571122,ros2_odometer_state
M19C_S3_artificial_turf_B1_U060_R1,2751.777218558,2.659377315,command,0.600000,-8.332586288,-42.383583069,-0.510554850,0.030767001,-0.032133128,-0.510571361,ros2_odometer_state
M19C_S3_artificial_turf_B1_U060_R1,2751.779367764,2.661526521,command,0.600000,-8.332586288,-42.383583069,-0.510554850,0.030767541,-0.032122042,-0.510574877,ros2_odometer_state
M19C_S3_artificial_turf_B1_U060_R1,2751.781157211,2.663315968,command,0.600000,-8.332586288,-42.383583069,-0.510554850,0.030770753,-0.032123301,-0.510574520,ros2_odometer_state
M19C_S3_artificial_turf_B1_U060_R1,2751.783310801,2.665469558,command,0.600000,-8.332586288,-42.383583069,-0.510554850,0.030770572,-0.032128431,-0.510574162,ros2_odometer_state
M19C_S3_artificial_turf_B1_U060_R1,2751.785391843,2.667550600,command,0.600000,-8.332586288,-42.383583069,-0.510554850,0.030767709,-0.032133553,-0.510576487,ros2_odometer_state
M19C_S3_artificial_turf_B1_U060_R1,2751.786908864,2.669067621,command,0.600000,-8.332586288,-42.383583069,-0.510554850,0.030767709,-0.032133553,-0.510576487,ros2_odometer_state
M19C_S3_artificial_turf_B1_U060_R1,2751.789452037,2.671610794,command,0.600000,-8.332586288,-42.383583069,-0.510554850,0.030775877,-0.032135941,-0.510573030,ros2_odometer_state
M19C_S3_artificial_turf_B1_U060_R1,2751.793372833,2.675531590,command,0.600000,-8.332586288,-42.383583069,-0.510573030,0.030772939,-0.032135062,-0.510571361,ros2_odometer_state
M19C_S3_artificial_turf_B1_U060_R1,2751.795335471,2.677494228,command,0.600000,-8.332586288,-42.383583069,-0.510573030,0.030766396,-0.032135870,-0.510572314,ros2_odometer_state
M19C_S3_artificial_turf_B1_U060_R1,2751.799309677,2.681468434,command,0.600000,-8.332586288,-42.383583069,-0.510573030,0.030761443,-0.032133259,-0.510573626,ros2_odometer_state
M19C_S3_artificial_turf_B1_U060_R1,2751.800419929,2.682578686,command,0.600000,-8.332586288,-42.383583069,-0.510573030,0.030757083,-0.032130077,-0.510568857,ros2_odometer_state
M19C_S3_artificial_turf_B1_U060_R1,2751.801321949,2.683480706,command,0.600000,-8.332586288,-42.383583069,-0.510573030,0.030760359,-0.032132875,-0.510560811,ros2_odometer_state
M19C_S3_artificial_turf_B1_U060_R1,2751.802523500,2.684682257,command,0.600000,-8.332586288,-42.383583069,-0.510573030,0.030761486,-0.032138858,-0.510555267,ros2_odometer_state
M19C_S3_artificial_turf_B1_U060_R1,2751.805364445,2.687523202,command,0.600000,-8.332586288,-42.383583069,-0.510573030,0.030756678,-0.032132804,-0.510551095,ros2_odometer_state
M19C_S3_artificial_turf_B1_U060_R1,2751.807099618,2.689258375,command,0.600000,-8.332586288,-42.383583069,-0.510573030,0.030753244,-0.032128438,-0.510549486,ros2_odometer_state
M19C_S3_artificial_turf_B1_U060_R1,2751.808303570,2.690462327,command,0.600000,-8.332586288,-42.383583069,-0.510573030,0.030749546,-0.032124333,-0.510548174,ros2_odometer_state
M19C_S3_artificial_turf_B1_U060_R1,2751.814941562,2.697100319,command,0.600000,-8.332586288,-42.383583069,-0.510573030,0.030747207,-0.032131236,-0.510545135,ros2_odometer_state
M19C_S3_artificial_turf_B1_U060_R1,2751.816541210,2.698699967,command,0.600000,-8.332586288,-42.383583069,-0.510545135,0.030750364,-0.032132275,-0.510550976,ros2_odometer_state
M19C_S3_artificial_turf_B1_U060_R1,2751.817565187,2.699723944,command,0.600000,-8.332586288,-42.383583069,-0.510545135,0.030753525,-0.032124270,-0.510559380,ros2_odometer_state
M19C_S3_artificial_turf_B1_U060_R1,2751.817906896,2.700065653,command,0.600000,-8.332586288,-42.383583069,-0.510545135,0.030753525,-0.032124270,-0.510559380,ros2_odometer_state
M19C_S3_artificial_turf_B1_U060_R1,2751.818845013,2.701003770,command,0.600000,-8.332586288,-42.383583069,-0.510545135,0.030761318,-0.032124199,-0.510560274,ros2_odometer_state
M19C_S3_artificial_turf_B1_U060_R1,2751.819802491,2.701961248,command,0.600000,-8.332586288,-42.383583069,-0.510545135,0.030767890,-0.032124553,-0.510556698,ros2_odometer_state
M19C_S3_artificial_turf_B1_U060_R1,2751.820804771,2.702963528,command,0.600000,-8.332586288,-42.383583069,-0.510545135,0.030770691,-0.032119028,-0.510556817,ros2_odometer_state
M19C_S3_artificial_turf_B1_U060_R1,2751.823181794,2.705340551,command,0.600000,-8.332586288,-42.383583069,-0.510545135,0.030769404,-0.032124456,-0.510556698,ros2_odometer_state
M19C_S3_artificial_turf_B1_U060_R1,2751.824557657,2.706716414,command,0.600000,-8.332586288,-42.383583069,-0.510545135,0.030769404,-0.032124456,-0.510556698,ros2_odometer_state
M19C_S3_artificial_turf_B1_U060_R1,2751.826382305,2.708541062,command,0.600000,-8.332586288,-42.383583069,-0.510545135,0.030766942,-0.032123093,-0.510561228,ros2_odometer_state
M19C_S3_artificial_turf_B1_U060_R1,2751.829374040,2.711532797,command,0.600000,-8.332586288,-42.383583069,-0.510545135,0.030759364,-0.032121524,-0.510572553,ros2_odometer_state
M19C_S3_artificial_turf_B1_U060_R1,2751.830533830,2.712692587,command,0.600000,-8.332586288,-42.383583069,-0.510572553,0.030759364,-0.032121524,-0.510572553,ros2_odometer_state
M19C_S3_artificial_turf_B1_U060_R1,2751.833129709,2.715288466,command,0.600000,-8.332586288,-42.383583069,-0.510572553,0.030752905,-0.032127198,-0.510570824,ros2_odometer_state
M19C_S3_artificial_turf_B1_U060_R1,2751.835913500,2.718072257,command,0.600000,-8.332586288,-42.383583069,-0.510572553,0.030744774,-0.032124549,-0.510572672,ros2_odometer_state
M19C_S3_artificial_turf_B1_U060_R1,2751.836580119,2.718738876,command,0.600000,-8.332586288,-42.383583069,-0.510572553,0.030744774,-0.032124549,-0.510572672,ros2_odometer_state
M19C_S3_artificial_turf_B1_U060_R1,2751.839173630,2.721332387,command,0.600000,-8.332586288,-42.383583069,-0.510572553,0.030735428,-0.032124303,-0.510579824,ros2_odometer_state
M19C_S3_artificial_turf_B1_U060_R1,2751.841171021,2.723329778,command,0.600000,-8.332586288,-42.383583069,-0.510572553,0.030739538,-0.032123640,-0.510574222,ros2_odometer_state
M19C_S3_artificial_turf_B1_U060_R1,2751.843008854,2.725167611,command,0.600000,-8.332586288,-42.383583069,-0.510572553,0.030740377,-0.032121599,-0.510575831,ros2_odometer_state
M19C_S3_artificial_turf_B1_U060_R1,2751.844994533,2.727153290,command,0.600000,-8.332586288,-42.383583069,-0.510572553,0.030741952,-0.032120768,-0.510573804,ros2_odometer_state
M19C_S3_artificial_turf_B1_U060_R1,2751.846977844,2.729136601,command,0.600000,-8.332586288,-42.383583069,-0.510572553,0.030743280,-0.032120209,-0.510564506,ros2_odometer_state
M19C_S3_artificial_turf_B1_U060_R1,2751.849076807,2.731235564,command,0.600000,-8.332586288,-42.383583069,-0.510572553,0.030747723,-0.032117527,-0.510565281,ros2_odometer_state
M19C_S3_artificial_turf_B1_U060_R1,2751.851194940,2.733353697,command,0.600000,-8.332586288,-42.383583069,-0.510565281,0.030742379,-0.032120079,-0.510564148,ros2_odometer_state
M19C_S3_artificial_turf_B1_U060_R1,2751.853064134,2.735222891,command,0.600000,-8.332586288,-42.383583069,-0.510565281,0.030730436,-0.032117672,-0.510559559,ros2_odometer_state
M19C_S3_artificial_turf_B1_U060_R1,2751.856104159,2.738262916,command,0.600000,-8.332586288,-42.383583069,-0.510565281,0.030730948,-0.032112598,-0.510556400,ros2_odometer_state
M19C_S3_artificial_turf_B1_U060_R1,2751.857249164,2.739407921,command,0.600000,-8.332586288,-42.383583069,-0.510565281,0.030738292,-0.032114044,-0.510552227,ros2_odometer_state
M19C_S3_artificial_turf_B1_U060_R1,2751.859576745,2.741735502,command,0.600000,-8.332586288,-42.383583069,-0.510565281,0.030744713,-0.032115337,-0.510552526,ros2_odometer_state
M19C_S3_artificial_turf_B1_U060_R1,2751.861243467,2.743402224,command,0.600000,-8.332586288,-42.383583069,-0.510565281,0.030747246,-0.032112755,-0.510554790,ros2_odometer_state
M19C_S3_artificial_turf_B1_U060_R1,2751.863194425,2.745353182,command,0.600000,-8.332586288,-42.383583069,-0.510565281,0.030744022,-0.032110143,-0.510556161,ros2_odometer_state
M19C_S3_artificial_turf_B1_U060_R1,2751.864489228,2.746647985,command,0.600000,-8.332586288,-42.383583069,-0.510565281,0.030744022,-0.032110143,-0.510556161,ros2_odometer_state
M19C_S3_artificial_turf_B1_U060_R1,2751.866483803,2.748642560,command,0.600000,-8.332586288,-42.383583069,-0.510565281,0.030737519,-0.032109857,-0.510559440,ros2_odometer_state
M19C_S3_artificial_turf_B1_U060_R1,2751.868573102,2.750731859,command,0.600000,-8.332586288,-42.383583069,-0.510565281,0.030734157,-0.032114431,-0.510554731,ros2_odometer_state
M19C_S3_artificial_turf_B1_U060_R1,2751.871690506,2.753849263,command,0.600000,-8.332586288,-42.383583069,-0.510557294,0.030732397,-0.032116279,-0.510562420,ros2_odometer_state
M19C_S3_artificial_turf_B1_U060_R1,2751.873542612,2.755701369,command,0.600000,-8.332586288,-42.383583069,-0.510557294,0.030731067,-0.032113921,-0.510567665,ros2_odometer_state
M19C_S3_artificial_turf_B1_U060_R1,2751.876573869,2.758732626,command,0.600000,-8.332586288,-42.383583069,-0.510557294,0.030727347,-0.032115672,-0.510567069,ros2_odometer_state
M19C_S3_artificial_turf_B1_U060_R1,2751.877401005,2.759559762,command,0.600000,-8.332586288,-42.383583069,-0.510557294,0.030727347,-0.032115672,-0.510567069,ros2_odometer_state
M19C_S3_artificial_turf_B1_U060_R1,2751.880339874,2.762498631,command,0.600000,-8.332586288,-42.383583069,-0.510557294,0.030718908,-0.032110907,-0.510576427,ros2_odometer_state
M19C_S3_artificial_turf_B1_U060_R1,2751.880843222,2.763001979,command,0.600000,-8.332586288,-42.383583069,-0.510557294,0.030718908,-0.032110907,-0.510576427,ros2_odometer_state
M19C_S3_artificial_turf_B1_U060_R1,2751.885177795,2.767336552,command,0.600000,-8.332586288,-42.383583069,-0.510557294,0.030715654,-0.032105252,-0.510586858,ros2_odometer_state
M19C_S3_artificial_turf_B1_U060_R1,2751.886654013,2.768812770,command,0.600000,-8.332586288,-42.383583069,-0.510557294,0.030711716,-0.032098189,-0.510593176,ros2_odometer_state
M19C_S3_artificial_turf_B1_U060_R1,2751.887833836,2.769992593,command,0.600000,-8.332586288,-42.383583069,-0.510557294,0.030707214,-0.032089293,-0.510598183,ros2_odometer_state
M19C_S3_artificial_turf_B1_U060_R1,2751.899955662,2.782114419,command,0.600000,-8.332586288,-42.383583069,-0.510557294,0.030708063,-0.032087844,-0.510595560,ros2_odometer_state
M19C_S3_artificial_turf_B1_U060_R1,2751.903772486,2.785931243,command,0.600000,-8.332586288,-42.383583069,-0.510595560,0.030708112,-0.032089051,-0.510596156,ros2_odometer_state
M19C_S3_artificial_turf_B1_U060_R1,2751.905436104,2.787594861,command,0.600000,-8.332586288,-42.383583069,-0.510595560,0.030704852,-0.032095123,-0.510601997,ros2_odometer_state
M19C_S3_artificial_turf_B1_U060_R1,2751.909274017,2.791432774,command,0.600000,-8.332586288,-42.383583069,-0.510595560,0.030702187,-0.032102186,-0.510602891,ros2_odometer_state
M19C_S3_artificial_turf_B1_U060_R1,2751.910427247,2.792586004,command,0.600000,-8.332586288,-42.383583069,-0.510595560,0.030700969,-0.032112606,-0.510600150,ros2_odometer_state
M19C_S3_artificial_turf_B1_U060_R1,2751.911741923,2.793900680,command,0.600000,-8.332586288,-42.383583069,-0.510595560,0.030708464,-0.032117110,-0.510594010,ros2_odometer_state
M19C_S3_artificial_turf_B1_U060_R1,2751.913304353,2.795463110,command,0.600000,-8.332586288,-42.383583069,-0.510595560,0.030708326,-0.032115072,-0.510588229,ros2_odometer_state
M19C_S3_artificial_turf_B1_U060_R1,2751.914304265,2.796463022,command,0.600000,-8.332586288,-42.383583069,-0.510595560,0.030718217,-0.032110512,-0.510589123,ros2_odometer_state
M19C_S3_artificial_turf_B1_U060_R1,2751.915566747,2.797725504,command,0.600000,-8.332586288,-42.383583069,-0.510595560,0.030722661,-0.032103959,-0.510583639,ros2_odometer_state
M19C_S3_artificial_turf_B1_U060_R1,2751.916868047,2.799026804,command,0.600000,-8.332586288,-42.383583069,-0.510595560,0.030722627,-0.032101281,-0.510580838,ros2_odometer_state
M19C_S3_artificial_turf_B1_U060_R1,2751.917941497,2.800100254,command,0.600000,-8.332586288,-42.383583069,-0.510595560,0.030724190,-0.032099158,-0.510574520,ros2_odometer_state
M19C_S3_artificial_turf_B1_U060_R1,2751.919325360,2.801484117,command,0.600000,-8.332586288,-42.383583069,-0.510574520,0.030722413,-0.032095827,-0.510567129,ros2_odometer_state
M19C_S3_artificial_turf_B1_U060_R1,2751.920544033,2.802702790,command,0.600000,-8.332586288,-42.383583069,-0.510574520,0.030727787,-0.032092467,-0.510561824,ros2_odometer_state
M19C_S3_artificial_turf_B1_U060_R1,2751.921719663,2.803878420,command,0.600000,-8.332586288,-42.383583069,-0.510574520,0.030727988,-0.032089531,-0.510565937,ros2_odometer_state
M19C_S3_artificial_turf_B1_U060_R1,2751.923012899,2.805171656,command,0.600000,-8.332586288,-42.383583069,-0.510574520,0.030727534,-0.032090701,-0.510567307,ros2_odometer_state
M19C_S3_artificial_turf_B1_U060_R1,2751.924087502,2.806246259,command,0.600000,-8.332586288,-42.383583069,-0.510574520,0.030733876,-0.032088585,-0.510565639,ros2_odometer_state
M19C_S3_artificial_turf_B1_U060_R1,2751.926058556,2.808217313,command,0.600000,-8.332586288,-42.383583069,-0.510574520,0.030742193,-0.032078724,-0.510563433,ros2_odometer_state
M19C_S3_artificial_turf_B1_U060_R1,2751.928166480,2.810325237,command,0.600000,-8.332586288,-42.383583069,-0.510574520,0.030742345,-0.032064091,-0.510566294,ros2_odometer_state
M19C_S3_artificial_turf_B1_U060_R1,2751.929897301,2.812056058,command,0.600000,-8.332586288,-42.383583069,-0.510574520,0.030750280,-0.032058302,-0.510569811,ros2_odometer_state
M19C_S3_artificial_turf_B1_U060_R1,2751.933498980,2.815657737,command,0.600000,-8.332586288,-42.383583069,-0.510574520,0.030751767,-0.032057796,-0.510573387,ros2_odometer_state
M19C_S3_artificial_turf_B1_U060_R1,2751.937162965,2.819321722,command,0.600000,-8.332586288,-42.383583069,-0.510574520,0.030751605,-0.032058720,-0.510572672,ros2_odometer_state
M19C_S3_artificial_turf_B1_U060_R1,2751.939431312,2.821590069,command,0.600000,-8.332586288,-42.383583069,-0.510572672,0.030753618,-0.032054808,-0.510574818,ros2_odometer_state
M19C_S3_artificial_turf_B1_U060_R1,2751.942695505,2.824854262,command,0.600000,-8.332586288,-42.383583069,-0.510572672,0.030743780,-0.032055102,-0.510576129,ros2_odometer_state
M19C_S3_artificial_turf_B1_U060_R1,2751.943909794,2.826068551,command,0.600000,-8.332586288,-42.383583069,-0.510572672,0.030738199,-0.032054450,-0.510575175,ros2_odometer_state
M19C_S3_artificial_turf_B1_U060_R1,2751.945217622,2.827376379,command,0.600000,-8.332586288,-42.383583069,-0.510572672,0.030743124,-0.032053225,-0.510577559,ros2_odometer_state
M19C_S3_artificial_turf_B1_U060_R1,2751.946071864,2.828230621,command,0.600000,-8.332586288,-42.383583069,-0.510572672,0.030748310,-0.032052137,-0.510577738,ros2_odometer_state
M19C_S3_artificial_turf_B1_U060_R1,2751.947268807,2.829427564,command,0.600000,-8.332586288,-42.383583069,-0.510572672,0.030740811,-0.032055233,-0.510576189,ros2_odometer_state
M19C_S3_artificial_turf_B1_U060_R1,2751.949506816,2.831665573,command,0.600000,-8.332586288,-42.383583069,-0.510572672,0.030729841,-0.032057349,-0.510580122,ros2_odometer_state
M19C_S3_artificial_turf_B1_U060_R1,2751.952194763,2.834353520,command,0.600000,-8.332586288,-42.383583069,-0.510572672,0.030722853,-0.032050107,-0.510583043,ros2_odometer_state
M19C_S3_artificial_turf_B1_U060_R1,2751.954974170,2.837132927,command,0.600000,-8.332586288,-42.383583069,-0.510572672,0.030719085,-0.032044206,-0.510587037,ros2_odometer_state
M19C_S3_artificial_turf_B1_U060_R1,2751.957784009,2.839942766,command,0.600000,-8.332586288,-42.383583069,-0.510572672,0.030719191,-0.032048523,-0.510589242,ros2_odometer_state
M19C_S3_artificial_turf_B1_U060_R1,2751.959732119,2.841890876,command,0.600000,-8.332586288,-42.383583069,-0.510589242,0.030717188,-0.032048821,-0.510592043,ros2_odometer_state
M19C_S3_artificial_turf_B1_U060_R1,2751.962073044,2.844231801,command,0.600000,-8.332586288,-42.383583069,-0.510589242,0.030715389,-0.032049105,-0.510591090,ros2_odometer_state
M19C_S3_artificial_turf_B1_U060_R1,2751.964259723,2.846418480,command,0.600000,-8.332586288,-42.383583069,-0.510589242,0.030720139,-0.032044396,-0.510579526,ros2_odometer_state
M19C_S3_artificial_turf_B1_U060_R1,2751.966246970,2.848405727,command,0.600000,-8.332586288,-42.383583069,-0.510589242,0.030720906,-0.032040659,-0.510576427,ros2_odometer_state
M19C_S3_artificial_turf_B1_U060_R1,2751.968504628,2.850663385,command,0.600000,-8.332586288,-42.383583069,-0.510589242,0.030717043,-0.032037459,-0.510577023,ros2_odometer_state
M19C_S3_artificial_turf_B1_U060_R1,2751.969984110,2.852142867,command,0.600000,-8.332586288,-42.383583069,-0.510589242,0.030713644,-0.032036789,-0.510569692,ros2_odometer_state
M19C_S3_artificial_turf_B1_U060_R1,2751.971427816,2.853586573,command,0.600000,-8.332586288,-42.383583069,-0.510589242,0.030707115,-0.032045148,-0.510558426,ros2_odometer_state
M19C_S3_artificial_turf_B1_U060_R1,2751.972656697,2.854815454,command,0.600000,-8.332586288,-42.383583069,-0.510589242,0.030707167,-0.032047682,-0.510559261,ros2_odometer_state
M19C_S3_artificial_turf_B1_U060_R1,2751.973758372,2.855917129,command,0.600000,-8.332586288,-42.383583069,-0.510589242,0.030710064,-0.032039706,-0.510562897,ros2_odometer_state
M19C_S3_artificial_turf_B1_U060_R1,2751.974863472,2.857022229,command,0.600000,-8.332586288,-42.383583069,-0.510589242,0.030706141,-0.032037813,-0.510566354,ros2_odometer_state
M19C_S3_artificial_turf_B1_U060_R1,2751.975963196,2.858121953,command,0.600000,-8.332586288,-42.383583069,-0.510566354,0.030695656,-0.032040145,-0.510563076,ros2_odometer_state
M19C_S3_artificial_turf_B1_U060_R1,2751.977405237,2.859563994,command,0.600000,-8.332586288,-42.383583069,-0.510566354,0.030691897,-0.032049760,-0.510558844,ros2_odometer_state
M19C_S3_artificial_turf_B1_U060_R1,2751.978320794,2.860479551,command,0.600000,-8.332586288,-42.383583069,-0.510566354,0.030691540,-0.032060113,-0.510557950,ros2_odometer_state
M19C_S3_artificial_turf_B1_U060_R1,2751.979547787,2.861706544,command,0.600000,-8.332586288,-42.383583069,-0.510566354,0.030692950,-0.032061033,-0.510559261,ros2_odometer_state
M19C_S3_artificial_turf_B1_U060_R1,2751.980554611,2.862713368,command,0.600000,-8.332586288,-42.383583069,-0.510566354,0.030687651,-0.032056313,-0.510563195,ros2_odometer_state
M19C_S3_artificial_turf_B1_U060_R1,2751.981027845,2.863186602,command,0.600000,-8.332586288,-42.383583069,-0.510566354,0.030687651,-0.032056313,-0.510563195,ros2_odometer_state
M19C_S3_artificial_turf_B1_U060_R1,2751.983746386,2.865905143,command,0.600000,-8.332586288,-42.383583069,-0.510566354,0.030686259,-0.032061569,-0.510568619,ros2_odometer_state
M19C_S3_artificial_turf_B1_U060_R1,2751.985428500,2.867587257,command,0.600000,-8.332586288,-42.383583069,-0.510566354,0.030686472,-0.032065768,-0.510574758,ros2_odometer_state
M19C_S3_artificial_turf_B1_U060_R1,2751.986642405,2.868801162,command,0.600000,-8.332586288,-42.383583069,-0.510566354,0.030686472,-0.032065768,-0.510574758,ros2_odometer_state
M19C_S3_artificial_turf_B1_U060_R1,2751.988857341,2.871016098,command,0.600000,-8.332586288,-42.383583069,-0.510566354,0.030683596,-0.032068249,-0.510576189,ros2_odometer_state
M19C_S3_artificial_turf_B1_U060_R1,2751.993697341,2.875856098,command,0.600000,-8.332586288,-42.383583069,-0.510580778,0.030682378,-0.032065228,-0.510578394,ros2_odometer_state
M19C_S3_artificial_turf_B1_U060_R1,2751.994675332,2.876834089,command,0.600000,-8.332586288,-42.383583069,-0.510580778,0.030685682,-0.032072291,-0.510579169,ros2_odometer_state
M19C_S3_artificial_turf_B1_U060_R1,2751.995360511,2.877519268,command,0.600000,-8.332586288,-42.383583069,-0.510580778,0.030685682,-0.032072291,-0.510579169,ros2_odometer_state
M19C_S3_artificial_turf_B1_U060_R1,2751.999887507,2.882046264,command,0.600000,-8.332586288,-42.383583069,-0.510580778,0.030687854,-0.032073401,-0.510594308,ros2_odometer_state
M19C_S3_artificial_turf_B1_U060_R1,2752.002070570,2.884229327,command,0.600000,-8.332586288,-42.383583069,-0.510580778,0.030688651,-0.032069914,-0.510597885,ros2_odometer_state
M19C_S3_artificial_turf_B1_U060_R1,2752.005417167,2.887575924,command,0.600000,-8.332586288,-42.383583069,-0.510580778,0.030687964,-0.032066796,-0.510599196,ros2_odometer_state
M19C_S3_artificial_turf_B1_U060_R1,2752.007015375,2.889174132,command,0.600000,-8.332586288,-42.383583069,-0.510580778,0.030688960,-0.032069243,-0.510596633,ros2_odometer_state
M19C_S3_artificial_turf_B1_U060_R1,2752.007982005,2.890140762,command,0.600000,-8.332586288,-42.383583069,-0.510580778,0.030687066,-0.032065772,-0.510585725,ros2_odometer_state
M19C_S3_artificial_turf_B1_U060_R1,2752.009271048,2.891429805,command,0.600000,-8.332586288,-42.383583069,-0.510580778,0.030684188,-0.032062750,-0.510581970,ros2_odometer_state
M19C_S3_artificial_turf_B1_U060_R1,2752.010195117,2.892353874,command,0.600000,-8.332586288,-42.383583069,-0.510580778,0.030720929,-0.032066390,-0.510558367,ros2_odometer_state
M19C_S3_artificial_turf_B1_U060_R1,2752.010925706,2.893084463,command,0.600000,-8.332586288,-42.383583069,-0.510558367,0.030720929,-0.032066390,-0.510558367,ros2_odometer_state
M19C_S3_artificial_turf_B1_U060_R1,2752.012942746,2.895101503,command,0.600000,-8.332586288,-42.383583069,-0.510558367,0.030726032,-0.032065045,-0.510557294,ros2_odometer_state
M19C_S3_artificial_turf_B1_U060_R1,2752.016189243,2.898348000,command,0.600000,-8.332586288,-42.383583069,-0.510558367,0.030729380,-0.032058280,-0.510557592,ros2_odometer_state
M19C_S3_artificial_turf_B1_U060_R1,2752.017778427,2.899937184,command,0.600000,-8.332586288,-42.383583069,-0.510558367,0.030737046,-0.032059439,-0.510554254,ros2_odometer_state
M19C_S3_artificial_turf_B1_U060_R1,2752.019021132,2.901179889,command,0.600000,-8.332586288,-42.383583069,-0.510558367,0.030734025,-0.032061040,-0.510557890,ros2_odometer_state
M19C_S3_artificial_turf_B1_U060_R1,2752.020852629,2.903011386,command,0.600000,-8.332586288,-42.383583069,-0.510558367,0.030728463,-0.032061033,-0.510559499,ros2_odometer_state
M19C_S3_artificial_turf_B1_U060_R1,2752.022842212,2.905000969,command,0.600000,-8.332586288,-42.383583069,-0.510558367,0.030724460,-0.032060444,-0.510557175,ros2_odometer_state
M19C_S3_artificial_turf_B1_U060_R1,2752.024860756,2.907019513,command,0.600000,-8.332586288,-42.383583069,-0.510558367,0.030719465,-0.032063358,-0.510553598,ros2_odometer_state
M19C_S3_artificial_turf_B1_U060_R1,2752.026823362,2.908982119,command,0.600000,-8.332586288,-42.383583069,-0.510558367,0.030722145,-0.032069705,-0.510553658,ros2_odometer_state
M19C_S3_artificial_turf_B1_U060_R1,2752.028978200,2.911136957,command,0.600000,-8.332586288,-42.383583069,-0.510558367,0.030725038,-0.032073688,-0.510559440,ros2_odometer_state
M19C_S3_artificial_turf_B1_U060_R1,2752.030910661,2.913069418,command,0.600000,-8.332586288,-42.383583069,-0.510564744,0.030720895,-0.032066863,-0.510564744,ros2_odometer_state
M19C_S3_artificial_turf_B1_U060_R1,2752.032888019,2.915046776,command,0.600000,-8.332586288,-42.383583069,-0.510564744,0.030715043,-0.032066237,-0.510562897,ros2_odometer_state
M19C_S3_artificial_turf_B1_U060_R1,2752.035541053,2.917699810,command,0.600000,-8.332586288,-42.383583069,-0.510564744,0.030708453,-0.032071497,-0.510564923,ros2_odometer_state
M19C_S3_artificial_turf_B1_U060_R1,2752.037002167,2.919160924,command,0.600000,-8.332586288,-42.383583069,-0.510564744,0.030699598,-0.032070111,-0.510568440,ros2_odometer_state
M19C_S3_artificial_turf_B1_U060_R1,2752.039000678,2.921159435,command,0.600000,-8.332586288,-42.383583069,-0.510564744,0.030698139,-0.032070976,-0.510570765,ros2_odometer_state
M19C_S3_artificial_turf_B1_U060_R1,2752.041331747,2.923490504,command,0.600000,-8.332586288,-42.383583069,-0.510564744,0.030690849,-0.032072086,-0.510569513,ros2_odometer_state
M19C_S3_artificial_turf_B1_U060_R1,2752.042958916,2.925117673,command,0.600000,-8.332586288,-42.383583069,-0.510564744,0.030684033,-0.032071348,-0.510570407,ros2_odometer_state
M19C_S3_artificial_turf_B1_U060_R1,2752.045152699,2.927311456,command,0.600000,-8.332586288,-42.383583069,-0.510564744,0.030682595,-0.032065187,-0.510574818,ros2_odometer_state
M19C_S3_artificial_turf_B1_U060_R1,2752.047173355,2.929332112,command,0.600000,-8.332586288,-42.383583069,-0.510564744,0.030681893,-0.032063723,-0.510575116,ros2_odometer_state
M19C_S3_artificial_turf_B1_U060_R1,2752.049608460,2.931767217,command,0.600000,-8.332586288,-42.383583069,-0.510564744,0.030680304,-0.032064456,-0.510573626,ros2_odometer_state
M19C_S3_artificial_turf_B1_U060_R1,2752.051334065,2.933492822,command,0.600000,-8.332586288,-42.383583069,-0.510575712,0.030678725,-0.032057635,-0.510575712,ros2_odometer_state
M19C_S3_artificial_turf_B1_U060_R1,2752.053784786,2.935943543,command,0.600000,-8.332586288,-42.383583069,-0.510575712,0.030673960,-0.032068111,-0.510582864,ros2_odometer_state
M19C_S3_artificial_turf_B1_U060_R1,2752.055447956,2.937606713,command,0.600000,-8.332586288,-42.383583069,-0.510575712,0.030673960,-0.032068111,-0.510582864,ros2_odometer_state
M19C_S3_artificial_turf_B1_U060_R1,2752.057727183,2.939885940,command,0.600000,-8.332586288,-42.383583069,-0.510575712,0.030663567,-0.032074850,-0.510580480,ros2_odometer_state
M19C_S3_artificial_turf_B1_U060_R1,2752.058937887,2.941096644,command,0.600000,-8.332586288,-42.383583069,-0.510575712,0.030663567,-0.032074850,-0.510580480,ros2_odometer_state
M19C_S3_artificial_turf_B1_U060_R1,2752.061690540,2.943849297,command,0.600000,-8.332586288,-42.383583069,-0.510575712,0.030664578,-0.032102134,-0.510566115,ros2_odometer_state
M19C_S3_artificial_turf_B1_U060_R1,2752.063740734,2.945899491,command,0.600000,-8.332586288,-42.383583069,-0.510575712,0.030662071,-0.032112155,-0.510558844,ros2_odometer_state
M19C_S3_artificial_turf_B1_U060_R1,2752.065671243,2.947830000,command,0.600000,-8.332586288,-42.383583069,-0.510575712,0.030658076,-0.032116603,-0.510550201,ros2_odometer_state
M19C_S3_artificial_turf_B1_U060_R1,2752.067727964,2.949886721,command,0.600000,-8.332586288,-42.383583069,-0.510575712,0.030658679,-0.032121852,-0.510535955,ros2_odometer_state
M19C_S3_artificial_turf_B1_U060_R1,2752.069015120,2.951173877,command,0.600000,-8.332586288,-42.383583069,-0.510575712,0.030658679,-0.032121852,-0.510535955,ros2_odometer_state
M19C_S3_artificial_turf_B1_U060_R1,2752.071891106,2.954049863,command,0.600000,-8.332586288,-42.383583069,-0.510534167,0.030642290,-0.032099631,-0.510534227,ros2_odometer_state
M19C_S3_artificial_turf_B1_U060_R1,2752.073611718,2.955770475,command,0.600000,-8.332586288,-42.383583069,-0.510534167,0.030644920,-0.032083292,-0.510528445,ros2_odometer_state
M19C_S3_artificial_turf_B1_U060_R1,2752.075519986,2.957678743,command,0.600000,-8.332586288,-42.383583069,-0.510534167,0.030644920,-0.032083292,-0.510528445,ros2_odometer_state
M19C_S3_artificial_turf_B1_U060_R1,2752.077017070,2.959175827,command,0.600000,-8.332586288,-42.383583069,-0.510534167,0.030658731,-0.032062516,-0.510519564,ros2_odometer_state
M19C_S3_artificial_turf_B1_U060_R1,2752.078963579,2.961122336,command,0.600000,-8.332586288,-42.383583069,-0.510534167,0.030658083,-0.032033995,-0.510513961,ros2_odometer_state
M19C_S3_artificial_turf_B1_U060_R1,2752.081566819,2.963725576,command,0.600000,-8.332586288,-42.383583069,-0.510534167,0.030643532,-0.031990375,-0.510504961,ros2_odometer_state
M19C_S3_artificial_turf_B1_U060_R1,2752.083482639,2.965641396,command,0.600000,-8.332586288,-42.383583069,-0.510534167,0.030631863,-0.031988584,-0.510486126,ros2_odometer_state
M19C_S3_artificial_turf_B1_U060_R1,2752.085946353,2.968105110,command,0.600000,-8.332586288,-42.383583069,-0.510534167,0.030609990,-0.031999875,-0.510454774,ros2_odometer_state
M19C_S3_artificial_turf_B1_U060_R1,2752.087562129,2.969720886,command,0.600000,-8.332586288,-42.383583069,-0.510534167,0.030581832,-0.032009944,-0.510418534,ros2_odometer_state
M19C_S3_artificial_turf_B1_U060_R1,2752.089634755,2.971793512,command,0.600000,-8.332586288,-42.383583069,-0.510534167,0.030548751,-0.032021891,-0.510380328,ros2_odometer_state
M19C_S3_artificial_turf_B1_U060_R1,2752.093241907,2.975400664,command,0.600000,-8.332586288,-42.383583069,-0.510380328,0.030505966,-0.032032087,-0.510336936,ros2_odometer_state
M19C_S3_artificial_turf_B1_U060_R1,2752.094118422,2.976277179,command,0.600000,-8.332586288,-42.383583069,-0.510380328,0.030470291,-0.032040674,-0.510278463,ros2_odometer_state
M19C_S3_artificial_turf_B1_U060_R1,2752.096233802,2.978392559,command,0.600000,-8.332586288,-42.383583069,-0.510380328,0.030428387,-0.032051913,-0.510214210,ros2_odometer_state
M19C_S3_artificial_turf_B1_U060_R1,2752.097678627,2.979837384,command,0.600000,-8.332586288,-42.383583069,-0.510380328,0.030380461,-0.032065116,-0.510153353,ros2_odometer_state
M19C_S3_artificial_turf_B1_U060_R1,2752.099707540,2.981866297,command,0.600000,-8.332586288,-42.383583069,-0.510380328,0.030331833,-0.032088548,-0.510093093,ros2_odometer_state
M19C_S3_artificial_turf_B1_U060_R1,2752.101593055,2.983751812,command,0.600000,-8.332586288,-42.383583069,-0.510380328,0.030284571,-0.032115664,-0.510024428,ros2_odometer_state
M19C_S3_artificial_turf_B1_U060_R1,2752.103497867,2.985656624,command,0.600000,-8.332586288,-42.383583069,-0.510380328,0.030236064,-0.032145154,-0.509955645,ros2_odometer_state
M19C_S3_artificial_turf_B1_U060_R1,2752.105515835,2.987674592,command,0.600000,-8.332586288,-42.383583069,-0.510380328,0.030179258,-0.032177486,-0.509874105,ros2_odometer_state
M19C_S3_artificial_turf_B1_U060_R1,2752.107513226,2.989671983,command,0.600000,-8.332586288,-42.383583069,-0.510380328,0.030121578,-0.032205645,-0.509781659,ros2_odometer_state
M19C_S3_artificial_turf_B1_U060_R1,2752.109628478,2.991787235,command,0.600000,-8.332586288,-42.383583069,-0.510380328,0.030063206,-0.032226257,-0.509682834,ros2_odometer_state
M19C_S3_artificial_turf_B1_U060_R1,2752.111661679,2.993820436,command,0.600000,-8.332916260,-42.384170532,-0.509682834,0.030005170,-0.032239694,-0.509575665,ros2_odometer_state
M19C_S3_artificial_turf_B1_U060_R1,2752.113550554,2.995709311,command,0.600000,-8.332916260,-42.384170532,-0.509682834,0.029950043,-0.032251798,-0.509470820,ros2_odometer_state
M19C_S3_artificial_turf_B1_U060_R1,2752.116274215,2.998432972,command,0.600000,-8.332916260,-42.384170532,-0.509682834,0.029892994,-0.032271631,-0.509378910,ros2_odometer_state
M19C_S3_artificial_turf_B1_U060_R1,2752.117659038,2.999817795,command,0.600000,-8.332916260,-42.384170532,-0.509682834,0.029838851,-0.032299712,-0.509288728,ros2_odometer_state
M19C_S3_artificial_turf_B1_U060_R1,2752.119652717,3.001811474,command,0.600000,-8.332916260,-42.384170532,-0.509682834,0.029793032,-0.032349821,-0.509199381,ros2_odometer_state
M19C_S3_artificial_turf_B1_U060_R1,2752.121622555,3.003781312,command,0.600000,-8.332916260,-42.384170532,-0.509682834,0.029741418,-0.032412767,-0.509099662,ros2_odometer_state
M19C_S3_artificial_turf_B1_U060_R1,2752.123733327,3.005892084,command,0.600000,-8.332916260,-42.384170532,-0.509682834,0.029694837,-0.032491505,-0.509002447,ros2_odometer_state
M19C_S3_artificial_turf_B1_U060_R1,2752.126758535,3.008917292,command,0.600000,-8.332916260,-42.384170532,-0.509682834,0.029642515,-0.032598566,-0.508910179,ros2_odometer_state
M19C_S3_artificial_turf_B1_U060_R1,2752.127059923,3.009218680,command,0.600000,-8.332916260,-42.384170532,-0.509682834,0.029642515,-0.032598566,-0.508910179,ros2_odometer_state
M19C_S3_artificial_turf_B1_U060_R1,2752.129638394,3.011797151,command,0.600000,-8.332916260,-42.384170532,-0.509682834,0.029521657,-0.032824975,-0.508753300,ros2_odometer_state
M19C_S3_artificial_turf_B1_U060_R1,2752.131666859,3.013825616,command,0.600000,-8.333285332,-42.384830475,-0.508753300,0.029466560,-0.032926209,-0.508695602,ros2_odometer_state
M19C_S3_artificial_turf_B1_U060_R1,2752.132987903,3.015146660,command,0.600000,-8.333285332,-42.384830475,-0.508753300,0.029466560,-0.032926209,-0.508695602,ros2_odometer_state
M19C_S3_artificial_turf_B1_U060_R1,2752.135572582,3.017731339,command,0.600000,-8.333285332,-42.384830475,-0.508753300,0.029414451,-0.033017147,-0.508644521,ros2_odometer_state
M19C_S3_artificial_turf_B1_U060_R1,2752.137031264,3.019190021,command,0.600000,-8.333285332,-42.384830475,-0.508753300,0.029368689,-0.033097491,-0.508589685,ros2_odometer_state
M19C_S3_artificial_turf_B1_U060_R1,2752.139789261,3.021948018,command,0.600000,-8.333285332,-42.384830475,-0.508753300,0.029263692,-0.033264887,-0.508447587,ros2_odometer_state
M19C_S3_artificial_turf_B1_U060_R1,2752.141814430,3.023973187,command,0.600000,-8.333285332,-42.384830475,-0.508753300,0.029206283,-0.033349283,-0.508373439,ros2_odometer_state
M19C_S3_artificial_turf_B1_U060_R1,2752.143626022,3.025784779,command,0.600000,-8.333285332,-42.384830475,-0.508753300,0.029150696,-0.033442378,-0.508293509,ros2_odometer_state
M19C_S3_artificial_turf_B1_U060_R1,2752.145664951,3.027823708,command,0.600000,-8.333285332,-42.384830475,-0.508753300,0.029091433,-0.033536546,-0.508214951,ros2_odometer_state
M19C_S3_artificial_turf_B1_U060_R1,2752.148127033,3.030285790,command,0.600000,-8.333285332,-42.384830475,-0.508753300,0.029027957,-0.033639606,-0.508125544,ros2_odometer_state
M19C_S3_artificial_turf_B1_U060_R1,2752.149117824,3.031276581,command,0.600000,-8.333285332,-42.384830475,-0.508753300,0.029027957,-0.033639606,-0.508125544,ros2_odometer_state
M19C_S3_artificial_turf_B1_U060_R1,2752.151044301,3.033203058,command,0.600000,-8.333621979,-42.385429382,-0.508031845,0.028962467,-0.033762969,-0.508031845,ros2_odometer_state
M19C_S3_artificial_turf_B1_U060_R1,2752.153083390,3.035242147,command,0.600000,-8.333621979,-42.385429382,-0.508031845,0.028897258,-0.033887584,-0.507944763,ros2_odometer_state
M19C_S3_artificial_turf_B1_U060_R1,2752.156378721,3.038537478,command,0.600000,-8.333621979,-42.385429382,-0.508031845,0.028736519,-0.034162305,-0.507792711,ros2_odometer_state
M19C_S3_artificial_turf_B1_U060_R1,2752.157780857,3.039939614,command,0.600000,-8.333621979,-42.385429382,-0.508031845,0.028654791,-0.034320120,-0.507715225,ros2_odometer_state
M19C_S3_artificial_turf_B1_U060_R1,2752.159832234,3.041990991,command,0.600000,-8.333621979,-42.385429382,-0.508031845,0.028575083,-0.034493081,-0.507639825,ros2_odometer_state
M19C_S3_artificial_turf_B1_U060_R1,2752.161688660,3.043847417,command,0.600000,-8.333621979,-42.385429382,-0.508031845,0.028498024,-0.034668539,-0.507578850,ros2_odometer_state
M19C_S3_artificial_turf_B1_U060_R1,2752.163662339,3.045821096,command,0.600000,-8.333621979,-42.385429382,-0.508031845,0.028420243,-0.034854248,-0.507531762,ros2_odometer_state
M19C_S3_artificial_turf_B1_U060_R1,2752.165688787,3.047847544,command,0.600000,-8.333621979,-42.385429382,-0.508031845,0.028341977,-0.035042014,-0.507485211,ros2_odometer_state
M19C_S3_artificial_turf_B1_U060_R1,2752.167654625,3.049813382,command,0.600000,-8.333621979,-42.385429382,-0.508031845,0.028262161,-0.035228923,-0.507447422,ros2_odometer_state
M19C_S3_artificial_turf_B1_U060_R1,2752.168989270,3.051148027,command,0.600000,-8.333621979,-42.385429382,-0.508031845,0.028262161,-0.035228923,-0.507447422,ros2_odometer_state
M19C_S3_artificial_turf_B1_U060_R1,2752.171828679,3.053987436,command,0.600000,-8.333932877,-42.385986328,-0.507416487,0.028101735,-0.035602968,-0.507384241,ros2_odometer_state
M19C_S3_artificial_turf_B1_U060_R1,2752.173909306,3.056068063,command,0.600000,-8.333932877,-42.385986328,-0.507416487,0.028022777,-0.035795480,-0.507351160,ros2_odometer_state
M19C_S3_artificial_turf_B1_U060_R1,2752.176535458,3.058694215,command,0.600000,-8.333932877,-42.385986328,-0.507416487,0.027937889,-0.035984196,-0.507321298,ros2_odometer_state
M19C_S3_artificial_turf_B1_U060_R1,2752.177087512,3.059246269,command,0.600000,-8.333932877,-42.385986328,-0.507416487,0.027937889,-0.035984196,-0.507321298,ros2_odometer_state
M19C_S3_artificial_turf_B1_U060_R1,2752.179849510,3.062008267,command,0.600000,-8.333932877,-42.385986328,-0.507416487,0.027757222,-0.036393777,-0.507262170,ros2_odometer_state
M19C_S3_artificial_turf_B1_U060_R1,2752.181884215,3.064042972,command,0.600000,-8.333932877,-42.385986328,-0.507416487,0.027658382,-0.036616616,-0.507231832,ros2_odometer_state
M19C_S3_artificial_turf_B1_U060_R1,2752.183874694,3.066033451,command,0.600000,-8.333932877,-42.385986328,-0.507416487,0.027549773,-0.036858834,-0.507204235,ros2_odometer_state
M19C_S3_artificial_turf_B1_U060_R1,2752.185784850,3.067943607,command,0.600000,-8.333932877,-42.385986328,-0.507416487,0.027437970,-0.037097648,-0.507180512,ros2_odometer_state
M19C_S3_artificial_turf_B1_U060_R1,2752.188192050,3.070350807,command,0.600000,-8.333932877,-42.385986328,-0.507416487,0.027325103,-0.037334807,-0.507149756,ros2_odometer_state
M19C_S3_artificial_turf_B1_U060_R1,2752.189832627,3.071991384,command,0.600000,-8.333932877,-42.385986328,-0.507416487,0.027210668,-0.037573610,-0.507111907,ros2_odometer_state
M19C_S3_artificial_turf_B1_U060_R1,2752.191837923,3.073996680,command,0.600000,-8.334236145,-42.386528015,-0.507111907,0.027103268,-0.037815072,-0.507065952,ros2_odometer_state
M19C_S3_artificial_turf_B1_U060_R1,2752.193855475,3.076014232,command,0.600000,-8.334236145,-42.386528015,-0.507111907,0.027000567,-0.038053181,-0.507022321,ros2_odometer_state
M19C_S3_artificial_turf_B1_U060_R1,2752.196453050,3.078611807,command,0.600000,-8.334236145,-42.386528015,-0.507111907,0.026887391,-0.038282555,-0.506976128,ros2_odometer_state
M19C_S3_artificial_turf_B1_U060_R1,2752.197844530,3.080003287,command,0.600000,-8.334236145,-42.386528015,-0.507111907,0.026780915,-0.038495395,-0.506914139,ros2_odometer_state
M19C_S3_artificial_turf_B1_U060_R1,2752.199798367,3.081957124,command,0.600000,-8.334236145,-42.386528015,-0.507111907,0.026684022,-0.038684405,-0.506841362,ros2_odometer_state
M19C_S3_artificial_turf_B1_U060_R1,2752.201756109,3.083914866,command,0.600000,-8.334236145,-42.386528015,-0.507111907,0.026586218,-0.038852792,-0.506766677,ros2_odometer_state
M19C_S3_artificial_turf_B1_U060_R1,2752.203750812,3.085909569,command,0.600000,-8.334236145,-42.386528015,-0.507111907,0.026486382,-0.039004602,-0.506701469,ros2_odometer_state
M19C_S3_artificial_turf_B1_U060_R1,2752.205759916,3.087918673,command,0.600000,-8.334236145,-42.386528015,-0.507111907,0.026393322,-0.039139215,-0.506637931,ros2_odometer_state
M19C_S3_artificial_turf_B1_U060_R1,2752.207056160,3.089214917,command,0.600000,-8.334236145,-42.386528015,-0.507111907,0.026393322,-0.039139215,-0.506637931,ros2_odometer_state
M19C_S3_artificial_turf_B1_U060_R1,2752.209844975,3.092003732,command,0.600000,-8.334236145,-42.386528015,-0.507111907,0.026221363,-0.039341785,-0.506504357,ros2_odometer_state
M19C_S3_artificial_turf_B1_U060_R1,2752.211132930,3.093291687,command,0.600000,-8.334562302,-42.387111664,-0.506504357,0.026221363,-0.039341785,-0.506504357,ros2_odometer_state
M19C_S3_artificial_turf_B1_U060_R1,2752.214414884,3.096573641,command,0.600000,-8.334562302,-42.387111664,-0.506504357,0.026062835,-0.039453354,-0.506389380,ros2_odometer_state
M19C_S3_artificial_turf_B1_U060_R1,2752.215944865,3.098103622,command,0.600000,-8.334562302,-42.387111664,-0.506504357,0.026062835,-0.039453354,-0.506389380,ros2_odometer_state
M19C_S3_artificial_turf_B1_U060_R1,2752.218052853,3.100211610,command,0.600000,-8.334562302,-42.387111664,-0.506504357,0.025884867,-0.039499551,-0.506293833,ros2_odometer_state
M19C_S3_artificial_turf_B1_U060_R1,2752.219951969,3.102110726,command,0.600000,-8.334562302,-42.387111664,-0.506504357,0.025799938,-0.039512072,-0.506259322,ros2_odometer_state
M19C_S3_artificial_turf_B1_U060_R1,2752.221138032,3.103296789,command,0.600000,-8.334562302,-42.387111664,-0.506504357,0.025799938,-0.039512072,-0.506259322,ros2_odometer_state
M19C_S3_artificial_turf_B1_U060_R1,2752.223128703,3.105287460,command,0.600000,-8.334562302,-42.387111664,-0.506504357,0.025715834,-0.039518770,-0.506248534,ros2_odometer_state
M19C_S3_artificial_turf_B1_U060_R1,2752.226163928,3.108322685,command,0.600000,-8.334562302,-42.387111664,-0.506504357,0.025552968,-0.039523736,-0.506277502,ros2_odometer_state
M19C_S3_artificial_turf_B1_U060_R1,2752.227259971,3.109418728,command,0.600000,-8.334562302,-42.387111664,-0.506504357,0.025552968,-0.039523736,-0.506277502,ros2_odometer_state
M19C_S3_artificial_turf_B1_U060_R1,2752.229316917,3.111475674,command,0.600000,-8.334562302,-42.387111664,-0.506504357,0.025466388,-0.039516523,-0.506332695,ros2_odometer_state
M19C_S3_artificial_turf_B1_U060_R1,2752.231317156,3.113475913,command,0.600000,-8.334562302,-42.387111664,-0.506399095,0.025391102,-0.039492529,-0.506399095,ros2_odometer_state
M19C_S3_artificial_turf_B1_U060_R1,2752.233280402,3.115439159,command,0.600000,-8.334562302,-42.387111664,-0.506399095,0.025320675,-0.039442595,-0.506474137,ros2_odometer_state
M19C_S3_artificial_turf_B1_U060_R1,2752.235792758,3.117951515,command,0.600000,-8.334562302,-42.387111664,-0.506399095,0.025249206,-0.039373334,-0.506559014,ros2_odometer_state
M19C_S3_artificial_turf_B1_U060_R1,2752.237255216,3.119413973,command,0.600000,-8.334562302,-42.387111664,-0.506399095,0.025190257,-0.039283961,-0.506658077,ros2_odometer_state
M19C_S3_artificial_turf_B1_U060_R1,2752.239283073,3.121441830,command,0.600000,-8.334562302,-42.387111664,-0.506399095,0.025142344,-0.039192013,-0.506766200,ros2_odometer_state
M19C_S3_artificial_turf_B1_U060_R1,2752.241340147,3.123498904,command,0.600000,-8.334562302,-42.387111664,-0.506399095,0.025100155,-0.039096616,-0.506878316,ros2_odometer_state
M19C_S3_artificial_turf_B1_U060_R1,2752.243168924,3.125327681,command,0.600000,-8.334562302,-42.387111664,-0.506399095,0.025064183,-0.038990121,-0.507001817,ros2_odometer_state
M19C_S3_artificial_turf_B1_U060_R1,2752.246303352,3.128462109,command,0.600000,-8.334562302,-42.387111664,-0.506399095,0.025007438,-0.038807489,-0.507280886,ros2_odometer_state
M19C_S3_artificial_turf_B1_U060_R1,2752.247494408,3.129653165,command,0.600000,-8.334562302,-42.387111664,-0.506399095,0.025007438,-0.038807489,-0.507280886,ros2_odometer_state
M19C_S3_artificial_turf_B1_U060_R1,2752.249449909,3.131608666,command,0.600000,-8.334562302,-42.387111664,-0.506399095,0.024975346,-0.038735472,-0.507423580,ros2_odometer_state
M19C_S3_artificial_turf_B1_U060_R1,2752.251414755,3.133573512,command,0.600000,-8.334562302,-42.387111664,-0.507566333,0.024941443,-0.038677819,-0.507566333,ros2_odometer_state
M19C_S3_artificial_turf_B1_U060_R1,2752.253964233,3.136122990,command,0.600000,-8.334562302,-42.387111664,-0.507566333,0.024882073,-0.038612973,-0.507843673,ros2_odometer_state
M19C_S3_artificial_turf_B1_U060_R1,2752.255800850,3.137959607,command,0.600000,-8.334562302,-42.387111664,-0.507566333,0.024882073,-0.038612973,-0.507843673,ros2_odometer_state
M19C_S3_artificial_turf_B1_U060_R1,2752.257940007,3.140098764,command,0.600000,-8.334562302,-42.387111664,-0.507566333,0.024819605,-0.038609117,-0.508112967,ros2_odometer_state
M19C_S3_artificial_turf_B1_U060_R1,2752.259214362,3.141373119,command,0.600000,-8.334562302,-42.387111664,-0.507566333,0.024819605,-0.038609117,-0.508112967,ros2_odometer_state
M19C_S3_artificial_turf_B1_U060_R1,2752.262217009,3.144375766,command,0.600000,-8.334562302,-42.387111664,-0.507566333,0.024755919,-0.038635291,-0.508396387,ros2_odometer_state
M19C_S3_artificial_turf_B1_U060_R1,2752.263364895,3.145523652,command,0.600000,-8.334562302,-42.387111664,-0.507566333,0.024755919,-0.038635291,-0.508396387,ros2_odometer_state
M19C_S3_artificial_turf_B1_U060_R1,2752.267439489,3.149598246,command,0.600000,-8.334562302,-42.387111664,-0.507566333,0.024670614,-0.038609996,-0.508666635,ros2_odometer_state
M19C_S3_artificial_turf_B1_U060_R1,2752.268543404,3.150702161,command,0.600000,-8.334562302,-42.387111664,-0.507566333,0.024628375,-0.038569618,-0.508796871,ros2_odometer_state
M19C_S3_artificial_turf_B1_U060_R1,2752.269374349,3.151533106,command,0.600000,-8.334562302,-42.387111664,-0.507566333,0.024628375,-0.038569618,-0.508796871,ros2_odometer_state
M19C_S3_artificial_turf_B1_U060_R1,2752.272393894,3.154552651,command,0.600000,-8.334562302,-42.387111664,-0.508935511,0.024565082,-0.038470276,-0.509069681,ros2_odometer_state
M19C_S3_artificial_turf_B1_U060_R1,2752.273390157,3.155548914,command,0.600000,-8.334562302,-42.387111664,-0.508935511,0.024565082,-0.038470276,-0.509069681,ros2_odometer_state
M19C_S3_artificial_turf_B1_U060_R1,2752.275865808,3.158024565,command,0.600000,-8.334562302,-42.387111664,-0.508935511,0.024542103,-0.038405389,-0.509189904,ros2_odometer_state
M19C_S3_artificial_turf_B1_U060_R1,2752.277422797,3.159581554,command,0.600000,-8.334562302,-42.387111664,-0.508935511,0.024522765,-0.038323190,-0.509304166,ros2_odometer_state
M19C_S3_artificial_turf_B1_U060_R1,2752.280247614,3.162406371,command,0.600000,-8.334562302,-42.387111664,-0.508935511,0.024515081,-0.038110461,-0.509534776,ros2_odometer_state
M19C_S3_artificial_turf_B1_U060_R1,2752.282134089,3.164292846,command,0.600000,-8.334562302,-42.387111664,-0.508935511,0.024529180,-0.037984364,-0.509642899,ros2_odometer_state
M19C_S3_artificial_turf_B1_U060_R1,2752.283264726,3.165423483,command,0.600000,-8.334562302,-42.387111664,-0.508935511,0.024529180,-0.037984364,-0.509642899,ros2_odometer_state
M19C_S3_artificial_turf_B1_U060_R1,2752.286052069,3.168210826,command,0.600000,-8.334562302,-42.387111664,-0.508935511,0.024587756,-0.037688624,-0.509837508,ros2_odometer_state
M19C_S3_artificial_turf_B1_U060_R1,2752.287287958,3.169446715,command,0.600000,-8.334562302,-42.387111664,-0.508935511,0.024587756,-0.037688624,-0.509837508,ros2_odometer_state
M19C_S3_artificial_turf_B1_U060_R1,2752.290484213,3.172642970,command,0.600000,-8.334562302,-42.387111664,-0.508935511,0.024678534,-0.037344683,-0.509997666,ros2_odometer_state
M19C_S3_artificial_turf_B1_U060_R1,2752.291351031,3.173509788,command,0.600000,-8.334562302,-42.387111664,-0.509997666,0.024678534,-0.037344683,-0.509997666,ros2_odometer_state
M19C_S3_artificial_turf_B1_U060_R1,2752.293978848,3.176137605,command,0.600000,-8.334562302,-42.387111664,-0.509997666,0.024787353,-0.036966074,-0.510121465,ros2_odometer_state
M19C_S3_artificial_turf_B1_U060_R1,2752.295918317,3.178077074,command,0.600000,-8.334562302,-42.387111664,-0.509997666,0.024787353,-0.036966074,-0.510121465,ros2_odometer_state
M19C_S3_artificial_turf_B1_U060_R1,2752.298030785,3.180189542,command,0.600000,-8.334562302,-42.387111664,-0.509997666,0.024869053,-0.036568880,-0.510232270,ros2_odometer_state
M19C_S3_artificial_turf_B1_U060_R1,2752.299391543,3.181550300,command,0.600000,-8.334562302,-42.387111664,-0.509997666,0.024869053,-0.036568880,-0.510232270,ros2_odometer_state
M19C_S3_artificial_turf_B1_U060_R1,2752.301451241,3.183609998,command,0.600000,-8.334562302,-42.387111664,-0.509997666,0.024893403,-0.036376569,-0.510295212,ros2_odometer_state
M19C_S3_artificial_turf_B1_U060_R1,2752.303984814,3.186143571,command,0.600000,-8.334562302,-42.387111664,-0.509997666,0.024933770,-0.035972476,-0.510414124,ros2_odometer_state
M19C_S3_artificial_turf_B1_U060_R1,2752.305240799,3.187399556,command,0.600000,-8.334562302,-42.387111664,-0.509997666,0.024933770,-0.035972476,-0.510414124,ros2_odometer_state
M19C_S3_artificial_turf_B1_U060_R1,2752.308026318,3.190185075,command,0.600000,-8.334562302,-42.387111664,-0.509997666,0.024927113,-0.035580710,-0.510496438,ros2_odometer_state
M19C_S3_artificial_turf_B1_U060_R1,2752.309301697,3.191460454,command,0.600000,-8.334562302,-42.387111664,-0.509997666,0.024927113,-0.035580710,-0.510496438,ros2_odometer_state
M19C_S3_artificial_turf_B1_U060_R1,2752.312063823,3.194222580,command,0.600000,-8.334562302,-42.387111664,-0.510544181,0.024878725,-0.035202403,-0.510595441,ros2_odometer_state
M19C_S3_artificial_turf_B1_U060_R1,2752.314308200,3.196466957,command,0.600000,-8.334562302,-42.387111664,-0.510544181,0.024841674,-0.035023134,-0.510660350,ros2_odometer_state
M19C_S3_artificial_turf_B1_U060_R1,2752.316101967,3.198260724,command,0.600000,-8.334562302,-42.387111664,-0.510544181,0.024841674,-0.035023134,-0.510660350,ros2_odometer_state
M19C_S3_artificial_turf_B1_U060_R1,2752.317597867,3.199756624,command,0.600000,-8.334562302,-42.387111664,-0.510544181,0.024812825,-0.034853503,-0.510735810,ros2_odometer_state
M19C_S3_artificial_turf_B1_U060_R1,2752.320249108,3.202407865,command,0.600000,-8.334562302,-42.387111664,-0.510544181,0.024751734,-0.034510873,-0.510916650,ros2_odometer_state
M19C_S3_artificial_turf_B1_U060_R1,2752.321336831,3.203495588,command,0.600000,-8.334562302,-42.387111664,-0.510544181,0.024751734,-0.034510873,-0.510916650,ros2_odometer_state
M19C_S3_artificial_turf_B1_U060_R1,2752.323335311,3.205494068,command,0.600000,-8.334562302,-42.387111664,-0.510544181,0.024735086,-0.034330182,-0.511033177,ros2_odometer_state
M19C_S3_artificial_turf_B1_U060_R1,2752.326035802,3.208194559,command,0.600000,-8.334562302,-42.387111664,-0.510544181,0.024726182,-0.033971678,-0.511272609,ros2_odometer_state
M19C_S3_artificial_turf_B1_U060_R1,2752.327365359,3.209524116,command,0.600000,-8.334562302,-42.387111664,-0.510544181,0.024726182,-0.033971678,-0.511272609,ros2_odometer_state
M19C_S3_artificial_turf_B1_U060_R1,2752.330075387,3.212234144,command,0.600000,-8.334562302,-42.387111664,-0.510544181,0.024754727,-0.033607677,-0.511505604,ros2_odometer_state
M19C_S3_artificial_turf_B1_U060_R1,2752.331355086,3.213513843,command,0.600000,-8.334562302,-42.387111664,-0.511505604,0.024754727,-0.033607677,-0.511505604,ros2_odometer_state
M19C_S3_artificial_turf_B1_U060_R1,2752.333322908,3.215481665,command,0.600000,-8.334562302,-42.387111664,-0.511505604,0.024795735,-0.033427011,-0.511620820,ros2_odometer_state
M19C_S3_artificial_turf_B1_U060_R1,2752.335983942,3.218142699,command,0.600000,-8.334562302,-42.387111664,-0.511505604,0.024846716,-0.033252373,-0.511728108,ros2_odometer_state
M19C_S3_artificial_turf_B1_U060_R1,2752.337433567,3.219592324,command,0.600000,-8.334562302,-42.387111664,-0.511505604,0.024903195,-0.033076003,-0.511838615,ros2_odometer_state
M19C_S3_artificial_turf_B1_U060_R1,2752.339795805,3.221954562,command,0.600000,-8.334562302,-42.387111664,-0.511505604,0.024969561,-0.032906592,-0.511959970,ros2_odometer_state
M19C_S3_artificial_turf_B1_U060_R1,2752.342241919,3.224400676,command,0.600000,-8.334562302,-42.387111664,-0.511505604,0.025115363,-0.032561213,-0.512191176,ros2_odometer_state
M19C_S3_artificial_turf_B1_U060_R1,2752.344443478,3.226602235,command,0.600000,-8.334562302,-42.387111664,-0.511505604,0.025190182,-0.032380953,-0.512303889,ros2_odometer_state
M19C_S3_artificial_turf_B1_U060_R1,2752.345496672,3.227655429,command,0.600000,-8.334562302,-42.387111664,-0.511505604,0.025190182,-0.032380953,-0.512303889,ros2_odometer_state
M19C_S3_artificial_turf_B1_U060_R1,2752.347434669,3.229593426,command,0.600000,-8.334562302,-42.387111664,-0.511505604,0.025276132,-0.032199226,-0.512413085,ros2_odometer_state
M19C_S3_artificial_turf_B1_U060_R1,2752.350797907,3.232956664,command,0.600000,-8.334562302,-42.387111664,-0.511505604,0.025419546,-0.031834289,-0.512616456,ros2_odometer_state
M19C_S3_artificial_turf_B1_U060_R1,2752.353535264,3.235694021,command,0.600000,-8.334562302,-42.387111664,-0.512616456,0.025419546,-0.031834289,-0.512616456,ros2_odometer_state
M19C_S3_artificial_turf_B1_U060_R1,2752.354612010,3.236770767,command,0.600000,-8.334562302,-42.387111664,-0.512616456,0.025486359,-0.031656213,-0.512705803,ros2_odometer_state
M19C_S3_artificial_turf_B1_U060_R1,2752.356898053,3.239056810,command,0.600000,-8.334562302,-42.387111664,-0.512616456,0.025616413,-0.031313948,-0.512897074,ros2_odometer_state
M19C_S3_artificial_turf_B1_U060_R1,2752.358346047,3.240504804,command,0.600000,-8.334562302,-42.387111664,-0.512616456,0.025683146,-0.031148087,-0.512996793,ros2_odometer_state
M19C_S3_artificial_turf_B1_U060_R1,2752.360500020,3.242658777,command,0.600000,-8.334562302,-42.387111664,-0.512616456,0.025760384,-0.030990196,-0.513088405,ros2_odometer_state
M19C_S3_artificial_turf_B1_U060_R1,2752.362230201,3.244388958,command,0.600000,-8.334562302,-42.387111664,-0.512616456,0.025846837,-0.030836126,-0.513184667,ros2_odometer_state
M19C_S3_artificial_turf_B1_U060_R1,2752.364224424,3.246383181,command,0.600000,-8.334562302,-42.387111664,-0.512616456,0.025929553,-0.030682532,-0.513279319,ros2_odometer_state
M19C_S3_artificial_turf_B1_U060_R1,2752.366210135,3.248368892,command,0.600000,-8.334562302,-42.387111664,-0.512616456,0.026015507,-0.030528629,-0.513369560,ros2_odometer_state
M19C_S3_artificial_turf_B1_U060_R1,2752.368294346,3.250453103,command,0.600000,-8.334562302,-42.387111664,-0.512616456,0.026111593,-0.030383274,-0.513446450,ros2_odometer_state
M19C_S3_artificial_turf_B1_U060_R1,2752.369575549,3.251734306,command,0.600000,-8.334562302,-42.387111664,-0.512616456,0.026111593,-0.030383274,-0.513446450,ros2_odometer_state
M19C_S3_artificial_turf_B1_U060_R1,2752.371439175,3.253597932,command,0.600000,-8.332736015,-42.388134003,-0.513501823,0.026215885,-0.030243028,-0.513501823,ros2_odometer_state
M19C_S3_artificial_turf_B1_U060_R1,2752.374124082,3.256282839,command,0.600000,-8.332736015,-42.388134003,-0.513501823,0.026444538,-0.029981662,-0.513573706,ros2_odometer_state
M19C_S3_artificial_turf_B1_U060_R1,2752.376760411,3.258919168,command,0.600000,-8.332736015,-42.388134003,-0.513501823,0.026568165,-0.029857880,-0.513603151,ros2_odometer_state
M19C_S3_artificial_turf_B1_U060_R1,2752.378181811,3.260340568,command,0.600000,-8.332736015,-42.388134003,-0.513501823,0.026709873,-0.029739847,-0.513633251,ros2_odometer_state
M19C_S3_artificial_turf_B1_U060_R1,2752.379446278,3.261605035,command,0.600000,-8.332736015,-42.388134003,-0.513501823,0.026709873,-0.029739847,-0.513633251,ros2_odometer_state
M19C_S3_artificial_turf_B1_U060_R1,2752.382239253,3.264398010,command,0.600000,-8.332736015,-42.388134003,-0.513501823,0.027046705,-0.029496692,-0.513688266,ros2_odometer_state
M19C_S3_artificial_turf_B1_U060_R1,2752.383487142,3.265645899,command,0.600000,-8.332736015,-42.388134003,-0.513501823,0.027046705,-0.029496692,-0.513688266,ros2_odometer_state
M19C_S3_artificial_turf_B1_U060_R1,2752.385461173,3.267619930,command,0.600000,-8.332736015,-42.388134003,-0.513501823,0.027226919,-0.029370066,-0.513713598,ros2_odometer_state
M19C_S3_artificial_turf_B1_U060_R1,2752.388275141,3.270433898,command,0.600000,-8.332736015,-42.388134003,-0.513501823,0.027627895,-0.029130757,-0.513734579,ros2_odometer_state
M19C_S3_artificial_turf_B1_U060_R1,2752.390252403,3.272411160,command,0.600000,-8.332736015,-42.388134003,-0.513501823,0.027836664,-0.029035838,-0.513724148,ros2_odometer_state
M19C_S3_artificial_turf_B1_U060_R1,2752.391572168,3.273730925,command,0.600000,-8.330668449,-42.389293671,-0.513724148,0.027836664,-0.029035838,-0.513724148,ros2_odometer_state
M19C_S3_artificial_turf_B1_U060_R1,2752.393548758,3.275707515,command,0.600000,-8.330668449,-42.389293671,-0.513724148,0.028042762,-0.028954552,-0.513712764,ros2_odometer_state
M19C_S3_artificial_turf_B1_U060_R1,2752.396968830,3.279127587,command,0.600000,-8.330668449,-42.389293671,-0.513724148,0.028473590,-0.028818097,-0.513663471,ros2_odometer_state
M19C_S3_artificial_turf_B1_U060_R1,2752.397913028,3.280071785,command,0.600000,-8.330668449,-42.389293671,-0.513724148,0.028473590,-0.028818097,-0.513663471,ros2_odometer_state
M19C_S3_artificial_turf_B1_U060_R1,2752.400341604,3.282500361,command,0.600000,-8.330668449,-42.389293671,-0.513724148,0.028901655,-0.028733920,-0.513583899,ros2_odometer_state
M19C_S3_artificial_turf_B1_U060_R1,2752.401494578,3.283653335,command,0.600000,-8.330668449,-42.389293671,-0.513724148,0.028901655,-0.028733920,-0.513583899,ros2_odometer_state
M19C_S3_artificial_turf_B1_U060_R1,2752.404555148,3.286713905,command,0.600000,-8.330668449,-42.389293671,-0.513724148,0.029307796,-0.028692756,-0.513463318,ros2_odometer_state
M19C_S3_artificial_turf_B1_U060_R1,2752.406279088,3.288437845,command,0.600000,-8.330668449,-42.389293671,-0.513724148,0.029512106,-0.028688777,-0.513399541,ros2_odometer_state
M19C_S3_artificial_turf_B1_U060_R1,2752.408254495,3.290413252,command,0.600000,-8.330668449,-42.389293671,-0.513724148,0.029713837,-0.028680192,-0.513337135,ros2_odometer_state
M19C_S3_artificial_turf_B1_U060_R1,2752.409525906,3.291684663,command,0.600000,-8.330668449,-42.389293671,-0.513724148,0.029713837,-0.028680192,-0.513337135,ros2_odometer_state
M19C_S3_artificial_turf_B1_U060_R1,2752.412390019,3.294548776,command,0.600000,-8.328327179,-42.390602112,-0.513277352,0.030090490,-0.028674129,-0.513212562,ros2_odometer_state
M19C_S3_artificial_turf_B1_U060_R1,2752.414232269,3.296391026,command,0.600000,-8.328327179,-42.390602112,-0.513277352,0.030274121,-0.028673723,-0.513146996,ros2_odometer_state
M19C_S3_artificial_turf_B1_U060_R1,2752.417016603,3.299175360,command,0.600000,-8.328327179,-42.390602112,-0.513277352,0.030464234,-0.028670577,-0.513080716,ros2_odometer_state
M19C_S3_artificial_turf_B1_U060_R1,2752.417646516,3.299805273,command,0.600000,-8.328327179,-42.390602112,-0.513277352,0.030464234,-0.028670577,-0.513080716,ros2_odometer_state
M19C_S3_artificial_turf_B1_U060_R1,2752.420414466,3.302573223,command,0.600000,-8.328327179,-42.390602112,-0.513277352,0.030861920,-0.028648317,-0.512972772,ros2_odometer_state
M19C_S3_artificial_turf_B1_U060_R1,2752.421559536,3.303718293,command,0.600000,-8.328327179,-42.390602112,-0.513277352,0.030861920,-0.028648317,-0.512972772,ros2_odometer_state
M19C_S3_artificial_turf_B1_U060_R1,2752.424328958,3.306487715,command,0.600000,-8.328327179,-42.390602112,-0.513277352,0.031283043,-0.028589562,-0.512935579,ros2_odometer_state
M19C_S3_artificial_turf_B1_U060_R1,2752.425569231,3.307727988,command,0.600000,-8.328327179,-42.390602112,-0.513277352,0.031283043,-0.028589562,-0.512935579,ros2_odometer_state
M19C_S3_artificial_turf_B1_U060_R1,2752.427508893,3.309667650,command,0.600000,-8.328327179,-42.390602112,-0.513277352,0.031502977,-0.028551105,-0.512927890,ros2_odometer_state
M19C_S3_artificial_turf_B1_U060_R1,2752.430400111,3.312558868,command,0.600000,-8.328327179,-42.390602112,-0.513277352,0.031928804,-0.028522996,-0.512936592,ros2_odometer_state
M19C_S3_artificial_turf_B1_U060_R1,2752.432420736,3.314579493,command,0.600000,-8.325734138,-42.392055511,-0.512936592,0.032151323,-0.028539572,-0.512952328,ros2_odometer_state
M19C_S3_artificial_turf_B1_U060_R1,2752.434359149,3.316517906,command,0.600000,-8.325734138,-42.392055511,-0.512936592,0.032379914,-0.028574497,-0.512988448,ros2_odometer_state
M19C_S3_artificial_turf_B1_U060_R1,2752.436866161,3.319024918,command,0.600000,-8.325734138,-42.392055511,-0.512936592,0.032606605,-0.028627200,-0.513038814,ros2_odometer_state
M19C_S3_artificial_turf_B1_U060_R1,2752.438381197,3.320539954,command,0.600000,-8.325734138,-42.392055511,-0.512936592,0.032822389,-0.028700856,-0.513104737,ros2_odometer_state
M19C_S3_artificial_turf_B1_U060_R1,2752.439873608,3.322032365,command,0.600000,-8.325734138,-42.392055511,-0.512936592,0.032822389,-0.028700856,-0.513104737,ros2_odometer_state
M19C_S3_artificial_turf_B1_U060_R1,2752.441601677,3.323760434,command,0.600000,-8.325734138,-42.392055511,-0.512936592,0.033043649,-0.028783225,-0.513188779,ros2_odometer_state
M19C_S3_artificial_turf_B1_U060_R1,2752.443603676,3.325762433,command,0.600000,-8.325734138,-42.392055511,-0.512936592,0.033266149,-0.028853640,-0.513290048,ros2_odometer_state
M19C_S3_artificial_turf_B1_U060_R1,2752.445620813,3.327779570,command,0.600000,-8.325734138,-42.392055511,-0.512936592,0.033483416,-0.028903507,-0.513388038,ros2_odometer_state
M19C_S3_artificial_turf_B1_U060_R1,2752.447573530,3.329732287,command,0.600000,-8.325734138,-42.392055511,-0.512936592,0.033696130,-0.028941734,-0.513481438,ros2_odometer_state
M19C_S3_artificial_turf_B1_U060_R1,2752.449666413,3.331825170,command,0.600000,-8.325734138,-42.392055511,-0.512936592,0.033895124,-0.028974473,-0.513568342,ros2_odometer_state
M19C_S3_artificial_turf_B1_U060_R1,2752.452544960,3.334703717,command,0.600000,-8.323219299,-42.394184113,-0.513634145,0.034294445,-0.029010484,-0.513687134,ros2_odometer_state
M19C_S3_artificial_turf_B1_U060_R1,2752.453644300,3.335803057,command,0.600000,-8.323219299,-42.394184113,-0.513634145,0.034294445,-0.029010484,-0.513687134,ros2_odometer_state
M19C_S3_artificial_turf_B1_U060_R1,2752.456267860,3.338426617,command,0.600000,-8.323219299,-42.394184113,-0.513634145,0.034492262,-0.029011069,-0.513741076,ros2_odometer_state
M19C_S3_artificial_turf_B1_U060_R1,2752.457713485,3.339872242,command,0.600000,-8.323219299,-42.394184113,-0.513634145,0.034692906,-0.029004768,-0.513800323,ros2_odometer_state
M19C_S3_artificial_turf_B1_U060_R1,2752.459821121,3.341979878,command,0.600000,-8.323219299,-42.394184113,-0.513634145,0.034902517,-0.028995216,-0.513881564,ros2_odometer_state
M19C_S3_artificial_turf_B1_U060_R1,2752.462626449,3.344785206,command,0.600000,-8.323219299,-42.394184113,-0.513634145,0.035360504,-0.028983813,-0.514077902,ros2_odometer_state
M19C_S3_artificial_turf_B1_U060_R1,2752.464481626,3.346640383,command,0.600000,-8.323219299,-42.394184113,-0.513634145,0.035596661,-0.028979247,-0.514188290,ros2_odometer_state
M19C_S3_artificial_turf_B1_U060_R1,2752.466397287,3.348556044,command,0.600000,-8.323219299,-42.394184113,-0.513634145,0.035841174,-0.028983951,-0.514317930,ros2_odometer_state
M19C_S3_artificial_turf_B1_U060_R1,2752.468443704,3.350602461,command,0.600000,-8.323219299,-42.394184113,-0.513634145,0.036094680,-0.028998895,-0.514465988,ros2_odometer_state
M19C_S3_artificial_turf_B1_U060_R1,2752.469625831,3.351784588,command,0.600000,-8.323219299,-42.394184113,-0.513634145,0.036094680,-0.028998895,-0.514465988,ros2_odometer_state
M19C_S3_artificial_turf_B1_U060_R1,2752.472476184,3.354634941,command,0.600000,-8.320598602,-42.396366119,-0.514624596,0.036618128,-0.029077923,-0.514785111,ros2_odometer_state
M19C_S3_artificial_turf_B1_U060_R1,2752.474430438,3.356589195,command,0.600000,-8.320598602,-42.396366119,-0.514624596,0.036888912,-0.029128665,-0.514955759,ros2_odometer_state
M19C_S3_artificial_turf_B1_U060_R1,2752.476945290,3.359104047,command,0.600000,-8.320598602,-42.396366119,-0.514624596,0.037158240,-0.029193966,-0.515138805,ros2_odometer_state
M19C_S3_artificial_turf_B1_U060_R1,2752.478482663,3.360641420,command,0.600000,-8.320598602,-42.396366119,-0.514624596,0.037433334,-0.029261576,-0.515336514,ros2_odometer_state
M19C_S3_artificial_turf_B1_U060_R1,2752.480490583,3.362649340,command,0.600000,-8.320598602,-42.396366119,-0.514624596,0.037720207,-0.029325638,-0.515555024,ros2_odometer_state
M19C_S3_artificial_turf_B1_U060_R1,2752.482452261,3.364611018,command,0.600000,-8.320598602,-42.396366119,-0.514624596,0.038014129,-0.029389625,-0.515799701,ros2_odometer_state
M19C_S3_artificial_turf_B1_U060_R1,2752.484450036,3.366608793,command,0.600000,-8.320598602,-42.396366119,-0.514624596,0.038304999,-0.029446445,-0.516059637,ros2_odometer_state
M19C_S3_artificial_turf_B1_U060_R1,2752.485718023,3.367876780,command,0.600000,-8.320598602,-42.396366119,-0.514624596,0.038304999,-0.029446445,-0.516059637,ros2_odometer_state
M19C_S3_artificial_turf_B1_U060_R1,2752.488576024,3.370734781,command,0.600000,-8.320598602,-42.396366119,-0.514624596,0.038864564,-0.029515551,-0.516613066,ros2_odometer_state
M19C_S3_artificial_turf_B1_U060_R1,2752.489745927,3.371904684,command,0.600000,-8.320598602,-42.396366119,-0.514624596,0.038864564,-0.029515551,-0.516613066,ros2_odometer_state
M19C_S3_artificial_turf_B1_U060_R1,2752.491769079,3.373927836,command,0.600000,-8.317627907,-42.398029327,-0.516884446,0.039131533,-0.029520245,-0.516884446,ros2_odometer_state
M19C_S3_artificial_turf_B1_U060_R1,2752.493667043,3.375825800,command,0.600000,-8.317627907,-42.398029327,-0.516884446,0.039383397,-0.029527241,-0.517136931,ros2_odometer_state
M19C_S3_artificial_turf_B1_U060_R1,2752.497175566,3.379334323,command,0.600000,-8.317627907,-42.398029327,-0.516884446,0.039836705,-0.029505376,-0.517557085,ros2_odometer_state
M19C_S3_artificial_turf_B1_U060_R1,2752.497748389,3.379907146,command,0.600000,-8.317627907,-42.398029327,-0.516884446,0.039836705,-0.029505376,-0.517557085,ros2_odometer_state
M19C_S3_artificial_turf_B1_U060_R1,2752.499715763,3.381874520,command,0.600000,-8.317627907,-42.398029327,-0.516884446,0.040039185,-0.029459078,-0.517687976,ros2_odometer_state
M19C_S3_artificial_turf_B1_U060_R1,2752.501680609,3.383839366,command,0.600000,-8.317627907,-42.398029327,-0.516884446,0.040232990,-0.029360492,-0.517770290,ros2_odometer_state
M19C_S3_artificial_turf_B1_U060_R1,2752.503714066,3.385872823,command,0.600000,-8.317627907,-42.398029327,-0.516884446,0.040418901,-0.029223576,-0.517803788,ros2_odometer_state
M19C_S3_artificial_turf_B1_U060_R1,2752.505670464,3.387829221,command,0.600000,-8.317627907,-42.398029327,-0.516884446,0.040596846,-0.029067637,-0.517811418,ros2_odometer_state
M19C_S3_artificial_turf_B1_U060_R1,2752.507684144,3.389842901,command,0.600000,-8.317627907,-42.398029327,-0.516884446,0.040764973,-0.028935205,-0.517813981,ros2_odometer_state
M19C_S3_artificial_turf_B1_U060_R1,2752.509722241,3.391880998,command,0.600000,-8.317627907,-42.398029327,-0.516884446,0.040939953,-0.028857205,-0.517866254,ros2_odometer_state
M19C_S3_artificial_turf_B1_U060_R1,2752.512666966,3.394825723,command,0.600000,-8.314604759,-42.399723053,-0.518027782,0.041334983,-0.028846456,-0.518226087,ros2_odometer_state
M19C_S3_artificial_turf_B1_U060_R1,2752.514513344,3.396672101,command,0.600000,-8.314604759,-42.399723053,-0.518027782,0.041506663,-0.028840385,-0.518312871,ros2_odometer_state
M19C_S3_artificial_turf_B1_U060_R1,2752.517125736,3.399284493,command,0.600000,-8.314604759,-42.399723053,-0.518027782,0.041643336,-0.028816953,-0.518295467,ros2_odometer_state
M19C_S3_artificial_turf_B1_U060_R1,2752.519269213,3.401427970,command,0.600000,-8.314604759,-42.399723053,-0.518027782,0.041776784,-0.028785089,-0.518335998,ros2_odometer_state
M19C_S3_artificial_turf_B1_U060_R1,2752.519953976,3.402112733,command,0.600000,-8.314604759,-42.399723053,-0.518027782,0.041776784,-0.028785089,-0.518335998,ros2_odometer_state
M19C_S3_artificial_turf_B1_U060_R1,2752.521809186,3.403967943,command,0.600000,-8.314604759,-42.399723053,-0.518027782,0.041914921,-0.028736727,-0.518464386,ros2_odometer_state
M19C_S3_artificial_turf_B1_U060_R1,2752.524815961,3.406974718,command,0.600000,-8.314604759,-42.399723053,-0.518027782,0.042199168,-0.028548606,-0.518662751,ros2_odometer_state
M19C_S3_artificial_turf_B1_U060_R1,2752.525852290,3.408011047,command,0.600000,-8.314604759,-42.399723053,-0.518027782,0.042199168,-0.028548606,-0.518662751,ros2_odometer_state
M19C_S3_artificial_turf_B1_U060_R1,2752.527883763,3.410042520,command,0.600000,-8.314604759,-42.399723053,-0.518027782,0.042342328,-0.028424619,-0.518767416,ros2_odometer_state
M19C_S3_artificial_turf_B1_U060_R1,2752.529767614,3.411926371,command,0.600000,-8.314604759,-42.399723053,-0.518027782,0.042484503,-0.028299879,-0.518892646,ros2_odometer_state
M19C_S3_artificial_turf_B1_U060_R1,2752.531884978,3.414043735,command,0.600000,-8.312143326,-42.402069092,-0.518984675,0.042613614,-0.028154166,-0.518984675,ros2_odometer_state
M19C_S3_artificial_turf_B1_U060_R1,2752.534483930,3.416642687,command,0.600000,-8.312143326,-42.402069092,-0.518984675,0.042834394,-0.027766116,-0.519107580,ros2_odometer_state
M19C_S3_artificial_turf_B1_U060_R1,2752.537227591,3.419386348,command,0.600000,-8.312143326,-42.402069092,-0.518984675,0.042932618,-0.027556878,-0.519163191,ros2_odometer_state
M19C_S3_artificial_turf_B1_U060_R1,2752.537786365,3.419945122,command,0.600000,-8.312143326,-42.402069092,-0.518984675,0.042932618,-0.027556878,-0.519163191,ros2_odometer_state
M19C_S3_artificial_turf_B1_U060_R1,2752.540093785,3.422252542,command,0.600000,-8.312143326,-42.402069092,-0.518984675,0.043012675,-0.027347734,-0.519208074,ros2_odometer_state
M19C_S3_artificial_turf_B1_U060_R1,2752.541698104,3.423856861,command,0.600000,-8.312143326,-42.402069092,-0.518984675,0.043085679,-0.027131803,-0.519241095,ros2_odometer_state
M19C_S3_artificial_turf_B1_U060_R1,2752.544493672,3.426652429,command,0.600000,-8.312143326,-42.402069092,-0.518984675,0.043218166,-0.026713664,-0.519316733,ros2_odometer_state
M19C_S3_artificial_turf_B1_U060_R1,2752.545742553,3.427901310,command,0.600000,-8.312143326,-42.402069092,-0.518984675,0.043218166,-0.026713664,-0.519316733,ros2_odometer_state
M19C_S3_artificial_turf_B1_U060_R1,2752.549131136,3.431289893,command,0.600000,-8.312143326,-42.402069092,-0.518984675,0.043334391,-0.026352588,-0.519430578,ros2_odometer_state
M19C_S3_artificial_turf_B1_U060_R1,2752.551021931,3.433180688,command,0.600000,-8.312143326,-42.402069092,-0.518984675,0.043383058,-0.026181659,-0.519491673,ros2_odometer_state
M19C_S3_artificial_turf_B1_U060_R1,2752.551885389,3.434044146,command,0.600000,-8.309540749,-42.404464722,-0.519491673,0.043383058,-0.026181659,-0.519491673,ros2_odometer_state
M19C_S3_artificial_turf_B1_U060_R1,2752.553849724,3.436008481,command,0.600000,-8.309540749,-42.404464722,-0.519491673,0.043432277,-0.026021689,-0.519558132,ros2_odometer_state
M19C_S3_artificial_turf_B1_U060_R1,2752.557361415,3.439520172,command,0.600000,-8.309540749,-42.404464722,-0.519491673,0.043530323,-0.025737770,-0.519708693,ros2_odometer_state
M19C_S3_artificial_turf_B1_U060_R1,2752.558050275,3.440209032,command,0.600000,-8.309540749,-42.404464722,-0.519491673,0.043530323,-0.025737770,-0.519708693,ros2_odometer_state
M19C_S3_artificial_turf_B1_U060_R1,2752.560685899,3.442844656,command,0.600000,-8.309540749,-42.404464722,-0.519491673,0.043604985,-0.025449792,-0.519812644,ros2_odometer_state
M19C_S3_artificial_turf_B1_U060_R1,2752.562530709,3.444689466,command,0.600000,-8.309540749,-42.404464722,-0.519491673,0.043647263,-0.025307484,-0.519856155,ros2_odometer_state
M19C_S3_artificial_turf_B1_U060_R1,2752.564591687,3.446750444,command,0.600000,-8.309540749,-42.404464722,-0.519491673,0.043683767,-0.025169402,-0.519904673,ros2_odometer_state
M19C_S3_artificial_turf_B1_U060_R1,2752.566536244,3.448695001,command,0.600000,-8.309540749,-42.404464722,-0.519491673,0.043714929,-0.025047585,-0.519958735,ros2_odometer_state
M19C_S3_artificial_turf_B1_U060_R1,2752.568574917,3.450733674,command,0.600000,-8.309540749,-42.404464722,-0.519491673,0.043747544,-0.024936242,-0.520001531,ros2_odometer_state
M19C_S3_artificial_turf_B1_U060_R1,2752.570615990,3.452774747,command,0.600000,-8.309540749,-42.404464722,-0.519491673,0.043772370,-0.024818886,-0.520039797,ros2_odometer_state
M19C_S3_artificial_turf_B1_U060_R1,2752.571872808,3.454031565,command,0.600000,-8.306697845,-42.406879425,-0.520039797,0.043772370,-0.024818886,-0.520039797,ros2_odometer_state
M19C_S3_artificial_turf_B1_U060_R1,2752.574609589,3.456768346,command,0.600000,-8.306697845,-42.406879425,-0.520039797,0.043809559,-0.024623940,-0.520052433,ros2_odometer_state
M19C_S3_artificial_turf_B1_U060_R1,2752.577170491,3.459329248,command,0.600000,-8.306697845,-42.406879425,-0.520039797,0.043828584,-0.024534589,-0.520022154,ros2_odometer_state
M19C_S3_artificial_turf_B1_U060_R1,2752.578543985,3.460702742,command,0.600000,-8.306697845,-42.406879425,-0.520039797,0.043839496,-0.024437537,-0.519983828,ros2_odometer_state
M19C_S3_artificial_turf_B1_U060_R1,2752.580574530,3.462733287,command,0.600000,-8.306697845,-42.406879425,-0.520039797,0.043845851,-0.024338409,-0.519954085,ros2_odometer_state
M19C_S3_artificial_turf_B1_U060_R1,2752.582523664,3.464682421,command,0.600000,-8.306697845,-42.406879425,-0.520039797,0.043861266,-0.024221543,-0.519938469,ros2_odometer_state
M19C_S3_artificial_turf_B1_U060_R1,2752.585143640,3.467302397,command,0.600000,-8.306697845,-42.406879425,-0.520039797,0.043875612,-0.024071615,-0.519916236,ros2_odometer_state
M19C_S3_artificial_turf_B1_U060_R1,2752.586996353,3.469155110,command,0.600000,-8.306697845,-42.406879425,-0.520039797,0.043870851,-0.023896374,-0.519850194,ros2_odometer_state
M19C_S3_artificial_turf_B1_U060_R1,2752.588601537,3.470760294,command,0.600000,-8.306697845,-42.406879425,-0.520039797,0.043847654,-0.023702977,-0.519753575,ros2_odometer_state
M19C_S3_artificial_turf_B1_U060_R1,2752.590689012,3.472847769,command,0.600000,-8.306697845,-42.406879425,-0.520039797,0.043813497,-0.023505367,-0.519632101,ros2_odometer_state
M19C_S3_artificial_turf_B1_U060_R1,2752.592997648,3.475156405,command,0.600000,-8.303378105,-42.408740997,-0.519632101,0.043775622,-0.023298033,-0.519495726,ros2_odometer_state
M19C_S3_artificial_turf_B1_U060_R1,2752.594718964,3.476877721,command,0.600000,-8.303378105,-42.408740997,-0.519632101,0.043735024,-0.023087930,-0.519332409,ros2_odometer_state
M19C_S3_artificial_turf_B1_U060_R1,2752.597601671,3.479760428,command,0.600000,-8.303378105,-42.408740997,-0.519632101,0.043688960,-0.022874240,-0.519139647,ros2_odometer_state
M19C_S3_artificial_turf_B1_U060_R1,2752.599284522,3.481443279,command,0.600000,-8.303378105,-42.408740997,-0.519632101,0.043629754,-0.022652786,-0.518938780,ros2_odometer_state
M19C_S3_artificial_turf_B1_U060_R1,2752.599910787,3.482069544,command,0.600000,-8.303378105,-42.408740997,-0.519632101,0.043629754,-0.022652786,-0.518938780,ros2_odometer_state
M19C_S3_artificial_turf_B1_U060_R1,2752.602671729,3.484830486,command,0.600000,-8.303378105,-42.408740997,-0.519632101,0.043508954,-0.022176981,-0.518609464,ros2_odometer_state
M19C_S3_artificial_turf_B1_U060_R1,2752.604683489,3.486842246,command,0.600000,-8.303378105,-42.408740997,-0.519632101,0.043450266,-0.021944944,-0.518464983,ros2_odometer_state
M19C_S3_artificial_turf_B1_U060_R1,2752.606661135,3.488819892,command,0.600000,-8.303378105,-42.408740997,-0.519632101,0.043392695,-0.021726297,-0.518303871,ros2_odometer_state
M19C_S3_artificial_turf_B1_U060_R1,2752.608701984,3.490860741,command,0.600000,-8.303378105,-42.408740997,-0.519632101,0.043325055,-0.021523098,-0.518115044,ros2_odometer_state
M19C_S3_artificial_turf_B1_U060_R1,2752.610729521,3.492888278,command,0.600000,-8.303378105,-42.408740997,-0.519632101,0.043249413,-0.021334859,-0.517919600,ros2_odometer_state
M19C_S3_artificial_turf_B1_U060_R1,2752.612784867,3.494943624,command,0.600000,-8.299794197,-42.410747528,-0.517919600,0.043182738,-0.021162238,-0.517712474,ros2_odometer_state
M19C_S3_artificial_turf_B1_U060_R1,2752.614656141,3.496814898,command,0.600000,-8.299794197,-42.410747528,-0.517919600,0.043116491,-0.020993931,-0.517466605,ros2_odometer_state
M19C_S3_artificial_turf_B1_U060_R1,2752.617219315,3.499378072,command,0.600000,-8.299794197,-42.410747528,-0.517919600,0.043048602,-0.020826392,-0.517193675,ros2_odometer_state
M19C_S3_artificial_turf_B1_U060_R1,2752.618730447,3.500889204,command,0.600000,-8.299794197,-42.410747528,-0.517919600,0.042974539,-0.020648424,-0.516935289,ros2_odometer_state
M19C_S3_artificial_turf_B1_U060_R1,2752.621443163,3.503601920,command,0.600000,-8.299794197,-42.410747528,-0.517919600,0.042887673,-0.020435847,-0.516719818,ros2_odometer_state
M19C_S3_artificial_turf_B1_U060_R1,2752.622248507,3.504407264,command,0.600000,-8.299794197,-42.410747528,-0.517919600,0.042887673,-0.020435847,-0.516719818,ros2_odometer_state
M19C_S3_artificial_turf_B1_U060_R1,2752.624779104,3.506937861,command,0.600000,-8.299794197,-42.410747528,-0.517919600,0.042697221,-0.019905912,-0.516408563,ros2_odometer_state
M19C_S3_artificial_turf_B1_U060_R1,2752.625923597,3.508082354,command,0.600000,-8.299794197,-42.410747528,-0.517919600,0.042697221,-0.019905912,-0.516408563,ros2_odometer_state
M19C_S3_artificial_turf_B1_U060_R1,2752.627902524,3.510061281,command,0.600000,-8.299794197,-42.410747528,-0.517919600,0.042601060,-0.019609030,-0.516273081,ros2_odometer_state
M19C_S3_artificial_turf_B1_U060_R1,2752.629937453,3.512096210,command,0.600000,-8.299794197,-42.410747528,-0.517919600,0.042481802,-0.019299854,-0.516132653,ros2_odometer_state
M19C_S3_artificial_turf_B1_U060_R1,2752.632027712,3.514186469,command,0.600000,-8.296406746,-42.412643433,-0.515985906,0.042332008,-0.018997641,-0.515985906,ros2_odometer_state
M19C_S3_artificial_turf_B1_U060_R1,2752.633976141,3.516134898,command,0.600000,-8.296406746,-42.412643433,-0.515985906,0.042152118,-0.018704811,-0.515827119,ros2_odometer_state
M19C_S3_artificial_turf_B1_U060_R1,2752.636563092,3.518721849,command,0.600000,-8.296406746,-42.412643433,-0.515985906,0.041931067,-0.018426770,-0.515652597,ros2_odometer_state
M19C_S3_artificial_turf_B1_U060_R1,2752.638730890,3.520889647,command,0.600000,-8.296406746,-42.412643433,-0.515985906,0.041441545,-0.017962137,-0.515297890,ros2_odometer_state
M19C_S3_artificial_turf_B1_U060_R1,2752.641034566,3.523193323,command,0.600000,-8.296406746,-42.412643433,-0.515985906,0.041166194,-0.017759174,-0.515235722,ros2_odometer_state
M19C_S3_artificial_turf_B1_U060_R1,2752.642657734,3.524816491,command,0.600000,-8.296406746,-42.412643433,-0.515985906,0.040879540,-0.017553402,-0.515275538,ros2_odometer_state
M19C_S3_artificial_turf_B1_U060_R1,2752.643877751,3.526036508,command,0.600000,-8.296406746,-42.412643433,-0.515985906,0.040879540,-0.017553402,-0.515275538,ros2_odometer_state
M19C_S3_artificial_turf_B1_U060_R1,2752.646791051,3.528949808,command,0.600000,-8.296406746,-42.412643433,-0.515985906,0.040321320,-0.017069241,-0.515441537,ros2_odometer_state
M19C_S3_artificial_turf_B1_U060_R1,2752.648794618,3.530953375,command,0.600000,-8.296406746,-42.412643433,-0.515985906,0.040031794,-0.016776163,-0.515512466,ros2_odometer_state
M19C_S3_artificial_turf_B1_U060_R1,2752.650906478,3.533065235,command,0.600000,-8.296406746,-42.412643433,-0.515985906,0.039712239,-0.016450338,-0.515615404,ros2_odometer_state
M19C_S3_artificial_turf_B1_U060_R1,2752.652033595,3.534192352,command,0.600000,-8.292919159,-42.414596558,-0.515615404,0.039712239,-0.016450338,-0.515615404,ros2_odometer_state
M19C_S3_artificial_turf_B1_U060_R1,2752.655501701,3.537660458,command,0.600000,-8.292919159,-42.414596558,-0.515615404,0.039063830,-0.015759680,-0.515820384,ros2_odometer_state
M19C_S3_artificial_turf_B1_U060_R1,2752.657963239,3.540121996,command,0.600000,-8.292919159,-42.414596558,-0.515615404,0.038732570,-0.015396596,-0.515877306,ros2_odometer_state
M19C_S3_artificial_turf_B1_U060_R1,2752.658361719,3.540520476,command,0.600000,-8.292919159,-42.414596558,-0.515615404,0.038732570,-0.015396596,-0.515877306,ros2_odometer_state
M19C_S3_artificial_turf_B1_U060_R1,2752.660980191,3.543138948,command,0.600000,-8.292919159,-42.414596558,-0.515615404,0.038103279,-0.014686943,-0.516210735,ros2_odometer_state
M19C_S3_artificial_turf_B1_U060_R1,2752.662766374,3.544925131,command,0.600000,-8.292919159,-42.414596558,-0.515615404,0.037826031,-0.014359332,-0.516470313,ros2_odometer_state
M19C_S3_artificial_turf_B1_U060_R1,2752.664729140,3.546887897,command,0.600000,-8.292919159,-42.414596558,-0.515615404,0.037544265,-0.014075828,-0.516761482,ros2_odometer_state
M19C_S3_artificial_turf_B1_U060_R1,2752.666726467,3.548885224,command,0.600000,-8.292919159,-42.414596558,-0.515615404,0.037227597,-0.013820693,-0.517022312,ros2_odometer_state
M19C_S3_artificial_turf_B1_U060_R1,2752.668722579,3.550881336,command,0.600000,-8.292919159,-42.414596558,-0.515615404,0.036886908,-0.013544162,-0.517218113,ros2_odometer_state
M19C_S3_artificial_turf_B1_U060_R1,2752.670063944,3.552222701,command,0.600000,-8.292919159,-42.414596558,-0.515615404,0.036886908,-0.013544162,-0.517218113,ros2_odometer_state
M19C_S3_artificial_turf_B1_U060_R1,2752.672827158,3.554985915,command,0.600000,-8.289726257,-42.417140961,-0.517423511,0.036252704,-0.012850855,-0.517752230,ros2_odometer_state
M19C_S3_artificial_turf_B1_U060_R1,2752.674855975,3.557014732,command,0.600000,-8.289726257,-42.417140961,-0.517423511,0.035982694,-0.012507278,-0.518091977,ros2_odometer_state
M19C_S3_artificial_turf_B1_U060_R1,2752.676667023,3.558825780,command,0.600000,-8.289726257,-42.417140961,-0.517423511,0.035982694,-0.012507278,-0.518091977,ros2_odometer_state
M19C_S3_artificial_turf_B1_U060_R1,2752.678119944,3.560278701,command,0.600000,-8.289726257,-42.417140961,-0.517423511,0.035717599,-0.012218699,-0.518163979,ros2_odometer_state
M19C_S3_artificial_turf_B1_U060_R1,2752.680081814,3.562240571,command,0.600000,-8.289726257,-42.417140961,-0.517423511,0.035502043,-0.011941675,-0.518054128,ros2_odometer_state
M19C_S3_artificial_turf_B1_U060_R1,2752.682014627,3.564173384,command,0.600000,-8.289726257,-42.417140961,-0.517423511,0.035502043,-0.011941675,-0.518054128,ros2_odometer_state
M19C_S3_artificial_turf_B1_U060_R1,2752.684068245,3.566227002,command,0.600000,-8.289726257,-42.417140961,-0.517423511,0.035472650,-0.011367636,-0.518769264,ros2_odometer_state
M19C_S3_artificial_turf_B1_U060_R1,2752.686727167,3.568885924,command,0.600000,-8.289726257,-42.417140961,-0.517423511,0.035663992,-0.011129055,-0.519302249,ros2_odometer_state
M19C_S3_artificial_turf_B1_U060_R1,2752.688927158,3.571085915,command,0.600000,-8.289726257,-42.417140961,-0.517423511,0.036221951,-0.010769130,-0.519919336,ros2_odometer_state
M19C_S3_artificial_turf_B1_U060_R1,2752.691394008,3.573552765,command,0.600000,-8.289726257,-42.417140961,-0.517423511,0.036744844,-0.010525717,-0.520348012,ros2_odometer_state
M19C_S3_artificial_turf_B1_U060_R1,2752.692869043,3.575027800,command,0.600000,-8.286261559,-42.419082642,-0.520348012,0.037124015,-0.010429256,-0.520511627,ros2_odometer_state
M19C_S3_artificial_turf_B1_U060_R1,2752.694730749,3.576889506,command,0.600000,-8.286261559,-42.419082642,-0.520348012,0.037635397,-0.010321799,-0.520659447,ros2_odometer_state
M19C_S3_artificial_turf_B1_U060_R1,2752.697380486,3.579539243,command,0.600000,-8.286261559,-42.419082642,-0.520348012,0.038230345,-0.010233216,-0.520777047,ros2_odometer_state
M19C_S3_artificial_turf_B1_U060_R1,2752.698768477,3.580927234,command,0.600000,-8.286261559,-42.419082642,-0.520348012,0.038842682,-0.010190583,-0.520915747,ros2_odometer_state
M19C_S3_artificial_turf_B1_U060_R1,2752.701184637,3.583343394,command,0.600000,-8.286261559,-42.419082642,-0.520348012,0.039451964,-0.010162954,-0.521145701,ros2_odometer_state
M19C_S3_artificial_turf_B1_U060_R1,2752.702834847,3.584993604,command,0.600000,-8.286261559,-42.419082642,-0.520348012,0.040073883,-0.010129214,-0.521426797,ros2_odometer_state
M19C_S3_artificial_turf_B1_U060_R1,2752.704772588,3.586931345,command,0.600000,-8.286261559,-42.419082642,-0.520348012,0.040706363,-0.010084018,-0.521670997,ros2_odometer_state
M19C_S3_artificial_turf_B1_U060_R1,2752.706754011,3.588912768,command,0.600000,-8.286261559,-42.419082642,-0.520348012,0.041316766,-0.010056982,-0.521840155,ros2_odometer_state
M19C_S3_artificial_turf_B1_U060_R1,2752.708806188,3.590964945,command,0.600000,-8.286261559,-42.419082642,-0.520348012,0.041884255,-0.010076342,-0.521884501,ros2_odometer_state
M19C_S3_artificial_turf_B1_U060_R1,2752.710760122,3.592918879,command,0.600000,-8.286261559,-42.419082642,-0.520348012,0.042414337,-0.010123257,-0.521826804,ros2_odometer_state
M19C_S3_artificial_turf_B1_U060_R1,2752.713150137,3.595308894,command,0.600000,-8.282239914,-42.420333862,-0.521826804,0.042906523,-0.010169422,-0.521783233,ros2_odometer_state
M19C_S3_artificial_turf_B1_U060_R1,2752.714267909,3.596426666,command,0.600000,-8.282239914,-42.420333862,-0.521826804,0.042906523,-0.010169422,-0.521783233,ros2_odometer_state
M19C_S3_artificial_turf_B1_U060_R1,2752.717063989,3.599222746,command,0.600000,-8.282239914,-42.420333862,-0.521826804,0.043384552,-0.010206320,-0.521795332,ros2_odometer_state
M19C_S3_artificial_turf_B1_U060_R1,2752.718626771,3.600785528,command,0.600000,-8.282239914,-42.420333862,-0.521826804,0.043846402,-0.010255381,-0.521844745,ros2_odometer_state
M19C_S3_artificial_turf_B1_U060_R1,2752.720260564,3.602419321,command,0.600000,-8.282239914,-42.420333862,-0.521826804,0.044241443,-0.010349972,-0.521912396,ros2_odometer_state
M19C_S3_artificial_turf_B1_U060_R1,2752.722169824,3.604328581,command,0.600000,-8.282239914,-42.420333862,-0.521826804,0.044568524,-0.010471959,-0.521969974,ros2_odometer_state
M19C_S3_artificial_turf_B1_U060_R1,2752.724135694,3.606294451,command,0.600000,-8.282239914,-42.420333862,-0.521826804,0.044857241,-0.010600469,-0.521986663,ros2_odometer_state
M19C_S3_artificial_turf_B1_U060_R1,2752.726930877,3.609089634,command,0.600000,-8.282239914,-42.420333862,-0.521826804,0.045349430,-0.010901477,-0.521725833,ros2_odometer_state
M19C_S3_artificial_turf_B1_U060_R1,2752.728888683,3.611047440,command,0.600000,-8.282239914,-42.420333862,-0.521826804,0.045565218,-0.011103264,-0.521439314,ros2_odometer_state
M19C_S3_artificial_turf_B1_U060_R1,2752.730827928,3.612986685,command,0.600000,-8.282239914,-42.420333862,-0.521826804,0.045738216,-0.011306041,-0.521101236,ros2_odometer_state
M19C_S3_artificial_turf_B1_U060_R1,2752.732955180,3.615113937,command,0.600000,-8.278491974,-42.422431946,-0.521101236,0.045848578,-0.011503383,-0.520759821,ros2_odometer_state
M19C_S3_artificial_turf_B1_U060_R1,2752.734807222,3.616965979,command,0.600000,-8.278491974,-42.422431946,-0.521101236,0.045901831,-0.011704450,-0.520475924,ros2_odometer_state
M19C_S3_artificial_turf_B1_U060_R1,2752.737533410,3.619692167,command,0.600000,-8.278491974,-42.422431946,-0.521101236,0.045914520,-0.011931182,-0.520246804,ros2_odometer_state
M19C_S3_artificial_turf_B1_U060_R1,2752.738982396,3.621141153,command,0.600000,-8.278491974,-42.422431946,-0.521101236,0.045908108,-0.012194746,-0.520051837,ros2_odometer_state
M19C_S3_artificial_turf_B1_U060_R1,2752.740302449,3.622461206,command,0.600000,-8.278491974,-42.422431946,-0.521101236,0.045908108,-0.012194746,-0.520051837,ros2_odometer_state
M19C_S3_artificial_turf_B1_U060_R1,2752.742943546,3.625102303,command,0.600000,-8.278491974,-42.422431946,-0.521101236,0.045878049,-0.012745673,-0.519864917,ros2_odometer_state
M19C_S3_artificial_turf_B1_U060_R1,2752.744941513,3.627100270,command,0.600000,-8.278491974,-42.422431946,-0.521101236,0.045902237,-0.013037794,-0.519753456,ros2_odometer_state
M19C_S3_artificial_turf_B1_U060_R1,2752.746958233,3.629116990,command,0.600000,-8.278491974,-42.422431946,-0.521101236,0.045973364,-0.013334474,-0.519563019,ros2_odometer_state
M19C_S3_artificial_turf_B1_U060_R1,2752.749060045,3.631218802,command,0.600000,-8.278491974,-42.422431946,-0.521101236,0.046076283,-0.013608375,-0.519405067,ros2_odometer_state
M19C_S3_artificial_turf_B1_U060_R1,2752.750252348,3.632411105,command,0.600000,-8.278491974,-42.422431946,-0.521101236,0.046076283,-0.013608375,-0.519405067,ros2_odometer_state
M19C_S3_artificial_turf_B1_U060_R1,2752.752277677,3.634436434,command,0.600000,-8.274698257,-42.426635742,-0.519392729,0.046167884,-0.013849153,-0.519392729,ros2_odometer_state
M19C_S3_artificial_turf_B1_U060_R1,2752.754268124,3.636426881,command,0.600000,-8.274698257,-42.426635742,-0.519392729,0.046236131,-0.014079469,-0.519499362,ros2_odometer_state
M19C_S3_artificial_turf_B1_U060_R1,2752.757564255,3.639723012,command,0.600000,-8.274698257,-42.426635742,-0.519392729,0.046249785,-0.014665287,-0.519609272,ros2_odometer_state
M19C_S3_artificial_turf_B1_U060_R1,2752.758963254,3.641122011,command,0.600000,-8.274698257,-42.426635742,-0.519392729,0.046200823,-0.015032529,-0.519558012,ros2_odometer_state
M19C_S3_artificial_turf_B1_U060_R1,2752.761042505,3.643201262,command,0.600000,-8.274698257,-42.426635742,-0.519392729,0.046133857,-0.015409892,-0.519489050,ros2_odometer_state
M19C_S3_artificial_turf_B1_U060_R1,2752.762946101,3.645104858,command,0.600000,-8.274698257,-42.426635742,-0.519392729,0.046063844,-0.015783614,-0.519428909,ros2_odometer_state
M19C_S3_artificial_turf_B1_U060_R1,2752.764929092,3.647087849,command,0.600000,-8.274698257,-42.426635742,-0.519392729,0.045995090,-0.016132297,-0.519396365,ros2_odometer_state
M19C_S3_artificial_turf_B1_U060_R1,2752.766902386,3.649061143,command,0.600000,-8.274698257,-42.426635742,-0.519392729,0.045923699,-0.016446235,-0.519378066,ros2_odometer_state
M19C_S3_artificial_turf_B1_U060_R1,2752.769001798,3.651160555,command,0.600000,-8.274698257,-42.426635742,-0.519392729,0.045851175,-0.016714558,-0.519347072,ros2_odometer_state
M19C_S3_artificial_turf_B1_U060_R1,2752.770932402,3.653091159,command,0.600000,-8.274698257,-42.426635742,-0.519392729,0.045799989,-0.016952965,-0.519288123,ros2_odometer_state
M19C_S3_artificial_turf_B1_U060_R1,2752.772994372,3.655153129,command,0.600000,-8.270833969,-42.432209015,-0.519288123,0.045774724,-0.017200984,-0.519198179,ros2_odometer_state
M19C_S3_artificial_turf_B1_U060_R1,2752.774914225,3.657072982,command,0.600000,-8.270833969,-42.432209015,-0.519288123,0.045774542,-0.017476693,-0.519125402,ros2_odometer_state
M19C_S3_artificial_turf_B1_U060_R1,2752.777721632,3.659880389,command,0.600000,-8.270833969,-42.432209015,-0.519288123,0.045806449,-0.017816776,-0.519106209,ros2_odometer_state
M19C_S3_artificial_turf_B1_U060_R1,2752.778388315,3.660547072,command,0.600000,-8.270833969,-42.432209015,-0.519288123,0.045806449,-0.017816776,-0.519106209,ros2_odometer_state
M19C_S3_artificial_turf_B1_U060_R1,2752.781471445,3.663630202,command,0.600000,-8.270833969,-42.432209015,-0.519288123,0.045878809,-0.018647240,-0.519075036,ros2_odometer_state
M19C_S3_artificial_turf_B1_U060_R1,2752.786287445,3.668446202,command,0.600000,-8.270833969,-42.432209015,-0.519288123,0.045891855,-0.019079490,-0.519049764,ros2_odometer_state
M19C_S3_artificial_turf_B1_U060_R1,2752.787486116,3.669644873,command,0.600000,-8.270833969,-42.432209015,-0.519288123,0.045859549,-0.019536627,-0.519057035,ros2_odometer_state
M19C_S3_artificial_turf_B1_U060_R1,2752.788760471,3.670919228,command,0.600000,-8.270833969,-42.432209015,-0.519288123,0.045797732,-0.019973062,-0.519107521,ros2_odometer_state
M19C_S3_artificial_turf_B1_U060_R1,2752.789680860,3.671839617,command,0.600000,-8.270833969,-42.432209015,-0.519288123,0.045720756,-0.020325463,-0.519145906,ros2_odometer_state
M19C_S3_artificial_turf_B1_U060_R1,2752.790517053,3.672675810,command,0.600000,-8.270833969,-42.432209015,-0.519288123,0.045720756,-0.020325463,-0.519145906,ros2_odometer_state
M19C_S3_artificial_turf_B1_U060_R1,2752.793467090,3.675625847,command,0.600000,-8.266514778,-42.438426971,-0.519093156,0.045542486,-0.020806028,-0.519014299,ros2_odometer_state
M19C_S3_artificial_turf_B1_U060_R1,2752.795373310,3.677532067,command,0.600000,-8.266514778,-42.438426971,-0.519093156,0.045542486,-0.020806028,-0.519014299,ros2_odometer_state
M19C_S3_artificial_turf_B1_U060_R1,2752.797943428,3.680102185,command,0.600000,-8.266514778,-42.438426971,-0.519093156,0.045428734,-0.021189826,-0.519259632,ros2_odometer_state
M19C_S3_artificial_turf_B1_U060_R1,2752.798897770,3.681056527,command,0.600000,-8.266514778,-42.438426971,-0.519093156,0.045428734,-0.021189826,-0.519259632,ros2_odometer_state
M19C_S3_artificial_turf_B1_U060_R1,2752.802199021,3.684357778,command,0.600000,-8.266514778,-42.438426971,-0.519093156,0.045447983,-0.021478362,-0.519410729,ros2_odometer_state
M19C_S3_artificial_turf_B1_U060_R1,2752.802678272,3.684837029,command,0.600000,-8.266514778,-42.438426971,-0.519093156,0.045447983,-0.021478362,-0.519410729,ros2_odometer_state
M19C_S3_artificial_turf_B1_U060_R1,2752.805716921,3.687875678,command,0.600000,-8.266514778,-42.438426971,-0.519093156,0.045603603,-0.021805581,-0.519530654,ros2_odometer_state
M19C_S3_artificial_turf_B1_U060_R1,2752.806514329,3.688673086,command,0.600000,-8.266514778,-42.438426971,-0.519093156,0.045603603,-0.021805581,-0.519530654,ros2_odometer_state
M19C_S3_artificial_turf_B1_U060_R1,2752.810752673,3.692911430,command,0.600000,-8.266514778,-42.438426971,-0.519093156,0.045785200,-0.022001823,-0.519526482,ros2_odometer_state
M19C_S3_artificial_turf_B1_U060_R1,2752.811949201,3.694107958,command,0.600000,-8.266514778,-42.438426971,-0.519093156,0.045996804,-0.022233402,-0.519545019,ros2_odometer_state
M19C_S3_artificial_turf_B1_U060_R1,2752.819205874,3.701364631,command,0.600000,-8.261989594,-42.445285797,-0.519650936,0.046446092,-0.022821570,-0.519799948,ros2_odometer_state
M19C_S3_artificial_turf_B1_U060_R1,2752.820767824,3.702926581,command,0.600000,-8.261989594,-42.445285797,-0.519650936,0.046669718,-0.023145376,-0.519940257,ros2_odometer_state
M19C_S3_artificial_turf_B1_U060_R1,2752.821840954,3.703999711,command,0.600000,-8.261989594,-42.445285797,-0.519650936,0.046895854,-0.023475068,-0.520075083,ros2_odometer_state
M19C_S3_artificial_turf_B1_U060_R1,2752.823743270,3.705902027,command,0.600000,-8.261989594,-42.445285797,-0.519650936,0.047148030,-0.023789359,-0.520242155,ros2_odometer_state
M19C_S3_artificial_turf_B1_U060_R1,2752.825157374,3.707316131,command,0.600000,-8.261989594,-42.445285797,-0.519650936,0.047473859,-0.024068734,-0.520483196,ros2_odometer_state
M19C_S3_artificial_turf_B1_U060_R1,2752.826465746,3.708624503,command,0.600000,-8.261989594,-42.445285797,-0.519650936,0.047848523,-0.024329582,-0.520749390,ros2_odometer_state
M19C_S3_artificial_turf_B1_U060_R1,2752.827503323,3.709662080,command,0.600000,-8.261989594,-42.445285797,-0.519650936,0.048226051,-0.024629096,-0.521014273,ros2_odometer_state
M19C_S3_artificial_turf_B1_U060_R1,2752.828906771,3.711065528,command,0.600000,-8.261989594,-42.445285797,-0.519650936,0.048639581,-0.024988674,-0.521309674,ros2_odometer_state
M19C_S3_artificial_turf_B1_U060_R1,2752.829826776,3.711985533,command,0.600000,-8.261989594,-42.445285797,-0.519650936,0.049098037,-0.025418479,-0.521622241,ros2_odometer_state
M19C_S3_artificial_turf_B1_U060_R1,2752.830477490,3.712636247,command,0.600000,-8.261989594,-42.445285797,-0.519650936,0.049098037,-0.025418479,-0.521622241,ros2_odometer_state
M19C_S3_artificial_turf_B1_U060_R1,2752.832397950,3.714556707,command,0.600000,-8.256410599,-42.452190399,-0.521938443,0.049599398,-0.025900735,-0.521938443,ros2_odometer_state
M19C_S3_artificial_turf_B1_U060_R1,2752.835126763,3.717285520,command,0.600000,-8.256410599,-42.452190399,-0.521938443,0.050848778,-0.026888192,-0.522659183,ros2_odometer_state
M19C_S3_artificial_turf_B1_U060_R1,2752.837812181,3.719970938,command,0.600000,-8.256410599,-42.452190399,-0.521938443,0.051617462,-0.027343929,-0.523012996,ros2_odometer_state
M19C_S3_artificial_turf_B1_U060_R1,2752.838725786,3.720884543,command,0.600000,-8.256410599,-42.452190399,-0.521938443,0.051617462,-0.027343929,-0.523012996,ros2_odometer_state
M19C_S3_artificial_turf_B1_U060_R1,2752.841467975,3.723626732,command,0.600000,-8.256410599,-42.452190399,-0.521938443,0.053389046,-0.028139170,-0.523571789,ros2_odometer_state
M19C_S3_artificial_turf_B1_U060_R1,2752.843143305,3.725302062,command,0.600000,-8.256410599,-42.452190399,-0.521938443,0.054393720,-0.028527141,-0.523782730,ros2_odometer_state
M19C_S3_artificial_turf_B1_U060_R1,2752.845238269,3.727397026,command,0.600000,-8.256410599,-42.452190399,-0.521938443,0.055451907,-0.028951572,-0.524009764,ros2_odometer_state
M19C_S3_artificial_turf_B1_U060_R1,2752.847119591,3.729278348,command,0.600000,-8.256410599,-42.452190399,-0.521938443,0.056508381,-0.029511930,-0.524245024,ros2_odometer_state
M19C_S3_artificial_turf_B1_U060_R1,2752.849499366,3.731658123,command,0.600000,-8.256410599,-42.452190399,-0.521938443,0.057470135,-0.030339658,-0.524278760,ros2_odometer_state
M19C_S3_artificial_turf_B1_U060_R1,2752.851597209,3.733755966,command,0.600000,-8.256410599,-42.452190399,-0.521938443,0.058135204,-0.031493191,-0.524069250,ros2_odometer_state
M19C_S3_artificial_turf_B1_U060_R1,2752.852652707,3.734811464,command,0.600000,-8.249381065,-42.459434509,-0.524069250,0.058135204,-0.031493191,-0.524069250,ros2_odometer_state
M19C_S3_artificial_turf_B1_U060_R1,2752.855159655,3.737318412,command,0.600000,-8.249381065,-42.459434509,-0.524069250,0.058711261,-0.034267634,-0.523628950,ros2_odometer_state
M19C_S3_artificial_turf_B1_U060_R1,2752.858172447,3.740331204,command,0.600000,-8.249381065,-42.459434509,-0.524069250,0.058751993,-0.035528153,-0.523630619,ros2_odometer_state
M19C_S3_artificial_turf_B1_U060_R1,2752.858551438,3.740710195,command,0.600000,-8.249381065,-42.459434509,-0.524069250,0.058751993,-0.035528153,-0.523630619,ros2_odometer_state
M19C_S3_artificial_turf_B1_U060_R1,2752.861266554,3.743425311,command,0.600000,-8.249381065,-42.459434509,-0.524069250,0.058574025,-0.037220813,-0.524304628,ros2_odometer_state
M19C_S3_artificial_turf_B1_U060_R1,2752.863452241,3.745610998,command,0.600000,-8.249381065,-42.459434509,-0.524069250,0.058435380,-0.037511092,-0.524768829,ros2_odometer_state
M19C_S3_artificial_turf_B1_U060_R1,2752.865465025,3.747623782,command,0.600000,-8.249381065,-42.459434509,-0.524069250,0.058276910,-0.037484426,-0.525342703,ros2_odometer_state
M19C_S3_artificial_turf_B1_U060_R1,2752.866526155,3.748684912,command,0.600000,-8.249381065,-42.459434509,-0.524069250,0.058276910,-0.037484426,-0.525342703,ros2_odometer_state
M19C_S3_artificial_turf_B1_U060_R1,2752.868500089,3.750658846,command,0.600000,-8.249381065,-42.459434509,-0.524069250,0.058084685,-0.037310421,-0.526007831,ros2_odometer_state
M19C_S3_artificial_turf_B1_U060_R1,2752.870491497,3.752650254,command,0.600000,-8.249381065,-42.459434509,-0.524069250,0.057852108,-0.037180021,-0.526627839,ros2_odometer_state
M19C_S3_artificial_turf_B1_U060_R1,2752.873162803,3.755321560,command,0.600000,-8.240930557,-42.467922211,-0.527054250,0.057232391,-0.037569392,-0.527323365,ros2_odometer_state
M19C_S3_artificial_turf_B1_U060_R1,2752.875072223,3.757230980,command,0.600000,-8.240930557,-42.467922211,-0.527054250,0.056717169,-0.038142432,-0.527473986,ros2_odometer_state
M19C_S3_artificial_turf_B1_U060_R1,2752.877710440,3.759869197,command,0.600000,-8.240930557,-42.467922211,-0.527054250,0.056091916,-0.038586702,-0.527458906,ros2_odometer_state
M19C_S3_artificial_turf_B1_U060_R1,2752.879078302,3.761237059,command,0.600000,-8.240930557,-42.467922211,-0.527054250,0.055527888,-0.039084177,-0.527336478,ros2_odometer_state
M19C_S3_artificial_turf_B1_U060_R1,2752.881126959,3.763285716,command,0.600000,-8.240930557,-42.467922211,-0.527054250,0.055068474,-0.039832309,-0.527167737,ros2_odometer_state
M19C_S3_artificial_turf_B1_U060_R1,2752.882492326,3.764651083,command,0.600000,-8.240930557,-42.467922211,-0.527054250,0.055068474,-0.039832309,-0.527167737,ros2_odometer_state
M19C_S3_artificial_turf_B1_U060_R1,2752.885174448,3.767333205,command,0.600000,-8.240930557,-42.467922211,-0.527054250,0.054525688,-0.041457843,-0.526807666,ros2_odometer_state
M19C_S3_artificial_turf_B1_U060_R1,2752.886508677,3.768667434,command,0.600000,-8.240930557,-42.467922211,-0.527054250,0.054525688,-0.041457843,-0.526807666,ros2_odometer_state
M19C_S3_artificial_turf_B1_U060_R1,2752.889156271,3.771315028,command,0.600000,-8.240930557,-42.467922211,-0.527054250,0.054406852,-0.042709328,-0.526708424,ros2_odometer_state
M19C_S3_artificial_turf_B1_U060_R1,2752.890586055,3.772744812,command,0.600000,-8.240930557,-42.467922211,-0.527054250,0.054406852,-0.042709328,-0.526708424,ros2_odometer_state
M19C_S3_artificial_turf_B1_U060_R1,2752.892640249,3.774799006,command,0.600000,-8.233684540,-42.479568481,-0.526692331,0.054480556,-0.043133225,-0.526692331,ros2_odometer_state
M19C_S3_artificial_turf_B1_U060_R1,2752.894574310,3.776733067,command,0.600000,-8.233684540,-42.479568481,-0.526692331,0.054623172,-0.043417193,-0.526704252,ros2_odometer_state
M19C_S3_artificial_turf_B1_U060_R1,2752.897920459,3.780079216,command,0.600000,-8.233684540,-42.479568481,-0.526692331,0.055097658,-0.043554541,-0.526969433,ros2_odometer_state
M19C_S3_artificial_turf_B1_U060_R1,2752.898675753,3.780834510,command,0.600000,-8.233684540,-42.479568481,-0.526692331,0.055097658,-0.043554541,-0.526969433,ros2_odometer_state
M19C_S3_artificial_turf_B1_U060_R1,2752.901506938,3.783665695,command,0.600000,-8.233684540,-42.479568481,-0.526692331,0.055764262,-0.043167762,-0.527076960,ros2_odometer_state
M19C_S3_artificial_turf_B1_U060_R1,2752.902599237,3.784757994,command,0.600000,-8.233684540,-42.479568481,-0.526692331,0.055764262,-0.043167762,-0.527076960,ros2_odometer_state
M19C_S3_artificial_turf_B1_U060_R1,2752.904579028,3.786737785,command,0.600000,-8.233684540,-42.479568481,-0.526692331,0.056096524,-0.042877246,-0.526982665,ros2_odometer_state
M19C_S3_artificial_turf_B1_U060_R1,2752.906618661,3.788777418,command,0.600000,-8.233684540,-42.479568481,-0.526692331,0.056404389,-0.042633198,-0.526924908,ros2_odometer_state
M19C_S3_artificial_turf_B1_U060_R1,2752.908770426,3.790929183,command,0.600000,-8.233684540,-42.479568481,-0.526692331,0.056705449,-0.042478979,-0.526985645,ros2_odometer_state
M19C_S3_artificial_turf_B1_U060_R1,2752.911270110,3.793428867,command,0.600000,-8.233684540,-42.479568481,-0.526692331,0.057359617,-0.042398285,-0.527200878,ros2_odometer_state
M19C_S3_artificial_turf_B1_U060_R1,2752.913224300,3.795383057,command,0.600000,-8.225263596,-42.490367889,-0.527200878,0.057724997,-0.042444829,-0.527301192,ros2_odometer_state
M19C_S3_artificial_turf_B1_U060_R1,2752.915146648,3.797305405,command,0.600000,-8.225263596,-42.490367889,-0.527200878,0.058072295,-0.042554796,-0.527476549,ros2_odometer_state
M19C_S3_artificial_turf_B1_U060_R1,2752.917747615,3.799906372,command,0.600000,-8.225263596,-42.490367889,-0.527200878,0.058393486,-0.042738542,-0.527673185,ros2_odometer_state
M19C_S3_artificial_turf_B1_U060_R1,2752.919324670,3.801483427,command,0.600000,-8.225263596,-42.490367889,-0.527200878,0.058670223,-0.042992290,-0.527740538,ros2_odometer_state
M19C_S3_artificial_turf_B1_U060_R1,2752.921720797,3.803879554,command,0.600000,-8.225263596,-42.490367889,-0.527200878,0.058877468,-0.043311190,-0.527577877,ros2_odometer_state
M19C_S3_artificial_turf_B1_U060_R1,2752.923273947,3.805432704,command,0.600000,-8.225263596,-42.490367889,-0.527200878,0.059037309,-0.043678693,-0.527255297,ros2_odometer_state
M19C_S3_artificial_turf_B1_U060_R1,2752.925262570,3.807421327,command,0.600000,-8.225263596,-42.490367889,-0.527200878,0.059146449,-0.044078473,-0.526858032,ros2_odometer_state
M19C_S3_artificial_turf_B1_U060_R1,2752.927196759,3.809355516,command,0.600000,-8.225263596,-42.490367889,-0.527200878,0.059214890,-0.044511009,-0.526449919,ros2_odometer_state
M19C_S3_artificial_turf_B1_U060_R1,2752.929155397,3.811314154,command,0.600000,-8.225263596,-42.490367889,-0.527200878,0.059269957,-0.044975858,-0.526062250,ros2_odometer_state
M19C_S3_artificial_turf_B1_U060_R1,2752.931634087,3.813792844,command,0.600000,-8.225263596,-42.490367889,-0.527200878,0.059343234,-0.045454975,-0.525654912,ros2_odometer_state
M19C_S3_artificial_turf_B1_U060_R1,2752.933329739,3.815488496,command,0.600000,-8.217926979,-42.498950958,-0.525654912,0.059437696,-0.045932844,-0.525209129,ros2_odometer_state
M19C_S3_artificial_turf_B1_U060_R1,2752.935180532,3.817339289,command,0.600000,-8.217926979,-42.498950958,-0.525654912,0.059570894,-0.046381440,-0.524791420,ros2_odometer_state
M19C_S3_artificial_turf_B1_U060_R1,2752.937879840,3.820038597,command,0.600000,-8.217926979,-42.498950958,-0.525654912,0.059744626,-0.046797588,-0.524438202,ros2_odometer_state
M19C_S3_artificial_turf_B1_U060_R1,2752.939257271,3.821416028,command,0.600000,-8.217926979,-42.498950958,-0.525654912,0.059923220,-0.047185041,-0.524099946,ros2_odometer_state
M19C_S3_artificial_turf_B1_U060_R1,2752.941411500,3.823570257,command,0.600000,-8.217926979,-42.498950958,-0.525654912,0.060055532,-0.047524847,-0.523740709,ros2_odometer_state
M19C_S3_artificial_turf_B1_U060_R1,2752.943246101,3.825404858,command,0.600000,-8.217926979,-42.498950958,-0.525654912,0.060133014,-0.047805455,-0.523314416,ros2_odometer_state
M19C_S3_artificial_turf_B1_U060_R1,2752.945190114,3.827348871,command,0.600000,-8.217926979,-42.498950958,-0.525654912,0.060160626,-0.048040424,-0.522789001,ros2_odometer_state
M19C_S3_artificial_turf_B1_U060_R1,2752.947207795,3.829366552,command,0.600000,-8.217926979,-42.498950958,-0.525654912,0.060192652,-0.048259616,-0.522212148,ros2_odometer_state
M19C_S3_artificial_turf_B1_U060_R1,2752.949221955,3.831380712,command,0.600000,-8.217926979,-42.498950958,-0.525654912,0.060284108,-0.048546802,-0.521651089,ros2_odometer_state
M19C_S3_artificial_turf_B1_U060_R1,2752.951234131,3.833392888,command,0.600000,-8.217926979,-42.498950958,-0.525654912,0.060434170,-0.048968159,-0.521176338,ros2_odometer_state
M19C_S3_artificial_turf_B1_U060_R1,2752.953338790,3.835497547,command,0.600000,-8.209499359,-42.508216858,-0.521176338,0.060617626,-0.049483787,-0.520819128,ros2_odometer_state
M19C_S3_artificial_turf_B1_U060_R1,2752.955397400,3.837556157,command,0.600000,-8.209499359,-42.508216858,-0.521176338,0.060789380,-0.050066896,-0.520577967,ros2_odometer_state
M19C_S3_artificial_turf_B1_U060_R1,2752.957990591,3.840149348,command,0.600000,-8.209499359,-42.508216858,-0.521176338,0.060892686,-0.050667014,-0.520385206,ros2_odometer_state
M19C_S3_artificial_turf_B1_U060_R1,2752.959335477,3.841494234,command,0.600000,-8.209499359,-42.508216858,-0.521176338,0.060916003,-0.051254742,-0.520143092,ros2_odometer_state
M19C_S3_artificial_turf_B1_U060_R1,2752.961800215,3.843958972,command,0.600000,-8.209499359,-42.508216858,-0.521176338,0.060873017,-0.051809430,-0.519791663,ros2_odometer_state
M19C_S3_artificial_turf_B1_U060_R1,2752.962555637,3.844714394,command,0.600000,-8.209499359,-42.508216858,-0.521176338,0.060873017,-0.051809430,-0.519791663,ros2_odometer_state
M19C_S3_artificial_turf_B1_U060_R1,2752.965426151,3.847584908,command,0.600000,-8.209499359,-42.508216858,-0.521176338,0.060700830,-0.052776869,-0.518781543,ros2_odometer_state
M19C_S3_artificial_turf_B1_U060_R1,2752.966526099,3.848684856,command,0.600000,-8.209499359,-42.508216858,-0.521176338,0.060700830,-0.052776869,-0.518781543,ros2_odometer_state
M19C_S3_artificial_turf_B1_U060_R1,2752.969398149,3.851556906,command,0.600000,-8.209499359,-42.508216858,-0.521176338,0.060543921,-0.053645603,-0.517814219,ros2_odometer_state
M19C_S3_artificial_turf_B1_U060_R1,2752.970567731,3.852726488,command,0.600000,-8.209499359,-42.508216858,-0.521176338,0.060543921,-0.053645603,-0.517814219,ros2_odometer_state
M19C_S3_artificial_turf_B1_U060_R1,2752.973514921,3.855673678,command,0.600000,-8.200036049,-42.516994476,-0.517533839,0.060398124,-0.054713927,-0.517384470,ros2_odometer_state
M19C_S3_artificial_turf_B1_U060_R1,2752.975418996,3.857577753,command,0.600000,-8.200036049,-42.516994476,-0.517533839,0.060358599,-0.055334557,-0.517320812,ros2_odometer_state
M19C_S3_artificial_turf_B1_U060_R1,2752.977181562,3.859340319,command,0.600000,-8.200036049,-42.516994476,-0.517533839,0.060358599,-0.055334557,-0.517320812,ros2_odometer_state
M19C_S3_artificial_turf_B1_U060_R1,2752.978618547,3.860777304,command,0.600000,-8.200036049,-42.516994476,-0.517533839,0.060372058,-0.056005344,-0.517329931,ros2_odometer_state
M19C_S3_artificial_turf_B1_U060_R1,2752.981495622,3.863654379,command,0.600000,-8.200036049,-42.516994476,-0.517533839,0.060533535,-0.057229795,-0.517529070,ros2_odometer_state
M19C_S3_artificial_turf_B1_U060_R1,2752.983420370,3.865579127,command,0.600000,-8.200036049,-42.516994476,-0.517533839,0.060588710,-0.057609759,-0.517524898,ros2_odometer_state
M19C_S3_artificial_turf_B1_U060_R1,2752.984569280,3.866728037,command,0.600000,-8.200036049,-42.516994476,-0.517533839,0.060588710,-0.057609759,-0.517524898,ros2_odometer_state
M19C_S3_artificial_turf_B1_U060_R1,2752.986811673,3.868970430,command,0.600000,-8.200036049,-42.516994476,-0.517533839,0.060613841,-0.057871979,-0.517485678,ros2_odometer_state
M19C_S3_artificial_turf_B1_U060_R1,2752.989648586,3.871807343,command,0.600000,-8.200036049,-42.516994476,-0.517533839,0.060689040,-0.058351275,-0.517679989,ros2_odometer_state
M19C_S3_artificial_turf_B1_U060_R1,2752.990646354,3.872805111,command,0.600000,-8.200036049,-42.516994476,-0.517533839,0.060689040,-0.058351275,-0.517679989,ros2_odometer_state
M19C_S3_artificial_turf_B1_U060_R1,2752.992706340,3.874865097,command,0.600000,-8.189896584,-42.526489258,-0.517877996,0.060786340,-0.058602694,-0.517877996,ros2_odometer_state
M19C_S3_artificial_turf_B1_U060_R1,2752.994648209,3.876806966,command,0.600000,-8.189896584,-42.526489258,-0.517877996,0.060908560,-0.058863152,-0.518096089,ros2_odometer_state
M19C_S3_artificial_turf_B1_U060_R1,2752.997218551,3.879377308,command,0.600000,-8.189896584,-42.526489258,-0.517877996,0.061035760,-0.059103776,-0.518370211,ros2_odometer_state
M19C_S3_artificial_turf_B1_U060_R1,2752.999525811,3.881684568,command,0.600000,-8.189896584,-42.526489258,-0.517877996,0.061207395,-0.059572022,-0.519074857,ros2_odometer_state
M19C_S3_artificial_turf_B1_U060_R1,2753.000718946,3.882877703,command,0.600000,-8.189896584,-42.526489258,-0.517877996,0.061207395,-0.059572022,-0.519074857,ros2_odometer_state
M19C_S3_artificial_turf_B1_U060_R1,2753.003506417,3.885665174,command,0.600000,-8.189896584,-42.526489258,-0.517877996,0.061137341,-0.059949052,-0.519667685,ros2_odometer_state
M19C_S3_artificial_turf_B1_U060_R1,2753.004607037,3.886765794,command,0.600000,-8.189896584,-42.526489258,-0.517877996,0.061137341,-0.059949052,-0.519667685,ros2_odometer_state
M19C_S3_artificial_turf_B1_U060_R1,2753.007455566,3.889614323,command,0.600000,-8.189896584,-42.526489258,-0.517877996,0.061048456,-0.060205787,-0.520210803,ros2_odometer_state
M19C_S3_artificial_turf_B1_U060_R1,2753.009489215,3.891647972,command,0.600000,-8.189896584,-42.526489258,-0.517877996,0.061086632,-0.060340948,-0.520580828,ros2_odometer_state
M19C_S3_artificial_turf_B1_U060_R1,2753.011809947,3.893968704,command,0.600000,-8.189896584,-42.526489258,-0.517877996,0.061163563,-0.060439885,-0.520984709,ros2_odometer_state
M19C_S3_artificial_turf_B1_U060_R1,2753.013805610,3.895964367,command,0.600000,-8.179883003,-42.534610748,-0.520984709,0.061234124,-0.060474727,-0.521370292,ros2_odometer_state
M19C_S3_artificial_turf_B1_U060_R1,2753.014812338,3.896971095,command,0.600000,-8.179883003,-42.534610748,-0.520984709,0.061234124,-0.060474727,-0.521370292,ros2_odometer_state
M19C_S3_artificial_turf_B1_U060_R1,2753.018178168,3.900336925,command,0.600000,-8.179883003,-42.534610748,-0.520984709,0.061230011,-0.060427722,-0.522229135,ros2_odometer_state
M19C_S3_artificial_turf_B1_U060_R1,2753.018958871,3.901117628,command,0.600000,-8.179883003,-42.534610748,-0.520984709,0.061230011,-0.060427722,-0.522229135,ros2_odometer_state
M19C_S3_artificial_turf_B1_U060_R1,2753.020890564,3.903049321,command,0.600000,-8.179883003,-42.534610748,-0.520984709,0.061139185,-0.060378868,-0.522683859,ros2_odometer_state
M19C_S3_artificial_turf_B1_U060_R1,2753.022860594,3.905019351,command,0.600000,-8.179883003,-42.534610748,-0.520984709,0.060997892,-0.060320817,-0.523054957,ros2_odometer_state
M19C_S3_artificial_turf_B1_U060_R1,2753.024708092,3.906866849,command,0.600000,-8.179883003,-42.534610748,-0.520984709,0.060831938,-0.060251489,-0.523314059,ros2_odometer_state
M19C_S3_artificial_turf_B1_U060_R1,2753.026653257,3.908812014,command,0.600000,-8.179883003,-42.534610748,-0.520984709,0.060682606,-0.060177054,-0.523492396,ros2_odometer_state
M19C_S3_artificial_turf_B1_U060_R1,2753.029533724,3.911692481,command,0.600000,-8.179883003,-42.534610748,-0.520984709,0.060475271,-0.060107861,-0.523807108,ros2_odometer_state
M19C_S3_artificial_turf_B1_U060_R1,2753.030678089,3.912836846,command,0.600000,-8.179883003,-42.534610748,-0.520984709,0.060475271,-0.060107861,-0.523807108,ros2_odometer_state
M19C_S3_artificial_turf_B1_U060_R1,2753.032787901,3.914946658,command,0.600000,-8.169984818,-42.542572021,-0.524007440,0.060393427,-0.060089324,-0.524007440,ros2_odometer_state
M19C_S3_artificial_turf_B1_U060_R1,2753.034709834,3.916868591,command,0.600000,-8.169984818,-42.542572021,-0.524007440,0.060299788,-0.060043775,-0.524246633,ros2_odometer_state
M19C_S3_artificial_turf_B1_U060_R1,2753.037340562,3.919499319,command,0.600000,-8.169984818,-42.542572021,-0.524007440,0.060176507,-0.059964284,-0.524501383,ros2_odometer_state
M19C_S3_artificial_turf_B1_U060_R1,2753.038793804,3.920952561,command,0.600000,-8.169984818,-42.542572021,-0.524007440,0.059994731,-0.059853509,-0.524732888,ros2_odometer_state
M19C_S3_artificial_turf_B1_U060_R1,2753.040902880,3.923061637,command,0.600000,-8.169984818,-42.542572021,-0.524007440,0.059748504,-0.059736706,-0.524879217,ros2_odometer_state
M19C_S3_artificial_turf_B1_U060_R1,2753.043121688,3.925280445,command,0.600000,-8.169984818,-42.542572021,-0.524007440,0.059465304,-0.059623994,-0.524905384,ros2_odometer_state
M19C_S3_artificial_turf_B1_U060_R1,2753.045150953,3.927309710,command,0.600000,-8.169984818,-42.542572021,-0.524007440,0.059155639,-0.059512768,-0.524804115,ros2_odometer_state
M19C_S3_artificial_turf_B1_U060_R1,2753.047251868,3.929410625,command,0.600000,-8.169984818,-42.542572021,-0.524007440,0.058840346,-0.059411108,-0.524572194,ros2_odometer_state
M19C_S3_artificial_turf_B1_U060_R1,2753.049560472,3.931719229,command,0.600000,-8.169984818,-42.542572021,-0.524007440,0.058283914,-0.059273425,-0.523793340,ros2_odometer_state
M19C_S3_artificial_turf_B1_U060_R1,2753.050706342,3.932865099,command,0.600000,-8.169984818,-42.542572021,-0.524007440,0.058283914,-0.059273425,-0.523793340,ros2_odometer_state
M19C_S3_artificial_turf_B1_U060_R1,2753.053613721,3.935772478,command,0.600000,-8.159914017,-42.550628662,-0.523358345,0.057791941,-0.059229292,-0.522960782,ros2_odometer_state
M19C_S3_artificial_turf_B1_U060_R1,2753.055417217,3.937575974,command,0.600000,-8.159914017,-42.550628662,-0.523358345,0.057504565,-0.059235230,-0.522593796,ros2_odometer_state
M19C_S3_artificial_turf_B1_U060_R1,2753.058220976,3.940379733,command,0.600000,-8.159914017,-42.550628662,-0.523358345,0.057174362,-0.059265941,-0.522237241,ros2_odometer_state
M19C_S3_artificial_turf_B1_U060_R1,2753.058913036,3.941071793,command,0.600000,-8.159914017,-42.550628662,-0.523358345,0.057174362,-0.059265941,-0.522237241,ros2_odometer_state
M19C_S3_artificial_turf_B1_U060_R1,2753.061702491,3.943861248,command,0.600000,-8.159914017,-42.550628662,-0.523358345,0.056306999,-0.059426054,-0.521361411,ros2_odometer_state
M19C_S3_artificial_turf_B1_U060_R1,2753.062994094,3.945152851,command,0.600000,-8.159914017,-42.550628662,-0.523358345,0.056306999,-0.059426054,-0.521361411,ros2_odometer_state
M19C_S3_artificial_turf_B1_U060_R1,2753.065570997,3.947729754,command,0.600000,-8.159914017,-42.550628662,-0.523358345,0.055376843,-0.059723333,-0.520007133,ros2_odometer_state
M19C_S3_artificial_turf_B1_U060_R1,2753.067472800,3.949631557,command,0.600000,-8.159914017,-42.550628662,-0.523358345,0.054951139,-0.059897806,-0.519167423,ros2_odometer_state
M19C_S3_artificial_turf_B1_U060_R1,2753.069546547,3.951705304,command,0.600000,-8.159914017,-42.550628662,-0.523358345,0.054564521,-0.060079671,-0.518307924,ros2_odometer_state
M19C_S3_artificial_turf_B1_U060_R1,2753.071470399,3.953629156,command,0.600000,-8.159914017,-42.550628662,-0.523358345,0.054188821,-0.060237367,-0.517516017,ros2_odometer_state
M19C_S3_artificial_turf_B1_U060_R1,2753.073778779,3.955937536,command,0.600000,-8.150605202,-42.559494019,-0.517516017,0.053796519,-0.060382757,-0.516805351,ros2_odometer_state
M19C_S3_artificial_turf_B1_U060_R1,2753.075786891,3.957945648,command,0.600000,-8.150605202,-42.559494019,-0.517516017,0.053372908,-0.060519565,-0.516192079,ros2_odometer_state
M19C_S3_artificial_turf_B1_U060_R1,2753.078248365,3.960407122,command,0.600000,-8.150605202,-42.559494019,-0.517516017,0.052903615,-0.060650848,-0.515664518,ros2_odometer_state
M19C_S3_artificial_turf_B1_U060_R1,2753.078934696,3.961093453,command,0.600000,-8.150605202,-42.559494019,-0.517516017,0.052903615,-0.060650848,-0.515664518,ros2_odometer_state
M19C_S3_artificial_turf_B1_U060_R1,2753.083914862,3.966073619,command,0.600000,-8.150605202,-42.559494019,-0.517516017,0.051962048,-0.060952112,-0.514506876,ros2_odometer_state
M19C_S3_artificial_turf_B1_U060_R1,2753.085188096,3.967346853,command,0.600000,-8.150605202,-42.559494019,-0.517516017,0.051569574,-0.061120585,-0.513830364,ros2_odometer_state
M19C_S3_artificial_turf_B1_U060_R1,2753.086126854,3.968285611,command,0.600000,-8.150605202,-42.559494019,-0.517516017,0.051243052,-0.061281662,-0.513118207,ros2_odometer_state
M19C_S3_artificial_turf_B1_U060_R1,2753.086826082,3.968984839,command,0.600000,-8.150605202,-42.559494019,-0.517516017,0.051243052,-0.061281662,-0.513118207,ros2_odometer_state
M19C_S3_artificial_turf_B1_U060_R1,2753.088850194,3.971008951,command,0.600000,-8.150605202,-42.559494019,-0.517516017,0.050951745,-0.061415140,-0.512404025,ros2_odometer_state
M19C_S3_artificial_turf_B1_U060_R1,2753.091551197,3.973709954,command,0.600000,-8.150605202,-42.559494019,-0.517516017,0.050303001,-0.061564077,-0.511109352,ros2_odometer_state
M19C_S3_artificial_turf_B1_U060_R1,2753.092942005,3.975100762,command,0.600000,-8.141160965,-42.568668365,-0.511109352,0.050303001,-0.061564077,-0.511109352,ros2_odometer_state
M19C_S3_artificial_turf_B1_U060_R1,2753.095530428,3.977689185,command,0.600000,-8.141160965,-42.568668365,-0.511109352,0.049486589,-0.061574090,-0.510076284,ros2_odometer_state
M19C_S3_artificial_turf_B1_U060_R1,2753.098172197,3.980330954,command,0.600000,-8.141160965,-42.568668365,-0.511109352,0.049032770,-0.061542049,-0.509613335,ros2_odometer_state
M19C_S3_artificial_turf_B1_U060_R1,2753.099564572,3.981723329,command,0.600000,-8.141160965,-42.568668365,-0.511109352,0.048578266,-0.061514974,-0.509080946,ros2_odometer_state
M19C_S3_artificial_turf_B1_U060_R1,2753.101522058,3.983680815,command,0.600000,-8.141160965,-42.568668365,-0.511109352,0.048128627,-0.061487708,-0.508426905,ros2_odometer_state
M19C_S3_artificial_turf_B1_U060_R1,2753.103458167,3.985616924,command,0.600000,-8.141160965,-42.568668365,-0.511109352,0.047709972,-0.061472654,-0.507720172,ros2_odometer_state
M19C_S3_artificial_turf_B1_U060_R1,2753.105498984,3.987657741,command,0.600000,-8.141160965,-42.568668365,-0.511109352,0.047382463,-0.061482359,-0.507100165,ros2_odometer_state
M19C_S3_artificial_turf_B1_U060_R1,2753.107440181,3.989598938,command,0.600000,-8.141160965,-42.568668365,-0.511109352,0.047141433,-0.061531313,-0.506631017,ros2_odometer_state
M19C_S3_artificial_turf_B1_U060_R1,2753.109464518,3.991623275,command,0.600000,-8.141160965,-42.568668365,-0.511109352,0.046933021,-0.061621729,-0.506300449,ros2_odometer_state
M19C_S3_artificial_turf_B1_U060_R1,2753.111516503,3.993675260,command,0.600000,-8.141160965,-42.568668365,-0.511109352,0.046730470,-0.061728872,-0.506111681,ros2_odometer_state
M19C_S3_artificial_turf_B1_U060_R1,2753.113673485,3.995832242,command,0.600000,-8.131222725,-42.577270508,-0.506111681,0.046730470,-0.061728872,-0.506111681,ros2_odometer_state
M19C_S3_artificial_turf_B1_U060_R1,2753.115500310,3.997659067,command,0.600000,-8.131222725,-42.577270508,-0.506111681,0.046538472,-0.061822936,-0.506029189,ros2_odometer_state
M19C_S3_artificial_turf_B1_U060_R1,2753.117832562,3.999991319,command,0.600000,-8.131222725,-42.577270508,-0.506111681,0.046348847,-0.061855897,-0.505978942,ros2_odometer_state
M19C_S3_artificial_turf_B1_U060_R1,2753.118914813,4.001073570,command,0.600000,-8.131222725,-42.577270508,-0.506111681,0.046149824,-0.061803259,-0.505906701,ros2_odometer_state
M19C_S3_artificial_turf_B1_U060_R1,2753.121605768,4.003764525,command,0.600000,-8.131222725,-42.577270508,-0.506111681,0.045649644,-0.061567709,-0.505540788,ros2_odometer_state
M19C_S3_artificial_turf_B1_U060_R1,2753.123984263,4.006143020,command,0.600000,-8.131222725,-42.577270508,-0.506111681,0.045374122,-0.061484803,-0.505316854,ros2_odometer_state
M19C_S3_artificial_turf_B1_U060_R1,2753.125587271,4.007746028,command,0.600000,-8.131222725,-42.577270508,-0.506111681,0.045086738,-0.061428562,-0.505132675,ros2_odometer_state
M19C_S3_artificial_turf_B1_U060_R1,2753.127617143,4.009775900,command,0.600000,-8.131222725,-42.577270508,-0.506111681,0.044764142,-0.061374713,-0.504957139,ros2_odometer_state
M19C_S3_artificial_turf_B1_U060_R1,2753.129596326,4.011755083,command,0.600000,-8.131222725,-42.577270508,-0.506111681,0.044427309,-0.061329626,-0.504789710,ros2_odometer_state
M19C_S3_artificial_turf_B1_U060_R1,2753.131578133,4.013736890,command,0.600000,-8.131222725,-42.577270508,-0.506111681,0.044102881,-0.061302543,-0.504626930,ros2_odometer_state
M19C_S3_artificial_turf_B1_U060_R1,2753.133651879,4.015810636,command,0.600000,-8.118957520,-42.586277008,-0.504626930,0.043795079,-0.061255906,-0.504487932,ros2_odometer_state
M19C_S3_artificial_turf_B1_U060_R1,2753.135557747,4.017716504,command,0.600000,-8.118957520,-42.586277008,-0.504626930,0.043518119,-0.061143070,-0.504409313,ros2_odometer_state
M19C_S3_artificial_turf_B1_U060_R1,2753.138221437,4.020380194,command,0.600000,-8.118957520,-42.586277008,-0.504626930,0.043267623,-0.060973153,-0.504412055,ros2_odometer_state
M19C_S3_artificial_turf_B1_U060_R1,2753.139668438,4.021827195,command,0.600000,-8.118957520,-42.586277008,-0.504626930,0.043034367,-0.060793687,-0.504475653,ros2_odometer_state
M19C_S3_artificial_turf_B1_U060_R1,2753.141420156,4.023578913,command,0.600000,-8.118957520,-42.586277008,-0.504626930,0.043034367,-0.060793687,-0.504475653,ros2_odometer_state
M19C_S3_artificial_turf_B1_U060_R1,2753.143597427,4.025756184,command,0.600000,-8.118957520,-42.586277008,-0.504626930,0.042620558,-0.060530748,-0.504710138,ros2_odometer_state
M19C_S3_artificial_turf_B1_U060_R1,2753.145820811,4.027979568,command,0.600000,-8.118957520,-42.586277008,-0.504626930,0.042454790,-0.060443796,-0.504792511,ros2_odometer_state
M19C_S3_artificial_turf_B1_U060_R1,2753.147940639,4.030099396,command,0.600000,-8.118957520,-42.586277008,-0.504626930,0.042305082,-0.060379695,-0.504849136,ros2_odometer_state
M19C_S3_artificial_turf_B1_U060_R1,2753.149132815,4.031291572,command,0.600000,-8.118957520,-42.586277008,-0.504626930,0.042305082,-0.060379695,-0.504849136,ros2_odometer_state
M19C_S3_artificial_turf_B1_U060_R1,2753.151680212,4.033838969,command,0.600000,-8.118957520,-42.586277008,-0.504626930,0.041993897,-0.060259555,-0.504942060,ros2_odometer_state
M19C_S3_artificial_turf_B1_U060_R1,2753.153707333,4.035866090,command,0.600000,-8.106372833,-42.594367981,-0.504942060,0.041808609,-0.060163926,-0.504996777,ros2_odometer_state
M19C_S3_artificial_turf_B1_U060_R1,2753.155661490,4.037820247,command,0.600000,-8.106372833,-42.594367981,-0.504942060,0.041603234,-0.060007289,-0.505092680,ros2_odometer_state
M19C_S3_artificial_turf_B1_U060_R1,2753.158235577,4.040394334,command,0.600000,-8.106372833,-42.594367981,-0.504942060,0.041376263,-0.059796914,-0.505206764,ros2_odometer_state
M19C_S3_artificial_turf_B1_U060_R1,2753.159670802,4.041829559,command,0.600000,-8.106372833,-42.594367981,-0.504942060,0.041136079,-0.059571270,-0.505325019,ros2_odometer_state
M19C_S3_artificial_turf_B1_U060_R1,2753.161852264,4.044011021,command,0.600000,-8.106372833,-42.594367981,-0.504942060,0.040904164,-0.059368774,-0.505464792,ros2_odometer_state
M19C_S3_artificial_turf_B1_U060_R1,2753.163637359,4.045796116,command,0.600000,-8.106372833,-42.594367981,-0.504942060,0.040690973,-0.059223518,-0.505614579,ros2_odometer_state
M19C_S3_artificial_turf_B1_U060_R1,2753.166294073,4.048452830,command,0.600000,-8.106372833,-42.594367981,-0.504942060,0.040472768,-0.059128687,-0.505777895,ros2_odometer_state
M19C_S3_artificial_turf_B1_U060_R1,2753.166924146,4.049082903,command,0.600000,-8.106372833,-42.594367981,-0.504942060,0.040472768,-0.059128687,-0.505777895,ros2_odometer_state
M19C_S3_artificial_turf_B1_U060_R1,2753.169626494,4.051785251,command,0.600000,-8.106372833,-42.594367981,-0.504942060,0.039985072,-0.059008941,-0.506083786,ros2_odometer_state
M19C_S3_artificial_turf_B1_U060_R1,2753.171769491,4.053928248,command,0.600000,-8.106372833,-42.594367981,-0.504942060,0.039716631,-0.058965400,-0.506218612,ros2_odometer_state
M19C_S3_artificial_turf_B1_U060_R1,2753.173686111,4.055844868,command,0.600000,-8.092688560,-42.601970673,-0.506218612,0.039419670,-0.058905158,-0.506368697,ros2_odometer_state
M19C_S3_artificial_turf_B1_U060_R1,2753.175593675,4.057752432,command,0.600000,-8.092688560,-42.601970673,-0.506218612,0.039101243,-0.058839206,-0.506529450,ros2_odometer_state
M19C_S3_artificial_turf_B1_U060_R1,2753.178321463,4.060480220,command,0.600000,-8.092688560,-42.601970673,-0.506218612,0.038781375,-0.058787409,-0.506708145,ros2_odometer_state
M19C_S3_artificial_turf_B1_U060_R1,2753.179740400,4.061899157,command,0.600000,-8.092688560,-42.601970673,-0.506218612,0.038475949,-0.058759101,-0.506904602,ros2_odometer_state
M19C_S3_artificial_turf_B1_U060_R1,2753.182151920,4.064310677,command,0.600000,-8.092688560,-42.601970673,-0.506218612,0.038192835,-0.058764711,-0.507113814,ros2_odometer_state
M19C_S3_artificial_turf_B1_U060_R1,2753.182918222,4.065076979,command,0.600000,-8.092688560,-42.601970673,-0.506218612,0.038192835,-0.058764711,-0.507113814,ros2_odometer_state
M19C_S3_artificial_turf_B1_U060_R1,2753.184933822,4.067092579,command,0.600000,-8.092688560,-42.601970673,-0.506218612,0.037937354,-0.058802068,-0.507326007,ros2_odometer_state
M19C_S3_artificial_turf_B1_U060_R1,2753.188080955,4.070239712,command,0.600000,-8.092688560,-42.601970673,-0.506218612,0.037436843,-0.058968976,-0.507769287,ros2_odometer_state
M19C_S3_artificial_turf_B1_U060_R1,2753.189686107,4.071844864,command,0.600000,-8.092688560,-42.601970673,-0.506218612,0.037170250,-0.059083920,-0.508024812,ros2_odometer_state
M19C_S3_artificial_turf_B1_U060_R1,2753.190912940,4.073071697,command,0.600000,-8.092688560,-42.601970673,-0.506218612,0.037170250,-0.059083920,-0.508024812,ros2_odometer_state
M19C_S3_artificial_turf_B1_U060_R1,2753.192974718,4.075133475,command,0.600000,-8.080205917,-42.610038757,-0.508285463,0.036886368,-0.059200440,-0.508285463,ros2_odometer_state
M19C_S3_artificial_turf_B1_U060_R1,2753.194930188,4.077088945,command,0.600000,-8.080205917,-42.610038757,-0.508285463,0.036588654,-0.059316017,-0.508541584,ros2_odometer_state
M19C_S3_artificial_turf_B1_U060_R1,2753.197540819,4.079699576,command,0.600000,-8.080205917,-42.610038757,-0.508285463,0.036291242,-0.059431955,-0.508797884,ros2_odometer_state
M19C_S3_artificial_turf_B1_U060_R1,2753.199734699,4.081893456,command,0.600000,-8.080205917,-42.610038757,-0.508285463,0.035723038,-0.059632283,-0.509421051,ros2_odometer_state
M19C_S3_artificial_turf_B1_U060_R1,2753.201715097,4.083873854,command,0.600000,-8.080205917,-42.610038757,-0.508285463,0.035437450,-0.059686832,-0.509776711,ros2_odometer_state
M19C_S3_artificial_turf_B1_U060_R1,2753.203663239,4.085821996,command,0.600000,-8.080205917,-42.610038757,-0.508285463,0.035133664,-0.059710700,-0.510135055,ros2_odometer_state
M19C_S3_artificial_turf_B1_U060_R1,2753.205717496,4.087876253,command,0.600000,-8.080205917,-42.610038757,-0.508285463,0.034812659,-0.059700340,-0.510511816,ros2_odometer_state
M19C_S3_artificial_turf_B1_U060_R1,2753.207734057,4.089892814,command,0.600000,-8.080205917,-42.610038757,-0.508285463,0.034385383,-0.059774034,-0.511003494,ros2_odometer_state
M19C_S3_artificial_turf_B1_U060_R1,2753.209751321,4.091910078,command,0.600000,-8.080205917,-42.610038757,-0.508285463,0.034022227,-0.059970398,-0.511713684,ros2_odometer_state
M19C_S3_artificial_turf_B1_U060_R1,2753.211759081,4.093917838,command,0.600000,-8.080205917,-42.610038757,-0.508285463,0.033898972,-0.060108535,-0.512418985,ros2_odometer_state
M19C_S3_artificial_turf_B1_U060_R1,2753.213851452,4.096010209,command,0.600000,-8.065462112,-42.618217468,-0.512418985,0.033835690,-0.060187686,-0.512997150,ros2_odometer_state
M19C_S3_artificial_turf_B1_U060_R1,2753.215099981,4.097258738,command,0.600000,-8.065462112,-42.618217468,-0.512418985,0.033835690,-0.060187686,-0.512997150,ros2_odometer_state
M19C_S3_artificial_turf_B1_U060_R1,2753.217967487,4.100126244,command,0.600000,-8.065462112,-42.618217468,-0.512418985,0.033773556,-0.060251009,-0.513663709,ros2_odometer_state
M19C_S3_artificial_turf_B1_U060_R1,2753.219236882,4.101395639,command,0.600000,-8.065462112,-42.618217468,-0.512418985,0.033750456,-0.060319591,-0.514533997,ros2_odometer_state
M19C_S3_artificial_turf_B1_U060_R1,2753.221849434,4.104008191,command,0.600000,-8.065462112,-42.618217468,-0.512418985,0.033828031,-0.060278878,-0.516426444,ros2_odometer_state
M19C_S3_artificial_turf_B1_U060_R1,2753.223884395,4.106043152,command,0.600000,-8.065462112,-42.618217468,-0.512418985,0.033880405,-0.060049281,-0.517356038,ros2_odometer_state
M19C_S3_artificial_turf_B1_U060_R1,2753.225738868,4.107897625,command,0.600000,-8.065462112,-42.618217468,-0.512418985,0.033940054,-0.059595231,-0.518313587,ros2_odometer_state
M19C_S3_artificial_turf_B1_U060_R1,2753.227731396,4.109890153,command,0.600000,-8.065462112,-42.618217468,-0.512418985,0.033984169,-0.058890261,-0.519227207,ros2_odometer_state
M19C_S3_artificial_turf_B1_U060_R1,2753.229734259,4.111893016,command,0.600000,-8.065462112,-42.618217468,-0.512418985,0.034008291,-0.058032971,-0.519974172,ros2_odometer_state
M19C_S3_artificial_turf_B1_U060_R1,2753.231782597,4.113941354,command,0.600000,-8.065462112,-42.618217468,-0.512418985,0.034037232,-0.057099760,-0.520549953,ros2_odometer_state
M19C_S3_artificial_turf_B1_U060_R1,2753.233847607,4.116006364,command,0.600000,-8.051217079,-42.626140594,-0.520549953,0.034092855,-0.056155540,-0.521033168,ros2_odometer_state
M19C_S3_artificial_turf_B1_U060_R1,2753.235821925,4.117980682,command,0.600000,-8.051217079,-42.626140594,-0.520549953,0.034176473,-0.055232342,-0.521472096,ros2_odometer_state
M19C_S3_artificial_turf_B1_U060_R1,2753.237619565,4.119778322,command,0.600000,-8.051217079,-42.626140594,-0.520549953,0.034176473,-0.055232342,-0.521472096,ros2_odometer_state
M19C_S3_artificial_turf_B1_U060_R1,2753.240220756,4.122379513,command,0.600000,-8.051217079,-42.626140594,-0.520549953,0.034475803,-0.053315457,-0.522281349,ros2_odometer_state
M19C_S3_artificial_turf_B1_U060_R1,2753.241995451,4.124154208,command,0.600000,-8.051217079,-42.626140594,-0.520549953,0.034676921,-0.052223504,-0.522767127,ros2_odometer_state
M19C_S3_artificial_turf_B1_U060_R1,2753.243844932,4.126003689,command,0.600000,-8.051217079,-42.626140594,-0.520549953,0.034922231,-0.051014010,-0.523301661,ros2_odometer_state
M19C_S3_artificial_turf_B1_U060_R1,2753.245783281,4.127942038,command,0.600000,-8.051217079,-42.626140594,-0.520549953,0.035180222,-0.049794130,-0.523732185,ros2_odometer_state
M19C_S3_artificial_turf_B1_U060_R1,2753.247801090,4.129959847,command,0.600000,-8.051217079,-42.626140594,-0.520549953,0.035380997,-0.048618376,-0.523994744,ros2_odometer_state
M19C_S3_artificial_turf_B1_U060_R1,2753.250061435,4.132220192,command,0.600000,-8.051217079,-42.626140594,-0.520549953,0.035526745,-0.047434241,-0.524163663,ros2_odometer_state
M19C_S3_artificial_turf_B1_U060_R1,2753.251179848,4.133338605,command,0.600000,-8.051217079,-42.626140594,-0.520549953,0.035526745,-0.047434241,-0.524163663,ros2_odometer_state
M19C_S3_artificial_turf_B1_U060_R1,2753.253195800,4.135354557,command,0.600000,-8.038755417,-42.631668091,-0.524286151,0.035631180,-0.046242051,-0.524286151,ros2_odometer_state
M19C_S3_artificial_turf_B1_U060_R1,2753.255049122,4.137207879,command,0.600000,-8.038755417,-42.631668091,-0.524286151,0.035721418,-0.045077924,-0.524348319,ros2_odometer_state
M19C_S3_artificial_turf_B1_U060_R1,2753.257678762,4.139837519,command,0.600000,-8.038755417,-42.631668091,-0.524286151,0.035803638,-0.043982055,-0.524350941,ros2_odometer_state
M19C_S3_artificial_turf_B1_U060_R1,2753.259866113,4.142024870,command,0.600000,-8.038755417,-42.631668091,-0.524286151,0.036000550,-0.041876160,-0.524584055,ros2_odometer_state
M19C_S3_artificial_turf_B1_U060_R1,2753.261103314,4.143262071,command,0.600000,-8.038755417,-42.631668091,-0.524286151,0.036000550,-0.041876160,-0.524584055,ros2_odometer_state
M19C_S3_artificial_turf_B1_U060_R1,2753.263787165,4.145945922,command,0.600000,-8.038755417,-42.631668091,-0.524286151,0.036277737,-0.039709460,-0.525532365,ros2_odometer_state
M19C_S3_artificial_turf_B1_U060_R1,2753.265822766,4.147981523,command,0.600000,-8.038755417,-42.631668091,-0.524286151,0.036451098,-0.038583342,-0.526154757,ros2_odometer_state
M19C_S3_artificial_turf_B1_U060_R1,2753.267787740,4.149946497,command,0.600000,-8.038755417,-42.631668091,-0.524286151,0.036592718,-0.037480816,-0.526692152,ros2_odometer_state
M19C_S3_artificial_turf_B1_U060_R1,2753.270580811,4.152739568,command,0.600000,-8.038755417,-42.631668091,-0.524286151,0.036703467,-0.036436617,-0.527115703,ros2_odometer_state
M19C_S3_artificial_turf_B1_U060_R1,2753.271184963,4.153343720,command,0.600000,-8.038755417,-42.631668091,-0.524286151,0.036703467,-0.036436617,-0.527115703,ros2_odometer_state
M19C_S3_artificial_turf_B1_U060_R1,2753.273119120,4.155277877,command,0.600000,-8.027411461,-42.635673523,-0.527441621,0.036777023,-0.035455909,-0.527441621,ros2_odometer_state
M19C_S3_artificial_turf_B1_U060_R1,2753.275185282,4.157344039,command,0.600000,-8.027411461,-42.635673523,-0.527441621,0.036817674,-0.034510490,-0.527767003,ros2_odometer_state
M19C_S3_artificial_turf_B1_U060_R1,2753.277708423,4.159867180,command,0.600000,-8.027411461,-42.635673523,-0.527441621,0.036817078,-0.033584248,-0.528159380,ros2_odometer_state
M19C_S3_artificial_turf_B1_U060_R1,2753.279928191,4.162086948,command,0.600000,-8.027411461,-42.635673523,-0.527441621,0.036629681,-0.031774797,-0.529143035,ros2_odometer_state
M19C_S3_artificial_turf_B1_U060_R1,2753.281132751,4.163291508,command,0.600000,-8.027411461,-42.635673523,-0.527441621,0.036629681,-0.031774797,-0.529143035,ros2_odometer_state
M19C_S3_artificial_turf_B1_U060_R1,2753.283844027,4.166002784,command,0.600000,-8.027411461,-42.635673523,-0.527441621,0.036046330,-0.029919306,-0.530779183,ros2_odometer_state
M19C_S3_artificial_turf_B1_U060_R1,2753.286059283,4.168218040,command,0.600000,-8.027411461,-42.635673523,-0.527441621,0.035659481,-0.028877027,-0.532015085,ros2_odometer_state
M19C_S3_artificial_turf_B1_U060_R1,2753.287867035,4.170025792,command,0.600000,-8.027411461,-42.635673523,-0.527441621,0.035185829,-0.027807761,-0.533436298,ros2_odometer_state
M19C_S3_artificial_turf_B1_U060_R1,2753.289927660,4.172086417,command,0.600000,-8.027411461,-42.635673523,-0.527441621,0.034662943,-0.026863342,-0.534801066,ros2_odometer_state
M19C_S3_artificial_turf_B1_U060_R1,2753.291144477,4.173303234,command,0.600000,-8.027411461,-42.635673523,-0.527441621,0.034662943,-0.026863342,-0.534801066,ros2_odometer_state
M19C_S3_artificial_turf_B1_U060_R1,2753.293937036,4.176095793,command,0.600000,-8.016684532,-42.639640808,-0.535984278,0.033647470,-0.025578443,-0.537060559,ros2_odometer_state
M19C_S3_artificial_turf_B1_U060_R1,2753.295888249,4.178047006,command,0.600000,-8.016684532,-42.639640808,-0.535984278,0.033126980,-0.025143232,-0.538130462,ros2_odometer_state
M19C_S3_artificial_turf_B1_U060_R1,2753.297736387,4.179895144,command,0.600000,-8.016684532,-42.639640808,-0.535984278,0.033126980,-0.025143232,-0.538130462,ros2_odometer_state
M19C_S3_artificial_turf_B1_U060_R1,2753.299935706,4.182094463,command,0.600000,-8.016684532,-42.639640808,-0.535984278,0.032179270,-0.024231903,-0.540319443,ros2_odometer_state
M19C_S3_artificial_turf_B1_U060_R1,2753.301913801,4.184072558,command,0.600000,-8.016684532,-42.639640808,-0.535984278,0.031711414,-0.023688836,-0.541485965,ros2_odometer_state
M19C_S3_artificial_turf_B1_U060_R1,2753.303894232,4.186052989,command,0.600000,-8.016684532,-42.639640808,-0.535984278,0.031205036,-0.023092180,-0.542788386,ros2_odometer_state
M19C_S3_artificial_turf_B1_U060_R1,2753.305900839,4.188059596,command,0.600000,-8.016684532,-42.639640808,-0.535984278,0.030698400,-0.022527738,-0.544177294,ros2_odometer_state
M19C_S3_artificial_turf_B1_U060_R1,2753.308148545,4.190307302,command,0.600000,-8.016684532,-42.639640808,-0.535984278,0.030197933,-0.022073479,-0.545485318,ros2_odometer_state
M19C_S3_artificial_turf_B1_U060_R1,2753.310071117,4.192229874,command,0.600000,-8.016684532,-42.639640808,-0.535984278,0.029699624,-0.021752497,-0.546677232,ros2_odometer_state
M19C_S3_artificial_turf_B1_U060_R1,2753.312144896,4.194303653,command,0.600000,-8.016684532,-42.639640808,-0.535984278,0.029187618,-0.021549061,-0.547856510,ros2_odometer_state
M19C_S3_artificial_turf_B1_U060_R1,2753.314006314,4.196165071,command,0.600000,-8.006219864,-42.645515442,-0.547856510,0.028647434,-0.021422535,-0.548973680,ros2_odometer_state
M19C_S3_artificial_turf_B1_U060_R1,2753.315942967,4.198101724,command,0.600000,-8.006219864,-42.645515442,-0.547856510,0.028081631,-0.021363005,-0.549959302,ros2_odometer_state
M19C_S3_artificial_turf_B1_U060_R1,2753.318640738,4.200799495,command,0.600000,-8.006219864,-42.645515442,-0.547856510,0.027466219,-0.021393109,-0.550806463,ros2_odometer_state
M19C_S3_artificial_turf_B1_U060_R1,2753.321829921,4.203988678,command,0.600000,-8.006219864,-42.645515442,-0.547856510,0.026795587,-0.021473173,-0.551600814,ros2_odometer_state
M19C_S3_artificial_turf_B1_U060_R1,2753.323990679,4.206149436,command,0.600000,-8.006219864,-42.645515442,-0.547856510,0.026120471,-0.021509631,-0.552442968,ros2_odometer_state
M19C_S3_artificial_turf_B1_U060_R1,2753.325679770,4.207838527,command,0.600000,-8.006219864,-42.645515442,-0.547856510,0.025506627,-0.021460120,-0.553331375,ros2_odometer_state
M19C_S3_artificial_turf_B1_U060_R1,2753.326628256,4.208787013,command,0.600000,-8.006219864,-42.645515442,-0.547856510,0.024934564,-0.021370800,-0.554170549,ros2_odometer_state
M19C_S3_artificial_turf_B1_U060_R1,2753.328119515,4.210278272,command,0.600000,-8.006219864,-42.645515442,-0.547856510,0.024340985,-0.021340771,-0.554866374,ros2_odometer_state
M19C_S3_artificial_turf_B1_U060_R1,2753.330140843,4.212299600,command,0.600000,-8.006219864,-42.645515442,-0.547856510,0.023690153,-0.021430572,-0.555419564,ros2_odometer_state
M19C_S3_artificial_turf_B1_U060_R1,2753.332343427,4.214502184,command,0.600000,-8.006219864,-42.645515442,-0.547856510,0.022984417,-0.021608615,-0.555850148,ros2_odometer_state
M19C_S3_artificial_turf_B1_U060_R1,2753.334464311,4.216623068,command,0.600000,-7.994942188,-42.652801514,-0.555850148,0.022250781,-0.021837216,-0.556152821,ros2_odometer_state
M19C_S3_artificial_turf_B1_U060_R1,2753.336085304,4.218244061,command,0.600000,-7.994942188,-42.652801514,-0.555850148,0.021529833,-0.022101119,-0.556306422,ros2_odometer_state
M19C_S3_artificial_turf_B1_U060_R1,2753.338723552,4.220882309,command,0.600000,-7.994942188,-42.652801514,-0.555850148,0.020842554,-0.022408459,-0.556325376,ros2_odometer_state
M19C_S3_artificial_turf_B1_U060_R1,2753.339860622,4.222019379,command,0.600000,-7.994942188,-42.652801514,-0.555850148,0.020842554,-0.022408459,-0.556325376,ros2_odometer_state
M19C_S3_artificial_turf_B1_U060_R1,2753.342108359,4.224267116,command,0.600000,-7.994942188,-42.652801514,-0.555850148,0.019534390,-0.022957077,-0.556114435,ros2_odometer_state
M19C_S3_artificial_turf_B1_U060_R1,2753.344024691,4.226183448,command,0.600000,-7.994942188,-42.652801514,-0.555850148,0.018902287,-0.023116102,-0.555919170,ros2_odometer_state
M19C_S3_artificial_turf_B1_U060_R1,2753.345975617,4.228134374,command,0.600000,-7.994942188,-42.652801514,-0.555850148,0.018292317,-0.023206787,-0.555700481,ros2_odometer_state
M19C_S3_artificial_turf_B1_U060_R1,2753.347213554,4.229372311,command,0.600000,-7.994942188,-42.652801514,-0.555850148,0.018292317,-0.023206787,-0.555700481,ros2_odometer_state
M19C_S3_artificial_turf_B1_U060_R1,2753.350054787,4.232213544,command,0.600000,-7.994942188,-42.652801514,-0.555850148,0.017222039,-0.023307675,-0.555012822,ros2_odometer_state
M19C_S3_artificial_turf_B1_U060_R1,2753.351298612,4.233457369,command,0.600000,-7.994942188,-42.652801514,-0.555850148,0.017222039,-0.023307675,-0.555012822,ros2_odometer_state
M19C_S3_artificial_turf_B1_U060_R1,2753.353439562,4.235598319,command,0.600000,-7.983896732,-42.660148621,-0.554406226,0.016776210,-0.023416314,-0.554406226,ros2_odometer_state
M19C_S3_artificial_turf_B1_U060_R1,2753.355326133,4.237484890,command,0.600000,-7.983896732,-42.660148621,-0.554406226,0.016387789,-0.023611959,-0.553527772,ros2_odometer_state
M19C_S3_artificial_turf_B1_U060_R1,2753.357916092,4.240074849,command,0.600000,-7.983896732,-42.660148621,-0.554406226,0.015983596,-0.023917167,-0.552240133,ros2_odometer_state
M19C_S3_artificial_turf_B1_U060_R1,2753.360244408,4.242403165,command,0.600000,-7.983896732,-42.660148621,-0.554406226,0.015091977,-0.024626283,-0.548733354,ros2_odometer_state
M19C_S3_artificial_turf_B1_U060_R1,2753.362129667,4.244288424,command,0.600000,-7.983896732,-42.660148621,-0.554406226,0.014733047,-0.024744762,-0.547075152,ros2_odometer_state
M19C_S3_artificial_turf_B1_U060_R1,2753.363480697,4.245639454,command,0.600000,-7.983896732,-42.660148621,-0.554406226,0.014733047,-0.024744762,-0.547075152,ros2_odometer_state
M19C_S3_artificial_turf_B1_U060_R1,2753.365316802,4.247475559,command,0.600000,-7.983896732,-42.660148621,-0.554406226,0.014485049,-0.024686854,-0.545651615,ros2_odometer_state
M19C_S3_artificial_turf_B1_U060_R1,2753.367269903,4.249428660,command,0.600000,-7.983896732,-42.660148621,-0.554406226,0.014321394,-0.024546342,-0.544300556,ros2_odometer_state
M19C_S3_artificial_turf_B1_U060_R1,2753.370120481,4.252279238,command,0.600000,-7.983896732,-42.660148621,-0.554406226,0.013964884,-0.024235860,-0.541122794,ros2_odometer_state
M19C_S3_artificial_turf_B1_U060_R1,2753.371311184,4.253469941,command,0.600000,-7.983896732,-42.660148621,-0.554406226,0.013964884,-0.024235860,-0.541122794,ros2_odometer_state
M19C_S3_artificial_turf_B1_U060_R1,2753.373789203,4.255947960,command,0.600000,-7.972418308,-42.669120789,-0.539286435,0.013707114,-0.024045993,-0.539286435,ros2_odometer_state
M19C_S3_artificial_turf_B1_U060_R1,2753.375349265,4.257508022,command,0.600000,-7.972418308,-42.669120789,-0.539286435,0.013395927,-0.023863183,-0.537340581,ros2_odometer_state
M19C_S3_artificial_turf_B1_U060_R1,2753.378748280,4.260907037,command,0.600000,-7.972418308,-42.669120789,-0.539286435,0.012568178,-0.023688801,-0.533322573,ros2_odometer_state
M19C_S3_artificial_turf_B1_U060_R1,2753.379411954,4.261570711,command,0.600000,-7.972418308,-42.669120789,-0.539286435,0.012568178,-0.023688801,-0.533322573,ros2_odometer_state
M19C_S3_artificial_turf_B1_U060_R1,2753.382307045,4.264465802,command,0.600000,-7.972418308,-42.669120789,-0.539286435,0.011550302,-0.023650704,-0.529509306,ros2_odometer_state
M19C_S3_artificial_turf_B1_U060_R1,2753.383471380,4.265630137,command,0.600000,-7.972418308,-42.669120789,-0.539286435,0.011550302,-0.023650704,-0.529509306,ros2_odometer_state
M19C_S3_artificial_turf_B1_U060_R1,2753.385443586,4.267602343,command,0.600000,-7.972418308,-42.669120789,-0.539286435,0.011024938,-0.023584897,-0.527923822,ros2_odometer_state
M19C_S3_artificial_turf_B1_U060_R1,2753.388616992,4.270775749,command,0.600000,-7.972418308,-42.669120789,-0.539286435,0.009926161,-0.023259031,-0.525472283,ros2_odometer_state
M19C_S3_artificial_turf_B1_U060_R1,2753.389477762,4.271636519,command,0.600000,-7.972418308,-42.669120789,-0.539286435,0.009926161,-0.023259031,-0.525472283,ros2_odometer_state
M19C_S3_artificial_turf_B1_U060_R1,2753.391523860,4.273682617,command,0.600000,-7.972418308,-42.669120789,-0.539286435,0.009276842,-0.023015840,-0.524304569,ros2_odometer_state
M19C_S3_artificial_turf_B1_U060_R1,2753.393432800,4.275591557,command,0.600000,-7.962587833,-42.677936554,-0.523031354,0.008590647,-0.022764035,-0.523031354,ros2_odometer_state
M19C_S3_artificial_turf_B1_U060_R1,2753.396266224,4.278424981,command,0.600000,-7.962587833,-42.677936554,-0.523031354,0.007254917,-0.022314876,-0.520487189,ros2_odometer_state
M19C_S3_artificial_turf_B1_U060_R1,2753.397923474,4.280082231,command,0.600000,-7.962587833,-42.677936554,-0.523031354,0.007254917,-0.022314876,-0.520487189,ros2_odometer_state
M19C_S3_artificial_turf_B1_U060_R1,2753.400282864,4.282441621,command,0.600000,-7.962587833,-42.677936554,-0.523031354,0.005955433,-0.022131393,-0.518200517,ros2_odometer_state
M19C_S3_artificial_turf_B1_U060_R1,2753.402222205,4.284380962,command,0.600000,-7.962587833,-42.677936554,-0.523031354,0.005298470,-0.022179963,-0.517202497,ros2_odometer_state
M19C_S3_artificial_turf_B1_U060_R1,2753.403339241,4.285497998,command,0.600000,-7.962587833,-42.677936554,-0.523031354,0.005298470,-0.022179963,-0.517202497,ros2_odometer_state
M19C_S3_artificial_turf_B1_U060_R1,2753.406173754,4.288332511,command,0.600000,-7.962587833,-42.677936554,-0.523031354,0.003988960,-0.022350861,-0.515974939,ros2_odometer_state
M19C_S3_artificial_turf_B1_U060_R1,2753.408158537,4.290317294,command,0.600000,-7.962587833,-42.677936554,-0.523031354,0.003356350,-0.022369200,-0.515688896,ros2_odometer_state
M19C_S3_artificial_turf_B1_U060_R1,2753.409342360,4.291501117,command,0.600000,-7.962587833,-42.677936554,-0.523031354,0.003356350,-0.022369200,-0.515688896,ros2_odometer_state
M19C_S3_artificial_turf_B1_U060_R1,2753.412232523,4.294391280,command,0.600000,-7.962587833,-42.677936554,-0.523031354,0.002133104,-0.022326132,-0.515343785,ros2_odometer_state
M19C_S3_artificial_turf_B1_U060_R1,2753.413451803,4.295610560,command,0.600000,-7.952791214,-42.688228607,-0.515343785,0.002133104,-0.022326132,-0.515343785,ros2_odometer_state
M19C_S3_artificial_turf_B1_U060_R1,2753.415405321,4.297564078,command,0.600000,-7.952791214,-42.688228607,-0.515343785,0.001500653,-0.022260096,-0.515304208,ros2_odometer_state
M19C_S3_artificial_turf_B1_U060_R1,2753.418080852,4.300239609,command,0.600000,-7.952791214,-42.688228607,-0.515343785,0.000857393,-0.022214821,-0.515331984,ros2_odometer_state
M19C_S3_artificial_turf_B1_U060_R1,2753.420331309,4.302490066,command,0.600000,-7.952791214,-42.688228607,-0.515343785,-0.000393785,-0.022269363,-0.515385807,ros2_odometer_state
M19C_S3_artificial_turf_B1_U060_R1,2753.422223512,4.304382269,command,0.600000,-7.952791214,-42.688228607,-0.515343785,-0.001008208,-0.022419184,-0.515404642,ros2_odometer_state
M19C_S3_artificial_turf_B1_U060_R1,2753.424563317,4.306722074,command,0.600000,-7.952791214,-42.688228607,-0.515343785,-0.001625216,-0.022633264,-0.515516102,ros2_odometer_state
M19C_S3_artificial_turf_B1_U060_R1,2753.426219479,4.308378236,command,0.600000,-7.952791214,-42.688228607,-0.515343785,-0.002209549,-0.022862686,-0.515811384,ros2_odometer_state
M19C_S3_artificial_turf_B1_U060_R1,2753.428507698,4.310666455,command,0.600000,-7.952791214,-42.688228607,-0.515343785,-0.002715605,-0.023048114,-0.516299665,ros2_odometer_state
M19C_S3_artificial_turf_B1_U060_R1,2753.430235479,4.312394236,command,0.600000,-7.952791214,-42.688228607,-0.515343785,-0.003120695,-0.023149239,-0.516903102,ros2_odometer_state
M19C_S3_artificial_turf_B1_U060_R1,2753.431430630,4.313589387,command,0.600000,-7.952791214,-42.688228607,-0.515343785,-0.003120695,-0.023149239,-0.516903102,ros2_odometer_state
M19C_S3_artificial_turf_B1_U060_R1,2753.433496568,4.315655325,command,0.600000,-7.942522526,-42.698234558,-0.517537951,-0.003466014,-0.023184972,-0.517537951,ros2_odometer_state
M19C_S3_artificial_turf_B1_U060_R1,2753.435439718,4.317598475,command,0.600000,-7.942522526,-42.698234558,-0.517537951,-0.003795992,-0.023214687,-0.518155217,ros2_odometer_state
M19C_S3_artificial_turf_B1_U060_R1,2753.438870158,4.321028915,command,0.600000,-7.942522526,-42.698234558,-0.517537951,-0.004434011,-0.023300152,-0.519473374,ros2_odometer_state
M19C_S3_artificial_turf_B1_U060_R1,2753.439852917,4.322011674,command,0.600000,-7.942522526,-42.698234558,-0.517537951,-0.004434011,-0.023300152,-0.519473374,ros2_odometer_state
M19C_S3_artificial_turf_B1_U060_R1,2753.441497335,4.323656092,command,0.600000,-7.942522526,-42.698234558,-0.517537951,-0.004721344,-0.023320826,-0.520158947,ros2_odometer_state
M19C_S3_artificial_turf_B1_U060_R1,2753.443421635,4.325580392,command,0.600000,-7.942522526,-42.698234558,-0.517537951,-0.004970773,-0.023371471,-0.520837367,ros2_odometer_state
M19C_S3_artificial_turf_B1_U060_R1,2753.445435891,4.327594648,command,0.600000,-7.942522526,-42.698234558,-0.517537951,-0.005195894,-0.023471395,-0.521555722,ros2_odometer_state
M19C_S3_artificial_turf_B1_U060_R1,2753.448347847,4.330506604,command,0.600000,-7.942522526,-42.698234558,-0.517537951,-0.005636489,-0.023818506,-0.523150265,ros2_odometer_state
M19C_S3_artificial_turf_B1_U060_R1,2753.451148790,4.333307547,command,0.600000,-7.942522526,-42.698234558,-0.517537951,-0.005854734,-0.024023006,-0.523880601,ros2_odometer_state
M19C_S3_artificial_turf_B1_U060_R1,2753.451633129,4.333791886,command,0.600000,-7.942522526,-42.698234558,-0.517537951,-0.005854734,-0.024023006,-0.523880601,ros2_odometer_state
M19C_S3_artificial_turf_B1_U060_R1,2753.454283411,4.336442168,command,0.600000,-7.931175232,-42.707080841,-0.524433613,-0.006159099,-0.024463436,-0.524892330,ros2_odometer_state
M19C_S3_artificial_turf_B1_U060_R1,2753.456255745,4.338414502,command,0.600000,-7.931175232,-42.707080841,-0.524433613,-0.006304706,-0.024671389,-0.525354445,ros2_odometer_state
M19C_S3_artificial_turf_B1_U060_R1,2753.458852649,4.341011406,command,0.600000,-7.931175232,-42.707080841,-0.524433613,-0.006479349,-0.024816830,-0.525860369,ros2_odometer_state
M19C_S3_artificial_turf_B1_U060_R1,2753.460335843,4.342494600,command,0.600000,-7.931175232,-42.707080841,-0.524433613,-0.006630425,-0.024841137,-0.526396453,ros2_odometer_state
M19C_S3_artificial_turf_B1_U060_R1,2753.462470424,4.344629181,command,0.600000,-7.931175232,-42.707080841,-0.524433613,-0.006714756,-0.024738276,-0.526944280,ros2_odometer_state
M19C_S3_artificial_turf_B1_U060_R1,2753.464405157,4.346563914,command,0.600000,-7.931175232,-42.707080841,-0.524433613,-0.006728014,-0.024564952,-0.527518749,ros2_odometer_state
M19C_S3_artificial_turf_B1_U060_R1,2753.466310961,4.348469718,command,0.600000,-7.931175232,-42.707080841,-0.524433613,-0.006661229,-0.024376839,-0.528107643,ros2_odometer_state
M19C_S3_artificial_turf_B1_U060_R1,2753.468308768,4.350467525,command,0.600000,-7.931175232,-42.707080841,-0.524433613,-0.006563205,-0.024245109,-0.528602421,ros2_odometer_state
M19C_S3_artificial_turf_B1_U060_R1,2753.470331921,4.352490678,command,0.600000,-7.931175232,-42.707080841,-0.524433613,-0.006459886,-0.024231570,-0.528937876,ros2_odometer_state
M19C_S3_artificial_turf_B1_U060_R1,2753.472325760,4.354484517,command,0.600000,-7.931175232,-42.707080841,-0.524433613,-0.006334118,-0.024404084,-0.529070079,ros2_odometer_state
M19C_S3_artificial_turf_B1_U060_R1,2753.474401107,4.356559864,command,0.600000,-7.918253422,-42.716022491,-0.529070079,-0.006183096,-0.024704680,-0.529025137,ros2_odometer_state
M19C_S3_artificial_turf_B1_U060_R1,2753.476630987,4.358789744,command,0.600000,-7.918253422,-42.716022491,-0.529070079,-0.005998662,-0.025057264,-0.528766870,ros2_odometer_state
M19C_S3_artificial_turf_B1_U060_R1,2753.478133607,4.360292364,command,0.600000,-7.918253422,-42.716022491,-0.529070079,-0.005998662,-0.025057264,-0.528766870,ros2_odometer_state
M19C_S3_artificial_turf_B1_U060_R1,2753.480781968,4.362940725,command,0.600000,-7.918253422,-42.716022491,-0.529070079,-0.005459369,-0.025707260,-0.527718365,ros2_odometer_state
M19C_S3_artificial_turf_B1_U060_R1,2753.481854523,4.364013280,command,0.600000,-7.918253422,-42.716022491,-0.529070079,-0.005459369,-0.025707260,-0.527718365,ros2_odometer_state
M19C_S3_artificial_turf_B1_U060_R1,2753.484380575,4.366539332,command,0.600000,-7.918253422,-42.716022491,-0.529070079,-0.004708020,-0.026383737,-0.526608765,ros2_odometer_state
M19C_S3_artificial_turf_B1_U060_R1,2753.485517581,4.367676338,command,0.600000,-7.918253422,-42.716022491,-0.529070079,-0.004708020,-0.026383737,-0.526608765,ros2_odometer_state
M19C_S3_artificial_turf_B1_U060_R1,2753.488328444,4.370487201,command,0.600000,-7.918253422,-42.716022491,-0.529070079,-0.003805675,-0.027129048,-0.525788009,ros2_odometer_state
M19C_S3_artificial_turf_B1_U060_R1,2753.490300171,4.372458928,command,0.600000,-7.918253422,-42.716022491,-0.529070079,-0.003326297,-0.027505044,-0.525435209,ros2_odometer_state
M19C_S3_artificial_turf_B1_U060_R1,2753.492358429,4.374517186,command,0.600000,-7.918253422,-42.716022491,-0.529070079,-0.002826496,-0.027884394,-0.525147378,ros2_odometer_state
M19C_S3_artificial_turf_B1_U060_R1,2753.494339819,4.376498576,command,0.600000,-7.905454636,-42.725120544,-0.525147378,-0.002321074,-0.028272977,-0.524805129,ros2_odometer_state
M19C_S3_artificial_turf_B1_U060_R1,2753.496340763,4.378499520,command,0.600000,-7.905454636,-42.725120544,-0.525147378,-0.001814477,-0.028669635,-0.524307728,ros2_odometer_state
M19C_S3_artificial_turf_B1_U060_R1,2753.498138850,4.380297607,command,0.600000,-7.905454636,-42.725120544,-0.525147378,-0.001814477,-0.028669635,-0.524307728,ros2_odometer_state
M19C_S3_artificial_turf_B1_U060_R1,2753.500408765,4.382567522,command,0.600000,-7.905454636,-42.725120544,-0.525147378,-0.000719090,-0.029557211,-0.523015320,ros2_odometer_state
M19C_S3_artificial_turf_B1_U060_R1,2753.502574291,4.384733048,command,0.600000,-7.905454636,-42.725120544,-0.525147378,-0.000110833,-0.030065292,-0.522426128,ros2_odometer_state
M19C_S3_artificial_turf_B1_U060_R1,2753.504450525,4.386609282,command,0.600000,-7.905454636,-42.725120544,-0.525147378,0.000580108,-0.030598138,-0.521905899,ros2_odometer_state
M19C_S3_artificial_turf_B1_U060_R1,2753.506333800,4.388492557,command,0.600000,-7.905454636,-42.725120544,-0.525147378,0.001334296,-0.031158149,-0.521421313,ros2_odometer_state
M19C_S3_artificial_turf_B1_U060_R1,2753.508331448,4.390490205,command,0.600000,-7.905454636,-42.725120544,-0.525147378,0.002126192,-0.031747404,-0.520981133,ros2_odometer_state
M19C_S3_artificial_turf_B1_U060_R1,2753.510290790,4.392449547,command,0.600000,-7.905454636,-42.725120544,-0.525147378,0.002955911,-0.032342751,-0.520596504,ros2_odometer_state
M19C_S3_artificial_turf_B1_U060_R1,2753.511558296,4.393717053,command,0.600000,-7.905454636,-42.725120544,-0.525147378,0.002955911,-0.032342751,-0.520596504,ros2_odometer_state
M19C_S3_artificial_turf_B1_U060_R1,2753.515054915,4.397213672,command,0.600000,-7.890618801,-42.733592987,-0.520231187,0.004644467,-0.033533514,-0.519862831,ros2_odometer_state
M19C_S3_artificial_turf_B1_U060_R1,2753.516039402,4.398198159,command,0.600000,-7.890618801,-42.733592987,-0.520231187,0.004644467,-0.033533514,-0.519862831,ros2_odometer_state
M19C_S3_artificial_turf_B1_U060_R1,2753.519334253,4.401493010,command,0.600000,-7.890618801,-42.733592987,-0.520231187,0.006399820,-0.034768626,-0.519197702,ros2_odometer_state
M19C_S3_artificial_turf_B1_U060_R1,2753.519732893,4.401891650,command,0.600000,-7.890618801,-42.733592987,-0.520231187,0.006399820,-0.034768626,-0.519197702,ros2_odometer_state
M19C_S3_artificial_turf_B1_U060_R1,2753.522507371,4.404666128,command,0.600000,-7.890618801,-42.733592987,-0.520231187,0.008221784,-0.036199328,-0.518638074,ros2_odometer_state
M19C_S3_artificial_turf_B1_U060_R1,2753.524471193,4.406629950,command,0.600000,-7.890618801,-42.733592987,-0.520231187,0.009174407,-0.036990467,-0.518448412,ros2_odometer_state
M19C_S3_artificial_turf_B1_U060_R1,2753.526448392,4.408607149,command,0.600000,-7.890618801,-42.733592987,-0.520231187,0.010177855,-0.037833832,-0.518326759,ros2_odometer_state
M19C_S3_artificial_turf_B1_U060_R1,2753.527895682,4.410054439,command,0.600000,-7.890618801,-42.733592987,-0.520231187,0.010177855,-0.037833832,-0.518326759,ros2_odometer_state
M19C_S3_artificial_turf_B1_U060_R1,2753.530527402,4.412686159,command,0.600000,-7.890618801,-42.733592987,-0.520231187,0.012306536,-0.039648697,-0.518197715,ros2_odometer_state
M19C_S3_artificial_turf_B1_U060_R1,2753.532551835,4.414710592,command,0.600000,-7.890618801,-42.733592987,-0.520231187,0.013460515,-0.040575162,-0.518226087,ros2_odometer_state
M19C_S3_artificial_turf_B1_U060_R1,2753.533684776,4.415843533,command,0.600000,-7.874845505,-42.743747711,-0.518226087,0.013460515,-0.040575162,-0.518226087,ros2_odometer_state
M19C_S3_artificial_turf_B1_U060_R1,2753.536690911,4.418849668,command,0.600000,-7.874845505,-42.743747711,-0.518226087,0.015928423,-0.042423032,-0.518370450,ros2_odometer_state
M19C_S3_artificial_turf_B1_U060_R1,2753.539081438,4.421240195,command,0.600000,-7.874845505,-42.743747711,-0.518226087,0.017208694,-0.043343589,-0.518386364,ros2_odometer_state
M19C_S3_artificial_turf_B1_U060_R1,2753.539817692,4.421976449,command,0.600000,-7.874845505,-42.743747711,-0.518226087,0.017208694,-0.043343589,-0.518386364,ros2_odometer_state
M19C_S3_artificial_turf_B1_U060_R1,2753.542596810,4.424755567,command,0.600000,-7.874845505,-42.743747711,-0.518226087,0.019758055,-0.045332301,-0.518294096,ros2_odometer_state
M19C_S3_artificial_turf_B1_U060_R1,2753.544563928,4.426722685,command,0.600000,-7.874845505,-42.743747711,-0.518226087,0.021053737,-0.046429444,-0.518300056,ros2_odometer_state
M19C_S3_artificial_turf_B1_U060_R1,2753.546525894,4.428684651,command,0.600000,-7.874845505,-42.743747711,-0.518226087,0.022389401,-0.047572263,-0.518367827,ros2_odometer_state
M19C_S3_artificial_turf_B1_U060_R1,2753.549114253,4.431273010,command,0.600000,-7.874845505,-42.743747711,-0.518226087,0.023790549,-0.048729122,-0.518465340,ros2_odometer_state
M19C_S3_artificial_turf_B1_U060_R1,2753.549892556,4.432051313,command,0.600000,-7.874845505,-42.743747711,-0.518226087,0.023790549,-0.048729122,-0.518465340,ros2_odometer_state
M19C_S3_artificial_turf_B1_U060_R1,2753.552636249,4.434795006,command,0.600000,-7.874845505,-42.743747711,-0.518226087,0.026818741,-0.050987117,-0.518472373,ros2_odometer_state
M19C_S3_artificial_turf_B1_U060_R1,2753.554657994,4.436816751,command,0.600000,-7.858410835,-42.753875732,-0.518472373,0.028405052,-0.052111723,-0.518368959,ros2_odometer_state
M19C_S3_artificial_turf_B1_U060_R1,2753.556561813,4.438720570,command,0.600000,-7.858410835,-42.753875732,-0.518472373,0.030010927,-0.053272143,-0.518281102,ros2_odometer_state
M19C_S3_artificial_turf_B1_U060_R1,2753.559032823,4.441191580,command,0.600000,-7.858410835,-42.753875732,-0.518472373,0.031638179,-0.054489363,-0.518227875,ros2_odometer_state
M19C_S3_artificial_turf_B1_U060_R1,2753.559752084,4.441910841,command,0.600000,-7.858410835,-42.753875732,-0.518472373,0.031638179,-0.054489363,-0.518227875,ros2_odometer_state
M19C_S3_artificial_turf_B1_U060_R1,2753.562564420,4.444723177,command,0.600000,-7.858410835,-42.753875732,-0.518472373,0.034904279,-0.057005964,-0.517904103,ros2_odometer_state
M19C_S3_artificial_turf_B1_U060_R1,2753.564528978,4.446687735,command,0.600000,-7.858410835,-42.753875732,-0.518472373,0.036536496,-0.058236662,-0.517558455,ros2_odometer_state
M19C_S3_artificial_turf_B1_U060_R1,2753.566705000,4.448863757,command,0.600000,-7.858410835,-42.753875732,-0.518472373,0.038168129,-0.059474066,-0.517194152,ros2_odometer_state
M19C_S3_artificial_turf_B1_U060_R1,2753.567767059,4.449925816,command,0.600000,-7.858410835,-42.753875732,-0.518472373,0.038168129,-0.059474066,-0.517194152,ros2_odometer_state
M19C_S3_artificial_turf_B1_U060_R1,2753.570434077,4.452592834,command,0.600000,-7.858410835,-42.753875732,-0.518472373,0.041466609,-0.062106214,-0.516560733,ros2_odometer_state
M19C_S3_artificial_turf_B1_U060_R1,2753.572610515,4.454769272,command,0.600000,-7.858410835,-42.753875732,-0.518472373,0.043159217,-0.063453622,-0.516176641,ros2_odometer_state
M19C_S3_artificial_turf_B1_U060_R1,2753.573783618,4.455942375,command,0.600000,-7.840486526,-42.764129639,-0.516176641,0.043159217,-0.063453622,-0.516176641,ros2_odometer_state
M19C_S3_artificial_turf_B1_U060_R1,2753.576657428,4.458816185,command,0.600000,-7.840486526,-42.764129639,-0.516176641,0.046654318,-0.066123500,-0.515320599,ros2_odometer_state
M19C_S3_artificial_turf_B1_U060_R1,2753.578765096,4.460923853,command,0.600000,-7.840486526,-42.764129639,-0.516176641,0.046654318,-0.066123500,-0.515320599,ros2_odometer_state
M19C_S3_artificial_turf_B1_U060_R1,2753.579989241,4.462147998,command,0.600000,-7.840486526,-42.764129639,-0.516176641,0.048396364,-0.067489117,-0.514842749,ros2_odometer_state
M19C_S3_artificial_turf_B1_U060_R1,2753.582313269,4.464472026,command,0.600000,-7.840486526,-42.764129639,-0.516176641,0.050016951,-0.068950541,-0.514105618,ros2_odometer_state
M19C_S3_artificial_turf_B1_U060_R1,2753.584458122,4.466616879,command,0.600000,-7.840486526,-42.764129639,-0.516176641,0.051484741,-0.070443787,-0.513233781,ros2_odometer_state
M19C_S3_artificial_turf_B1_U060_R1,2753.585881731,4.468040488,command,0.600000,-7.840486526,-42.764129639,-0.516176641,0.052870877,-0.071894437,-0.512448847,ros2_odometer_state
M19C_S3_artificial_turf_B1_U060_R1,2753.588631152,4.470789909,command,0.600000,-7.840486526,-42.764129639,-0.516176641,0.055341311,-0.074601397,-0.511425972,ros2_odometer_state
M19C_S3_artificial_turf_B1_U060_R1,2753.590490234,4.472648991,command,0.600000,-7.840486526,-42.764129639,-0.516176641,0.056382291,-0.075779036,-0.511290669,ros2_odometer_state
M19C_S3_artificial_turf_B1_U060_R1,2753.592620975,4.474779732,command,0.600000,-7.840486526,-42.764129639,-0.516176641,0.057272241,-0.076817103,-0.511328995,ros2_odometer_state
M19C_S3_artificial_turf_B1_U060_R1,2753.594660224,4.476818981,command,0.600000,-7.823064804,-42.774810791,-0.511328995,0.058077779,-0.077744886,-0.511372864,ros2_odometer_state
M19C_S3_artificial_turf_B1_U060_R1,2753.595870864,4.478029621,command,0.600000,-7.823064804,-42.774810791,-0.511328995,0.058077779,-0.077744886,-0.511372864,ros2_odometer_state
M19C_S3_artificial_turf_B1_U060_R1,2753.599182484,4.481341241,command,0.600000,-7.823064804,-42.774810791,-0.511328995,0.059486516,-0.079391092,-0.511430085,ros2_odometer_state
M19C_S3_artificial_turf_B1_U060_R1,2753.599908497,4.482067254,command,0.600000,-7.823064804,-42.774810791,-0.511328995,0.059486516,-0.079391092,-0.511430085,ros2_odometer_state
M19C_S3_artificial_turf_B1_U060_R1,2753.602769794,4.484928551,command,0.600000,-7.823064804,-42.774810791,-0.511328995,0.060395226,-0.080784552,-0.511932850,ros2_odometer_state
M19C_S3_artificial_turf_B1_U060_R1,2753.604774418,4.486933175,command,0.600000,-7.823064804,-42.774810791,-0.511328995,0.060585812,-0.081515908,-0.512181938,ros2_odometer_state
M19C_S3_artificial_turf_B1_U060_R1,2753.606752545,4.488911302,command,0.600000,-7.823064804,-42.774810791,-0.511328995,0.060596492,-0.082345188,-0.512307286,ros2_odometer_state
M19C_S3_artificial_turf_B1_U060_R1,2753.607810763,4.489969520,command,0.600000,-7.823064804,-42.774810791,-0.511328995,0.060596492,-0.082345188,-0.512307286,ros2_odometer_state
M19C_S3_artificial_turf_B1_U060_R1,2753.609754648,4.491913405,command,0.600000,-7.823064804,-42.774810791,-0.511328995,0.060447183,-0.083253227,-0.512295067,ros2_odometer_state
M19C_S3_artificial_turf_B1_U060_R1,2753.612834867,4.494993624,command,0.600000,-7.823064804,-42.774810791,-0.511328995,0.059673861,-0.085086726,-0.511947691,ros2_odometer_state
M19C_S3_artificial_turf_B1_U060_R1,2753.613926686,4.496085443,command,0.600000,-7.806645393,-42.787567139,-0.511947691,0.059673861,-0.085086726,-0.511947691,ros2_odometer_state
M19C_S3_artificial_turf_B1_U060_R1,2753.617047386,4.499206143,command,0.600000,-7.806645393,-42.787567139,-0.511947691,0.058702335,-0.087105401,-0.511763573,ros2_odometer_state
M19C_S3_artificial_turf_B1_U060_R1,2753.620243609,4.502402366,command,0.600000,-7.806645393,-42.787567139,-0.511947691,0.058702335,-0.087105401,-0.511763573,ros2_odometer_state
M19C_S3_artificial_turf_B1_U060_R1,2753.621283074,4.503441831,command,0.600000,-7.806645393,-42.787567139,-0.511947691,0.058268607,-0.088165551,-0.511714697,ros2_odometer_state
M19C_S3_artificial_turf_B1_U060_R1,2753.622486738,4.504645495,command,0.600000,-7.806645393,-42.787567139,-0.511947691,0.057860464,-0.089185104,-0.511634767,ros2_odometer_state
M19C_S3_artificial_turf_B1_U060_R1,2753.623816135,4.505974892,command,0.600000,-7.806645393,-42.787567139,-0.511947691,0.057472028,-0.090126991,-0.511450768,ros2_odometer_state
M19C_S3_artificial_turf_B1_U060_R1,2753.626583445,4.508742202,command,0.600000,-7.806645393,-42.787567139,-0.511947691,0.056671079,-0.091746666,-0.510499835,ros2_odometer_state
M19C_S3_artificial_turf_B1_U060_R1,2753.627765860,4.509924617,command,0.600000,-7.806645393,-42.787567139,-0.511947691,0.056671079,-0.091746666,-0.510499835,ros2_odometer_state
M19C_S3_artificial_turf_B1_U060_R1,2753.629792853,4.511951610,command,0.600000,-7.806645393,-42.787567139,-0.511947691,0.056304801,-0.092460394,-0.509918988,ros2_odometer_state
M19C_S3_artificial_turf_B1_U060_R1,2753.631897864,4.514056621,command,0.600000,-7.806645393,-42.787567139,-0.511947691,0.055987176,-0.093151823,-0.509419382,ros2_odometer_state
M19C_S3_artificial_turf_B1_U060_R1,2753.634793788,4.516952545,command,0.600000,-7.791733742,-42.804046631,-0.508948088,0.055459704,-0.094527639,-0.508464754,ros2_odometer_state
M19C_S3_artificial_turf_B1_U060_R1,2753.636745321,4.518904078,command,0.600000,-7.791733742,-42.804046631,-0.508948088,0.055231784,-0.095238090,-0.508001626,ros2_odometer_state
M19C_S3_artificial_turf_B1_U060_R1,2753.639386642,4.521545399,command,0.600000,-7.791733742,-42.804046631,-0.508948088,0.055008013,-0.095943019,-0.507578790,ros2_odometer_state
M19C_S3_artificial_turf_B1_U060_R1,2753.639993354,4.522152111,command,0.600000,-7.791733742,-42.804046631,-0.508948088,0.055008013,-0.095943019,-0.507578790,ros2_odometer_state
M19C_S3_artificial_turf_B1_U060_R1,2753.641994522,4.524153279,command,0.600000,-7.791733742,-42.804046631,-0.508948088,0.054788642,-0.096616961,-0.507154524,ros2_odometer_state
M19C_S3_artificial_turf_B1_U060_R1,2753.644102574,4.526261331,command,0.600000,-7.791733742,-42.804046631,-0.508948088,0.054599505,-0.097240865,-0.506720424,ros2_odometer_state
M19C_S3_artificial_turf_B1_U060_R1,2753.646810105,4.528968862,command,0.600000,-7.791733742,-42.804046631,-0.508948088,0.054219179,-0.098267950,-0.505748332,ros2_odometer_state
M19C_S3_artificial_turf_B1_U060_R1,2753.648731526,4.530890283,command,0.600000,-7.791733742,-42.804046631,-0.508948088,0.054014832,-0.098690383,-0.505217016,ros2_odometer_state
M19C_S3_artificial_turf_B1_U060_R1,2753.649983991,4.532142748,command,0.600000,-7.791733742,-42.804046631,-0.508948088,0.054014832,-0.098690383,-0.505217016,ros2_odometer_state
M19C_S3_artificial_turf_B1_U060_R1,2753.652156750,4.534315507,command,0.600000,-7.791733742,-42.804046631,-0.508948088,0.053860884,-0.099155203,-0.504772961,ros2_odometer_state
M19C_S3_artificial_turf_B1_U060_R1,2753.654815960,4.536974717,command,0.600000,-7.778625488,-42.819946289,-0.504452169,0.053754017,-0.100370206,-0.504219651,ros2_odometer_state
M19C_S3_artificial_turf_B1_U060_R1,2753.656928652,4.539087409,command,0.600000,-7.778625488,-42.819946289,-0.504452169,0.053773087,-0.101025753,-0.504032135,ros2_odometer_state
M19C_S3_artificial_turf_B1_U060_R1,2753.659321675,4.541480432,command,0.600000,-7.778625488,-42.819946289,-0.504452169,0.053811293,-0.101633221,-0.503855646,ros2_odometer_state
M19C_S3_artificial_turf_B1_U060_R1,2753.659996070,4.542154827,command,0.600000,-7.778625488,-42.819946289,-0.504452169,0.053811293,-0.101633221,-0.503855646,ros2_odometer_state
M19C_S3_artificial_turf_B1_U060_R1,2753.662754419,4.544913176,command,0.600000,-7.778625488,-42.819946289,-0.504452169,0.053861402,-0.102685869,-0.503523409,ros2_odometer_state
M19C_S3_artificial_turf_B1_U060_R1,2753.664745730,4.546904487,command,0.600000,-7.778625488,-42.819946289,-0.504452169,0.053848207,-0.103148080,-0.503374755,ros2_odometer_state
M19C_S3_artificial_turf_B1_U060_R1,2753.666720977,4.548879734,command,0.600000,-7.778625488,-42.819946289,-0.504452169,0.053797733,-0.103564374,-0.503219366,ros2_odometer_state
M19C_S3_artificial_turf_B1_U060_R1,2753.668724417,4.550883174,command,0.600000,-7.778625488,-42.819946289,-0.504452169,0.053736698,-0.103948981,-0.503055453,ros2_odometer_state
M19C_S3_artificial_turf_B1_U060_R1,2753.670709423,4.552868180,command,0.600000,-7.778625488,-42.819946289,-0.504452169,0.053681657,-0.104328550,-0.502935708,ros2_odometer_state
M19C_S3_artificial_turf_B1_U060_R1,2753.671847805,4.554006562,command,0.600000,-7.778625488,-42.819946289,-0.504452169,0.053681657,-0.104328550,-0.502935708,ros2_odometer_state
M19C_S3_artificial_turf_B1_U060_R1,2753.674059573,4.556218330,command,0.600000,-7.766276836,-42.833942413,-0.502867043,0.053655330,-0.104731724,-0.502867043,ros2_odometer_state
M19C_S3_artificial_turf_B1_U060_R1,2753.676950664,4.559109421,command,0.600000,-7.766276836,-42.833942413,-0.502867043,0.053736150,-0.105714083,-0.502912104,ros2_odometer_state
M19C_S3_artificial_turf_B1_U060_R1,2753.679420874,4.561579631,command,0.600000,-7.766276836,-42.833942413,-0.502867043,0.053829167,-0.106304392,-0.503073573,ros2_odometer_state
M19C_S3_artificial_turf_B1_U060_R1,2753.680109253,4.562268010,command,0.600000,-7.766276836,-42.833942413,-0.502867043,0.053829167,-0.106304392,-0.503073573,ros2_odometer_state
M19C_S3_artificial_turf_B1_U060_R1,2753.682862035,4.565020792,command,0.600000,-7.766276836,-42.833942413,-0.502867043,0.053935133,-0.106936581,-0.503317535,ros2_odometer_state
M19C_S3_artificial_turf_B1_U060_R1,2753.684208008,4.566366765,command,0.600000,-7.766276836,-42.833942413,-0.502867043,0.054017682,-0.107561611,-0.503565907,ros2_odometer_state
M19C_S3_artificial_turf_B1_U060_R1,2753.687369766,4.569528523,command,0.600000,-7.766276836,-42.833942413,-0.502867043,0.054115064,-0.108598381,-0.503838480,ros2_odometer_state
M19C_S3_artificial_turf_B1_U060_R1,2753.688095395,4.570254152,command,0.600000,-7.766276836,-42.833942413,-0.502867043,0.054115064,-0.108598381,-0.503838480,ros2_odometer_state
M19C_S3_artificial_turf_B1_U060_R1,2753.690053073,4.572211830,command,0.600000,-7.766276836,-42.833942413,-0.502867043,0.054148182,-0.108990490,-0.503938317,ros2_odometer_state
M19C_S3_artificial_turf_B1_U060_R1,2753.692908354,4.575067111,command,0.600000,-7.766276836,-42.833942413,-0.502867043,0.054349888,-0.109845445,-0.504551291,ros2_odometer_state
M19C_S3_artificial_turf_B1_U060_R1,2753.694854831,4.577013588,command,0.600000,-7.753553867,-42.847015381,-0.504551291,0.054552551,-0.110368453,-0.504976630,ros2_odometer_state
M19C_S3_artificial_turf_B1_U060_R1,2753.696804957,4.578963714,command,0.600000,-7.753553867,-42.847015381,-0.504551291,0.054794934,-0.110900812,-0.505336940,ros2_odometer_state
M19C_S3_artificial_turf_B1_U060_R1,2753.699371875,4.581530632,command,0.600000,-7.753553867,-42.847015381,-0.504551291,0.055051591,-0.111398749,-0.505705059,ros2_odometer_state
M19C_S3_artificial_turf_B1_U060_R1,2753.700866942,4.583025699,command,0.600000,-7.753553867,-42.847015381,-0.504551291,0.055316016,-0.111858703,-0.506141067,ros2_odometer_state
M19C_S3_artificial_turf_B1_U060_R1,2753.701969482,4.584128239,command,0.600000,-7.753553867,-42.847015381,-0.504551291,0.055316016,-0.111858703,-0.506141067,ros2_odometer_state
M19C_S3_artificial_turf_B1_U060_R1,2753.704909119,4.587067876,command,0.600000,-7.753553867,-42.847015381,-0.504551291,0.055791959,-0.112706624,-0.507013500,ros2_odometer_state
M19C_S3_artificial_turf_B1_U060_R1,2753.707125591,4.589284348,command,0.600000,-7.753553867,-42.847015381,-0.504551291,0.055973761,-0.113080509,-0.507458031,ros2_odometer_state
M19C_S3_artificial_turf_B1_U060_R1,2753.709032675,4.591191432,command,0.600000,-7.753553867,-42.847015381,-0.504551291,0.056138203,-0.113431543,-0.507934630,ros2_odometer_state
M19C_S3_artificial_turf_B1_U060_R1,2753.710778569,4.592937326,command,0.600000,-7.753553867,-42.847015381,-0.504551291,0.056327909,-0.113781892,-0.508449733,ros2_odometer_state
M19C_S3_artificial_turf_B1_U060_R1,2753.712845851,4.595004608,command,0.600000,-7.753553867,-42.847015381,-0.504551291,0.056564130,-0.114157841,-0.509038329,ros2_odometer_state
M19C_S3_artificial_turf_B1_U060_R1,2753.714856459,4.597015216,command,0.600000,-7.742156506,-42.857746124,-0.509038329,0.056829076,-0.114578888,-0.509705126,ros2_odometer_state
M19C_S3_artificial_turf_B1_U060_R1,2753.717028705,4.599187462,command,0.600000,-7.742156506,-42.857746124,-0.509038329,0.057100382,-0.115020327,-0.510427654,ros2_odometer_state
M19C_S3_artificial_turf_B1_U060_R1,2753.719426528,4.601585285,command,0.600000,-7.742156506,-42.857746124,-0.509038329,0.057359572,-0.115447782,-0.511175632,ros2_odometer_state
M19C_S3_artificial_turf_B1_U060_R1,2753.720124988,4.602283745,command,0.600000,-7.742156506,-42.857746124,-0.509038329,0.057359572,-0.115447782,-0.511175632,ros2_odometer_state
M19C_S3_artificial_turf_B1_U060_R1,2753.725118083,4.607276840,command,0.600000,-7.742156506,-42.857746124,-0.509038329,0.057587020,-0.115843035,-0.511946917,ros2_odometer_state
M19C_S3_artificial_turf_B1_U060_R1,2753.726566108,4.608724865,command,0.600000,-7.742156506,-42.857746124,-0.509038329,0.057780780,-0.116198838,-0.512758911,ros2_odometer_state
M19C_S3_artificial_turf_B1_U060_R1,2753.727522946,4.609681703,command,0.600000,-7.742156506,-42.857746124,-0.509038329,0.057963192,-0.116517477,-0.513582885,ros2_odometer_state
M19C_S3_artificial_turf_B1_U060_R1,2753.728734482,4.610893239,command,0.600000,-7.742156506,-42.857746124,-0.509038329,0.058150187,-0.116791785,-0.514387965,ros2_odometer_state
M19C_S3_artificial_turf_B1_U060_R1,2753.729979236,4.612137993,command,0.600000,-7.742156506,-42.857746124,-0.509038329,0.058338080,-0.117025033,-0.515184224,ros2_odometer_state
M19C_S3_artificial_turf_B1_U060_R1,2753.732924697,4.615083454,command,0.600000,-7.742156506,-42.857746124,-0.509038329,0.058651172,-0.117432356,-0.516878009,ros2_odometer_state
M19C_S3_artificial_turf_B1_U060_R1,2753.735272246,4.617431003,command,0.600000,-7.730000496,-42.866996765,-0.516878009,0.058751680,-0.117628627,-0.517793000,ros2_odometer_state
M19C_S3_artificial_turf_B1_U060_R1,2753.736937657,4.619096414,command,0.600000,-7.730000496,-42.866996765,-0.516878009,0.058812134,-0.117823653,-0.518757284,ros2_odometer_state
M19C_S3_artificial_turf_B1_U060_R1,2753.739430780,4.621589537,command,0.600000,-7.730000496,-42.866996765,-0.516878009,0.058852151,-0.118028849,-0.519753695,ros2_odometer_state
M19C_S3_artificial_turf_B1_U060_R1,2753.740161977,4.622320734,command,0.600000,-7.730000496,-42.866996765,-0.516878009,0.058852151,-0.118028849,-0.519753695,ros2_odometer_state
M19C_S3_artificial_turf_B1_U060_R1,2753.742944679,4.625103436,command,0.600000,-7.730000496,-42.866996765,-0.516878009,0.058945462,-0.118441358,-0.521727204,ros2_odometer_state
M19C_S3_artificial_turf_B1_U060_R1,2753.744914262,4.627073019,command,0.600000,-7.730000496,-42.866996765,-0.516878009,0.058994871,-0.118639730,-0.522645473,ros2_odometer_state
M19C_S3_artificial_turf_B1_U060_R1,2753.746870980,4.629029737,command,0.600000,-7.730000496,-42.866996765,-0.516878009,0.059018336,-0.118819378,-0.523538351,ros2_odometer_state
M19C_S3_artificial_turf_B1_U060_R1,2753.748875187,4.631033944,command,0.600000,-7.730000496,-42.866996765,-0.516878009,0.059018336,-0.118819378,-0.523538351,ros2_odometer_state
M19C_S3_artificial_turf_B1_U060_R1,2753.751061194,4.633219951,command,0.600000,-7.730000496,-42.866996765,-0.516878009,0.058862533,-0.119109541,-0.525292933,ros2_odometer_state
M19C_S3_artificial_turf_B1_U060_R1,2753.752208184,4.634366941,command,0.600000,-7.730000496,-42.866996765,-0.516878009,0.058862533,-0.119109541,-0.525292933,ros2_odometer_state
M19C_S3_artificial_turf_B1_U060_R1,2753.754914851,4.637073608,command,0.600000,-7.718519688,-42.875804901,-0.526162505,0.058689129,-0.119204983,-0.526162505,ros2_odometer_state
M19C_S3_artificial_turf_B1_U060_R1,2753.756446336,4.638605093,command,0.600000,-7.718519688,-42.875804901,-0.526162505,0.058475256,-0.119237475,-0.527006924,ros2_odometer_state
M19C_S3_artificial_turf_B1_U060_R1,2753.759918922,4.642077679,command,0.600000,-7.718519688,-42.875804901,-0.526162505,0.057742521,-0.118983224,-0.529392660,ros2_odometer_state
M19C_S3_artificial_turf_B1_U060_R1,2753.760367676,4.642526433,command,0.600000,-7.718519688,-42.875804901,-0.526162505,0.057742521,-0.118983224,-0.529392660,ros2_odometer_state
M19C_S3_artificial_turf_B1_U060_R1,2753.763096009,4.645254766,command,0.600000,-7.718519688,-42.875804901,-0.526162505,0.057165951,-0.118770868,-0.530886829,ros2_odometer_state
M19C_S3_artificial_turf_B1_U060_R1,2753.764933810,4.647092567,command,0.600000,-7.718519688,-42.875804901,-0.526162505,0.056802806,-0.118742354,-0.531594813,ros2_odometer_state
M19C_S3_artificial_turf_B1_U060_R1,2753.767059622,4.649218379,command,0.600000,-7.718519688,-42.875804901,-0.526162505,0.056361642,-0.118753582,-0.532277167,ros2_odometer_state
M19C_S3_artificial_turf_B1_U060_R1,2753.768138289,4.650297046,command,0.600000,-7.718519688,-42.875804901,-0.526162505,0.056361642,-0.118753582,-0.532277167,ros2_odometer_state
M19C_S3_artificial_turf_B1_U060_R1,2753.770152449,4.652311206,command,0.600000,-7.718519688,-42.875804901,-0.526162505,0.055852573,-0.118784897,-0.532900333,ros2_odometer_state
M19C_S3_artificial_turf_B1_U060_R1,2753.772970225,4.655128982,command,0.600000,-7.718519688,-42.875804901,-0.526162505,0.054762349,-0.118841916,-0.533955276,ros2_odometer_state
M19C_S3_artificial_turf_B1_U060_R1,2753.774960608,4.657119365,command,0.600000,-7.706925869,-42.884845734,-0.533955276,0.054223008,-0.118825436,-0.534428179,ros2_odometer_state
M19C_S3_artificial_turf_B1_U060_R1,2753.776132175,4.658290932,command,0.600000,-7.706925869,-42.884845734,-0.533955276,0.054223008,-0.118825436,-0.534428179,ros2_odometer_state
M19C_S3_artificial_turf_B1_U060_R1,2753.778711605,4.660870362,command,0.600000,-7.706925869,-42.884845734,-0.533955276,0.053693987,-0.118781835,-0.534908831,ros2_odometer_state
M19C_S3_artificial_turf_B1_U060_R1,2753.781002673,4.663161430,command,0.600000,-7.706925869,-42.884845734,-0.533955276,0.052553758,-0.118694313,-0.535836279,ros2_odometer_state
M19C_S3_artificial_turf_B1_U060_R1,2753.783019361,4.665178118,command,0.600000,-7.706925869,-42.884845734,-0.533955276,0.051886559,-0.118694469,-0.536204517,ros2_odometer_state
M19C_S3_artificial_turf_B1_U060_R1,2753.785269850,4.667428607,command,0.600000,-7.706925869,-42.884845734,-0.533955276,0.051174443,-0.118744761,-0.536482275,ros2_odometer_state
M19C_S3_artificial_turf_B1_U060_R1,2753.790082522,4.672241279,command,0.600000,-7.706925869,-42.884845734,-0.533955276,0.050453331,-0.118845455,-0.536662698,ros2_odometer_state
M19C_S3_artificial_turf_B1_U060_R1,2753.791414638,4.673573395,command,0.600000,-7.706925869,-42.884845734,-0.533955276,0.049742136,-0.118971147,-0.536751986,ros2_odometer_state
M19C_S3_artificial_turf_B1_U060_R1,2753.792820838,4.674979595,command,0.600000,-7.706925869,-42.884845734,-0.533955276,0.049046345,-0.119077019,-0.536782861,ros2_odometer_state
M19C_S3_artificial_turf_B1_U060_R1,2753.794897721,4.677056478,command,0.600000,-7.706925869,-42.884845734,-0.533955276,0.048341770,-0.119138695,-0.536746860,ros2_odometer_state
M19C_S3_artificial_turf_B1_U060_R1,2753.798471751,4.680630508,command,0.600000,-7.695211887,-42.895130157,-0.536746860,0.047570255,-0.119118758,-0.536627769,ros2_odometer_state
M19C_S3_artificial_turf_B1_U060_R1,2753.800754370,4.682913127,command,0.600000,-7.695211887,-42.895130157,-0.536746860,0.046710934,-0.119032420,-0.536464989,ros2_odometer_state
M19C_S3_artificial_turf_B1_U060_R1,2753.802165370,4.684324127,command,0.600000,-7.695211887,-42.895130157,-0.536746860,0.045807265,-0.118928596,-0.536269188,ros2_odometer_state
M19C_S3_artificial_turf_B1_U060_R1,2753.802592235,4.684750992,command,0.600000,-7.695211887,-42.895130157,-0.536746860,0.045807265,-0.118928596,-0.536269188,ros2_odometer_state
M19C_S3_artificial_turf_B1_U060_R1,2753.803769274,4.685928031,command,0.600000,-7.695211887,-42.895130157,-0.536746860,0.044894662,-0.118864439,-0.535990894,ros2_odometer_state
M19C_S3_artificial_turf_B1_U060_R1,2753.805170865,4.687329622,command,0.600000,-7.695211887,-42.895130157,-0.536746860,0.044019394,-0.118894391,-0.535647392,ros2_odometer_state
M19C_S3_artificial_turf_B1_U060_R1,2753.808607994,4.690766751,command,0.600000,-7.695211887,-42.895130157,-0.536746860,0.042503912,-0.119253330,-0.534855723,ros2_odometer_state
M19C_S3_artificial_turf_B1_U060_R1,2753.809756840,4.691915597,command,0.600000,-7.695211887,-42.895130157,-0.536746860,0.041747514,-0.119545303,-0.534367621,ros2_odometer_state
M19C_S3_artificial_turf_B1_U060_R1,2753.814234874,4.696393631,command,0.600000,-7.695211887,-42.895130157,-0.536746860,0.040937308,-0.119862132,-0.533850610,ros2_odometer_state
M19C_S3_artificial_turf_B1_U060_R1,2753.816456018,4.698614775,command,0.600000,-7.695211887,-42.895130157,-0.536746860,0.040082596,-0.120158568,-0.533340454,ros2_odometer_state
M19C_S3_artificial_turf_B1_U060_R1,2753.817742853,4.699901610,command,0.600000,-7.683505058,-42.905712128,-0.533340454,0.039172716,-0.120393008,-0.532855988,ros2_odometer_state
M19C_S3_artificial_turf_B1_U060_R1,2753.818140597,4.700299354,command,0.600000,-7.683505058,-42.905712128,-0.533340454,0.039172716,-0.120393008,-0.532855988,ros2_odometer_state
M19C_S3_artificial_turf_B1_U060_R1,2753.819831992,4.701990749,command,0.600000,-7.683505058,-42.905712128,-0.533340454,0.038217131,-0.120549172,-0.532385290,ros2_odometer_state
M19C_S3_artificial_turf_B1_U060_R1,2753.821858537,4.704017294,command,0.600000,-7.683505058,-42.905712128,-0.533340454,0.037221875,-0.120640628,-0.531836331,ros2_odometer_state
M19C_S3_artificial_turf_B1_U060_R1,2753.823459464,4.705618221,command,0.600000,-7.683505058,-42.905712128,-0.533340454,0.036233339,-0.120733514,-0.531152725,ros2_odometer_state
M19C_S3_artificial_turf_B1_U060_R1,2753.826859888,4.709018645,command,0.600000,-7.683505058,-42.905712128,-0.533340454,0.034535553,-0.121101566,-0.529554844,ros2_odometer_state
M19C_S3_artificial_turf_B1_U060_R1,2753.827814454,4.709973211,command,0.600000,-7.683505058,-42.905712128,-0.533340454,0.033774197,-0.121383458,-0.528715789,ros2_odometer_state
M19C_S3_artificial_turf_B1_U060_R1,2753.828494801,4.710653558,command,0.600000,-7.683505058,-42.905712128,-0.533340454,0.033774197,-0.121383458,-0.528715789,ros2_odometer_state
M19C_S3_artificial_turf_B1_U060_R1,2753.830845006,4.713003763,command,0.600000,-7.683505058,-42.905712128,-0.533340454,0.032340448,-0.122052185,-0.527164340,ros2_odometer_state
M19C_S3_artificial_turf_B1_U060_R1,2753.833060006,4.715218763,command,0.600000,-7.683505058,-42.905712128,-0.533340454,0.031650569,-0.122367531,-0.526506305,ros2_odometer_state
M19C_S3_artificial_turf_B1_U060_R1,2753.835027092,4.717185849,command,0.600000,-7.670978546,-42.916324615,-0.526506305,0.031004388,-0.122634076,-0.525947094,ros2_odometer_state
M19C_S3_artificial_turf_B1_U060_R1,2753.837007363,4.719166120,command,0.600000,-7.670978546,-42.916324615,-0.526506305,0.030380839,-0.122832909,-0.525470376,ros2_odometer_state
M19C_S3_artificial_turf_B1_U060_R1,2753.840869405,4.723028162,command,0.600000,-7.670978546,-42.916324615,-0.526506305,0.029781742,-0.122983940,-0.525031805,ros2_odometer_state
M19C_S3_artificial_turf_B1_U060_R1,2753.841767520,4.723926277,command,0.600000,-7.670978546,-42.916324615,-0.526506305,0.029220760,-0.123133630,-0.524581194,ros2_odometer_state
M19C_S3_artificial_turf_B1_U060_R1,2753.842358904,4.724517661,command,0.600000,-7.670978546,-42.916324615,-0.526506305,0.029220760,-0.123133630,-0.524581194,ros2_odometer_state
M19C_S3_artificial_turf_B1_U060_R1,2753.844930526,4.727089283,command,0.600000,-7.670978546,-42.916324615,-0.526506305,0.028192442,-0.123539910,-0.523653865,ros2_odometer_state
M19C_S3_artificial_turf_B1_U060_R1,2753.846192304,4.728351061,command,0.600000,-7.670978546,-42.916324615,-0.526506305,0.028192442,-0.123539910,-0.523653865,ros2_odometer_state
M19C_S3_artificial_turf_B1_U060_R1,2753.849136421,4.731295178,command,0.600000,-7.670978546,-42.916324615,-0.526506305,0.027199831,-0.123977669,-0.522773206,ros2_odometer_state
M19C_S3_artificial_turf_B1_U060_R1,2753.851146069,4.733304826,command,0.600000,-7.670978546,-42.916324615,-0.526506305,0.026686754,-0.124137506,-0.522332907,ros2_odometer_state
M19C_S3_artificial_turf_B1_U060_R1,2753.852246529,4.734405286,command,0.600000,-7.670978546,-42.916324615,-0.526506305,0.026686754,-0.124137506,-0.522332907,ros2_odometer_state
M19C_S3_artificial_turf_B1_U060_R1,2753.854250097,4.736408854,command,0.600000,-7.658618927,-42.926788330,-0.521871746,0.026121633,-0.124236889,-0.521871746,ros2_odometer_state
M19C_S3_artificial_turf_B1_U060_R1,2753.856246304,4.738405061,command,0.600000,-7.658618927,-42.926788330,-0.521871746,0.025522063,-0.124265023,-0.521389782,ros2_odometer_state
M19C_S3_artificial_turf_B1_U060_R1,2753.860346595,4.742505352,command,0.600000,-7.658618927,-42.926788330,-0.521871746,0.024362806,-0.124123804,-0.520543873,ros2_odometer_state
M19C_S3_artificial_turf_B1_U060_R1,2753.861340267,4.743499024,command,0.600000,-7.658618927,-42.926788330,-0.521871746,0.023853594,-0.124008276,-0.520240605,ros2_odometer_state
M19C_S3_artificial_turf_B1_U060_R1,2753.862277456,4.744436213,command,0.600000,-7.658618927,-42.926788330,-0.521871746,0.023853594,-0.124008276,-0.520240605,ros2_odometer_state
M19C_S3_artificial_turf_B1_U060_R1,2753.864189692,4.746348449,command,0.600000,-7.658618927,-42.926788330,-0.521871746,0.023423461,-0.123928443,-0.519983828,ros2_odometer_state
M19C_S3_artificial_turf_B1_U060_R1,2753.866833605,4.748992362,command,0.600000,-7.658618927,-42.926788330,-0.521871746,0.022739006,-0.123896845,-0.519520402,ros2_odometer_state
M19C_S3_artificial_turf_B1_U060_R1,2753.868224924,4.750383681,command,0.600000,-7.658618927,-42.926788330,-0.521871746,0.022739006,-0.123896845,-0.519520402,ros2_odometer_state
M19C_S3_artificial_turf_B1_U060_R1,2753.871036108,4.753194865,command,0.600000,-7.658618927,-42.926788330,-0.521871746,0.022237027,-0.123940207,-0.519315183,ros2_odometer_state
M19C_S3_artificial_turf_B1_U060_R1,2753.873036060,4.755194817,command,0.600000,-7.658618927,-42.926788330,-0.521871746,0.021994069,-0.123937957,-0.519317925,ros2_odometer_state
M19C_S3_artificial_turf_B1_U060_R1,2753.874266700,4.756425457,command,0.600000,-7.646238804,-42.936138153,-0.519317925,0.021994069,-0.123937957,-0.519317925,ros2_odometer_state
M19C_S3_artificial_turf_B1_U060_R1,2753.876248667,4.758407424,command,0.600000,-7.646238804,-42.936138153,-0.519317925,0.021740552,-0.123891547,-0.519401371,ros2_odometer_state
M19C_S3_artificial_turf_B1_U060_R1,2753.879649987,4.761808744,command,0.600000,-7.646238804,-42.936138153,-0.519317925,0.021267103,-0.123637497,-0.519764960,ros2_odometer_state
M19C_S3_artificial_turf_B1_U060_R1,2753.880343294,4.762502051,command,0.600000,-7.646238804,-42.936138153,-0.519317925,0.021267103,-0.123637497,-0.519764960,ros2_odometer_state
M19C_S3_artificial_turf_B1_U060_R1,2753.882263050,4.764421807,command,0.600000,-7.646238804,-42.936138153,-0.519317925,0.021061391,-0.123445258,-0.520027339,ros2_odometer_state
M19C_S3_artificial_turf_B1_U060_R1,2753.885070426,4.767229183,command,0.600000,-7.646238804,-42.936138153,-0.519317925,0.020729298,-0.123091288,-0.520674407,ros2_odometer_state
M19C_S3_artificial_turf_B1_U060_R1,2753.887404407,4.769563164,command,0.600000,-7.646238804,-42.936138153,-0.519317925,0.020593846,-0.122966819,-0.521083653,ros2_odometer_state
M19C_S3_artificial_turf_B1_U060_R1,2753.889734867,4.771893624,command,0.600000,-7.646238804,-42.936138153,-0.519317925,0.020464351,-0.122869045,-0.521527827,ros2_odometer_state
M19C_S3_artificial_turf_B1_U060_R1,2753.891051720,4.773210477,command,0.600000,-7.646238804,-42.936138153,-0.519317925,0.020464351,-0.122869045,-0.521527827,ros2_odometer_state
M19C_S3_artificial_turf_B1_U060_R1,2753.892341211,4.774499968,command,0.600000,-7.646238804,-42.936138153,-0.519317925,0.020305336,-0.122797675,-0.521987140,ros2_odometer_state
M19C_S3_artificial_turf_B1_U060_R1,2753.895137034,4.777295791,command,0.600000,-7.633466721,-42.944396973,-0.522483468,0.019874234,-0.122638412,-0.523034871,ros2_odometer_state
M19C_S3_artificial_turf_B1_U060_R1,2753.896973363,4.779132120,command,0.600000,-7.633466721,-42.944396973,-0.522483468,0.019638602,-0.122525059,-0.523638606,ros2_odometer_state
M19C_S3_artificial_turf_B1_U060_R1,2753.899715744,4.781874501,command,0.600000,-7.633466721,-42.944396973,-0.522483468,0.019388132,-0.122381084,-0.524259090,ros2_odometer_state
M19C_S3_artificial_turf_B1_U060_R1,2753.901141849,4.783300606,command,0.600000,-7.633466721,-42.944396973,-0.522483468,0.019109705,-0.122221269,-0.524898171,ros2_odometer_state
M19C_S3_artificial_turf_B1_U060_R1,2753.903067526,4.785226283,command,0.600000,-7.633466721,-42.944396973,-0.522483468,0.018805407,-0.122047268,-0.525557458,ros2_odometer_state
M19C_S3_artificial_turf_B1_U060_R1,2753.905099606,4.787258363,command,0.600000,-7.633466721,-42.944396973,-0.522483468,0.018491274,-0.121858269,-0.526232302,ros2_odometer_state
M19C_S3_artificial_turf_B1_U060_R1,2753.907003458,4.789162215,command,0.600000,-7.633466721,-42.944396973,-0.522483468,0.018159587,-0.121661387,-0.526904464,ros2_odometer_state
M19C_S3_artificial_turf_B1_U060_R1,2753.909171032,4.791329789,command,0.600000,-7.633466721,-42.944396973,-0.522483468,0.017807778,-0.121454880,-0.527600586,ros2_odometer_state
M19C_S3_artificial_turf_B1_U060_R1,2753.910979808,4.793138565,command,0.600000,-7.633466721,-42.944396973,-0.522483468,0.017448679,-0.121237032,-0.528350711,ros2_odometer_state
M19C_S3_artificial_turf_B1_U060_R1,2753.913009137,4.795167894,command,0.600000,-7.633466721,-42.944396973,-0.522483468,0.017095929,-0.121011972,-0.529135466,ros2_odometer_state
M19C_S3_artificial_turf_B1_U060_R1,2753.915172551,4.797331308,command,0.600000,-7.620181084,-42.952102661,-0.529135466,0.016753571,-0.120787106,-0.529927611,ros2_odometer_state
M19C_S3_artificial_turf_B1_U060_R1,2753.916495355,4.798654112,command,0.600000,-7.620181084,-42.952102661,-0.529135466,0.016753571,-0.120787106,-0.529927611,ros2_odometer_state
M19C_S3_artificial_turf_B1_U060_R1,2753.919812287,4.801971044,command,0.600000,-7.620181084,-42.952102661,-0.529135466,0.016033674,-0.120378315,-0.531477213,ros2_odometer_state
M19C_S3_artificial_turf_B1_U060_R1,2753.920476314,4.802635071,command,0.600000,-7.620181084,-42.952102661,-0.529135466,0.016033674,-0.120378315,-0.531477213,ros2_odometer_state
M19C_S3_artificial_turf_B1_U060_R1,2753.923253416,4.805412173,command,0.600000,-7.620181084,-42.952102661,-0.529135466,0.015210622,-0.120077565,-0.533029139,ros2_odometer_state
M19C_S3_artificial_turf_B1_U060_R1,2753.924439863,4.806598620,command,0.600000,-7.620181084,-42.952102661,-0.529135466,0.015210622,-0.120077565,-0.533029139,ros2_odometer_state
M19C_S3_artificial_turf_B1_U060_R1,2753.926341667,4.808500424,command,0.600000,-7.620181084,-42.952102661,-0.529135466,0.014750663,-0.119959392,-0.533798873,ros2_odometer_state
M19C_S3_artificial_turf_B1_U060_R1,2753.929063983,4.811222740,command,0.600000,-7.620181084,-42.952102661,-0.529135466,0.013791068,-0.119766608,-0.535350025,ros2_odometer_state
M19C_S3_artificial_turf_B1_U060_R1,2753.931037438,4.813196195,command,0.600000,-7.620181084,-42.952102661,-0.529135466,0.013338231,-0.119713575,-0.536245823,ros2_odometer_state
M19C_S3_artificial_turf_B1_U060_R1,2753.933135921,4.815294678,command,0.600000,-7.620181084,-42.952102661,-0.529135466,0.012947396,-0.119756475,-0.537217617,ros2_odometer_state
M19C_S3_artificial_turf_B1_U060_R1,2753.935234724,4.817393481,command,0.600000,-7.607734680,-42.960056305,-0.537217617,0.012614745,-0.119887501,-0.538118601,ros2_odometer_state
M19C_S3_artificial_turf_B1_U060_R1,2753.937092270,4.819251027,command,0.600000,-7.607734680,-42.960056305,-0.537217617,0.012275986,-0.120053023,-0.538936317,ros2_odometer_state
M19C_S3_artificial_turf_B1_U060_R1,2753.938981625,4.821140382,command,0.600000,-7.607734680,-42.960056305,-0.537217617,0.012275986,-0.120053023,-0.538936317,ros2_odometer_state
M19C_S3_artificial_turf_B1_U060_R1,2753.941288949,4.823447706,command,0.600000,-7.607734680,-42.960056305,-0.537217617,0.011520714,-0.120416000,-0.540678084,ros2_odometer_state
M19C_S3_artificial_turf_B1_U060_R1,2753.943325286,4.825484043,command,0.600000,-7.607734680,-42.960056305,-0.537217617,0.011131996,-0.120539881,-0.541532338,ros2_odometer_state
M19C_S3_artificial_turf_B1_U060_R1,2753.945145806,4.827304563,command,0.600000,-7.607734680,-42.960056305,-0.537217617,0.010759386,-0.120572940,-0.542346418,ros2_odometer_state
M19C_S3_artificial_turf_B1_U060_R1,2753.947228801,4.829387558,command,0.600000,-7.607734680,-42.960056305,-0.537217617,0.010427566,-0.120472625,-0.543054760,ros2_odometer_state
M19C_S3_artificial_turf_B1_U060_R1,2753.949283731,4.831442488,command,0.600000,-7.607734680,-42.960056305,-0.537217617,0.010149197,-0.120245278,-0.543663144,ros2_odometer_state
M19C_S3_artificial_turf_B1_U060_R1,2753.951198399,4.833357156,command,0.600000,-7.607734680,-42.960056305,-0.537217617,0.009941238,-0.119878411,-0.544215024,ros2_odometer_state
M19C_S3_artificial_turf_B1_U060_R1,2753.953194798,4.835353555,command,0.600000,-7.607734680,-42.960056305,-0.537217617,0.009774057,-0.119383879,-0.544671178,ros2_odometer_state
M19C_S3_artificial_turf_B1_U060_R1,2753.955164957,4.837323714,command,0.600000,-7.593767166,-42.968006134,-0.544671178,0.009628293,-0.118790098,-0.544969082,ros2_odometer_state
M19C_S3_artificial_turf_B1_U060_R1,2753.956423695,4.838582452,command,0.600000,-7.593767166,-42.968006134,-0.544671178,0.009628293,-0.118790098,-0.544969082,ros2_odometer_state
M19C_S3_artificial_turf_B1_U060_R1,2753.959855031,4.842013788,command,0.600000,-7.593767166,-42.968006134,-0.544671178,0.009562957,-0.117517672,-0.545050263,ros2_odometer_state
M19C_S3_artificial_turf_B1_U060_R1,2753.960652279,4.842811036,command,0.600000,-7.593767166,-42.968006134,-0.544671178,0.009562957,-0.117517672,-0.545050263,ros2_odometer_state
M19C_S3_artificial_turf_B1_U060_R1,2753.963394564,4.845553321,command,0.600000,-7.593767166,-42.968006134,-0.544671178,0.009700264,-0.116524272,-0.544867218,ros2_odometer_state
M19C_S3_artificial_turf_B1_U060_R1,2753.965160298,4.847319055,command,0.600000,-7.593767166,-42.968006134,-0.544671178,0.009837283,-0.116094917,-0.544679105,ros2_odometer_state
M19C_S3_artificial_turf_B1_U060_R1,2753.967135545,4.849294302,command,0.600000,-7.593767166,-42.968006134,-0.544671178,0.010027950,-0.115603030,-0.544501424,ros2_odometer_state
M19C_S3_artificial_turf_B1_U060_R1,2753.969118088,4.851276845,command,0.600000,-7.593767166,-42.968006134,-0.544671178,0.010270350,-0.115034349,-0.544337392,ros2_odometer_state
M19C_S3_artificial_turf_B1_U060_R1,2753.971107479,4.853266236,command,0.600000,-7.593767166,-42.968006134,-0.544671178,0.010525184,-0.114442281,-0.544066489,ros2_odometer_state
M19C_S3_artificial_turf_B1_U060_R1,2753.973245580,4.855404337,command,0.600000,-7.593767166,-42.968006134,-0.544671178,0.010768970,-0.113913342,-0.543642640,ros2_odometer_state
M19C_S3_artificial_turf_B1_U060_R1,2753.975439715,4.857598472,command,0.600000,-7.581819534,-42.974815369,-0.543642640,0.011010095,-0.113488331,-0.543140709,ros2_odometer_state
M19C_S3_artificial_turf_B1_U060_R1,2753.977308685,4.859467442,command,0.600000,-7.581819534,-42.974815369,-0.543642640,0.011283258,-0.113126405,-0.542708337,ros2_odometer_state
M19C_S3_artificial_turf_B1_U060_R1,2753.979785104,4.861943861,command,0.600000,-7.581819534,-42.974815369,-0.543642640,0.011590343,-0.112774864,-0.542430222,ros2_odometer_state
M19C_S3_artificial_turf_B1_U060_R1,2753.981244714,4.863403471,command,0.600000,-7.581819534,-42.974815369,-0.543642640,0.011911107,-0.112408735,-0.542296886,ros2_odometer_state
M19C_S3_artificial_turf_B1_U060_R1,2753.982451130,4.864609887,command,0.600000,-7.581819534,-42.974815369,-0.543642640,0.011911107,-0.112408735,-0.542296886,ros2_odometer_state
M19C_S3_artificial_turf_B1_U060_R1,2753.985253737,4.867412494,command,0.600000,-7.581819534,-42.974815369,-0.543642640,0.012606611,-0.111573517,-0.542213917,ros2_odometer_state
M19C_S3_artificial_turf_B1_U060_R1,2753.986443032,4.868601789,command,0.600000,-7.581819534,-42.974815369,-0.543642640,0.012606611,-0.111573517,-0.542213917,ros2_odometer_state
M19C_S3_artificial_turf_B1_U060_R1,2753.989186661,4.871345418,command,0.600000,-7.581819534,-42.974815369,-0.543642640,0.013184192,-0.110524163,-0.542438507,ros2_odometer_state
M19C_S3_artificial_turf_B1_U060_R1,2753.990440695,4.872599452,command,0.600000,-7.581819534,-42.974815369,-0.543642640,0.013184192,-0.110524163,-0.542438507,ros2_odometer_state
M19C_S3_artificial_turf_B1_U060_R1,2753.993801693,4.875960450,command,0.600000,-7.581819534,-42.974815369,-0.543642640,0.013614318,-0.109532692,-0.542552590,ros2_odometer_state
M19C_S3_artificial_turf_B1_U060_R1,2753.995358587,4.877517344,command,0.600000,-7.570040226,-42.978889465,-0.542552590,0.013724503,-0.109037735,-0.542623401,ros2_odometer_state
M19C_S3_artificial_turf_B1_U060_R1,2753.996542026,4.878700783,command,0.600000,-7.570040226,-42.978889465,-0.542552590,0.013724503,-0.109037735,-0.542623401,ros2_odometer_state
M19C_S3_artificial_turf_B1_U060_R1,2753.999916560,4.882075317,command,0.600000,-7.570040226,-42.978889465,-0.542552590,0.013798122,-0.108009636,-0.542729437,ros2_odometer_state
M19C_S3_artificial_turf_B1_U060_R1,2754.002855493,4.885014250,command,0.600000,-7.570040226,-42.978889465,-0.542552590,0.013808986,-0.107444763,-0.542815328,ros2_odometer_state
M19C_S3_artificial_turf_B1_U060_R1,2754.003734984,4.885893741,command,0.600000,-7.570040226,-42.978889465,-0.542552590,0.013799799,-0.106838688,-0.543047547,ros2_odometer_state
M19C_S3_artificial_turf_B1_U060_R1,2754.005225571,4.887384328,command,0.600000,-7.570040226,-42.978889465,-0.542552590,0.013742828,-0.106212832,-0.543413639,ros2_odometer_state
M19C_S3_artificial_turf_B1_U060_R1,2754.007192721,4.889351478,command,0.600000,-7.570040226,-42.978889465,-0.542552590,0.013645428,-0.105583712,-0.543793797,ros2_odometer_state
M19C_S3_artificial_turf_B1_U060_R1,2754.009252259,4.891411016,command,0.600000,-7.570040226,-42.978889465,-0.542552590,0.013492874,-0.104967952,-0.544087827,ros2_odometer_state
M19C_S3_artificial_turf_B1_U060_R1,2754.011196561,4.893355318,command,0.600000,-7.570040226,-42.978889465,-0.542552590,0.013267536,-0.104389422,-0.544312060,ros2_odometer_state
M19C_S3_artificial_turf_B1_U060_R1,2754.012532518,4.894691275,command,0.600000,-7.570040226,-42.978889465,-0.542552590,0.013267536,-0.104389422,-0.544312060,ros2_odometer_state
M19C_S3_artificial_turf_B1_U060_R1,2754.015435801,4.897594558,command,0.600000,-7.559080124,-42.983577728,-0.544530213,0.012683966,-0.103420354,-0.544837356,ros2_odometer_state
M19C_S3_artificial_turf_B1_U060_R1,2754.017383014,4.899541771,command,0.600000,-7.559080124,-42.983577728,-0.544530213,0.012365527,-0.103001326,-0.545218647,ros2_odometer_state
M19C_S3_artificial_turf_B1_U060_R1,2754.019928972,4.902087729,command,0.600000,-7.559080124,-42.983577728,-0.544530213,0.012055052,-0.102608807,-0.545636117,ros2_odometer_state
M19C_S3_artificial_turf_B1_U060_R1,2754.020622535,4.902781292,command,0.600000,-7.559080124,-42.983577728,-0.544530213,0.012055052,-0.102608807,-0.545636117,ros2_odometer_state
M19C_S3_artificial_turf_B1_U060_R1,2754.022572021,4.904730778,command,0.600000,-7.559080124,-42.983577728,-0.544530213,0.011759322,-0.102231137,-0.546102583,ros2_odometer_state
M19C_S3_artificial_turf_B1_U060_R1,2754.025253535,4.907412292,command,0.600000,-7.559080124,-42.983577728,-0.544530213,0.011255669,-0.101403721,-0.547450721,ros2_odometer_state
M19C_S3_artificial_turf_B1_U060_R1,2754.027291664,4.909450421,command,0.600000,-7.559080124,-42.983577728,-0.544530213,0.011014151,-0.100922845,-0.548343658,ros2_odometer_state
M19C_S3_artificial_turf_B1_U060_R1,2754.029257887,4.911416644,command,0.600000,-7.559080124,-42.983577728,-0.544530213,0.010738328,-0.100437023,-0.549224079,ros2_odometer_state
M19C_S3_artificial_turf_B1_U060_R1,2754.030532209,4.912690966,command,0.600000,-7.559080124,-42.983577728,-0.544530213,0.010738328,-0.100437023,-0.549224079,ros2_odometer_state
M19C_S3_artificial_turf_B1_U060_R1,2754.033317728,4.915476485,command,0.600000,-7.559080124,-42.983577728,-0.544530213,0.010073140,-0.099609986,-0.550669849,ros2_odometer_state
M19C_S3_artificial_turf_B1_U060_R1,2754.034604979,4.916763736,command,0.600000,-7.548082829,-42.989921570,-0.550669849,0.010073140,-0.099609986,-0.550669849,ros2_odometer_state
M19C_S3_artificial_turf_B1_U060_R1,2754.036588514,4.918747271,command,0.600000,-7.548082829,-42.989921570,-0.550669849,0.009691319,-0.099329501,-0.551205933,ros2_odometer_state
M19C_S3_artificial_turf_B1_U060_R1,2754.040042251,4.922201008,command,0.600000,-7.548082829,-42.989921570,-0.550669849,0.008961734,-0.098959871,-0.552017629,ros2_odometer_state
M19C_S3_artificial_turf_B1_U060_R1,2754.041370144,4.923528901,command,0.600000,-7.548082829,-42.989921570,-0.550669849,0.008676596,-0.098763287,-0.552427888,ros2_odometer_state
M19C_S3_artificial_turf_B1_U060_R1,2754.043294573,4.925453330,command,0.600000,-7.548082829,-42.989921570,-0.550669849,0.008423761,-0.098503664,-0.552962244,ros2_odometer_state
M19C_S3_artificial_turf_B1_U060_R1,2754.045526789,4.927685546,command,0.600000,-7.548082829,-42.989921570,-0.550669849,0.008181902,-0.098116890,-0.553656399,ros2_odometer_state
M19C_S3_artificial_turf_B1_U060_R1,2754.047345582,4.929504339,command,0.600000,-7.548082829,-42.989921570,-0.550669849,0.007974780,-0.097567841,-0.554519415,ros2_odometer_state
M19C_S3_artificial_turf_B1_U060_R1,2754.049670058,4.931828815,command,0.600000,-7.548082829,-42.989921570,-0.550669849,0.007774698,-0.096948832,-0.555370688,ros2_odometer_state
M19C_S3_artificial_turf_B1_U060_R1,2754.052279506,4.934438263,command,0.600000,-7.548082829,-42.989921570,-0.550669849,0.007774698,-0.096948832,-0.555370688,ros2_odometer_state
M19C_S3_artificial_turf_B1_U060_R1,2754.053485858,4.935644615,command,0.600000,-7.548082829,-42.989921570,-0.550669849,0.007530523,-0.096387304,-0.556027710,ros2_odometer_state
M19C_S3_artificial_turf_B1_U060_R1,2754.054640464,4.936799221,command,0.600000,-7.536058426,-42.996002197,-0.556509376,0.007264932,-0.095947862,-0.556509376,ros2_odometer_state
M19C_S3_artificial_turf_B1_U060_R1,2754.056623423,4.938782180,command,0.600000,-7.536058426,-42.996002197,-0.556509376,0.007025630,-0.095606759,-0.556850374,ros2_odometer_state
M19C_S3_artificial_turf_B1_U060_R1,2754.059974596,4.942133353,command,0.600000,-7.536058426,-42.996002197,-0.556509376,0.006547230,-0.095087923,-0.557207882,ros2_odometer_state
M19C_S3_artificial_turf_B1_U060_R1,2754.061381404,4.943540161,command,0.600000,-7.536058426,-42.996002197,-0.556509376,0.006353409,-0.094809465,-0.557453334,ros2_odometer_state
M19C_S3_artificial_turf_B1_U060_R1,2754.063561202,4.945719959,command,0.600000,-7.536058426,-42.996002197,-0.556509376,0.006187323,-0.094436385,-0.557777643,ros2_odometer_state
M19C_S3_artificial_turf_B1_U060_R1,2754.065545633,4.947704390,command,0.600000,-7.536058426,-42.996002197,-0.556509376,0.006036770,-0.093961641,-0.558096349,ros2_odometer_state
M19C_S3_artificial_turf_B1_U060_R1,2754.067490543,4.949649300,command,0.600000,-7.536058426,-42.996002197,-0.556509376,0.005901271,-0.093412392,-0.558357179,ros2_odometer_state
M19C_S3_artificial_turf_B1_U060_R1,2754.069511999,4.951670756,command,0.600000,-7.536058426,-42.996002197,-0.556509376,0.005757568,-0.092840597,-0.558517218,ros2_odometer_state
M19C_S3_artificial_turf_B1_U060_R1,2754.071523183,4.953681940,command,0.600000,-7.536058426,-42.996002197,-0.556509376,0.005596297,-0.092289835,-0.558590889,ros2_odometer_state
M19C_S3_artificial_turf_B1_U060_R1,2754.073532191,4.955690948,command,0.600000,-7.536058426,-42.996002197,-0.556509376,0.005410333,-0.091759525,-0.558592260,ros2_odometer_state
M19C_S3_artificial_turf_B1_U060_R1,2754.075419050,4.957577807,command,0.600000,-7.524506092,-43.002479553,-0.558592260,0.005186772,-0.091257498,-0.558466375,ros2_odometer_state
M19C_S3_artificial_turf_B1_U060_R1,2754.076697661,4.958856418,command,0.600000,-7.524506092,-43.002479553,-0.558592260,0.005186772,-0.091257498,-0.558466375,ros2_odometer_state
M19C_S3_artificial_turf_B1_U060_R1,2754.080083203,4.962241960,command,0.600000,-7.524506092,-43.002479553,-0.558592260,0.004669284,-0.090347484,-0.557842016,ros2_odometer_state
M19C_S3_artificial_turf_B1_U060_R1,2754.082200279,4.964359036,command,0.600000,-7.524506092,-43.002479553,-0.558592260,0.004399450,-0.089913234,-0.557405353,ros2_odometer_state
M19C_S3_artificial_turf_B1_U060_R1,2754.083078650,4.965237407,command,0.600000,-7.524506092,-43.002479553,-0.558592260,0.004399450,-0.089913234,-0.557405353,ros2_odometer_state
M19C_S3_artificial_turf_B1_U060_R1,2754.084957029,4.967115786,command,0.600000,-7.524506092,-43.002479553,-0.558592260,0.004139762,-0.089433603,-0.556979239,ros2_odometer_state
M19C_S3_artificial_turf_B1_U060_R1,2754.087436968,4.969595725,command,0.600000,-7.524506092,-43.002479553,-0.558592260,0.003756231,-0.088199049,-0.556316495,ros2_odometer_state
M19C_S3_artificial_turf_B1_U060_R1,2754.089171437,4.971330194,command,0.600000,-7.524506092,-43.002479553,-0.558592260,0.003756231,-0.088199049,-0.556316495,ros2_odometer_state
M19C_S3_artificial_turf_B1_U060_R1,2754.090612966,4.972771723,command,0.600000,-7.524506092,-43.002479553,-0.558592260,0.003657743,-0.087467834,-0.555964589,ros2_odometer_state
M19C_S3_artificial_turf_B1_U060_R1,2754.092810653,4.974969410,command,0.600000,-7.524506092,-43.002479553,-0.558592260,0.003605781,-0.086750403,-0.555533707,ros2_odometer_state
M19C_S3_artificial_turf_B1_U060_R1,2754.096109504,4.978268261,command,0.600000,-7.513428688,-43.008621216,-0.554982603,0.003452441,-0.085694455,-0.554195106,ros2_odometer_state
M19C_S3_artificial_turf_B1_U060_R1,2754.096864350,4.979023107,command,0.600000,-7.513428688,-43.008621216,-0.554982603,0.003452441,-0.085694455,-0.554195106,ros2_odometer_state
M19C_S3_artificial_turf_B1_U060_R1,2754.100212900,4.982371657,command,0.600000,-7.513428688,-43.008621216,-0.554982603,0.003104572,-0.085056208,-0.551978409,ros2_odometer_state
M19C_S3_artificial_turf_B1_U060_R1,2754.101634172,4.983792929,command,0.600000,-7.513428688,-43.008621216,-0.554982603,0.002986099,-0.084673412,-0.550840139,ros2_odometer_state
M19C_S3_artificial_turf_B1_U060_R1,2754.103577193,4.985735950,command,0.600000,-7.513428688,-43.008621216,-0.554982603,0.002930662,-0.084207639,-0.549807131,ros2_odometer_state
M19C_S3_artificial_turf_B1_U060_R1,2754.105551672,4.987710429,command,0.600000,-7.513428688,-43.008621216,-0.554982603,0.002907414,-0.083686516,-0.548906088,ros2_odometer_state
M19C_S3_artificial_turf_B1_U060_R1,2754.107540615,4.989699372,command,0.600000,-7.513428688,-43.008621216,-0.554982603,0.002909760,-0.083129697,-0.548013330,ros2_odometer_state
M19C_S3_artificial_turf_B1_U060_R1,2754.109428594,4.991587351,command,0.600000,-7.513428688,-43.008621216,-0.554982603,0.002905720,-0.082543045,-0.546992302,ros2_odometer_state
M19C_S3_artificial_turf_B1_U060_R1,2754.111413537,4.993572294,command,0.600000,-7.513428688,-43.008621216,-0.554982603,0.002878836,-0.081914343,-0.545897424,ros2_odometer_state
M19C_S3_artificial_turf_B1_U060_R1,2754.112734037,4.994892794,command,0.600000,-7.513428688,-43.008621216,-0.554982603,0.002878836,-0.081914343,-0.545897424,ros2_odometer_state
M19C_S3_artificial_turf_B1_U060_R1,2754.115469634,4.997628391,command,0.600000,-7.503835201,-43.016475677,-0.544805348,0.002790373,-0.080589600,-0.543710232,ros2_odometer_state
M19C_S3_artificial_turf_B1_U060_R1,2754.117504211,4.999662968,command,0.600000,-7.503835201,-43.016475677,-0.544805348,0.002720022,-0.079951838,-0.542582810,ros2_odometer_state
M19C_S3_artificial_turf_B1_U060_R1,2754.120247008,5.002405765,command,0.600000,-7.503835201,-43.016475677,-0.544805348,0.002637576,-0.079383194,-0.541421354,ros2_odometer_state
M19C_S3_artificial_turf_B1_U060_R1,2754.120807542,5.002966299,command,0.600000,-7.503835201,-43.016475677,-0.544805348,0.002637576,-0.079383194,-0.541421354,ros2_odometer_state
M19C_S3_artificial_turf_B1_U060_R1,2754.123464864,5.005623621,command,0.600000,-7.503835201,-43.016475677,-0.544805348,0.002494961,-0.078477152,-0.539306700,ros2_odometer_state
M19C_S3_artificial_turf_B1_U060_R1,2754.125934498,5.008093255,command,0.600000,-7.503835201,-43.016475677,-0.544805348,0.002420257,-0.078073256,-0.538502872,ros2_odometer_state
M19C_S3_artificial_turf_B1_U060_R1,2754.126998285,5.009157042,command,0.600000,-7.503835201,-43.016475677,-0.544805348,0.002420257,-0.078073256,-0.538502872,ros2_odometer_state
M19C_S3_artificial_turf_B1_U060_R1,2754.129780251,5.011939008,command,0.600000,-7.503835201,-43.016475677,-0.544805348,0.002243419,-0.077036105,-0.537240088,ros2_odometer_state
M19C_S3_artificial_turf_B1_U060_R1,2754.131606244,5.013765001,command,0.600000,-7.503835201,-43.016475677,-0.544805348,0.002130680,-0.076403029,-0.536604583,ros2_odometer_state
M19C_S3_artificial_turf_B1_U060_R1,2754.133666454,5.015825211,command,0.600000,-7.503835201,-43.016475677,-0.544805348,0.001997630,-0.075718440,-0.535987854,ros2_odometer_state
M19C_S3_artificial_turf_B1_U060_R1,2754.135527520,5.017686277,command,0.600000,-7.494251251,-43.023735046,-0.535987854,0.001860101,-0.074989736,-0.535477936,ros2_odometer_state
M19C_S3_artificial_turf_B1_U060_R1,2754.137457420,5.019616177,command,0.600000,-7.494251251,-43.023735046,-0.535987854,0.001729055,-0.074258015,-0.535040200,ros2_odometer_state
M19C_S3_artificial_turf_B1_U060_R1,2754.140200569,5.022359326,command,0.600000,-7.494251251,-43.023735046,-0.535987854,0.001601455,-0.073588282,-0.534602046,ros2_odometer_state
M19C_S3_artificial_turf_B1_U060_R1,2754.141516206,5.023674963,command,0.600000,-7.494251251,-43.023735046,-0.535987854,0.001472306,-0.073046118,-0.534162819,ros2_odometer_state
M19C_S3_artificial_turf_B1_U060_R1,2754.143511421,5.025670178,command,0.600000,-7.494251251,-43.023735046,-0.535987854,0.001361906,-0.072627373,-0.533783436,ros2_odometer_state
M19C_S3_artificial_turf_B1_U060_R1,2754.144717293,5.026876050,command,0.600000,-7.494251251,-43.023735046,-0.535987854,0.001361906,-0.072627373,-0.533783436,ros2_odometer_state
M19C_S3_artificial_turf_B1_U060_R1,2754.148321596,5.030480353,command,0.600000,-7.494251251,-43.023735046,-0.535987854,0.001232254,-0.071933866,-0.533440709,ros2_odometer_state
M19C_S3_artificial_turf_B1_U060_R1,2754.149839321,5.031998078,command,0.600000,-7.494251251,-43.023735046,-0.535987854,0.001202100,-0.071539320,-0.533461630,ros2_odometer_state
M19C_S3_artificial_turf_B1_U060_R1,2754.152098610,5.034257367,command,0.600000,-7.494251251,-43.023735046,-0.535987854,0.001190432,-0.071098410,-0.533651948,ros2_odometer_state
M19C_S3_artificial_turf_B1_U060_R1,2754.153938300,5.036097057,command,0.600000,-7.494251251,-43.023735046,-0.535987854,0.001186001,-0.070621468,-0.533996999,ros2_odometer_state
M19C_S3_artificial_turf_B1_U060_R1,2754.155888969,5.038047726,command,0.600000,-7.482988834,-43.031627655,-0.533996999,0.001183178,-0.070122883,-0.534418166,ros2_odometer_state
M19C_S3_artificial_turf_B1_U060_R1,2754.157808149,5.039966906,command,0.600000,-7.482988834,-43.031627655,-0.533996999,0.001193575,-0.069624923,-0.534844100,ros2_odometer_state
M19C_S3_artificial_turf_B1_U060_R1,2754.160291896,5.042450653,command,0.600000,-7.482988834,-43.031627655,-0.533996999,0.001199447,-0.069167659,-0.535234451,ros2_odometer_state
M19C_S3_artificial_turf_B1_U060_R1,2754.160972179,5.043130936,command,0.600000,-7.482988834,-43.031627655,-0.533996999,0.001199447,-0.069167659,-0.535234451,ros2_odometer_state
M19C_S3_artificial_turf_B1_U060_R1,2754.163809924,5.045968681,command,0.600000,-7.482988834,-43.031627655,-0.533996999,0.001183157,-0.068500608,-0.536038637,ros2_odometer_state
M19C_S3_artificial_turf_B1_U060_R1,2754.164926224,5.047084981,command,0.600000,-7.482988834,-43.031627655,-0.533996999,0.001183157,-0.068500608,-0.536038637,ros2_odometer_state
M19C_S3_artificial_turf_B1_U060_R1,2754.166902239,5.049060996,command,0.600000,-7.482988834,-43.031627655,-0.533996999,0.001184584,-0.068266444,-0.536548436,ros2_odometer_state
M19C_S3_artificial_turf_B1_U060_R1,2754.169736976,5.051895733,command,0.600000,-7.482988834,-43.031627655,-0.533996999,0.001230870,-0.067811228,-0.537954152,ros2_odometer_state
M19C_S3_artificial_turf_B1_U060_R1,2754.171732351,5.053891108,command,0.600000,-7.482988834,-43.031627655,-0.533996999,0.001305324,-0.067562908,-0.538840115,ros2_odometer_state
M19C_S3_artificial_turf_B1_U060_R1,2754.173833907,5.055992664,command,0.600000,-7.482988834,-43.031627655,-0.533996999,0.001398988,-0.067285649,-0.539744556,ros2_odometer_state
M19C_S3_artificial_turf_B1_U060_R1,2754.175842306,5.058001063,command,0.600000,-7.471812725,-43.039222717,-0.539744556,0.001534145,-0.066961423,-0.540571511,ros2_odometer_state
M19C_S3_artificial_turf_B1_U060_R1,2754.177756559,5.059915316,command,0.600000,-7.471812725,-43.039222717,-0.539744556,0.001688580,-0.066584088,-0.541291773,ros2_odometer_state
M19C_S3_artificial_turf_B1_U060_R1,2754.179462770,5.061621527,command,0.600000,-7.471812725,-43.039222717,-0.539744556,0.001688580,-0.066584088,-0.541291773,ros2_odometer_state
M19C_S3_artificial_turf_B1_U060_R1,2754.180998735,5.063157492,command,0.600000,-7.471812725,-43.039222717,-0.539744556,0.001838214,-0.066172078,-0.542015553,ros2_odometer_state
M19C_S3_artificial_turf_B1_U060_R1,2754.183823648,5.065982405,command,0.600000,-7.471812725,-43.039222717,-0.539744556,0.002087175,-0.065412678,-0.543699205,ros2_odometer_state
M19C_S3_artificial_turf_B1_U060_R1,2754.186328739,5.068487496,command,0.600000,-7.471812725,-43.039222717,-0.539744556,0.002211360,-0.065086186,-0.544647634,ros2_odometer_state
M19C_S3_artificial_turf_B1_U060_R1,2754.186930459,5.069089216,command,0.600000,-7.471812725,-43.039222717,-0.539744556,0.002211360,-0.065086186,-0.544647634,ros2_odometer_state
M19C_S3_artificial_turf_B1_U060_R1,2754.189054960,5.071213717,command,0.600000,-7.471812725,-43.039222717,-0.539744556,0.002348679,-0.064774729,-0.545619667,ros2_odometer_state
M19C_S3_artificial_turf_B1_U060_R1,2754.191583604,5.073742361,command,0.600000,-7.471812725,-43.039222717,-0.539744556,0.002564641,-0.064291961,-0.547555864,ros2_odometer_state
M19C_S3_artificial_turf_B1_U060_R1,2754.193749098,5.075907855,command,0.600000,-7.471812725,-43.039222717,-0.539744556,0.002652014,-0.064120978,-0.548553765,ros2_odometer_state
M19C_S3_artificial_turf_B1_U060_R1,2754.195770971,5.077929728,command,0.600000,-7.460637093,-43.045509338,-0.548553765,0.002762286,-0.063960597,-0.549462259,ros2_odometer_state
M19C_S3_artificial_turf_B1_U060_R1,2754.197744393,5.079903150,command,0.600000,-7.460637093,-43.045509338,-0.548553765,0.002901957,-0.063761882,-0.550142109,ros2_odometer_state
M19C_S3_artificial_turf_B1_U060_R1,2754.200950249,5.083109006,command,0.600000,-7.460637093,-43.045509338,-0.548553765,0.003064891,-0.063490294,-0.550624192,ros2_odometer_state
M19C_S3_artificial_turf_B1_U060_R1,2754.201331640,5.083490397,command,0.600000,-7.460637093,-43.045509338,-0.548553765,0.003064891,-0.063490294,-0.550624192,ros2_odometer_state
M19C_S3_artificial_turf_B1_U060_R1,2754.203771481,5.085930238,command,0.600000,-7.460637093,-43.045509338,-0.548553765,0.003443798,-0.062706403,-0.551523685,ros2_odometer_state
M19C_S3_artificial_turf_B1_U060_R1,2754.205758728,5.087917485,command,0.600000,-7.460637093,-43.045509338,-0.548553765,0.003655936,-0.062216625,-0.552067161,ros2_odometer_state
M19C_S3_artificial_turf_B1_U060_R1,2754.207737399,5.089896156,command,0.600000,-7.460637093,-43.045509338,-0.548553765,0.003906289,-0.061677869,-0.552634001,ros2_odometer_state
M19C_S3_artificial_turf_B1_U060_R1,2754.209736998,5.091895755,command,0.600000,-7.460637093,-43.045509338,-0.548553765,0.004222974,-0.061131831,-0.553173840,ros2_odometer_state
M19C_S3_artificial_turf_B1_U060_R1,2754.211791704,5.093950461,command,0.600000,-7.460637093,-43.045509338,-0.548553765,0.004572989,-0.060643546,-0.553604007,ros2_odometer_state
M19C_S3_artificial_turf_B1_U060_R1,2754.214193207,5.096351964,command,0.600000,-7.460637093,-43.045509338,-0.548553765,0.004572989,-0.060643546,-0.553604007,ros2_odometer_state
M19C_S3_artificial_turf_B1_U060_R1,2754.215582574,5.097741331,command,0.600000,-7.448625565,-43.052394867,-0.553899109,0.004891998,-0.060233690,-0.553899109,ros2_odometer_state
M19C_S3_artificial_turf_B1_U060_R1,2754.218370653,5.100529410,command,0.600000,-7.448625565,-43.052394867,-0.553899109,0.005508063,-0.059710532,-0.553940296,ros2_odometer_state
M19C_S3_artificial_turf_B1_U060_R1,2754.220342444,5.102501201,command,0.600000,-7.448625565,-43.052394867,-0.553899109,0.005819112,-0.059593212,-0.553714693,ros2_odometer_state
M19C_S3_artificial_turf_B1_U060_R1,2754.221766404,5.103925161,command,0.600000,-7.448625565,-43.052394867,-0.553899109,0.006140773,-0.059538942,-0.553424120,ros2_odometer_state
M19C_S3_artificial_turf_B1_U060_R1,2754.222937395,5.105096152,command,0.600000,-7.448625565,-43.052394867,-0.553899109,0.006140773,-0.059538942,-0.553424120,ros2_odometer_state
M19C_S3_artificial_turf_B1_U060_R1,2754.225640926,5.107799683,command,0.600000,-7.448625565,-43.052394867,-0.553899109,0.006825912,-0.059545275,-0.552720547,ros2_odometer_state
M19C_S3_artificial_turf_B1_U060_R1,2754.227646606,5.109805363,command,0.600000,-7.448625565,-43.052394867,-0.553899109,0.007188728,-0.059562154,-0.552320898,ros2_odometer_state
M19C_S3_artificial_turf_B1_U060_R1,2754.229605852,5.111764609,command,0.600000,-7.448625565,-43.052394867,-0.553899109,0.007579475,-0.059555277,-0.551946521,ros2_odometer_state
M19C_S3_artificial_turf_B1_U060_R1,2754.231847413,5.114006170,command,0.600000,-7.448625565,-43.052394867,-0.553899109,0.008010417,-0.059514724,-0.551643610,ros2_odometer_state
M19C_S3_artificial_turf_B1_U060_R1,2754.233860357,5.116019114,command,0.600000,-7.448625565,-43.052394867,-0.553899109,0.008532120,-0.059437718,-0.551409721,ros2_odometer_state
M19C_S3_artificial_turf_B1_U060_R1,2754.235846100,5.118004857,command,0.600000,-7.436336040,-43.060596466,-0.551409721,0.009131970,-0.059350070,-0.551156461,ros2_odometer_state
M19C_S3_artificial_turf_B1_U060_R1,2754.237829123,5.119987880,command,0.600000,-7.436336040,-43.060596466,-0.551409721,0.009729887,-0.059259005,-0.550775111,ros2_odometer_state
M19C_S3_artificial_turf_B1_U060_R1,2754.240435115,5.122593872,command,0.600000,-7.436336040,-43.060596466,-0.551409721,0.009729887,-0.059259005,-0.550775111,ros2_odometer_state
M19C_S3_artificial_turf_B1_U060_R1,2754.241837538,5.123996295,command,0.600000,-7.436336040,-43.060596466,-0.551409721,0.010329190,-0.059199035,-0.550259590,ros2_odometer_state
M19C_S3_artificial_turf_B1_U060_R1,2754.243203225,5.125361982,command,0.600000,-7.436336040,-43.060596466,-0.551409721,0.010954089,-0.059217215,-0.549725533,ros2_odometer_state
M19C_S3_artificial_turf_B1_U060_R1,2754.245803968,5.127962725,command,0.600000,-7.436336040,-43.060596466,-0.551409721,0.012254145,-0.059506722,-0.548834860,ros2_odometer_state
M19C_S3_artificial_turf_B1_U060_R1,2754.247803471,5.129962228,command,0.600000,-7.436336040,-43.060596466,-0.551409721,0.012960213,-0.059732519,-0.548488438,ros2_odometer_state
M19C_S3_artificial_turf_B1_U060_R1,2754.249814975,5.131973732,command,0.600000,-7.436336040,-43.060596466,-0.551409721,0.013726038,-0.059985779,-0.548237979,ros2_odometer_state
M19C_S3_artificial_turf_B1_U060_R1,2754.253320875,5.135479632,command,0.600000,-7.436336040,-43.060596466,-0.551409721,0.014540778,-0.060258664,-0.548104823,ros2_odometer_state
M19C_S3_artificial_turf_B1_U060_R1,2754.255095345,5.137254102,command,0.600000,-7.436336040,-43.060596466,-0.551409721,0.015423559,-0.060531419,-0.548121810,ros2_odometer_state
M19C_S3_artificial_turf_B1_U060_R1,2754.257245319,5.139404076,command,0.600000,-7.421959877,-43.068973541,-0.548121810,0.016387658,-0.060785454,-0.548241556,ros2_odometer_state
M19C_S3_artificial_turf_B1_U060_R1,2754.258286256,5.140445013,command,0.600000,-7.421959877,-43.068973541,-0.548121810,0.017401384,-0.061022632,-0.548375189,ros2_odometer_state
M19C_S3_artificial_turf_B1_U060_R1,2754.260456583,5.142615340,command,0.600000,-7.421959877,-43.068973541,-0.548121810,0.018449238,-0.061280496,-0.548413873,ros2_odometer_state
M19C_S3_artificial_turf_B1_U060_R1,2754.261157858,5.143316615,command,0.600000,-7.421959877,-43.068973541,-0.548121810,0.018449238,-0.061280496,-0.548413873,ros2_odometer_state
M19C_S3_artificial_turf_B1_U060_R1,2754.263882159,5.146040916,command,0.600000,-7.421959877,-43.068973541,-0.548121810,0.020588506,-0.062017303,-0.548323035,ros2_odometer_state
M19C_S3_artificial_turf_B1_U060_R1,2754.265844509,5.148003266,command,0.600000,-7.421959877,-43.068973541,-0.548121810,0.021673357,-0.062498529,-0.548416376,ros2_odometer_state
M19C_S3_artificial_turf_B1_U060_R1,2754.266935496,5.149094253,command,0.600000,-7.421959877,-43.068973541,-0.548121810,0.021673357,-0.062498529,-0.548416376,ros2_odometer_state
M19C_S3_artificial_turf_B1_U060_R1,2754.269860860,5.152019617,command,0.600000,-7.421959877,-43.068973541,-0.548121810,0.023974871,-0.063514970,-0.548796654,ros2_odometer_state
M19C_S3_artificial_turf_B1_U060_R1,2754.271847083,5.154005840,command,0.600000,-7.421959877,-43.068973541,-0.548121810,0.025193574,-0.064021982,-0.548982263,ros2_odometer_state
M19C_S3_artificial_turf_B1_U060_R1,2754.273888413,5.156047170,command,0.600000,-7.421959877,-43.068973541,-0.548121810,0.026469171,-0.064544417,-0.549253523,ros2_odometer_state
M19C_S3_artificial_turf_B1_U060_R1,2754.276047186,5.158205943,command,0.600000,-7.406558990,-43.077255249,-0.549253523,0.027777568,-0.065113954,-0.549616337,ros2_odometer_state
M19C_S3_artificial_turf_B1_U060_R1,2754.277908348,5.160067105,command,0.600000,-7.406558990,-43.077255249,-0.549253523,0.029119596,-0.065747350,-0.549976587,ros2_odometer_state
M19C_S3_artificial_turf_B1_U060_R1,2754.280449697,5.162608454,command,0.600000,-7.406558990,-43.077255249,-0.549253523,0.030487522,-0.066432983,-0.550262511,ros2_odometer_state
M19C_S3_artificial_turf_B1_U060_R1,2754.281949053,5.164107810,command,0.600000,-7.406558990,-43.077255249,-0.549253523,0.031870902,-0.067142032,-0.550472617,ros2_odometer_state
M19C_S3_artificial_turf_B1_U060_R1,2754.283193359,5.165352116,command,0.600000,-7.406558990,-43.077255249,-0.549253523,0.031870902,-0.067142032,-0.550472617,ros2_odometer_state
M19C_S3_artificial_turf_B1_U060_R1,2754.285088314,5.167247071,command,0.600000,-7.406558990,-43.077255249,-0.549253523,0.033260636,-0.067875013,-0.550612867,ros2_odometer_state
M19C_S3_artificial_turf_B1_U060_R1,2754.287757284,5.169916041,command,0.600000,-7.406558990,-43.077255249,-0.549253523,0.036090668,-0.069369212,-0.550864816,ros2_odometer_state
M19C_S3_artificial_turf_B1_U060_R1,2754.288983253,5.171142010,command,0.600000,-7.406558990,-43.077255249,-0.549253523,0.036090668,-0.069369212,-0.550864816,ros2_odometer_state
M19C_S3_artificial_turf_B1_U060_R1,2754.291833126,5.173991883,command,0.600000,-7.406558990,-43.077255249,-0.549253523,0.038985986,-0.070951320,-0.551072776,ros2_odometer_state
M19C_S3_artificial_turf_B1_U060_R1,2754.293030678,5.175189435,command,0.600000,-7.406558990,-43.077255249,-0.549253523,0.038985986,-0.070951320,-0.551072776,ros2_odometer_state
M19C_S3_artificial_turf_B1_U060_R1,2754.295081959,5.177240716,command,0.600000,-7.390527248,-43.085807800,-0.551165879,0.040472973,-0.071774818,-0.551165879,ros2_odometer_state
M19C_S3_artificial_turf_B1_U060_R1,2754.296975794,5.179134551,command,0.600000,-7.390527248,-43.085807800,-0.551165879,0.041981056,-0.072614759,-0.551240861,ros2_odometer_state
M19C_S3_artificial_turf_B1_U060_R1,2754.300499039,5.182657796,command,0.600000,-7.390527248,-43.085807800,-0.551165879,0.045016676,-0.074332900,-0.551296651,ros2_odometer_state
M19C_S3_artificial_turf_B1_U060_R1,2754.301767249,5.183926006,command,0.600000,-7.390527248,-43.085807800,-0.551165879,0.046510249,-0.075230896,-0.551224887,ros2_odometer_state
M19C_S3_artificial_turf_B1_U060_R1,2754.303975657,5.186134414,command,0.600000,-7.390527248,-43.085807800,-0.551165879,0.047865603,-0.076239370,-0.550829530,ros2_odometer_state
M19C_S3_artificial_turf_B1_U060_R1,2754.306030202,5.188188959,command,0.600000,-7.390527248,-43.085807800,-0.551165879,0.048999574,-0.077352844,-0.550123811,ros2_odometer_state
M19C_S3_artificial_turf_B1_U060_R1,2754.308028362,5.190187119,command,0.600000,-7.390527248,-43.085807800,-0.551165879,0.050026517,-0.078476124,-0.549482048,ros2_odometer_state
M19C_S3_artificial_turf_B1_U060_R1,2754.309142710,5.191301467,command,0.600000,-7.390527248,-43.085807800,-0.551165879,0.050026517,-0.078476124,-0.549482048,ros2_odometer_state
M19C_S3_artificial_turf_B1_U060_R1,2754.311799296,5.193958053,command,0.600000,-7.390527248,-43.085807800,-0.551165879,0.051823787,-0.080403849,-0.549037397,ros2_odometer_state
M19C_S3_artificial_turf_B1_U060_R1,2754.313087539,5.195246296,command,0.600000,-7.390527248,-43.085807800,-0.551165879,0.051823787,-0.080403849,-0.549037397,ros2_odometer_state
M19C_S3_artificial_turf_B1_U060_R1,2754.315105667,5.197264424,command,0.600000,-7.373693943,-43.096263885,-0.549122274,0.052570615,-0.081159070,-0.549122274,ros2_odometer_state
M19C_S3_artificial_turf_B1_U060_R1,2754.317803855,5.199962612,command,0.600000,-7.373693943,-43.096263885,-0.549122274,0.053935297,-0.082414478,-0.549002051,ros2_odometer_state
M19C_S3_artificial_turf_B1_U060_R1,2754.321909074,5.204067831,command,0.600000,-7.373693943,-43.096263885,-0.549122274,0.054568086,-0.082915895,-0.548808515,ros2_odometer_state
M19C_S3_artificial_turf_B1_U060_R1,2754.323145411,5.205304168,command,0.600000,-7.373693943,-43.096263885,-0.549122274,0.055121310,-0.083262525,-0.548920631,ros2_odometer_state
M19C_S3_artificial_turf_B1_U060_R1,2754.323542387,5.205701144,command,0.600000,-7.373693943,-43.096263885,-0.549122274,0.055121310,-0.083262525,-0.548920631,ros2_odometer_state
M19C_S3_artificial_turf_B1_U060_R1,2754.325187892,5.207346649,command,0.600000,-7.373693943,-43.096263885,-0.549122274,0.055573970,-0.083472148,-0.549229681,ros2_odometer_state
M19C_S3_artificial_turf_B1_U060_R1,2754.327834077,5.209992834,command,0.600000,-7.373693943,-43.096263885,-0.549122274,0.056000963,-0.083821550,-0.549251735,ros2_odometer_state
M19C_S3_artificial_turf_B1_U060_R1,2754.329990483,5.212149240,command,0.600000,-7.373693943,-43.096263885,-0.549122274,0.055909812,-0.084101252,-0.549025655,ros2_odometer_state
M19C_S3_artificial_turf_B1_U060_R1,2754.331996131,5.214154888,command,0.600000,-7.373693943,-43.096263885,-0.549122274,0.055657540,-0.084542766,-0.548917651,ros2_odometer_state
M19C_S3_artificial_turf_B1_U060_R1,2754.334011891,5.216170648,command,0.600000,-7.373693943,-43.096263885,-0.549122274,0.055281531,-0.085186616,-0.548767984,ros2_odometer_state
M19C_S3_artificial_turf_B1_U060_R1,2754.336038244,5.218197001,command,0.600000,-7.357784271,-43.109954834,-0.548767984,0.054792210,-0.085969418,-0.548426449,ros2_odometer_state
M19C_S3_artificial_turf_B1_U060_R1,2754.337991121,5.220149878,command,0.600000,-7.357784271,-43.109954834,-0.548767984,0.054219581,-0.086784653,-0.547986209,ros2_odometer_state
M19C_S3_artificial_turf_B1_U060_R1,2754.339919198,5.222077955,command,0.600000,-7.357784271,-43.109954834,-0.548767984,0.054219581,-0.086784653,-0.547986209,ros2_odometer_state
M19C_S3_artificial_turf_B1_U060_R1,2754.341318357,5.223477114,command,0.600000,-7.357784271,-43.109954834,-0.548767984,0.053634975,-0.087619931,-0.547553539,ros2_odometer_state
M19C_S3_artificial_turf_B1_U060_R1,2754.344171975,5.226330732,command,0.600000,-7.357784271,-43.109954834,-0.548767984,0.052604072,-0.089205131,-0.546389103,ros2_odometer_state
M19C_S3_artificial_turf_B1_U060_R1,2754.345953646,5.228112403,command,0.600000,-7.357784271,-43.109954834,-0.548767984,0.052186839,-0.089806385,-0.545563698,ros2_odometer_state
M19C_S3_artificial_turf_B1_U060_R1,2754.347870298,5.230029055,command,0.600000,-7.357784271,-43.109954834,-0.548767984,0.051818904,-0.090284027,-0.544650137,ros2_odometer_state
M19C_S3_artificial_turf_B1_U060_R1,2754.349082410,5.231241167,command,0.600000,-7.357784271,-43.109954834,-0.548767984,0.051818904,-0.090284027,-0.544650137,ros2_odometer_state
M19C_S3_artificial_turf_B1_U060_R1,2754.352145284,5.234304041,command,0.600000,-7.357784271,-43.109954834,-0.548767984,0.051230572,-0.091075033,-0.542908549,ros2_odometer_state
M19C_S3_artificial_turf_B1_U060_R1,2754.353138827,5.235297584,command,0.600000,-7.357784271,-43.109954834,-0.548767984,0.051230572,-0.091075033,-0.542908549,ros2_odometer_state
M19C_S3_artificial_turf_B1_U060_R1,2754.356147427,5.238306184,command,0.600000,-7.344892979,-43.126590729,-0.542163730,0.050784193,-0.091799147,-0.541469991,ros2_odometer_state
M19C_S3_artificial_turf_B1_U060_R1,2754.358272760,5.240431517,command,0.600000,-7.344892979,-43.126590729,-0.542163730,0.050573982,-0.092147462,-0.540770948,ros2_odometer_state
M19C_S3_artificial_turf_B1_U060_R1,2754.359784404,5.241943161,command,0.600000,-7.344892979,-43.126590729,-0.542163730,0.050573982,-0.092147462,-0.540770948,ros2_odometer_state
M19C_S3_artificial_turf_B1_U060_R1,2754.361338257,5.243497014,command,0.600000,-7.344892979,-43.126590729,-0.542163730,0.050377648,-0.092478372,-0.540043950,ros2_odometer_state
M19C_S3_artificial_turf_B1_U060_R1,2754.363192859,5.245351616,command,0.600000,-7.344892979,-43.126590729,-0.542163730,0.050207011,-0.092785455,-0.539351523,ros2_odometer_state
M19C_S3_artificial_turf_B1_U060_R1,2754.365119880,5.247278637,command,0.600000,-7.344892979,-43.126590729,-0.542163730,0.050070580,-0.093050197,-0.538715839,ros2_odometer_state
M19C_S3_artificial_turf_B1_U060_R1,2754.367103895,5.249262652,command,0.600000,-7.344892979,-43.126590729,-0.542163730,0.049954858,-0.093212530,-0.538053036,ros2_odometer_state
M19C_S3_artificial_turf_B1_U060_R1,2754.369124775,5.251283532,command,0.600000,-7.344892979,-43.126590729,-0.542163730,0.049832292,-0.093235828,-0.537330329,ros2_odometer_state
M19C_S3_artificial_turf_B1_U060_R1,2754.371867540,5.254026297,command,0.600000,-7.344892979,-43.126590729,-0.542163730,0.049584635,-0.093382478,-0.536020935,ros2_odometer_state
M19C_S3_artificial_turf_B1_U060_R1,2754.373939046,5.256097803,command,0.600000,-7.344892979,-43.126590729,-0.542163730,0.049551930,-0.093637690,-0.535511553,ros2_odometer_state
M19C_S3_artificial_turf_B1_U060_R1,2754.375954198,5.258112955,command,0.600000,-7.331237793,-43.141658783,-0.535511553,0.049574997,-0.094008423,-0.535072684,ros2_odometer_state
M19C_S3_artificial_turf_B1_U060_R1,2754.377122341,5.259281098,command,0.600000,-7.331237793,-43.141658783,-0.535511553,0.049574997,-0.094008423,-0.535072684,ros2_odometer_state
M19C_S3_artificial_turf_B1_U060_R1,2754.380803351,5.262962108,command,0.600000,-7.331237793,-43.141658783,-0.535511553,0.049680877,-0.094934925,-0.534353256,ros2_odometer_state
M19C_S3_artificial_turf_B1_U060_R1,2754.381479218,5.263637975,command,0.600000,-7.331237793,-43.141658783,-0.535511553,0.049680877,-0.094934925,-0.534353256,ros2_odometer_state
M19C_S3_artificial_turf_B1_U060_R1,2754.383465409,5.265624166,command,0.600000,-7.331237793,-43.141658783,-0.535511553,0.049698774,-0.095335558,-0.534024417,ros2_odometer_state
M19C_S3_artificial_turf_B1_U060_R1,2754.385412335,5.267571092,command,0.600000,-7.331237793,-43.141658783,-0.535511553,0.049669441,-0.095643632,-0.533617675,ros2_odometer_state
M19C_S3_artificial_turf_B1_U060_R1,2754.388157724,5.270316481,command,0.600000,-7.331237793,-43.141658783,-0.535511553,0.049475100,-0.096027553,-0.532512665,ros2_odometer_state
M19C_S3_artificial_turf_B1_U060_R1,2754.390107593,5.272266350,command,0.600000,-7.331237793,-43.141658783,-0.535511553,0.049353331,-0.096188024,-0.531955957,ros2_odometer_state
M19C_S3_artificial_turf_B1_U060_R1,2754.392186300,5.274345057,command,0.600000,-7.331237793,-43.141658783,-0.535511553,0.049250666,-0.096364334,-0.531419218,ros2_odometer_state
M19C_S3_artificial_turf_B1_U060_R1,2754.394607132,5.276765889,command,0.600000,-7.331237793,-43.141658783,-0.535511553,0.049168043,-0.096583493,-0.530912042,ros2_odometer_state
M19C_S3_artificial_turf_B1_U060_R1,2754.395449790,5.277608547,command,0.600000,-7.318518639,-43.156696320,-0.530912042,0.049168043,-0.096583493,-0.530912042,ros2_odometer_state
M19C_S3_artificial_turf_B1_U060_R1,2754.398075910,5.280234667,command,0.600000,-7.318518639,-43.156696320,-0.530912042,0.049089510,-0.097264424,-0.530196428,ros2_odometer_state
M19C_S3_artificial_turf_B1_U060_R1,2754.400657613,5.282816370,command,0.600000,-7.318518639,-43.156696320,-0.530912042,0.049078610,-0.097715870,-0.529970050,ros2_odometer_state
M19C_S3_artificial_turf_B1_U060_R1,2754.401698166,5.283856923,command,0.600000,-7.318518639,-43.156696320,-0.530912042,0.049078610,-0.097715870,-0.529970050,ros2_odometer_state
M19C_S3_artificial_turf_B1_U060_R1,2754.403402330,5.285561087,command,0.600000,-7.318518639,-43.156696320,-0.530912042,0.049074184,-0.098180607,-0.529759943,ros2_odometer_state
M19C_S3_artificial_turf_B1_U060_R1,2754.405210498,5.287369255,command,0.600000,-7.318518639,-43.156696320,-0.530912042,0.049074065,-0.098586954,-0.529561520,ros2_odometer_state
M19C_S3_artificial_turf_B1_U060_R1,2754.408293020,5.290451777,command,0.600000,-7.318518639,-43.156696320,-0.530912042,0.049117152,-0.099098809,-0.529127538,ros2_odometer_state
M19C_S3_artificial_turf_B1_U060_R1,2754.410254218,5.292412975,command,0.600000,-7.318518639,-43.156696320,-0.530912042,0.049156755,-0.099285595,-0.528901637,ros2_odometer_state
M19C_S3_artificial_turf_B1_U060_R1,2754.411333525,5.293492282,command,0.600000,-7.318518639,-43.156696320,-0.530912042,0.049156755,-0.099285595,-0.528901637,ros2_odometer_state
M19C_S3_artificial_turf_B1_U060_R1,2754.414559701,5.296718458,command,0.600000,-7.318518639,-43.156696320,-0.530912042,0.049313512,-0.099836640,-0.528792560,ros2_odometer_state
M19C_S3_artificial_turf_B1_U060_R1,2754.416717835,5.298876592,command,0.600000,-7.305708885,-43.170013428,-0.528792560,0.049518168,-0.100299180,-0.529015362,ros2_odometer_state
M19C_S3_artificial_turf_B1_U060_R1,2754.417468425,5.299627182,command,0.600000,-7.305708885,-43.170013428,-0.528792560,0.049518168,-0.100299180,-0.529015362,ros2_odometer_state
M19C_S3_artificial_turf_B1_U060_R1,2754.421368228,5.303526985,command,0.600000,-7.305708885,-43.170013428,-0.528792560,0.050078522,-0.101276241,-0.529392481,ros2_odometer_state
M19C_S3_artificial_turf_B1_U060_R1,2754.421786901,5.303945658,command,0.600000,-7.305708885,-43.170013428,-0.528792560,0.050078522,-0.101276241,-0.529392481,ros2_odometer_state
M19C_S3_artificial_turf_B1_U060_R1,2754.424368347,5.306527104,command,0.600000,-7.305708885,-43.170013428,-0.528792560,0.050636742,-0.102028556,-0.529792428,ros2_odometer_state
M19C_S3_artificial_turf_B1_U060_R1,2754.426193124,5.308351881,command,0.600000,-7.305708885,-43.170013428,-0.528792560,0.050967511,-0.102345459,-0.530059278,ros2_odometer_state
M19C_S3_artificial_turf_B1_U060_R1,2754.428205172,5.310363929,command,0.600000,-7.305708885,-43.170013428,-0.528792560,0.051294647,-0.102597691,-0.530294836,ros2_odometer_state
M19C_S3_artificial_turf_B1_U060_R1,2754.429465126,5.311623883,command,0.600000,-7.305708885,-43.170013428,-0.528792560,0.051294647,-0.102597691,-0.530294836,ros2_odometer_state
M19C_S3_artificial_turf_B1_U060_R1,2754.432614211,5.314772968,command,0.600000,-7.305708885,-43.170013428,-0.528792560,0.051945746,-0.103004090,-0.531024456,ros2_odometer_state
M19C_S3_artificial_turf_B1_U060_R1,2754.433533224,5.315691981,command,0.600000,-7.305708885,-43.170013428,-0.528792560,0.051945746,-0.103004090,-0.531024456,ros2_odometer_state
M19C_S3_artificial_turf_B1_U060_R1,2754.436207218,5.318365975,command,0.600000,-7.293267250,-43.181571960,-0.531602859,0.052597173,-0.103645131,-0.532232642,ros2_odometer_state
M19C_S3_artificial_turf_B1_U060_R1,2754.438127870,5.320286627,command,0.600000,-7.293267250,-43.181571960,-0.531602859,0.052916232,-0.104016386,-0.532850206,ros2_odometer_state
M19C_S3_artificial_turf_B1_U060_R1,2754.439986440,5.322145197,command,0.600000,-7.293267250,-43.181571960,-0.531602859,0.052916232,-0.104016386,-0.532850206,ros2_odometer_state
M19C_S3_artificial_turf_B1_U060_R1,2754.442142142,5.324300899,command,0.600000,-7.293267250,-43.181571960,-0.531602859,0.053576063,-0.104743980,-0.534205794,ros2_odometer_state
M19C_S3_artificial_turf_B1_U060_R1,2754.444130637,5.326289394,command,0.600000,-7.293267250,-43.181571960,-0.531602859,0.053916804,-0.105075642,-0.534983754,ros2_odometer_state
M19C_S3_artificial_turf_B1_U060_R1,2754.445272474,5.327431231,command,0.600000,-7.293267250,-43.181571960,-0.531602859,0.053916804,-0.105075642,-0.534983754,ros2_odometer_state
M19C_S3_artificial_turf_B1_U060_R1,2754.447291947,5.329450704,command,0.600000,-7.293267250,-43.181571960,-0.531602859,0.054252159,-0.105342157,-0.535763443,ros2_odometer_state
M19C_S3_artificial_turf_B1_U060_R1,2754.449346364,5.331505121,command,0.600000,-7.293267250,-43.181571960,-0.531602859,0.054587424,-0.105532385,-0.536543727,ros2_odometer_state
M19C_S3_artificial_turf_B1_U060_R1,2754.452168845,5.334327602,command,0.600000,-7.293267250,-43.181571960,-0.531602859,0.055236656,-0.105752520,-0.538237929,ros2_odometer_state
M19C_S3_artificial_turf_B1_U060_R1,2754.453326331,5.335485088,command,0.600000,-7.293267250,-43.181571960,-0.531602859,0.055236656,-0.105752520,-0.538237929,ros2_odometer_state
M19C_S3_artificial_turf_B1_U060_R1,2754.456156331,5.338315088,command,0.600000,-7.281405926,-43.191799164,-0.539131641,0.055901993,-0.105939962,-0.540074825,ros2_odometer_state
M19C_S3_artificial_turf_B1_U060_R1,2754.457337882,5.339496639,command,0.600000,-7.281405926,-43.191799164,-0.539131641,0.055901993,-0.105939962,-0.540074825,ros2_odometer_state
M19C_S3_artificial_turf_B1_U060_R1,2754.459919041,5.342077798,command,0.600000,-7.281405926,-43.191799164,-0.539131641,0.056223106,-0.106038205,-0.541074574,ros2_odometer_state
M19C_S3_artificial_turf_B1_U060_R1,2754.462169882,5.344328639,command,0.600000,-7.281405926,-43.191799164,-0.539131641,0.056766320,-0.106236018,-0.543138504,ros2_odometer_state
M19C_S3_artificial_turf_B1_U060_R1,2754.464418164,5.346576921,command,0.600000,-7.281405926,-43.191799164,-0.539131641,0.056981664,-0.106336139,-0.544157624,ros2_odometer_state
M19C_S3_artificial_turf_B1_U060_R1,2754.466146264,5.348305021,command,0.600000,-7.281405926,-43.191799164,-0.539131641,0.057174869,-0.106416598,-0.545155406,ros2_odometer_state
M19C_S3_artificial_turf_B1_U060_R1,2754.467843804,5.350002561,command,0.600000,-7.281405926,-43.191799164,-0.539131641,0.057174869,-0.106416598,-0.545155406,ros2_odometer_state
M19C_S3_artificial_turf_B1_U060_R1,2754.470427875,5.352586632,command,0.600000,-7.281405926,-43.191799164,-0.539131641,0.057477374,-0.106487207,-0.547175825,ros2_odometer_state
M19C_S3_artificial_turf_B1_U060_R1,2754.472271436,5.354430193,command,0.600000,-7.281405926,-43.191799164,-0.539131641,0.057581566,-0.106472045,-0.548222840,ros2_odometer_state
M19C_S3_artificial_turf_B1_U060_R1,2754.474267227,5.356425984,command,0.600000,-7.281405926,-43.191799164,-0.539131641,0.057664130,-0.106436230,-0.549254119,ros2_odometer_state
M19C_S3_artificial_turf_B1_U060_R1,2754.476360046,5.358518803,command,0.600000,-7.270024300,-43.201839447,-0.549254119,0.057729453,-0.106365360,-0.550244689,ros2_odometer_state
M19C_S3_artificial_turf_B1_U060_R1,2754.477501276,5.359660033,command,0.600000,-7.270024300,-43.201839447,-0.549254119,0.057729453,-0.106365360,-0.550244689,ros2_odometer_state
M19C_S3_artificial_turf_B1_U060_R1,2754.480038081,5.362196838,command,0.600000,-7.270024300,-43.201839447,-0.549254119,0.057790987,-0.106266350,-0.551193595,ros2_odometer_state
M19C_S3_artificial_turf_B1_U060_R1,2754.481501915,5.363660672,command,0.600000,-7.270024300,-43.201839447,-0.549254119,0.057847362,-0.106175326,-0.552108705,ros2_odometer_state
M19C_S3_artificial_turf_B1_U060_R1,2754.483520715,5.365679472,command,0.600000,-7.270024300,-43.201839447,-0.549254119,0.057877596,-0.106104545,-0.553012252,ros2_odometer_state
M19C_S3_artificial_turf_B1_U060_R1,2754.485404694,5.367563451,command,0.600000,-7.270024300,-43.201839447,-0.549254119,0.057845548,-0.106061928,-0.553890109,ros2_odometer_state
M19C_S3_artificial_turf_B1_U060_R1,2754.487405670,5.369564427,command,0.600000,-7.270024300,-43.201839447,-0.549254119,0.057746142,-0.106038272,-0.554718912,ros2_odometer_state
M19C_S3_artificial_turf_B1_U060_R1,2754.490521985,5.372680742,command,0.600000,-7.270024300,-43.201839447,-0.549254119,0.057336491,-0.105987780,-0.556159437,ros2_odometer_state
M19C_S3_artificial_turf_B1_U060_R1,2754.491536426,5.373695183,command,0.600000,-7.270024300,-43.201839447,-0.549254119,0.057336491,-0.105987780,-0.556159437,ros2_odometer_state
M19C_S3_artificial_turf_B1_U060_R1,2754.493543610,5.375702367,command,0.600000,-7.270024300,-43.201839447,-0.549254119,0.057059325,-0.105914213,-0.556741238,ros2_odometer_state
M19C_S3_artificial_turf_B1_U060_R1,2754.496279942,5.378438699,command,0.600000,-7.258692741,-43.212184906,-0.557264566,0.056505468,-0.105666034,-0.557765067,ros2_odometer_state
M19C_S3_artificial_turf_B1_U060_R1,2754.497410867,5.379569624,command,0.600000,-7.258692741,-43.212184906,-0.557264566,0.056505468,-0.105666034,-0.557765067,ros2_odometer_state
M19C_S3_artificial_turf_B1_U060_R1,2754.500062621,5.382221378,command,0.600000,-7.258692741,-43.212184906,-0.557264566,0.056182750,-0.105499342,-0.558260381,ros2_odometer_state
M19C_S3_artificial_turf_B1_U060_R1,2754.502495261,5.384654018,command,0.600000,-7.258692741,-43.212184906,-0.557264566,0.055362880,-0.105142578,-0.559216022,ros2_odometer_state
M19C_S3_artificial_turf_B1_U060_R1,2754.504475916,5.386634673,command,0.600000,-7.258692741,-43.212184906,-0.557264566,0.054873057,-0.104999274,-0.559597552,ros2_odometer_state
M19C_S3_artificial_turf_B1_U060_R1,2754.506355575,5.388514332,command,0.600000,-7.258692741,-43.212184906,-0.557264566,0.054374449,-0.104900211,-0.559883356,ros2_odometer_state
M19C_S3_artificial_turf_B1_U060_R1,2754.508424329,5.390583086,command,0.600000,-7.258692741,-43.212184906,-0.557264566,0.053878896,-0.104822680,-0.560081959,ros2_odometer_state
M19C_S3_artificial_turf_B1_U060_R1,2754.509622105,5.391780862,command,0.600000,-7.258692741,-43.212184906,-0.557264566,0.053878896,-0.104822680,-0.560081959,ros2_odometer_state
M19C_S3_artificial_turf_B1_U060_R1,2754.512258530,5.394417287,command,0.600000,-7.258692741,-43.212184906,-0.557264566,0.052781962,-0.104702681,-0.560257435,ros2_odometer_state
M19C_S3_artificial_turf_B1_U060_R1,2754.514725860,5.396884617,command,0.600000,-7.258692741,-43.212184906,-0.557264566,0.052152030,-0.104644969,-0.560253382,ros2_odometer_state
M19C_S3_artificial_turf_B1_U060_R1,2754.515709803,5.397868560,command,0.600000,-7.247321606,-43.223407745,-0.560253382,0.052152030,-0.104644969,-0.560253382,ros2_odometer_state
M19C_S3_artificial_turf_B1_U060_R1,2754.517761052,5.399919809,command,0.600000,-7.247321606,-43.223407745,-0.560253382,0.051480293,-0.104583085,-0.560204685,ros2_odometer_state
M19C_S3_artificial_turf_B1_U060_R1,2754.521982052,5.404140809,command,0.600000,-7.247321606,-43.223407745,-0.560253382,0.050137602,-0.104467385,-0.560027182,ros2_odometer_state
M19C_S3_artificial_turf_B1_U060_R1,2754.522932842,5.405091599,command,0.600000,-7.247321606,-43.223407745,-0.560253382,0.049463399,-0.104448706,-0.559898436,ros2_odometer_state
M19C_S3_artificial_turf_B1_U060_R1,2754.524421669,5.406580426,command,0.600000,-7.247321606,-43.223407745,-0.560253382,0.048768394,-0.104468256,-0.559703290,ros2_odometer_state
M19C_S3_artificial_turf_B1_U060_R1,2754.525542514,5.407701271,command,0.600000,-7.247321606,-43.223407745,-0.560253382,0.048768394,-0.104468256,-0.559703290,ros2_odometer_state
M19C_S3_artificial_turf_B1_U060_R1,2754.527532737,5.409691494,command,0.600000,-7.247321606,-43.223407745,-0.560253382,0.048052322,-0.104526386,-0.559414506,ros2_odometer_state
M19C_S3_artificial_turf_B1_U060_R1,2754.529519760,5.411678517,command,0.600000,-7.247321606,-43.223407745,-0.560253382,0.047338258,-0.104605414,-0.559028566,ros2_odometer_state
M19C_S3_artificial_turf_B1_U060_R1,2754.532579434,5.414738191,command,0.600000,-7.247321606,-43.223407745,-0.560253382,0.045910459,-0.104730830,-0.558037817,ros2_odometer_state
M19C_S3_artificial_turf_B1_U060_R1,2754.533665429,5.415824186,command,0.600000,-7.247321606,-43.223407745,-0.560253382,0.045910459,-0.104730830,-0.558037817,ros2_odometer_state
M19C_S3_artificial_turf_B1_U060_R1,2754.536463876,5.418622633,command,0.600000,-7.235703468,-43.235240936,-0.557500184,0.044449925,-0.104772486,-0.556968808,ros2_odometer_state
M19C_S3_artificial_turf_B1_U060_R1,2754.537553775,5.419712532,command,0.600000,-7.235703468,-43.235240936,-0.557500184,0.044449925,-0.104772486,-0.556968808,ros2_odometer_state
M19C_S3_artificial_turf_B1_U060_R1,2754.541175135,5.423333892,command,0.600000,-7.235703468,-43.235240936,-0.557500184,0.042920947,-0.104678132,-0.555906177,ros2_odometer_state
M19C_S3_artificial_turf_B1_U060_R1,2754.541764279,5.423923036,command,0.600000,-7.235703468,-43.235240936,-0.557500184,0.042920947,-0.104678132,-0.555906177,ros2_odometer_state
M19C_S3_artificial_turf_B1_U060_R1,2754.543618432,5.425777189,command,0.600000,-7.235703468,-43.235240936,-0.557500184,0.042117063,-0.104564704,-0.555293918,ros2_odometer_state
M19C_S3_artificial_turf_B1_U060_R1,2754.545641649,5.427800406,command,0.600000,-7.235703468,-43.235240936,-0.557500184,0.041277125,-0.104424991,-0.554573715,ros2_odometer_state
M19C_S3_artificial_turf_B1_U060_R1,2754.548425888,5.430584645,command,0.600000,-7.235703468,-43.235240936,-0.557500184,0.039720118,-0.104304276,-0.553099990,ros2_odometer_state
M19C_S3_artificial_turf_B1_U060_R1,2754.549827607,5.431986364,command,0.600000,-7.235703468,-43.235240936,-0.557500184,0.039720118,-0.104304276,-0.553099990,ros2_odometer_state
M19C_S3_artificial_turf_B1_U060_R1,2754.551691297,5.433850054,command,0.600000,-7.235703468,-43.235240936,-0.557500184,0.038961377,-0.104363278,-0.552444994,ros2_odometer_state
M19C_S3_artificial_turf_B1_U060_R1,2754.554547731,5.436706488,command,0.600000,-7.235703468,-43.235240936,-0.557500184,0.037419822,-0.104612701,-0.551249981,ros2_odometer_state
M19C_S3_artificial_turf_B1_U060_R1,2754.555877544,5.438036301,command,0.600000,-7.223331928,-43.246818542,-0.551249981,0.037419822,-0.104612701,-0.551249981,ros2_odometer_state
M19C_S3_artificial_turf_B1_U060_R1,2754.558424109,5.440582866,command,0.600000,-7.223331928,-43.246818542,-0.551249981,0.035882853,-0.104735561,-0.549959302,ros2_odometer_state
M19C_S3_artificial_turf_B1_U060_R1,2754.560202964,5.442361721,command,0.600000,-7.223331928,-43.246818542,-0.551249981,0.035882853,-0.104735561,-0.549959302,ros2_odometer_state
M19C_S3_artificial_turf_B1_U060_R1,2754.561750065,5.443908822,command,0.600000,-7.223331928,-43.246818542,-0.551249981,0.035139900,-0.104641005,-0.549343586,ros2_odometer_state
M19C_S3_artificial_turf_B1_U060_R1,2754.564508991,5.446667748,command,0.600000,-7.223331928,-43.246818542,-0.551249981,0.033666905,-0.104381114,-0.548131883,ros2_odometer_state
M19C_S3_artificial_turf_B1_U060_R1,2754.565603435,5.447762192,command,0.600000,-7.223331928,-43.246818542,-0.551249981,0.033666905,-0.104381114,-0.548131883,ros2_odometer_state
M19C_S3_artificial_turf_B1_U060_R1,2754.568496862,5.450655619,command,0.600000,-7.223331928,-43.246818542,-0.551249981,0.032177456,-0.104303397,-0.547079086,ros2_odometer_state
M19C_S3_artificial_turf_B1_U060_R1,2754.570464588,5.452623345,command,0.600000,-7.223331928,-43.246818542,-0.551249981,0.031495180,-0.104335703,-0.546574652,ros2_odometer_state
M19C_S3_artificial_turf_B1_U060_R1,2754.571526198,5.453684955,command,0.600000,-7.223331928,-43.246818542,-0.551249981,0.031495180,-0.104335703,-0.546574652,ros2_odometer_state
M19C_S3_artificial_turf_B1_U060_R1,2754.573584840,5.455743597,command,0.600000,-7.223331928,-43.246818542,-0.551249981,0.030867059,-0.104370445,-0.546038806,ros2_odometer_state
M19C_S3_artificial_turf_B1_U060_R1,2754.576529853,5.458688610,command,0.600000,-7.210287094,-43.257766724,-0.545456469,0.029729890,-0.104202665,-0.544889808,ros2_odometer_state
M19C_S3_artificial_turf_B1_U060_R1,2754.578583727,5.460742484,command,0.600000,-7.210287094,-43.257766724,-0.545456469,0.029245365,-0.103988744,-0.544469953,ros2_odometer_state
M19C_S3_artificial_turf_B1_U060_R1,2754.580161229,5.462319986,command,0.600000,-7.210287094,-43.257766724,-0.545456469,0.029245365,-0.103988744,-0.544469953,ros2_odometer_state
M19C_S3_artificial_turf_B1_U060_R1,2754.581607303,5.463766060,command,0.600000,-7.210287094,-43.257766724,-0.545456469,0.028796306,-0.103744946,-0.544236958,ros2_odometer_state
M19C_S3_artificial_turf_B1_U060_R1,2754.584659648,5.466818405,command,0.600000,-7.210287094,-43.257766724,-0.545456469,0.028348662,-0.103528798,-0.544117928,ros2_odometer_state
M19C_S3_artificial_turf_B1_U060_R1,2754.585950195,5.468108952,command,0.600000,-7.210287094,-43.257766724,-0.545456469,0.027875867,-0.103373796,-0.544012070,ros2_odometer_state
M19C_S3_artificial_turf_B1_U060_R1,2754.587630838,5.469789595,command,0.600000,-7.210287094,-43.257766724,-0.545456469,0.027379490,-0.103252590,-0.543870509,ros2_odometer_state
M19C_S3_artificial_turf_B1_U060_R1,2754.590468615,5.472627372,command,0.600000,-7.210287094,-43.257766724,-0.545456469,0.026409129,-0.103011802,-0.543491781,ros2_odometer_state
M19C_S3_artificial_turf_B1_U060_R1,2754.592467543,5.474626300,command,0.600000,-7.210287094,-43.257766724,-0.545456469,0.025999779,-0.102863468,-0.543217480,ros2_odometer_state
M19C_S3_artificial_turf_B1_U060_R1,2754.594677710,5.476836467,command,0.600000,-7.210287094,-43.257766724,-0.545456469,0.025679996,-0.102691002,-0.542957425,ros2_odometer_state
M19C_S3_artificial_turf_B1_U060_R1,2754.595796475,5.477955232,command,0.600000,-7.197541237,-43.268936157,-0.542957425,0.025679996,-0.102691002,-0.542957425,ros2_odometer_state
M19C_S3_artificial_turf_B1_U060_R1,2754.597790698,5.479949455,command,0.600000,-7.197541237,-43.268936157,-0.542957425,0.025438974,-0.102478966,-0.542847037,ros2_odometer_state
M19C_S3_artificial_turf_B1_U060_R1,2754.601078349,5.483237106,command,0.600000,-7.197541237,-43.268936157,-0.542957425,0.025059903,-0.102028355,-0.543091536,ros2_odometer_state
M19C_S3_artificial_turf_B1_U060_R1,2754.602553288,5.484712045,command,0.600000,-7.197541237,-43.268936157,-0.542957425,0.024888977,-0.101804473,-0.543326139,ros2_odometer_state
M19C_S3_artificial_turf_B1_U060_R1,2754.604543479,5.486702236,command,0.600000,-7.197541237,-43.268936157,-0.542957425,0.024713030,-0.101576991,-0.543589771,ros2_odometer_state
M19C_S3_artificial_turf_B1_U060_R1,2754.605629026,5.487787783,command,0.600000,-7.197541237,-43.268936157,-0.542957425,0.024713030,-0.101576991,-0.543589771,ros2_odometer_state
M19C_S3_artificial_turf_B1_U060_R1,2754.607668403,5.489827160,command,0.600000,-7.197541237,-43.268936157,-0.542957425,0.024566563,-0.101359643,-0.543847561,ros2_odometer_state
M19C_S3_artificial_turf_B1_U060_R1,2754.610487555,5.492646312,command,0.600000,-7.197541237,-43.268936157,-0.542957425,0.024431309,-0.100952163,-0.544393241,ros2_odometer_state
M19C_S3_artificial_turf_B1_U060_R1,2754.611613328,5.493772085,command,0.600000,-7.197541237,-43.268936157,-0.542957425,0.024431309,-0.100952163,-0.544393241,ros2_odometer_state
M19C_S3_artificial_turf_B1_U060_R1,2754.614499587,5.496658344,command,0.600000,-7.197541237,-43.268936157,-0.542957425,0.024344619,-0.100475170,-0.545029581,ros2_odometer_state
M19C_S3_artificial_turf_B1_U060_R1,2754.616533075,5.498691832,command,0.600000,-7.184782982,-43.277881622,-0.545029581,0.024310635,-0.100179188,-0.545414150,ros2_odometer_state
M19C_S3_artificial_turf_B1_U060_R1,2754.618498818,5.500657575,command,0.600000,-7.184782982,-43.277881622,-0.545029581,0.024280714,-0.099847429,-0.545841396,ros2_odometer_state
M19C_S3_artificial_turf_B1_U060_R1,2754.623594540,5.505753297,command,0.600000,-7.184782982,-43.277881622,-0.545029581,0.024273630,-0.099487431,-0.546305120,ros2_odometer_state
M19C_S3_artificial_turf_B1_U060_R1,2754.624546898,5.506705655,command,0.600000,-7.184782982,-43.277881622,-0.545029581,0.024298288,-0.099099979,-0.546817303,ros2_odometer_state
M19C_S3_artificial_turf_B1_U060_R1,2754.625445814,5.507604571,command,0.600000,-7.184782982,-43.277881622,-0.545029581,0.024325902,-0.098718062,-0.547324121,ros2_odometer_state
M19C_S3_artificial_turf_B1_U060_R1,2754.625755330,5.507914087,command,0.600000,-7.184782982,-43.277881622,-0.545029581,0.024325902,-0.098718062,-0.547324121,ros2_odometer_state
M19C_S3_artificial_turf_B1_U060_R1,2754.628586899,5.510745656,command,0.600000,-7.184782982,-43.277881622,-0.545029581,0.024331510,-0.098042734,-0.548238337,ros2_odometer_state
M19C_S3_artificial_turf_B1_U060_R1,2754.629714783,5.511873540,command,0.600000,-7.184782982,-43.277881622,-0.545029581,0.024331510,-0.098042734,-0.548238337,ros2_odometer_state
M19C_S3_artificial_turf_B1_U060_R1,2754.632495598,5.514654355,command,0.600000,-7.184782982,-43.277881622,-0.545029581,0.024159182,-0.097386166,-0.549087882,ros2_odometer_state
M19C_S3_artificial_turf_B1_U060_R1,2754.633734239,5.515892996,command,0.600000,-7.184782982,-43.277881622,-0.545029581,0.024159182,-0.097386166,-0.549087882,ros2_odometer_state
M19C_S3_artificial_turf_B1_U060_R1,2754.635733263,5.517892020,command,0.600000,-7.170674801,-43.286945343,-0.549443841,0.023976328,-0.097046837,-0.549443841,ros2_odometer_state
M19C_S3_artificial_turf_B1_U060_R1,2754.638436218,5.520594975,command,0.600000,-7.170674801,-43.286945343,-0.549443841,0.023489514,-0.096389063,-0.550040364,ros2_odometer_state
M19C_S3_artificial_turf_B1_U060_R1,2754.640407305,5.522566062,command,0.600000,-7.170674801,-43.286945343,-0.549443841,0.023489514,-0.096389063,-0.550040364,ros2_odometer_state
M19C_S3_artificial_turf_B1_U060_R1,2754.642491931,5.524650688,command,0.600000,-7.170674801,-43.286945343,-0.549443841,0.022998353,-0.095838301,-0.550671577,ros2_odometer_state
M19C_S3_artificial_turf_B1_U060_R1,2754.644871610,5.527030367,command,0.600000,-7.170674801,-43.286945343,-0.549443841,0.022775611,-0.095596977,-0.550990164,ros2_odometer_state
M19C_S3_artificial_turf_B1_U060_R1,2754.645889667,5.528048424,command,0.600000,-7.170674801,-43.286945343,-0.549443841,0.022775611,-0.095596977,-0.550990164,ros2_odometer_state
M19C_S3_artificial_turf_B1_U060_R1,2754.648414695,5.530573452,command,0.600000,-7.170674801,-43.286945343,-0.549443841,0.022339046,-0.095153309,-0.551603496,ros2_odometer_state
M19C_S3_artificial_turf_B1_U060_R1,2754.650353044,5.532511801,command,0.600000,-7.170674801,-43.286945343,-0.549443841,0.022105321,-0.094962858,-0.551887453,ros2_odometer_state
M19C_S3_artificial_turf_B1_U060_R1,2754.652788373,5.534947130,command,0.600000,-7.170674801,-43.286945343,-0.549443841,0.021843946,-0.094780847,-0.552160621,ros2_odometer_state
M19C_S3_artificial_turf_B1_U060_R1,2754.654613853,5.536772610,command,0.600000,-7.170674801,-43.286945343,-0.549443841,0.021548271,-0.094597548,-0.552405775,ros2_odometer_state
M19C_S3_artificial_turf_B1_U060_R1,2754.656585932,5.538744689,command,0.600000,-7.156171322,-43.294921875,-0.552405775,0.021231893,-0.094411448,-0.552633405,ros2_odometer_state
M19C_S3_artificial_turf_B1_U060_R1,2754.657939426,5.540098183,command,0.600000,-7.156171322,-43.294921875,-0.552405775,0.021231893,-0.094411448,-0.552633405,ros2_odometer_state
M19C_S3_artificial_turf_B1_U060_R1,2754.661275142,5.543433899,command,0.600000,-7.156171322,-43.294921875,-0.552405775,0.020542823,-0.094043985,-0.553158045,ros2_odometer_state
M19C_S3_artificial_turf_B1_U060_R1,2754.661933024,5.544091781,command,0.600000,-7.156171322,-43.294921875,-0.552405775,0.020542823,-0.094043985,-0.553158045,ros2_odometer_state
M19C_S3_artificial_turf_B1_U060_R1,2754.664963801,5.547122558,command,0.600000,-7.156171322,-43.294921875,-0.552405775,0.019879188,-0.093670182,-0.553867936,ros2_odometer_state
M19C_S3_artificial_turf_B1_U060_R1,2754.666578809,5.548737566,command,0.600000,-7.156171322,-43.294921875,-0.552405775,0.019537510,-0.093443312,-0.554295719,ros2_odometer_state
M19C_S3_artificial_turf_B1_U060_R1,2754.668566152,5.550724909,command,0.600000,-7.156171322,-43.294921875,-0.552405775,0.019190872,-0.093185127,-0.554789841,ros2_odometer_state
M19C_S3_artificial_turf_B1_U060_R1,2754.670621402,5.552780159,command,0.600000,-7.156171322,-43.294921875,-0.552405775,0.018855950,-0.092931300,-0.555332780,ros2_odometer_state
M19C_S3_artificial_turf_B1_U060_R1,2754.672616553,5.554775310,command,0.600000,-7.156171322,-43.294921875,-0.552405775,0.018569458,-0.092747703,-0.555923700,ros2_odometer_state
M19C_S3_artificial_turf_B1_U060_R1,2754.674541974,5.556700731,command,0.600000,-7.156171322,-43.294921875,-0.552405775,0.018343281,-0.092636101,-0.556560814,ros2_odometer_state
M19C_S3_artificial_turf_B1_U060_R1,2754.675885931,5.558044688,command,0.600000,-7.141717434,-43.304141998,-0.556560814,0.018343281,-0.092636101,-0.556560814,ros2_odometer_state
M19C_S3_artificial_turf_B1_U060_R1,2754.678866978,5.561025735,command,0.600000,-7.141717434,-43.304141998,-0.556560814,0.017885219,-0.092423677,-0.557868123,ros2_odometer_state
M19C_S3_artificial_turf_B1_U060_R1,2754.681125403,5.563284160,command,0.600000,-7.141717434,-43.304141998,-0.556560814,0.017624317,-0.092311107,-0.558572590,ros2_odometer_state
M19C_S3_artificial_turf_B1_U060_R1,2754.682616311,5.564775068,command,0.600000,-7.141717434,-43.304141998,-0.556560814,0.017358862,-0.092141740,-0.559297800,ros2_odometer_state
M19C_S3_artificial_turf_B1_U060_R1,2754.684881553,5.567040310,command,0.600000,-7.141717434,-43.304141998,-0.556560814,0.017117824,-0.091863923,-0.560088396,ros2_odometer_state
M19C_S3_artificial_turf_B1_U060_R1,2754.687053287,5.569212044,command,0.600000,-7.141717434,-43.304141998,-0.556560814,0.016923198,-0.091470800,-0.560971320,ros2_odometer_state
M19C_S3_artificial_turf_B1_U060_R1,2754.688120146,5.570278903,command,0.600000,-7.141717434,-43.304141998,-0.556560814,0.016923198,-0.091470800,-0.560971320,ros2_odometer_state
M19C_S3_artificial_turf_B1_U060_R1,2754.689887864,5.572046621,command,0.600000,-7.141717434,-43.304141998,-0.556560814,0.016773500,-0.090979569,-0.561851442,ros2_odometer_state
M19C_S3_artificial_turf_B1_U060_R1,2754.692674151,5.574832908,command,0.600000,-7.141717434,-43.304141998,-0.556560814,0.016557161,-0.089726761,-0.563494980,ros2_odometer_state
M19C_S3_artificial_turf_B1_U060_R1,2754.693842261,5.576001018,command,0.600000,-7.141717434,-43.304141998,-0.556560814,0.016557161,-0.089726761,-0.563494980,ros2_odometer_state
M19C_S3_artificial_turf_B1_U060_R1,2754.695824388,5.577983145,command,0.600000,-7.126920223,-43.312400818,-0.564365804,0.016486293,-0.089036942,-0.564365804,ros2_odometer_state
M19C_S3_artificial_turf_B1_U060_R1,2754.697815475,5.579974232,command,0.600000,-7.126920223,-43.312400818,-0.564365804,0.016445858,-0.088334464,-0.565265059,ros2_odometer_state
M19C_S3_artificial_turf_B1_U060_R1,2754.700454524,5.582613281,command,0.600000,-7.126920223,-43.312400818,-0.564365804,0.016456086,-0.087598644,-0.566077352,ros2_odometer_state
M19C_S3_artificial_turf_B1_U060_R1,2754.702690581,5.584849338,command,0.600000,-7.126920223,-43.312400818,-0.564365804,0.016528564,-0.085970268,-0.567248464,ros2_odometer_state
M19C_S3_artificial_turf_B1_U060_R1,2754.703827234,5.585985991,command,0.600000,-7.126920223,-43.312400818,-0.564365804,0.016528564,-0.085970268,-0.567248464,ros2_odometer_state
M19C_S3_artificial_turf_B1_U060_R1,2754.705799120,5.587957877,command,0.600000,-7.126920223,-43.312400818,-0.564365804,0.016547285,-0.085020155,-0.567788601,ros2_odometer_state
M19C_S3_artificial_turf_B1_U060_R1,2754.708811112,5.590969869,command,0.600000,-7.126920223,-43.312400818,-0.564365804,0.016626799,-0.082811154,-0.569023609,ros2_odometer_state
M19C_S3_artificial_turf_B1_U060_R1,2754.710632913,5.592791670,command,0.600000,-7.126920223,-43.312400818,-0.564365804,0.016673351,-0.081615731,-0.569459319,ros2_odometer_state
M19C_S3_artificial_turf_B1_U060_R1,2754.712647233,5.594805990,command,0.600000,-7.126920223,-43.312400818,-0.564365804,0.016715592,-0.080422282,-0.569673181,ros2_odometer_state
M19C_S3_artificial_turf_B1_U060_R1,2754.713952245,5.596111002,command,0.600000,-7.126920223,-43.312400818,-0.564365804,0.016715592,-0.080422282,-0.569673181,ros2_odometer_state
M19C_S3_artificial_turf_B1_U060_R1,2754.716089898,5.598248655,command,0.600000,-7.114700317,-43.320095062,-0.569763362,0.016783459,-0.079232223,-0.569763362,ros2_odometer_state
M19C_S3_artificial_turf_B1_U060_R1,2754.717968788,5.600127545,command,0.600000,-7.114700317,-43.320095062,-0.569763362,0.016884612,-0.078025840,-0.569855094,ros2_odometer_state
M19C_S3_artificial_turf_B1_U060_R1,2754.720717538,5.602876295,command,0.600000,-7.114700317,-43.320095062,-0.569763362,0.016966274,-0.076811559,-0.569967568,ros2_odometer_state
M19C_S3_artificial_turf_B1_U060_R1,2754.722071447,5.604230204,command,0.600000,-7.114700317,-43.320095062,-0.569763362,0.017026339,-0.075606421,-0.570035756,ros2_odometer_state
M19C_S3_artificial_turf_B1_U060_R1,2754.724992619,5.607151376,command,0.600000,-7.114700317,-43.320095062,-0.569763362,0.017128754,-0.073250324,-0.570237458,ros2_odometer_state
M19C_S3_artificial_turf_B1_U060_R1,2754.726868694,5.609027451,command,0.600000,-7.114700317,-43.320095062,-0.569763362,0.017181531,-0.072097160,-0.570489705,ros2_odometer_state
M19C_S3_artificial_turf_B1_U060_R1,2754.728734784,5.610893541,command,0.600000,-7.114700317,-43.320095062,-0.569763362,0.017266944,-0.070996024,-0.570826113,ros2_odometer_state
M19C_S3_artificial_turf_B1_U060_R1,2754.730648652,5.612807409,command,0.600000,-7.114700317,-43.320095062,-0.569763362,0.017390767,-0.069960415,-0.571241677,ros2_odometer_state
M19C_S3_artificial_turf_B1_U060_R1,2754.732701694,5.614860451,command,0.600000,-7.114700317,-43.320095062,-0.569763362,0.017548770,-0.068993956,-0.571672857,ros2_odometer_state
M19C_S3_artificial_turf_B1_U060_R1,2754.733923887,5.616082644,command,0.600000,-7.114700317,-43.320095062,-0.569763362,0.017548770,-0.068993956,-0.571672857,ros2_odometer_state
M19C_S3_artificial_turf_B1_U060_R1,2754.736793441,5.618952198,command,0.600000,-7.102909565,-43.325336456,-0.572026968,0.017822655,-0.067308784,-0.572334707,ros2_odometer_state
M19C_S3_artificial_turf_B1_U060_R1,2754.738645802,5.620804559,command,0.600000,-7.102909565,-43.325336456,-0.572026968,0.017892245,-0.066564679,-0.572648823,ros2_odometer_state
M19C_S3_artificial_turf_B1_U060_R1,2754.740567415,5.622726172,command,0.600000,-7.102909565,-43.325336456,-0.572026968,0.017892245,-0.066564679,-0.572648823,ros2_odometer_state
M19C_S3_artificial_turf_B1_U060_R1,2754.742807376,5.624966133,command,0.600000,-7.102909565,-43.325336456,-0.572026968,0.017956009,-0.065062456,-0.573417604,ros2_odometer_state
M19C_S3_artificial_turf_B1_U060_R1,2754.744208359,5.626367116,command,0.600000,-7.102909565,-43.325336456,-0.572026968,0.017956009,-0.065062456,-0.573417604,ros2_odometer_state
M19C_S3_artificial_turf_B1_U060_R1,2754.746167797,5.628326554,command,0.600000,-7.102909565,-43.325336456,-0.572026968,0.017930005,-0.064237118,-0.573942304,ros2_odometer_state
M19C_S3_artificial_turf_B1_U060_R1,2754.749145292,5.631304049,command,0.600000,-7.102909565,-43.325336456,-0.572026968,0.017594561,-0.062368087,-0.575643182,ros2_odometer_state
M19C_S3_artificial_turf_B1_U060_R1,2754.750704042,5.632862799,command,0.600000,-7.102909565,-43.325336456,-0.572026968,0.017306333,-0.061355378,-0.576764524,ros2_odometer_state
M19C_S3_artificial_turf_B1_U060_R1,2754.752628118,5.634786875,command,0.600000,-7.102909565,-43.325336456,-0.572026968,0.016974254,-0.060395770,-0.577832878,ros2_odometer_state
M19C_S3_artificial_turf_B1_U060_R1,2754.754646022,5.636804779,command,0.600000,-7.102909565,-43.325336456,-0.572026968,0.016596848,-0.059565347,-0.578889191,ros2_odometer_state
M19C_S3_artificial_turf_B1_U060_R1,2754.756773531,5.638932288,command,0.600000,-7.090025902,-43.330272675,-0.578889191,0.016243953,-0.058882907,-0.579993606,ros2_odometer_state
M19C_S3_artificial_turf_B1_U060_R1,2754.758625125,5.640783882,command,0.600000,-7.090025902,-43.330272675,-0.578889191,0.015955433,-0.058325469,-0.581064105,ros2_odometer_state
M19C_S3_artificial_turf_B1_U060_R1,2754.761252045,5.643410802,command,0.600000,-7.090025902,-43.330272675,-0.578889191,0.015694864,-0.057883859,-0.582027435,ros2_odometer_state
M19C_S3_artificial_turf_B1_U060_R1,2754.762658789,5.644817546,command,0.600000,-7.090025902,-43.330272675,-0.578889191,0.015421513,-0.057498910,-0.582975388,ros2_odometer_state
M19C_S3_artificial_turf_B1_U060_R1,2754.764692022,5.646850779,command,0.600000,-7.090025902,-43.330272675,-0.578889191,0.015125748,-0.057096001,-0.584074676,ros2_odometer_state
M19C_S3_artificial_turf_B1_U060_R1,2754.767396001,5.649554758,command,0.600000,-7.090025902,-43.330272675,-0.578889191,0.014780255,-0.056607101,-0.585374594,ros2_odometer_state
M19C_S3_artificial_turf_B1_U060_R1,2754.767955832,5.650114589,command,0.600000,-7.090025902,-43.330272675,-0.578889191,0.014780255,-0.056607101,-0.585374594,ros2_odometer_state
M19C_S3_artificial_turf_B1_U060_R1,2754.770597921,5.652756678,command,0.600000,-7.090025902,-43.330272675,-0.578889191,0.013934294,-0.055492904,-0.588184118,ros2_odometer_state
M19C_S3_artificial_turf_B1_U060_R1,2754.772716917,5.654875674,command,0.600000,-7.090025902,-43.330272675,-0.578889191,0.013450977,-0.054988321,-0.589564621,ros2_odometer_state
M19C_S3_artificial_turf_B1_U060_R1,2754.774673667,5.656832424,command,0.600000,-7.090025902,-43.330272675,-0.578889191,0.012943821,-0.054596607,-0.590864301,ros2_odometer_state
M19C_S3_artificial_turf_B1_U060_R1,2754.776733301,5.658892058,command,0.600000,-7.076643467,-43.336498260,-0.590864301,0.012421105,-0.054299597,-0.592091501,ros2_odometer_state
M19C_S3_artificial_turf_B1_U060_R1,2754.778705859,5.660864616,command,0.600000,-7.076643467,-43.336498260,-0.590864301,0.011895562,-0.054061275,-0.593260050,ros2_odometer_state
M19C_S3_artificial_turf_B1_U060_R1,2754.781523795,5.663682552,command,0.600000,-7.076643467,-43.336498260,-0.590864301,0.011341754,-0.053889684,-0.594339132,ros2_odometer_state
M19C_S3_artificial_turf_B1_U060_R1,2754.782083657,5.664242414,command,0.600000,-7.076643467,-43.336498260,-0.590864301,0.011341754,-0.053889684,-0.594339132,ros2_odometer_state
M19C_S3_artificial_turf_B1_U060_R1,2754.784138491,5.666297248,command,0.600000,-7.076643467,-43.336498260,-0.590864301,0.010761396,-0.053776253,-0.595327675,ros2_odometer_state
M19C_S3_artificial_turf_B1_U060_R1,2754.788574859,5.670733616,command,0.600000,-7.076643467,-43.336498260,-0.590864301,0.010208444,-0.053678185,-0.596309781,ros2_odometer_state
M19C_S3_artificial_turf_B1_U060_R1,2754.789464207,5.671622964,command,0.600000,-7.076643467,-43.336498260,-0.590864301,0.009264314,-0.053314216,-0.598462701,ros2_odometer_state
M19C_S3_artificial_turf_B1_U060_R1,2754.790339218,5.672497975,command,0.600000,-7.076643467,-43.336498260,-0.590864301,0.009264314,-0.053314216,-0.598462701,ros2_odometer_state
M19C_S3_artificial_turf_B1_U060_R1,2754.792808244,5.674967001,command,0.600000,-7.076643467,-43.336498260,-0.590864301,0.008828852,-0.053121261,-0.599512875,ros2_odometer_state
M19C_S3_artificial_turf_B1_U060_R1,2754.798007842,5.680166599,command,0.600000,-7.076643467,-43.336498260,-0.590864301,0.008362302,-0.052984711,-0.600417793,ros2_odometer_state
M19C_S3_artificial_turf_B1_U060_R1,2754.799854732,5.682013489,command,0.600000,-7.063624382,-43.344184875,-0.601197004,0.007846066,-0.052906197,-0.601197004,ros2_odometer_state
M19C_S3_artificial_turf_B1_U060_R1,2754.802148583,5.684307340,command,0.600000,-7.063624382,-43.344184875,-0.601197004,0.007303869,-0.052864462,-0.601884305,ros2_odometer_state
M19C_S3_artificial_turf_B1_U060_R1,2754.803632290,5.685791047,command,0.600000,-7.063624382,-43.344184875,-0.601197004,0.006745017,-0.052845187,-0.602471650,ros2_odometer_state
M19C_S3_artificial_turf_B1_U060_R1,2754.805092572,5.687251329,command,0.600000,-7.063624382,-43.344184875,-0.601197004,0.006169207,-0.052845944,-0.602952600,ros2_odometer_state
M19C_S3_artificial_turf_B1_U060_R1,2754.806811328,5.688970085,command,0.600000,-7.063624382,-43.344184875,-0.601197004,0.006169207,-0.052845944,-0.602952600,ros2_odometer_state
M19C_S3_artificial_turf_B1_U060_R1,2754.808982871,5.691141628,command,0.600000,-7.063624382,-43.344184875,-0.601197004,0.005016794,-0.052795164,-0.603750467,ros2_odometer_state
M19C_S3_artificial_turf_B1_U060_R1,2754.811607871,5.693766628,command,0.600000,-7.063624382,-43.344184875,-0.601197004,0.004503654,-0.052690588,-0.604160726,ros2_odometer_state
M19C_S3_artificial_turf_B1_U060_R1,2754.815482905,5.697641662,command,0.600000,-7.063624382,-43.344184875,-0.601197004,0.003550055,-0.052318603,-0.604885936,ros2_odometer_state
M19C_S3_artificial_turf_B1_U060_R1,2754.819815845,5.701974602,command,0.600000,-7.063624382,-43.344184875,-0.601197004,0.003103572,-0.052089468,-0.605052650,ros2_odometer_state
M19C_S3_artificial_turf_B1_U060_R1,2754.821466791,5.703625548,command,0.600000,-7.063624382,-43.344184875,-0.601197004,0.002675179,-0.051857084,-0.604966938,ros2_odometer_state
M19C_S3_artificial_turf_B1_U060_R1,2754.822867935,5.705026692,command,0.600000,-7.049221039,-43.351123810,-0.604642212,0.002266203,-0.051651340,-0.604642212,ros2_odometer_state
M19C_S3_artificial_turf_B1_U060_R1,2754.823983115,5.706141872,command,0.600000,-7.049221039,-43.351123810,-0.604642212,0.001884685,-0.051489983,-0.604085684,ros2_odometer_state
M19C_S3_artificial_turf_B1_U060_R1,2754.825141145,5.707299902,command,0.600000,-7.049221039,-43.351123810,-0.604642212,0.001504606,-0.051425278,-0.603233397,ros2_odometer_state
M19C_S3_artificial_turf_B1_U060_R1,2754.826349833,5.708508590,command,0.600000,-7.049221039,-43.351123810,-0.604642212,0.001082468,-0.051463176,-0.602101624,ros2_odometer_state
M19C_S3_artificial_turf_B1_U060_R1,2754.827282350,5.709441107,command,0.600000,-7.049221039,-43.351123810,-0.604642212,0.000642684,-0.051494606,-0.600889146,ros2_odometer_state
M19C_S3_artificial_turf_B1_U060_R1,2754.828539072,5.710697829,command,0.600000,-7.049221039,-43.351123810,-0.604642212,0.000233425,-0.051361278,-0.599833488,ros2_odometer_state
M19C_S3_artificial_turf_B1_U060_R1,2754.829450757,5.711609514,command,0.600000,-7.049221039,-43.351123810,-0.604642212,-0.000115830,-0.051030811,-0.598918498,ros2_odometer_state
M19C_S3_artificial_turf_B1_U060_R1,2754.830662325,5.712821082,command,0.600000,-7.049221039,-43.351123810,-0.604642212,-0.000424157,-0.050557200,-0.597892761,ros2_odometer_state
M19C_S3_artificial_turf_B1_U060_R1,2754.832971088,5.715129845,command,0.600000,-7.049221039,-43.351123810,-0.604642212,-0.001029675,-0.049602885,-0.595119715,ros2_odometer_state
M19C_S3_artificial_turf_B1_U060_R1,2754.834975040,5.717133797,command,0.600000,-7.049221039,-43.351123810,-0.604642212,-0.001312848,-0.049178138,-0.593579829,ros2_odometer_state
M19C_S3_artificial_turf_B1_U060_R1,2754.836972880,5.719131637,command,0.600000,-7.035417080,-43.359062195,-0.593579829,-0.001546267,-0.048745714,-0.591929972,ros2_odometer_state
M19C_S3_artificial_turf_B1_U060_R1,2754.838901212,5.721059969,command,0.600000,-7.035417080,-43.359062195,-0.593579829,-0.001768135,-0.048326027,-0.590133548,ros2_odometer_state
M19C_S3_artificial_turf_B1_U060_R1,2754.840783271,5.722942028,command,0.600000,-7.035417080,-43.359062195,-0.593579829,-0.001768135,-0.048326027,-0.590133548,ros2_odometer_state
M19C_S3_artificial_turf_B1_U060_R1,2754.843004991,5.725163748,command,0.600000,-7.035417080,-43.359062195,-0.593579829,-0.002233133,-0.047601458,-0.586506188,ros2_odometer_state
M19C_S3_artificial_turf_B1_U060_R1,2754.845199767,5.727358524,command,0.600000,-7.035417080,-43.359062195,-0.593579829,-0.002472427,-0.047251880,-0.584810138,ros2_odometer_state
M19C_S3_artificial_turf_B1_U060_R1,2754.846211935,5.728370692,command,0.600000,-7.035417080,-43.359062195,-0.593579829,-0.002472427,-0.047251880,-0.584810138,ros2_odometer_state
M19C_S3_artificial_turf_B1_U060_R1,2754.848273809,5.730432566,command,0.600000,-7.035417080,-43.359062195,-0.593579829,-0.002731049,-0.046851601,-0.583202422,ros2_odometer_state
M19C_S3_artificial_turf_B1_U060_R1,2754.850418214,5.732576971,command,0.600000,-7.035417080,-43.359062195,-0.593579829,-0.003001115,-0.046360049,-0.581682920,ros2_odometer_state
M19C_S3_artificial_turf_B1_U060_R1,2754.852297937,5.734456694,command,0.600000,-7.035417080,-43.359062195,-0.593579829,-0.003322904,-0.045787416,-0.580218673,ros2_odometer_state
M19C_S3_artificial_turf_B1_U060_R1,2754.854348450,5.736507207,command,0.600000,-7.035417080,-43.359062195,-0.593579829,-0.003741280,-0.045186803,-0.578778684,ros2_odometer_state
M19C_S3_artificial_turf_B1_U060_R1,2754.857035405,5.739194162,command,0.600000,-7.022169113,-43.366634369,-0.577367425,-0.004676879,-0.044001311,-0.575943947,ros2_odometer_state
M19C_S3_artificial_turf_B1_U060_R1,2754.859181411,5.741340168,command,0.600000,-7.022169113,-43.366634369,-0.577367425,-0.005132749,-0.043441709,-0.574487448,ros2_odometer_state
M19C_S3_artificial_turf_B1_U060_R1,2754.861459581,5.743618338,command,0.600000,-7.022169113,-43.366634369,-0.577367425,-0.005592271,-0.042950656,-0.573053539,ros2_odometer_state
M19C_S3_artificial_turf_B1_U060_R1,2754.863286374,5.745445131,command,0.600000,-7.022169113,-43.366634369,-0.577367425,-0.006039362,-0.042549107,-0.571734726,ros2_odometer_state
M19C_S3_artificial_turf_B1_U060_R1,2754.864339888,5.746498645,command,0.600000,-7.022169113,-43.366634369,-0.577367425,-0.006039362,-0.042549107,-0.571734726,ros2_odometer_state
M19C_S3_artificial_turf_B1_U060_R1,2754.866824594,5.748983351,command,0.600000,-7.022169113,-43.366634369,-0.577367425,-0.006875646,-0.041936371,-0.569583416,ros2_odometer_state
M19C_S3_artificial_turf_B1_U060_R1,2754.868140263,5.750299020,command,0.600000,-7.022169113,-43.366634369,-0.577367425,-0.006875646,-0.041936371,-0.569583416,ros2_odometer_state
M19C_S3_artificial_turf_B1_U060_R1,2754.870985304,5.753144061,command,0.600000,-7.022169113,-43.366634369,-0.577367425,-0.007566281,-0.041300207,-0.568033457,ros2_odometer_state
M19C_S3_artificial_turf_B1_U060_R1,2754.872143814,5.754302571,command,0.600000,-7.022169113,-43.366634369,-0.577367425,-0.007566281,-0.041300207,-0.568033457,ros2_odometer_state
M19C_S3_artificial_turf_B1_U060_R1,2754.874152150,5.756310907,command,0.600000,-7.022169113,-43.366634369,-0.577367425,-0.007893888,-0.040952485,-0.567497969,ros2_odometer_state
M19C_S3_artificial_turf_B1_U060_R1,2754.877606847,5.759765604,command,0.600000,-7.010217667,-43.374919891,-0.567076087,-0.008560053,-0.040218700,-0.566728413,ros2_odometer_state
M19C_S3_artificial_turf_B1_U060_R1,2754.878225080,5.760383837,command,0.600000,-7.010217667,-43.374919891,-0.567076087,-0.008560053,-0.040218700,-0.566728413,ros2_odometer_state
M19C_S3_artificial_turf_B1_U060_R1,2754.880774941,5.762933698,command,0.600000,-7.010217667,-43.374919891,-0.567076087,-0.008887504,-0.039873358,-0.566416323,ros2_odometer_state
M19C_S3_artificial_turf_B1_U060_R1,2754.882972628,5.765131385,command,0.600000,-7.010217667,-43.374919891,-0.567076087,-0.009575089,-0.039425466,-0.565869808,ros2_odometer_state
M19C_S3_artificial_turf_B1_U060_R1,2754.885002213,5.767160970,command,0.600000,-7.010217667,-43.374919891,-0.567076087,-0.009925687,-0.039308138,-0.565675974,ros2_odometer_state
M19C_S3_artificial_turf_B1_U060_R1,2754.887502121,5.769660878,command,0.600000,-7.010217667,-43.374919891,-0.567076087,-0.010267750,-0.039209999,-0.565537333,ros2_odometer_state
M19C_S3_artificial_turf_B1_U060_R1,2754.889096968,5.771255725,command,0.600000,-7.010217667,-43.374919891,-0.567076087,-0.010561887,-0.039107613,-0.565441906,ros2_odometer_state
M19C_S3_artificial_turf_B1_U060_R1,2754.890979283,5.773138040,command,0.600000,-7.010217667,-43.374919891,-0.567076087,-0.010785344,-0.038991157,-0.565415502,ros2_odometer_state
M19C_S3_artificial_turf_B1_U060_R1,2754.893040101,5.775198858,command,0.600000,-7.010217667,-43.374919891,-0.567076087,-0.010960901,-0.038843408,-0.565536201,ros2_odometer_state
M19C_S3_artificial_turf_B1_U060_R1,2754.894995090,5.777153847,command,0.600000,-7.010217667,-43.374919891,-0.567076087,-0.011112618,-0.038645729,-0.565856934,ros2_odometer_state
M19C_S3_artificial_turf_B1_U060_R1,2754.897418355,5.779577112,command,0.600000,-6.997986794,-43.383277893,-0.565856934,-0.011251104,-0.038414083,-0.566313446,ros2_odometer_state
M19C_S3_artificial_turf_B1_U060_R1,2754.898228531,5.780387288,command,0.600000,-6.997986794,-43.383277893,-0.565856934,-0.011251104,-0.038414083,-0.566313446,ros2_odometer_state
M19C_S3_artificial_turf_B1_U060_R1,2754.900880668,5.783039425,command,0.600000,-6.997986794,-43.383277893,-0.565856934,-0.011382146,-0.038191240,-0.566793680,ros2_odometer_state
M19C_S3_artificial_turf_B1_U060_R1,2754.902280820,5.784439577,command,0.600000,-6.997986794,-43.383277893,-0.565856934,-0.011521626,-0.038009092,-0.567228436,ros2_odometer_state
M19C_S3_artificial_turf_B1_U060_R1,2754.905413457,5.787572214,command,0.600000,-6.997986794,-43.383277893,-0.565856934,-0.011796460,-0.037858874,-0.568075776,ros2_odometer_state
M19C_S3_artificial_turf_B1_U060_R1,2754.906927949,5.789086706,command,0.600000,-6.997986794,-43.383277893,-0.565856934,-0.011897421,-0.037864778,-0.568514764,ros2_odometer_state
M19C_S3_artificial_turf_B1_U060_R1,2754.908223968,5.790382725,command,0.600000,-6.997986794,-43.383277893,-0.565856934,-0.011897421,-0.037864778,-0.568514764,ros2_odometer_state
M19C_S3_artificial_turf_B1_U060_R1,2754.911051377,5.793210134,command,0.600000,-6.997986794,-43.383277893,-0.565856934,-0.011931365,-0.038030155,-0.569357157,ros2_odometer_state
M19C_S3_artificial_turf_B1_U060_R1,2754.912980093,5.795138850,command,0.600000,-6.997986794,-43.383277893,-0.565856934,-0.011869160,-0.038132843,-0.569805861,ros2_odometer_state
M19C_S3_artificial_turf_B1_U060_R1,2754.915162420,5.797321177,command,0.600000,-6.997986794,-43.383277893,-0.565856934,-0.011776618,-0.038226448,-0.570362628,ros2_odometer_state
M19C_S3_artificial_turf_B1_U060_R1,2754.917484913,5.799643670,command,0.600000,-6.985685825,-43.390605927,-0.570362628,-0.011684891,-0.038301591,-0.571031988,ros2_odometer_state
M19C_S3_artificial_turf_B1_U060_R1,2754.918546107,5.800704864,command,0.600000,-6.985685825,-43.390605927,-0.570362628,-0.011684891,-0.038301591,-0.571031988,ros2_odometer_state
M19C_S3_artificial_turf_B1_U060_R1,2754.922576603,5.804735360,command,0.600000,-6.985685825,-43.390605927,-0.570362628,-0.011536255,-0.038427725,-0.572396874,ros2_odometer_state
M19C_S3_artificial_turf_B1_U060_R1,2754.923678311,5.805837068,command,0.600000,-6.985685825,-43.390605927,-0.570362628,-0.011484973,-0.038499672,-0.572958708,ros2_odometer_state
M19C_S3_artificial_turf_B1_U060_R1,2754.924343681,5.806502438,command,0.600000,-6.985685825,-43.390605927,-0.570362628,-0.011484973,-0.038499672,-0.572958708,ros2_odometer_state
M19C_S3_artificial_turf_B1_U060_R1,2754.927084302,5.809243059,command,0.600000,-6.985685825,-43.390605927,-0.570362628,-0.011407469,-0.038695049,-0.574005663,ros2_odometer_state
M19C_S3_artificial_turf_B1_U060_R1,2754.929087422,5.811246179,command,0.600000,-6.985685825,-43.390605927,-0.570362628,-0.011325248,-0.038837470,-0.574554622,ros2_odometer_state
M19C_S3_artificial_turf_B1_U060_R1,2754.930961672,5.813120429,command,0.600000,-6.985685825,-43.390605927,-0.570362628,-0.011218888,-0.039016351,-0.575029254,ros2_odometer_state
M19C_S3_artificial_turf_B1_U060_R1,2754.932220378,5.814379135,command,0.600000,-6.985685825,-43.390605927,-0.570362628,-0.011218888,-0.039016351,-0.575029254,ros2_odometer_state
M19C_S3_artificial_turf_B1_U060_R1,2754.934976584,5.817135341,command,0.600000,-6.985685825,-43.390605927,-0.570362628,-0.010925109,-0.039263632,-0.575447261,ros2_odometer_state
M19C_S3_artificial_turf_B1_U060_R1,2754.937214273,5.819373030,command,0.600000,-6.972752094,-43.398441315,-0.575447261,-0.010752001,-0.039282095,-0.575480044,ros2_odometer_state
M19C_S3_artificial_turf_B1_U060_R1,2754.939091532,5.821250289,command,0.600000,-6.972752094,-43.398441315,-0.575447261,-0.010465100,-0.039249994,-0.575520992,ros2_odometer_state
M19C_S3_artificial_turf_B1_U060_R1,2754.941859162,5.824017919,command,0.600000,-6.972752094,-43.398441315,-0.575447261,-0.010040077,-0.039223310,-0.575533748,ros2_odometer_state
M19C_S3_artificial_turf_B1_U060_R1,2754.942347789,5.824506546,command,0.600000,-6.972752094,-43.398441315,-0.575447261,-0.010040077,-0.039223310,-0.575533748,ros2_odometer_state
M19C_S3_artificial_turf_B1_U060_R1,2754.945167421,5.827326178,command,0.600000,-6.972752094,-43.398441315,-0.575447261,-0.009251601,-0.039532699,-0.575179636,ros2_odometer_state
M19C_S3_artificial_turf_B1_U060_R1,2754.947147756,5.829306513,command,0.600000,-6.972752094,-43.398441315,-0.575447261,-0.008936747,-0.039918635,-0.574830532,ros2_odometer_state
M19C_S3_artificial_turf_B1_U060_R1,2754.949023574,5.831182331,command,0.600000,-6.972752094,-43.398441315,-0.575447261,-0.008631923,-0.040386502,-0.574392021,ros2_odometer_state
M19C_S3_artificial_turf_B1_U060_R1,2754.950221030,5.832379787,command,0.600000,-6.972752094,-43.398441315,-0.575447261,-0.008631923,-0.040386502,-0.574392021,ros2_odometer_state
M19C_S3_artificial_turf_B1_U060_R1,2754.952542722,5.834701479,command,0.600000,-6.972752094,-43.398441315,-0.575447261,-0.008283847,-0.040881701,-0.573841810,ros2_odometer_state
M19C_S3_artificial_turf_B1_U060_R1,2754.954319657,5.836478414,command,0.600000,-6.972752094,-43.398441315,-0.575447261,-0.007879875,-0.041370872,-0.573258221,ros2_odometer_state
M19C_S3_artificial_turf_B1_U060_R1,2754.958507920,5.840666677,command,0.600000,-6.958909035,-43.406806946,-0.572732329,-0.007423166,-0.041820981,-0.572732329,ros2_odometer_state
M19C_S3_artificial_turf_B1_U060_R1,2754.959518680,5.841677437,command,0.600000,-6.958909035,-43.406806946,-0.572732329,-0.006937453,-0.042225316,-0.572182596,ros2_odometer_state
M19C_S3_artificial_turf_B1_U060_R1,2754.961787314,5.843946071,command,0.600000,-6.958909035,-43.406806946,-0.572732329,-0.005920735,-0.042879004,-0.571002841,ros2_odometer_state
M19C_S3_artificial_turf_B1_U060_R1,2754.962437868,5.844596625,command,0.600000,-6.958909035,-43.406806946,-0.572732329,-0.005920735,-0.042879004,-0.571002841,ros2_odometer_state
M19C_S3_artificial_turf_B1_U060_R1,2754.965454820,5.847613577,command,0.600000,-6.958909035,-43.406806946,-0.572732329,-0.004898067,-0.043658793,-0.570126235,ros2_odometer_state
M19C_S3_artificial_turf_B1_U060_R1,2754.967153895,5.849312652,command,0.600000,-6.958909035,-43.406806946,-0.572732329,-0.004347386,-0.044136278,-0.569715738,ros2_odometer_state
M19C_S3_artificial_turf_B1_U060_R1,2754.969152087,5.851310844,command,0.600000,-6.958909035,-43.406806946,-0.572732329,-0.003769849,-0.044674300,-0.569245636,ros2_odometer_state
M19C_S3_artificial_turf_B1_U060_R1,2754.971139686,5.853298443,command,0.600000,-6.958909035,-43.406806946,-0.572732329,-0.003165643,-0.045256995,-0.568767667,ros2_odometer_state
M19C_S3_artificial_turf_B1_U060_R1,2754.973188855,5.855347612,command,0.600000,-6.958909035,-43.406806946,-0.572732329,-0.002491639,-0.045869946,-0.568317235,ros2_odometer_state
M19C_S3_artificial_turf_B1_U060_R1,2754.975319500,5.857478257,command,0.600000,-6.958909035,-43.406806946,-0.572732329,-0.001748820,-0.046486277,-0.567862749,ros2_odometer_state
M19C_S3_artificial_turf_B1_U060_R1,2754.976396183,5.858554940,command,0.600000,-6.944562435,-43.415458679,-0.567862749,-0.001748820,-0.046486277,-0.567862749,ros2_odometer_state
M19C_S3_artificial_turf_B1_U060_R1,2754.978419687,5.860578444,command,0.600000,-6.944562435,-43.415458679,-0.567862749,-0.000955432,-0.047089577,-0.567442358,ros2_odometer_state
M19C_S3_artificial_turf_B1_U060_R1,2754.982038135,5.864196892,command,0.600000,-6.944562435,-43.415458679,-0.567862749,0.000795921,-0.048257060,-0.566882253,ros2_odometer_state
M19C_S3_artificial_turf_B1_U060_R1,2754.982567116,5.864725873,command,0.600000,-6.944562435,-43.415458679,-0.567862749,0.000795921,-0.048257060,-0.566882253,ros2_odometer_state
M19C_S3_artificial_turf_B1_U060_R1,2754.984462999,5.866621756,command,0.600000,-6.944562435,-43.415458679,-0.567862749,0.001670318,-0.048863284,-0.566595912,ros2_odometer_state
M19C_S3_artificial_turf_B1_U060_R1,2754.986385316,5.868544073,command,0.600000,-6.944562435,-43.415458679,-0.567862749,0.002546918,-0.049518175,-0.566281259,ros2_odometer_state
M19C_S3_artificial_turf_B1_U060_R1,2754.988362610,5.870521367,command,0.600000,-6.944562435,-43.415458679,-0.567862749,0.003435606,-0.050227493,-0.565991879,ros2_odometer_state
M19C_S3_artificial_turf_B1_U060_R1,2754.991132993,5.873291750,command,0.600000,-6.944562435,-43.415458679,-0.567862749,0.005310495,-0.051816668,-0.565718055,ros2_odometer_state
M19C_S3_artificial_turf_B1_U060_R1,2754.992405075,5.874563832,command,0.600000,-6.944562435,-43.415458679,-0.567862749,0.005310495,-0.051816668,-0.565718055,ros2_odometer_state
M19C_S3_artificial_turf_B1_U060_R1,2754.994427300,5.876586057,command,0.600000,-6.944562435,-43.415458679,-0.567862749,0.006353185,-0.052665189,-0.565726578,ros2_odometer_state
M19C_S3_artificial_turf_B1_U060_R1,2754.996475381,5.878634138,command,0.600000,-6.929232121,-43.424743652,-0.565804124,0.007452308,-0.053536262,-0.565804124,ros2_odometer_state
M19C_S3_artificial_turf_B1_U060_R1,2754.998437763,5.880596520,command,0.600000,-6.929232121,-43.424743652,-0.565804124,0.008591485,-0.054414164,-0.565891147,ros2_odometer_state
M19C_S3_artificial_turf_B1_U060_R1,2755.000980648,5.883139405,command,0.600000,-6.929232121,-43.424743652,-0.565804124,0.009764491,-0.055279803,-0.565954506,ros2_odometer_state
M19C_S3_artificial_turf_B1_U060_R1,2755.003334758,5.885493515,command,0.600000,-6.929232121,-43.424743652,-0.565804124,0.012163368,-0.057073206,-0.566032588,ros2_odometer_state
M19C_S3_artificial_turf_B1_U060_R1,2755.005219217,5.887377974,command,0.600000,-6.929232121,-43.424743652,-0.565804124,0.013381253,-0.058066979,-0.566089153,ros2_odometer_state
M19C_S3_artificial_turf_B1_U060_R1,2755.006387359,5.888546116,command,0.600000,-6.929232121,-43.424743652,-0.565804124,0.013381253,-0.058066979,-0.566089153,ros2_odometer_state
M19C_S3_artificial_turf_B1_U060_R1,2755.008416496,5.890575253,command,0.600000,-6.929232121,-43.424743652,-0.565804124,0.014619151,-0.059125293,-0.566197753,ros2_odometer_state
M19C_S3_artificial_turf_B1_U060_R1,2755.011899674,5.894058431,command,0.600000,-6.929232121,-43.424743652,-0.565804124,0.017133271,-0.061368302,-0.566479027,ros2_odometer_state
M19C_S3_artificial_turf_B1_U060_R1,2755.012778685,5.894937442,command,0.600000,-6.929232121,-43.424743652,-0.565804124,0.017133271,-0.061368302,-0.566479027,ros2_odometer_state
M19C_S3_artificial_turf_B1_U060_R1,2755.014858256,5.897017013,command,0.600000,-6.929232121,-43.424743652,-0.565804124,0.018422371,-0.062505171,-0.566560090,ros2_odometer_state
M19C_S3_artificial_turf_B1_U060_R1,2755.016856031,5.899014788,command,0.600000,-6.913105488,-43.434642792,-0.566617370,0.019745171,-0.063657813,-0.566617370,ros2_odometer_state
M19C_S3_artificial_turf_B1_U060_R1,2755.019769299,5.901928056,command,0.600000,-6.913105488,-43.434642792,-0.566617370,0.022547456,-0.066050425,-0.566805243,ros2_odometer_state
M19C_S3_artificial_turf_B1_U060_R1,2755.021143146,5.903301903,command,0.600000,-6.913105488,-43.434642792,-0.566617370,0.022547456,-0.066050425,-0.566805243,ros2_odometer_state
M19C_S3_artificial_turf_B1_U060_R1,2755.023356418,5.905515175,command,0.600000,-6.913105488,-43.434642792,-0.566617370,0.025463464,-0.068537377,-0.566854477,ros2_odometer_state
M19C_S3_artificial_turf_B1_U060_R1,2755.024875998,5.907034755,command,0.600000,-6.913105488,-43.434642792,-0.566617370,0.025463464,-0.068537377,-0.566854477,ros2_odometer_state
M19C_S3_artificial_turf_B1_U060_R1,2755.026450909,5.908609666,command,0.600000,-6.913105488,-43.434642792,-0.566617370,0.026932726,-0.069789171,-0.566761315,ros2_odometer_state
M19C_S3_artificial_turf_B1_U060_R1,2755.028450924,5.910609681,command,0.600000,-6.913105488,-43.434642792,-0.566617370,0.028402667,-0.071042441,-0.566637039,ros2_odometer_state
M19C_S3_artificial_turf_B1_U060_R1,2755.030416698,5.912575455,command,0.600000,-6.913105488,-43.434642792,-0.566617370,0.029896932,-0.072322786,-0.566498637,ros2_odometer_state
M19C_S3_artificial_turf_B1_U060_R1,2755.032453163,5.914611920,command,0.600000,-6.913105488,-43.434642792,-0.566617370,0.031434346,-0.073626518,-0.566351593,ros2_odometer_state
M19C_S3_artificial_turf_B1_U060_R1,2755.034447771,5.916606528,command,0.600000,-6.913105488,-43.434642792,-0.566617370,0.033012766,-0.074944951,-0.566169083,ros2_odometer_state
M19C_S3_artificial_turf_B1_U060_R1,2755.036475787,5.918634544,command,0.600000,-6.896207809,-43.444389343,-0.565915644,0.034616191,-0.076267667,-0.565915644,ros2_odometer_state
M19C_S3_artificial_turf_B1_U060_R1,2755.038458618,5.920617375,command,0.600000,-6.896207809,-43.444389343,-0.565915644,0.036225773,-0.077586487,-0.565613508,ros2_odometer_state
M19C_S3_artificial_turf_B1_U060_R1,2755.041103779,5.923262536,command,0.600000,-6.896207809,-43.444389343,-0.565915644,0.037849035,-0.078899063,-0.565320432,ros2_odometer_state
M19C_S3_artificial_turf_B1_U060_R1,2755.043494370,5.925653127,command,0.600000,-6.896207809,-43.444389343,-0.565915644,0.041105121,-0.081557058,-0.564626515,ros2_odometer_state
M19C_S3_artificial_turf_B1_U060_R1,2755.045344588,5.927503345,command,0.600000,-6.896207809,-43.444389343,-0.565915644,0.042742684,-0.082876250,-0.564174712,ros2_odometer_state
M19C_S3_artificial_turf_B1_U060_R1,2755.047291449,5.929450206,command,0.600000,-6.896207809,-43.444389343,-0.565915644,0.044389058,-0.084179349,-0.563644409,ros2_odometer_state
M19C_S3_artificial_turf_B1_U060_R1,2755.050692321,5.932851078,command,0.600000,-6.896207809,-43.444389343,-0.565915644,0.045978595,-0.085514508,-0.562951624,ros2_odometer_state
M19C_S3_artificial_turf_B1_U060_R1,2755.052660463,5.934819220,command,0.600000,-6.896207809,-43.444389343,-0.565915644,0.047461491,-0.086894318,-0.562047005,ros2_odometer_state
M19C_S3_artificial_turf_B1_U060_R1,2755.054676927,5.936835684,command,0.600000,-6.896207809,-43.444389343,-0.565915644,0.048872788,-0.088288136,-0.561098993,ros2_odometer_state
M19C_S3_artificial_turf_B1_U060_R1,2755.055095952,5.937254709,command,0.600000,-6.896207809,-43.444389343,-0.565915644,0.048872788,-0.088288136,-0.561098993,ros2_odometer_state
M19C_S3_artificial_turf_B1_U060_R1,2755.056776691,5.938935448,command,0.600000,-6.878508568,-43.455451965,-0.560315788,0.050222091,-0.089671537,-0.560315788,ros2_odometer_state
M19C_S3_artificial_turf_B1_U060_R1,2755.058493879,5.940652636,command,0.600000,-6.878508568,-43.455451965,-0.560315788,0.051477503,-0.091036990,-0.559772253,ros2_odometer_state
M19C_S3_artificial_turf_B1_U060_R1,2755.061160865,5.943319622,command,0.600000,-6.878508568,-43.455451965,-0.560315788,0.052636184,-0.092356890,-0.559508085,ros2_odometer_state
M19C_S3_artificial_turf_B1_U060_R1,2755.062578105,5.944736862,command,0.600000,-6.878508568,-43.455451965,-0.560315788,0.053667832,-0.093588151,-0.559446096,ros2_odometer_state
M19C_S3_artificial_turf_B1_U060_R1,2755.064570632,5.946729389,command,0.600000,-6.878508568,-43.455451965,-0.560315788,0.054552473,-0.094654702,-0.559485734,ros2_odometer_state
M19C_S3_artificial_turf_B1_U060_R1,2755.066520598,5.948679355,command,0.600000,-6.878508568,-43.455451965,-0.560315788,0.055353109,-0.095534287,-0.559508383,ros2_odometer_state
M19C_S3_artificial_turf_B1_U060_R1,2755.069509581,5.951668338,command,0.600000,-6.878508568,-43.455451965,-0.560315788,0.056637954,-0.096837975,-0.559597075,ros2_odometer_state
M19C_S3_artificial_turf_B1_U060_R1,2755.072134485,5.954293242,command,0.600000,-6.878508568,-43.455451965,-0.560315788,0.057021815,-0.097352944,-0.559994638,ros2_odometer_state
M19C_S3_artificial_turf_B1_U060_R1,2755.072681451,5.954840208,command,0.600000,-6.878508568,-43.455451965,-0.560315788,0.057021815,-0.097352944,-0.559994638,ros2_odometer_state
M19C_S3_artificial_turf_B1_U060_R1,2755.075672642,5.957831399,command,0.600000,-6.878508568,-43.455451965,-0.560315788,0.057184096,-0.098692954,-0.560753763,ros2_odometer_state
M19C_S3_artificial_turf_B1_U060_R1,2755.078157125,5.960315882,command,0.600000,-6.862690926,-43.468521118,-0.560753763,0.056944050,-0.099670470,-0.560942769,ros2_odometer_state
M19C_S3_artificial_turf_B1_U060_R1,2755.078722427,5.960881184,command,0.600000,-6.862690926,-43.468521118,-0.560753763,0.056944050,-0.099670470,-0.560942769,ros2_odometer_state
M19C_S3_artificial_turf_B1_U060_R1,2755.082160452,5.964319209,command,0.600000,-6.862690926,-43.468521118,-0.560753763,0.055883996,-0.101937756,-0.561125815,ros2_odometer_state
M19C_S3_artificial_turf_B1_U060_R1,2755.083185932,5.965344689,command,0.600000,-6.862690926,-43.468521118,-0.560753763,0.055883996,-0.101937756,-0.561125815,ros2_odometer_state
M19C_S3_artificial_turf_B1_U060_R1,2755.084893200,5.967051957,command,0.600000,-6.862690926,-43.468521118,-0.560753763,0.055172563,-0.103037558,-0.561061621,ros2_odometer_state
M19C_S3_artificial_turf_B1_U060_R1,2755.087546234,5.969704991,command,0.600000,-6.862690926,-43.468521118,-0.560753763,0.053675048,-0.104743272,-0.560612082,ros2_odometer_state
M19C_S3_artificial_turf_B1_U060_R1,2755.089483367,5.971642124,command,0.600000,-6.862690926,-43.468521118,-0.560753763,0.052961949,-0.105398223,-0.560310423,ros2_odometer_state
M19C_S3_artificial_turf_B1_U060_R1,2755.091446933,5.973605690,command,0.600000,-6.862690926,-43.468521118,-0.560753763,0.052298658,-0.106001362,-0.559989333,ros2_odometer_state
M19C_S3_artificial_turf_B1_U060_R1,2755.093453093,5.975611850,command,0.600000,-6.862690926,-43.468521118,-0.560753763,0.051676571,-0.106619060,-0.559636831,ros2_odometer_state
M19C_S3_artificial_turf_B1_U060_R1,2755.095413811,5.977572568,command,0.600000,-6.862690926,-43.468521118,-0.560753763,0.051093344,-0.107257426,-0.559202671,ros2_odometer_state
M19C_S3_artificial_turf_B1_U060_R1,2755.097557832,5.979716589,command,0.600000,-6.849818707,-43.485073090,-0.559202671,0.050560459,-0.107881330,-0.558735549,ros2_odometer_state
M19C_S3_artificial_turf_B1_U060_R1,2755.099494229,5.981652986,command,0.600000,-6.849818707,-43.485073090,-0.559202671,0.050089043,-0.108475119,-0.558309138,ros2_odometer_state
M19C_S3_artificial_turf_B1_U060_R1,2755.102036346,5.984195103,command,0.600000,-6.849818707,-43.485073090,-0.559202671,0.049700342,-0.109047294,-0.557919204,ros2_odometer_state
M19C_S3_artificial_turf_B1_U060_R1,2755.103414609,5.985573366,command,0.600000,-6.849818707,-43.485073090,-0.559202671,0.049383625,-0.109614275,-0.557520807,ros2_odometer_state
M19C_S3_artificial_turf_B1_U060_R1,2755.105452418,5.987611175,command,0.600000,-6.849818707,-43.485073090,-0.559202671,0.049083732,-0.110171907,-0.557089865,ros2_odometer_state
M19C_S3_artificial_turf_B1_U060_R1,2755.107381070,5.989539827,command,0.600000,-6.849818707,-43.485073090,-0.559202671,0.048754226,-0.110668249,-0.556618750,ros2_odometer_state
M19C_S3_artificial_turf_B1_U060_R1,2755.109415103,5.991573860,command,0.600000,-6.849818707,-43.485073090,-0.559202671,0.048396919,-0.111072749,-0.556132972,ros2_odometer_state
M19C_S3_artificial_turf_B1_U060_R1,2755.111524019,5.993682776,command,0.600000,-6.849818707,-43.485073090,-0.559202671,0.048068013,-0.111404955,-0.555673778,ros2_odometer_state
M19C_S3_artificial_turf_B1_U060_R1,2755.114107674,5.996266431,command,0.600000,-6.849818707,-43.485073090,-0.559202671,0.047823284,-0.111736402,-0.555272996,ros2_odometer_state
M19C_S3_artificial_turf_B1_U060_R1,2755.115048479,5.997207236,command,0.600000,-6.849818707,-43.485073090,-0.559202671,0.047823284,-0.111736402,-0.555272996,ros2_odometer_state
M19C_S3_artificial_turf_B1_U060_R1,2755.116828742,5.998987499,command,0.600000,-6.838206768,-43.501995087,-0.554943740,0.047667056,-0.112113312,-0.554943740,ros2_odometer_state
M19C_S3_artificial_turf_B1_U060_R1,2755.118845046,6.001003803,command,0.600000,-6.838206768,-43.501995087,-0.554943740,0.047571715,-0.112522878,-0.554696262,ros2_odometer_state
M19C_S3_artificial_turf_B1_U060_R1,2755.122160378,6.004319135,command,0.600000,-6.838206768,-43.501995087,-0.554943740,0.047448318,-0.113370590,-0.554251194,ros2_odometer_state
M19C_S3_artificial_turf_B1_U060_R1,2755.123635061,6.005793818,command,0.600000,-6.838206768,-43.501995087,-0.554943740,0.047369283,-0.113770351,-0.553993821,ros2_odometer_state
M19C_S3_artificial_turf_B1_U060_R1,2755.125571970,6.007730727,command,0.600000,-6.838206768,-43.501995087,-0.554943740,0.047268268,-0.114095055,-0.553735673,ros2_odometer_state
M19C_S3_artificial_turf_B1_U060_R1,2755.127534416,6.009693173,command,0.600000,-6.838206768,-43.501995087,-0.554943740,0.047162734,-0.114319727,-0.553456545,ros2_odometer_state
M19C_S3_artificial_turf_B1_U060_R1,2755.129930863,6.012089620,command,0.600000,-6.838206768,-43.501995087,-0.554943740,0.047071032,-0.114482120,-0.553158164,ros2_odometer_state
M19C_S3_artificial_turf_B1_U060_R1,2755.130811314,6.012970071,command,0.600000,-6.838206768,-43.501995087,-0.554943740,0.047071032,-0.114482120,-0.553158164,ros2_odometer_state
M19C_S3_artificial_turf_B1_U060_R1,2755.133712581,6.015871338,command,0.600000,-6.838206768,-43.501995087,-0.554943740,0.046936467,-0.114809208,-0.552664161,ros2_odometer_state
M19C_S3_artificial_turf_B1_U060_R1,2755.135596464,6.017755221,command,0.600000,-6.838206768,-43.501995087,-0.554943740,0.046875026,-0.115065545,-0.552477658,ros2_odometer_state
M19C_S3_artificial_turf_B1_U060_R1,2755.137586335,6.019745092,command,0.600000,-6.826262474,-43.516525269,-0.552477658,0.046814997,-0.115382329,-0.552310884,ros2_odometer_state
M19C_S3_artificial_turf_B1_U060_R1,2755.139653233,6.021811990,command,0.600000,-6.826262474,-43.516525269,-0.552477658,0.046771541,-0.115751371,-0.552214384,ros2_odometer_state
M19C_S3_artificial_turf_B1_U060_R1,2755.142222904,6.024381661,command,0.600000,-6.826262474,-43.516525269,-0.552477658,0.046737418,-0.116152696,-0.552195430,ros2_odometer_state
M19C_S3_artificial_turf_B1_U060_R1,2755.143576173,6.025734930,command,0.600000,-6.826262474,-43.516525269,-0.552477658,0.046690714,-0.116549239,-0.552203596,ros2_odometer_state
M19C_S3_artificial_turf_B1_U060_R1,2755.144798782,6.026957539,command,0.600000,-6.826262474,-43.516525269,-0.552477658,0.046690714,-0.116549239,-0.552203596,ros2_odometer_state
M19C_S3_artificial_turf_B1_U060_R1,2755.147586765,6.029745522,command,0.600000,-6.826262474,-43.516525269,-0.552477658,0.046566408,-0.117247105,-0.552155375,ros2_odometer_state
M19C_S3_artificial_turf_B1_U060_R1,2755.149597405,6.031756162,command,0.600000,-6.826262474,-43.516525269,-0.552477658,0.046457808,-0.117515646,-0.552081883,ros2_odometer_state
M19C_S3_artificial_turf_B1_U060_R1,2755.152224325,6.034383082,command,0.600000,-6.826262474,-43.516525269,-0.552477658,0.046351522,-0.117739752,-0.551983833,ros2_odometer_state
M19C_S3_artificial_turf_B1_U060_R1,2755.152949570,6.035108327,command,0.600000,-6.826262474,-43.516525269,-0.552477658,0.046351522,-0.117739752,-0.551983833,ros2_odometer_state
M19C_S3_artificial_turf_B1_U060_R1,2755.158408827,6.040567584,command,0.600000,-6.826262474,-43.516525269,-0.552477658,0.046249982,-0.118259743,-0.551780164,ros2_odometer_state
M19C_S3_artificial_turf_B1_U060_R1,2755.159451621,6.041610378,command,0.600000,-6.815073967,-43.529861450,-0.551780164,0.046248782,-0.118638404,-0.551810503,ros2_odometer_state
M19C_S3_artificial_turf_B1_U060_R1,2755.160339816,6.042498573,command,0.600000,-6.815073967,-43.529861450,-0.551780164,0.046279676,-0.119092837,-0.551949561,ros2_odometer_state
M19C_S3_artificial_turf_B1_U060_R1,2755.162140208,6.044298965,command,0.600000,-6.815073967,-43.529861450,-0.551780164,0.046344873,-0.119566441,-0.552145362,ros2_odometer_state
M19C_S3_artificial_turf_B1_U060_R1,2755.163629963,6.045788720,command,0.600000,-6.815073967,-43.529861450,-0.551780164,0.046430573,-0.120016344,-0.552336752,ros2_odometer_state
M19C_S3_artificial_turf_B1_U060_R1,2755.165713982,6.047872739,command,0.600000,-6.815073967,-43.529861450,-0.551780164,0.046522919,-0.120410301,-0.552545071,ros2_odometer_state
M19C_S3_artificial_turf_B1_U060_R1,2755.167616841,6.049775598,command,0.600000,-6.815073967,-43.529861450,-0.551780164,0.046656724,-0.120748512,-0.552845716,ros2_odometer_state
M19C_S3_artificial_turf_B1_U060_R1,2755.169648954,6.051807711,command,0.600000,-6.815073967,-43.529861450,-0.551780164,0.046826258,-0.121029876,-0.553248644,ros2_odometer_state
M19C_S3_artificial_turf_B1_U060_R1,2755.171666538,6.053825295,command,0.600000,-6.815073967,-43.529861450,-0.551780164,0.047012519,-0.121267714,-0.553660989,ros2_odometer_state
M19C_S3_artificial_turf_B1_U060_R1,2755.173659578,6.055818335,command,0.600000,-6.815073967,-43.529861450,-0.551780164,0.047200397,-0.121468686,-0.554041684,ros2_odometer_state
M19C_S3_artificial_turf_B1_U060_R1,2755.175659977,6.057818734,command,0.600000,-6.815073967,-43.529861450,-0.551780164,0.047396511,-0.121649101,-0.554417312,ros2_odometer_state
M19C_S3_artificial_turf_B1_U060_R1,2755.177690586,6.059849343,command,0.600000,-6.804338932,-43.541542053,-0.554417312,0.047595289,-0.121842742,-0.554808497,ros2_odometer_state
M19C_S3_artificial_turf_B1_U060_R1,2755.179858864,6.062017621,command,0.600000,-6.804338932,-43.541542053,-0.554417312,0.047802802,-0.122066878,-0.555278063,ros2_odometer_state
M19C_S3_artificial_turf_B1_U060_R1,2755.181445327,6.063604084,command,0.600000,-6.804338932,-43.541542053,-0.554417312,0.047802802,-0.122066878,-0.555278063,ros2_odometer_state
M19C_S3_artificial_turf_B1_U060_R1,2755.183694920,6.065853677,command,0.600000,-6.804338932,-43.541542053,-0.554417312,0.048250936,-0.122612089,-0.556547701,ros2_odometer_state
M19C_S3_artificial_turf_B1_U060_R1,2755.185176323,6.067335080,command,0.600000,-6.804338932,-43.541542053,-0.554417312,0.048250936,-0.122612089,-0.556547701,ros2_odometer_state
M19C_S3_artificial_turf_B1_U060_R1,2755.188470118,6.070628875,command,0.600000,-6.804338932,-43.541542053,-0.554417312,0.048634402,-0.123244792,-0.557976902,ros2_odometer_state
M19C_S3_artificial_turf_B1_U060_R1,2755.189128481,6.071287238,command,0.600000,-6.804338932,-43.541542053,-0.554417312,0.048634402,-0.123244792,-0.557976902,ros2_odometer_state
M19C_S3_artificial_turf_B1_U060_R1,2755.193231492,6.075390249,command,0.600000,-6.804338932,-43.541542053,-0.554417312,0.048978753,-0.123662718,-0.559185028,ros2_odometer_state
M19C_S3_artificial_turf_B1_U060_R1,2755.194178505,6.076337262,command,0.600000,-6.804338932,-43.541542053,-0.554417312,0.049150091,-0.123828769,-0.559876204,ros2_odometer_state
M19C_S3_artificial_turf_B1_U060_R1,2755.194756384,6.076915141,command,0.600000,-6.804338932,-43.541542053,-0.554417312,0.049150091,-0.123828769,-0.559876204,ros2_odometer_state
M19C_S3_artificial_turf_B1_U060_R1,2755.196867540,6.079026297,command,0.600000,-6.792550087,-43.552371979,-0.560700059,0.049316391,-0.124011211,-0.560700059,ros2_odometer_state
M19C_S3_artificial_turf_B1_U060_R1,2755.199623138,6.081781895,command,0.600000,-6.792550087,-43.552371979,-0.560700059,0.049554981,-0.124299355,-0.562488556,ros2_odometer_state
M19C_S3_artificial_turf_B1_U060_R1,2755.201360647,6.083519404,command,0.600000,-6.792550087,-43.552371979,-0.560700059,0.049554981,-0.124299355,-0.562488556,ros2_odometer_state
M19C_S3_artificial_turf_B1_U060_R1,2755.203720197,6.085878954,command,0.600000,-6.792550087,-43.552371979,-0.560700059,0.049755342,-0.124422751,-0.564292967,ros2_odometer_state
M19C_S3_artificial_turf_B1_U060_R1,2755.204866738,6.087025495,command,0.600000,-6.792550087,-43.552371979,-0.560700059,0.049755342,-0.124422751,-0.564292967,ros2_odometer_state
M19C_S3_artificial_turf_B1_U060_R1,2755.206761374,6.088920131,command,0.600000,-6.792550087,-43.552371979,-0.560700059,0.049880356,-0.124477267,-0.565216422,ros2_odometer_state
M19C_S3_artificial_turf_B1_U060_R1,2755.208797679,6.090956436,command,0.600000,-6.792550087,-43.552371979,-0.560700059,0.050001673,-0.124534667,-0.566138029,ros2_odometer_state
M19C_S3_artificial_turf_B1_U060_R1,2755.211901834,6.094060591,command,0.600000,-6.792550087,-43.552371979,-0.560700059,0.050105806,-0.124620266,-0.568013668,ros2_odometer_state
M19C_S3_artificial_turf_B1_U060_R1,2755.214320586,6.096479343,command,0.600000,-6.792550087,-43.552371979,-0.560700059,0.050059471,-0.124651209,-0.568973243,ros2_odometer_state
M19C_S3_artificial_turf_B1_U060_R1,2755.218661399,6.100820156,command,0.600000,-6.792550087,-43.552371979,-0.560700059,0.049967319,-0.124675617,-0.569924116,ros2_odometer_state
M19C_S3_artificial_turf_B1_U060_R1,2755.219688032,6.101846789,command,0.600000,-6.781839848,-43.562328339,-0.569924116,0.049853612,-0.124697790,-0.570810556,ros2_odometer_state
M19C_S3_artificial_turf_B1_U060_R1,2755.220626757,6.102785514,command,0.600000,-6.781839848,-43.562328339,-0.569924116,0.049738076,-0.124717094,-0.571635604,ros2_odometer_state
M19C_S3_artificial_turf_B1_U060_R1,2755.222131009,6.104289766,command,0.600000,-6.781839848,-43.562328339,-0.569924116,0.049657714,-0.124723934,-0.572423697,ros2_odometer_state
M19C_S3_artificial_turf_B1_U060_R1,2755.223634204,6.105792961,command,0.600000,-6.781839848,-43.562328339,-0.569924116,0.049603477,-0.124719381,-0.573209584,ros2_odometer_state
M19C_S3_artificial_turf_B1_U060_R1,2755.225751761,6.107910518,command,0.600000,-6.781839848,-43.562328339,-0.569924116,0.049531374,-0.124702848,-0.574002028,ros2_odometer_state
M19C_S3_artificial_turf_B1_U060_R1,2755.226788538,6.108947295,command,0.600000,-6.781839848,-43.562328339,-0.569924116,0.049531374,-0.124702848,-0.574002028,ros2_odometer_state
M19C_S3_artificial_turf_B1_U060_R1,2755.229755280,6.111914037,command,0.600000,-6.781839848,-43.562328339,-0.569924116,0.049223877,-0.124665856,-0.575598419,ros2_odometer_state
M19C_S3_artificial_turf_B1_U060_R1,2755.230825722,6.112984479,command,0.600000,-6.781839848,-43.562328339,-0.569924116,0.049223877,-0.124665856,-0.575598419,ros2_odometer_state
M19C_S3_artificial_turf_B1_U060_R1,2755.232935662,6.115094419,command,0.600000,-6.781839848,-43.562328339,-0.569924116,0.048945818,-0.124636844,-0.576355398,ros2_odometer_state
M19C_S3_artificial_turf_B1_U060_R1,2755.234898428,6.117057185,command,0.600000,-6.781839848,-43.562328339,-0.569924116,0.048596650,-0.124585584,-0.577064335,ros2_odometer_state
M19C_S3_artificial_turf_B1_U060_R1,2755.236953870,6.119112627,command,0.600000,-6.770987034,-43.571640015,-0.577716410,0.048203718,-0.124509506,-0.577716410,ros2_odometer_state
M19C_S3_artificial_turf_B1_U060_R1,2755.239615256,6.121774013,command,0.600000,-6.770987034,-43.571640015,-0.577716410,0.047375869,-0.124305412,-0.578867316,ros2_odometer_state
M19C_S3_artificial_turf_B1_U060_R1,2755.242398566,6.124557323,command,0.600000,-6.770987034,-43.571640015,-0.577716410,0.046988424,-0.124181166,-0.579422653,ros2_odometer_state
M19C_S3_artificial_turf_B1_U060_R1,2755.242969981,6.125128738,command,0.600000,-6.770987034,-43.571640015,-0.577716410,0.046988424,-0.124181166,-0.579422653,ros2_odometer_state
M19C_S3_artificial_turf_B1_U060_R1,2755.244875593,6.127034350,command,0.600000,-6.770987034,-43.571640015,-0.577716410,0.046613038,-0.124097176,-0.579966247,ros2_odometer_state
M19C_S3_artificial_turf_B1_U060_R1,2755.246818710,6.128977467,command,0.600000,-6.770987034,-43.571640015,-0.577716410,0.046211548,-0.124060832,-0.580494165,ros2_odometer_state
M19C_S3_artificial_turf_B1_U060_R1,2755.249633126,6.131791883,command,0.600000,-6.770987034,-43.571640015,-0.577716410,0.045241557,-0.124118082,-0.581475675,ros2_odometer_state
M19C_S3_artificial_turf_B1_U060_R1,2755.251808637,6.133967394,command,0.600000,-6.770987034,-43.571640015,-0.577716410,0.044663511,-0.124195889,-0.581867456,ros2_odometer_state
M19C_S3_artificial_turf_B1_U060_R1,2755.253895536,6.136054293,command,0.600000,-6.770987034,-43.571640015,-0.577716410,0.044061136,-0.124287903,-0.582150280,ros2_odometer_state
M19C_S3_artificial_turf_B1_U060_R1,2755.255649685,6.137808442,command,0.600000,-6.770987034,-43.571640015,-0.577716410,0.043471493,-0.124364458,-0.582337320,ros2_odometer_state
M19C_S3_artificial_turf_B1_U060_R1,2755.256891591,6.139050348,command,0.600000,-6.759772301,-43.582099915,-0.582337320,0.043471493,-0.124364458,-0.582337320,ros2_odometer_state
M19C_S3_artificial_turf_B1_U060_R1,2755.259964481,6.142123238,command,0.600000,-6.759772301,-43.582099915,-0.582337320,0.042428352,-0.124387063,-0.582642674,ros2_odometer_state
M19C_S3_artificial_turf_B1_U060_R1,2755.262316574,6.144475331,command,0.600000,-6.759772301,-43.582099915,-0.582337320,0.041930463,-0.124365434,-0.582830608,ros2_odometer_state
M19C_S3_artificial_turf_B1_U060_R1,2755.263899165,6.146057922,command,0.600000,-6.759772301,-43.582099915,-0.582337320,0.041396089,-0.124362253,-0.583009303,ros2_odometer_state
M19C_S3_artificial_turf_B1_U060_R1,2755.266056467,6.148215224,command,0.600000,-6.759772301,-43.582099915,-0.582337320,0.041396089,-0.124362253,-0.583009303,ros2_odometer_state
M19C_S3_artificial_turf_B1_U060_R1,2755.267388648,6.149547405,command,0.600000,-6.759772301,-43.582099915,-0.582337320,0.040815733,-0.124391042,-0.583128154,ros2_odometer_state
M19C_S3_artificial_turf_B1_U060_R1,2755.269029001,6.151187758,command,0.600000,-6.759772301,-43.582099915,-0.582337320,0.040149417,-0.124447376,-0.583127797,ros2_odometer_state
M19C_S3_artificial_turf_B1_U060_R1,2755.271594287,6.153753044,command,0.600000,-6.759772301,-43.582099915,-0.582337320,0.038563542,-0.124594972,-0.582840621,ros2_odometer_state
M19C_S3_artificial_turf_B1_U060_R1,2755.273647969,6.155806726,command,0.600000,-6.759772301,-43.582099915,-0.582337320,0.037726752,-0.124731451,-0.582604945,ros2_odometer_state
M19C_S3_artificial_turf_B1_U060_R1,2755.274870001,6.157028758,command,0.600000,-6.759772301,-43.582099915,-0.582337320,0.037726752,-0.124731451,-0.582604945,ros2_odometer_state
M19C_S3_artificial_turf_B1_U060_R1,2755.277056232,6.159214989,command,0.600000,-6.747785091,-43.593334198,-0.582308471,0.036919251,-0.124892831,-0.582308471,ros2_odometer_state
M19C_S3_artificial_turf_B1_U060_R1,2755.279026871,6.161185628,command,0.600000,-6.747785091,-43.593334198,-0.582308471,0.036175597,-0.125052527,-0.581965923,ros2_odometer_state
M19C_S3_artificial_turf_B1_U060_R1,2755.281492729,6.163651486,command,0.600000,-6.747785091,-43.593334198,-0.582308471,0.035481684,-0.125184447,-0.581582546,ros2_odometer_state
M19C_S3_artificial_turf_B1_U060_R1,2755.283858711,6.166017468,command,0.600000,-6.747785091,-43.593334198,-0.582308471,0.034121756,-0.125364676,-0.580743194,ros2_odometer_state
M19C_S3_artificial_turf_B1_U060_R1,2755.285841286,6.168000043,command,0.600000,-6.747785091,-43.593334198,-0.582308471,0.033446629,-0.125475824,-0.580382526,ros2_odometer_state
M19C_S3_artificial_turf_B1_U060_R1,2755.286915312,6.169074069,command,0.600000,-6.747785091,-43.593334198,-0.582308471,0.033446629,-0.125475824,-0.580382526,ros2_odometer_state
M19C_S3_artificial_turf_B1_U060_R1,2755.288912608,6.171071365,command,0.600000,-6.747785091,-43.593334198,-0.582308471,0.032772947,-0.125646695,-0.580033660,ros2_odometer_state
M19C_S3_artificial_turf_B1_U060_R1,2755.291965753,6.174124510,command,0.600000,-6.747785091,-43.593334198,-0.582308471,0.031461377,-0.126155391,-0.579257548,ros2_odometer_state
M19C_S3_artificial_turf_B1_U060_R1,2755.293114279,6.175273036,command,0.600000,-6.747785091,-43.593334198,-0.582308471,0.031461377,-0.126155391,-0.579257548,ros2_odometer_state
M19C_S3_artificial_turf_B1_U060_R1,2755.295658220,6.177816977,command,0.600000,-6.747785091,-43.593334198,-0.582308471,0.030221848,-0.126775876,-0.578345001,ros2_odometer_state
M19C_S3_artificial_turf_B1_U060_R1,2755.297800257,6.179959014,command,0.600000,-6.735044003,-43.604087830,-0.578345001,0.029565843,-0.126997814,-0.577834129,ros2_odometer_state
M19C_S3_artificial_turf_B1_U060_R1,2755.298960079,6.181118836,command,0.600000,-6.735044003,-43.604087830,-0.578345001,0.029565843,-0.126997814,-0.577834129,ros2_odometer_state
M19C_S3_artificial_turf_B1_U060_R1,2755.301533077,6.183691834,command,0.600000,-6.735044003,-43.604087830,-0.578345001,0.028885936,-0.127101317,-0.577321589,ros2_odometer_state
M19C_S3_artificial_turf_B1_U060_R1,2755.303711980,6.185870737,command,0.600000,-6.735044003,-43.604087830,-0.578345001,0.027571507,-0.127150819,-0.576368153,ros2_odometer_state
M19C_S3_artificial_turf_B1_U060_R1,2755.304944861,6.187103618,command,0.600000,-6.735044003,-43.604087830,-0.578345001,0.027571507,-0.127150819,-0.576368153,ros2_odometer_state
M19C_S3_artificial_turf_B1_U060_R1,2755.306912075,6.189070832,command,0.600000,-6.735044003,-43.604087830,-0.578345001,0.026964467,-0.127181277,-0.575913846,ros2_odometer_state
M19C_S3_artificial_turf_B1_U060_R1,2755.308927547,6.191086304,command,0.600000,-6.735044003,-43.604087830,-0.578345001,0.026411746,-0.127265766,-0.575458169,ros2_odometer_state
M19C_S3_artificial_turf_B1_U060_R1,2755.310903690,6.193062447,command,0.600000,-6.735044003,-43.604087830,-0.578345001,0.025915718,-0.127382338,-0.574995339,ros2_odometer_state
M19C_S3_artificial_turf_B1_U060_R1,2755.313653335,6.195812092,command,0.600000,-6.735044003,-43.604087830,-0.578345001,0.024989186,-0.127651766,-0.574140131,ros2_odometer_state
M19C_S3_artificial_turf_B1_U060_R1,2755.315846767,6.198005524,command,0.600000,-6.735044003,-43.604087830,-0.578345001,0.024483481,-0.127763763,-0.573754907,ros2_odometer_state
M19C_S3_artificial_turf_B1_U060_R1,2755.317995876,6.200154633,command,0.600000,-6.721865654,-43.614677429,-0.573754907,0.023976373,-0.127784193,-0.573407948,ros2_odometer_state
M19C_S3_artificial_turf_B1_U060_R1,2755.319810860,6.201969617,command,0.600000,-6.721865654,-43.614677429,-0.573754907,0.023492958,-0.127706915,-0.573132694,ros2_odometer_state
M19C_S3_artificial_turf_B1_U060_R1,2755.322421620,6.204580377,command,0.600000,-6.721865654,-43.614677429,-0.573754907,0.023048561,-0.127587020,-0.572955787,ros2_odometer_state
M19C_S3_artificial_turf_B1_U060_R1,2755.324960377,6.207119134,command,0.600000,-6.721865654,-43.614677429,-0.573754907,0.022664076,-0.127491787,-0.572871506,ros2_odometer_state
M19C_S3_artificial_turf_B1_U060_R1,2755.327321239,6.209479996,command,0.600000,-6.721865654,-43.614677429,-0.573754907,0.022664076,-0.127491787,-0.572871506,ros2_odometer_state
M19C_S3_artificial_turf_B1_U060_R1,2755.328453476,6.210612233,command,0.600000,-6.721865654,-43.614677429,-0.573754907,0.022311717,-0.127454832,-0.572813630,ros2_odometer_state
M19C_S3_artificial_turf_B1_U060_R1,2755.329705270,6.211864027,command,0.600000,-6.721865654,-43.614677429,-0.573754907,0.021968450,-0.127470046,-0.572721958,ros2_odometer_state
M19C_S3_artificial_turf_B1_U060_R1,2755.332051891,6.214210648,command,0.600000,-6.721865654,-43.614677429,-0.573754907,0.021360261,-0.127534211,-0.572592616,ros2_odometer_state
M19C_S3_artificial_turf_B1_U060_R1,2755.333511981,6.215670738,command,0.600000,-6.721865654,-43.614677429,-0.573754907,0.021360261,-0.127534211,-0.572592616,ros2_odometer_state
M19C_S3_artificial_turf_B1_U060_R1,2755.335340118,6.217498875,command,0.600000,-6.721865654,-43.614677429,-0.573754907,0.021103531,-0.127558231,-0.572626293,ros2_odometer_state
M19C_S3_artificial_turf_B1_U060_R1,2755.337861562,6.220020319,command,0.600000,-6.709346771,-43.624488831,-0.572697461,0.020607425,-0.127543718,-0.572756350,ros2_odometer_state
M19C_S3_artificial_turf_B1_U060_R1,2755.339858473,6.222017230,command,0.600000,-6.709346771,-43.624488831,-0.572697461,0.020332500,-0.127443090,-0.572816551,ros2_odometer_state
M19C_S3_artificial_turf_B1_U060_R1,2755.342514963,6.224673720,command,0.600000,-6.709346771,-43.624488831,-0.572697461,0.020050731,-0.127260000,-0.572904646,ros2_odometer_state
M19C_S3_artificial_turf_B1_U060_R1,2755.344166100,6.226324857,command,0.600000,-6.709346771,-43.624488831,-0.572697461,0.019756697,-0.127020195,-0.573030829,ros2_odometer_state
M19C_S3_artificial_turf_B1_U060_R1,2755.346075104,6.228233861,command,0.600000,-6.709346771,-43.624488831,-0.572697461,0.019477069,-0.126774684,-0.573197424,ros2_odometer_state
M19C_S3_artificial_turf_B1_U060_R1,2755.347796645,6.229955402,command,0.600000,-6.709346771,-43.624488831,-0.572697461,0.019217638,-0.126540303,-0.573423922,ros2_odometer_state
M19C_S3_artificial_turf_B1_U060_R1,2755.349794676,6.231953433,command,0.600000,-6.709346771,-43.624488831,-0.572697461,0.018953392,-0.126322761,-0.573683262,ros2_odometer_state
M19C_S3_artificial_turf_B1_U060_R1,2755.351857062,6.234015819,command,0.600000,-6.709346771,-43.624488831,-0.572697461,0.018672500,-0.126107961,-0.573936939,ros2_odometer_state
M19C_S3_artificial_turf_B1_U060_R1,2755.353987963,6.236146720,command,0.600000,-6.709346771,-43.624488831,-0.572697461,0.018355945,-0.125882685,-0.574152768,ros2_odometer_state
M19C_S3_artificial_turf_B1_U060_R1,2755.357763281,6.239922038,command,0.600000,-6.709346771,-43.624488831,-0.572697461,0.017999357,-0.125630870,-0.574349999,ros2_odometer_state
M19C_S3_artificial_turf_B1_U060_R1,2755.358665269,6.240824026,command,0.600000,-6.695532799,-43.633735657,-0.574349999,0.017625751,-0.125353649,-0.574576139,ros2_odometer_state
M19C_S3_artificial_turf_B1_U060_R1,2755.359833411,6.241992168,command,0.600000,-6.695532799,-43.633735657,-0.574349999,0.017244689,-0.125057593,-0.574850142,ros2_odometer_state
M19C_S3_artificial_turf_B1_U060_R1,2755.362591473,6.244750230,command,0.600000,-6.695532799,-43.633735657,-0.574349999,0.016874855,-0.124748111,-0.575190544,ros2_odometer_state
M19C_S3_artificial_turf_B1_U060_R1,2755.363959687,6.246118444,command,0.600000,-6.695532799,-43.633735657,-0.574349999,0.016525960,-0.124431759,-0.575607181,ros2_odometer_state
M19C_S3_artificial_turf_B1_U060_R1,2755.365978040,6.248136797,command,0.600000,-6.695532799,-43.633735657,-0.574349999,0.016184485,-0.124108814,-0.576061666,ros2_odometer_state
M19C_S3_artificial_turf_B1_U060_R1,2755.367955590,6.250114347,command,0.600000,-6.695532799,-43.633735657,-0.574349999,0.015846895,-0.123784550,-0.576511681,ros2_odometer_state
M19C_S3_artificial_turf_B1_U060_R1,2755.369839985,6.251998742,command,0.600000,-6.695532799,-43.633735657,-0.574349999,0.015501278,-0.123457238,-0.576971292,ros2_odometer_state
M19C_S3_artificial_turf_B1_U060_R1,2755.371798815,6.253957572,command,0.600000,-6.695532799,-43.633735657,-0.574349999,0.015144719,-0.123117253,-0.577461302,ros2_odometer_state
M19C_S3_artificial_turf_B1_U060_R1,2755.373837744,6.255996501,command,0.600000,-6.695532799,-43.633735657,-0.574349999,0.014775182,-0.122757554,-0.577999413,ros2_odometer_state
M19C_S3_artificial_turf_B1_U060_R1,2755.375937732,6.258096489,command,0.600000,-6.695532799,-43.633735657,-0.574349999,0.014376126,-0.122388303,-0.578557372,ros2_odometer_state
M19C_S3_artificial_turf_B1_U060_R1,2755.377332507,6.259491264,command,0.600000,-6.682027340,-43.642543793,-0.578557372,0.014376126,-0.122388303,-0.578557372,ros2_odometer_state
M19C_S3_artificial_turf_B1_U060_R1,2755.379260168,6.261418925,command,0.600000,-6.682027340,-43.642543793,-0.578557372,0.013936801,-0.122019254,-0.579112411,ros2_odometer_state
M19C_S3_artificial_turf_B1_U060_R1,2755.381769227,6.263927984,command,0.600000,-6.682027340,-43.642543793,-0.578557372,0.013463683,-0.121655770,-0.579669416,ros2_odometer_state
M19C_S3_artificial_turf_B1_U060_R1,2755.383287816,6.265446573,command,0.600000,-6.682027340,-43.642543793,-0.578557372,0.012960271,-0.121290691,-0.580251575,ros2_odometer_state
M19C_S3_artificial_turf_B1_U060_R1,2755.385673767,6.267832524,command,0.600000,-6.682027340,-43.642543793,-0.578557372,0.012439190,-0.120944299,-0.580856562,ros2_odometer_state
M19C_S3_artificial_turf_B1_U060_R1,2755.387784827,6.269943584,command,0.600000,-6.682027340,-43.642543793,-0.578557372,0.011905819,-0.120621353,-0.581465185,ros2_odometer_state
M19C_S3_artificial_turf_B1_U060_R1,2755.389340505,6.271499262,command,0.600000,-6.682027340,-43.642543793,-0.578557372,0.011353901,-0.120304331,-0.582079649,ros2_odometer_state
M19C_S3_artificial_turf_B1_U060_R1,2755.391280870,6.273439627,command,0.600000,-6.682027340,-43.642543793,-0.578557372,0.010777292,-0.119992323,-0.582691371,ros2_odometer_state
M19C_S3_artificial_turf_B1_U060_R1,2755.394079893,6.276238650,command,0.600000,-6.682027340,-43.642543793,-0.578557372,0.009569324,-0.119482145,-0.583988607,ros2_odometer_state
M19C_S3_artificial_turf_B1_U060_R1,2755.395325638,6.277484395,command,0.600000,-6.682027340,-43.642543793,-0.578557372,0.009569324,-0.119482145,-0.583988607,ros2_odometer_state
M19C_S3_artificial_turf_B1_U060_R1,2755.397308309,6.279467066,command,0.600000,-6.669086456,-43.651477814,-0.584789693,0.009033086,-0.119373888,-0.584789693,ros2_odometer_state
M19C_S3_artificial_turf_B1_U060_R1,2755.400178119,6.282336876,command,0.600000,-6.669086456,-43.651477814,-0.584789693,0.008114511,-0.119392894,-0.586381912,ros2_odometer_state
M19C_S3_artificial_turf_B1_U060_R1,2755.401835689,6.283994446,command,0.600000,-6.669086456,-43.651477814,-0.584789693,0.008114511,-0.119392894,-0.586381912,ros2_odometer_state
M19C_S3_artificial_turf_B1_U060_R1,2755.404217320,6.286376077,command,0.600000,-6.669086456,-43.651477814,-0.584789693,0.007161343,-0.119267344,-0.588161051,ros2_odometer_state
M19C_S3_artificial_turf_B1_U060_R1,2755.405270098,6.287428855,command,0.600000,-6.669086456,-43.651477814,-0.584789693,0.007161343,-0.119267344,-0.588161051,ros2_odometer_state
M19C_S3_artificial_turf_B1_U060_R1,2755.408030016,6.290188773,command,0.600000,-6.669086456,-43.651477814,-0.584789693,0.006352472,-0.119046040,-0.590294302,ros2_odometer_state
M19C_S3_artificial_turf_B1_U060_R1,2755.410031151,6.292189908,command,0.600000,-6.669086456,-43.651477814,-0.584789693,0.006012181,-0.118919194,-0.591435254,ros2_odometer_state
M19C_S3_artificial_turf_B1_U060_R1,2755.412106850,6.294265607,command,0.600000,-6.669086456,-43.651477814,-0.584789693,0.005760655,-0.118778080,-0.592587471,ros2_odometer_state
M19C_S3_artificial_turf_B1_U060_R1,2755.414008589,6.296167346,command,0.600000,-6.669086456,-43.651477814,-0.584789693,0.005585539,-0.118611239,-0.593769729,ros2_odometer_state
M19C_S3_artificial_turf_B1_U060_R1,2755.416128674,6.298287431,command,0.600000,-6.669086456,-43.651477814,-0.584789693,0.005443130,-0.118410140,-0.594928861,ros2_odometer_state
M19C_S3_artificial_turf_B1_U060_R1,2755.418162962,6.300321719,command,0.600000,-6.654444218,-43.660091400,-0.594928861,0.005327446,-0.118112199,-0.595968843,ros2_odometer_state
M19C_S3_artificial_turf_B1_U060_R1,2755.419204700,6.301363457,command,0.600000,-6.654444218,-43.660091400,-0.594928861,0.005327446,-0.118112199,-0.595968843,ros2_odometer_state
M19C_S3_artificial_turf_B1_U060_R1,2755.422329624,6.304488381,command,0.600000,-6.654444218,-43.660091400,-0.594928861,0.005267556,-0.117644101,-0.596865296,ros2_odometer_state
M19C_S3_artificial_turf_B1_U060_R1,2755.423752241,6.305910998,command,0.600000,-6.654444218,-43.660091400,-0.594928861,0.005256708,-0.117025442,-0.597579181,ros2_odometer_state
M19C_S3_artificial_turf_B1_U060_R1,2755.428316166,6.310474923,command,0.600000,-6.654444218,-43.660091400,-0.594928861,0.005404294,-0.115775302,-0.598301351,ros2_odometer_state
M19C_S3_artificial_turf_B1_U060_R1,2755.429683580,6.311842337,command,0.600000,-6.654444218,-43.660091400,-0.594928861,0.005662458,-0.115288436,-0.598577201,ros2_odometer_state
M19C_S3_artificial_turf_B1_U060_R1,2755.430649955,6.312808712,command,0.600000,-6.654444218,-43.660091400,-0.594928861,0.006042359,-0.114851415,-0.599002361,ros2_odometer_state
M19C_S3_artificial_turf_B1_U060_R1,2755.431449123,6.313607880,command,0.600000,-6.654444218,-43.660091400,-0.594928861,0.006042359,-0.114851415,-0.599002361,ros2_odometer_state
M19C_S3_artificial_turf_B1_U060_R1,2755.433327565,6.315486322,command,0.600000,-6.654444218,-43.660091400,-0.594928861,0.006503697,-0.114448436,-0.599458873,ros2_odometer_state
M19C_S3_artificial_turf_B1_U060_R1,2755.435353310,6.317512067,command,0.600000,-6.654444218,-43.660091400,-0.594928861,0.006976083,-0.114130244,-0.599734068,ros2_odometer_state
M19C_S3_artificial_turf_B1_U060_R1,2755.438820840,6.320979597,command,0.600000,-6.640199184,-43.667030334,-0.599836886,0.007866350,-0.113838635,-0.599917829,ros2_odometer_state
M19C_S3_artificial_turf_B1_U060_R1,2755.439502819,6.321661576,command,0.600000,-6.640199184,-43.667030334,-0.599836886,0.007866350,-0.113838635,-0.599917829,ros2_odometer_state
M19C_S3_artificial_turf_B1_U060_R1,2755.442736387,6.324895144,command,0.600000,-6.640199184,-43.667030334,-0.599836886,0.008702610,-0.113745779,-0.600216031,ros2_odometer_state
M19C_S3_artificial_turf_B1_U060_R1,2755.443437247,6.325596004,command,0.600000,-6.640199184,-43.667030334,-0.599836886,0.008702610,-0.113745779,-0.600216031,ros2_odometer_state
M19C_S3_artificial_turf_B1_U060_R1,2755.446166092,6.328324849,command,0.600000,-6.640199184,-43.667030334,-0.599836886,0.009405710,-0.113727883,-0.600541711,ros2_odometer_state
M19C_S3_artificial_turf_B1_U060_R1,2755.448139514,6.330298271,command,0.600000,-6.640199184,-43.667030334,-0.599836886,0.009681165,-0.113523722,-0.600680888,ros2_odometer_state
M19C_S3_artificial_turf_B1_U060_R1,2755.450062855,6.332221612,command,0.600000,-6.640199184,-43.667030334,-0.599836886,0.009929653,-0.113132790,-0.600903332,ros2_odometer_state
M19C_S3_artificial_turf_B1_U060_R1,2755.451333529,6.333492286,command,0.600000,-6.640199184,-43.667030334,-0.599836886,0.009929653,-0.113132790,-0.600903332,ros2_odometer_state
M19C_S3_artificial_turf_B1_U060_R1,2755.453402475,6.335561232,command,0.600000,-6.640199184,-43.667030334,-0.599836886,0.010106368,-0.112614341,-0.601160705,ros2_odometer_state
M19C_S3_artificial_turf_B1_U060_R1,2755.455500383,6.337659140,command,0.600000,-6.640199184,-43.667030334,-0.599836886,0.010173754,-0.112056918,-0.601341546,ros2_odometer_state
M19C_S3_artificial_turf_B1_U060_R1,2755.459934159,6.342092916,command,0.600000,-6.626146793,-43.672218323,-0.601416886,0.010038673,-0.110997714,-0.601446748,ros2_odometer_state
M19C_S3_artificial_turf_B1_U060_R1,2755.461297349,6.343456106,command,0.600000,-6.626146793,-43.672218323,-0.601416886,0.009880399,-0.110482566,-0.601514816,ros2_odometer_state
M19C_S3_artificial_turf_B1_U060_R1,2755.461967488,6.344126245,command,0.600000,-6.626146793,-43.672218323,-0.601416886,0.009880399,-0.110482566,-0.601514816,ros2_odometer_state
M19C_S3_artificial_turf_B1_U060_R1,2755.464177112,6.346335869,command,0.600000,-6.626146793,-43.672218323,-0.601416886,0.009411548,-0.109371550,-0.601846337,ros2_odometer_state
M19C_S3_artificial_turf_B1_U060_R1,2755.466304940,6.348463697,command,0.600000,-6.626146793,-43.672218323,-0.601416886,0.009118280,-0.108799517,-0.602152824,ros2_odometer_state
M19C_S3_artificial_turf_B1_U060_R1,2755.468216792,6.350375549,command,0.600000,-6.626146793,-43.672218323,-0.601416886,0.008788651,-0.108216614,-0.602523446,ros2_odometer_state
M19C_S3_artificial_turf_B1_U060_R1,2755.470313100,6.352471857,command,0.600000,-6.626146793,-43.672218323,-0.601416886,0.008415678,-0.107641757,-0.602877200,ros2_odometer_state
M19C_S3_artificial_turf_B1_U060_R1,2755.471397399,6.353556156,command,0.600000,-6.626146793,-43.672218323,-0.601416886,0.008415678,-0.107641757,-0.602877200,ros2_odometer_state
M19C_S3_artificial_turf_B1_U060_R1,2755.474053056,6.356211813,command,0.600000,-6.626146793,-43.672218323,-0.601416886,0.007434078,-0.106637582,-0.603406549,ros2_odometer_state
M19C_S3_artificial_turf_B1_U060_R1,2755.476125331,6.358284088,command,0.600000,-6.626146793,-43.672218323,-0.601416886,0.006813474,-0.106237240,-0.603637934,ros2_odometer_state
M19C_S3_artificial_turf_B1_U060_R1,2755.478341579,6.360500336,command,0.600000,-6.614475250,-43.678462982,-0.603637934,0.006121034,-0.105872497,-0.603872240,ros2_odometer_state
M19C_S3_artificial_turf_B1_U060_R1,2755.480121394,6.362280151,command,0.600000,-6.614475250,-43.678462982,-0.603637934,0.005388557,-0.105524778,-0.604102314,ros2_odometer_state
M19C_S3_artificial_turf_B1_U060_R1,2755.482730393,6.364889150,command,0.600000,-6.614475250,-43.678462982,-0.603637934,0.004631555,-0.105196290,-0.604350567,ros2_odometer_state
M19C_S3_artificial_turf_B1_U060_R1,2755.484361818,6.366520575,command,0.600000,-6.614475250,-43.678462982,-0.603637934,0.003846649,-0.104872897,-0.604666352,ros2_odometer_state
M19C_S3_artificial_turf_B1_U060_R1,2755.486351337,6.368510094,command,0.600000,-6.614475250,-43.678462982,-0.603637934,0.003050503,-0.104547754,-0.605060220,ros2_odometer_state
M19C_S3_artificial_turf_B1_U060_R1,2755.488187218,6.370345975,command,0.600000,-6.614475250,-43.678462982,-0.603637934,0.002274752,-0.104224198,-0.605478168,ros2_odometer_state
M19C_S3_artificial_turf_B1_U060_R1,2755.489860149,6.372018906,command,0.600000,-6.614475250,-43.678462982,-0.603637934,0.002274752,-0.104224198,-0.605478168,ros2_odometer_state
M19C_S3_artificial_turf_B1_U060_R1,2755.493479781,6.375638538,command,0.600000,-6.614475250,-43.678462982,-0.603637934,0.000845886,-0.103554145,-0.606405973,ros2_odometer_state
M19C_S3_artificial_turf_B1_U060_R1,2755.494431915,6.376590672,command,0.600000,-6.614475250,-43.678462982,-0.603637934,0.000228867,-0.103213772,-0.607012391,ros2_odometer_state
M19C_S3_artificial_turf_B1_U060_R1,2755.496167760,6.378326517,command,0.600000,-6.614475250,-43.678462982,-0.603637934,-0.000322802,-0.102894463,-0.607683718,ros2_odometer_state
M19C_S3_artificial_turf_B1_U060_R1,2755.498178368,6.380337125,command,0.600000,-6.602485657,-43.685985565,-0.607683718,-0.000833912,-0.102639429,-0.608287513,ros2_odometer_state
M19C_S3_artificial_turf_B1_U060_R1,2755.499335182,6.381493939,command,0.600000,-6.602485657,-43.685985565,-0.607683718,-0.000833912,-0.102639429,-0.608287513,ros2_odometer_state
M19C_S3_artificial_turf_B1_U060_R1,2755.502720052,6.384878809,command,0.600000,-6.602485657,-43.685985565,-0.607683718,-0.001749559,-0.102414757,-0.609294236,ros2_odometer_state
M19C_S3_artificial_turf_B1_U060_R1,2755.504194159,6.386352916,command,0.600000,-6.602485657,-43.685985565,-0.607683718,-0.002151282,-0.102365896,-0.609784842,ros2_odometer_state
M19C_S3_artificial_turf_B1_U060_R1,2755.506154973,6.388313730,command,0.600000,-6.602485657,-43.685985565,-0.607683718,-0.002528009,-0.102230571,-0.610317588,ros2_odometer_state
M19C_S3_artificial_turf_B1_U060_R1,2755.508179949,6.390338706,command,0.600000,-6.602485657,-43.685985565,-0.607683718,-0.002852623,-0.101960897,-0.610955894,ros2_odometer_state
M19C_S3_artificial_turf_B1_U060_R1,2755.510123899,6.392282656,command,0.600000,-6.602485657,-43.685985565,-0.607683718,-0.003122893,-0.101553768,-0.611686528,ros2_odometer_state
M19C_S3_artificial_turf_B1_U060_R1,2755.512196333,6.394355090,command,0.600000,-6.602485657,-43.685985565,-0.607683718,-0.003397111,-0.101082169,-0.612386465,ros2_odometer_state
M19C_S3_artificial_turf_B1_U060_R1,2755.514124634,6.396283391,command,0.600000,-6.602485657,-43.685985565,-0.607683718,-0.003691657,-0.100645788,-0.612979949,ros2_odometer_state
M19C_S3_artificial_turf_B1_U060_R1,2755.516139434,6.398298191,command,0.600000,-6.602485657,-43.685985565,-0.607683718,-0.004009796,-0.100306809,-0.613450289,ros2_odometer_state
M19C_S3_artificial_turf_B1_U060_R1,2755.518171771,6.400330528,command,0.600000,-6.589754581,-43.693923950,-0.613450289,-0.004349974,-0.100036576,-0.613823116,ros2_odometer_state
M19C_S3_artificial_turf_B1_U060_R1,2755.520203595,6.402362352,command,0.600000,-6.589754581,-43.693923950,-0.613450289,-0.004683876,-0.099788629,-0.614118993,ros2_odometer_state
M19C_S3_artificial_turf_B1_U060_R1,2755.522762353,6.404921110,command,0.600000,-6.589754581,-43.693923950,-0.613450289,-0.005022319,-0.099547006,-0.614361107,ros2_odometer_state
M19C_S3_artificial_turf_B1_U060_R1,2755.526794865,6.408953622,command,0.600000,-6.589754581,-43.693923950,-0.613450289,-0.005354230,-0.099314652,-0.614589989,ros2_odometer_state
M19C_S3_artificial_turf_B1_U060_R1,2755.527828666,6.409987423,command,0.600000,-6.589754581,-43.693923950,-0.613450289,-0.005635553,-0.099034667,-0.614801884,ros2_odometer_state
M19C_S3_artificial_turf_B1_U060_R1,2755.528749951,6.410908708,command,0.600000,-6.589754581,-43.693923950,-0.613450289,-0.005895187,-0.098663509,-0.614966154,ros2_odometer_state
M19C_S3_artificial_turf_B1_U060_R1,2755.530122294,6.412281051,command,0.600000,-6.589754581,-43.693923950,-0.613450289,-0.006172437,-0.098246254,-0.615072072,ros2_odometer_state
M19C_S3_artificial_turf_B1_U060_R1,2755.532215785,6.414374542,command,0.600000,-6.589754581,-43.693923950,-0.613450289,-0.006447805,-0.097788729,-0.615115523,ros2_odometer_state
M19C_S3_artificial_turf_B1_U060_R1,2755.534071699,6.416230456,command,0.600000,-6.589754581,-43.693923950,-0.613450289,-0.006733697,-0.097308442,-0.615073025,ros2_odometer_state
M19C_S3_artificial_turf_B1_U060_R1,2755.536216552,6.418375309,command,0.600000,-6.589754581,-43.693923950,-0.613450289,-0.007031810,-0.096821077,-0.614917517,ros2_odometer_state
M19C_S3_artificial_turf_B1_U060_R1,2755.538313307,6.420472064,command,0.600000,-6.577191353,-43.701648712,-0.614917517,-0.007347062,-0.096329764,-0.614660501,ros2_odometer_state
M19C_S3_artificial_turf_B1_U060_R1,2755.539991390,6.422150147,command,0.600000,-6.577191353,-43.701648712,-0.614917517,-0.007347062,-0.096329764,-0.614660501,ros2_odometer_state
M19C_S3_artificial_turf_B1_U060_R1,2755.543636847,6.425795604,command,0.600000,-6.577191353,-43.701648712,-0.614917517,-0.008000114,-0.095362216,-0.613865316,ros2_odometer_state
M19C_S3_artificial_turf_B1_U060_R1,2755.544652695,6.426811452,command,0.600000,-6.577191353,-43.701648712,-0.614917517,-0.008334538,-0.094882496,-0.613356769,ros2_odometer_state
M19C_S3_artificial_turf_B1_U060_R1,2755.545685376,6.427844133,command,0.600000,-6.577191353,-43.701648712,-0.614917517,-0.008334538,-0.094882496,-0.613356769,ros2_odometer_state
M19C_S3_artificial_turf_B1_U060_R1,2755.551521736,6.433680493,command,0.600000,-6.577191353,-43.701648712,-0.614917517,-0.008995461,-0.093694180,-0.612373769,ros2_odometer_state
M19C_S3_artificial_turf_B1_U060_R1,2755.552500591,6.434659348,command,0.600000,-6.577191353,-43.701648712,-0.614917517,-0.009286296,-0.092944980,-0.612001479,ros2_odometer_state
M19C_S3_artificial_turf_B1_U060_R1,2755.553347249,6.435506006,command,0.600000,-6.577191353,-43.701648712,-0.614917517,-0.009533091,-0.092124179,-0.611660182,ros2_odometer_state
M19C_S3_artificial_turf_B1_U060_R1,2755.553780514,6.435939271,command,0.600000,-6.577191353,-43.701648712,-0.614917517,-0.009533091,-0.092124179,-0.611660182,ros2_odometer_state
M19C_S3_artificial_turf_B1_U060_R1,2755.556580466,6.438739223,command,0.600000,-6.577191353,-43.701648712,-0.614917517,-0.009961203,-0.090606093,-0.610743105,ros2_odometer_state
M19C_S3_artificial_turf_B1_U060_R1,2755.557526903,6.439685660,command,0.600000,-6.565419197,-43.709529877,-0.610743105,-0.009961203,-0.090606093,-0.610743105,ros2_odometer_state
M19C_S3_artificial_turf_B1_U060_R1,2755.560557712,6.442716469,command,0.600000,-6.565419197,-43.709529877,-0.610743105,-0.010504454,-0.089441784,-0.609354854,ros2_odometer_state
M19C_S3_artificial_turf_B1_U060_R1,2755.562902925,6.445061682,command,0.600000,-6.565419197,-43.709529877,-0.610743105,-0.010832263,-0.088938214,-0.608469605,ros2_odometer_state
M19C_S3_artificial_turf_B1_U060_R1,2755.564468171,6.446626928,command,0.600000,-6.565419197,-43.709529877,-0.610743105,-0.011147272,-0.088429607,-0.607566655,ros2_odometer_state
M19C_S3_artificial_turf_B1_U060_R1,2755.566440954,6.448599711,command,0.600000,-6.565419197,-43.709529877,-0.610743105,-0.011428855,-0.087885946,-0.606725812,ros2_odometer_state
M19C_S3_artificial_turf_B1_U060_R1,2755.568483563,6.450642320,command,0.600000,-6.565419197,-43.709529877,-0.610743105,-0.011675502,-0.087289311,-0.605971098,ros2_odometer_state
M19C_S3_artificial_turf_B1_U060_R1,2755.569615000,6.451773757,command,0.600000,-6.565419197,-43.709529877,-0.610743105,-0.011675502,-0.087289311,-0.605971098,ros2_odometer_state
M19C_S3_artificial_turf_B1_U060_R1,2755.572218847,6.454377604,command,0.600000,-6.565419197,-43.709529877,-0.610743105,-0.012139254,-0.085957743,-0.604582191,ros2_odometer_state
M19C_S3_artificial_turf_B1_U060_R1,2755.574299154,6.456457911,command,0.600000,-6.565419197,-43.709529877,-0.610743105,-0.012321074,-0.085182346,-0.603956103,ros2_odometer_state
M19C_S3_artificial_turf_B1_U060_R1,2755.576288225,6.458446982,command,0.600000,-6.565419197,-43.709529877,-0.610743105,-0.012463924,-0.084338173,-0.603380680,ros2_odometer_state
M19C_S3_artificial_turf_B1_U060_R1,2755.578353427,6.460512184,command,0.600000,-6.554728985,-43.717613220,-0.603380680,-0.012583905,-0.083487816,-0.602778614,ros2_odometer_state
M19C_S3_artificial_turf_B1_U060_R1,2755.580448583,6.462607340,command,0.600000,-6.554728985,-43.717613220,-0.603380680,-0.012709958,-0.082698576,-0.602081537,ros2_odometer_state
M19C_S3_artificial_turf_B1_U060_R1,2755.582287984,6.464446741,command,0.600000,-6.554728985,-43.717613220,-0.603380680,-0.012709958,-0.082698576,-0.602081537,ros2_odometer_state
M19C_S3_artificial_turf_B1_U060_R1,2755.586568730,6.468727487,command,0.600000,-6.554728985,-43.717613220,-0.603380680,-0.012964028,-0.081387624,-0.600613117,ros2_odometer_state
M19C_S3_artificial_turf_B1_U060_R1,2755.587639428,6.469798185,command,0.600000,-6.554728985,-43.717613220,-0.603380680,-0.013028725,-0.080821551,-0.599971592,ros2_odometer_state
M19C_S3_artificial_turf_B1_U060_R1,2755.588555241,6.470713998,command,0.600000,-6.554728985,-43.717613220,-0.603380680,-0.013033329,-0.080264628,-0.599471629,ros2_odometer_state
M19C_S3_artificial_turf_B1_U060_R1,2755.590604282,6.472763039,command,0.600000,-6.554728985,-43.717613220,-0.603380680,-0.012998608,-0.079657145,-0.599131644,ros2_odometer_state
M19C_S3_artificial_turf_B1_U060_R1,2755.591657348,6.473816105,command,0.600000,-6.554728985,-43.717613220,-0.603380680,-0.012998608,-0.079657145,-0.599131644,ros2_odometer_state
M19C_S3_artificial_turf_B1_U060_R1,2755.594277004,6.476435761,command,0.600000,-6.554728985,-43.717613220,-0.603380680,-0.012985915,-0.079027444,-0.598820806,ros2_odometer_state
M19C_S3_artificial_turf_B1_U060_R1,2755.595945615,6.478104372,command,0.600000,-6.554728985,-43.717613220,-0.603380680,-0.013020700,-0.078367837,-0.598455667,ros2_odometer_state
M19C_S3_artificial_turf_B1_U060_R1,2755.598450226,6.480608983,command,0.600000,-6.544373035,-43.725364685,-0.598129630,-0.013045721,-0.076757140,-0.597890675,ros2_odometer_state
M19C_S3_artificial_turf_B1_U060_R1,2755.600407552,6.482566309,command,0.600000,-6.544373035,-43.725364685,-0.598129630,-0.013015892,-0.075871117,-0.597673535,ros2_odometer_state
M19C_S3_artificial_turf_B1_U060_R1,2755.602897539,6.485056296,command,0.600000,-6.544373035,-43.725364685,-0.598129630,-0.012970726,-0.075026996,-0.597460568,ros2_odometer_state
M19C_S3_artificial_turf_B1_U060_R1,2755.604349885,6.486508642,command,0.600000,-6.544373035,-43.725364685,-0.598129630,-0.012908514,-0.074285783,-0.597254097,ros2_odometer_state
M19C_S3_artificial_turf_B1_U060_R1,2755.606361069,6.488519826,command,0.600000,-6.544373035,-43.725364685,-0.598129630,-0.012839430,-0.073665373,-0.597066998,ros2_odometer_state
M19C_S3_artificial_turf_B1_U060_R1,2755.608260152,6.490418909,command,0.600000,-6.544373035,-43.725364685,-0.598129630,-0.012750912,-0.073110022,-0.596942246,ros2_odometer_state
M19C_S3_artificial_turf_B1_U060_R1,2755.610397773,6.492556530,command,0.600000,-6.544373035,-43.725364685,-0.598129630,-0.012611570,-0.072556324,-0.596928477,ros2_odometer_state
M19C_S3_artificial_turf_B1_U060_R1,2755.612425822,6.494584579,command,0.600000,-6.544373035,-43.725364685,-0.598129630,-0.012440139,-0.071957596,-0.597034752,ros2_odometer_state
M19C_S3_artificial_turf_B1_U060_R1,2755.614697048,6.496855805,command,0.600000,-6.544373035,-43.725364685,-0.598129630,-0.012269378,-0.071302123,-0.597237766,ros2_odometer_state
M19C_S3_artificial_turf_B1_U060_R1,2755.616920401,6.499079158,command,0.600000,-6.544373035,-43.725364685,-0.598129630,-0.012107168,-0.070615679,-0.597518742,ros2_odometer_state
M19C_S3_artificial_turf_B1_U060_R1,2755.617756402,6.499915159,command,0.600000,-6.532704353,-43.732509613,-0.597518742,-0.012107168,-0.070615679,-0.597518742,ros2_odometer_state
M19C_S3_artificial_turf_B1_U060_R1,2755.619549241,6.501707998,command,0.600000,-6.532704353,-43.732509613,-0.597518742,-0.011920754,-0.069894060,-0.597844481,ros2_odometer_state
M19C_S3_artificial_turf_B1_U060_R1,2755.622402763,6.504561520,command,0.600000,-6.532704353,-43.732509613,-0.597518742,-0.011702366,-0.069165431,-0.598161042,ros2_odometer_state
M19C_S3_artificial_turf_B1_U060_R1,2755.623610075,6.505768832,command,0.600000,-6.532704353,-43.732509613,-0.597518742,-0.011471421,-0.068477549,-0.598437607,ros2_odometer_state
M19C_S3_artificial_turf_B1_U060_R1,2755.626361512,6.508520269,command,0.600000,-6.532704353,-43.732509613,-0.597518742,-0.010996293,-0.067254655,-0.598961592,ros2_odometer_state
M19C_S3_artificial_turf_B1_U060_R1,2755.628399385,6.510558142,command,0.600000,-6.532704353,-43.732509613,-0.597518742,-0.010764402,-0.066745020,-0.599245429,ros2_odometer_state
M19C_S3_artificial_turf_B1_U060_R1,2755.630346150,6.512504907,command,0.600000,-6.532704353,-43.732509613,-0.597518742,-0.010531792,-0.066256337,-0.599564075,ros2_odometer_state
M19C_S3_artificial_turf_B1_U060_R1,2755.632248882,6.514407639,command,0.600000,-6.532704353,-43.732509613,-0.597518742,-0.010289898,-0.065737449,-0.599954486,ros2_odometer_state
M19C_S3_artificial_turf_B1_U060_R1,2755.634370758,6.516529515,command,0.600000,-6.532704353,-43.732509613,-0.597518742,-0.010044570,-0.065189883,-0.600419104,ros2_odometer_state
M19C_S3_artificial_turf_B1_U060_R1,2755.636520092,6.518678849,command,0.600000,-6.532704353,-43.732509613,-0.597518742,-0.009817772,-0.064623713,-0.600930333,ros2_odometer_state
M19C_S3_artificial_turf_B1_U060_R1,2755.638332196,6.520490953,command,0.600000,-6.520976543,-43.739738464,-0.600930333,-0.009601022,-0.064029247,-0.601435423,ros2_odometer_state
M19C_S3_artificial_turf_B1_U060_R1,2755.639919683,6.522078440,command,0.600000,-6.520976543,-43.739738464,-0.600930333,-0.009601022,-0.064029247,-0.601435423,ros2_odometer_state
M19C_S3_artificial_turf_B1_U060_R1,2755.642297762,6.524456519,command,0.600000,-6.520976543,-43.739738464,-0.600930333,-0.009369994,-0.063400194,-0.601906180,ros2_odometer_state
M19C_S3_artificial_turf_B1_U060_R1,2755.644698625,6.526857382,command,0.600000,-6.520976543,-43.739738464,-0.600930333,-0.008918974,-0.062098011,-0.602599263,ros2_odometer_state
M19C_S3_artificial_turf_B1_U060_R1,2755.647541842,6.529700599,command,0.600000,-6.520976543,-43.739738464,-0.600930333,-0.008720342,-0.061501440,-0.602904320,ros2_odometer_state
M19C_S3_artificial_turf_B1_U060_R1,2755.648264143,6.530422900,command,0.600000,-6.520976543,-43.739738464,-0.600930333,-0.008720342,-0.061501440,-0.602904320,ros2_odometer_state
M19C_S3_artificial_turf_B1_U060_R1,2755.649619301,6.531778058,command,0.600000,-6.520976543,-43.739738464,-0.600930333,-0.008553000,-0.060981855,-0.603209674,ros2_odometer_state
M19C_S3_artificial_turf_B1_U060_R1,2755.653303991,6.535462748,command,0.600000,-6.520976543,-43.739738464,-0.600930333,-0.008199279,-0.059994135,-0.604037642,ros2_odometer_state
M19C_S3_artificial_turf_B1_U060_R1,2755.653684294,6.535843051,command,0.600000,-6.520976543,-43.739738464,-0.600930333,-0.008199279,-0.059994135,-0.604037642,ros2_odometer_state
M19C_S3_artificial_turf_B1_U060_R1,2755.656529559,6.538688316,command,0.600000,-6.520976543,-43.739738464,-0.600930333,-0.007690085,-0.058887422,-0.605315626,ros2_odometer_state
M19C_S3_artificial_turf_B1_U060_R1,2755.657700070,6.539858827,command,0.600000,-6.509863853,-43.746650696,-0.605315626,-0.007690085,-0.058887422,-0.605315626,ros2_odometer_state
M19C_S3_artificial_turf_B1_U060_R1,2755.660479252,6.542638009,command,0.600000,-6.509863853,-43.746650696,-0.605315626,-0.007097020,-0.057800345,-0.606612682,ros2_odometer_state
M19C_S3_artificial_turf_B1_U060_R1,2755.663016313,6.545175070,command,0.600000,-6.509863853,-43.746650696,-0.605315626,-0.006802975,-0.057245579,-0.607021809,ros2_odometer_state
M19C_S3_artificial_turf_B1_U060_R1,2755.664593304,6.546752061,command,0.600000,-6.509863853,-43.746650696,-0.605315626,-0.006513804,-0.056703486,-0.607282579,ros2_odometer_state
M19C_S3_artificial_turf_B1_U060_R1,2755.666465090,6.548623847,command,0.600000,-6.509863853,-43.746650696,-0.605315626,-0.006207275,-0.056186341,-0.607541323,ros2_odometer_state
M19C_S3_artificial_turf_B1_U060_R1,2755.668445041,6.550603798,command,0.600000,-6.509863853,-43.746650696,-0.605315626,-0.005861215,-0.055708487,-0.607878566,ros2_odometer_state
M19C_S3_artificial_turf_B1_U060_R1,2755.670406943,6.552565700,command,0.600000,-6.509863853,-43.746650696,-0.605315626,-0.005496956,-0.055269141,-0.608277082,ros2_odometer_state
M19C_S3_artificial_turf_B1_U060_R1,2755.672382222,6.554540979,command,0.600000,-6.509863853,-43.746650696,-0.605315626,-0.005134405,-0.054855544,-0.608699799,ros2_odometer_state
M19C_S3_artificial_turf_B1_U060_R1,2755.674350364,6.556509121,command,0.600000,-6.509863853,-43.746650696,-0.605315626,-0.004771565,-0.054469351,-0.609121084,ros2_odometer_state
M19C_S3_artificial_turf_B1_U060_R1,2755.676433999,6.558592756,command,0.600000,-6.509863853,-43.746650696,-0.605315626,-0.004427297,-0.054108817,-0.609527826,ros2_odometer_state
M19C_S3_artificial_turf_B1_U060_R1,2755.678453919,6.560612676,command,0.600000,-6.499241352,-43.754486084,-0.609527826,-0.004126516,-0.053773288,-0.609888554,ros2_odometer_state
M19C_S3_artificial_turf_B1_U060_R1,2755.680440302,6.562599059,command,0.600000,-6.499241352,-43.754486084,-0.609527826,-0.003825829,-0.053439930,-0.610197663,ros2_odometer_state
M19C_S3_artificial_turf_B1_U060_R1,2755.683176091,6.565334848,command,0.600000,-6.499241352,-43.754486084,-0.609527826,-0.003464460,-0.053083587,-0.610464513,ros2_odometer_state
M19C_S3_artificial_turf_B1_U060_R1,2755.683939865,6.566098622,command,0.600000,-6.499241352,-43.754486084,-0.609527826,-0.003464460,-0.053083587,-0.610464513,ros2_odometer_state
M19C_S3_artificial_turf_B1_U060_R1,2755.685949641,6.568108398,command,0.600000,-6.499241352,-43.754486084,-0.609527826,-0.003018713,-0.052644778,-0.610716641,ros2_odometer_state
M19C_S3_artificial_turf_B1_U060_R1,2755.688526191,6.570684948,command,0.600000,-6.499241352,-43.754486084,-0.609527826,-0.002096765,-0.051751673,-0.611192167,ros2_odometer_state
M19C_S3_artificial_turf_B1_U060_R1,2755.690405178,6.572563935,command,0.600000,-6.499241352,-43.754486084,-0.609527826,-0.001713378,-0.051437449,-0.611379087,ros2_odometer_state
M19C_S3_artificial_turf_B1_U060_R1,2755.692406602,6.574565359,command,0.600000,-6.499241352,-43.754486084,-0.609527826,-0.001364496,-0.051217135,-0.611431837,ros2_odometer_state
M19C_S3_artificial_turf_B1_U060_R1,2755.694412057,6.576570814,command,0.600000,-6.499241352,-43.754486084,-0.609527826,-0.001033710,-0.051090233,-0.611291885,ros2_odometer_state
M19C_S3_artificial_turf_B1_U060_R1,2755.696448330,6.578607087,command,0.600000,-6.499241352,-43.754486084,-0.609527826,-0.000676996,-0.051013157,-0.611046672,ros2_odometer_state
M19C_S3_artificial_turf_B1_U060_R1,2755.698881931,6.581040688,command,0.600000,-6.486917973,-43.764053345,-0.611046672,-0.000220223,-0.050931577,-0.610827148,ros2_odometer_state
M19C_S3_artificial_turf_B1_U060_R1,2755.700653714,6.582812471,command,0.600000,-6.486917973,-43.764053345,-0.611046672,0.000293380,-0.050830960,-0.610624671,ros2_odometer_state
M19C_S3_artificial_turf_B1_U060_R1,2755.703063729,6.585222486,command,0.600000,-6.486917973,-43.764053345,-0.611046672,0.000819012,-0.050725278,-0.610376298,ros2_odometer_state
M19C_S3_artificial_turf_B1_U060_R1,2755.704590670,6.586749427,command,0.600000,-6.486917973,-43.764053345,-0.611046672,0.001384769,-0.050650585,-0.610059738,ros2_odometer_state
M19C_S3_artificial_turf_B1_U060_R1,2755.706606494,6.588765251,command,0.600000,-6.486917973,-43.764053345,-0.611046672,0.001984387,-0.050629281,-0.609717369,ros2_odometer_state
M19C_S3_artificial_turf_B1_U060_R1,2755.707707498,6.589866255,command,0.600000,-6.486917973,-43.764053345,-0.611046672,0.001984387,-0.050629281,-0.609717369,ros2_odometer_state
M19C_S3_artificial_turf_B1_U060_R1,2755.709690681,6.591849438,command,0.600000,-6.486917973,-43.764053345,-0.611046672,0.002602912,-0.050670311,-0.609385729,ros2_odometer_state
M19C_S3_artificial_turf_B1_U060_R1,2755.712702609,6.594861366,command,0.600000,-6.486917973,-43.764053345,-0.611046672,0.003985555,-0.050886195,-0.608965099,ros2_odometer_state
M19C_S3_artificial_turf_B1_U060_R1,2755.714460695,6.596619452,command,0.600000,-6.486917973,-43.764053345,-0.611046672,0.004747739,-0.051027119,-0.608828366,ros2_odometer_state
M19C_S3_artificial_turf_B1_U060_R1,2755.716607852,6.598766609,command,0.600000,-6.486917973,-43.764053345,-0.611046672,0.005535421,-0.051200863,-0.608635545,ros2_odometer_state
M19C_S3_artificial_turf_B1_U060_R1,2755.718698175,6.600856932,command,0.600000,-6.473253250,-43.773960114,-0.608635545,0.006340744,-0.051404789,-0.608364642,ros2_odometer_state
M19C_S3_artificial_turf_B1_U060_R1,2755.721671157,6.603829914,command,0.600000,-6.473253250,-43.773960114,-0.608635545,0.007187173,-0.051618885,-0.608097255,ros2_odometer_state
M19C_S3_artificial_turf_B1_U060_R1,2755.723299254,6.605458011,command,0.600000,-6.473253250,-43.773960114,-0.608635545,0.008067316,-0.051841740,-0.607928693,ros2_odometer_state
M19C_S3_artificial_turf_B1_U060_R1,2755.723951536,6.606110293,command,0.600000,-6.473253250,-43.773960114,-0.608635545,0.008067316,-0.051841740,-0.607928693,ros2_odometer_state
M19C_S3_artificial_turf_B1_U060_R1,2755.726762784,6.608921541,command,0.600000,-6.473253250,-43.773960114,-0.608635545,0.009893011,-0.052340552,-0.607752204,ros2_odometer_state
M19C_S3_artificial_turf_B1_U060_R1,2755.728728078,6.610886835,command,0.600000,-6.473253250,-43.773960114,-0.608635545,0.010833789,-0.052651446,-0.607656419,ros2_odometer_state
M19C_S3_artificial_turf_B1_U060_R1,2755.730669019,6.612827776,command,0.600000,-6.473253250,-43.773960114,-0.608635545,0.011803169,-0.053024296,-0.607631564,ros2_odometer_state
M19C_S3_artificial_turf_B1_U060_R1,2755.732719597,6.614878354,command,0.600000,-6.473253250,-43.773960114,-0.608635545,0.012823794,-0.053444486,-0.607702076,ros2_odometer_state
M19C_S3_artificial_turf_B1_U060_R1,2755.734652409,6.616811166,command,0.600000,-6.473253250,-43.773960114,-0.608635545,0.013902670,-0.053902563,-0.607799470,ros2_odometer_state
M19C_S3_artificial_turf_B1_U060_R1,2755.736794063,6.618952820,command,0.600000,-6.473253250,-43.773960114,-0.608635545,0.015025336,-0.054413501,-0.607877016,ros2_odometer_state
M19C_S3_artificial_turf_B1_U060_R1,2755.738611703,6.620770460,command,0.600000,-6.458176136,-43.783813477,-0.607877016,0.016181061,-0.054978661,-0.607943296,ros2_odometer_state
M19C_S3_artificial_turf_B1_U060_R1,2755.741088473,6.623247230,command,0.600000,-6.458176136,-43.783813477,-0.607877016,0.017360169,-0.055593308,-0.608016193,ros2_odometer_state
M19C_S3_artificial_turf_B1_U060_R1,2755.743115050,6.625273807,command,0.600000,-6.458176136,-43.783813477,-0.607877016,0.018559549,-0.056239281,-0.608068526,ros2_odometer_state
M19C_S3_artificial_turf_B1_U060_R1,2755.743815942,6.625974699,command,0.600000,-6.458176136,-43.783813477,-0.607877016,0.018559549,-0.056239281,-0.608068526,ros2_odometer_state
M19C_S3_artificial_turf_B1_U060_R1,2755.746527986,6.628686743,command,0.600000,-6.458176136,-43.783813477,-0.607877016,0.021002550,-0.057569101,-0.608093202,ros2_odometer_state
M19C_S3_artificial_turf_B1_U060_R1,2755.748606884,6.630765641,command,0.600000,-6.458176136,-43.783813477,-0.607877016,0.022235192,-0.058238439,-0.608126163,ros2_odometer_state
M19C_S3_artificial_turf_B1_U060_R1,2755.750560370,6.632719127,command,0.600000,-6.458176136,-43.783813477,-0.607877016,0.023484932,-0.058915097,-0.608187497,ros2_odometer_state
M19C_S3_artificial_turf_B1_U060_R1,2755.751742017,6.633900774,command,0.600000,-6.458176136,-43.783813477,-0.607877016,0.023484932,-0.058915097,-0.608187497,ros2_odometer_state
M19C_S3_artificial_turf_B1_U060_R1,2755.754652565,6.636811322,command,0.600000,-6.458176136,-43.783813477,-0.607877016,0.026066672,-0.060350791,-0.608413577,ros2_odometer_state
M19C_S3_artificial_turf_B1_U060_R1,2755.756592226,6.638750983,command,0.600000,-6.458176136,-43.783813477,-0.607877016,0.027394427,-0.061134297,-0.608508170,ros2_odometer_state
M19C_S3_artificial_turf_B1_U060_R1,2755.758540815,6.640699572,command,0.600000,-6.442911148,-43.794055939,-0.608508170,0.028727675,-0.061960056,-0.608546317,ros2_odometer_state
M19C_S3_artificial_turf_B1_U060_R1,2755.760605569,6.642764326,command,0.600000,-6.442911148,-43.794055939,-0.608508170,0.030065060,-0.062826261,-0.608545184,ros2_odometer_state
M19C_S3_artificial_turf_B1_U060_R1,2755.763111045,6.645269802,command,0.600000,-6.442911148,-43.794055939,-0.608508170,0.031401910,-0.063723765,-0.608522594,ros2_odometer_state
M19C_S3_artificial_turf_B1_U060_R1,2755.764596864,6.646755621,command,0.600000,-6.442911148,-43.794055939,-0.608508170,0.032747366,-0.064629883,-0.608464181,ros2_odometer_state
M19C_S3_artificial_turf_B1_U060_R1,2755.766616528,6.648775285,command,0.600000,-6.442911148,-43.794055939,-0.608508170,0.034107633,-0.065515213,-0.608337641,ros2_odometer_state
M19C_S3_artificial_turf_B1_U060_R1,2755.768818856,6.650977613,command,0.600000,-6.442911148,-43.794055939,-0.608508170,0.035476699,-0.066374503,-0.608129084,ros2_odometer_state
M19C_S3_artificial_turf_B1_U060_R1,2755.770567245,6.652726002,command,0.600000,-6.442911148,-43.794055939,-0.608508170,0.036854919,-0.067222990,-0.607905984,ros2_odometer_state
M19C_S3_artificial_turf_B1_U060_R1,2755.772531963,6.654690720,command,0.600000,-6.442911148,-43.794055939,-0.608508170,0.038248129,-0.068082899,-0.607713282,ros2_odometer_state
M19C_S3_artificial_turf_B1_U060_R1,2755.774544299,6.656703056,command,0.600000,-6.442911148,-43.794055939,-0.608508170,0.039644919,-0.068978630,-0.607520700,ros2_odometer_state
M19C_S3_artificial_turf_B1_U060_R1,2755.776632958,6.658791715,command,0.600000,-6.442911148,-43.794055939,-0.608508170,0.041050777,-0.069905683,-0.607273519,ros2_odometer_state
M19C_S3_artificial_turf_B1_U060_R1,2755.778570155,6.660728912,command,0.600000,-6.427283764,-43.804771423,-0.607273519,0.042463526,-0.070876442,-0.606921911,ros2_odometer_state
M19C_S3_artificial_turf_B1_U060_R1,2755.780532761,6.662691518,command,0.600000,-6.427283764,-43.804771423,-0.607273519,0.043875571,-0.071907789,-0.606484234,ros2_odometer_state
M19C_S3_artificial_turf_B1_U060_R1,2755.783098943,6.665257700,command,0.600000,-6.427283764,-43.804771423,-0.607273519,0.045274969,-0.072990783,-0.605984569,ros2_odometer_state
M19C_S3_artificial_turf_B1_U060_R1,2755.784619004,6.666777761,command,0.600000,-6.427283764,-43.804771423,-0.607273519,0.046665192,-0.074091382,-0.605441749,ros2_odometer_state
M19C_S3_artificial_turf_B1_U060_R1,2755.786118488,6.668277245,command,0.600000,-6.427283764,-43.804771423,-0.607273519,0.046665192,-0.074091382,-0.605441749,ros2_odometer_state
M19C_S3_artificial_turf_B1_U060_R1,2755.788438452,6.670597209,command,0.600000,-6.427283764,-43.804771423,-0.607273519,0.048058923,-0.075189628,-0.604828298,ros2_odometer_state
M19C_S3_artificial_turf_B1_U060_R1,2755.794547527,6.676706284,command,0.600000,-6.427283764,-43.804771423,-0.607273519,0.050529264,-0.077634364,-0.602863789,ros2_odometer_state
M19C_S3_artificial_turf_B1_U060_R1,2755.796827041,6.678985798,command,0.600000,-6.427283764,-43.804771423,-0.607273519,0.051456045,-0.078920253,-0.601946175,ros2_odometer_state
M19C_S3_artificial_turf_B1_U060_R1,2755.799811320,6.681970077,command,0.600000,-6.427283764,-43.804771423,-0.607273519,0.052284755,-0.080146044,-0.601408541,ros2_odometer_state
M19C_S3_artificial_turf_B1_U060_R1,2755.801505723,6.683664480,command,0.600000,-6.427283764,-43.804771423,-0.607273519,0.052284755,-0.080146044,-0.601408541,ros2_odometer_state
M19C_S3_artificial_turf_B1_U060_R1,2755.802908147,6.685066904,command,0.600000,-6.410613060,-43.817195892,-0.601091623,0.053008124,-0.081292443,-0.601091623,ros2_odometer_state
M19C_S3_artificial_turf_B1_U060_R1,2755.804468113,6.686626870,command,0.600000,-6.410613060,-43.817195892,-0.601091623,0.053648766,-0.082316197,-0.600848317,ros2_odometer_state
M19C_S3_artificial_turf_B1_U060_R1,2755.805399158,6.687557915,command,0.600000,-6.410613060,-43.817195892,-0.601091623,0.054283492,-0.083239943,-0.600513458,ros2_odometer_state
M19C_S3_artificial_turf_B1_U060_R1,2755.807070105,6.689228862,command,0.600000,-6.410613060,-43.817195892,-0.601091623,0.054858312,-0.084088631,-0.600050330,ros2_odometer_state
M19C_S3_artificial_turf_B1_U060_R1,2755.808389613,6.690548370,command,0.600000,-6.410613060,-43.817195892,-0.601091623,0.055289969,-0.084787354,-0.599745750,ros2_odometer_state
M19C_S3_artificial_turf_B1_U060_R1,2755.810183156,6.692341913,command,0.600000,-6.410613060,-43.817195892,-0.601091623,0.055602461,-0.085294090,-0.599764287,ros2_odometer_state
M19C_S3_artificial_turf_B1_U060_R1,2755.811393828,6.693552585,command,0.600000,-6.410613060,-43.817195892,-0.601091623,0.055788677,-0.085660011,-0.599968374,ros2_odometer_state
M19C_S3_artificial_turf_B1_U060_R1,2755.815025269,6.697184026,command,0.600000,-6.410613060,-43.817195892,-0.601091623,0.055653024,-0.086310975,-0.600011468,ros2_odometer_state
M19C_S3_artificial_turf_B1_U060_R1,2755.815512872,6.697671629,command,0.600000,-6.410613060,-43.817195892,-0.601091623,0.055653024,-0.086310975,-0.600011468,ros2_odometer_state
M19C_S3_artificial_turf_B1_U060_R1,2755.817671454,6.699830211,command,0.600000,-6.410613060,-43.817195892,-0.601091623,0.055248838,-0.086700693,-0.599875808,ros2_odometer_state
M19C_S3_artificial_turf_B1_U060_R1,2755.819089206,6.701247963,command,0.600000,-6.397045612,-43.831699371,-0.599832892,0.054653659,-0.087206535,-0.599832892,ros2_odometer_state
M19C_S3_artificial_turf_B1_U060_R1,2755.820214083,6.702372840,command,0.600000,-6.397045612,-43.831699371,-0.599832892,0.053950906,-0.087889709,-0.599769235,ros2_odometer_state
M19C_S3_artificial_turf_B1_U060_R1,2755.824065180,6.706223937,command,0.600000,-6.397045612,-43.831699371,-0.599832892,0.052340060,-0.089679189,-0.599190712,ros2_odometer_state
M19C_S3_artificial_turf_B1_U060_R1,2755.825086597,6.707245354,command,0.600000,-6.397045612,-43.831699371,-0.599832892,0.051484916,-0.090706676,-0.598773539,ros2_odometer_state
M19C_S3_artificial_turf_B1_U060_R1,2755.826750887,6.708909644,command,0.600000,-6.397045612,-43.831699371,-0.599832892,0.050603878,-0.091729000,-0.598293006,ros2_odometer_state
M19C_S3_artificial_turf_B1_U060_R1,2755.828660403,6.710819160,command,0.600000,-6.397045612,-43.831699371,-0.599832892,0.049726434,-0.092631102,-0.597647965,ros2_odometer_state
M19C_S3_artificial_turf_B1_U060_R1,2755.830585823,6.712744580,command,0.600000,-6.397045612,-43.831699371,-0.599832892,0.048879690,-0.093389258,-0.596808255,ros2_odometer_state
M19C_S3_artificial_turf_B1_U060_R1,2755.832808728,6.714967485,command,0.600000,-6.397045612,-43.831699371,-0.599832892,0.048091166,-0.094063304,-0.595890522,ros2_odometer_state
M19C_S3_artificial_turf_B1_U060_R1,2755.834622656,6.716781413,command,0.600000,-6.397045612,-43.831699371,-0.599832892,0.047387000,-0.094710760,-0.595059037,ros2_odometer_state
M19C_S3_artificial_turf_B1_U060_R1,2755.837175557,6.719334314,command,0.600000,-6.397045612,-43.831699371,-0.599832892,0.046767343,-0.095290400,-0.594323158,ros2_odometer_state
M19C_S3_artificial_turf_B1_U060_R1,2755.838273553,6.720432310,command,0.600000,-6.385314941,-43.848491669,-0.594323158,0.046767343,-0.095290400,-0.594323158,ros2_odometer_state
M19C_S3_artificial_turf_B1_U060_R1,2755.841040447,6.723199204,command,0.600000,-6.385314941,-43.848491669,-0.594323158,0.045567878,-0.096166030,-0.592956603,ros2_odometer_state
M19C_S3_artificial_turf_B1_U060_R1,2755.843298169,6.725456926,command,0.600000,-6.385314941,-43.848491669,-0.594323158,0.044964455,-0.096503869,-0.592305541,ros2_odometer_state
M19C_S3_artificial_turf_B1_U060_R1,2755.844786260,6.726945017,command,0.600000,-6.385314941,-43.848491669,-0.594323158,0.044398148,-0.096818261,-0.591610610,ros2_odometer_state
M19C_S3_artificial_turf_B1_U060_R1,2755.846961771,6.729120528,command,0.600000,-6.385314941,-43.848491669,-0.594323158,0.043908350,-0.097097918,-0.590941548,ros2_odometer_state
M19C_S3_artificial_turf_B1_U060_R1,2755.848881175,6.731039932,command,0.600000,-6.385314941,-43.848491669,-0.594323158,0.043484636,-0.097295418,-0.590342104,ros2_odometer_state
M19C_S3_artificial_turf_B1_U060_R1,2755.850725760,6.732884517,command,0.600000,-6.385314941,-43.848491669,-0.594323158,0.043105707,-0.097384728,-0.589774787,ros2_odometer_state
M19C_S3_artificial_turf_B1_U060_R1,2755.853155713,6.735314470,command,0.600000,-6.385314941,-43.848491669,-0.594323158,0.042778198,-0.097381845,-0.589231789,ros2_odometer_state
M19C_S3_artificial_turf_B1_U060_R1,2755.855264757,6.737423514,command,0.600000,-6.385314941,-43.848491669,-0.594323158,0.042509478,-0.097334251,-0.588745415,ros2_odometer_state
M19C_S3_artificial_turf_B1_U060_R1,2755.857146879,6.739305636,command,0.600000,-6.385314941,-43.848491669,-0.594323158,0.042298518,-0.097349890,-0.588361979,ros2_odometer_state
M19C_S3_artificial_turf_B1_U060_R1,2755.858333263,6.740492020,command,0.600000,-6.373476505,-43.865161896,-0.588361979,0.042298518,-0.097349890,-0.588361979,ros2_odometer_state
M19C_S3_artificial_turf_B1_U060_R1,2755.860823410,6.742982167,command,0.600000,-6.373476505,-43.865161896,-0.588361979,0.042148419,-0.097504273,-0.588104010,ros2_odometer_state
M19C_S3_artificial_turf_B1_U060_R1,2755.863372727,6.745531484,command,0.600000,-6.373476505,-43.865161896,-0.588361979,0.042018227,-0.098062180,-0.587810457,ros2_odometer_state
M19C_S3_artificial_turf_B1_U060_R1,2755.864780463,6.746939220,command,0.600000,-6.373476505,-43.865161896,-0.588361979,0.041941971,-0.098538816,-0.587656617,ros2_odometer_state
M19C_S3_artificial_turf_B1_U060_R1,2755.866834593,6.748993350,command,0.600000,-6.373476505,-43.865161896,-0.588361979,0.041941971,-0.098538816,-0.587656617,ros2_odometer_state
M19C_S3_artificial_turf_B1_U060_R1,2755.868833520,6.750992277,command,0.600000,-6.373476505,-43.865161896,-0.588361979,0.041886546,-0.098660916,-0.587597907,ros2_odometer_state
M19C_S3_artificial_turf_B1_U060_R1,2755.870722107,6.752880864,command,0.600000,-6.373476505,-43.865161896,-0.588361979,0.041688222,-0.098666087,-0.587293386,ros2_odometer_state
M19C_S3_artificial_turf_B1_U060_R1,2755.872725899,6.754884656,command,0.600000,-6.373476505,-43.865161896,-0.588361979,0.041562248,-0.098630518,-0.587108850,ros2_odometer_state
M19C_S3_artificial_turf_B1_U060_R1,2755.874731131,6.756889888,command,0.600000,-6.373476505,-43.865161896,-0.588361979,0.041435760,-0.098603435,-0.586941421,ros2_odometer_state
M19C_S3_artificial_turf_B1_U060_R1,2755.876869296,6.759028053,command,0.600000,-6.373476505,-43.865161896,-0.588361979,0.041435760,-0.098603435,-0.586941421,ros2_odometer_state
M19C_S3_artificial_turf_B1_U060_R1,2755.878789532,6.760948289,command,0.600000,-6.362760067,-43.879146576,-0.586941421,0.041315604,-0.098609582,-0.586829364,ros2_odometer_state
M19C_S3_artificial_turf_B1_U060_R1,2755.880796748,6.762955505,command,0.600000,-6.362760067,-43.879146576,-0.586941421,0.041136537,-0.098880328,-0.586786389,ros2_odometer_state
M19C_S3_artificial_turf_B1_U060_R1,2755.883416436,6.765575193,command,0.600000,-6.362760067,-43.879146576,-0.586941421,0.041063081,-0.099105887,-0.586858571,ros2_odometer_state
M19C_S3_artificial_turf_B1_U060_R1,2755.884887694,6.767046451,command,0.600000,-6.362760067,-43.879146576,-0.586941421,0.040979426,-0.099302284,-0.586956561,ros2_odometer_state
M19C_S3_artificial_turf_B1_U060_R1,2755.886826587,6.768985344,command,0.600000,-6.362760067,-43.879146576,-0.586941421,0.040893875,-0.099416628,-0.587025523,ros2_odometer_state
M19C_S3_artificial_turf_B1_U060_R1,2755.888865965,6.771024722,command,0.600000,-6.362760067,-43.879146576,-0.586941421,0.040807791,-0.099427804,-0.587042570,ros2_odometer_state
M19C_S3_artificial_turf_B1_U060_R1,2755.890883645,6.773042402,command,0.600000,-6.362760067,-43.879146576,-0.586941421,0.040709734,-0.099358171,-0.587057948,ros2_odometer_state
M19C_S3_artificial_turf_B1_U060_R1,2755.892863788,6.775022545,command,0.600000,-6.362760067,-43.879146576,-0.586941421,0.040621292,-0.099270336,-0.587104142,ros2_odometer_state
M19C_S3_artificial_turf_B1_U060_R1,2755.894765047,6.776923804,command,0.600000,-6.362760067,-43.879146576,-0.586941421,0.040576886,-0.099235579,-0.587206125,ros2_odometer_state
M19C_S3_artificial_turf_B1_U060_R1,2755.896850474,6.779009231,command,0.600000,-6.362760067,-43.879146576,-0.586941421,0.040600538,-0.099318780,-0.587449610,ros2_odometer_state
M19C_S3_artificial_turf_B1_U060_R1,2755.898889147,6.781047904,command,0.600000,-6.352128506,-43.892143250,-0.587449610,0.040737443,-0.099552415,-0.587952673,ros2_odometer_state
M19C_S3_artificial_turf_B1_U060_R1,2755.900871274,6.783030031,command,0.600000,-6.352128506,-43.892143250,-0.587449610,0.040971987,-0.099882893,-0.588605285,ros2_odometer_state
M19C_S3_artificial_turf_B1_U060_R1,2755.904104778,6.786263535,command,0.600000,-6.352128506,-43.892143250,-0.587449610,0.041235670,-0.100191504,-0.589130104,ros2_odometer_state
M19C_S3_artificial_turf_B1_U060_R1,2755.904453720,6.786612477,command,0.600000,-6.352128506,-43.892143250,-0.587449610,0.041235670,-0.100191504,-0.589130104,ros2_odometer_state
M19C_S3_artificial_turf_B1_U060_R1,2755.906820502,6.788979259,command,0.600000,-6.352128506,-43.892143250,-0.587449610,0.041648030,-0.100430563,-0.589830697,ros2_odometer_state
M19C_S3_artificial_turf_B1_U060_R1,2755.908780996,6.790939753,command,0.600000,-6.352128506,-43.892143250,-0.587449610,0.041856136,-0.100422010,-0.590298831,ros2_odometer_state
M19C_S3_artificial_turf_B1_U060_R1,2755.910999261,6.793158018,command,0.600000,-6.352128506,-43.892143250,-0.587449610,0.042091683,-0.100388765,-0.590771317,ros2_odometer_state
M19C_S3_artificial_turf_B1_U060_R1,2755.913047118,6.795205875,command,0.600000,-6.352128506,-43.892143250,-0.587449610,0.042332355,-0.100364536,-0.591266274,ros2_odometer_state
M19C_S3_artificial_turf_B1_U060_R1,2755.914996795,6.797155552,command,0.600000,-6.352128506,-43.892143250,-0.587449610,0.042589851,-0.100392573,-0.591878057,ros2_odometer_state
M19C_S3_artificial_turf_B1_U060_R1,2755.916956937,6.799115694,command,0.600000,-6.352128506,-43.892143250,-0.587449610,0.042864166,-0.100517347,-0.592620790,ros2_odometer_state
M19C_S3_artificial_turf_B1_U060_R1,2755.918998043,6.801156800,command,0.600000,-6.341507912,-43.903400421,-0.592620790,0.043144155,-0.100720540,-0.593429387,ros2_odometer_state
M19C_S3_artificial_turf_B1_U060_R1,2755.920141896,6.802300653,command,0.600000,-6.341507912,-43.903400421,-0.592620790,0.043144155,-0.100720540,-0.593429387,ros2_odometer_state
M19C_S3_artificial_turf_B1_U060_R1,2755.923508846,6.805667603,command,0.600000,-6.341507912,-43.903400421,-0.592620790,0.043714751,-0.101121329,-0.595059872,ros2_odometer_state
M19C_S3_artificial_turf_B1_U060_R1,2755.924888453,6.807047210,command,0.600000,-6.341507912,-43.903400421,-0.592620790,0.044001218,-0.101269603,-0.595878482,ros2_odometer_state
M19C_S3_artificial_turf_B1_U060_R1,2755.926926646,6.809085403,command,0.600000,-6.341507912,-43.903400421,-0.592620790,0.044263270,-0.101340003,-0.596672773,ros2_odometer_state
M19C_S3_artificial_turf_B1_U060_R1,2755.929482235,6.811640992,command,0.600000,-6.341507912,-43.903400421,-0.592620790,0.044497065,-0.101344593,-0.597443581,ros2_odometer_state
M19C_S3_artificial_turf_B1_U060_R1,2755.931404968,6.813563725,command,0.600000,-6.341507912,-43.903400421,-0.592620790,0.044741698,-0.101313330,-0.598212540,ros2_odometer_state
M19C_S3_artificial_turf_B1_U060_R1,2755.932970470,6.815129227,command,0.600000,-6.341507912,-43.903400421,-0.592620790,0.045010883,-0.101274259,-0.598998725,ros2_odometer_state
M19C_S3_artificial_turf_B1_U060_R1,2755.934847953,6.817006710,command,0.600000,-6.341507912,-43.903400421,-0.592620790,0.045285679,-0.101242974,-0.599816740,ros2_odometer_state
M19C_S3_artificial_turf_B1_U060_R1,2755.936923811,6.819082568,command,0.600000,-6.341507912,-43.903400421,-0.592620790,0.045556523,-0.101206437,-0.600648344,ros2_odometer_state
M19C_S3_artificial_turf_B1_U060_R1,2755.938184149,6.820342906,command,0.600000,-6.330592155,-43.913528442,-0.600648344,0.045556523,-0.101206437,-0.600648344,ros2_odometer_state
M19C_S3_artificial_turf_B1_U060_R1,2755.940240839,6.822399596,command,0.600000,-6.330592155,-43.913528442,-0.600648344,0.045816991,-0.101170465,-0.601504147,ros2_odometer_state
M19C_S3_artificial_turf_B1_U060_R1,2755.942778796,6.824937553,command,0.600000,-6.330592155,-43.913528442,-0.600648344,0.046054590,-0.101139896,-0.602411687,ros2_odometer_state
M19C_S3_artificial_turf_B1_U060_R1,2755.944478480,6.826637237,command,0.600000,-6.330592155,-43.913528442,-0.600648344,0.046251994,-0.101114199,-0.603353202,ros2_odometer_state
M19C_S3_artificial_turf_B1_U060_R1,2755.946420381,6.828579138,command,0.600000,-6.330592155,-43.913528442,-0.600648344,0.046418682,-0.101080738,-0.604287028,ros2_odometer_state
M19C_S3_artificial_turf_B1_U060_R1,2755.948418476,6.830577233,command,0.600000,-6.330592155,-43.913528442,-0.600648344,0.046571866,-0.101024777,-0.605166078,ros2_odometer_state
M19C_S3_artificial_turf_B1_U060_R1,2755.950458397,6.832617154,command,0.600000,-6.330592155,-43.913528442,-0.600648344,0.046693567,-0.100938864,-0.605981171,ros2_odometer_state
M19C_S3_artificial_turf_B1_U060_R1,2755.952211747,6.834370504,command,0.600000,-6.330592155,-43.913528442,-0.600648344,0.046772245,-0.100826569,-0.606782734,ros2_odometer_state
M19C_S3_artificial_turf_B1_U060_R1,2755.955368833,6.837527590,command,0.600000,-6.330592155,-43.913528442,-0.600648344,0.046827950,-0.100562252,-0.608369648,ros2_odometer_state
M19C_S3_artificial_turf_B1_U060_R1,2755.956318054,6.838476811,command,0.600000,-6.330592155,-43.913528442,-0.600648344,0.046827950,-0.100562252,-0.608369648,ros2_odometer_state
M19C_S3_artificial_turf_B1_U060_R1,2755.958930126,6.841088883,command,0.600000,-6.320203304,-43.923595428,-0.609104633,0.046822060,-0.100195229,-0.609797120,ros2_odometer_state
M19C_S3_artificial_turf_B1_U060_R1,2755.961011617,6.843170374,command,0.600000,-6.320203304,-43.923595428,-0.609104633,0.046818011,-0.099991374,-0.610446393,ros2_odometer_state
M19C_S3_artificial_turf_B1_U060_R1,2755.963474595,6.845633352,command,0.600000,-6.320203304,-43.923595428,-0.609104633,0.046789695,-0.099800631,-0.611062109,ros2_odometer_state
M19C_S3_artificial_turf_B1_U060_R1,2755.965508148,6.847666905,command,0.600000,-6.320203304,-43.923595428,-0.609104633,0.046702959,-0.099641979,-0.611644268,ros2_odometer_state
M19C_S3_artificial_turf_B1_U060_R1,2755.966566846,6.848725603,command,0.600000,-6.320203304,-43.923595428,-0.609104633,0.046702959,-0.099641979,-0.611644268,ros2_odometer_state
M19C_S3_artificial_turf_B1_U060_R1,2755.969143140,6.851301897,command,0.600000,-6.320203304,-43.923595428,-0.609104633,0.046314280,-0.099458523,-0.612711489,ros2_odometer_state
M19C_S3_artificial_turf_B1_U060_R1,2755.971171093,6.853329850,command,0.600000,-6.320203304,-43.923595428,-0.609104633,0.046024613,-0.099403568,-0.613132238,ros2_odometer_state
M19C_S3_artificial_turf_B1_U060_R1,2755.972231135,6.854389892,command,0.600000,-6.320203304,-43.923595428,-0.609104633,0.046024613,-0.099403568,-0.613132238,ros2_odometer_state
M19C_S3_artificial_turf_B1_U060_R1,2755.975127282,6.857286039,command,0.600000,-6.320203304,-43.923595428,-0.609104633,0.045415137,-0.099276267,-0.613727868,ros2_odometer_state
M19C_S3_artificial_turf_B1_U060_R1,2755.976266655,6.858425412,command,0.600000,-6.320203304,-43.923595428,-0.609104633,0.045415137,-0.099276267,-0.613727868,ros2_odometer_state
M19C_S3_artificial_turf_B1_U060_R1,2755.978504344,6.860663101,command,0.600000,-6.309693813,-43.933959961,-0.613969207,0.045109775,-0.099182010,-0.613969207,ros2_odometer_state
M19C_S3_artificial_turf_B1_U060_R1,2755.980712752,6.862871509,command,0.600000,-6.309693813,-43.933959961,-0.613969207,0.044789802,-0.099062935,-0.614249468,ros2_odometer_state
M19C_S3_artificial_turf_B1_U060_R1,2755.982963434,6.865122191,command,0.600000,-6.309693813,-43.933959961,-0.613969207,0.044431556,-0.098918542,-0.614569783,ros2_odometer_state
M19C_S3_artificial_turf_B1_U060_R1,2755.984373858,6.866532615,command,0.600000,-6.309693813,-43.933959961,-0.613969207,0.044011109,-0.098759927,-0.614914656,ros2_odometer_state
M19C_S3_artificial_turf_B1_U060_R1,2755.987132943,6.869291700,command,0.600000,-6.309693813,-43.933959961,-0.613969207,0.043046851,-0.098504335,-0.615483344,ros2_odometer_state
M19C_S3_artificial_turf_B1_U060_R1,2755.988977785,6.871136542,command,0.600000,-6.309693813,-43.933959961,-0.613969207,0.042558201,-0.098435983,-0.615629971,ros2_odometer_state
M19C_S3_artificial_turf_B1_U060_R1,2755.990919110,6.873077867,command,0.600000,-6.309693813,-43.933959961,-0.613969207,0.042077370,-0.098377906,-0.615674257,ros2_odometer_state
M19C_S3_artificial_turf_B1_U060_R1,2755.992927990,6.875086747,command,0.600000,-6.309693813,-43.933959961,-0.613969207,0.041585047,-0.098318845,-0.615633190,ros2_odometer_state
M19C_S3_artificial_turf_B1_U060_R1,2755.994919813,6.877078570,command,0.600000,-6.309693813,-43.933959961,-0.613969207,0.041062467,-0.098268829,-0.615531325,ros2_odometer_state
M19C_S3_artificial_turf_B1_U060_R1,2755.996972471,6.879131228,command,0.600000,-6.309693813,-43.933959961,-0.613969207,0.040495392,-0.098208681,-0.615424931,ros2_odometer_state
M19C_S3_artificial_turf_B1_U060_R1,2755.998975238,6.881133995,command,0.600000,-6.298418999,-43.945343018,-0.615424931,0.039884318,-0.098129630,-0.615369558,ros2_odometer_state
M19C_S3_artificial_turf_B1_U060_R1,2756.001022104,6.883180861,command,0.600000,-6.298418999,-43.945343018,-0.615424931,0.039272614,-0.098053373,-0.615345061,ros2_odometer_state
M19C_S3_artificial_turf_B1_U060_R1,2756.002834912,6.884993669,command,0.600000,-6.298418999,-43.945343018,-0.615424931,0.039272614,-0.098053373,-0.615345061,ros2_odometer_state
M19C_S3_artificial_turf_B1_U060_R1,2756.005081945,6.887240702,command,0.600000,-6.298418999,-43.945343018,-0.615424931,0.038094781,-0.098012105,-0.615200043,ros2_odometer_state
M19C_S3_artificial_turf_B1_U060_R1,2756.007187981,6.889346738,command,0.600000,-6.298418999,-43.945343018,-0.615424931,0.037493657,-0.098050587,-0.615045846,ros2_odometer_state
M19C_S3_artificial_turf_B1_U060_R1,2756.009014805,6.891173562,command,0.600000,-6.298418999,-43.945343018,-0.615424931,0.036839694,-0.098107681,-0.614814758,ros2_odometer_state
M19C_S3_artificial_turf_B1_U060_R1,2756.011062279,6.893221036,command,0.600000,-6.298418999,-43.945343018,-0.615424931,0.036107138,-0.098149404,-0.614481449,ros2_odometer_state
M19C_S3_artificial_turf_B1_U060_R1,2756.012263255,6.894422012,command,0.600000,-6.298418999,-43.945343018,-0.615424931,0.036107138,-0.098149404,-0.614481449,ros2_odometer_state
M19C_S3_artificial_turf_B1_U060_R1,2756.014416012,6.896574769,command,0.600000,-6.298418999,-43.945343018,-0.615424931,0.035333205,-0.098166160,-0.614066899,ros2_odometer_state
M19C_S3_artificial_turf_B1_U060_R1,2756.019180330,6.901339087,command,0.600000,-6.298418999,-43.945343018,-0.615424931,0.034592845,-0.098185852,-0.613632500,ros2_odometer_state
M19C_S3_artificial_turf_B1_U060_R1,2756.020367961,6.902526718,command,0.600000,-6.287678719,-43.957252502,-0.613207459,0.033910200,-0.098225713,-0.613207459,ros2_odometer_state
M19C_S3_artificial_turf_B1_U060_R1,2756.021282205,6.903440962,command,0.600000,-6.287678719,-43.957252502,-0.613207459,0.033239625,-0.098250486,-0.612800062,ros2_odometer_state
M19C_S3_artificial_turf_B1_U060_R1,2756.023006882,6.905165639,command,0.600000,-6.287678719,-43.957252502,-0.613207459,0.032549657,-0.098236576,-0.612425327,ros2_odometer_state
M19C_S3_artificial_turf_B1_U060_R1,2756.025076020,6.907234777,command,0.600000,-6.287678719,-43.957252502,-0.613207459,0.031068351,-0.098176673,-0.611697137,ros2_odometer_state
M19C_S3_artificial_turf_B1_U060_R1,2756.026325894,6.908484651,command,0.600000,-6.287678719,-43.957252502,-0.613207459,0.031068351,-0.098176673,-0.611697137,ros2_odometer_state
M19C_S3_artificial_turf_B1_U060_R1,2756.029016817,6.911175574,command,0.600000,-6.287678719,-43.957252502,-0.613207459,0.029522391,-0.098299026,-0.610933721,ros2_odometer_state
M19C_S3_artificial_turf_B1_U060_R1,2756.030279971,6.912438728,command,0.600000,-6.287678719,-43.957252502,-0.613207459,0.029522391,-0.098299026,-0.610933721,ros2_odometer_state
M19C_S3_artificial_turf_B1_U060_R1,2756.033145813,6.915304570,command,0.600000,-6.287678719,-43.957252502,-0.613207459,0.028110756,-0.098659955,-0.610006452,ros2_odometer_state
M19C_S3_artificial_turf_B1_U060_R1,2756.035188422,6.917347179,command,0.600000,-6.287678719,-43.957252502,-0.613207459,0.027401164,-0.098825514,-0.609456420,ros2_odometer_state
M19C_S3_artificial_turf_B1_U060_R1,2756.037163637,6.919322394,command,0.600000,-6.287678719,-43.957252502,-0.613207459,0.026689297,-0.098941393,-0.608917296,ros2_odometer_state
M19C_S3_artificial_turf_B1_U060_R1,2756.039204358,6.921363115,command,0.600000,-6.274567127,-43.968940735,-0.608917296,0.025956169,-0.098973788,-0.608448863,ros2_odometer_state
M19C_S3_artificial_turf_B1_U060_R1,2756.041361179,6.923519936,command,0.600000,-6.274567127,-43.968940735,-0.608917296,0.025188880,-0.098927684,-0.608071804,ros2_odometer_state
M19C_S3_artificial_turf_B1_U060_R1,2756.044591868,6.926750625,command,0.600000,-6.274567127,-43.968940735,-0.608917296,0.024407519,-0.098849632,-0.607737660,ros2_odometer_state
M19C_S3_artificial_turf_B1_U060_R1,2756.045491328,6.927650085,command,0.600000,-6.274567127,-43.968940735,-0.608917296,0.023653256,-0.098798402,-0.607364178,ros2_odometer_state
M19C_S3_artificial_turf_B1_U060_R1,2756.047743001,6.929901758,command,0.600000,-6.274567127,-43.968940735,-0.608917296,0.022974050,-0.098796725,-0.606930256,ros2_odometer_state
M19C_S3_artificial_turf_B1_U060_R1,2756.049235829,6.931394586,command,0.600000,-6.274567127,-43.968940735,-0.608917296,0.022400958,-0.098828137,-0.606466830,ros2_odometer_state
M19C_S3_artificial_turf_B1_U060_R1,2756.051738104,6.933896861,command,0.600000,-6.274567127,-43.968940735,-0.608917296,0.021910787,-0.098841980,-0.606025517,ros2_odometer_state
M19C_S3_artificial_turf_B1_U060_R1,2756.052470773,6.934629530,command,0.600000,-6.274567127,-43.968940735,-0.608917296,0.021910787,-0.098841980,-0.606025517,ros2_odometer_state
M19C_S3_artificial_turf_B1_U060_R1,2756.055269252,6.937428009,command,0.600000,-6.274567127,-43.968940735,-0.608917296,0.021070926,-0.098818079,-0.605333865,ros2_odometer_state
M19C_S3_artificial_turf_B1_U060_R1,2756.056998089,6.939156846,command,0.600000,-6.274567127,-43.968940735,-0.608917296,0.021070926,-0.098818079,-0.605333865,ros2_odometer_state
M19C_S3_artificial_turf_B1_U060_R1,2756.059447627,6.941606384,command,0.600000,-6.262472153,-43.980125427,-0.605155408,0.020409971,-0.098768935,-0.605078340,ros2_odometer_state
M19C_S3_artificial_turf_B1_U060_R1,2756.061318421,6.943477178,command,0.600000,-6.262472153,-43.980125427,-0.605155408,0.020120755,-0.098717213,-0.605094314,ros2_odometer_state
M19C_S3_artificial_turf_B1_U060_R1,2756.063822232,6.945980989,command,0.600000,-6.262472153,-43.980125427,-0.605155408,0.019847726,-0.098623514,-0.605173886,ros2_odometer_state
M19C_S3_artificial_turf_B1_U060_R1,2756.064513236,6.946671993,command,0.600000,-6.262472153,-43.980125427,-0.605155408,0.019847726,-0.098623514,-0.605173886,ros2_odometer_state
M19C_S3_artificial_turf_B1_U060_R1,2756.067338308,6.949497065,command,0.600000,-6.262472153,-43.980125427,-0.605155408,0.019344321,-0.098411873,-0.605316222,ros2_odometer_state
M19C_S3_artificial_turf_B1_U060_R1,2756.068407599,6.950566356,command,0.600000,-6.262472153,-43.980125427,-0.605155408,0.019344321,-0.098411873,-0.605316222,ros2_odometer_state
M19C_S3_artificial_turf_B1_U060_R1,2756.070384669,6.952543426,command,0.600000,-6.262472153,-43.980125427,-0.605155408,0.019162603,-0.098357067,-0.605424523,ros2_odometer_state
M19C_S3_artificial_turf_B1_U060_R1,2756.076456847,6.958615604,command,0.600000,-6.262472153,-43.980125427,-0.605155408,0.018906558,-0.098361351,-0.605793476,ros2_odometer_state
M19C_S3_artificial_turf_B1_U060_R1,2756.077361427,6.959520184,command,0.600000,-6.262472153,-43.980125427,-0.605155408,0.018826997,-0.098411590,-0.606001377,ros2_odometer_state
M19C_S3_artificial_turf_B1_U060_R1,2756.078206900,6.960365657,command,0.600000,-6.262472153,-43.980125427,-0.605155408,0.018769188,-0.098454982,-0.606225252,ros2_odometer_state
M19C_S3_artificial_turf_B1_U060_R1,2756.078578947,6.960737704,command,0.600000,-6.249453068,-43.991203308,-0.606225252,0.018769188,-0.098454982,-0.606225252,ros2_odometer_state
M19C_S3_artificial_turf_B1_U060_R1,2756.080650261,6.962809018,command,0.600000,-6.249453068,-43.991203308,-0.606225252,0.018709015,-0.098449878,-0.606503427,ros2_odometer_state
M19C_S3_artificial_turf_B1_U060_R1,2756.083980154,6.966138911,command,0.600000,-6.249453068,-43.991203308,-0.606225252,0.018609179,-0.098252445,-0.607243955,ros2_odometer_state
M19C_S3_artificial_turf_B1_U060_R1,2756.085350000,6.967508757,command,0.600000,-6.249453068,-43.991203308,-0.606225252,0.018574188,-0.098095782,-0.607684731,ros2_odometer_state
M19C_S3_artificial_turf_B1_U060_R1,2756.088534991,6.970693748,command,0.600000,-6.249453068,-43.991203308,-0.606225252,0.018574188,-0.098095782,-0.607684731,ros2_odometer_state
M19C_S3_artificial_turf_B1_U060_R1,2756.089585785,6.971744542,command,0.600000,-6.249453068,-43.991203308,-0.606225252,0.018542744,-0.097955890,-0.608120561,ros2_odometer_state
M19C_S3_artificial_turf_B1_U060_R1,2756.090711813,6.972870570,command,0.600000,-6.249453068,-43.991203308,-0.606225252,0.018524667,-0.097831719,-0.608542323,ros2_odometer_state
M19C_S3_artificial_turf_B1_U060_R1,2756.093267211,6.975425968,command,0.600000,-6.249453068,-43.991203308,-0.606225252,0.018499395,-0.097573586,-0.609353185,ros2_odometer_state
M19C_S3_artificial_turf_B1_U060_R1,2756.095248122,6.977406879,command,0.600000,-6.249453068,-43.991203308,-0.606225252,0.018456770,-0.097400397,-0.609697461,ros2_odometer_state
M19C_S3_artificial_turf_B1_U060_R1,2756.097294379,6.979453136,command,0.600000,-6.249453068,-43.991203308,-0.606225252,0.018381916,-0.097181864,-0.610026002,ros2_odometer_state
M19C_S3_artificial_turf_B1_U060_R1,2756.099309627,6.981468384,command,0.600000,-6.235363007,-44.001281738,-0.610026002,0.018292015,-0.096923187,-0.610361695,ros2_odometer_state
M19C_S3_artificial_turf_B1_U060_R1,2756.101249352,6.983408109,command,0.600000,-6.235363007,-44.001281738,-0.610026002,0.018188881,-0.096644618,-0.610719442,ros2_odometer_state
M19C_S3_artificial_turf_B1_U060_R1,2756.103866224,6.986024981,command,0.600000,-6.235363007,-44.001281738,-0.610026002,0.018091897,-0.096353024,-0.611087561,ros2_odometer_state
M19C_S3_artificial_turf_B1_U060_R1,2756.105479025,6.987637782,command,0.600000,-6.235363007,-44.001281738,-0.610026002,0.018005520,-0.096061766,-0.611458659,ros2_odometer_state
M19C_S3_artificial_turf_B1_U060_R1,2756.106563388,6.988722145,command,0.600000,-6.235363007,-44.001281738,-0.610026002,0.018005520,-0.096061766,-0.611458659,ros2_odometer_state
M19C_S3_artificial_turf_B1_U060_R1,2756.109535474,6.991694231,command,0.600000,-6.235363007,-44.001281738,-0.610026002,0.017833609,-0.095515512,-0.612101257,ros2_odometer_state
M19C_S3_artificial_turf_B1_U060_R1,2756.110520025,6.992678782,command,0.600000,-6.235363007,-44.001281738,-0.610026002,0.017833609,-0.095515512,-0.612101257,ros2_odometer_state
M19C_S3_artificial_turf_B1_U060_R1,2756.113276423,6.995435180,command,0.600000,-6.235363007,-44.001281738,-0.610026002,0.017565418,-0.094951399,-0.612638772,ros2_odometer_state
M19C_S3_artificial_turf_B1_U060_R1,2756.115267798,6.997426555,command,0.600000,-6.235363007,-44.001281738,-0.610026002,0.017375216,-0.094626799,-0.612901151,ros2_odometer_state
M19C_S3_artificial_turf_B1_U060_R1,2756.116610411,6.998769168,command,0.600000,-6.235363007,-44.001281738,-0.610026002,0.017375216,-0.094626799,-0.612901151,ros2_odometer_state
M19C_S3_artificial_turf_B1_U060_R1,2756.119876973,7.002035730,command,0.600000,-6.221255302,-44.011161804,-0.613109410,0.016807942,-0.093995608,-0.613261640,ros2_odometer_state
M19C_S3_artificial_turf_B1_U060_R1,2756.121684565,7.003843322,command,0.600000,-6.221255302,-44.011161804,-0.613109410,0.016443459,-0.093722537,-0.613381863,ros2_odometer_state
M19C_S3_artificial_turf_B1_U060_R1,2756.124128374,7.006287131,command,0.600000,-6.221255302,-44.011161804,-0.613109410,0.016022522,-0.093474060,-0.613496244,ros2_odometer_state
M19C_S3_artificial_turf_B1_U060_R1,2756.125593680,7.007752437,command,0.600000,-6.221255302,-44.011161804,-0.613109410,0.015563212,-0.093253389,-0.613598228,ros2_odometer_state
M19C_S3_artificial_turf_B1_U060_R1,2756.127598848,7.009757605,command,0.600000,-6.221255302,-44.011161804,-0.613109410,0.015073915,-0.093059540,-0.613674521,ros2_odometer_state
M19C_S3_artificial_turf_B1_U060_R1,2756.129416552,7.011575309,command,0.600000,-6.221255302,-44.011161804,-0.613109410,0.014539813,-0.092896484,-0.613696218,ros2_odometer_state
M19C_S3_artificial_turf_B1_U060_R1,2756.131251569,7.013410326,command,0.600000,-6.221255302,-44.011161804,-0.613109410,0.013949374,-0.092756875,-0.613662064,ros2_odometer_state
M19C_S3_artificial_turf_B1_U060_R1,2756.132555013,7.014713770,command,0.600000,-6.221255302,-44.011161804,-0.613109410,0.013949374,-0.092756875,-0.613662064,ros2_odometer_state
M19C_S3_artificial_turf_B1_U060_R1,2756.135321491,7.017480248,command,0.600000,-6.221255302,-44.011161804,-0.613109410,0.012674849,-0.092477731,-0.613533676,ros2_odometer_state
M19C_S3_artificial_turf_B1_U060_R1,2756.137393861,7.019552618,command,0.600000,-6.221255302,-44.011161804,-0.613109410,0.012013583,-0.092356548,-0.613464534,ros2_odometer_state
M19C_S3_artificial_turf_B1_U060_R1,2756.138616022,7.020774779,command,0.600000,-6.207705021,-44.021377563,-0.613464534,0.012013583,-0.092356548,-0.613464534,ros2_odometer_state
M19C_S3_artificial_turf_B1_U060_R1,2756.141438886,7.023597643,command,0.600000,-6.207705021,-44.021377563,-0.613464534,0.010659267,-0.092209622,-0.613338888,ros2_odometer_state
M19C_S3_artificial_turf_B1_U060_R1,2756.143915305,7.026074062,command,0.600000,-6.207705021,-44.021377563,-0.613464534,0.009976487,-0.092174515,-0.613347769,ros2_odometer_state
M19C_S3_artificial_turf_B1_U060_R1,2756.145396772,7.027555529,command,0.600000,-6.207705021,-44.021377563,-0.613464534,0.009297163,-0.092144303,-0.613419116,ros2_odometer_state
M19C_S3_artificial_turf_B1_U060_R1,2756.147369554,7.029528311,command,0.600000,-6.207705021,-44.021377563,-0.613464534,0.008614413,-0.092114046,-0.613544822,ros2_odometer_state
M19C_S3_artificial_turf_B1_U060_R1,2756.149289598,7.031448355,command,0.600000,-6.207705021,-44.021377563,-0.613464534,0.007925517,-0.092087410,-0.613750279,ros2_odometer_state
M19C_S3_artificial_turf_B1_U060_R1,2756.151288686,7.033447443,command,0.600000,-6.207705021,-44.021377563,-0.613464534,0.007285216,-0.092070334,-0.614148736,ros2_odometer_state
M19C_S3_artificial_turf_B1_U060_R1,2756.153368321,7.035527078,command,0.600000,-6.207705021,-44.021377563,-0.613464534,0.006789452,-0.092079595,-0.614911020,ros2_odometer_state
M19C_S3_artificial_turf_B1_U060_R1,2756.155686621,7.037845378,command,0.600000,-6.207705021,-44.021377563,-0.613464534,0.006317127,-0.092244156,-0.615783691,ros2_odometer_state
M19C_S3_artificial_turf_B1_U060_R1,2756.157740558,7.039899315,command,0.600000,-6.207705021,-44.021377563,-0.613464534,0.005900611,-0.092535913,-0.616547465,ros2_odometer_state
M19C_S3_artificial_turf_B1_U060_R1,2756.159568599,7.041727356,command,0.600000,-6.193539143,-44.032894135,-0.616547465,0.005519719,-0.092794426,-0.617238939,ros2_odometer_state
M19C_S3_artificial_turf_B1_U060_R1,2756.161619977,7.043778734,command,0.600000,-6.193539143,-44.032894135,-0.616547465,0.005188446,-0.092867486,-0.617861629,ros2_odometer_state
M19C_S3_artificial_turf_B1_U060_R1,2756.164104747,7.046263504,command,0.600000,-6.193539143,-44.032894135,-0.616547465,0.004904216,-0.092747949,-0.618492901,ros2_odometer_state
M19C_S3_artificial_turf_B1_U060_R1,2756.165496675,7.047655432,command,0.600000,-6.193539143,-44.032894135,-0.616547465,0.004693480,-0.092455976,-0.619206727,ros2_odometer_state
M19C_S3_artificial_turf_B1_U060_R1,2756.166744468,7.048903225,command,0.600000,-6.193539143,-44.032894135,-0.616547465,0.004693480,-0.092455976,-0.619206727,ros2_odometer_state
M19C_S3_artificial_turf_B1_U060_R1,2756.169406494,7.051565251,command,0.600000,-6.193539143,-44.032894135,-0.616547465,0.004464824,-0.091205567,-0.620520651,ros2_odometer_state
M19C_S3_artificial_turf_B1_U060_R1,2756.171397421,7.053556178,command,0.600000,-6.193539143,-44.032894135,-0.616547465,0.004417508,-0.090296693,-0.621013463,ros2_odometer_state
M19C_S3_artificial_turf_B1_U060_R1,2756.172733827,7.054892584,command,0.600000,-6.193539143,-44.032894135,-0.616547465,0.004417508,-0.090296693,-0.621013463,ros2_odometer_state
M19C_S3_artificial_turf_B1_U060_R1,2756.175387532,7.057546289,command,0.600000,-6.193539143,-44.032894135,-0.616547465,0.004444168,-0.088473365,-0.621784985,ros2_odometer_state
M19C_S3_artificial_turf_B1_U060_R1,2756.177729897,7.059888654,command,0.600000,-6.193539143,-44.032894135,-0.616547465,0.004550477,-0.087650128,-0.622084677,ros2_odometer_state
M19C_S3_artificial_turf_B1_U060_R1,2756.179709272,7.061868029,command,0.600000,-6.179787636,-44.042697906,-0.622084677,0.004762438,-0.086855836,-0.622295439,ros2_odometer_state
M19C_S3_artificial_turf_B1_U060_R1,2756.181848077,7.064006834,command,0.600000,-6.179787636,-44.042697906,-0.622084677,0.005085368,-0.086055085,-0.622496367,ros2_odometer_state
M19C_S3_artificial_turf_B1_U060_R1,2756.184140552,7.066299309,command,0.600000,-6.179787636,-44.042697906,-0.622084677,0.005483141,-0.085177861,-0.622785568,ros2_odometer_state
M19C_S3_artificial_turf_B1_U060_R1,2756.185469629,7.067628386,command,0.600000,-6.179787636,-44.042697906,-0.622084677,0.005859970,-0.084212668,-0.623156726,ros2_odometer_state
M19C_S3_artificial_turf_B1_U060_R1,2756.187473869,7.069632626,command,0.600000,-6.179787636,-44.042697906,-0.622084677,0.006235384,-0.083192691,-0.623553455,ros2_odometer_state
M19C_S3_artificial_turf_B1_U060_R1,2756.189488893,7.071647650,command,0.600000,-6.179787636,-44.042697906,-0.622084677,0.006638318,-0.082145199,-0.623914659,ros2_odometer_state
M19C_S3_artificial_turf_B1_U060_R1,2756.191503533,7.073662290,command,0.600000,-6.179787636,-44.042697906,-0.622084677,0.007042243,-0.081089623,-0.624231100,ros2_odometer_state
M19C_S3_artificial_turf_B1_U060_R1,2756.193406424,7.075565181,command,0.600000,-6.179787636,-44.042697906,-0.622084677,0.007448219,-0.080057196,-0.624492288,ros2_odometer_state
M19C_S3_artificial_turf_B1_U060_R1,2756.195412840,7.077571597,command,0.600000,-6.179787636,-44.042697906,-0.622084677,0.007856396,-0.079073541,-0.624704778,ros2_odometer_state
M19C_S3_artificial_turf_B1_U060_R1,2756.197446041,7.079604798,command,0.600000,-6.179787636,-44.042697906,-0.622084677,0.008257665,-0.078157581,-0.624961853,ros2_odometer_state
M19C_S3_artificial_turf_B1_U060_R1,2756.199439400,7.081598157,command,0.600000,-6.167673588,-44.050460815,-0.624961853,0.008633913,-0.077312976,-0.625288129,ros2_odometer_state
M19C_S3_artificial_turf_B1_U060_R1,2756.201440312,7.083599069,command,0.600000,-6.167673588,-44.050460815,-0.624961853,0.008967964,-0.076541252,-0.625626922,ros2_odometer_state
M19C_S3_artificial_turf_B1_U060_R1,2756.204072320,7.086231077,command,0.600000,-6.167673588,-44.050460815,-0.624961853,0.009279129,-0.075856782,-0.625960052,ros2_odometer_state
M19C_S3_artificial_turf_B1_U060_R1,2756.205499705,7.087658462,command,0.600000,-6.167673588,-44.050460815,-0.624961853,0.009590690,-0.075223334,-0.626307607,ros2_odometer_state
M19C_S3_artificial_turf_B1_U060_R1,2756.207779988,7.089938745,command,0.600000,-6.167673588,-44.050460815,-0.624961853,0.009893047,-0.074546792,-0.626710355,ros2_odometer_state
M19C_S3_artificial_turf_B1_U060_R1,2756.209468727,7.091627484,command,0.600000,-6.167673588,-44.050460815,-0.624961853,0.010176334,-0.073780172,-0.627188504,ros2_odometer_state
M19C_S3_artificial_turf_B1_U060_R1,2756.212182723,7.094341480,command,0.600000,-6.167673588,-44.050460815,-0.624961853,0.010448474,-0.072928280,-0.627775371,ros2_odometer_state
M19C_S3_artificial_turf_B1_U060_R1,2756.213476470,7.095635227,command,0.600000,-6.167673588,-44.050460815,-0.624961853,0.010699498,-0.072029859,-0.628388047,ros2_odometer_state
M19C_S3_artificial_turf_B1_U060_R1,2756.215577130,7.097735887,command,0.600000,-6.167673588,-44.050460815,-0.624961853,0.010862088,-0.071130529,-0.628909647,ros2_odometer_state
M19C_S3_artificial_turf_B1_U060_R1,2756.217979401,7.100138158,command,0.600000,-6.167673588,-44.050460815,-0.624961853,0.010903303,-0.070287876,-0.629339576,ros2_odometer_state
M19C_S3_artificial_turf_B1_U060_R1,2756.219666092,7.101824849,command,0.600000,-6.155718327,-44.054954529,-0.629339576,0.010853432,-0.069513440,-0.629752815,ros2_odometer_state
M19C_S3_artificial_turf_B1_U060_R1,2756.221474708,7.103633465,command,0.600000,-6.155718327,-44.054954529,-0.629339576,0.010731335,-0.068799824,-0.630172253,ros2_odometer_state
M19C_S3_artificial_turf_B1_U060_R1,2756.223544327,7.105703084,command,0.600000,-6.155718327,-44.054954529,-0.629339576,0.010731335,-0.068799824,-0.630172253,ros2_odometer_state
M19C_S3_artificial_turf_B1_U060_R1,2756.224837434,7.106996191,command,0.600000,-6.155718327,-44.054954529,-0.629339576,0.010586007,-0.068122409,-0.630592883,ros2_odometer_state
M19C_S3_artificial_turf_B1_U060_R1,2756.227104724,7.109263481,command,0.600000,-6.155718327,-44.054954529,-0.629339576,0.010416479,-0.067458324,-0.631070137,ros2_odometer_state
M19C_S3_artificial_turf_B1_U060_R1,2756.228767862,7.110926619,command,0.600000,-6.155718327,-44.054954529,-0.629339576,0.010223535,-0.066807933,-0.631693423,ros2_odometer_state
M19C_S3_artificial_turf_B1_U060_R1,2756.231798031,7.113956788,command,0.600000,-6.155718327,-44.054954529,-0.629339576,0.009907375,-0.065367475,-0.633720458,ros2_odometer_state
M19C_S3_artificial_turf_B1_U060_R1,2756.233762237,7.115920994,command,0.600000,-6.155718327,-44.054954529,-0.629339576,0.009739902,-0.064604715,-0.634993672,ros2_odometer_state
M19C_S3_artificial_turf_B1_U060_R1,2756.235478689,7.117637446,command,0.600000,-6.155718327,-44.054954529,-0.629339576,0.009495294,-0.063961692,-0.636148214,ros2_odometer_state
M19C_S3_artificial_turf_B1_U060_R1,2756.237594549,7.119753306,command,0.600000,-6.155718327,-44.054954529,-0.629339576,0.009188933,-0.063528121,-0.637104988,ros2_odometer_state
M19C_S3_artificial_turf_B1_U060_R1,2756.239560995,7.121719752,command,0.600000,-6.142457008,-44.060768127,-0.637104988,0.008852152,-0.063254729,-0.637914538,ros2_odometer_state
M19C_S3_artificial_turf_B1_U060_R1,2756.242021861,7.124180618,command,0.600000,-6.142457008,-44.060768127,-0.637104988,0.008528815,-0.063071661,-0.638614893,ros2_odometer_state
M19C_S3_artificial_turf_B1_U060_R1,2756.255248115,7.137406872,command,0.600000,-6.142457008,-44.060768127,-0.637104988,0.008231888,-0.062925190,-0.639260650,ros2_odometer_state
M19C_S3_artificial_turf_B1_U060_R1,2756.256352831,7.138511588,command,0.600000,-6.142457008,-44.060768127,-0.637104988,0.007948484,-0.062753700,-0.639972746,ros2_odometer_state
M19C_S3_artificial_turf_B1_U060_R1,2756.257432362,7.139591119,command,0.600000,-6.142457008,-44.060768127,-0.637104988,0.007673335,-0.062466491,-0.640880406,ros2_odometer_state
M19C_S3_artificial_turf_B1_U060_R1,2756.258288044,7.140446801,command,0.600000,-6.142457008,-44.060768127,-0.637104988,0.007368816,-0.062051754,-0.641935408,ros2_odometer_state
M19C_S3_artificial_turf_B1_U060_R1,2756.259311221,7.141469978,command,0.600000,-6.142457008,-44.060768127,-0.637104988,0.007007302,-0.061576478,-0.643044353,ros2_odometer_state
M19C_S3_artificial_turf_B1_U060_R1,2756.260217529,7.142376286,command,0.600000,-6.142457008,-44.060768127,-0.637104988,0.006627897,-0.061172973,-0.644150496,ros2_odometer_state
M19C_S3_artificial_turf_B1_U060_R1,2756.261848282,7.144007039,command,0.600000,-6.142457008,-44.060768127,-0.637104988,0.006225162,-0.060901754,-0.645195544,ros2_odometer_state
M19C_S3_artificial_turf_B1_U060_R1,2756.262765086,7.144923843,command,0.600000,-6.142457008,-44.060768127,-0.637104988,0.005775083,-0.060768146,-0.646084189,ros2_odometer_state
M19C_S3_artificial_turf_B1_U060_R1,2756.263963246,7.146122003,command,0.600000,-6.128486156,-44.068355560,-0.646084189,0.005310446,-0.060735751,-0.646834016,ros2_odometer_state
M19C_S3_artificial_turf_B1_U060_R1,2756.265059705,7.147218462,command,0.600000,-6.128486156,-44.068355560,-0.646084189,0.004829610,-0.060805026,-0.647438824,ros2_odometer_state
M19C_S3_artificial_turf_B1_U060_R1,2756.265931932,7.148090689,command,0.600000,-6.128486156,-44.068355560,-0.646084189,0.004317845,-0.060948677,-0.647903264,ros2_odometer_state
M19C_S3_artificial_turf_B1_U060_R1,2756.266900546,7.149059303,command,0.600000,-6.128486156,-44.068355560,-0.646084189,0.003795524,-0.061071828,-0.648321450,ros2_odometer_state
M19C_S3_artificial_turf_B1_U060_R1,2756.267752356,7.149911113,command,0.600000,-6.128486156,-44.068355560,-0.646084189,0.003294842,-0.061089490,-0.648816705,ros2_odometer_state
M19C_S3_artificial_turf_B1_U060_R1,2756.269649456,7.151808213,command,0.600000,-6.128486156,-44.068355560,-0.646084189,0.002833442,-0.060970809,-0.649419606,ros2_odometer_state
M19C_S3_artificial_turf_B1_U060_R1,2756.271585149,7.153743906,command,0.600000,-6.128486156,-44.068355560,-0.646084189,0.002380610,-0.060774297,-0.650029778,ros2_odometer_state
M19C_S3_artificial_turf_B1_U060_R1,2756.273599885,7.155758642,command,0.600000,-6.128486156,-44.068355560,-0.646084189,0.001913259,-0.060576282,-0.650525093,ros2_odometer_state
M19C_S3_artificial_turf_B1_U060_R1,2756.275582076,7.157740833,command,0.600000,-6.128486156,-44.068355560,-0.646084189,0.001446883,-0.060420845,-0.650881827,ros2_odometer_state
M19C_S3_artificial_turf_B1_U060_R1,2756.276880687,7.159039444,command,0.600000,-6.128486156,-44.068355560,-0.646084189,0.001446883,-0.060420845,-0.650881827,ros2_odometer_state
M19C_S3_artificial_turf_B1_U060_R1,2756.279699647,7.161858404,command,0.600000,-6.115720272,-44.076690674,-0.651107490,0.000456384,-0.060292244,-0.651225388,ros2_odometer_state
M19C_S3_artificial_turf_B1_U060_R1,2756.280978834,7.163137591,command,0.600000,-6.115720272,-44.076690674,-0.651107490,0.000456384,-0.060292244,-0.651225388,ros2_odometer_state
M19C_S3_artificial_turf_B1_U060_R1,2756.283595834,7.165754591,command,0.600000,-6.115720272,-44.076690674,-0.651107490,-0.000070729,-0.060286347,-0.651226759,ros2_odometer_state
M19C_S3_artificial_turf_B1_U060_R1,2756.285112150,7.167270907,command,0.600000,-6.115720272,-44.076690674,-0.651107490,-0.000602427,-0.060305994,-0.651116133,ros2_odometer_state
M19C_S3_artificial_turf_B1_U060_R1,2756.287167848,7.169326605,command,0.600000,-6.115720272,-44.076690674,-0.651107490,-0.001117588,-0.060321543,-0.650940835,ros2_odometer_state
M19C_S3_artificial_turf_B1_U060_R1,2756.288900877,7.171059634,command,0.600000,-6.115720272,-44.076690674,-0.651107490,-0.001583731,-0.060284581,-0.650799274,ros2_odometer_state
M19C_S3_artificial_turf_B1_U060_R1,2756.290825562,7.172984319,command,0.600000,-6.115720272,-44.076690674,-0.651107490,-0.001991984,-0.060152616,-0.650762975,ros2_odometer_state
M19C_S3_artificial_turf_B1_U060_R1,2756.293553734,7.175712491,command,0.600000,-6.115720272,-44.076690674,-0.651107490,-0.002604633,-0.059596431,-0.650577068,ros2_odometer_state
M19C_S3_artificial_turf_B1_U060_R1,2756.295540149,7.177698906,command,0.600000,-6.115720272,-44.076690674,-0.651107490,-0.002904243,-0.059307858,-0.650054276,ros2_odometer_state
M19C_S3_artificial_turf_B1_U060_R1,2756.297636200,7.179794957,command,0.600000,-6.115720272,-44.076690674,-0.651107490,-0.003235798,-0.059086718,-0.649249375,ros2_odometer_state
M19C_S3_artificial_turf_B1_U060_R1,2756.299662777,7.181821534,command,0.600000,-6.102357388,-44.085327148,-0.649249375,-0.003570960,-0.058933016,-0.648258567,ros2_odometer_state
M19C_S3_artificial_turf_B1_U060_R1,2756.301568997,7.183727754,command,0.600000,-6.102357388,-44.085327148,-0.649249375,-0.003872102,-0.058762841,-0.647133708,ros2_odometer_state
M19C_S3_artificial_turf_B1_U060_R1,2756.304231119,7.186389876,command,0.600000,-6.102357388,-44.085327148,-0.649249375,-0.004102793,-0.058561131,-0.645918071,ros2_odometer_state
M19C_S3_artificial_turf_B1_U060_R1,2756.305751627,7.187910384,command,0.600000,-6.102357388,-44.085327148,-0.649249375,-0.004229875,-0.058334008,-0.644669890,ros2_odometer_state
M19C_S3_artificial_turf_B1_U060_R1,2756.306999581,7.189158338,command,0.600000,-6.102357388,-44.085327148,-0.649249375,-0.004229875,-0.058334008,-0.644669890,ros2_odometer_state
M19C_S3_artificial_turf_B1_U060_R1,2756.309878031,7.192036788,command,0.600000,-6.102357388,-44.085327148,-0.649249375,-0.004334864,-0.057694193,-0.642350435,ros2_odometer_state
M19C_S3_artificial_turf_B1_U060_R1,2756.311021277,7.193180034,command,0.600000,-6.102357388,-44.085327148,-0.649249375,-0.004334864,-0.057694193,-0.642350435,ros2_odometer_state
M19C_S3_artificial_turf_B1_U060_R1,2756.312880390,7.195039147,command,0.600000,-6.102357388,-44.085327148,-0.649249375,-0.004344669,-0.057263322,-0.641196072,ros2_odometer_state
M19C_S3_artificial_turf_B1_U060_R1,2756.314987802,7.197146559,command,0.600000,-6.102357388,-44.085327148,-0.649249375,-0.004348595,-0.056792930,-0.639913976,ros2_odometer_state
M19C_S3_artificial_turf_B1_U060_R1,2756.317773225,7.199931982,command,0.600000,-6.102357388,-44.085327148,-0.649249375,-0.004469491,-0.055889502,-0.636865318,ros2_odometer_state
M19C_S3_artificial_turf_B1_U060_R1,2756.319775097,7.201933854,command,0.600000,-6.089004993,-44.093936920,-0.636865318,-0.004562888,-0.055445448,-0.635278642,ros2_odometer_state
M19C_S3_artificial_turf_B1_U060_R1,2756.320946631,7.203105388,command,0.600000,-6.089004993,-44.093936920,-0.636865318,-0.004562888,-0.055445448,-0.635278642,ros2_odometer_state
M19C_S3_artificial_turf_B1_U060_R1,2756.324318445,7.206477202,command,0.600000,-6.089004993,-44.093936920,-0.636865318,-0.004827895,-0.054459777,-0.632113516,ros2_odometer_state
M19C_S3_artificial_turf_B1_U060_R1,2756.326760750,7.208919507,command,0.600000,-6.089004993,-44.093936920,-0.636865318,-0.004989371,-0.053969420,-0.630599618,ros2_odometer_state
M19C_S3_artificial_turf_B1_U060_R1,2756.327236257,7.209395014,command,0.600000,-6.089004993,-44.093936920,-0.636865318,-0.004989371,-0.053969420,-0.630599618,ros2_odometer_state
M19C_S3_artificial_turf_B1_U060_R1,2756.328956966,7.211115723,command,0.600000,-6.089004993,-44.093936920,-0.636865318,-0.005172692,-0.053498462,-0.629214466,ros2_odometer_state
M19C_S3_artificial_turf_B1_U060_R1,2756.331761749,7.213920506,command,0.600000,-6.089004993,-44.093936920,-0.636865318,-0.005641708,-0.052475579,-0.626886904,ros2_odometer_state
M19C_S3_artificial_turf_B1_U060_R1,2756.333705378,7.215864135,command,0.600000,-6.089004993,-44.093936920,-0.636865318,-0.005931719,-0.051908020,-0.625782907,ros2_odometer_state
M19C_S3_artificial_turf_B1_U060_R1,2756.335691057,7.217849814,command,0.600000,-6.089004993,-44.093936920,-0.636865318,-0.006253114,-0.051342003,-0.624624252,ros2_odometer_state
M19C_S3_artificial_turf_B1_U060_R1,2756.337739203,7.219897960,command,0.600000,-6.089004993,-44.093936920,-0.636865318,-0.006601564,-0.050803691,-0.623471141,ros2_odometer_state
M19C_S3_artificial_turf_B1_U060_R1,2756.339857111,7.222015868,command,0.600000,-6.077523708,-44.102539062,-0.623471141,-0.006959277,-0.050281480,-0.622406542,ros2_odometer_state
M19C_S3_artificial_turf_B1_U060_R1,2756.340982052,7.223140809,command,0.600000,-6.077523708,-44.102539062,-0.623471141,-0.006959277,-0.050281480,-0.622406542,ros2_odometer_state
M19C_S3_artificial_turf_B1_U060_R1,2756.344422829,7.226581586,command,0.600000,-6.077523708,-44.102539062,-0.623471141,-0.007611618,-0.049308628,-0.620472372,ros2_odometer_state
M19C_S3_artificial_turf_B1_U060_R1,2756.346040461,7.228199218,command,0.600000,-6.077523708,-44.102539062,-0.623471141,-0.007886205,-0.048934173,-0.619518399,ros2_odometer_state
M19C_S3_artificial_turf_B1_U060_R1,2756.347074102,7.229232859,command,0.600000,-6.077523708,-44.102539062,-0.623471141,-0.007886205,-0.048934173,-0.619518399,ros2_odometer_state
M19C_S3_artificial_turf_B1_U060_R1,2756.349982378,7.232141135,command,0.600000,-6.077523708,-44.102539062,-0.623471141,-0.008327344,-0.048458572,-0.618050218,ros2_odometer_state
M19C_S3_artificial_turf_B1_U060_R1,2756.351819955,7.233978712,command,0.600000,-6.077523708,-44.102539062,-0.623471141,-0.008496278,-0.048247263,-0.617630839,ros2_odometer_state
M19C_S3_artificial_turf_B1_U060_R1,2756.353807170,7.235965927,command,0.600000,-6.077523708,-44.102539062,-0.623471141,-0.008640752,-0.047997363,-0.617365360,ros2_odometer_state
M19C_S3_artificial_turf_B1_U060_R1,2756.355953463,7.238112220,command,0.600000,-6.077523708,-44.102539062,-0.623471141,-0.008764405,-0.047717571,-0.617183983,ros2_odometer_state
M19C_S3_artificial_turf_B1_U060_R1,2756.357833410,7.239992167,command,0.600000,-6.077523708,-44.102539062,-0.623471141,-0.008883769,-0.047404069,-0.617107928,ros2_odometer_state
M19C_S3_artificial_turf_B1_U060_R1,2756.359820753,7.241979510,command,0.600000,-6.065655231,-44.111164093,-0.617107928,-0.009009008,-0.047058199,-0.617112935,ros2_odometer_state
M19C_S3_artificial_turf_B1_U060_R1,2756.361779839,7.243938596,command,0.600000,-6.065655231,-44.111164093,-0.617107928,-0.009141555,-0.046718113,-0.617153108,ros2_odometer_state
M19C_S3_artificial_turf_B1_U060_R1,2756.364793398,7.246952155,command,0.600000,-6.065655231,-44.111164093,-0.617107928,-0.009272791,-0.046432246,-0.617204368,ros2_odometer_state
M19C_S3_artificial_turf_B1_U060_R1,2756.365326796,7.247485553,command,0.600000,-6.065655231,-44.111164093,-0.617107928,-0.009272791,-0.046432246,-0.617204368,ros2_odometer_state
M19C_S3_artificial_turf_B1_U060_R1,2756.367399038,7.249557795,command,0.600000,-6.065655231,-44.111164093,-0.617107928,-0.009396597,-0.046235640,-0.617255390,ros2_odometer_state
M19C_S3_artificial_turf_B1_U060_R1,2756.370107466,7.252266223,command,0.600000,-6.065655231,-44.111164093,-0.617107928,-0.009654409,-0.046070792,-0.617450237,ros2_odometer_state
M19C_S3_artificial_turf_B1_U060_R1,2756.371850831,7.254009588,command,0.600000,-6.065655231,-44.111164093,-0.617107928,-0.009746093,-0.046027116,-0.617716312,ros2_odometer_state
M19C_S3_artificial_turf_B1_U060_R1,2756.373824669,7.255983426,command,0.600000,-6.065655231,-44.111164093,-0.617107928,-0.009783509,-0.045941625,-0.618133008,ros2_odometer_state
M19C_S3_artificial_turf_B1_U060_R1,2756.375802732,7.257961489,command,0.600000,-6.065655231,-44.111164093,-0.617107928,-0.009771739,-0.045808453,-0.618716061,ros2_odometer_state
M19C_S3_artificial_turf_B1_U060_R1,2756.377839709,7.259998466,command,0.600000,-6.065655231,-44.111164093,-0.617107928,-0.009717954,-0.045637276,-0.619430602,ros2_odometer_state
M19C_S3_artificial_turf_B1_U060_R1,2756.379879598,7.262038355,command,0.600000,-6.053168774,-44.119430542,-0.619430602,-0.009611489,-0.045442581,-0.620185912,ros2_odometer_state
M19C_S3_artificial_turf_B1_U060_R1,2756.381801467,7.263960224,command,0.600000,-6.053168774,-44.119430542,-0.619430602,-0.009444786,-0.045234200,-0.620869040,ros2_odometer_state
M19C_S3_artificial_turf_B1_U060_R1,2756.384471045,7.266629802,command,0.600000,-6.053168774,-44.119430542,-0.619430602,-0.009261398,-0.045028005,-0.621463418,ros2_odometer_state
M19C_S3_artificial_turf_B1_U060_R1,2756.385852348,7.268011105,command,0.600000,-6.053168774,-44.119430542,-0.619430602,-0.009074010,-0.044869035,-0.622041166,ros2_odometer_state
M19C_S3_artificial_turf_B1_U060_R1,2756.387886989,7.270045746,command,0.600000,-6.053168774,-44.119430542,-0.619430602,-0.008891536,-0.044785742,-0.622673035,ros2_odometer_state
M19C_S3_artificial_turf_B1_U060_R1,2756.389852315,7.272011072,command,0.600000,-6.053168774,-44.119430542,-0.619430602,-0.008731717,-0.044749878,-0.623360634,ros2_odometer_state
M19C_S3_artificial_turf_B1_U060_R1,2756.391829161,7.273987918,command,0.600000,-6.053168774,-44.119430542,-0.619430602,-0.008588800,-0.044747010,-0.624086857,ros2_odometer_state
M19C_S3_artificial_turf_B1_U060_R1,2756.393088347,7.275247104,command,0.600000,-6.053168774,-44.119430542,-0.619430602,-0.008588800,-0.044747010,-0.624086857,ros2_odometer_state
M19C_S3_artificial_turf_B1_U060_R1,2756.396263930,7.278422687,command,0.600000,-6.053168774,-44.119430542,-0.619430602,-0.008317588,-0.044816185,-0.625633955,ros2_odometer_state
M19C_S3_artificial_turf_B1_U060_R1,2756.397250081,7.279408838,command,0.600000,-6.053168774,-44.119430542,-0.619430602,-0.008317588,-0.044816185,-0.625633955,ros2_odometer_state
M19C_S3_artificial_turf_B1_U060_R1,2756.399201550,7.281360307,command,0.600000,-6.040936470,-44.126956940,-0.626462579,-0.008146445,-0.044882447,-0.626462579,ros2_odometer_state
M19C_S3_artificial_turf_B1_U060_R1,2756.401868472,7.284027229,command,0.600000,-6.040936470,-44.126956940,-0.626462579,-0.007802152,-0.045047820,-0.627990007,ros2_odometer_state
M19C_S3_artificial_turf_B1_U060_R1,2756.404510817,7.286669574,command,0.600000,-6.040936470,-44.126956940,-0.626462579,-0.007595593,-0.045129977,-0.628568947,ros2_odometer_state
M19C_S3_artificial_turf_B1_U060_R1,2756.405919225,7.288077982,command,0.600000,-6.040936470,-44.126956940,-0.626462579,-0.007352376,-0.045213066,-0.629071414,ros2_odometer_state
M19C_S3_artificial_turf_B1_U060_R1,2756.407864295,7.290023052,command,0.600000,-6.040936470,-44.126956940,-0.626462579,-0.007073407,-0.045307331,-0.629604161,ros2_odometer_state
M19C_S3_artificial_turf_B1_U060_R1,2756.409859126,7.292017883,command,0.600000,-6.040936470,-44.126956940,-0.626462579,-0.006736720,-0.045378190,-0.630224049,ros2_odometer_state
M19C_S3_artificial_turf_B1_U060_R1,2756.411064006,7.293222763,command,0.600000,-6.040936470,-44.126956940,-0.626462579,-0.006736720,-0.045378190,-0.630224049,ros2_odometer_state
M19C_S3_artificial_turf_B1_U060_R1,2756.413851701,7.296010458,command,0.600000,-6.040936470,-44.126956940,-0.626462579,-0.005979219,-0.045344815,-0.631364942,ros2_odometer_state
M19C_S3_artificial_turf_B1_U060_R1,2756.415899046,7.298057803,command,0.600000,-6.040936470,-44.126956940,-0.626462579,-0.005624572,-0.045267146,-0.631733656,ros2_odometer_state
M19C_S3_artificial_turf_B1_U060_R1,2756.417948984,7.300107741,command,0.600000,-6.040936470,-44.126956940,-0.626462579,-0.005314335,-0.045220677,-0.631942451,ros2_odometer_state
M19C_S3_artificial_turf_B1_U060_R1,2756.420520222,7.302678979,command,0.600000,-6.028024673,-44.134906769,-0.631942451,-0.005033257,-0.045226514,-0.632002056,ros2_odometer_state
M19C_S3_artificial_turf_B1_U060_R1,2756.421194361,7.303353118,command,0.600000,-6.028024673,-44.134906769,-0.631942451,-0.005033257,-0.045226514,-0.632002056,ros2_odometer_state
M19C_S3_artificial_turf_B1_U060_R1,2756.424762983,7.306921740,command,0.600000,-6.028024673,-44.134906769,-0.631942451,-0.004328395,-0.045463253,-0.631865263,ros2_odometer_state
M19C_S3_artificial_turf_B1_U060_R1,2756.425288732,7.307447489,command,0.600000,-6.028024673,-44.134906769,-0.631942451,-0.004328395,-0.045463253,-0.631865263,ros2_odometer_state
M19C_S3_artificial_turf_B1_U060_R1,2756.427920644,7.310079401,command,0.600000,-6.028024673,-44.134906769,-0.631942451,-0.003451633,-0.046047717,-0.631447494,ros2_odometer_state
M19C_S3_artificial_turf_B1_U060_R1,2756.429877458,7.312036215,command,0.600000,-6.028024673,-44.134906769,-0.631942451,-0.003011940,-0.046447031,-0.631087422,ros2_odometer_state
M19C_S3_artificial_turf_B1_U060_R1,2756.431137604,7.313296361,command,0.600000,-6.028024673,-44.134906769,-0.631942451,-0.003011940,-0.046447031,-0.631087422,ros2_odometer_state
M19C_S3_artificial_turf_B1_U060_R1,2756.433902354,7.316061111,command,0.600000,-6.028024673,-44.134906769,-0.631942451,-0.002162219,-0.047296286,-0.630199194,ros2_odometer_state
M19C_S3_artificial_turf_B1_U060_R1,2756.435891873,7.318050630,command,0.600000,-6.028024673,-44.134906769,-0.631942451,-0.001676727,-0.047701180,-0.629691899,ros2_odometer_state
M19C_S3_artificial_turf_B1_U060_R1,2756.437918226,7.320076983,command,0.600000,-6.028024673,-44.134906769,-0.631942451,-0.001132728,-0.048060950,-0.629219651,ros2_odometer_state
M19C_S3_artificial_turf_B1_U060_R1,2756.440387892,7.322546649,command,0.600000,-6.015274048,-44.144443512,-0.629219651,-0.000539816,-0.048355926,-0.628788531,ros2_odometer_state
M19C_S3_artificial_turf_B1_U060_R1,2756.441314521,7.323473278,command,0.600000,-6.015274048,-44.144443512,-0.629219651,-0.000539816,-0.048355926,-0.628788531,ros2_odometer_state
M19C_S3_artificial_turf_B1_U060_R1,2756.444564602,7.326723359,command,0.600000,-6.015274048,-44.144443512,-0.629219651,0.000651539,-0.048859648,-0.627747178,ros2_odometer_state
M19C_S3_artificial_turf_B1_U060_R1,2756.446187418,7.328346175,command,0.600000,-6.015274048,-44.144443512,-0.629219651,0.001277221,-0.049173225,-0.627116740,ros2_odometer_state
M19C_S3_artificial_turf_B1_U060_R1,2756.447239076,7.329397833,command,0.600000,-6.015274048,-44.144443512,-0.629219651,0.001277221,-0.049173225,-0.627116740,ros2_odometer_state
M19C_S3_artificial_turf_B1_U060_R1,2756.449181777,7.331340534,command,0.600000,-6.015274048,-44.144443512,-0.629219651,0.001888032,-0.049569208,-0.626485825,ros2_odometer_state
M19C_S3_artificial_turf_B1_U060_R1,2756.452053860,7.334212617,command,0.600000,-6.015274048,-44.144443512,-0.629219651,0.003236999,-0.050540254,-0.625346601,ros2_odometer_state
M19C_S3_artificial_turf_B1_U060_R1,2756.453989393,7.336148150,command,0.600000,-6.015274048,-44.144443512,-0.629219651,0.003998200,-0.051071785,-0.624847353,ros2_odometer_state
M19C_S3_artificial_turf_B1_U060_R1,2756.456656283,7.338815040,command,0.600000,-6.015274048,-44.144443512,-0.629219651,0.004803411,-0.051605020,-0.624438047,ros2_odometer_state
M19C_S3_artificial_turf_B1_U060_R1,2756.457302260,7.339461017,command,0.600000,-6.015274048,-44.144443512,-0.629219651,0.004803411,-0.051605020,-0.624438047,ros2_odometer_state
M19C_S3_artificial_turf_B1_U060_R1,2756.459332965,7.341491722,command,0.600000,-6.000477791,-44.154644012,-0.624119818,0.005666011,-0.052122757,-0.624119818,ros2_odometer_state
M19C_S3_artificial_turf_B1_U060_R1,2756.461216976,7.343375733,command,0.600000,-6.000477791,-44.154644012,-0.624119818,0.006578064,-0.052609220,-0.623879373,ros2_odometer_state
M19C_S3_artificial_turf_B1_U060_R1,2756.464715707,7.346874464,command,0.600000,-6.000477791,-44.154644012,-0.624119818,0.008490209,-0.053517353,-0.623451114,ros2_odometer_state
M19C_S3_artificial_turf_B1_U060_R1,2756.466106866,7.348265623,command,0.600000,-6.000477791,-44.154644012,-0.624119818,0.009478453,-0.054020930,-0.623178840,ros2_odometer_state
M19C_S3_artificial_turf_B1_U060_R1,2756.468296201,7.350454958,command,0.600000,-6.000477791,-44.154644012,-0.624119818,0.010458296,-0.054612771,-0.622902155,ros2_odometer_state
M19C_S3_artificial_turf_B1_U060_R1,2756.470371292,7.352530049,command,0.600000,-6.000477791,-44.154644012,-0.624119818,0.011445608,-0.055275369,-0.622681618,ros2_odometer_state
M19C_S3_artificial_turf_B1_U060_R1,2756.471300033,7.353458790,command,0.600000,-6.000477791,-44.154644012,-0.624119818,0.011445608,-0.055275369,-0.622681618,ros2_odometer_state
M19C_S3_artificial_turf_B1_U060_R1,2756.473184300,7.355343057,command,0.600000,-6.000477791,-44.154644012,-0.624119818,0.012475294,-0.055980034,-0.622575879,ros2_odometer_state
M19C_S3_artificial_turf_B1_U060_R1,2756.476164834,7.358323591,command,0.600000,-6.000477791,-44.154644012,-0.624119818,0.014659129,-0.057488557,-0.622779489,ros2_odometer_state
M19C_S3_artificial_turf_B1_U060_R1,2756.477527928,7.359686685,command,0.600000,-6.000477791,-44.154644012,-0.624119818,0.014659129,-0.057488557,-0.622779489,ros2_odometer_state
M19C_S3_artificial_turf_B1_U060_R1,2756.479653101,7.361811858,command,0.600000,-5.985621929,-44.166145325,-0.622983932,0.015801247,-0.058269385,-0.622983932,ros2_odometer_state
M19C_S3_artificial_turf_B1_U060_R1,2756.481406899,7.363565656,command,0.600000,-5.985621929,-44.166145325,-0.622983932,0.016971948,-0.059039686,-0.623157680,ros2_odometer_state
M19C_S3_artificial_turf_B1_U060_R1,2756.484712118,7.366870875,command,0.600000,-5.985621929,-44.166145325,-0.622983932,0.019427201,-0.060546633,-0.623421550,ros2_odometer_state
M19C_S3_artificial_turf_B1_U060_R1,2756.485379377,7.367538134,command,0.600000,-5.985621929,-44.166145325,-0.622983932,0.019427201,-0.060546633,-0.623421550,ros2_odometer_state
M19C_S3_artificial_turf_B1_U060_R1,2756.488157087,7.370315844,command,0.600000,-5.985621929,-44.166145325,-0.622983932,0.021967361,-0.062200211,-0.623656154,ros2_odometer_state
M19C_S3_artificial_turf_B1_U060_R1,2756.490141774,7.372300531,command,0.600000,-5.985621929,-44.166145325,-0.622983932,0.023272118,-0.063112855,-0.623775780,ros2_odometer_state
M19C_S3_artificial_turf_B1_U060_R1,2756.492109948,7.374268705,command,0.600000,-5.985621929,-44.166145325,-0.622983932,0.024599800,-0.064073198,-0.623903096,ros2_odometer_state
M19C_S3_artificial_turf_B1_U060_R1,2756.494029897,7.376188654,command,0.600000,-5.985621929,-44.166145325,-0.622983932,0.025958654,-0.065085992,-0.624050975,ros2_odometer_state
M19C_S3_artificial_turf_B1_U060_R1,2756.496127292,7.378286049,command,0.600000,-5.985621929,-44.166145325,-0.622983932,0.027353538,-0.066148937,-0.624221206,ros2_odometer_state
M19C_S3_artificial_turf_B1_U060_R1,2756.498151756,7.380310513,command,0.600000,-5.985621929,-44.166145325,-0.622983932,0.028796535,-0.067253292,-0.624405801,ros2_odometer_state
M19C_S3_artificial_turf_B1_U060_R1,2756.500184893,7.382343650,command,0.600000,-5.969890594,-44.177219391,-0.624405801,0.030288147,-0.068382740,-0.624575973,ros2_odometer_state
M19C_S3_artificial_turf_B1_U060_R1,2756.502048391,7.384207148,command,0.600000,-5.969890594,-44.177219391,-0.624405801,0.031814180,-0.069530949,-0.624694049,ros2_odometer_state
M19C_S3_artificial_turf_B1_U060_R1,2756.504638190,7.386796947,command,0.600000,-5.969890594,-44.177219391,-0.624405801,0.033345666,-0.070699953,-0.624756217,ros2_odometer_state
M19C_S3_artificial_turf_B1_U060_R1,2756.506242414,7.388401171,command,0.600000,-5.969890594,-44.177219391,-0.624405801,0.034896363,-0.071870260,-0.624754488,ros2_odometer_state
M19C_S3_artificial_turf_B1_U060_R1,2756.508209788,7.390368545,command,0.600000,-5.969890594,-44.177219391,-0.624405801,0.036461767,-0.073009491,-0.624668479,ros2_odometer_state
M19C_S3_artificial_turf_B1_U060_R1,2756.510090311,7.392249068,command,0.600000,-5.969890594,-44.177219391,-0.624405801,0.038035631,-0.074115157,-0.624523580,ros2_odometer_state
M19C_S3_artificial_turf_B1_U060_R1,2756.511294711,7.393453468,command,0.600000,-5.969890594,-44.177219391,-0.624405801,0.038035631,-0.074115157,-0.624523580,ros2_odometer_state
M19C_S3_artificial_turf_B1_U060_R1,2756.514137192,7.396295949,command,0.600000,-5.969890594,-44.177219391,-0.624405801,0.041245785,-0.076339617,-0.624226213,ros2_odometer_state
M19C_S3_artificial_turf_B1_U060_R1,2756.516216187,7.398374944,command,0.600000,-5.969890594,-44.177219391,-0.624405801,0.042885385,-0.077490598,-0.624033630,ros2_odometer_state
M19C_S3_artificial_turf_B1_U060_R1,2756.517547248,7.399706005,command,0.600000,-5.969890594,-44.177219391,-0.624405801,0.042885385,-0.077490598,-0.624033630,ros2_odometer_state
M19C_S3_artificial_turf_B1_U060_R1,2756.520249563,7.402408320,command,0.600000,-5.955024719,-44.188858032,-0.623745680,0.046191312,-0.079831235,-0.623371422,ros2_odometer_state
M19C_S3_artificial_turf_B1_U060_R1,2756.522427378,7.404586135,command,0.600000,-5.955024719,-44.188858032,-0.623745680,0.047855217,-0.081002563,-0.622965515,ros2_odometer_state
M19C_S3_artificial_turf_B1_U060_R1,2756.524848146,7.407006903,command,0.600000,-5.955024719,-44.188858032,-0.623745680,0.049518477,-0.082176179,-0.622577965,ros2_odometer_state
M19C_S3_artificial_turf_B1_U060_R1,2756.525503084,7.407661841,command,0.600000,-5.955024719,-44.188858032,-0.623745680,0.049518477,-0.082176179,-0.622577965,ros2_odometer_state
M19C_S3_artificial_turf_B1_U060_R1,2756.527511420,7.409670177,command,0.600000,-5.955024719,-44.188858032,-0.623745680,0.051174253,-0.083376333,-0.622171998,ros2_odometer_state
M19C_S3_artificial_turf_B1_U060_R1,2756.530282826,7.412441583,command,0.600000,-5.955024719,-44.188858032,-0.623745680,0.054065526,-0.086064853,-0.620589316,ros2_odometer_state
M19C_S3_artificial_turf_B1_U060_R1,2756.532352924,7.414511681,command,0.600000,-5.955024719,-44.188858032,-0.623745680,0.055277638,-0.087413467,-0.619678378,ros2_odometer_state
M19C_S3_artificial_turf_B1_U060_R1,2756.534012894,7.416171651,command,0.600000,-5.955024719,-44.188858032,-0.623745680,0.056398485,-0.088681370,-0.618983448,ros2_odometer_state
M19C_S3_artificial_turf_B1_U060_R1,2756.536230038,7.418388795,command,0.600000,-5.955024719,-44.188858032,-0.623745680,0.057384253,-0.089852661,-0.618567586,ros2_odometer_state
M19C_S3_artificial_turf_B1_U060_R1,2756.538351787,7.420510544,command,0.600000,-5.955024719,-44.188858032,-0.623745680,0.058243867,-0.090890542,-0.618482411,ros2_odometer_state
M19C_S3_artificial_turf_B1_U060_R1,2756.540658854,7.422817611,command,0.600000,-5.938387394,-44.201793671,-0.618482411,0.059004355,-0.091806218,-0.618523836,ros2_odometer_state
M19C_S3_artificial_turf_B1_U060_R1,2756.542157282,7.424316039,command,0.600000,-5.938387394,-44.201793671,-0.618482411,0.059683256,-0.092629127,-0.618431985,ros2_odometer_state
M19C_S3_artificial_turf_B1_U060_R1,2756.544747913,7.426906670,command,0.600000,-5.938387394,-44.201793671,-0.618482411,0.060256060,-0.093385987,-0.618218720,ros2_odometer_state
M19C_S3_artificial_turf_B1_U060_R1,2756.546005915,7.428164672,command,0.600000,-5.938387394,-44.201793671,-0.618482411,0.060674097,-0.094035298,-0.618122756,ros2_odometer_state
M19C_S3_artificial_turf_B1_U060_R1,2756.547473909,7.429632666,command,0.600000,-5.938387394,-44.201793671,-0.618482411,0.060674097,-0.094035298,-0.618122756,ros2_odometer_state
M19C_S3_artificial_turf_B1_U060_R1,2756.550037275,7.432196032,command,0.600000,-5.938387394,-44.201793671,-0.618482411,0.061050382,-0.095189780,-0.618526161,ros2_odometer_state
M19C_S3_artificial_turf_B1_U060_R1,2756.553462307,7.435621064,command,0.600000,-5.938387394,-44.201793671,-0.618482411,0.061050382,-0.095189780,-0.618526161,ros2_odometer_state
M19C_S3_artificial_turf_B1_U060_R1,2756.554427658,7.436586415,command,0.600000,-5.938387394,-44.201793671,-0.618482411,0.060958661,-0.095880516,-0.618700564,ros2_odometer_state
M19C_S3_artificial_turf_B1_U060_R1,2756.555322317,7.437481074,command,0.600000,-5.938387394,-44.201793671,-0.618482411,0.060689244,-0.096692979,-0.618718147,ros2_odometer_state
M19C_S3_artificial_turf_B1_U060_R1,2756.557362687,7.439521444,command,0.600000,-5.938387394,-44.201793671,-0.618482411,0.060221899,-0.097573839,-0.618572235,ros2_odometer_state
M19C_S3_artificial_turf_B1_U060_R1,2756.560182767,7.442341524,command,0.600000,-5.925383568,-44.217491150,-0.618279696,0.058729794,-0.099346362,-0.617973089,ros2_odometer_state
M19C_S3_artificial_turf_B1_U060_R1,2756.561390015,7.443548772,command,0.600000,-5.925383568,-44.217491150,-0.618279696,0.058729794,-0.099346362,-0.617973089,ros2_odometer_state
M19C_S3_artificial_turf_B1_U060_R1,2756.564053225,7.446211982,command,0.600000,-5.925383568,-44.217491150,-0.618279696,0.057872001,-0.100310594,-0.617747426,ros2_odometer_state
M19C_S3_artificial_turf_B1_U060_R1,2756.566260000,7.448418757,command,0.600000,-5.925383568,-44.217491150,-0.618279696,0.056318462,-0.102300413,-0.617115796,ros2_odometer_state
M19C_S3_artificial_turf_B1_U060_R1,2756.567603830,7.449762587,command,0.600000,-5.925383568,-44.217491150,-0.618279696,0.056318462,-0.102300413,-0.617115796,ros2_odometer_state
M19C_S3_artificial_turf_B1_U060_R1,2756.570379364,7.452538121,command,0.600000,-5.925383568,-44.217491150,-0.618279696,0.054981750,-0.104075193,-0.616256356,ros2_odometer_state
M19C_S3_artificial_turf_B1_U060_R1,2756.572206285,7.454365042,command,0.600000,-5.925383568,-44.217491150,-0.618279696,0.054398868,-0.104840316,-0.615693986,ros2_odometer_state
M19C_S3_artificial_turf_B1_U060_R1,2756.573534145,7.455692902,command,0.600000,-5.925383568,-44.217491150,-0.618279696,0.054398868,-0.104840316,-0.615693986,ros2_odometer_state
M19C_S3_artificial_turf_B1_U060_R1,2756.575422477,7.457581234,command,0.600000,-5.925383568,-44.217491150,-0.618279696,0.053862453,-0.105497010,-0.614924848,ros2_odometer_state
M19C_S3_artificial_turf_B1_U060_R1,2756.577502207,7.459660964,command,0.600000,-5.925383568,-44.217491150,-0.618279696,0.053351555,-0.106048070,-0.614099443,ros2_odometer_state
M19C_S3_artificial_turf_B1_U060_R1,2756.579542832,7.461701589,command,0.600000,-5.914012432,-44.236305237,-0.613412380,0.052871570,-0.106534801,-0.613412380,ros2_odometer_state
M19C_S3_artificial_turf_B1_U060_R1,2756.582077269,7.464236026,command,0.600000,-5.914012432,-44.236305237,-0.613412380,0.052433535,-0.107021980,-0.612843871,ros2_odometer_state
M19C_S3_artificial_turf_B1_U060_R1,2756.586866548,7.469025305,command,0.600000,-5.914012432,-44.236305237,-0.613412380,0.051641941,-0.108028881,-0.611677229,ros2_odometer_state
M19C_S3_artificial_turf_B1_U060_R1,2756.588482004,7.470640761,command,0.600000,-5.914012432,-44.236305237,-0.613412380,0.051298827,-0.108495027,-0.611169577,ros2_odometer_state
M19C_S3_artificial_turf_B1_U060_R1,2756.589785096,7.471943853,command,0.600000,-5.914012432,-44.236305237,-0.613412380,0.050985888,-0.108887084,-0.610731959,ros2_odometer_state
M19C_S3_artificial_turf_B1_U060_R1,2756.590740078,7.472898835,command,0.600000,-5.914012432,-44.236305237,-0.613412380,0.050689004,-0.109183706,-0.610219896,ros2_odometer_state
M19C_S3_artificial_turf_B1_U060_R1,2756.592411536,7.474570293,command,0.600000,-5.914012432,-44.236305237,-0.613412380,0.050383542,-0.109467007,-0.609618902,ros2_odometer_state
M19C_S3_artificial_turf_B1_U060_R1,2756.594308923,7.476467680,command,0.600000,-5.914012432,-44.236305237,-0.613412380,0.050079107,-0.109841473,-0.609048903,ros2_odometer_state
M19C_S3_artificial_turf_B1_U060_R1,2756.596578134,7.478736891,command,0.600000,-5.914012432,-44.236305237,-0.613412380,0.049853239,-0.110212825,-0.608612776,ros2_odometer_state
M19C_S3_artificial_turf_B1_U060_R1,2756.598209142,7.480367899,command,0.600000,-5.914012432,-44.236305237,-0.613412380,0.049715314,-0.110587314,-0.608265221,ros2_odometer_state
M19C_S3_artificial_turf_B1_U060_R1,2756.599536075,7.481694832,command,0.600000,-5.903316975,-44.253566742,-0.608265221,0.049715314,-0.110587314,-0.608265221,ros2_odometer_state
M19C_S3_artificial_turf_B1_U060_R1,2756.602195829,7.484354586,command,0.600000,-5.903316975,-44.253566742,-0.608265221,0.049583692,-0.111466259,-0.607680082,ros2_odometer_state
M19C_S3_artificial_turf_B1_U060_R1,2756.604967971,7.487126728,command,0.600000,-5.903316975,-44.253566742,-0.608265221,0.049528100,-0.111913010,-0.607484698,ros2_odometer_state
M19C_S3_artificial_turf_B1_U060_R1,2756.605655871,7.487814628,command,0.600000,-5.903316975,-44.253566742,-0.608265221,0.049528100,-0.111913010,-0.607484698,ros2_odometer_state
M19C_S3_artificial_turf_B1_U060_R1,2756.607512296,7.489671053,command,0.600000,-5.903316975,-44.253566742,-0.608265221,0.049479321,-0.112316333,-0.607339025,ros2_odometer_state
M19C_S3_artificial_turf_B1_U060_R1,2756.610295735,7.492454492,command,0.600000,-5.903316975,-44.253566742,-0.608265221,0.049370781,-0.112928279,-0.606993377,ros2_odometer_state
M19C_S3_artificial_turf_B1_U060_R1,2756.612195907,7.494354664,command,0.600000,-5.903316975,-44.253566742,-0.608265221,0.049271651,-0.113125324,-0.606773913,ros2_odometer_state
M19C_S3_artificial_turf_B1_U060_R1,2756.614789322,7.496948079,command,0.600000,-5.903316975,-44.253566742,-0.608265221,0.049148679,-0.113261275,-0.606519580,ros2_odometer_state
M19C_S3_artificial_turf_B1_U060_R1,2756.616303366,7.498462123,command,0.600000,-5.903316975,-44.253566742,-0.608265221,0.049017277,-0.113380939,-0.606272459,ros2_odometer_state
M19C_S3_artificial_turf_B1_U060_R1,2756.617556856,7.499715613,command,0.600000,-5.903316975,-44.253566742,-0.608265221,0.049017277,-0.113380939,-0.606272459,ros2_odometer_state
M19C_S3_artificial_turf_B1_U060_R1,2756.620352167,7.502510924,command,0.600000,-5.893452644,-44.268486023,-0.606080592,0.048777033,-0.113805585,-0.605961919,ros2_odometer_state
M19C_S3_artificial_turf_B1_U060_R1,2756.622362359,7.504521116,command,0.600000,-5.893452644,-44.268486023,-0.606080592,0.048713412,-0.114159167,-0.605926871,ros2_odometer_state
M19C_S3_artificial_turf_B1_U060_R1,2756.625104036,7.507262793,command,0.600000,-5.893452644,-44.268486023,-0.606080592,0.048684832,-0.114557825,-0.605966687,ros2_odometer_state
M19C_S3_artificial_turf_B1_U060_R1,2756.626311348,7.508470105,command,0.600000,-5.893452644,-44.268486023,-0.606080592,0.048662234,-0.114938639,-0.606039882,ros2_odometer_state
M19C_S3_artificial_turf_B1_U060_R1,2756.627505027,7.509663784,command,0.600000,-5.893452644,-44.268486023,-0.606080592,0.048662234,-0.114938639,-0.606039882,ros2_odometer_state
M19C_S3_artificial_turf_B1_U060_R1,2756.630213583,7.512372340,command,0.600000,-5.893452644,-44.268486023,-0.606080592,0.048620217,-0.115493886,-0.606168926,ros2_odometer_state
M19C_S3_artificial_turf_B1_U060_R1,2756.632147292,7.514306049,command,0.600000,-5.893452644,-44.268486023,-0.606080592,0.048591074,-0.115667656,-0.606169462,ros2_odometer_state
M19C_S3_artificial_turf_B1_U060_R1,2756.634102538,7.516261295,command,0.600000,-5.893452644,-44.268486023,-0.606080592,0.048566628,-0.115803108,-0.606155694,ros2_odometer_state
M19C_S3_artificial_turf_B1_U060_R1,2756.636298305,7.518457062,command,0.600000,-5.893452644,-44.268486023,-0.606080592,0.048559498,-0.115933523,-0.606159747,ros2_odometer_state
M19C_S3_artificial_turf_B1_U060_R1,2756.638487352,7.520646109,command,0.600000,-5.893452644,-44.268486023,-0.606080592,0.048611578,-0.116133809,-0.606257677,ros2_odometer_state
M19C_S3_artificial_turf_B1_U060_R1,2756.640665390,7.522824147,command,0.600000,-5.882876396,-44.281909943,-0.606257677,0.048763819,-0.116453551,-0.606570184,ros2_odometer_state
M19C_S3_artificial_turf_B1_U060_R1,2756.643151825,7.525310582,command,0.600000,-5.882876396,-44.281909943,-0.606257677,0.049000669,-0.116858572,-0.607052505,ros2_odometer_state
M19C_S3_artificial_turf_B1_U060_R1,2756.644917976,7.527076733,command,0.600000,-5.882876396,-44.281909943,-0.606257677,0.049277607,-0.117257155,-0.607524753,ros2_odometer_state
M19C_S3_artificial_turf_B1_U060_R1,2756.646258925,7.528417682,command,0.600000,-5.882876396,-44.281909943,-0.606257677,0.049535230,-0.117588744,-0.607866585,ros2_odometer_state
M19C_S3_artificial_turf_B1_U060_R1,2756.647554656,7.529713413,command,0.600000,-5.882876396,-44.281909943,-0.606257677,0.049535230,-0.117588744,-0.607866585,ros2_odometer_state
M19C_S3_artificial_turf_B1_U060_R1,2756.650612954,7.532771711,command,0.600000,-5.882876396,-44.281909943,-0.606257677,0.049910776,-0.118058309,-0.608433962,ros2_odometer_state
M19C_S3_artificial_turf_B1_U060_R1,2756.652517574,7.534676331,command,0.600000,-5.882876396,-44.281909943,-0.606257677,0.050115511,-0.118249662,-0.608793318,ros2_odometer_state
M19C_S3_artificial_turf_B1_U060_R1,2756.654581720,7.536740477,command,0.600000,-5.882876396,-44.281909943,-0.606257677,0.050326966,-0.118462712,-0.609240651,ros2_odometer_state
M19C_S3_artificial_turf_B1_U060_R1,2756.656555718,7.538714475,command,0.600000,-5.882876396,-44.281909943,-0.606257677,0.050542779,-0.118716247,-0.609768629,ros2_odometer_state
M19C_S3_artificial_turf_B1_U060_R1,2756.658501780,7.540660537,command,0.600000,-5.882876396,-44.281909943,-0.606257677,0.050737850,-0.118993178,-0.610312164,ros2_odometer_state
M19C_S3_artificial_turf_B1_U060_R1,2756.660555813,7.542714570,command,0.600000,-5.872959614,-44.293704987,-0.610312164,0.050914049,-0.119321965,-0.610853016,ros2_odometer_state
M19C_S3_artificial_turf_B1_U060_R1,2756.662465041,7.544623798,command,0.600000,-5.872959614,-44.293704987,-0.610312164,0.051130775,-0.119707495,-0.611451924,ros2_odometer_state
M19C_S3_artificial_turf_B1_U060_R1,2756.664234392,7.546393149,command,0.600000,-5.872959614,-44.293704987,-0.610312164,0.051130775,-0.119707495,-0.611451924,ros2_odometer_state
M19C_S3_artificial_turf_B1_U060_R1,2756.666478769,7.548637526,command,0.600000,-5.872959614,-44.293704987,-0.610312164,0.051648654,-0.120508194,-0.612911284,ros2_odometer_state
M19C_S3_artificial_turf_B1_U060_R1,2756.668531778,7.550690535,command,0.600000,-5.872959614,-44.293704987,-0.610312164,0.051878646,-0.120828062,-0.613642454,ros2_odometer_state
M19C_S3_artificial_turf_B1_U060_R1,2756.670510001,7.552668758,command,0.600000,-5.872959614,-44.293704987,-0.610312164,0.052054562,-0.121059708,-0.614322484,ros2_odometer_state
M19C_S3_artificial_turf_B1_U060_R1,2756.672584836,7.554743593,command,0.600000,-5.872959614,-44.293704987,-0.610312164,0.052218203,-0.121230058,-0.615016699,ros2_odometer_state
M19C_S3_artificial_turf_B1_U060_R1,2756.674480623,7.556639380,command,0.600000,-5.872959614,-44.293704987,-0.610312164,0.052384403,-0.121373840,-0.615783155,ros2_odometer_state
M19C_S3_artificial_turf_B1_U060_R1,2756.676743017,7.558901774,command,0.600000,-5.872959614,-44.293704987,-0.610312164,0.052559275,-0.121499196,-0.616606593,ros2_odometer_state
M19C_S3_artificial_turf_B1_U060_R1,2756.678709015,7.560867772,command,0.600000,-5.872959614,-44.293704987,-0.610312164,0.052729841,-0.121609680,-0.617456436,ros2_odometer_state
M19C_S3_artificial_turf_B1_U060_R1,2756.680636260,7.562795017,command,0.600000,-5.861824989,-44.304904938,-0.617456436,0.052873500,-0.121715255,-0.618302107,ros2_odometer_state
M19C_S3_artificial_turf_B1_U060_R1,2756.682994785,7.565153542,command,0.600000,-5.861824989,-44.304904938,-0.617456436,0.052976143,-0.121815115,-0.619127452,ros2_odometer_state
M19C_S3_artificial_turf_B1_U060_R1,2756.685923542,7.568082299,command,0.600000,-5.861824989,-44.304904938,-0.617456436,0.053060621,-0.121906571,-0.619952142,ros2_odometer_state
M19C_S3_artificial_turf_B1_U060_R1,2756.686924382,7.569083139,command,0.600000,-5.861824989,-44.304904938,-0.617456436,0.053154849,-0.122004040,-0.620809853,ros2_odometer_state
M19C_S3_artificial_turf_B1_U060_R1,2756.688699716,7.570858473,command,0.600000,-5.861824989,-44.304904938,-0.617456436,0.053260911,-0.122117355,-0.621720195,ros2_odometer_state
M19C_S3_artificial_turf_B1_U060_R1,2756.690564238,7.572722995,command,0.600000,-5.861824989,-44.304904938,-0.617456436,0.053336009,-0.122240193,-0.622670591,ros2_odometer_state
M19C_S3_artificial_turf_B1_U060_R1,2756.692542493,7.574701250,command,0.600000,-5.861824989,-44.304904938,-0.617456436,0.053362168,-0.122348964,-0.623641968,ros2_odometer_state
M19C_S3_artificial_turf_B1_U060_R1,2756.694514827,7.576673584,command,0.600000,-5.861824989,-44.304904938,-0.617456436,0.053356275,-0.122434556,-0.624620378,ros2_odometer_state
M19C_S3_artificial_turf_B1_U060_R1,2756.696613567,7.578772324,command,0.600000,-5.861824989,-44.304904938,-0.617456436,0.053321399,-0.122517012,-0.625584900,ros2_odometer_state
M19C_S3_artificial_turf_B1_U060_R1,2756.697834511,7.579993268,command,0.600000,-5.861824989,-44.304904938,-0.617456436,0.053321399,-0.122517012,-0.625584900,ros2_odometer_state
M19C_S3_artificial_turf_B1_U060_R1,2756.700558396,7.582717153,command,0.600000,-5.852311134,-44.315261841,-0.626513064,0.053196583,-0.122661084,-0.627389491,ros2_odometer_state
M19C_S3_artificial_turf_B1_U060_R1,2756.702420902,7.584579659,command,0.600000,-5.852311134,-44.315261841,-0.626513064,0.053136591,-0.122669183,-0.628246665,ros2_odometer_state
M19C_S3_artificial_turf_B1_U060_R1,2756.706059926,7.588218683,command,0.600000,-5.852311134,-44.315261841,-0.626513064,0.053050980,-0.122614004,-0.629130483,ros2_odometer_state
M19C_S3_artificial_turf_B1_U060_R1,2756.707034525,7.589193282,command,0.600000,-5.852311134,-44.315261841,-0.626513064,0.052906346,-0.122505821,-0.630058110,ros2_odometer_state
M19C_S3_artificial_turf_B1_U060_R1,2756.708802531,7.590961288,command,0.600000,-5.852311134,-44.315261841,-0.626513064,0.052690707,-0.122383118,-0.630997002,ros2_odometer_state
M19C_S3_artificial_turf_B1_U060_R1,2756.710734288,7.592893045,command,0.600000,-5.852311134,-44.315261841,-0.626513064,0.052419737,-0.122275732,-0.631885588,ros2_odometer_state
M19C_S3_artificial_turf_B1_U060_R1,2756.712669501,7.594828258,command,0.600000,-5.852311134,-44.315261841,-0.626513064,0.052103072,-0.122200057,-0.632666409,ros2_odometer_state
M19C_S3_artificial_turf_B1_U060_R1,2756.714617739,7.596776496,command,0.600000,-5.852311134,-44.315261841,-0.626513064,0.051749151,-0.122155368,-0.633333683,ros2_odometer_state
M19C_S3_artificial_turf_B1_U060_R1,2756.716600985,7.598759742,command,0.600000,-5.852311134,-44.315261841,-0.626513064,0.051376034,-0.122131824,-0.633938670,ros2_odometer_state
M19C_S3_artificial_turf_B1_U060_R1,2756.717836811,7.599995568,command,0.600000,-5.852311134,-44.315261841,-0.626513064,0.051376034,-0.122131824,-0.633938670,ros2_odometer_state
M19C_S3_artificial_turf_B1_U060_R1,2756.720023970,7.602182727,command,0.600000,-5.841711998,-44.325111389,-0.634521127,0.050988093,-0.122128420,-0.634521127,ros2_odometer_state
M19C_S3_artificial_turf_B1_U060_R1,2756.724924612,7.607083369,command,0.600000,-5.841711998,-44.325111389,-0.634521127,0.050118279,-0.122096129,-0.635774732,ros2_odometer_state
M19C_S3_artificial_turf_B1_U060_R1,2756.726171190,7.608329947,command,0.600000,-5.841711998,-44.325111389,-0.634521127,0.049607847,-0.122019440,-0.636441231,ros2_odometer_state
M19C_S3_artificial_turf_B1_U060_R1,2756.727138172,7.609296929,command,0.600000,-5.841711998,-44.325111389,-0.634521127,0.049063422,-0.121924274,-0.637061775,ros2_odometer_state
M19C_S3_artificial_turf_B1_U060_R1,2756.729143276,7.611302033,command,0.600000,-5.841711998,-44.325111389,-0.634521127,0.048500862,-0.121862553,-0.637575865,ros2_odometer_state
M19C_S3_artificial_turf_B1_U060_R1,2756.729848712,7.612007469,command,0.600000,-5.841711998,-44.325111389,-0.634521127,0.048500862,-0.121862553,-0.637575865,ros2_odometer_state
M19C_S3_artificial_turf_B1_U060_R1,2756.732588885,7.614747642,command,0.600000,-5.841711998,-44.325111389,-0.634521127,0.047401130,-0.121891484,-0.638357460,ros2_odometer_state
M19C_S3_artificial_turf_B1_U060_R1,2756.733867272,7.616026029,command,0.600000,-5.841711998,-44.325111389,-0.634521127,0.047401130,-0.121891484,-0.638357460,ros2_odometer_state
M19C_S3_artificial_turf_B1_U060_R1,2756.736684792,7.618843549,command,0.600000,-5.841711998,-44.325111389,-0.634521127,0.046182029,-0.122043826,-0.638942003,ros2_odometer_state
M19C_S3_artificial_turf_B1_U060_R1,2756.738663271,7.620822028,command,0.600000,-5.841711998,-44.325111389,-0.634521127,0.045489751,-0.122094154,-0.639156222,ros2_odometer_state
M19C_S3_artificial_turf_B1_U060_R1,2756.740921792,7.623080549,command,0.600000,-5.830866814,-44.336532593,-0.639156222,0.044773601,-0.122110382,-0.639305830,ros2_odometer_state
M19C_S3_artificial_turf_B1_U060_R1,2756.742658629,7.624817386,command,0.600000,-5.830866814,-44.336532593,-0.639156222,0.044063494,-0.122082427,-0.639432907,ros2_odometer_state
M19C_S3_artificial_turf_B1_U060_R1,2756.745185770,7.627344527,command,0.600000,-5.830866814,-44.336532593,-0.639156222,0.043379068,-0.122027457,-0.639555156,ros2_odometer_state
M19C_S3_artificial_turf_B1_U060_R1,2756.746647748,7.628806505,command,0.600000,-5.830866814,-44.336532593,-0.639156222,0.042699512,-0.121968299,-0.639662266,ros2_odometer_state
M19C_S3_artificial_turf_B1_U060_R1,2756.748672469,7.630831226,command,0.600000,-5.830866814,-44.336532593,-0.639156222,0.041983034,-0.121916018,-0.639690816,ros2_odometer_state
M19C_S3_artificial_turf_B1_U060_R1,2756.750636003,7.632794760,command,0.600000,-5.830866814,-44.336532593,-0.639156222,0.041180689,-0.121881314,-0.639601767,ros2_odometer_state
M19C_S3_artificial_turf_B1_U060_R1,2756.753302125,7.635460882,command,0.600000,-5.830866814,-44.336532593,-0.639156222,0.040303145,-0.121877648,-0.639425576,ros2_odometer_state
M19C_S3_artificial_turf_B1_U060_R1,2756.754025097,7.636183854,command,0.600000,-5.830866814,-44.336532593,-0.639156222,0.040303145,-0.121877648,-0.639425576,ros2_odometer_state
M19C_S3_artificial_turf_B1_U060_R1,2756.755981847,7.638140604,command,0.600000,-5.830866814,-44.336532593,-0.639156222,0.039399195,-0.121921338,-0.639183164,ros2_odometer_state
M19C_S3_artificial_turf_B1_U060_R1,2756.758736005,7.640894762,command,0.600000,-5.830866814,-44.336532593,-0.639156222,0.037696294,-0.122198820,-0.638513803,ros2_odometer_state
M19C_S3_artificial_turf_B1_U060_R1,2756.759864338,7.642023095,command,0.600000,-5.819509029,-44.348529816,-0.638513803,0.037696294,-0.122198820,-0.638513803,ros2_odometer_state
M19C_S3_artificial_turf_B1_U060_R1,2756.762640768,7.644799525,command,0.600000,-5.819509029,-44.348529816,-0.638513803,0.036137547,-0.122475989,-0.637715876,ros2_odometer_state
M19C_S3_artificial_turf_B1_U060_R1,2756.764376261,7.646535018,command,0.600000,-5.819509029,-44.348529816,-0.638513803,0.036137547,-0.122475989,-0.637715876,ros2_odometer_state
M19C_S3_artificial_turf_B1_U060_R1,2756.766639711,7.648798468,command,0.600000,-5.819509029,-44.348529816,-0.638513803,0.034528792,-0.122550130,-0.636903524,ros2_odometer_state
M19C_S3_artificial_turf_B1_U060_R1,2756.767835150,7.649993907,command,0.600000,-5.819509029,-44.348529816,-0.638513803,0.034528792,-0.122550130,-0.636903524,ros2_odometer_state
M19C_S3_artificial_turf_B1_U060_R1,2756.770575003,7.652733760,command,0.600000,-5.819509029,-44.348529816,-0.638513803,0.032779098,-0.122661427,-0.636198938,ros2_odometer_state
M19C_S3_artificial_turf_B1_U060_R1,2756.772629517,7.654788274,command,0.600000,-5.819509029,-44.348529816,-0.638513803,0.031868864,-0.122798175,-0.635815024,ros2_odometer_state
M19C_S3_artificial_turf_B1_U060_R1,2756.774630301,7.656789058,command,0.600000,-5.819509029,-44.348529816,-0.638513803,0.030963486,-0.122990288,-0.635358751,ros2_odometer_state
M19C_S3_artificial_turf_B1_U060_R1,2756.776570506,7.658729263,command,0.600000,-5.819509029,-44.348529816,-0.638513803,0.030084083,-0.123223774,-0.634788990,ros2_odometer_state
M19C_S3_artificial_turf_B1_U060_R1,2756.777820187,7.659978944,command,0.600000,-5.819509029,-44.348529816,-0.638513803,0.030084083,-0.123223774,-0.634788990,ros2_odometer_state
M19C_S3_artificial_turf_B1_U060_R1,2756.779924687,7.662083444,command,0.600000,-5.807540894,-44.360370636,-0.634144187,0.029252624,-0.123444714,-0.634144187,ros2_odometer_state
M19C_S3_artificial_turf_B1_U060_R1,2756.782623002,7.664781759,command,0.600000,-5.807540894,-44.360370636,-0.634144187,0.027749550,-0.123615354,-0.632881045,ros2_odometer_state
M19C_S3_artificial_turf_B1_U060_R1,2756.785139454,7.667298211,command,0.600000,-5.807540894,-44.360370636,-0.634144187,0.027045961,-0.123558812,-0.632360756,ros2_odometer_state
M19C_S3_artificial_turf_B1_U060_R1,2756.789080507,7.671239264,command,0.600000,-5.807540894,-44.360370636,-0.634144187,0.027045961,-0.123558812,-0.632360756,ros2_odometer_state
M19C_S3_artificial_turf_B1_U060_R1,2756.790552310,7.672711067,command,0.600000,-5.807540894,-44.360370636,-0.634144187,0.026358383,-0.123459905,-0.631946981,ros2_odometer_state
M19C_S3_artificial_turf_B1_U060_R1,2756.794083682,7.676242439,command,0.600000,-5.807540894,-44.360370636,-0.634144187,0.025110988,-0.123449482,-0.631310165,ros2_odometer_state
M19C_S3_artificial_turf_B1_U060_R1,2756.795546204,7.677704961,command,0.600000,-5.807540894,-44.360370636,-0.634144187,0.024590172,-0.123573370,-0.631050646,ros2_odometer_state
M19C_S3_artificial_turf_B1_U060_R1,2756.798493233,7.680651990,command,0.600000,-5.807540894,-44.360370636,-0.634144187,0.024132947,-0.123740368,-0.630803287,ros2_odometer_state
M19C_S3_artificial_turf_B1_U060_R1,2756.800071568,7.682230325,command,0.600000,-5.807540894,-44.360370636,-0.634144187,0.023722231,-0.123921134,-0.630551696,ros2_odometer_state
M19C_S3_artificial_turf_B1_U060_R1,2756.801642479,7.683801236,command,0.600000,-5.807540894,-44.360370636,-0.634144187,0.023321392,-0.124062724,-0.630311966,ros2_odometer_state
M19C_S3_artificial_turf_B1_U060_R1,2756.803099752,7.685258509,command,0.600000,-5.795052052,-44.372016907,-0.630311966,0.022892220,-0.124100961,-0.630065620,ros2_odometer_state
M19C_S3_artificial_turf_B1_U060_R1,2756.804592804,7.686751561,command,0.600000,-5.795052052,-44.372016907,-0.630311966,0.022464002,-0.124008618,-0.629844427,ros2_odometer_state
M19C_S3_artificial_turf_B1_U060_R1,2756.805528649,7.687687406,command,0.600000,-5.795052052,-44.372016907,-0.630311966,0.022064112,-0.123821996,-0.629695773,ros2_odometer_state
M19C_S3_artificial_turf_B1_U060_R1,2756.812595298,7.694754055,command,0.600000,-5.795052052,-44.372016907,-0.630311966,0.021693429,-0.123594299,-0.629613340,ros2_odometer_state
M19C_S3_artificial_turf_B1_U060_R1,2756.816463164,7.698621921,command,0.600000,-5.795052052,-44.372016907,-0.630311966,0.021335566,-0.123393938,-0.629560053,ros2_odometer_state
M19C_S3_artificial_turf_B1_U060_R1,2756.818753783,7.700912540,command,0.600000,-5.795052052,-44.372016907,-0.630311966,0.021032445,-0.123261370,-0.629556596,ros2_odometer_state
M19C_S3_artificial_turf_B1_U060_R1,2756.820450874,7.702609631,command,0.600000,-5.795052052,-44.372016907,-0.630311966,0.020781180,-0.123219691,-0.629598856,ros2_odometer_state
M19C_S3_artificial_turf_B1_U060_R1,2756.821416449,7.703575206,command,0.600000,-5.795052052,-44.372016907,-0.630311966,0.020537091,-0.123242497,-0.629643440,ros2_odometer_state
M19C_S3_artificial_turf_B1_U060_R1,2756.823034561,7.705193318,command,0.600000,-5.795052052,-44.372016907,-0.630311966,0.020303896,-0.123283997,-0.629692674,ros2_odometer_state
M19C_S3_artificial_turf_B1_U060_R1,2756.824842793,7.707001550,command,0.600000,-5.795052052,-44.372016907,-0.630311966,0.020085746,-0.123299457,-0.629808426,ros2_odometer_state
M19C_S3_artificial_turf_B1_U060_R1,2756.826432936,7.708591693,command,0.600000,-5.783098698,-44.382511139,-0.629808426,0.019857941,-0.123250440,-0.629991949,ros2_odometer_state
M19C_S3_artificial_turf_B1_U060_R1,2756.827419023,7.709577780,command,0.600000,-5.783098698,-44.382511139,-0.629808426,0.019630497,-0.123113640,-0.630218506,ros2_odometer_state
M19C_S3_artificial_turf_B1_U060_R1,2756.828964493,7.711123250,command,0.600000,-5.783098698,-44.382511139,-0.629808426,0.019418936,-0.122901119,-0.630521476,ros2_odometer_state
M19C_S3_artificial_turf_B1_U060_R1,2756.831036959,7.713195716,command,0.600000,-5.783098698,-44.382511139,-0.629808426,0.019228915,-0.122641258,-0.630916059,ros2_odometer_state
M19C_S3_artificial_turf_B1_U060_R1,2756.832215790,7.714374547,command,0.600000,-5.783098698,-44.382511139,-0.629808426,0.019053105,-0.122379623,-0.631324172,ros2_odometer_state
M19C_S3_artificial_turf_B1_U060_R1,2756.833115890,7.715274647,command,0.600000,-5.783098698,-44.382511139,-0.629808426,0.018904621,-0.122131117,-0.631731689,ros2_odometer_state
M19C_S3_artificial_turf_B1_U060_R1,2756.834137722,7.716296479,command,0.600000,-5.783098698,-44.382511139,-0.629808426,0.018765176,-0.121896461,-0.632157505,ros2_odometer_state
M19C_S3_artificial_turf_B1_U060_R1,2756.835015805,7.717174562,command,0.600000,-5.783098698,-44.382511139,-0.629808426,0.018619040,-0.121675484,-0.632572293,ros2_odometer_state
M19C_S3_artificial_turf_B1_U060_R1,2756.836763747,7.718922504,command,0.600000,-5.783098698,-44.382511139,-0.629808426,0.018461490,-0.121466897,-0.632961392,ros2_odometer_state
M19C_S3_artificial_turf_B1_U060_R1,2756.838578827,7.720737584,command,0.600000,-5.783098698,-44.382511139,-0.629808426,0.018274089,-0.121250570,-0.633374035,ros2_odometer_state
M19C_S3_artificial_turf_B1_U060_R1,2756.840820292,7.722979049,command,0.600000,-5.769680977,-44.391460419,-0.633374035,0.018070968,-0.121009476,-0.633842587,ros2_odometer_state
M19C_S3_artificial_turf_B1_U060_R1,2756.842606763,7.724765520,command,0.600000,-5.769680977,-44.391460419,-0.633374035,0.017860178,-0.120733857,-0.634366930,ros2_odometer_state
M19C_S3_artificial_turf_B1_U060_R1,2756.845233044,7.727391801,command,0.600000,-5.769680977,-44.391460419,-0.633374035,0.017638342,-0.120423146,-0.634926319,ros2_odometer_state
M19C_S3_artificial_turf_B1_U060_R1,2756.846594730,7.728753487,command,0.600000,-5.769680977,-44.391460419,-0.633374035,0.017413195,-0.120103128,-0.635509551,ros2_odometer_state
M19C_S3_artificial_turf_B1_U060_R1,2756.848605850,7.730764607,command,0.600000,-5.769680977,-44.391460419,-0.633374035,0.017181486,-0.119779788,-0.636121631,ros2_odometer_state
M19C_S3_artificial_turf_B1_U060_R1,2756.850827858,7.732986615,command,0.600000,-5.769680977,-44.391460419,-0.633374035,0.016948622,-0.119458623,-0.636749923,ros2_odometer_state
M19C_S3_artificial_turf_B1_U060_R1,2756.852734206,7.734892963,command,0.600000,-5.769680977,-44.391460419,-0.633374035,0.016717676,-0.119147345,-0.637385309,ros2_odometer_state
M19C_S3_artificial_turf_B1_U060_R1,2756.855474315,7.737633072,command,0.600000,-5.769680977,-44.391460419,-0.633374035,0.016473133,-0.118825354,-0.638022184,ros2_odometer_state
M19C_S3_artificial_turf_B1_U060_R1,2756.856214792,7.738373549,command,0.600000,-5.769680977,-44.391460419,-0.633374035,0.016473133,-0.118825354,-0.638022184,ros2_odometer_state
M19C_S3_artificial_turf_B1_U060_R1,2756.858839729,7.740998486,command,0.600000,-5.769680977,-44.391460419,-0.633374035,0.015940951,-0.118085884,-0.639358342,ros2_odometer_state
M19C_S3_artificial_turf_B1_U060_R1,2756.860790430,7.742949187,command,0.600000,-5.756326675,-44.400344849,-0.639358342,0.015645461,-0.117679335,-0.640069723,ros2_odometer_state
M19C_S3_artificial_turf_B1_U060_R1,2756.861876649,7.744035406,command,0.600000,-5.756326675,-44.400344849,-0.639358342,0.015645461,-0.117679335,-0.640069723,ros2_odometer_state
M19C_S3_artificial_turf_B1_U060_R1,2756.865205358,7.747364115,command,0.600000,-5.756326675,-44.400344849,-0.639358342,0.014943040,-0.116826475,-0.641429901,ros2_odometer_state
M19C_S3_artificial_turf_B1_U060_R1,2756.866612806,7.748771563,command,0.600000,-5.756326675,-44.400344849,-0.639358342,0.014557065,-0.116413206,-0.642106235,ros2_odometer_state
M19C_S3_artificial_turf_B1_U060_R1,2756.867944283,7.750103040,command,0.600000,-5.756326675,-44.400344849,-0.639358342,0.014557065,-0.116413206,-0.642106235,ros2_odometer_state
M19C_S3_artificial_turf_B1_U060_R1,2756.870602980,7.752761737,command,0.600000,-5.756326675,-44.400344849,-0.639358342,0.013714617,-0.115647301,-0.643508494,ros2_odometer_state
M19C_S3_artificial_turf_B1_U060_R1,2756.872580883,7.754739640,command,0.600000,-5.756326675,-44.400344849,-0.639358342,0.013264290,-0.115292057,-0.644199908,ros2_odometer_state
M19C_S3_artificial_turf_B1_U060_R1,2756.874789579,7.756948336,command,0.600000,-5.756326675,-44.400344849,-0.639358342,0.012789813,-0.114959724,-0.644860506,ros2_odometer_state
M19C_S3_artificial_turf_B1_U060_R1,2756.876738808,7.758897565,command,0.600000,-5.756326675,-44.400344849,-0.639358342,0.012288949,-0.114644274,-0.645511746,ros2_odometer_state
M19C_S3_artificial_turf_B1_U060_R1,2756.878829035,7.760987792,command,0.600000,-5.756326675,-44.400344849,-0.639358342,0.011756155,-0.114346303,-0.646161199,ros2_odometer_state
M19C_S3_artificial_turf_B1_U060_R1,2756.880877629,7.763036386,command,0.600000,-5.743360996,-44.408977509,-0.646161199,0.011190354,-0.114078194,-0.646791041,ros2_odometer_state
M19C_S3_artificial_turf_B1_U060_R1,2756.882329398,7.764488155,command,0.600000,-5.743360996,-44.408977509,-0.646161199,0.011190354,-0.114078194,-0.646791041,ros2_odometer_state
M19C_S3_artificial_turf_B1_U060_R1,2756.885510613,7.767669370,command,0.600000,-5.743360996,-44.408977509,-0.646161199,0.010073697,-0.113799460,-0.648140848,ros2_odometer_state
M19C_S3_artificial_turf_B1_U060_R1,2756.886115853,7.768274610,command,0.600000,-5.743360996,-44.408977509,-0.646161199,0.010073697,-0.113799460,-0.648140848,ros2_odometer_state
M19C_S3_artificial_turf_B1_U060_R1,2756.889545461,7.771704218,command,0.600000,-5.743360996,-44.408977509,-0.646161199,0.009137008,-0.113726497,-0.649482131,ros2_odometer_state
M19C_S3_artificial_turf_B1_U060_R1,2756.890171758,7.772330515,command,0.600000,-5.743360996,-44.408977509,-0.646161199,0.009137008,-0.113726497,-0.649482131,ros2_odometer_state
M19C_S3_artificial_turf_B1_U060_R1,2756.892023160,7.774181917,command,0.600000,-5.743360996,-44.408977509,-0.646161199,0.008644617,-0.113587111,-0.650115609,ros2_odometer_state
M19C_S3_artificial_turf_B1_U060_R1,2756.893975974,7.776134731,command,0.600000,-5.743360996,-44.408977509,-0.646161199,0.008172767,-0.113394171,-0.650800109,ros2_odometer_state
M19C_S3_artificial_turf_B1_U060_R1,2756.895970869,7.778129626,command,0.600000,-5.743360996,-44.408977509,-0.646161199,0.007701224,-0.113195047,-0.651527166,ros2_odometer_state
M19C_S3_artificial_turf_B1_U060_R1,2756.898110442,7.780269199,command,0.600000,-5.743360996,-44.408977509,-0.646161199,0.007701224,-0.113195047,-0.651527166,ros2_odometer_state
M19C_S3_artificial_turf_B1_U060_R1,2756.900081208,7.782239965,command,0.600000,-5.730871677,-44.418918610,-0.652920187,0.006827472,-0.112783745,-0.652920187,ros2_odometer_state
M19C_S3_artificial_turf_B1_U060_R1,2756.901982084,7.784140841,command,0.600000,-5.730871677,-44.418918610,-0.652920187,0.006492783,-0.112580664,-0.653524041,ros2_odometer_state
M19C_S3_artificial_turf_B1_U060_R1,2756.904621869,7.786780626,command,0.600000,-5.730871677,-44.418918610,-0.652920187,0.006207853,-0.112374231,-0.654085934,ros2_odometer_state
M19C_S3_artificial_turf_B1_U060_R1,2756.906905256,7.789064013,command,0.600000,-5.730871677,-44.418918610,-0.652920187,0.005961861,-0.112137817,-0.654520988,ros2_odometer_state
M19C_S3_artificial_turf_B1_U060_R1,2756.908868886,7.791027643,command,0.600000,-5.730871677,-44.418918610,-0.652920187,0.005530182,-0.111344337,-0.654704154,ros2_odometer_state
M19C_S3_artificial_turf_B1_U060_R1,2756.909993826,7.792152583,command,0.600000,-5.730871677,-44.418918610,-0.652920187,0.005530182,-0.111344337,-0.654704154,ros2_odometer_state
M19C_S3_artificial_turf_B1_U060_R1,2756.912099350,7.794258107,command,0.600000,-5.730871677,-44.418918610,-0.652920187,0.005336814,-0.110688001,-0.654557288,ros2_odometer_state
M19C_S3_artificial_turf_B1_U060_R1,2756.916553127,7.798711884,command,0.600000,-5.730871677,-44.418918610,-0.652920187,0.005185225,-0.109922849,-0.654347897,ros2_odometer_state
M19C_S3_artificial_turf_B1_U060_R1,2756.917601905,7.799760662,command,0.600000,-5.730871677,-44.418918610,-0.652920187,0.005066538,-0.108490467,-0.653718174,ros2_odometer_state
M19C_S3_artificial_turf_B1_U060_R1,2756.918686460,7.800845217,command,0.600000,-5.730871677,-44.418918610,-0.652920187,0.005067851,-0.107883446,-0.653256238,ros2_odometer_state
M19C_S3_artificial_turf_B1_U060_R1,2756.921189599,7.803348356,command,0.600000,-5.718019485,-44.427722931,-0.652679205,0.005137823,-0.106760927,-0.652046084,ros2_odometer_state
M19C_S3_artificial_turf_B1_U060_R1,2756.922072195,7.804230952,command,0.600000,-5.718019485,-44.427722931,-0.652679205,0.005137823,-0.106760927,-0.652046084,ros2_odometer_state
M19C_S3_artificial_turf_B1_U060_R1,2756.925566477,7.807725234,command,0.600000,-5.718019485,-44.427722931,-0.652679205,0.005392851,-0.105665773,-0.650888145,ros2_odometer_state
M19C_S3_artificial_turf_B1_U060_R1,2756.926307499,7.808466256,command,0.600000,-5.718019485,-44.427722931,-0.652679205,0.005392851,-0.105665773,-0.650888145,ros2_odometer_state
M19C_S3_artificial_turf_B1_U060_R1,2756.928326171,7.810484928,command,0.600000,-5.718019485,-44.427722931,-0.652679205,0.005560319,-0.105143771,-0.650385857,ros2_odometer_state
M19C_S3_artificial_turf_B1_U060_R1,2756.930236583,7.812395340,command,0.600000,-5.718019485,-44.427722931,-0.652679205,0.005757926,-0.104645319,-0.649974585,ros2_odometer_state
M19C_S3_artificial_turf_B1_U060_R1,2756.932182677,7.814341434,command,0.600000,-5.718019485,-44.427722931,-0.652679205,0.006003056,-0.104167089,-0.649672270,ros2_odometer_state
M19C_S3_artificial_turf_B1_U060_R1,2756.934120738,7.816279495,command,0.600000,-5.718019485,-44.427722931,-0.652679205,0.006267683,-0.103704005,-0.649498105,ros2_odometer_state
M19C_S3_artificial_turf_B1_U060_R1,2756.936187668,7.818346425,command,0.600000,-5.718019485,-44.427722931,-0.652679205,0.006563092,-0.103271164,-0.649424553,ros2_odometer_state
M19C_S3_artificial_turf_B1_U060_R1,2756.939077095,7.821235852,command,0.600000,-5.718019485,-44.427722931,-0.652679205,0.007134343,-0.102477670,-0.649331510,ros2_odometer_state
M19C_S3_artificial_turf_B1_U060_R1,2756.941125880,7.823284637,command,0.600000,-5.707093239,-44.435344696,-0.649331510,0.007319061,-0.101979129,-0.649301231,ros2_odometer_state
M19C_S3_artificial_turf_B1_U060_R1,2756.942791482,7.824950239,command,0.600000,-5.707093239,-44.435344696,-0.649331510,0.007443877,-0.101383485,-0.649236858,ros2_odometer_state
M19C_S3_artificial_turf_B1_U060_R1,2756.945523303,7.827682060,command,0.600000,-5.707093239,-44.435344696,-0.649331510,0.007540083,-0.100718677,-0.649145424,ros2_odometer_state
M19C_S3_artificial_turf_B1_U060_R1,2756.947543319,7.829702076,command,0.600000,-5.707093239,-44.435344696,-0.649331510,0.007608184,-0.099982388,-0.649098933,ros2_odometer_state
M19C_S3_artificial_turf_B1_U060_R1,2756.949265692,7.831424449,command,0.600000,-5.707093239,-44.435344696,-0.649331510,0.007646609,-0.099177130,-0.649195731,ros2_odometer_state
M19C_S3_artificial_turf_B1_U060_R1,2756.951291340,7.833450097,command,0.600000,-5.707093239,-44.435344696,-0.649331510,0.007673414,-0.098354124,-0.649457097,ros2_odometer_state
M19C_S3_artificial_turf_B1_U060_R1,2756.952995216,7.835153973,command,0.600000,-5.707093239,-44.435344696,-0.649331510,0.007673380,-0.097527996,-0.649770081,ros2_odometer_state
M19C_S3_artificial_turf_B1_U060_R1,2756.955038561,7.837197318,command,0.600000,-5.707093239,-44.435344696,-0.649331510,0.007620401,-0.096722372,-0.650001884,ros2_odometer_state
M19C_S3_artificial_turf_B1_U060_R1,2756.956949677,7.839108434,command,0.600000,-5.707093239,-44.435344696,-0.649331510,0.007497589,-0.096012570,-0.650136173,ros2_odometer_state
M19C_S3_artificial_turf_B1_U060_R1,2756.958998559,7.841157316,command,0.600000,-5.707093239,-44.435344696,-0.649331510,0.007302671,-0.095427096,-0.650286973,ros2_odometer_state
M19C_S3_artificial_turf_B1_U060_R1,2756.960999214,7.843157971,command,0.600000,-5.695689201,-44.441490173,-0.650286973,0.007072541,-0.094930977,-0.650549710,ros2_odometer_state
M19C_S3_artificial_turf_B1_U060_R1,2756.962923195,7.845081952,command,0.600000,-5.695689201,-44.441490173,-0.650286973,0.006819163,-0.094501249,-0.650914133,ros2_odometer_state
M19C_S3_artificial_turf_B1_U060_R1,2756.964759076,7.846917833,command,0.600000,-5.695689201,-44.441490173,-0.650286973,0.006819163,-0.094501249,-0.650914133,ros2_odometer_state
M19C_S3_artificial_turf_B1_U060_R1,2756.966967836,7.849126593,command,0.600000,-5.695689201,-44.441490173,-0.650286973,0.006254851,-0.093736470,-0.651827991,ros2_odometer_state
M19C_S3_artificial_turf_B1_U060_R1,2756.969106193,7.851264950,command,0.600000,-5.695689201,-44.441490173,-0.650286973,0.005975243,-0.093337752,-0.652445018,ros2_odometer_state
M19C_S3_artificial_turf_B1_U060_R1,2756.970142394,7.852301151,command,0.600000,-5.695689201,-44.441490173,-0.650286973,0.005975243,-0.093337752,-0.652445018,ros2_odometer_state
M19C_S3_artificial_turf_B1_U060_R1,2756.972112488,7.854271245,command,0.600000,-5.695689201,-44.441490173,-0.650286973,0.005695269,-0.092889093,-0.653237879,ros2_odometer_state
M19C_S3_artificial_turf_B1_U060_R1,2756.974105623,7.856264380,command,0.600000,-5.695689201,-44.441490173,-0.650286973,0.005423604,-0.092390761,-0.654153705,ros2_odometer_state
M19C_S3_artificial_turf_B1_U060_R1,2756.976847172,7.859005929,command,0.600000,-5.695689201,-44.441490173,-0.650286973,0.004919345,-0.091399550,-0.655932069,ros2_odometer_state
M19C_S3_artificial_turf_B1_U060_R1,2756.978884341,7.861043098,command,0.600000,-5.695689201,-44.441490173,-0.650286973,0.004692275,-0.091006272,-0.656694293,ros2_odometer_state
M19C_S3_artificial_turf_B1_U060_R1,2756.981357368,7.863516125,command,0.600000,-5.684141636,-44.448844910,-0.656694293,0.004464573,-0.090730071,-0.657363832,ros2_odometer_state
M19C_S3_artificial_turf_B1_U060_R1,2756.982870644,7.865029401,command,0.600000,-5.684141636,-44.448844910,-0.656694293,0.004227104,-0.090562299,-0.657935143,ros2_odometer_state
M19C_S3_artificial_turf_B1_U060_R1,2756.985934286,7.868093043,command,0.600000,-5.684141636,-44.448844910,-0.656694293,0.003970142,-0.090446375,-0.658460975,ros2_odometer_state
M19C_S3_artificial_turf_B1_U060_R1,2756.986991576,7.869150333,command,0.600000,-5.684141636,-44.448844910,-0.656694293,0.003688956,-0.090294152,-0.659022272,ros2_odometer_state
M19C_S3_artificial_turf_B1_U060_R1,2756.988228393,7.870387150,command,0.600000,-5.684141636,-44.448844910,-0.656694293,0.003688956,-0.090294152,-0.659022272,ros2_odometer_state
M19C_S3_artificial_turf_B1_U060_R1,2756.991140061,7.873298818,command,0.600000,-5.684141636,-44.448844910,-0.656694293,0.003090687,-0.089652427,-0.660415709,ros2_odometer_state
M19C_S3_artificial_turf_B1_U060_R1,2756.992317643,7.874476400,command,0.600000,-5.684141636,-44.448844910,-0.656694293,0.003090687,-0.089652427,-0.660415709,ros2_odometer_state
M19C_S3_artificial_turf_B1_U060_R1,2756.994142996,7.876301753,command,0.600000,-5.684141636,-44.448844910,-0.656694293,0.002818615,-0.089182034,-0.661157131,ros2_odometer_state
M19C_S3_artificial_turf_B1_U060_R1,2756.996209030,7.878367787,command,0.600000,-5.684141636,-44.448844910,-0.656694293,0.002593614,-0.088687815,-0.661905766,ros2_odometer_state
M19C_S3_artificial_turf_B1_U060_R1,2756.999056919,7.881215676,command,0.600000,-5.684141636,-44.448844910,-0.656694293,0.002225982,-0.087814413,-0.663533509,ros2_odometer_state
M19C_S3_artificial_turf_B1_U060_R1,2757.001905545,7.884064302,command,0.600000,-5.671061039,-44.456165314,-0.663533509,0.002001528,-0.087501198,-0.664222538,ros2_odometer_state
M19C_S3_artificial_turf_B1_U060_R1,2757.003151098,7.885309855,command,0.600000,-5.671061039,-44.456165314,-0.663533509,0.001725665,-0.087271281,-0.664715648,ros2_odometer_state
M19C_S3_artificial_turf_B1_U060_R1,2757.005617436,7.887776193,command,0.600000,-5.671061039,-44.456165314,-0.663533509,0.001419451,-0.087096348,-0.665082633,ros2_odometer_state
M19C_S3_artificial_turf_B1_U060_R1,2757.006315704,7.888474461,command,0.600000,-5.671061039,-44.456165314,-0.663533509,0.001419451,-0.087096348,-0.665082633,ros2_odometer_state
M19C_S3_artificial_turf_B1_U060_R1,2757.008296647,7.890455404,command,0.600000,-5.671061039,-44.456165314,-0.663533509,0.001136788,-0.086925201,-0.665447950,ros2_odometer_state
M19C_S3_artificial_turf_B1_U060_R1,2757.011568489,7.893727246,command,0.600000,-5.671061039,-44.456165314,-0.663533509,0.000746988,-0.086410291,-0.666390300,ros2_odometer_state
M19C_S3_artificial_turf_B1_U060_R1,2757.012444172,7.894602929,command,0.600000,-5.671061039,-44.456165314,-0.663533509,0.000746988,-0.086410291,-0.666390300,ros2_odometer_state
M19C_S3_artificial_turf_B1_U060_R1,2757.014601761,7.896760518,command,0.600000,-5.671061039,-44.456165314,-0.663533509,0.000546391,-0.086096391,-0.666800797,ros2_odometer_state
M19C_S3_artificial_turf_B1_U060_R1,2757.016274724,7.898433481,command,0.600000,-5.671061039,-44.456165314,-0.663533509,0.000302524,-0.085795790,-0.667035699,ros2_odometer_state
M19C_S3_artificial_turf_B1_U060_R1,2757.019075315,7.901234072,command,0.600000,-5.671061039,-44.456165314,-0.663533509,-0.000172948,-0.085218273,-0.667138457,ros2_odometer_state
M19C_S3_artificial_turf_B1_U060_R1,2757.021283755,7.903442512,command,0.600000,-5.659176350,-44.464450836,-0.667138457,-0.000412375,-0.084855452,-0.667104483,ros2_odometer_state
M19C_S3_artificial_turf_B1_U060_R1,2757.022208496,7.904367253,command,0.600000,-5.659176350,-44.464450836,-0.667138457,-0.000412375,-0.084855452,-0.667104483,ros2_odometer_state
M19C_S3_artificial_turf_B1_U060_R1,2757.024949245,7.907108002,command,0.600000,-5.659176350,-44.464450836,-0.667138457,-0.000653202,-0.084452689,-0.666997671,ros2_odometer_state
M19C_S3_artificial_turf_B1_U060_R1,2757.026277490,7.908436247,command,0.600000,-5.659176350,-44.464450836,-0.667138457,-0.000907453,-0.084043749,-0.666783869,ros2_odometer_state
M19C_S3_artificial_turf_B1_U060_R1,2757.028459528,7.910618285,command,0.600000,-5.659176350,-44.464450836,-0.667138457,-0.001174181,-0.083640546,-0.666471243,ros2_odometer_state
M19C_S3_artificial_turf_B1_U060_R1,2757.031374844,7.913533601,command,0.600000,-5.659176350,-44.464450836,-0.667138457,-0.001681182,-0.082715489,-0.665831447,ros2_odometer_state
M19C_S3_artificial_turf_B1_U060_R1,2757.033351627,7.915510384,command,0.600000,-5.659176350,-44.464450836,-0.667138457,-0.001863820,-0.082132705,-0.665640712,ros2_odometer_state
M19C_S3_artificial_turf_B1_U060_R1,2757.035346586,7.917505343,command,0.600000,-5.659176350,-44.464450836,-0.667138457,-0.001991999,-0.081495799,-0.665502012,ros2_odometer_state
M19C_S3_artificial_turf_B1_U060_R1,2757.038216236,7.920374993,command,0.600000,-5.659176350,-44.464450836,-0.667138457,-0.002080907,-0.080879137,-0.665287852,ros2_odometer_state
M19C_S3_artificial_turf_B1_U060_R1,2757.038516632,7.920675389,command,0.600000,-5.659176350,-44.464450836,-0.667138457,-0.002080907,-0.080879137,-0.665287852,ros2_odometer_state
M19C_S3_artificial_turf_B1_U060_R1,2757.040424036,7.922582793,command,0.600000,-5.647410393,-44.472591400,-0.664820075,-0.002174400,-0.080374323,-0.664820075,ros2_odometer_state
M19C_S3_artificial_turf_B1_U060_R1,2757.043172465,7.925331222,command,0.600000,-5.647410393,-44.472591400,-0.664820075,-0.002453689,-0.079643853,-0.663092852,ros2_odometer_state
M19C_S3_artificial_turf_B1_U060_R1,2757.045723863,7.927882620,command,0.600000,-5.647410393,-44.472591400,-0.664820075,-0.002541858,-0.079249002,-0.662091672,ros2_odometer_state
M19C_S3_artificial_turf_B1_U060_R1,2757.046371408,7.928530165,command,0.600000,-5.647410393,-44.472591400,-0.664820075,-0.002541858,-0.079249002,-0.662091672,ros2_odometer_state
M19C_S3_artificial_turf_B1_U060_R1,2757.049237282,7.931396039,command,0.600000,-5.647410393,-44.472591400,-0.664820075,-0.002562974,-0.078266069,-0.660344422,ros2_odometer_state
M19C_S3_artificial_turf_B1_U060_R1,2757.050296172,7.932454929,command,0.600000,-5.647410393,-44.472591400,-0.664820075,-0.002562974,-0.078266069,-0.660344422,ros2_odometer_state
M19C_S3_artificial_turf_B1_U060_R1,2757.052325341,7.934484098,command,0.600000,-5.647410393,-44.472591400,-0.664820075,-0.002525602,-0.077702336,-0.659618020,ros2_odometer_state
M19C_S3_artificial_turf_B1_U060_R1,2757.054893955,7.937052712,command,0.600000,-5.647410393,-44.472591400,-0.664820075,-0.002490187,-0.076507784,-0.657772541,ros2_odometer_state
M19C_S3_artificial_turf_B1_U060_R1,2757.056547909,7.938706666,command,0.600000,-5.647410393,-44.472591400,-0.664820075,-0.002490187,-0.076507784,-0.657772541,ros2_odometer_state
M19C_S3_artificial_turf_B1_U060_R1,2757.058301163,7.940459920,command,0.600000,-5.647410393,-44.472591400,-0.664820075,-0.002588490,-0.075940616,-0.656563044,ros2_odometer_state
M19C_S3_artificial_turf_B1_U060_R1,2757.061039832,7.943198589,command,0.600000,-5.636586666,-44.481140137,-0.655302763,-0.002867110,-0.074710727,-0.654056311,ros2_odometer_state
M19C_S3_artificial_turf_B1_U060_R1,2757.062258376,7.944417133,command,0.600000,-5.636586666,-44.481140137,-0.655302763,-0.002867110,-0.074710727,-0.654056311,ros2_odometer_state
M19C_S3_artificial_turf_B1_U060_R1,2757.064889745,7.947048502,command,0.600000,-5.636586666,-44.481140137,-0.655302763,-0.003035176,-0.074023522,-0.652812064,ros2_odometer_state
M19C_S3_artificial_turf_B1_U060_R1,2757.067041766,7.949200523,command,0.600000,-5.636586666,-44.481140137,-0.655302763,-0.003415540,-0.072750062,-0.650513172,ros2_odometer_state
M19C_S3_artificial_turf_B1_U060_R1,2757.068373019,7.950531776,command,0.600000,-5.636586666,-44.481140137,-0.655302763,-0.003415540,-0.072750062,-0.650513172,ros2_odometer_state
M19C_S3_artificial_turf_B1_U060_R1,2757.071075559,7.953234316,command,0.600000,-5.636586666,-44.481140137,-0.655302763,-0.003830808,-0.071529083,-0.648736119,ros2_odometer_state
M19C_S3_artificial_turf_B1_U060_R1,2757.073079702,7.955238459,command,0.600000,-5.636586666,-44.481140137,-0.655302763,-0.004037270,-0.070881404,-0.647996008,ros2_odometer_state
M19C_S3_artificial_turf_B1_U060_R1,2757.075043588,7.957202345,command,0.600000,-5.636586666,-44.481140137,-0.655302763,-0.004238215,-0.070230924,-0.647258461,ros2_odometer_state
M19C_S3_artificial_turf_B1_U060_R1,2757.077018483,7.959177240,command,0.600000,-5.636586666,-44.481140137,-0.655302763,-0.004444041,-0.069568031,-0.646478295,ros2_odometer_state
M19C_S3_artificial_turf_B1_U060_R1,2757.079160744,7.961319501,command,0.600000,-5.636586666,-44.481140137,-0.655302763,-0.004648436,-0.068855226,-0.645703852,ros2_odometer_state
M19C_S3_artificial_turf_B1_U060_R1,2757.080605730,7.962764487,command,0.600000,-5.626166344,-44.488426208,-0.645703852,-0.004648436,-0.068855226,-0.645703852,ros2_odometer_state
M19C_S3_artificial_turf_B1_U060_R1,2757.082545039,7.964703796,command,0.600000,-5.626166344,-44.488426208,-0.645703852,-0.004833303,-0.068089359,-0.644993901,ros2_odometer_state
M19C_S3_artificial_turf_B1_U060_R1,2757.085071955,7.967230712,command,0.600000,-5.626166344,-44.488426208,-0.645703852,-0.005001964,-0.067333601,-0.644310832,ros2_odometer_state
M19C_S3_artificial_turf_B1_U060_R1,2757.086568207,7.968726964,command,0.600000,-5.626166344,-44.488426208,-0.645703852,-0.005165406,-0.066634491,-0.643630326,ros2_odometer_state
M19C_S3_artificial_turf_B1_U060_R1,2757.089534949,7.971693706,command,0.600000,-5.626166344,-44.488426208,-0.645703852,-0.005499191,-0.065489106,-0.642505348,ros2_odometer_state
M19C_S3_artificial_turf_B1_U060_R1,2757.090561965,7.972720722,command,0.600000,-5.626166344,-44.488426208,-0.645703852,-0.005499191,-0.065489106,-0.642505348,ros2_odometer_state
M19C_S3_artificial_turf_B1_U060_R1,2757.093205014,7.975363771,command,0.600000,-5.626166344,-44.488426208,-0.645703852,-0.005794820,-0.064460695,-0.642057598,ros2_odometer_state
M19C_S3_artificial_turf_B1_U060_R1,2757.094307778,7.976466535,command,0.600000,-5.626166344,-44.488426208,-0.645703852,-0.005794820,-0.064460695,-0.642057598,ros2_odometer_state
M19C_S3_artificial_turf_B1_U060_R1,2757.097098321,7.979257078,command,0.600000,-5.626166344,-44.488426208,-0.645703852,-0.005993717,-0.063247323,-0.642033696,ros2_odometer_state
M19C_S3_artificial_turf_B1_U060_R1,2757.099137666,7.981296423,command,0.600000,-5.626166344,-44.488426208,-0.645703852,-0.006051579,-0.062588871,-0.642109096,ros2_odometer_state
M19C_S3_artificial_turf_B1_U060_R1,2757.101184052,7.983342809,command,0.600000,-5.615080357,-44.497211456,-0.642109096,-0.006075352,-0.061926160,-0.642283618,ros2_odometer_state
M19C_S3_artificial_turf_B1_U060_R1,2757.103114368,7.985273125,command,0.600000,-5.615080357,-44.497211456,-0.642109096,-0.006080959,-0.061290052,-0.642556012,ros2_odometer_state
M19C_S3_artificial_turf_B1_U060_R1,2757.105735337,7.987894094,command,0.600000,-5.615080357,-44.497211456,-0.642109096,-0.006114581,-0.060722131,-0.642870724,ros2_odometer_state
M19C_S3_artificial_turf_B1_U060_R1,2757.107147361,7.989306118,command,0.600000,-5.615080357,-44.497211456,-0.642109096,-0.006182152,-0.060231239,-0.643198431,ros2_odometer_state
M19C_S3_artificial_turf_B1_U060_R1,2757.109244692,7.991403449,command,0.600000,-5.615080357,-44.497211456,-0.642109096,-0.006264498,-0.059822060,-0.643552065,ros2_odometer_state
M19C_S3_artificial_turf_B1_U060_R1,2757.110332735,7.992491492,command,0.600000,-5.615080357,-44.497211456,-0.642109096,-0.006264498,-0.059822060,-0.643552065,ros2_odometer_state
M19C_S3_artificial_turf_B1_U060_R1,2757.112369648,7.994528405,command,0.600000,-5.615080357,-44.497211456,-0.642109096,-0.006332709,-0.059464920,-0.643967569,ros2_odometer_state
M19C_S3_artificial_turf_B1_U060_R1,2757.115445163,7.997603920,command,0.600000,-5.615080357,-44.497211456,-0.642109096,-0.006385580,-0.058682881,-0.645110250,ros2_odometer_state
M19C_S3_artificial_turf_B1_U060_R1,2757.116367439,7.998526196,command,0.600000,-5.615080357,-44.497211456,-0.642109096,-0.006385580,-0.058682881,-0.645110250,ros2_odometer_state
M19C_S3_artificial_turf_B1_U060_R1,2757.119326341,8.001485098,command,0.600000,-5.615080357,-44.497211456,-0.642109096,-0.006369115,-0.057786651,-0.646555066,ros2_odometer_state
M19C_S3_artificial_turf_B1_U060_R1,2757.121317300,8.003476057,command,0.600000,-5.603100777,-44.505645752,-0.646555066,-0.006337233,-0.057330310,-0.647291899,ros2_odometer_state
M19C_S3_artificial_turf_B1_U060_R1,2757.123352933,8.005511690,command,0.600000,-5.603100777,-44.505645752,-0.646555066,-0.006288986,-0.056848940,-0.648050129,ros2_odometer_state
M19C_S3_artificial_turf_B1_U060_R1,2757.125841384,8.008000141,command,0.600000,-5.603100777,-44.505645752,-0.646555066,-0.006233918,-0.056337893,-0.648876309,ros2_odometer_state
M19C_S3_artificial_turf_B1_U060_R1,2757.127592302,8.009751059,command,0.600000,-5.603100777,-44.505645752,-0.646555066,-0.006172468,-0.055825479,-0.649745643,ros2_odometer_state
M19C_S3_artificial_turf_B1_U060_R1,2757.128675929,8.010834686,command,0.600000,-5.603100777,-44.505645752,-0.646555066,-0.006172468,-0.055825479,-0.649745643,ros2_odometer_state
M19C_S3_artificial_turf_B1_U060_R1,2757.130618534,8.012777291,command,0.600000,-5.603100777,-44.505645752,-0.646555066,-0.006126897,-0.055370666,-0.650615513,ros2_odometer_state
M19C_S3_artificial_turf_B1_U060_R1,2757.133299409,8.015458166,command,0.600000,-5.603100777,-44.505645752,-0.646555066,-0.005981188,-0.054612219,-0.652429998,ros2_odometer_state
M19C_S3_artificial_turf_B1_U060_R1,2757.135270719,8.017429476,command,0.600000,-5.603100777,-44.505645752,-0.646555066,-0.005848414,-0.054256160,-0.653306127,ros2_odometer_state
M19C_S3_artificial_turf_B1_U060_R1,2757.137266990,8.019425747,command,0.600000,-5.603100777,-44.505645752,-0.646555066,-0.005708242,-0.053914536,-0.654136956,ros2_odometer_state
M19C_S3_artificial_turf_B1_U060_R1,2757.139809587,8.021968344,command,0.600000,-5.603100777,-44.505645752,-0.646555066,-0.005513818,-0.053590391,-0.654949367,ros2_odometer_state
M19C_S3_artificial_turf_B1_U060_R1,2757.140600723,8.022759480,command,0.600000,-5.591882229,-44.513595581,-0.654949367,-0.005513818,-0.053590391,-0.654949367,ros2_odometer_state
M19C_S3_artificial_turf_B1_U060_R1,2757.143287038,8.025445795,command,0.600000,-5.591882229,-44.513595581,-0.654949367,-0.004997690,-0.053061560,-0.656498969,ros2_odometer_state
M19C_S3_artificial_turf_B1_U060_R1,2757.145377617,8.027536374,command,0.600000,-5.591882229,-44.513595581,-0.654949367,-0.004997690,-0.053061560,-0.656498969,ros2_odometer_state
M19C_S3_artificial_turf_B1_U060_R1,2757.147410658,8.029569415,command,0.600000,-5.591882229,-44.513595581,-0.654949367,-0.004752464,-0.052846473,-0.657272100,ros2_odometer_state
M19C_S3_artificial_turf_B1_U060_R1,2757.151260891,8.033419648,command,0.600000,-5.591882229,-44.513595581,-0.654949367,-0.004286917,-0.052326262,-0.658923447,ros2_odometer_state
M19C_S3_artificial_turf_B1_U060_R1,2757.152332197,8.034490954,command,0.600000,-5.591882229,-44.513595581,-0.654949367,-0.004069942,-0.052002769,-0.659738302,ros2_odometer_state
M19C_S3_artificial_turf_B1_U060_R1,2757.152713492,8.034872249,command,0.600000,-5.591882229,-44.513595581,-0.654949367,-0.004069942,-0.052002769,-0.659738302,ros2_odometer_state
M19C_S3_artificial_turf_B1_U060_R1,2757.155345565,8.037504322,command,0.600000,-5.591882229,-44.513595581,-0.654949367,-0.003712573,-0.051302023,-0.661041141,ros2_odometer_state
M19C_S3_artificial_turf_B1_U060_R1,2757.157310091,8.039468848,command,0.600000,-5.591882229,-44.513595581,-0.654949367,-0.003450179,-0.050859977,-0.661588550,ros2_odometer_state
M19C_S3_artificial_turf_B1_U060_R1,2757.159326107,8.041484864,command,0.600000,-5.591882229,-44.513595581,-0.654949367,-0.003150033,-0.050388567,-0.662088215,ros2_odometer_state
M19C_S3_artificial_turf_B1_U060_R1,2757.161371501,8.043530258,command,0.600000,-5.579637527,-44.522377014,-0.662088215,-0.002843832,-0.049970090,-0.662498415,ros2_odometer_state
M19C_S3_artificial_turf_B1_U060_R1,2757.163393565,8.045552322,command,0.600000,-5.579637527,-44.522377014,-0.662088215,-0.002518486,-0.049624413,-0.662770152,ros2_odometer_state
M19C_S3_artificial_turf_B1_U060_R1,2757.165952099,8.048110856,command,0.600000,-5.579637527,-44.522377014,-0.662088215,-0.002195861,-0.049352959,-0.662854850,ros2_odometer_state
M19C_S3_artificial_turf_B1_U060_R1,2757.167391036,8.049549793,command,0.600000,-5.579637527,-44.522377014,-0.662088215,-0.001904658,-0.049194995,-0.662738562,ros2_odometer_state
M19C_S3_artificial_turf_B1_U060_R1,2757.169379371,8.051538128,command,0.600000,-5.579637527,-44.522377014,-0.662088215,-0.001615499,-0.049131859,-0.662537217,ros2_odometer_state
M19C_S3_artificial_turf_B1_U060_R1,2757.170518520,8.052677277,command,0.600000,-5.579637527,-44.522377014,-0.662088215,-0.001615499,-0.049131859,-0.662537217,ros2_odometer_state
M19C_S3_artificial_turf_B1_U060_R1,2757.173345257,8.055504014,command,0.600000,-5.579637527,-44.522377014,-0.662088215,-0.000948695,-0.049143739,-0.661993325,ros2_odometer_state
M19C_S3_artificial_turf_B1_U060_R1,2757.175334040,8.057492797,command,0.600000,-5.579637527,-44.522377014,-0.662088215,-0.000570584,-0.049151782,-0.661637366,ros2_odometer_state
M19C_S3_artificial_turf_B1_U060_R1,2757.177359240,8.059517997,command,0.600000,-5.579637527,-44.522377014,-0.662088215,-0.000125166,-0.049142286,-0.661254525,ros2_odometer_state
M19C_S3_artificial_turf_B1_U060_R1,2757.179982673,8.062141430,command,0.600000,-5.579637527,-44.522377014,-0.662088215,0.000372852,-0.049114805,-0.660859525,ros2_odometer_state
M19C_S3_artificial_turf_B1_U060_R1,2757.180878068,8.063036825,command,0.600000,-5.567396164,-44.532577515,-0.660859525,0.000372852,-0.049114805,-0.660859525,ros2_odometer_state
M19C_S3_artificial_turf_B1_U060_R1,2757.185967742,8.068126499,command,0.600000,-5.567396164,-44.532577515,-0.660859525,0.001546156,-0.049009308,-0.660012424,ros2_odometer_state
M19C_S3_artificial_turf_B1_U060_R1,2757.187169262,8.069328019,command,0.600000,-5.567396164,-44.532577515,-0.660859525,0.002181249,-0.048983276,-0.659482121,ros2_odometer_state
M19C_S3_artificial_turf_B1_U060_R1,2757.188089651,8.070248408,command,0.600000,-5.567396164,-44.532577515,-0.660859525,0.002821292,-0.049007345,-0.658838868,ros2_odometer_state
M19C_S3_artificial_turf_B1_U060_R1,2757.189479274,8.071638031,command,0.600000,-5.567396164,-44.532577515,-0.660859525,0.003475979,-0.049104340,-0.658151925,ros2_odometer_state
M19C_S3_artificial_turf_B1_U060_R1,2757.190801471,8.072960228,command,0.600000,-5.567396164,-44.532577515,-0.660859525,0.003475979,-0.049104340,-0.658151925,ros2_odometer_state
M19C_S3_artificial_turf_B1_U060_R1,2757.192758668,8.074917425,command,0.600000,-5.567396164,-44.532577515,-0.660859525,0.004143009,-0.049290538,-0.657505631,ros2_odometer_state
M19C_S3_artificial_turf_B1_U060_R1,2757.195684481,8.077843238,command,0.600000,-5.567396164,-44.532577515,-0.660859525,0.005494602,-0.049831226,-0.656405568,ros2_odometer_state
M19C_S3_artificial_turf_B1_U060_R1,2757.197392645,8.079551402,command,0.600000,-5.567396164,-44.532577515,-0.660859525,0.006228147,-0.050170232,-0.655972958,ros2_odometer_state
M19C_S3_artificial_turf_B1_U060_R1,2757.198604533,8.080763290,command,0.600000,-5.567396164,-44.532577515,-0.660859525,0.006228147,-0.050170232,-0.655972958,ros2_odometer_state
M19C_S3_artificial_turf_B1_U060_R1,2757.200663815,8.082822572,command,0.600000,-5.553225517,-44.542892456,-0.655594468,0.007006845,-0.050531723,-0.655594468,ros2_odometer_state
M19C_S3_artificial_turf_B1_U060_R1,2757.202594484,8.084753241,command,0.600000,-5.553225517,-44.542892456,-0.655594468,0.007840363,-0.050905161,-0.655279279,ros2_odometer_state
M19C_S3_artificial_turf_B1_U060_R1,2757.205986650,8.088145407,command,0.600000,-5.553225517,-44.542892456,-0.655594468,0.009685572,-0.051611006,-0.654693842,ros2_odometer_state
M19C_S3_artificial_turf_B1_U060_R1,2757.207390962,8.089549719,command,0.600000,-5.553225517,-44.542892456,-0.655594468,0.010680111,-0.052029192,-0.654337287,ros2_odometer_state
M19C_S3_artificial_turf_B1_U060_R1,2757.209507398,8.091666155,command,0.600000,-5.553225517,-44.542892456,-0.655594468,0.011706558,-0.052513827,-0.654004276,ros2_odometer_state
M19C_S3_artificial_turf_B1_U060_R1,2757.210632115,8.092790872,command,0.600000,-5.553225517,-44.542892456,-0.655594468,0.011706558,-0.052513827,-0.654004276,ros2_odometer_state
M19C_S3_artificial_turf_B1_U060_R1,2757.212610370,8.094769127,command,0.600000,-5.553225517,-44.542892456,-0.655594468,0.012742884,-0.053079329,-0.653793931,ros2_odometer_state
M19C_S3_artificial_turf_B1_U060_R1,2757.214859163,8.097017920,command,0.600000,-5.553225517,-44.542892456,-0.655594468,0.013796720,-0.053695127,-0.653722942,ros2_odometer_state
M19C_S3_artificial_turf_B1_U060_R1,2757.216673891,8.098832648,command,0.600000,-5.553225517,-44.542892456,-0.655594468,0.014887284,-0.054294504,-0.653690219,ros2_odometer_state
M19C_S3_artificial_turf_B1_U060_R1,2757.218720981,8.100879738,command,0.600000,-5.553225517,-44.542892456,-0.655594468,0.015995335,-0.054870639,-0.653627574,ros2_odometer_state
M19C_S3_artificial_turf_B1_U060_R1,2757.220734821,8.102893578,command,0.600000,-5.538259029,-44.553970337,-0.653617322,0.017139601,-0.055457991,-0.653617322,ros2_odometer_state
M19C_S3_artificial_turf_B1_U060_R1,2757.222659089,8.104817846,command,0.600000,-5.538259029,-44.553970337,-0.653617322,0.018333510,-0.056091126,-0.653766990,ros2_odometer_state
M19C_S3_artificial_turf_B1_U060_R1,2757.225461985,8.107620742,command,0.600000,-5.538259029,-44.553970337,-0.653617322,0.019569220,-0.056783907,-0.654001951,ros2_odometer_state
M19C_S3_artificial_turf_B1_U060_R1,2757.226746516,8.108905273,command,0.600000,-5.538259029,-44.553970337,-0.653617322,0.020814992,-0.057523306,-0.654152155,ros2_odometer_state
M19C_S3_artificial_turf_B1_U060_R1,2757.228728579,8.110887336,command,0.600000,-5.538259029,-44.553970337,-0.653617322,0.022079693,-0.058316365,-0.654143393,ros2_odometer_state
M19C_S3_artificial_turf_B1_U060_R1,2757.231670520,8.113829277,command,0.600000,-5.538259029,-44.553970337,-0.653617322,0.024637260,-0.060039297,-0.654121935,ros2_odometer_state
M19C_S3_artificial_turf_B1_U060_R1,2757.233413021,8.115571778,command,0.600000,-5.538259029,-44.553970337,-0.653617322,0.025946742,-0.060970195,-0.654190183,ros2_odometer_state
M19C_S3_artificial_turf_B1_U060_R1,2757.235354474,8.117513231,command,0.600000,-5.538259029,-44.553970337,-0.653617322,0.027287666,-0.061919421,-0.654275477,ros2_odometer_state
M19C_S3_artificial_turf_B1_U060_R1,2757.237366234,8.119524991,command,0.600000,-5.538259029,-44.553970337,-0.653617322,0.028663881,-0.062888086,-0.654353797,ros2_odometer_state
M19C_S3_artificial_turf_B1_U060_R1,2757.239425004,8.121583761,command,0.600000,-5.538259029,-44.553970337,-0.653617322,0.030067783,-0.063873678,-0.654421091,ros2_odometer_state
M19C_S3_artificial_turf_B1_U060_R1,2757.241677701,8.123836458,command,0.600000,-5.523167610,-44.565349579,-0.654421091,0.031498279,-0.064877152,-0.654469013,ros2_odometer_state
M19C_S3_artificial_turf_B1_U060_R1,2757.243749560,8.125908317,command,0.600000,-5.523167610,-44.565349579,-0.654421091,0.032946568,-0.065886244,-0.654470861,ros2_odometer_state
M19C_S3_artificial_turf_B1_U060_R1,2757.246097621,8.128256378,command,0.600000,-5.523167610,-44.565349579,-0.654421091,0.034409728,-0.066880845,-0.654397726,ros2_odometer_state
M19C_S3_artificial_turf_B1_U060_R1,2757.247511085,8.129669842,command,0.600000,-5.523167610,-44.565349579,-0.654421091,0.035889700,-0.067861535,-0.654221892,ros2_odometer_state
M19C_S3_artificial_turf_B1_U060_R1,2757.249596288,8.131755045,command,0.600000,-5.523167610,-44.565349579,-0.654421091,0.037362572,-0.068828240,-0.653928757,ros2_odometer_state
M19C_S3_artificial_turf_B1_U060_R1,2757.251575695,8.133734452,command,0.600000,-5.523167610,-44.565349579,-0.654421091,0.038819589,-0.069785975,-0.653537691,ros2_odometer_state
M19C_S3_artificial_turf_B1_U060_R1,2757.253523388,8.135682145,command,0.600000,-5.523167610,-44.565349579,-0.654421091,0.040260114,-0.070747808,-0.653107107,ros2_odometer_state
M19C_S3_artificial_turf_B1_U060_R1,2757.255812695,8.137971452,command,0.600000,-5.523167610,-44.565349579,-0.654421091,0.041691836,-0.071752772,-0.652697563,ros2_odometer_state
M19C_S3_artificial_turf_B1_U060_R1,2757.257452633,8.139611390,command,0.600000,-5.523167610,-44.565349579,-0.654421091,0.043083314,-0.072873242,-0.652228594,ros2_odometer_state
M19C_S3_artificial_turf_B1_U060_R1,2757.259452328,8.141611085,command,0.600000,-5.523167610,-44.565349579,-0.654421091,0.044347137,-0.074145287,-0.651528537,ros2_odometer_state
M19C_S3_artificial_turf_B1_U060_R1,2757.261538075,8.143696832,command,0.600000,-5.507293224,-44.577445984,-0.651528537,0.045407027,-0.075509466,-0.650728643,ros2_odometer_state
M19C_S3_artificial_turf_B1_U060_R1,2757.263441927,8.145600684,command,0.600000,-5.507293224,-44.577445984,-0.651528537,0.046337914,-0.076852642,-0.650122881,ros2_odometer_state
M19C_S3_artificial_turf_B1_U060_R1,2757.266092880,8.148251637,command,0.600000,-5.507293224,-44.577445984,-0.651528537,0.047150668,-0.078131415,-0.649716139,ros2_odometer_state
M19C_S3_artificial_turf_B1_U060_R1,2757.267493352,8.149652109,command,0.600000,-5.507293224,-44.577445984,-0.651528537,0.047837827,-0.079312496,-0.649438500,ros2_odometer_state
M19C_S3_artificial_turf_B1_U060_R1,2757.269507896,8.151666653,command,0.600000,-5.507293224,-44.577445984,-0.651528537,0.048475035,-0.080366306,-0.649155796,ros2_odometer_state
M19C_S3_artificial_turf_B1_U060_R1,2757.271442309,8.153601066,command,0.600000,-5.507293224,-44.577445984,-0.651528537,0.049079943,-0.081266798,-0.648722589,ros2_odometer_state
M19C_S3_artificial_turf_B1_U060_R1,2757.273441588,8.155600345,command,0.600000,-5.507293224,-44.577445984,-0.651528537,0.049607895,-0.081984229,-0.648345530,ros2_odometer_state
M19C_S3_artificial_turf_B1_U060_R1,2757.275506950,8.157665707,command,0.600000,-5.507293224,-44.577445984,-0.651528537,0.050045162,-0.082482003,-0.648297966,ros2_odometer_state
M19C_S3_artificial_turf_B1_U060_R1,2757.277650108,8.159808865,command,0.600000,-5.507293224,-44.577445984,-0.651528537,0.050402932,-0.082790911,-0.648515761,ros2_odometer_state
M19C_S3_artificial_turf_B1_U060_R1,2757.279610954,8.161769711,command,0.600000,-5.507293224,-44.577445984,-0.651528537,0.050667435,-0.083022825,-0.648708224,ros2_odometer_state
M19C_S3_artificial_turf_B1_U060_R1,2757.282318741,8.164477498,command,0.600000,-5.492455482,-44.591464996,-0.648708224,0.050791115,-0.083277091,-0.648694515,ros2_odometer_state
M19C_S3_artificial_turf_B1_U060_R1,2757.283504292,8.165663049,command,0.600000,-5.492455482,-44.591464996,-0.648708224,0.050791115,-0.083277091,-0.648694515,ros2_odometer_state
M19C_S3_artificial_turf_B1_U060_R1,2757.286225008,8.168383765,command,0.600000,-5.492455482,-44.591464996,-0.648708224,0.050449029,-0.084075369,-0.648492634,ros2_odometer_state
M19C_S3_artificial_turf_B1_U060_R1,2757.286842761,8.169001518,command,0.600000,-5.492455482,-44.591464996,-0.648708224,0.050449029,-0.084075369,-0.648492634,ros2_odometer_state
M19C_S3_artificial_turf_B1_U060_R1,2757.289621752,8.171780509,command,0.600000,-5.492455482,-44.591464996,-0.648708224,0.049383361,-0.085456856,-0.647895455,ros2_odometer_state
M19C_S3_artificial_turf_B1_U060_R1,2757.291501570,8.173660327,command,0.600000,-5.492455482,-44.591464996,-0.648708224,0.048686191,-0.086331718,-0.647282779,ros2_odometer_state
M19C_S3_artificial_turf_B1_U060_R1,2757.293489521,8.175648278,command,0.600000,-5.492455482,-44.591464996,-0.648708224,0.047953796,-0.087247550,-0.646612406,ros2_odometer_state
M19C_S3_artificial_turf_B1_U060_R1,2757.295584805,8.177743562,command,0.600000,-5.492455482,-44.591464996,-0.648708224,0.047240298,-0.088182203,-0.645983696,ros2_odometer_state
M19C_S3_artificial_turf_B1_U060_R1,2757.297515665,8.179674422,command,0.600000,-5.492455482,-44.591464996,-0.648708224,0.046613555,-0.089046054,-0.645365000,ros2_odometer_state
M19C_S3_artificial_turf_B1_U060_R1,2757.299547522,8.181706279,command,0.600000,-5.492455482,-44.591464996,-0.648708224,0.046099853,-0.089812733,-0.644674420,ros2_odometer_state
M19C_S3_artificial_turf_B1_U060_R1,2757.300830645,8.182989402,command,0.600000,-5.481744766,-44.607883453,-0.644674420,0.046099853,-0.089812733,-0.644674420,ros2_odometer_state
M19C_S3_artificial_turf_B1_U060_R1,2757.303504095,8.185662852,command,0.600000,-5.481744766,-44.607883453,-0.644674420,0.045379661,-0.091235042,-0.643186331,ros2_odometer_state
M19C_S3_artificial_turf_B1_U060_R1,2757.306158089,8.188316846,command,0.600000,-5.481744766,-44.607883453,-0.644674420,0.045113120,-0.091863304,-0.642499685,ros2_odometer_state
M19C_S3_artificial_turf_B1_U060_R1,2757.306847076,8.189005833,command,0.600000,-5.481744766,-44.607883453,-0.644674420,0.045113120,-0.091863304,-0.642499685,ros2_odometer_state
M19C_S3_artificial_turf_B1_U060_R1,2757.309579921,8.191738678,command,0.600000,-5.481744766,-44.607883453,-0.644674420,0.044584125,-0.092752241,-0.641252577,ros2_odometer_state
M19C_S3_artificial_turf_B1_U060_R1,2757.311516350,8.193675107,command,0.600000,-5.481744766,-44.607883453,-0.644674420,0.044293422,-0.093010992,-0.640501201,ros2_odometer_state
M19C_S3_artificial_turf_B1_U060_R1,2757.313540078,8.195698835,command,0.600000,-5.481744766,-44.607883453,-0.644674420,0.043981422,-0.093163364,-0.639646232,ros2_odometer_state
M19C_S3_artificial_turf_B1_U060_R1,2757.315554847,8.197713604,command,0.600000,-5.481744766,-44.607883453,-0.644674420,0.043695383,-0.093252212,-0.638814628,ros2_odometer_state
M19C_S3_artificial_turf_B1_U060_R1,2757.317629969,8.199788726,command,0.600000,-5.481744766,-44.607883453,-0.644674420,0.043472975,-0.093288504,-0.638081908,ros2_odometer_state
M19C_S3_artificial_turf_B1_U060_R1,2757.319664322,8.201823079,command,0.600000,-5.481744766,-44.607883453,-0.644674420,0.043358717,-0.093254663,-0.637430429,ros2_odometer_state
M19C_S3_artificial_turf_B1_U060_R1,2757.320918996,8.203077753,command,0.600000,-5.470683575,-44.625797272,-0.637430429,0.043358717,-0.093254663,-0.637430429,ros2_odometer_state
M19C_S3_artificial_turf_B1_U060_R1,2757.323570269,8.205729026,command,0.600000,-5.470683575,-44.625797272,-0.637430429,0.043297157,-0.093437880,-0.636313915,ros2_odometer_state
M19C_S3_artificial_turf_B1_U060_R1,2757.326786077,8.208944834,command,0.600000,-5.470683575,-44.625797272,-0.637430429,0.043255616,-0.093723737,-0.635811031,ros2_odometer_state
M19C_S3_artificial_turf_B1_U060_R1,2757.327179917,8.209338674,command,0.600000,-5.470683575,-44.625797272,-0.637430429,0.043255616,-0.093723737,-0.635811031,ros2_odometer_state
M19C_S3_artificial_turf_B1_U060_R1,2757.329609389,8.211768146,command,0.600000,-5.470683575,-44.625797272,-0.637430429,0.043154046,-0.094495282,-0.634752214,ros2_odometer_state
M19C_S3_artificial_turf_B1_U060_R1,2757.331561531,8.213720288,command,0.600000,-5.470683575,-44.625797272,-0.637430429,0.043071944,-0.094902121,-0.634196043,ros2_odometer_state
M19C_S3_artificial_turf_B1_U060_R1,2757.333570443,8.215729200,command,0.600000,-5.470683575,-44.625797272,-0.637430429,0.042977475,-0.095248163,-0.633627295,ros2_odometer_state
M19C_S3_artificial_turf_B1_U060_R1,2757.335552858,8.217711615,command,0.600000,-5.470683575,-44.625797272,-0.637430429,0.042902786,-0.095536031,-0.633112371,ros2_odometer_state
M19C_S3_artificial_turf_B1_U060_R1,2757.337599787,8.219758544,command,0.600000,-5.470683575,-44.625797272,-0.637430429,0.042836625,-0.095833197,-0.632706463,ros2_odometer_state
M19C_S3_artificial_turf_B1_U060_R1,2757.339663133,8.221821890,command,0.600000,-5.470683575,-44.625797272,-0.637430429,0.042783454,-0.096183889,-0.632415175,ros2_odometer_state
M19C_S3_artificial_turf_B1_U060_R1,2757.341740880,8.223899637,command,0.600000,-5.460339069,-44.642059326,-0.632415175,0.042756028,-0.096557178,-0.632168651,ros2_odometer_state
M19C_S3_artificial_turf_B1_U060_R1,2757.343608250,8.225767007,command,0.600000,-5.460339069,-44.642059326,-0.632415175,0.042729400,-0.096919633,-0.631914020,ros2_odometer_state
M19C_S3_artificial_turf_B1_U060_R1,2757.346987488,8.229146245,command,0.600000,-5.460339069,-44.642059326,-0.632415175,0.042701975,-0.097242497,-0.631642759,ros2_odometer_state
M19C_S3_artificial_turf_B1_U060_R1,2757.347968711,8.230127468,command,0.600000,-5.460339069,-44.642059326,-0.632415175,0.042660531,-0.097502038,-0.631351888,ros2_odometer_state
M19C_S3_artificial_turf_B1_U060_R1,2757.348959823,8.231118580,command,0.600000,-5.460339069,-44.642059326,-0.632415175,0.042660531,-0.097502038,-0.631351888,ros2_odometer_state
M19C_S3_artificial_turf_B1_U060_R1,2757.351683451,8.233842208,command,0.600000,-5.460339069,-44.642059326,-0.632415175,0.042549688,-0.097834706,-0.630801022,ros2_odometer_state
M19C_S3_artificial_turf_B1_U060_R1,2757.353778638,8.235937395,command,0.600000,-5.460339069,-44.642059326,-0.632415175,0.042549688,-0.097834706,-0.630801022,ros2_odometer_state
M19C_S3_artificial_turf_B1_U060_R1,2757.354920028,8.237078785,command,0.600000,-5.460339069,-44.642059326,-0.632415175,0.042481210,-0.097963072,-0.630592883,ros2_odometer_state
M19C_S3_artificial_turf_B1_U060_R1,2757.357855536,8.240014293,command,0.600000,-5.460339069,-44.642059326,-0.632415175,0.042428441,-0.098282062,-0.630316138,ros2_odometer_state
M19C_S3_artificial_turf_B1_U060_R1,2757.359621623,8.241780380,command,0.600000,-5.460339069,-44.642059326,-0.632415175,0.042451326,-0.098501220,-0.630296111,ros2_odometer_state
M19C_S3_artificial_turf_B1_U060_R1,2757.361704553,8.243863310,command,0.600000,-5.449329853,-44.657386780,-0.630296111,0.042522661,-0.098784193,-0.630355656,ros2_odometer_state
M19C_S3_artificial_turf_B1_U060_R1,2757.363695641,8.245854398,command,0.600000,-5.449329853,-44.657386780,-0.630296111,0.042640205,-0.099133916,-0.630432069,ros2_odometer_state
M19C_S3_artificial_turf_B1_U060_R1,2757.366450566,8.248609323,command,0.600000,-5.449329853,-44.657386780,-0.630296111,0.042786449,-0.099534988,-0.630523205,ros2_odometer_state
M19C_S3_artificial_turf_B1_U060_R1,2757.367051742,8.249210499,command,0.600000,-5.449329853,-44.657386780,-0.630296111,0.042786449,-0.099534988,-0.630523205,ros2_odometer_state
M19C_S3_artificial_turf_B1_U060_R1,2757.368963402,8.251122159,command,0.600000,-5.449329853,-44.657386780,-0.630296111,0.042942233,-0.099946491,-0.630658627,ros2_odometer_state
M19C_S3_artificial_turf_B1_U060_R1,2757.371635700,8.253794457,command,0.600000,-5.449329853,-44.657386780,-0.630296111,0.043250863,-0.100618385,-0.631013334,ros2_odometer_state
M19C_S3_artificial_turf_B1_U060_R1,2757.373661797,8.255820554,command,0.600000,-5.449329853,-44.657386780,-0.630296111,0.043422218,-0.100880697,-0.631196618,ros2_odometer_state
M19C_S3_artificial_turf_B1_U060_R1,2757.375642260,8.257801017,command,0.600000,-5.449329853,-44.657386780,-0.630296111,0.043637816,-0.101156764,-0.631495655,ros2_odometer_state
M19C_S3_artificial_turf_B1_U060_R1,2757.377658052,8.259816809,command,0.600000,-5.449329853,-44.657386780,-0.630296111,0.043905657,-0.101445548,-0.631883979,ros2_odometer_state
M19C_S3_artificial_turf_B1_U060_R1,2757.379695285,8.261854042,command,0.600000,-5.449329853,-44.657386780,-0.630296111,0.044192038,-0.101724416,-0.632263005,ros2_odometer_state
M19C_S3_artificial_turf_B1_U060_R1,2757.381008905,8.263167662,command,0.600000,-5.439043045,-44.670021057,-0.632263005,0.044192038,-0.101724416,-0.632263005,ros2_odometer_state
M19C_S3_artificial_turf_B1_U060_R1,2757.383685075,8.265843832,command,0.600000,-5.439043045,-44.670021057,-0.632263005,0.044894177,-0.102299921,-0.633069217,ros2_odometer_state
M19C_S3_artificial_turf_B1_U060_R1,2757.386459618,8.268618375,command,0.600000,-5.439043045,-44.670021057,-0.632263005,0.045326523,-0.102635272,-0.633591712,ros2_odometer_state
M19C_S3_artificial_turf_B1_U060_R1,2757.387117468,8.269276225,command,0.600000,-5.439043045,-44.670021057,-0.632263005,0.045326523,-0.102635272,-0.633591712,ros2_odometer_state
M19C_S3_artificial_turf_B1_U060_R1,2757.389030632,8.271189389,command,0.600000,-5.439043045,-44.670021057,-0.632263005,0.045760456,-0.102961749,-0.634127021,ros2_odometer_state
M19C_S3_artificial_turf_B1_U060_R1,2757.391720947,8.273879704,command,0.600000,-5.439043045,-44.670021057,-0.632263005,0.046556368,-0.103516407,-0.635255158,ros2_odometer_state
M19C_S3_artificial_turf_B1_U060_R1,2757.393398613,8.275557370,command,0.600000,-5.439043045,-44.670021057,-0.632263005,0.046556368,-0.103516407,-0.635255158,ros2_odometer_state
M19C_S3_artificial_turf_B1_U060_R1,2757.395733266,8.277892023,command,0.600000,-5.439043045,-44.670021057,-0.632263005,0.047250286,-0.103898369,-0.636362493,ros2_odometer_state
M19C_S3_artificial_turf_B1_U060_R1,2757.398234646,8.280393403,command,0.600000,-5.439043045,-44.670021057,-0.632263005,0.047635563,-0.104085289,-0.637041271,ros2_odometer_state
M19C_S3_artificial_turf_B1_U060_R1,2757.399810900,8.281969657,command,0.600000,-5.439043045,-44.670021057,-0.632263005,0.048067827,-0.104308568,-0.637864470,ros2_odometer_state
M19C_S3_artificial_turf_B1_U060_R1,2757.401051430,8.283210187,command,0.600000,-5.427872181,-44.682010651,-0.637864470,0.048067827,-0.104308568,-0.637864470,ros2_odometer_state
M19C_S3_artificial_turf_B1_U060_R1,2757.403783634,8.285942391,command,0.600000,-5.427872181,-44.682010651,-0.637864470,0.048921987,-0.104716718,-0.639492750,ros2_odometer_state
M19C_S3_artificial_turf_B1_U060_R1,2757.406319895,8.288478652,command,0.600000,-5.427872181,-44.682010651,-0.637864470,0.049336310,-0.104838081,-0.640237033,ros2_odometer_state
M19C_S3_artificial_turf_B1_U060_R1,2757.407061909,8.289220666,command,0.600000,-5.427872181,-44.682010651,-0.637864470,0.049336310,-0.104838081,-0.640237033,ros2_odometer_state
M19C_S3_artificial_turf_B1_U060_R1,2757.410461052,8.292619809,command,0.600000,-5.427872181,-44.682010651,-0.637864470,0.050125673,-0.105047897,-0.641868532,ros2_odometer_state
M19C_S3_artificial_turf_B1_U060_R1,2757.411071028,8.293229785,command,0.600000,-5.427872181,-44.682010651,-0.637864470,0.050125673,-0.105047897,-0.641868532,ros2_odometer_state
M19C_S3_artificial_turf_B1_U060_R1,2757.413703485,8.295862242,command,0.600000,-5.427872181,-44.682010651,-0.637864470,0.050777357,-0.105236664,-0.643657565,ros2_odometer_state
M19C_S3_artificial_turf_B1_U060_R1,2757.415765519,8.297924276,command,0.600000,-5.427872181,-44.682010651,-0.637864470,0.050993767,-0.105308175,-0.644573450,ros2_odometer_state
M19C_S3_artificial_turf_B1_U060_R1,2757.417720188,8.299878945,command,0.600000,-5.427872181,-44.682010651,-0.637864470,0.051167957,-0.105377942,-0.645514429,ros2_odometer_state
M19C_S3_artificial_turf_B1_U060_R1,2757.420064570,8.302223327,command,0.600000,-5.427872181,-44.682010651,-0.637864470,0.051336728,-0.105459914,-0.646462619,ros2_odometer_state
M19C_S3_artificial_turf_B1_U060_R1,2757.421089250,8.303248007,command,0.600000,-5.417271614,-44.692844391,-0.646462619,0.051336728,-0.105459914,-0.646462619,ros2_odometer_state
M19C_S3_artificial_turf_B1_U060_R1,2757.423002350,8.305161107,command,0.600000,-5.417271614,-44.692844391,-0.646462619,0.051506691,-0.105525203,-0.647382557,ros2_odometer_state
M19C_S3_artificial_turf_B1_U060_R1,2757.425660696,8.307819453,command,0.600000,-5.417271614,-44.692844391,-0.646462619,0.051669132,-0.105550624,-0.648269773,ros2_odometer_state
M19C_S3_artificial_turf_B1_U060_R1,2757.427878480,8.310037237,command,0.600000,-5.417271614,-44.692844391,-0.646462619,0.051924985,-0.105550878,-0.649999976,ros2_odometer_state
M19C_S3_artificial_turf_B1_U060_R1,2757.429832958,8.311991715,command,0.600000,-5.417271614,-44.692844391,-0.646462619,0.052032210,-0.105553836,-0.650825799,ros2_odometer_state
M19C_S3_artificial_turf_B1_U060_R1,2757.431295960,8.313454717,command,0.600000,-5.417271614,-44.692844391,-0.646462619,0.052032210,-0.105553836,-0.650825799,ros2_odometer_state
M19C_S3_artificial_turf_B1_U060_R1,2757.433801500,8.315960257,command,0.600000,-5.417271614,-44.692844391,-0.646462619,0.052194394,-0.105539255,-0.652223408,ros2_odometer_state
M19C_S3_artificial_turf_B1_U060_R1,2757.435759754,8.317918511,command,0.600000,-5.417271614,-44.692844391,-0.646462619,0.052226245,-0.105497122,-0.652869761,ros2_odometer_state
M19C_S3_artificial_turf_B1_U060_R1,2757.437738520,8.319897277,command,0.600000,-5.417271614,-44.692844391,-0.646462619,0.052205682,-0.105437726,-0.653515458,ros2_odometer_state
M19C_S3_artificial_turf_B1_U060_R1,2757.439080718,8.321239475,command,0.600000,-5.417271614,-44.692844391,-0.646462619,0.052205682,-0.105437726,-0.653515458,ros2_odometer_state
M19C_S3_artificial_turf_B1_U060_R1,2757.441956768,8.324115525,command,0.600000,-5.406716824,-44.703739166,-0.654145718,0.051969048,-0.105323635,-0.654755652,ros2_odometer_state
M19C_S3_artificial_turf_B1_U060_R1,2757.443839659,8.325998416,command,0.600000,-5.406716824,-44.703739166,-0.654145718,0.051768828,-0.105246335,-0.655352771,ros2_odometer_state
M19C_S3_artificial_turf_B1_U060_R1,2757.446413425,8.328572182,command,0.600000,-5.406716824,-44.703739166,-0.654145718,0.051527485,-0.105130859,-0.655933917,ros2_odometer_state
M19C_S3_artificial_turf_B1_U060_R1,2757.447140814,8.329299571,command,0.600000,-5.406716824,-44.703739166,-0.654145718,0.051527485,-0.105130859,-0.655933917,ros2_odometer_state
M19C_S3_artificial_turf_B1_U060_R1,2757.449184031,8.331342788,command,0.600000,-5.406716824,-44.703739166,-0.654145718,0.051259127,-0.105002068,-0.656466901,ros2_odometer_state
M19C_S3_artificial_turf_B1_U060_R1,2757.451816392,8.333975149,command,0.600000,-5.406716824,-44.703739166,-0.654145718,0.050648518,-0.104780227,-0.657324791,ros2_odometer_state
M19C_S3_artificial_turf_B1_U060_R1,2757.453867322,8.336026079,command,0.600000,-5.406716824,-44.703739166,-0.654145718,0.050285228,-0.104682155,-0.657660663,ros2_odometer_state
M19C_S3_artificial_turf_B1_U060_R1,2757.455251985,8.337410742,command,0.600000,-5.406716824,-44.703739166,-0.654145718,0.050285228,-0.104682155,-0.657660663,ros2_odometer_state
M19C_S3_artificial_turf_B1_U060_R1,2757.457867097,8.340025854,command,0.600000,-5.406716824,-44.703739166,-0.654145718,0.049385168,-0.104478344,-0.658197522,ros2_odometer_state
M19C_S3_artificial_turf_B1_U060_R1,2757.459865320,8.342024077,command,0.600000,-5.406716824,-44.703739166,-0.654145718,0.048867114,-0.104371436,-0.658419132,ros2_odometer_state
M19C_S3_artificial_turf_B1_U060_R1,2757.461157179,8.343315936,command,0.600000,-5.395987034,-44.715045929,-0.658419132,0.048867114,-0.104371436,-0.658419132,ros2_odometer_state
M19C_S3_artificial_turf_B1_U060_R1,2757.463835686,8.345994443,command,0.600000,-5.395987034,-44.715045929,-0.658419132,0.047806788,-0.104111493,-0.658777475,ros2_odometer_state
M19C_S3_artificial_turf_B1_U060_R1,2757.466419149,8.348577906,command,0.600000,-5.395987034,-44.715045929,-0.658419132,0.047302783,-0.103954710,-0.658955991,ros2_odometer_state
M19C_S3_artificial_turf_B1_U060_R1,2757.468428349,8.350587106,command,0.600000,-5.395987034,-44.715045929,-0.658419132,0.046786118,-0.103818752,-0.659120440,ros2_odometer_state
M19C_S3_artificial_turf_B1_U060_R1,2757.469394147,8.351552904,command,0.600000,-5.395987034,-44.715045929,-0.658419132,0.046786118,-0.103818752,-0.659120440,ros2_odometer_state
M19C_S3_artificial_turf_B1_U060_R1,2757.472747752,8.354906509,command,0.600000,-5.395987034,-44.715045929,-0.658419132,0.045599274,-0.103714526,-0.659248531,ros2_odometer_state
M19C_S3_artificial_turf_B1_U060_R1,2757.473246940,8.355405697,command,0.600000,-5.395987034,-44.715045929,-0.658419132,0.045599274,-0.103714526,-0.659248531,ros2_odometer_state
M19C_S3_artificial_turf_B1_U060_R1,2757.475837891,8.357996648,command,0.600000,-5.395987034,-44.715045929,-0.658419132,0.044201378,-0.103732578,-0.659059823,ros2_odometer_state
M19C_S3_artificial_turf_B1_U060_R1,2757.477825618,8.359984375,command,0.600000,-5.395987034,-44.715045929,-0.658419132,0.043482009,-0.103760935,-0.658856511,ros2_odometer_state
M19C_S3_artificial_turf_B1_U060_R1,2757.479850307,8.362009064,command,0.600000,-5.395987034,-44.715045929,-0.658419132,0.042776484,-0.103773937,-0.658621132,ros2_odometer_state
M19C_S3_artificial_turf_B1_U060_R1,2757.481913781,8.364072538,command,0.600000,-5.386083126,-44.727333069,-0.658621132,0.042073578,-0.103753135,-0.658386707,ros2_odometer_state
M19C_S3_artificial_turf_B1_U060_R1,2757.483865858,8.366024615,command,0.600000,-5.386083126,-44.727333069,-0.658621132,0.041351840,-0.103696994,-0.658173561,ros2_odometer_state
M19C_S3_artificial_turf_B1_U060_R1,2757.485815120,8.367973877,command,0.600000,-5.386083126,-44.727333069,-0.658621132,0.041351840,-0.103696994,-0.658173561,ros2_odometer_state
M19C_S3_artificial_turf_B1_U060_R1,2757.487271178,8.369429935,command,0.600000,-5.386083126,-44.727333069,-0.658621132,0.040600959,-0.103623874,-0.657948911,ros2_odometer_state
M19C_S3_artificial_turf_B1_U060_R1,2757.489256153,8.371414910,command,0.600000,-5.386083126,-44.727333069,-0.658621132,0.039839067,-0.103570692,-0.657664716,ros2_odometer_state
M19C_S3_artificial_turf_B1_U060_R1,2757.491905570,8.374064327,command,0.600000,-5.386083126,-44.727333069,-0.658621132,0.038406380,-0.103569888,-0.656921268,ros2_odometer_state
M19C_S3_artificial_turf_B1_U060_R1,2757.493874896,8.376033653,command,0.600000,-5.386083126,-44.727333069,-0.658621132,0.037674271,-0.103537612,-0.656515300,ros2_odometer_state
M19C_S3_artificial_turf_B1_U060_R1,2757.495842014,8.378000771,command,0.600000,-5.386083126,-44.727333069,-0.658621132,0.036860649,-0.103459276,-0.656045377,ros2_odometer_state
M19C_S3_artificial_turf_B1_U060_R1,2757.497847374,8.380006131,command,0.600000,-5.386083126,-44.727333069,-0.658621132,0.036049567,-0.103376418,-0.655578434,ros2_odometer_state
M19C_S3_artificial_turf_B1_U060_R1,2757.500539385,8.382698142,command,0.600000,-5.386083126,-44.727333069,-0.658621132,0.035248242,-0.103309639,-0.655156374,ros2_odometer_state
M19C_S3_artificial_turf_B1_U060_R1,2757.501290615,8.383449372,command,0.600000,-5.375098705,-44.739799500,-0.655156374,0.035248242,-0.103309639,-0.655156374,ros2_odometer_state
M19C_S3_artificial_turf_B1_U060_R1,2757.503878686,8.386037443,command,0.600000,-5.375098705,-44.739799500,-0.655156374,0.033639815,-0.103178002,-0.654339194,ros2_odometer_state
M19C_S3_artificial_turf_B1_U060_R1,2757.506526375,8.388685132,command,0.600000,-5.375098705,-44.739799500,-0.655156374,0.032874893,-0.103098661,-0.653897941,ros2_odometer_state
M19C_S3_artificial_turf_B1_U060_R1,2757.507230499,8.389389256,command,0.600000,-5.375098705,-44.739799500,-0.655156374,0.032874893,-0.103098661,-0.653897941,ros2_odometer_state
M19C_S3_artificial_turf_B1_U060_R1,2757.509920814,8.392079571,command,0.600000,-5.375098705,-44.739799500,-0.655156374,0.031281676,-0.102975279,-0.652837217,ros2_odometer_state
M19C_S3_artificial_turf_B1_U060_R1,2757.511899549,8.394058306,command,0.600000,-5.375098705,-44.739799500,-0.655156374,0.030487627,-0.102964051,-0.652335644,ros2_odometer_state
M19C_S3_artificial_turf_B1_U060_R1,2757.513911533,8.396070290,command,0.600000,-5.375098705,-44.739799500,-0.655156374,0.029700872,-0.103012428,-0.651842117,ros2_odometer_state
M19C_S3_artificial_turf_B1_U060_R1,2757.515875803,8.398034560,command,0.600000,-5.375098705,-44.739799500,-0.655156374,0.028921859,-0.103103213,-0.651312530,ros2_odometer_state
M19C_S3_artificial_turf_B1_U060_R1,2757.517182703,8.399341460,command,0.600000,-5.375098705,-44.739799500,-0.655156374,0.028921859,-0.103103213,-0.651312530,ros2_odometer_state
M19C_S3_artificial_turf_B1_U060_R1,2757.519227264,8.401386021,command,0.600000,-5.375098705,-44.739799500,-0.655156374,0.028199628,-0.103204012,-0.650766909,ros2_odometer_state
M19C_S3_artificial_turf_B1_U060_R1,2757.521278482,8.403437239,command,0.600000,-5.363293648,-44.751995087,-0.650217891,0.027543187,-0.103267953,-0.650217891,ros2_odometer_state
M19C_S3_artificial_turf_B1_U060_R1,2757.524160484,8.406319241,command,0.600000,-5.363293648,-44.751995087,-0.650217891,0.026394084,-0.103145197,-0.649241745,ros2_odometer_state
M19C_S3_artificial_turf_B1_U060_R1,2757.526813518,8.408972275,command,0.600000,-5.363293648,-44.751995087,-0.650217891,0.025870513,-0.102970310,-0.648915350,ros2_odometer_state
M19C_S3_artificial_turf_B1_U060_R1,2757.528081952,8.410240709,command,0.600000,-5.363293648,-44.751995087,-0.650217891,0.025399147,-0.102800936,-0.648690820,ros2_odometer_state
M19C_S3_artificial_turf_B1_U060_R1,2757.529975499,8.412134256,command,0.600000,-5.363293648,-44.751995087,-0.650217891,0.024994683,-0.102674812,-0.648535490,ros2_odometer_state
M19C_S3_artificial_turf_B1_U060_R1,2757.531970331,8.414129088,command,0.600000,-5.363293648,-44.751995087,-0.650217891,0.024634363,-0.102593519,-0.648425221,ros2_odometer_state
M19C_S3_artificial_turf_B1_U060_R1,2757.533911112,8.416069869,command,0.600000,-5.363293648,-44.751995087,-0.650217891,0.024288917,-0.102555208,-0.648312449,ros2_odometer_state
M19C_S3_artificial_turf_B1_U060_R1,2757.535932856,8.418091613,command,0.600000,-5.363293648,-44.751995087,-0.650217891,0.023942497,-0.102523357,-0.648152649,ros2_odometer_state
M19C_S3_artificial_turf_B1_U060_R1,2757.537936584,8.420095341,command,0.600000,-5.363293648,-44.751995087,-0.650217891,0.023557959,-0.102439880,-0.647920489,ros2_odometer_state
M19C_S3_artificial_turf_B1_U060_R1,2757.539285438,8.421444195,command,0.600000,-5.363293648,-44.751995087,-0.650217891,0.023557959,-0.102439880,-0.647920489,ros2_odometer_state
M19C_S3_artificial_turf_B1_U060_R1,2757.542109166,8.424267923,command,0.600000,-5.351563931,-44.764305115,-0.647665143,0.022634491,-0.102023095,-0.647463799,ros2_odometer_state
M19C_S3_artificial_turf_B1_U060_R1,2757.543959575,8.426118332,command,0.600000,-5.351563931,-44.764305115,-0.647665143,0.022153631,-0.101730645,-0.647303879,ros2_odometer_state
M19C_S3_artificial_turf_B1_U060_R1,2757.546618465,8.428777222,command,0.600000,-5.351563931,-44.764305115,-0.647665143,0.021704514,-0.101423316,-0.647174716,ros2_odometer_state
M19C_S3_artificial_turf_B1_U060_R1,2757.547306237,8.429464994,command,0.600000,-5.351563931,-44.764305115,-0.647665143,0.021704514,-0.101423316,-0.647174716,ros2_odometer_state
M19C_S3_artificial_turf_B1_U060_R1,2757.549306060,8.431464817,command,0.600000,-5.351563931,-44.764305115,-0.647665143,0.021305295,-0.101116046,-0.647084713,ros2_odometer_state
M19C_S3_artificial_turf_B1_U060_R1,2757.551480386,8.433639143,command,0.600000,-5.351563931,-44.764305115,-0.647665143,0.020985365,-0.100820422,-0.647032559,ros2_odometer_state
M19C_S3_artificial_turf_B1_U060_R1,2757.554047401,8.436206158,command,0.600000,-5.351563931,-44.764305115,-0.647665143,0.020506687,-0.100289918,-0.647061408,ros2_odometer_state
M19C_S3_artificial_turf_B1_U060_R1,2757.556053368,8.438212125,command,0.600000,-5.351563931,-44.764305115,-0.647665143,0.020300051,-0.100033939,-0.647148848,ros2_odometer_state
M19C_S3_artificial_turf_B1_U060_R1,2757.558068968,8.440227725,command,0.600000,-5.351563931,-44.764305115,-0.647665143,0.020107858,-0.099785663,-0.647253096,ros2_odometer_state
M19C_S3_artificial_turf_B1_U060_R1,2757.560098585,8.442257342,command,0.600000,-5.351563931,-44.764305115,-0.647665143,0.019926084,-0.099531136,-0.647404015,ros2_odometer_state
M19C_S3_artificial_turf_B1_U060_R1,2757.561347851,8.443506608,command,0.600000,-5.339862823,-44.775005341,-0.647404015,0.019926084,-0.099531136,-0.647404015,ros2_odometer_state
M19C_S3_artificial_turf_B1_U060_R1,2757.563313401,8.445472158,command,0.600000,-5.339862823,-44.775005341,-0.647404015,0.019741965,-0.099247098,-0.647619009,ros2_odometer_state
M19C_S3_artificial_turf_B1_U060_R1,2757.566633469,8.448792226,command,0.600000,-5.339862823,-44.775005341,-0.647404015,0.019383736,-0.098549940,-0.648193240,ros2_odometer_state
M19C_S3_artificial_turf_B1_U060_R1,2757.567371354,8.449530111,command,0.600000,-5.339862823,-44.775005341,-0.647404015,0.019383736,-0.098549940,-0.648193240,ros2_odometer_state
M19C_S3_artificial_turf_B1_U060_R1,2757.570035204,8.452193961,command,0.600000,-5.339862823,-44.775005341,-0.647404015,0.019086227,-0.097755708,-0.648866057,ros2_odometer_state
M19C_S3_artificial_turf_B1_U060_R1,2757.572025267,8.454184024,command,0.600000,-5.339862823,-44.775005341,-0.647404015,0.018995710,-0.097399056,-0.649246156,ros2_odometer_state
M19C_S3_artificial_turf_B1_U060_R1,2757.574032643,8.456191400,command,0.600000,-5.339862823,-44.775005341,-0.647404015,0.018928923,-0.097091950,-0.649685264,ros2_odometer_state
M19C_S3_artificial_turf_B1_U060_R1,2757.575996913,8.458155670,command,0.600000,-5.339862823,-44.775005341,-0.647404015,0.018878335,-0.096833706,-0.650185764,ros2_odometer_state
M19C_S3_artificial_turf_B1_U060_R1,2757.578023298,8.460182055,command,0.600000,-5.339862823,-44.775005341,-0.647404015,0.018821737,-0.096613914,-0.650749207,ros2_odometer_state
M19C_S3_artificial_turf_B1_U060_R1,2757.580173879,8.462332636,command,0.600000,-5.339862823,-44.775005341,-0.647404015,0.018731091,-0.096407466,-0.651325285,ros2_odometer_state
M19C_S3_artificial_turf_B1_U060_R1,2757.581422601,8.463581358,command,0.600000,-5.326925755,-44.785076141,-0.651325285,0.018731091,-0.096407466,-0.651325285,ros2_odometer_state
M19C_S3_artificial_turf_B1_U060_R1,2757.585359141,8.467517898,command,0.600000,-5.326925755,-44.785076141,-0.651325285,0.018438306,-0.095960379,-0.652394116,ros2_odometer_state
M19C_S3_artificial_turf_B1_U060_R1,2757.586006431,8.468165188,command,0.600000,-5.326925755,-44.785076141,-0.651325285,0.018438306,-0.095960379,-0.652394116,ros2_odometer_state
M19C_S3_artificial_turf_B1_U060_R1,2757.588151540,8.470310297,command,0.600000,-5.326925755,-44.785076141,-0.651325285,0.018106407,-0.095415272,-0.653510094,ros2_odometer_state
M19C_S3_artificial_turf_B1_U060_R1,2757.589379941,8.471538698,command,0.600000,-5.326925755,-44.785076141,-0.651325285,0.018106407,-0.095415272,-0.653510094,ros2_odometer_state
M19C_S3_artificial_turf_B1_U060_R1,2757.592117202,8.474275959,command,0.600000,-5.326925755,-44.785076141,-0.651325285,0.017713355,-0.094909661,-0.654581666,ros2_odometer_state
M19C_S3_artificial_turf_B1_U060_R1,2757.594031870,8.476190627,command,0.600000,-5.326925755,-44.785076141,-0.651325285,0.017491013,-0.094696358,-0.655091703,ros2_odometer_state
M19C_S3_artificial_turf_B1_U060_R1,2757.596094768,8.478253525,command,0.600000,-5.326925755,-44.785076141,-0.651325285,0.017221291,-0.094512761,-0.655533135,ros2_odometer_state
M19C_S3_artificial_turf_B1_U060_R1,2757.598029725,8.480188482,command,0.600000,-5.326925755,-44.785076141,-0.651325285,0.016875070,-0.094341293,-0.655893564,ros2_odometer_state
M19C_S3_artificial_turf_B1_U060_R1,2757.600093519,8.482252276,command,0.600000,-5.326925755,-44.785076141,-0.651325285,0.016468264,-0.094177842,-0.656192780,ros2_odometer_state
M19C_S3_artificial_turf_B1_U060_R1,2757.601409604,8.483568361,command,0.600000,-5.313777447,-44.795169830,-0.656192780,0.016468264,-0.094177842,-0.656192780,ros2_odometer_state
M19C_S3_artificial_turf_B1_U060_R1,2757.603504215,8.485662972,command,0.600000,-5.313777447,-44.795169830,-0.656192780,0.016000094,-0.094012834,-0.656449378,ros2_odometer_state
M19C_S3_artificial_turf_B1_U060_R1,2757.606711030,8.488869787,command,0.600000,-5.313777447,-44.795169830,-0.656192780,0.014925982,-0.093677439,-0.656892896,ros2_odometer_state
M19C_S3_artificial_turf_B1_U060_R1,2757.608332759,8.490491516,command,0.600000,-5.313777447,-44.795169830,-0.656192780,0.014352255,-0.093512915,-0.657129169,ros2_odometer_state
M19C_S3_artificial_turf_B1_U060_R1,2757.610104509,8.492263266,command,0.600000,-5.313777447,-44.795169830,-0.656192780,0.013762096,-0.093361780,-0.657337725,ros2_odometer_state
M19C_S3_artificial_turf_B1_U060_R1,2757.612562623,8.494721380,command,0.600000,-5.313777447,-44.795169830,-0.656192780,0.013160989,-0.093223870,-0.657503307,ros2_odometer_state
M19C_S3_artificial_turf_B1_U060_R1,2757.613609065,8.495767822,command,0.600000,-5.313777447,-44.795169830,-0.656192780,0.013160989,-0.093223870,-0.657503307,ros2_odometer_state
M19C_S3_artificial_turf_B1_U060_R1,2757.615503796,8.497662553,command,0.600000,-5.313777447,-44.795169830,-0.656192780,0.012539905,-0.093079410,-0.657657981,ros2_odometer_state
M19C_S3_artificial_turf_B1_U060_R1,2757.617495939,8.499654696,command,0.600000,-5.313777447,-44.795169830,-0.656192780,0.011905027,-0.092918709,-0.657877028,ros2_odometer_state
M19C_S3_artificial_turf_B1_U060_R1,2757.619529172,8.501687929,stop,0.600000,-5.313777447,-44.795169830,-0.656192780,0.011292499,-0.092752427,-0.658184409,ros2_odometer_state
M19C_S3_artificial_turf_B1_U060_R1,2757.622179069,8.504337826,stop,0.600000,-5.300096035,-44.806659698,-0.658629537,0.010335812,-0.092757821,-0.659257710,ros2_odometer_state
M19C_S3_artificial_turf_B1_U060_R1,2757.624082921,8.506241678,stop,0.600000,-5.300096035,-44.806659698,-0.658629537,0.010067025,-0.092931747,-0.659954429,ros2_odometer_state
M19C_S3_artificial_turf_B1_U060_R1,2757.626938715,8.509097472,stop,0.600000,-5.300096035,-44.806659698,-0.658629537,0.009893704,-0.093050979,-0.660652876,ros2_odometer_state
M19C_S3_artificial_turf_B1_U060_R1,2757.629144082,8.511302839,stop,0.600000,-5.300096035,-44.806659698,-0.658629537,0.009771162,-0.093079038,-0.661414504,ros2_odometer_state
M19C_S3_artificial_turf_B1_U060_R1,2757.631746490,8.513905247,stop,0.600000,-5.300096035,-44.806659698,-0.658629537,0.009692204,-0.092984743,-0.662242651,ros2_odometer_state
M19C_S3_artificial_turf_B1_U060_R1,2757.632684799,8.514843556,stop,0.600000,-5.300096035,-44.806659698,-0.658629537,0.009674534,-0.092745528,-0.663117230,ros2_odometer_state
M19C_S3_artificial_turf_B1_U060_R1,2757.633350105,8.515508862,stop,0.600000,-5.300096035,-44.806659698,-0.658629537,0.009674534,-0.092745528,-0.663117230,ros2_odometer_state
M19C_S3_artificial_turf_B1_U060_R1,2757.635502639,8.517661396,stop,0.600000,-5.300096035,-44.806659698,-0.658629537,0.009715310,-0.092359841,-0.664015472,ros2_odometer_state
M19C_S3_artificial_turf_B1_U060_R1,2757.637409499,8.519568256,stop,0.600000,-5.300096035,-44.806659698,-0.658629537,0.009798865,-0.091790877,-0.664871454,ros2_odometer_state
M19C_S3_artificial_turf_B1_U060_R1,2757.639488045,8.521646802,stop,0.600000,-5.300096035,-44.806659698,-0.658629537,0.009916767,-0.091088280,-0.665638566,ros2_odometer_state
M19C_S3_artificial_turf_B1_U060_R1,2757.641519422,8.523678179,stop,0.600000,-5.285267830,-44.817031860,-0.666342020,0.010054003,-0.090314351,-0.666342020,ros2_odometer_state
M19C_S3_artificial_turf_B1_U060_R1,2757.643465964,8.525624721,stop,0.600000,-5.285267830,-44.817031860,-0.666342020,0.010202209,-0.089509487,-0.667008042,ros2_odometer_state
M19C_S3_artificial_turf_B1_U060_R1,2757.646075699,8.528234456,stop,0.600000,-5.285267830,-44.817031860,-0.666342020,0.010374102,-0.088698655,-0.667622745,ros2_odometer_state
M19C_S3_artificial_turf_B1_U060_R1,2757.648411984,8.530570741,stop,0.600000,-5.285267830,-44.817031860,-0.666342020,0.010932619,-0.086973801,-0.668690503,ros2_odometer_state
M19C_S3_artificial_turf_B1_U060_R1,2757.652071938,8.534230695,stop,0.600000,-5.285267830,-44.817031860,-0.666342020,0.011287669,-0.086003423,-0.669226289,ros2_odometer_state
M19C_S3_artificial_turf_B1_U060_R1,2757.652991366,8.535150123,stop,0.600000,-5.285267830,-44.817031860,-0.666342020,0.011675271,-0.084946491,-0.669792175,ros2_odometer_state
M19C_S3_artificial_turf_B1_U060_R1,2757.653413591,8.535572348,stop,0.600000,-5.285267830,-44.817031860,-0.666342020,0.011675271,-0.084946491,-0.669792175,ros2_odometer_state
M19C_S3_artificial_turf_B1_U060_R1,2757.655701810,8.537860567,stop,0.600000,-5.285267830,-44.817031860,-0.666342020,0.012077322,-0.083820142,-0.670373917,ros2_odometer_state
M19C_S3_artificial_turf_B1_U060_R1,2757.657886761,8.540045518,stop,0.600000,-5.285267830,-44.817031860,-0.666342020,0.012503682,-0.082656294,-0.670900166,ros2_odometer_state
M19C_S3_artificial_turf_B1_U060_R1,2757.659830838,8.541989595,stop,0.600000,-5.285267830,-44.817031860,-0.666342020,0.012955751,-0.081475683,-0.671287060,ros2_odometer_state
M19C_S3_artificial_turf_B1_U060_R1,2757.661628542,8.543787299,stop,0.600000,-5.273209095,-44.825592041,-0.671548188,0.013414297,-0.080286235,-0.671548188,ros2_odometer_state
M19C_S3_artificial_turf_B1_U060_R1,2757.663523977,8.545682734,stop,0.600000,-5.273209095,-44.825592041,-0.671548188,0.013847457,-0.079082742,-0.671798825,ros2_odometer_state
M19C_S3_artificial_turf_B1_U060_R1,2757.666148369,8.548307126,stop,0.600000,-5.273209095,-44.825592041,-0.671548188,0.014244802,-0.077885129,-0.672094047,ros2_odometer_state
M19C_S3_artificial_turf_B1_U060_R1,2757.668358025,8.550516782,stop,0.600000,-5.273209095,-44.825592041,-0.671548188,0.014953623,-0.075470045,-0.672786593,ros2_odometer_state
M19C_S3_artificial_turf_B1_U060_R1,2757.669540088,8.551698845,stop,0.600000,-5.273209095,-44.825592041,-0.671548188,0.014953623,-0.075470045,-0.672786593,ros2_odometer_state
M19C_S3_artificial_turf_B1_U060_R1,2757.671484614,8.553643371,stop,0.600000,-5.273209095,-44.825592041,-0.671548188,0.015216845,-0.074232638,-0.673219621,ros2_odometer_state
M19C_S3_artificial_turf_B1_U060_R1,2757.673510454,8.555669211,stop,0.600000,-5.273209095,-44.825592041,-0.671548188,0.015479454,-0.072955415,-0.673767030,ros2_odometer_state
M19C_S3_artificial_turf_B1_U060_R1,2757.675661740,8.557820497,stop,0.600000,-5.273209095,-44.825592041,-0.671548188,0.015751453,-0.071668647,-0.674355745,ros2_odometer_state
M19C_S3_artificial_turf_B1_U060_R1,2757.677986728,8.560145485,stop,0.600000,-5.273209095,-44.825592041,-0.671548188,0.015985377,-0.070414200,-0.674902260,ros2_odometer_state
M19C_S3_artificial_turf_B1_U060_R1,2757.680589648,8.562748405,stop,0.600000,-5.273209095,-44.825592041,-0.671548188,0.016252147,-0.068145640,-0.675945401,ros2_odometer_state
M19C_S3_artificial_turf_B1_U060_R1,2757.681574455,8.563733212,stop,0.600000,-5.262120247,-44.831501007,-0.675945401,0.016252147,-0.068145640,-0.675945401,ros2_odometer_state
M19C_S3_artificial_turf_B1_U060_R1,2757.685106179,8.567264936,stop,0.600000,-5.262120247,-44.831501007,-0.675945401,0.016267288,-0.066213362,-0.677012861,ros2_odometer_state
M19C_S3_artificial_turf_B1_U060_R1,2757.686117643,8.568276400,stop,0.600000,-5.262120247,-44.831501007,-0.675945401,0.016267288,-0.066213362,-0.677012861,ros2_odometer_state
M19C_S3_artificial_turf_B1_U060_R1,2757.688441416,8.570600173,stop,0.600000,-5.262120247,-44.831501007,-0.675945401,0.016085377,-0.064382367,-0.678185761,ros2_odometer_state
M19C_S3_artificial_turf_B1_U060_R1,2757.689494994,8.571653751,stop,0.600000,-5.262120247,-44.831501007,-0.675945401,0.016085377,-0.064382367,-0.678185761,ros2_odometer_state
M19C_S3_artificial_turf_B1_U060_R1,2757.692252031,8.574410788,stop,0.600000,-5.262120247,-44.831501007,-0.675945401,0.015733626,-0.062546059,-0.679567099,ros2_odometer_state
M19C_S3_artificial_turf_B1_U060_R1,2757.694184268,8.576343025,stop,0.600000,-5.262120247,-44.831501007,-0.675945401,0.015508556,-0.061578155,-0.680402875,ros2_odometer_state
M19C_S3_artificial_turf_B1_U060_R1,2757.695457119,8.577615876,stop,0.600000,-5.262120247,-44.831501007,-0.675945401,0.015508556,-0.061578155,-0.680402875,ros2_odometer_state
M19C_S3_artificial_turf_B1_U060_R1,2757.698149354,8.580308111,stop,0.600000,-5.262120247,-44.831501007,-0.675945401,0.014930894,-0.059602782,-0.682358623,ros2_odometer_state
M19C_S3_artificial_turf_B1_U060_R1,2757.700267358,8.582426115,stop,0.600000,-5.262120247,-44.831501007,-0.675945401,0.014628782,-0.058734726,-0.683279574,ros2_odometer_state
M19C_S3_artificial_turf_B1_U060_R1,2757.701548241,8.583706998,stop,0.600000,-5.250488281,-44.837471008,-0.683279574,0.014628782,-0.058734726,-0.683279574,ros2_odometer_state
M19C_S3_artificial_turf_B1_U060_R1,2757.704223035,8.586381792,stop,0.600000,-5.250488281,-44.837471008,-0.683279574,0.013947484,-0.057425760,-0.684916258,ros2_odometer_state
M19C_S3_artificial_turf_B1_U060_R1,2757.707193969,8.589352726,stop,0.600000,-5.250488281,-44.837471008,-0.683279574,0.013564120,-0.056947276,-0.685764253,ros2_odometer_state
M19C_S3_artificial_turf_B1_U060_R1,2757.707596833,8.589755590,stop,0.600000,-5.250488281,-44.837471008,-0.683279574,0.013564120,-0.056947276,-0.685764253,ros2_odometer_state
M19C_S3_artificial_turf_B1_U060_R1,2757.710245579,8.592404336,stop,0.600000,-5.250488281,-44.837471008,-0.683279574,0.012761638,-0.055997707,-0.687677085,ros2_odometer_state
M19C_S3_artificial_turf_B1_U060_R1,2757.712247066,8.594405823,stop,0.600000,-5.250488281,-44.837471008,-0.683279574,0.012346408,-0.055389438,-0.688873768,ros2_odometer_state
M19C_S3_artificial_turf_B1_U060_R1,2757.714191528,8.596350285,stop,0.600000,-5.250488281,-44.837471008,-0.683279574,0.011921548,-0.054707009,-0.690225184,ros2_odometer_state
M19C_S3_artificial_turf_B1_U060_R1,2757.716291803,8.598450560,stop,0.600000,-5.250488281,-44.837471008,-0.683279574,0.011485382,-0.054054577,-0.691571593,ros2_odometer_state
M19C_S3_artificial_turf_B1_U060_R1,2757.718237576,8.600396333,stop,0.600000,-5.250488281,-44.837471008,-0.683279574,0.011019714,-0.053525802,-0.692782581,ros2_odometer_state
M19C_S3_artificial_turf_B1_U060_R1,2757.721054616,8.603213373,stop,0.600000,-5.250488281,-44.837471008,-0.683279574,0.010503538,-0.053108420,-0.693933845,ros2_odometer_state
M19C_S3_artificial_turf_B1_U060_R1,2757.721578221,8.603736978,stop,0.600000,-5.238635063,-44.845264435,-0.693933845,0.010503538,-0.053108420,-0.693933845,ros2_odometer_state
M19C_S3_artificial_turf_B1_U060_R1,2757.724333659,8.606492416,stop,0.600000,-5.238635063,-44.845264435,-0.693933845,0.009354635,-0.052509494,-0.696099281,ros2_odometer_state
M19C_S3_artificial_turf_B1_U060_R1,2757.727050087,8.609208844,stop,0.600000,-5.238635063,-44.845264435,-0.693933845,0.008722002,-0.052321777,-0.696991205,ros2_odometer_state
M19C_S3_artificial_turf_B1_U060_R1,2757.728343002,8.610501759,stop,0.600000,-5.238635063,-44.845264435,-0.693933845,0.008101106,-0.052209832,-0.697835088,ros2_odometer_state
M19C_S3_artificial_turf_B1_U060_R1,2757.729584171,8.611742928,stop,0.600000,-5.238635063,-44.845264435,-0.693933845,0.008101106,-0.052209832,-0.697835088,ros2_odometer_state
M19C_S3_artificial_turf_B1_U060_R1,2757.732286743,8.614445500,stop,0.600000,-5.238635063,-44.845264435,-0.693933845,0.006987739,-0.051958282,-0.699698210,ros2_odometer_state
M19C_S3_artificial_turf_B1_U060_R1,2757.734251333,8.616410090,stop,0.600000,-5.238635063,-44.845264435,-0.693933845,0.006464406,-0.051779527,-0.700647652,ros2_odometer_state
M19C_S3_artificial_turf_B1_U060_R1,2757.736267861,8.618426618,stop,0.600000,-5.238635063,-44.845264435,-0.693933845,0.005923499,-0.051587928,-0.701500773,ros2_odometer_state
M19C_S3_artificial_turf_B1_U060_R1,2757.738226851,8.620385608,stop,0.600000,-5.238635063,-44.845264435,-0.693933845,0.005350841,-0.051407728,-0.702223957,ros2_odometer_state
M19C_S3_artificial_turf_B1_U060_R1,2757.739902758,8.622061515,stop,0.600000,-5.238635063,-44.845264435,-0.693933845,0.005350841,-0.051407728,-0.702223957,ros2_odometer_state
M19C_S3_artificial_turf_B1_U060_R1,2757.742395401,8.624554158,stop,0.600000,-5.226560116,-44.854225159,-0.702820182,0.004108996,-0.051069878,-0.703295350,ros2_odometer_state
M19C_S3_artificial_turf_B1_U060_R1,2757.744442810,8.626601567,stop,0.600000,-5.226560116,-44.854225159,-0.702820182,0.003464947,-0.050926130,-0.703665674,ros2_odometer_state
M19C_S3_artificial_turf_B1_U060_R1,2757.746969087,8.629127844,stop,0.600000,-5.226560116,-44.854225159,-0.702820182,0.002795204,-0.050798614,-0.703937232,ros2_odometer_state
M19C_S3_artificial_turf_B1_U060_R1,2757.748396215,8.630554972,stop,0.600000,-5.226560116,-44.854225159,-0.702820182,0.002127719,-0.050688218,-0.704139054,ros2_odometer_state
M19C_S3_artificial_turf_B1_U060_R1,2757.750715764,8.632874521,stop,0.600000,-5.226560116,-44.854225159,-0.702820182,0.001485877,-0.050553013,-0.704281986,ros2_odometer_state
M19C_S3_artificial_turf_B1_U060_R1,2757.752412631,8.634571388,stop,0.600000,-5.226560116,-44.854225159,-0.702820182,0.000859806,-0.050361559,-0.704395950,ros2_odometer_state
M19C_S3_artificial_turf_B1_U060_R1,2757.755634167,8.637792924,stop,0.600000,-5.226560116,-44.854225159,-0.702820182,0.000272087,-0.050075185,-0.704563558,ros2_odometer_state
M19C_S3_artificial_turf_B1_U060_R1,2757.756545787,8.638704544,stop,0.600000,-5.226560116,-44.854225159,-0.702820182,-0.000255711,-0.049699504,-0.704781413,ros2_odometer_state
M19C_S3_artificial_turf_B1_U060_R1,2757.758324578,8.640483335,stop,0.600000,-5.226560116,-44.854225159,-0.702820182,-0.000721399,-0.049284723,-0.704895318,ros2_odometer_state
M19C_S3_artificial_turf_B1_U060_R1,2757.760455479,8.642614236,stop,0.600000,-5.226560116,-44.854225159,-0.702820182,-0.001123263,-0.048880424,-0.704732895,ros2_odometer_state
M19C_S3_artificial_turf_B1_U060_R1,2757.762743346,8.644902103,stop,0.600000,-5.214086533,-44.863399506,-0.704732895,-0.001470244,-0.048523847,-0.704273462,ros2_odometer_state
M19C_S3_artificial_turf_B1_U060_R1,2757.763746394,8.645905151,stop,0.600000,-5.214086533,-44.863399506,-0.704732895,-0.001470244,-0.048523847,-0.704273462,ros2_odometer_state
M19C_S3_artificial_turf_B1_U060_R1,2757.767036861,8.649195618,stop,0.600000,-5.214086533,-44.863399506,-0.704732895,-0.002037314,-0.048067138,-0.702447772,ros2_odometer_state
M19C_S3_artificial_turf_B1_U060_R1,2757.767843325,8.650002082,stop,0.600000,-5.214086533,-44.863399506,-0.704732895,-0.002037314,-0.048067138,-0.702447772,ros2_odometer_state
M19C_S3_artificial_turf_B1_U060_R1,2757.770646892,8.652805649,stop,0.600000,-5.214086533,-44.863399506,-0.704732895,-0.002557922,-0.047697682,-0.699791253,ros2_odometer_state
M19C_S3_artificial_turf_B1_U060_R1,2757.772379921,8.654538678,stop,0.600000,-5.214086533,-44.863399506,-0.704732895,-0.002790648,-0.047324590,-0.698516190,ros2_odometer_state
M19C_S3_artificial_turf_B1_U060_R1,2757.774284989,8.656443746,stop,0.600000,-5.214086533,-44.863399506,-0.704732895,-0.002932791,-0.046781663,-0.697390676,ros2_odometer_state
M19C_S3_artificial_turf_B1_U060_R1,2757.776326670,8.658485427,stop,0.600000,-5.214086533,-44.863399506,-0.704732895,-0.002974858,-0.046166562,-0.696174204,ros2_odometer_state
M19C_S3_artificial_turf_B1_U060_R1,2757.777612833,8.659771590,stop,0.600000,-5.214086533,-44.863399506,-0.704732895,-0.002974858,-0.046166562,-0.696174204,ros2_odometer_state
M19C_S3_artificial_turf_B1_U060_R1,2757.780451218,8.662609975,stop,0.600000,-5.214086533,-44.863399506,-0.704732895,-0.003061872,-0.045006525,-0.692989469,ros2_odometer_state
M19C_S3_artificial_turf_B1_U060_R1,2757.781698019,8.663856776,stop,0.600000,-5.202266693,-44.872024536,-0.692989469,-0.003061872,-0.045006525,-0.692989469,ros2_odometer_state
M19C_S3_artificial_turf_B1_U060_R1,2757.783751029,8.665909786,stop,0.600000,-5.202266693,-44.872024536,-0.692989469,-0.003140366,-0.044392265,-0.691296637,ros2_odometer_state
M19C_S3_artificial_turf_B1_U060_R1,2757.788210438,8.670369195,stop,0.600000,-5.202266693,-44.872024536,-0.692989469,-0.003255733,-0.043735154,-0.689552248,ros2_odometer_state
M19C_S3_artificial_turf_B1_U060_R1,2757.789279121,8.671437878,stop,0.600000,-5.202266693,-44.872024536,-0.692989469,-0.003418769,-0.043111291,-0.687732339,ros2_odometer_state
M19C_S3_artificial_turf_B1_U060_R1,2757.791878360,8.674037117,stop,0.600000,-5.202266693,-44.872024536,-0.692989469,-0.003624937,-0.042582784,-0.685892105,ros2_odometer_state
M19C_S3_artificial_turf_B1_U060_R1,2757.792985156,8.675143913,stop,0.600000,-5.202266693,-44.872024536,-0.692989469,-0.003886897,-0.042131260,-0.684111893,ros2_odometer_state
M19C_S3_artificial_turf_B1_U060_R1,2757.795831637,8.677990394,stop,0.600000,-5.202266693,-44.872024536,-0.692989469,-0.004193960,-0.041680913,-0.682463408,ros2_odometer_state
M19C_S3_artificial_turf_B1_U060_R1,2757.797533913,8.679692670,stop,0.600000,-5.202266693,-44.872024536,-0.692989469,-0.004501679,-0.041169792,-0.680964291,ros2_odometer_state
M19C_S3_artificial_turf_B1_U060_R1,2757.799915576,8.682074333,stop,0.600000,-5.202266693,-44.872024536,-0.692989469,-0.004828075,-0.040589679,-0.679541647,ros2_odometer_state
M19C_S3_artificial_turf_B1_U060_R1,2757.801979594,8.684138351,stop,0.600000,-5.202266693,-44.872024536,-0.692989469,-0.005222985,-0.039959725,-0.678137004,ros2_odometer_state
M19C_S3_artificial_turf_B1_U060_R1,2757.802965393,8.685124150,stop,0.600000,-5.190807343,-44.880374908,-0.676734746,-0.005699381,-0.039292283,-0.676734746,ros2_odometer_state
M19C_S3_artificial_turf_B1_U060_R1,2757.804533711,8.686692468,stop,0.600000,-5.190807343,-44.880374908,-0.676734746,-0.006173403,-0.038619913,-0.675294697,ros2_odometer_state
M19C_S3_artificial_turf_B1_U060_R1,2757.806384441,8.688543198,stop,0.600000,-5.190807343,-44.880374908,-0.676734746,-0.006612626,-0.037963528,-0.673779488,ros2_odometer_state
M19C_S3_artificial_turf_B1_U060_R1,2757.809022242,8.691180999,stop,0.600000,-5.190807343,-44.880374908,-0.676734746,-0.007048450,-0.037346624,-0.672261059,ros2_odometer_state
M19C_S3_artificial_turf_B1_U060_R1,2757.811074227,8.693232984,stop,0.600000,-5.190807343,-44.880374908,-0.676734746,-0.007496252,-0.036797211,-0.670838237,ros2_odometer_state
M19C_S3_artificial_turf_B1_U060_R1,2757.813467795,8.695626552,stop,0.600000,-5.190807343,-44.880374908,-0.676734746,-0.007919041,-0.036324885,-0.669565916,ros2_odometer_state
M19C_S3_artificial_turf_B1_U060_R1,2757.815078195,8.697236952,stop,0.600000,-5.190807343,-44.880374908,-0.676734746,-0.008312603,-0.035925839,-0.668441117,ros2_odometer_state
M19C_S3_artificial_turf_B1_U060_R1,2757.816480618,8.698639375,stop,0.600000,-5.190807343,-44.880374908,-0.676734746,-0.008664375,-0.035553854,-0.667486489,ros2_odometer_state
M19C_S3_artificial_turf_B1_U060_R1,2757.818026792,8.700185549,stop,0.600000,-5.190807343,-44.880374908,-0.676734746,-0.008976555,-0.035170004,-0.666700959,ros2_odometer_state
M19C_S3_artificial_turf_B1_U060_R1,2757.819824271,8.701983028,stop,0.600000,-5.190807343,-44.880374908,-0.676734746,-0.009277192,-0.034747623,-0.666057408,ros2_odometer_state
M19C_S3_artificial_turf_B1_U060_R1,2757.822728803,8.704887560,stop,0.600000,-5.180236816,-44.890407562,-0.665557563,-0.009949941,-0.033757865,-0.665159285,ros2_odometer_state
M19C_S3_artificial_turf_B1_U060_R1,2757.824602669,8.706761426,stop,0.600000,-5.180236816,-44.890407562,-0.665557563,-0.010321490,-0.033267345,-0.664812982,ros2_odometer_state
M19C_S3_artificial_turf_B1_U060_R1,2757.827171539,8.709330296,stop,0.600000,-5.180236816,-44.890407562,-0.665557563,-0.010697216,-0.032842819,-0.664489508,ros2_odometer_state
M19C_S3_artificial_turf_B1_U060_R1,2757.828684624,8.710843381,stop,0.600000,-5.180236816,-44.890407562,-0.665557563,-0.011071700,-0.032520104,-0.664172232,ros2_odometer_state
M19C_S3_artificial_turf_B1_U060_R1,2757.830785155,8.712943912,stop,0.600000,-5.180236816,-44.890407562,-0.665557563,-0.011422808,-0.032283980,-0.663873971,ros2_odometer_state
M19C_S3_artificial_turf_B1_U060_R1,2757.831902735,8.714061492,stop,0.600000,-5.180236816,-44.890407562,-0.665557563,-0.011422808,-0.032283980,-0.663873971,ros2_odometer_state
M19C_S3_artificial_turf_B1_U060_R1,2757.833787930,8.715946687,stop,0.600000,-5.180236816,-44.890407562,-0.665557563,-0.011739188,-0.032105643,-0.663639307,ros2_odometer_state
M19C_S3_artificial_turf_B1_U060_R1,2757.835879566,8.718038323,stop,0.600000,-5.180236816,-44.890407562,-0.665557563,-0.012005425,-0.031965937,-0.663501561,ros2_odometer_state
M19C_S3_artificial_turf_B1_U060_R1,2757.837824763,8.719983520,stop,0.600000,-5.180236816,-44.890407562,-0.665557563,-0.012199017,-0.031859625,-0.663479567,ros2_odometer_state
M19C_S3_artificial_turf_B1_U060_R1,2757.840357408,8.722516165,stop,0.600000,-5.180236816,-44.890407562,-0.665557563,-0.012305555,-0.031758323,-0.663629889,ros2_odometer_state
M19C_S3_artificial_turf_B1_U060_R1,2757.841927102,8.724085859,stop,0.600000,-5.169017315,-44.900192261,-0.663978636,-0.012354498,-0.031628240,-0.663978636,ros2_odometer_state
M19C_S3_artificial_turf_B1_U060_R1,2757.843917389,8.726076146,stop,0.600000,-5.169017315,-44.900192261,-0.663978636,-0.012384266,-0.031443406,-0.664487243,ros2_odometer_state
M19C_S3_artificial_turf_B1_U060_R1,2757.846439057,8.728597814,stop,0.600000,-5.169017315,-44.900192261,-0.663978636,-0.012419421,-0.031224050,-0.665043056,ros2_odometer_state
M19C_S3_artificial_turf_B1_U060_R1,2757.847964814,8.730123571,stop,0.600000,-5.169017315,-44.900192261,-0.663978636,-0.012471064,-0.031011416,-0.665581286,ros2_odometer_state
M19C_S3_artificial_turf_B1_U060_R1,2757.849934524,8.732093281,stop,0.600000,-5.169017315,-44.900192261,-0.663978636,-0.012552187,-0.030846778,-0.666090727,ros2_odometer_state
M19C_S3_artificial_turf_B1_U060_R1,2757.852885170,8.735043927,stop,0.600000,-5.169017315,-44.900192261,-0.663978636,-0.012717621,-0.030765502,-0.667055428,ros2_odometer_state
M19C_S3_artificial_turf_B1_U060_R1,2757.855006822,8.737165579,stop,0.600000,-5.169017315,-44.900192261,-0.663978636,-0.012727797,-0.030802442,-0.667554617,ros2_odometer_state
M19C_S3_artificial_turf_B1_U060_R1,2757.855948331,8.738107088,stop,0.600000,-5.169017315,-44.900192261,-0.663978636,-0.012727797,-0.030802442,-0.667554617,ros2_odometer_state
M19C_S3_artificial_turf_B1_U060_R1,2757.858822942,8.740981699,stop,0.600000,-5.169017315,-44.900192261,-0.663978636,-0.012536034,-0.030986361,-0.668616533,ros2_odometer_state
M19C_S3_artificial_turf_B1_U060_R1,2757.860885328,8.743044085,stop,0.600000,-5.169017315,-44.900192261,-0.663978636,-0.012389384,-0.031104367,-0.669213116,ros2_odometer_state
M19C_S3_artificial_turf_B1_U060_R1,2757.862026973,8.744185730,stop,0.600000,-5.157248974,-44.909069061,-0.669213116,-0.012389384,-0.031104367,-0.669213116,ros2_odometer_state
M19C_S3_artificial_turf_B1_U060_R1,2757.864849581,8.747008338,stop,0.600000,-5.157248974,-44.909069061,-0.669213116,-0.012094053,-0.031297330,-0.670545101,ros2_odometer_state
M19C_S3_artificial_turf_B1_U060_R1,2757.866459949,8.748618706,stop,0.600000,-5.157248974,-44.909069061,-0.669213116,-0.012094053,-0.031297330,-0.670545101,ros2_odometer_state
M19C_S3_artificial_turf_B1_U060_R1,2757.868192050,8.750350807,stop,0.600000,-5.157248974,-44.909069061,-0.669213116,-0.011973481,-0.031374320,-0.671213388,ros2_odometer_state
M19C_S3_artificial_turf_B1_U060_R1,2757.870011579,8.752170336,stop,0.600000,-5.157248974,-44.909069061,-0.669213116,-0.011872781,-0.031457007,-0.671845078,ros2_odometer_state
M19C_S3_artificial_turf_B1_U060_R1,2757.872944431,8.755103188,stop,0.600000,-5.157248974,-44.909069061,-0.669213116,-0.011725970,-0.031672269,-0.673062444,ros2_odometer_state
M19C_S3_artificial_turf_B1_U060_R1,2757.874637715,8.756796472,stop,0.600000,-5.157248974,-44.909069061,-0.669213116,-0.011661985,-0.031815086,-0.673674583,ros2_odometer_state
M19C_S3_artificial_turf_B1_U060_R1,2757.877580359,8.759739116,stop,0.600000,-5.157248974,-44.909069061,-0.669213116,-0.011580473,-0.031981729,-0.674218953,ros2_odometer_state
M19C_S3_artificial_turf_B1_U060_R1,2757.878001112,8.760159869,stop,0.600000,-5.157248974,-44.909069061,-0.669213116,-0.011580473,-0.031981729,-0.674218953,ros2_odometer_state
M19C_S3_artificial_turf_B1_U060_R1,2757.879886307,8.762045064,stop,0.600000,-5.157248974,-44.909069061,-0.669213116,-0.011479340,-0.032169886,-0.674654841,ros2_odometer_state
M19C_S3_artificial_turf_B1_U060_R1,2757.882625936,8.764784693,stop,0.600000,-5.145347595,-44.918170929,-0.674981117,-0.011231834,-0.032628220,-0.675239563,ros2_odometer_state
M19C_S3_artificial_turf_B1_U060_R1,2757.884671393,8.766830150,stop,0.600000,-5.145347595,-44.918170929,-0.674981117,-0.011088387,-0.032813746,-0.675413609,ros2_odometer_state
M19C_S3_artificial_turf_B1_U060_R1,2757.887267689,8.769426446,stop,0.600000,-5.145347595,-44.918170929,-0.674981117,-0.010845875,-0.032917164,-0.675457954,ros2_odometer_state
M19C_S3_artificial_turf_B1_U060_R1,2757.887948868,8.770107625,stop,0.600000,-5.145347595,-44.918170929,-0.674981117,-0.010845875,-0.032917164,-0.675457954,ros2_odometer_state
M19C_S3_artificial_turf_B1_U060_R1,2757.889960372,8.772119129,stop,0.600000,-5.145347595,-44.918170929,-0.674981117,-0.010467890,-0.032990251,-0.675376892,ros2_odometer_state
M19C_S3_artificial_turf_B1_U060_R1,2757.892673248,8.774832005,stop,0.600000,-5.145347595,-44.918170929,-0.674981117,-0.009604372,-0.033552840,-0.675087273,ros2_odometer_state
M19C_S3_artificial_turf_B1_U060_R1,2757.894580715,8.776739472,stop,0.600000,-5.145347595,-44.918170929,-0.674981117,-0.009197370,-0.034020219,-0.674718440,ros2_odometer_state
M19C_S3_artificial_turf_B1_U060_R1,2757.896591675,8.778750432,stop,0.600000,-5.145347595,-44.918170929,-0.674981117,-0.008825133,-0.034550611,-0.674162328,ros2_odometer_state
M19C_S3_artificial_turf_B1_U060_R1,2757.898531080,8.780689837,stop,0.600000,-5.145347595,-44.918170929,-0.674981117,-0.008434168,-0.035143100,-0.673574746,ros2_odometer_state
M19C_S3_artificial_turf_B1_U060_R1,2757.900764449,8.782923206,stop,0.600000,-5.145347595,-44.918170929,-0.674981117,-0.007973131,-0.035716198,-0.673019767,ros2_odometer_state
M19C_S3_artificial_turf_B1_U060_R1,2757.902626859,8.784785616,stop,0.600000,-5.132587910,-44.927925110,-0.673019767,-0.007447244,-0.036210421,-0.672434747,ros2_odometer_state
M19C_S3_artificial_turf_B1_U060_R1,2757.903856796,8.786015553,stop,0.600000,-5.132587910,-44.927925110,-0.673019767,-0.007447244,-0.036210421,-0.672434747,ros2_odometer_state
M19C_S3_artificial_turf_B1_U060_R1,2757.907269988,8.789428745,stop,0.600000,-5.132587910,-44.927925110,-0.673019767,-0.006321739,-0.037067201,-0.670963109,ros2_odometer_state
M19C_S3_artificial_turf_B1_U060_R1,2757.907987520,8.790146277,stop,0.600000,-5.132587910,-44.927925110,-0.673019767,-0.006321739,-0.037067201,-0.670963109,ros2_odometer_state
M19C_S3_artificial_turf_B1_U060_R1,2757.910715373,8.792874130,stop,0.600000,-5.132587910,-44.927925110,-0.673019767,-0.005229477,-0.037958991,-0.669428766,ros2_odometer_state
M19C_S3_artificial_turf_B1_U060_R1,2757.912609240,8.794767997,stop,0.600000,-5.132587910,-44.927925110,-0.673019767,-0.004687658,-0.038521811,-0.668863356,ros2_odometer_state
M19C_S3_artificial_turf_B1_U060_R1,2757.914172630,8.796331387,stop,0.600000,-5.132587910,-44.927925110,-0.673019767,-0.004687658,-0.038521811,-0.668863356,ros2_odometer_state
M19C_S3_artificial_turf_B1_U060_R1,2757.916651993,8.798810750,stop,0.600000,-5.132587910,-44.927925110,-0.673019767,-0.003540095,-0.039852455,-0.667662084,ros2_odometer_state
M19C_S3_artificial_turf_B1_U060_R1,2757.918608135,8.800766892,stop,0.600000,-5.132587910,-44.927925110,-0.673019767,-0.002950716,-0.040592454,-0.667000830,ros2_odometer_state
M19C_S3_artificial_turf_B1_U060_R1,2757.920909122,8.803067879,stop,0.600000,-5.132587910,-44.927925110,-0.673019767,-0.002319945,-0.041356638,-0.666376591,ros2_odometer_state
M19C_S3_artificial_turf_B1_U060_R1,2757.922798477,8.804957234,stop,0.600000,-5.118483067,-44.938632965,-0.666376591,-0.001598122,-0.042083722,-0.665771127,ros2_odometer_state
M19C_S3_artificial_turf_B1_U060_R1,2757.924054687,8.806213444,stop,0.600000,-5.118483067,-44.938632965,-0.666376591,-0.001598122,-0.042083722,-0.665771127,ros2_odometer_state
M19C_S3_artificial_turf_B1_U060_R1,2757.928868639,8.811027396,stop,0.600000,-5.118483067,-44.938632965,-0.666376591,-0.000009903,-0.043416049,-0.664586842,ros2_odometer_state
M19C_S3_artificial_turf_B1_U060_R1,2757.929880903,8.812039660,stop,0.600000,-5.118483067,-44.938632965,-0.666376591,0.000844561,-0.044096369,-0.664087892,ros2_odometer_state
M19C_S3_artificial_turf_B1_U060_R1,2757.930210228,8.812368985,stop,0.600000,-5.118483067,-44.938632965,-0.666376591,0.000844561,-0.044096369,-0.664087892,ros2_odometer_state
M19C_S3_artificial_turf_B1_U060_R1,2757.932684886,8.814843643,stop,0.600000,-5.118483067,-44.938632965,-0.666376591,0.002505793,-0.045584455,-0.663108230,ros2_odometer_state
M19C_S3_artificial_turf_B1_U060_R1,2757.934684294,8.816843051,stop,0.600000,-5.118483067,-44.938632965,-0.666376591,0.003334844,-0.046401031,-0.662732840,ros2_odometer_state
M19C_S3_artificial_turf_B1_U060_R1,2757.936645620,8.818804377,stop,0.600000,-5.118483067,-44.938632965,-0.666376591,0.004205687,-0.047260258,-0.662490129,ros2_odometer_state
M19C_S3_artificial_turf_B1_U060_R1,2757.938655364,8.820814121,stop,0.600000,-5.118483067,-44.938632965,-0.666376591,0.005144094,-0.048146192,-0.662349641,ros2_odometer_state
M19C_S3_artificial_turf_B1_U060_R1,2757.940872700,8.823031457,stop,0.600000,-5.118483067,-44.938632965,-0.666376591,0.006143134,-0.049046069,-0.662284136,ros2_odometer_state
M19C_S3_artificial_turf_B1_U060_R1,2757.942192624,8.824351381,stop,0.600000,-5.104496002,-44.950416565,-0.662284136,0.006143134,-0.049046069,-0.662284136,ros2_odometer_state
M19C_S3_artificial_turf_B1_U060_R1,2757.944882363,8.827041120,stop,0.600000,-5.104496002,-44.950416565,-0.662284136,0.008265457,-0.050830524,-0.662213385,ros2_odometer_state
M19C_S3_artificial_turf_B1_U060_R1,2757.946605952,8.828764709,stop,0.600000,-5.104496002,-44.950416565,-0.662284136,0.008265457,-0.050830524,-0.662213385,ros2_odometer_state
M19C_S3_artificial_turf_B1_U060_R1,2757.948895227,8.831053984,stop,0.600000,-5.104496002,-44.950416565,-0.662284136,0.010490107,-0.052642331,-0.662021339,ros2_odometer_state
M19C_S3_artificial_turf_B1_U060_R1,2757.951082994,8.833241751,stop,0.600000,-5.104496002,-44.950416565,-0.662284136,0.011630348,-0.053603072,-0.661916912,ros2_odometer_state
M19C_S3_artificial_turf_B1_U060_R1,2757.953089922,8.835248679,stop,0.600000,-5.104496002,-44.950416565,-0.662284136,0.012777443,-0.054604694,-0.661894619,ros2_odometer_state
M19C_S3_artificial_turf_B1_U060_R1,2757.955045903,8.837204660,stop,0.600000,-5.104496002,-44.950416565,-0.662284136,0.013936786,-0.055661999,-0.661946654,ros2_odometer_state
M19C_S3_artificial_turf_B1_U060_R1,2757.957215718,8.839374475,stop,0.600000,-5.104496002,-44.950416565,-0.662284136,0.015121084,-0.056771297,-0.662011504,ros2_odometer_state
M19C_S3_artificial_turf_B1_U060_R1,2757.958257647,8.840416404,stop,0.600000,-5.104496002,-44.950416565,-0.662284136,0.015121084,-0.056771297,-0.662011504,ros2_odometer_state
M19C_S3_artificial_turf_B1_U060_R1,2757.960105817,8.842264574,stop,0.600000,-5.104496002,-44.950416565,-0.662284136,0.016345317,-0.057913154,-0.662055492,ros2_odometer_state
M19C_S3_artificial_turf_B1_U060_R1,2757.962963658,8.845122415,stop,0.600000,-5.089073658,-44.962306976,-0.662105501,0.018946184,-0.060269367,-0.662201285,ros2_odometer_state
M19C_S3_artificial_turf_B1_U060_R1,2757.964146649,8.846305406,stop,0.600000,-5.089073658,-44.962306976,-0.662105501,0.018946184,-0.060269367,-0.662201285,ros2_odometer_state
M19C_S3_artificial_turf_B1_U060_R1,2757.967466909,8.849625666,stop,0.600000,-5.089073658,-44.962306976,-0.662105501,0.021704687,-0.062704138,-0.662427783,ros2_odometer_state
M19C_S3_artificial_turf_B1_U060_R1,2757.968254429,8.850413186,stop,0.600000,-5.089073658,-44.962306976,-0.662105501,0.021704687,-0.062704138,-0.662427783,ros2_odometer_state
M19C_S3_artificial_turf_B1_U060_R1,2757.971181841,8.853340598,stop,0.600000,-5.089073658,-44.962306976,-0.662105501,0.026005415,-0.066446200,-0.662285805,ros2_odometer_state
M19C_S3_artificial_turf_B1_U060_R1,2757.972238299,8.854397056,stop,0.600000,-5.089073658,-44.962306976,-0.662105501,0.026005415,-0.066446200,-0.662285805,ros2_odometer_state
M19C_S3_artificial_turf_B1_U060_R1,2757.975010697,8.857169454,stop,0.600000,-5.089073658,-44.962306976,-0.662105501,0.029016238,-0.069033019,-0.662219882,ros2_odometer_state
M19C_S3_artificial_turf_B1_U060_R1,2757.977022105,8.859180862,stop,0.600000,-5.089073658,-44.962306976,-0.662105501,0.030578148,-0.070379458,-0.662210464,ros2_odometer_state
M19C_S3_artificial_turf_B1_U060_R1,2757.978985415,8.861144172,stop,0.600000,-5.089073658,-44.962306976,-0.662105501,0.032171916,-0.071753547,-0.662163794,ros2_odometer_state
M19C_S3_artificial_turf_B1_U060_R1,2757.980154902,8.862313659,stop,0.600000,-5.089073658,-44.962306976,-0.662105501,0.032171916,-0.071753547,-0.662163794,ros2_odometer_state
M19C_S3_artificial_turf_B1_U060_R1,2757.982178342,8.864337099,stop,0.600000,-5.073727131,-44.974304199,-0.662163794,0.032171916,-0.071753547,-0.662163794,ros2_odometer_state
M19C_S3_artificial_turf_B1_U060_R1,2757.984107635,8.866266392,stop,0.600000,-5.073727131,-44.974304199,-0.662163794,0.033792481,-0.073150791,-0.662080348,ros2_odometer_state
M19C_S3_artificial_turf_B1_U060_R1,2757.986719099,8.868877856,stop,0.600000,-5.073727131,-44.974304199,-0.662163794,0.037020985,-0.075959243,-0.661830962,ros2_odometer_state
M19C_S3_artificial_turf_B1_U060_R1,2757.988224182,8.870382939,stop,0.600000,-5.073727131,-44.974304199,-0.662163794,0.038632415,-0.077340074,-0.661630392,ros2_odometer_state
M19C_S3_artificial_turf_B1_U060_R1,2757.992212981,8.874371738,stop,0.600000,-5.073727131,-44.974304199,-0.662163794,0.040242486,-0.078684479,-0.661339283,ros2_odometer_state
M19C_S3_artificial_turf_B1_U060_R1,2757.993183036,8.875341793,stop,0.600000,-5.073727131,-44.974304199,-0.662163794,0.041828759,-0.080009155,-0.660939813,ros2_odometer_state
M19C_S3_artificial_turf_B1_U060_R1,2757.994807516,8.876966273,stop,0.600000,-5.073727131,-44.974304199,-0.662163794,0.043376535,-0.081352785,-0.660474420,ros2_odometer_state
M19C_S3_artificial_turf_B1_U060_R1,2757.996823756,8.878982513,stop,0.600000,-5.073727131,-44.974304199,-0.662163794,0.044913981,-0.082715988,-0.660011470,ros2_odometer_state
M19C_S3_artificial_turf_B1_U060_R1,2757.998111680,8.880270437,stop,0.600000,-5.073727131,-44.974304199,-0.662163794,0.046466567,-0.084104963,-0.659552813,ros2_odometer_state
M19C_S3_artificial_turf_B1_U060_R1,2758.000839852,8.882998609,stop,0.600000,-5.073727131,-44.974304199,-0.662163794,0.049576074,-0.086981058,-0.658567190,ros2_odometer_state
M19C_S3_artificial_turf_B1_U060_R1,2758.002925791,8.885084548,stop,0.600000,-5.057640076,-44.986972809,-0.658567190,0.051061954,-0.088533744,-0.657924354,ros2_odometer_state
M19C_S3_artificial_turf_B1_U060_R1,2758.004859756,8.887018513,stop,0.600000,-5.057640076,-44.986972809,-0.658567190,0.052362170,-0.090180062,-0.657072544,ros2_odometer_state
M19C_S3_artificial_turf_B1_U060_R1,2758.006713078,8.888871835,stop,0.600000,-5.057640076,-44.986972809,-0.658567190,0.052362170,-0.090180062,-0.657072544,ros2_odometer_state
M19C_S3_artificial_turf_B1_U060_R1,2758.008217681,8.890376438,stop,0.600000,-5.057640076,-44.986972809,-0.658567190,0.053499114,-0.091821291,-0.656253934,ros2_odometer_state
M19C_S3_artificial_turf_B1_U060_R1,2758.010160703,8.892319460,stop,0.600000,-5.057640076,-44.986972809,-0.658567190,0.054514572,-0.093353592,-0.655648053,ros2_odometer_state
M19C_S3_artificial_turf_B1_U060_R1,2758.012878027,8.895036784,stop,0.600000,-5.057640076,-44.986972809,-0.658567190,0.056158174,-0.095976971,-0.655195475,ros2_odometer_state
M19C_S3_artificial_turf_B1_U060_R1,2758.014374662,8.896533419,stop,0.600000,-5.057640076,-44.986972809,-0.658567190,0.056158174,-0.095976971,-0.655195475,ros2_odometer_state
M19C_S3_artificial_turf_B1_U060_R1,2758.016969005,8.899127762,stop,0.600000,-5.057640076,-44.986972809,-0.658567190,0.057436951,-0.097909555,-0.655052245,ros2_odometer_state
M19C_S3_artificial_turf_B1_U060_R1,2758.018811895,8.900970652,stop,0.600000,-5.057640076,-44.986972809,-0.658567190,0.057864834,-0.098744638,-0.654976070,ros2_odometer_state
M19C_S3_artificial_turf_B1_U060_R1,2758.020857640,8.903016397,stop,0.600000,-5.057640076,-44.986972809,-0.658567190,0.058137044,-0.099534340,-0.655198753,ros2_odometer_state
M19C_S3_artificial_turf_B1_U060_R1,2758.022914714,8.905073471,stop,0.600000,-5.041811943,-45.000885010,-0.655198753,0.058244724,-0.100317381,-0.655574918,ros2_odometer_state
M19C_S3_artificial_turf_B1_U060_R1,2758.024824454,8.906983211,stop,0.600000,-5.041811943,-45.000885010,-0.655198753,0.058149613,-0.101174556,-0.655882597,ros2_odometer_state
M19C_S3_artificial_turf_B1_U060_R1,2758.027694904,8.909853661,stop,0.600000,-5.041811943,-45.000885010,-0.655198753,0.057855658,-0.102113612,-0.656052887,ros2_odometer_state
M19C_S3_artificial_turf_B1_U060_R1,2758.028248494,8.910407251,stop,0.600000,-5.041811943,-45.000885010,-0.655198753,0.057855658,-0.102113612,-0.656052887,ros2_odometer_state
M19C_S3_artificial_turf_B1_U060_R1,2758.030877558,8.913036315,stop,0.600000,-5.041811943,-45.000885010,-0.655198753,0.056691449,-0.104115836,-0.656141043,ros2_odometer_state
M19C_S3_artificial_turf_B1_U060_R1,2758.032898663,8.915057420,stop,0.600000,-5.041811943,-45.000885010,-0.655198753,0.055893470,-0.105114587,-0.656145215,ros2_odometer_state
M19C_S3_artificial_turf_B1_U060_R1,2758.034865397,8.917024154,stop,0.600000,-5.041811943,-45.000885010,-0.655198753,0.055058222,-0.106080920,-0.656072199,ros2_odometer_state
M19C_S3_artificial_turf_B1_U060_R1,2758.037083469,8.919242226,stop,0.600000,-5.041811943,-45.000885010,-0.655198753,0.054244917,-0.106963292,-0.655936122,ros2_odometer_state
M19C_S3_artificial_turf_B1_U060_R1,2758.038821106,8.920979863,stop,0.600000,-5.041811943,-45.000885010,-0.655198753,0.053506471,-0.107748322,-0.655760229,ros2_odometer_state
M19C_S3_artificial_turf_B1_U060_R1,2758.041084172,8.923242929,stop,0.600000,-5.041811943,-45.000885010,-0.655198753,0.052844834,-0.108487882,-0.655562222,ros2_odometer_state
M19C_S3_artificial_turf_B1_U060_R1,2758.042927829,8.925086586,stop,0.600000,-5.030232906,-45.018375397,-0.655562222,0.052254800,-0.109226353,-0.655323267,ros2_odometer_state
M19C_S3_artificial_turf_B1_U060_R1,2758.044914340,8.927073097,stop,0.600000,-5.030232906,-45.018375397,-0.655562222,0.051735993,-0.109983057,-0.655010700,ros2_odometer_state
M19C_S3_artificial_turf_B1_U060_R1,2758.047586831,8.929745588,stop,0.600000,-5.030232906,-45.018375397,-0.655562222,0.051271144,-0.110721380,-0.654647410,ros2_odometer_state
M19C_S3_artificial_turf_B1_U060_R1,2758.051144508,8.933303265,stop,0.600000,-5.030232906,-45.018375397,-0.655562222,0.050862826,-0.111394256,-0.654279053,ros2_odometer_state
M19C_S3_artificial_turf_B1_U060_R1,2758.052451984,8.934610741,stop,0.600000,-5.030232906,-45.018375397,-0.655562222,0.050495163,-0.111978650,-0.653848231,ros2_odometer_state
M19C_S3_artificial_turf_B1_U060_R1,2758.053499834,8.935658591,stop,0.600000,-5.030232906,-45.018375397,-0.655562222,0.050111767,-0.112467997,-0.653311551,ros2_odometer_state
M19C_S3_artificial_turf_B1_U060_R1,2758.054935859,8.937094616,stop,0.600000,-5.030232906,-45.018375397,-0.655562222,0.049720466,-0.112876207,-0.652762175,ros2_odometer_state
M19C_S3_artificial_turf_B1_U060_R1,2758.056900673,8.939059430,stop,0.600000,-5.030232906,-45.018375397,-0.655562222,0.049357943,-0.113239340,-0.652249336,ros2_odometer_state
M19C_S3_artificial_turf_B1_U060_R1,2758.058154451,8.940313208,stop,0.600000,-5.030232906,-45.018375397,-0.655562222,0.049357943,-0.113239340,-0.652249336,ros2_odometer_state
M19C_S3_artificial_turf_B1_U060_R1,2758.061126441,8.943285198,stop,0.600000,-5.030232906,-45.018375397,-0.655562222,0.048878945,-0.113895908,-0.651350498,ros2_odometer_state
M19C_S3_artificial_turf_B1_U060_R1,2758.062994643,8.945153400,stop,0.600000,-5.020304680,-45.036994934,-0.651350498,0.048753642,-0.114205673,-0.651018322,ros2_odometer_state
M19C_S3_artificial_turf_B1_U060_R1,2758.065063941,8.947222698,stop,0.600000,-5.020304680,-45.036994934,-0.651350498,0.048669647,-0.114564002,-0.650755942,ros2_odometer_state
M19C_S3_artificial_turf_B1_U060_R1,2758.067577545,8.949736302,stop,0.600000,-5.020304680,-45.036994934,-0.651350498,0.048588540,-0.114976414,-0.650507510,ros2_odometer_state
M19C_S3_artificial_turf_B1_U060_R1,2758.069131655,8.951290412,stop,0.600000,-5.020304680,-45.036994934,-0.651350498,0.048480745,-0.115413144,-0.650201142,ros2_odometer_state
M19C_S3_artificial_turf_B1_U060_R1,2758.070282869,8.952441626,stop,0.600000,-5.020304680,-45.036994934,-0.651350498,0.048480745,-0.115413144,-0.650201142,ros2_odometer_state
M19C_S3_artificial_turf_B1_U060_R1,2758.073058787,8.955217544,stop,0.600000,-5.020304680,-45.036994934,-0.651350498,0.048065830,-0.116167299,-0.649392486,ros2_odometer_state
M19C_S3_artificial_turf_B1_U060_R1,2758.074259411,8.956418168,stop,0.600000,-5.020304680,-45.036994934,-0.651350498,0.048065830,-0.116167299,-0.649392486,ros2_odometer_state
M19C_S3_artificial_turf_B1_U060_R1,2758.077581495,8.959740252,stop,0.600000,-5.020304680,-45.036994934,-0.651350498,0.047731835,-0.116869479,-0.648742378,ros2_odometer_state
M19C_S3_artificial_turf_B1_U060_R1,2758.078514524,8.960673281,stop,0.600000,-5.020304680,-45.036994934,-0.651350498,0.047731835,-0.116869479,-0.648742378,ros2_odometer_state
M19C_S3_artificial_turf_B1_U060_R1,2758.080699251,8.962858008,stop,0.600000,-5.020304680,-45.036994934,-0.651350498,0.047695383,-0.117254339,-0.648536146,ros2_odometer_state
M19C_S3_artificial_turf_B1_U060_R1,2758.083459873,8.965618630,stop,0.600000,-5.009526730,-45.052593231,-0.648406267,0.047676433,-0.118038774,-0.648311198,ros2_odometer_state
M19C_S3_artificial_turf_B1_U060_R1,2758.085207910,8.967366667,stop,0.600000,-5.009526730,-45.052593231,-0.648406267,0.047650926,-0.118444324,-0.648222089,ros2_odometer_state
M19C_S3_artificial_turf_B1_U060_R1,2758.086911786,8.969070543,stop,0.600000,-5.009526730,-45.052593231,-0.648406267,0.047650926,-0.118444324,-0.648222089,ros2_odometer_state
M19C_S3_artificial_turf_B1_U060_R1,2758.089110721,8.971269478,stop,0.600000,-5.009526730,-45.052593231,-0.648406267,0.047515672,-0.119336911,-0.648094952,ros2_odometer_state
M19C_S3_artificial_turf_B1_U060_R1,2758.091052655,8.973211412,stop,0.600000,-5.009526730,-45.052593231,-0.648406267,0.047452483,-0.119766518,-0.648038566,ros2_odometer_state
M19C_S3_artificial_turf_B1_U060_R1,2758.093215173,8.975373930,stop,0.600000,-5.009526730,-45.052593231,-0.648406267,0.047412235,-0.120146312,-0.647957385,ros2_odometer_state
M19C_S3_artificial_turf_B1_U060_R1,2758.095179059,8.977337816,stop,0.600000,-5.009526730,-45.052593231,-0.648406267,0.047396000,-0.120467670,-0.647877693,ros2_odometer_state
M19C_S3_artificial_turf_B1_U060_R1,2758.097188675,8.979347432,stop,0.600000,-5.009526730,-45.052593231,-0.648406267,0.047403298,-0.120751284,-0.647875607,ros2_odometer_state
M19C_S3_artificial_turf_B1_U060_R1,2758.099018827,8.981177584,stop,0.600000,-5.009526730,-45.052593231,-0.648406267,0.047437690,-0.121040195,-0.647962153,ros2_odometer_state
M19C_S3_artificial_turf_B1_U060_R1,2758.101019003,8.983177760,stop,0.600000,-5.009526730,-45.052593231,-0.648406267,0.047488611,-0.121391758,-0.648099244,ros2_odometer_state
M19C_S3_artificial_turf_B1_U060_R1,2758.103115694,8.985274451,stop,0.600000,-4.999769688,-45.066654205,-0.648099244,0.047565311,-0.121830851,-0.648282945,ros2_odometer_state
M19C_S3_artificial_turf_B1_U060_R1,2758.105058396,8.987217153,stop,0.600000,-4.999769688,-45.066654205,-0.648099244,0.047677383,-0.122348294,-0.648554623,ros2_odometer_state
M19C_S3_artificial_turf_B1_U060_R1,2758.107659331,8.989818088,stop,0.600000,-4.999769688,-45.066654205,-0.648099244,0.047818530,-0.122901812,-0.648884773,ros2_odometer_state
M19C_S3_artificial_turf_B1_U060_R1,2758.108376287,8.990535044,stop,0.600000,-4.999769688,-45.066654205,-0.648099244,0.047818530,-0.122901812,-0.648884773,ros2_odometer_state
M19C_S3_artificial_turf_B1_U060_R1,2758.111482619,8.993641376,stop,0.600000,-4.999769688,-45.066654205,-0.648099244,0.048160121,-0.123918317,-0.649425924,ros2_odometer_state
M19C_S3_artificial_turf_B1_U060_R1,2758.112771950,8.994930707,stop,0.600000,-4.999769688,-45.066654205,-0.648099244,0.048160121,-0.123918317,-0.649425924,ros2_odometer_state
M19C_S3_artificial_turf_B1_U060_R1,2758.114633176,8.996791933,stop,0.600000,-4.999769688,-45.066654205,-0.648099244,0.048359264,-0.124326512,-0.649583220,ros2_odometer_state
M19C_S3_artificial_turf_B1_U060_R1,2758.117027223,8.999185980,stop,0.600000,-4.999769688,-45.066654205,-0.648099244,0.048582796,-0.124684967,-0.649802327,ros2_odometer_state
M19C_S3_artificial_turf_B1_U060_R1,2758.118352780,9.000511537,stop,0.600000,-4.999769688,-45.066654205,-0.648099244,0.048869293,-0.125054240,-0.650219262,ros2_odometer_state
M19C_S3_artificial_turf_B1_U060_R1,2758.121052311,9.003211068,stop,0.600000,-4.999769688,-45.066654205,-0.648099244,0.049549192,-0.125838697,-0.651206732,ros2_odometer_state
M19C_S3_artificial_turf_B1_U060_R1,2758.123034470,9.005193227,stop,0.600000,-4.989846706,-45.079452515,-0.651206732,0.049844895,-0.126186997,-0.651553869,ros2_odometer_state
M19C_S3_artificial_turf_B1_U060_R1,2758.125073751,9.007232508,stop,0.600000,-4.989846706,-45.079452515,-0.651206732,0.050145674,-0.126532897,-0.651895404,ros2_odometer_state
M19C_S3_artificial_turf_B1_U060_R1,2758.127640253,9.009799010,stop,0.600000,-4.989846706,-45.079452515,-0.651206732,0.050518092,-0.126921296,-0.652315736,ros2_odometer_state
M19C_S3_artificial_turf_B1_U060_R1,2758.129189531,9.011348288,stop,0.600000,-4.989846706,-45.079452515,-0.651206732,0.050946500,-0.127338603,-0.652841985,ros2_odometer_state
M19C_S3_artificial_turf_B1_U060_R1,2758.131087750,9.013246507,stop,0.600000,-4.989846706,-45.079452515,-0.651206732,0.051377844,-0.127762109,-0.653447092,ros2_odometer_state
M19C_S3_artificial_turf_B1_U060_R1,2758.133234556,9.015393313,stop,0.600000,-4.989846706,-45.079452515,-0.651206732,0.051754847,-0.128167972,-0.654069304,ros2_odometer_state
M19C_S3_artificial_turf_B1_U060_R1,2758.134343688,9.016502445,stop,0.600000,-4.989846706,-45.079452515,-0.651206732,0.051754847,-0.128167972,-0.654069304,ros2_odometer_state
M19C_S3_artificial_turf_B1_U060_R1,2758.137113430,9.019272187,stop,0.600000,-4.989846706,-45.079452515,-0.651206732,0.052340548,-0.128834441,-0.655256033,ros2_odometer_state
M19C_S3_artificial_turf_B1_U060_R1,2758.139029890,9.021188647,stop,0.600000,-4.989846706,-45.079452515,-0.651206732,0.052613158,-0.129100084,-0.655879140,ros2_odometer_state
M19C_S3_artificial_turf_B1_U060_R1,2758.141339614,9.023498371,stop,0.600000,-4.989846706,-45.079452515,-0.651206732,0.052931152,-0.129378200,-0.656561494,ros2_odometer_state
M19C_S3_artificial_turf_B1_U060_R1,2758.143197672,9.025356429,stop,0.600000,-4.979354382,-45.090545654,-0.656561494,0.053296011,-0.129654601,-0.657234907,ros2_odometer_state
M19C_S3_artificial_turf_B1_U060_R1,2758.145229657,9.027388414,stop,0.600000,-4.979354382,-45.090545654,-0.656561494,0.053671557,-0.129902199,-0.657855570,ros2_odometer_state
M19C_S3_artificial_turf_B1_U060_R1,2758.147000447,9.029159204,stop,0.600000,-4.979354382,-45.090545654,-0.656561494,0.053671557,-0.129902199,-0.657855570,ros2_odometer_state
M19C_S3_artificial_turf_B1_U060_R1,2758.148512411,9.030671168,stop,0.600000,-4.979354382,-45.090545654,-0.656561494,0.054045122,-0.130096331,-0.658488929,ros2_odometer_state
M19C_S3_artificial_turf_B1_U060_R1,2758.150580013,9.032738770,stop,0.600000,-4.979354382,-45.090545654,-0.656561494,0.054418072,-0.130265191,-0.659216404,ros2_odometer_state
M19C_S3_artificial_turf_B1_U060_R1,2758.152518042,9.034676799,stop,0.600000,-4.979354382,-45.090545654,-0.656561494,0.054788660,-0.130442932,-0.660059392,ros2_odometer_state
M19C_S3_artificial_turf_B1_U060_R1,2758.154382181,9.036540938,stop,0.600000,-4.979354382,-45.090545654,-0.656561494,0.055161782,-0.130616695,-0.660978734,ros2_odometer_state
M19C_S3_artificial_turf_B1_U060_R1,2758.157248631,9.039407388,stop,0.600000,-4.979354382,-45.090545654,-0.656561494,0.055882595,-0.130840734,-0.662911475,ros2_odometer_state
M19C_S3_artificial_turf_B1_U060_R1,2758.159508176,9.041666933,stop,0.600000,-4.979354382,-45.090545654,-0.656561494,0.056233030,-0.130913332,-0.663892984,ros2_odometer_state
M19C_S3_artificial_turf_B1_U060_R1,2758.161350202,9.043508959,stop,0.600000,-4.979354382,-45.090545654,-0.656561494,0.056580957,-0.130978391,-0.664894998,ros2_odometer_state
M19C_S3_artificial_turf_B1_U060_R1,2758.163349257,9.045508014,stop,0.600000,-4.970212936,-45.100517273,-0.664894998,0.056922626,-0.131027699,-0.665902913,ros2_odometer_state
M19C_S3_artificial_turf_B1_U060_R1,2758.165551233,9.047709990,stop,0.600000,-4.970212936,-45.100517273,-0.664894998,0.057249546,-0.131055042,-0.666891038,ros2_odometer_state
M19C_S3_artificial_turf_B1_U060_R1,2758.167087710,9.049246467,stop,0.600000,-4.970212936,-45.100517273,-0.664894998,0.057249546,-0.131055042,-0.666891038,ros2_odometer_state
M19C_S3_artificial_turf_B1_U060_R1,2758.168606874,9.050765631,stop,0.600000,-4.970212936,-45.100517273,-0.664894998,0.057548914,-0.131066144,-0.667878807,ros2_odometer_state
M19C_S3_artificial_turf_B1_U060_R1,2758.170590409,9.052749166,stop,0.600000,-4.970212936,-45.100517273,-0.664894998,0.057804618,-0.131079569,-0.668857396,ros2_odometer_state
M19C_S3_artificial_turf_B1_U060_R1,2758.173357847,9.055516604,stop,0.600000,-4.970212936,-45.100517273,-0.664894998,0.058191154,-0.131166294,-0.670675337,ros2_odometer_state
M19C_S3_artificial_turf_B1_U060_R1,2758.175228609,9.057387366,stop,0.600000,-4.970212936,-45.100517273,-0.664894998,0.058332883,-0.131230935,-0.671555221,ros2_odometer_state
M19C_S3_artificial_turf_B1_U060_R1,2758.177240593,9.059399350,stop,0.600000,-4.970212936,-45.100517273,-0.664894998,0.058434047,-0.131322578,-0.672428429,ros2_odometer_state
M19C_S3_artificial_turf_B1_U060_R1,2758.178460130,9.060618887,stop,0.600000,-4.970212936,-45.100517273,-0.664894998,0.058434047,-0.131322578,-0.672428429,ros2_odometer_state
M19C_S3_artificial_turf_B1_U060_R1,2758.180549525,9.062708282,stop,0.600000,-4.970212936,-45.100517273,-0.664894998,0.058506593,-0.131415620,-0.673304141,ros2_odometer_state
M19C_S3_artificial_turf_B1_U060_R1,2758.182583974,9.064742731,stop,0.600000,-4.960646152,-45.110275269,-0.674180210,0.058540270,-0.131485254,-0.674180210,ros2_odometer_state
M19C_S3_artificial_turf_B1_U060_R1,2758.184513170,9.066671927,stop,0.600000,-4.960646152,-45.110275269,-0.674180210,0.058529068,-0.131517634,-0.675043225,ros2_odometer_state
M19C_S3_artificial_turf_B1_U060_R1,2758.187111162,9.069269919,stop,0.600000,-4.960646152,-45.110275269,-0.674180210,0.058468182,-0.131510869,-0.675869167,ros2_odometer_state
M19C_S3_artificial_turf_B1_U060_R1,2758.189546107,9.071704864,stop,0.600000,-4.960646152,-45.110275269,-0.674180210,0.058137659,-0.131397396,-0.677443802,ros2_odometer_state
M19C_S3_artificial_turf_B1_U060_R1,2758.191399204,9.073557961,stop,0.600000,-4.960646152,-45.110275269,-0.674180210,0.057827439,-0.131326929,-0.678186953,ros2_odometer_state
M19C_S3_artificial_turf_B1_U060_R1,2758.192457326,9.074616083,stop,0.600000,-4.960646152,-45.110275269,-0.674180210,0.057827439,-0.131326929,-0.678186953,ros2_odometer_state
M19C_S3_artificial_turf_B1_U060_R1,2758.194455390,9.076614147,stop,0.600000,-4.960646152,-45.110275269,-0.674180210,0.057415973,-0.131251708,-0.678932548,ros2_odometer_state
M19C_S3_artificial_turf_B1_U060_R1,2758.196597971,9.078756728,stop,0.600000,-4.960646152,-45.110275269,-0.674180210,0.056934595,-0.131159618,-0.679666400,ros2_odometer_state
M19C_S3_artificial_turf_B1_U060_R1,2758.198590882,9.080749639,stop,0.600000,-4.960646152,-45.110275269,-0.674180210,0.056422379,-0.131063208,-0.680340350,ros2_odometer_state
M19C_S3_artificial_turf_B1_U060_R1,2758.201371153,9.083529910,stop,0.600000,-4.960646152,-45.110275269,-0.674180210,0.055370748,-0.130880088,-0.681465328,ros2_odometer_state
M19C_S3_artificial_turf_B1_U060_R1,2758.203385121,9.085543878,stop,0.600000,-4.952296257,-45.120136261,-0.681465328,0.054832429,-0.130748883,-0.681998253,ros2_odometer_state
M19C_S3_artificial_turf_B1_U060_R1,2758.205615897,9.087774654,stop,0.600000,-4.952296257,-45.120136261,-0.681465328,0.054271754,-0.130579427,-0.682532489,ros2_odometer_state
M19C_S3_artificial_turf_B1_U060_R1,2758.207899540,9.090058297,stop,0.600000,-4.952296257,-45.120136261,-0.681465328,0.053678781,-0.130373254,-0.683011532,ros2_odometer_state
M19C_S3_artificial_turf_B1_U060_R1,2758.208686004,9.090844761,stop,0.600000,-4.952296257,-45.120136261,-0.681465328,0.053678781,-0.130373254,-0.683011532,ros2_odometer_state
M19C_S3_artificial_turf_B1_U060_R1,2758.211536325,9.093695082,stop,0.600000,-4.952296257,-45.120136261,-0.681465328,0.052358933,-0.129923522,-0.683667064,ros2_odometer_state
M19C_S3_artificial_turf_B1_U060_R1,2758.214081130,9.096239887,stop,0.600000,-4.952296257,-45.120136261,-0.681465328,0.051635932,-0.129665777,-0.683889449,ros2_odometer_state
M19C_S3_artificial_turf_B1_U060_R1,2758.215010031,9.097168788,stop,0.600000,-4.952296257,-45.120136261,-0.681465328,0.051635932,-0.129665777,-0.683889449,ros2_odometer_state
M19C_S3_artificial_turf_B1_U060_R1,2758.219378621,9.101537378,stop,0.600000,-4.952296257,-45.120136261,-0.681465328,0.049943011,-0.128997594,-0.684178174,ros2_odometer_state
M19C_S3_artificial_turf_B1_U060_R1,2758.220336163,9.102494920,stop,0.600000,-4.952296257,-45.120136261,-0.681465328,0.049049605,-0.128650099,-0.684245765,ros2_odometer_state
M19C_S3_artificial_turf_B1_U060_R1,2758.220701361,9.102860118,stop,0.600000,-4.952296257,-45.120136261,-0.681465328,0.049049605,-0.128650099,-0.684245765,ros2_odometer_state
M19C_S3_artificial_turf_B1_U060_R1,2758.222621246,9.104780003,stop,0.600000,-4.944656372,-45.130554199,-0.684224427,0.048156761,-0.128342137,-0.684224427,ros2_odometer_state
M19C_S3_artificial_turf_B1_U060_R1,2758.224523849,9.106682606,stop,0.600000,-4.944656372,-45.130554199,-0.684224427,0.047285516,-0.128065497,-0.684211910,ros2_odometer_state
M19C_S3_artificial_turf_B1_U060_R1,2758.228221468,9.110380225,stop,0.600000,-4.944656372,-45.130554199,-0.684224427,0.045492683,-0.127582818,-0.684496164,ros2_odometer_state
M19C_S3_artificial_turf_B1_U060_R1,2758.228600363,9.110759120,stop,0.600000,-4.944656372,-45.130554199,-0.684224427,0.045492683,-0.127582818,-0.684496164,ros2_odometer_state
M19C_S3_artificial_turf_B1_U060_R1,2758.231420891,9.113579648,stop,0.600000,-4.944656372,-45.130554199,-0.684224427,0.043658320,-0.127283916,-0.684877396,ros2_odometer_state
M19C_S3_artificial_turf_B1_U060_R1,2758.233479725,9.115638482,stop,0.600000,-4.944656372,-45.130554199,-0.684224427,0.042804237,-0.127189845,-0.684994519,ros2_odometer_state
M19C_S3_artificial_turf_B1_U060_R1,2758.235315478,9.117474235,stop,0.600000,-4.944656372,-45.130554199,-0.684224427,0.041967712,-0.127061263,-0.685063183,ros2_odometer_state
M19C_S3_artificial_turf_B1_U060_R1,2758.237331782,9.119490539,stop,0.600000,-4.944656372,-45.130554199,-0.684224427,0.041130409,-0.126860112,-0.685085058,ros2_odometer_state
M19C_S3_artificial_turf_B1_U060_R1,2758.239332438,9.121491195,stop,0.600000,-4.944656372,-45.130554199,-0.684224427,0.040237702,-0.126579717,-0.685054421,ros2_odometer_state
M19C_S3_artificial_turf_B1_U060_R1,2758.242585559,9.124744316,stop,0.600000,-4.944656372,-45.130554199,-0.684224427,0.039277092,-0.126221001,-0.684953094,ros2_odometer_state
M19C_S3_artificial_turf_B1_U060_R1,2758.243012232,9.125170989,stop,0.600000,-4.938086033,-45.140838623,-0.684953094,0.039277092,-0.126221001,-0.684953094,ros2_odometer_state
M19C_S3_artificial_turf_B1_U060_R1,2758.245519468,9.127678225,stop,0.600000,-4.938086033,-45.140838623,-0.684953094,0.037316181,-0.125393987,-0.684467793,ros2_odometer_state
M19C_S3_artificial_turf_B1_U060_R1,2758.247219216,9.129377973,stop,0.600000,-4.938086033,-45.140838623,-0.684953094,0.037316181,-0.125393987,-0.684467793,ros2_odometer_state
M19C_S3_artificial_turf_B1_U060_R1,2758.249226079,9.131384836,stop,0.600000,-4.938086033,-45.140838623,-0.684953094,0.036355946,-0.124972314,-0.684131145,ros2_odometer_state
M19C_S3_artificial_turf_B1_U060_R1,2758.250789693,9.132948450,stop,0.600000,-4.938086033,-45.140838623,-0.684953094,0.035381868,-0.124575108,-0.683806181,ros2_odometer_state
M19C_S3_artificial_turf_B1_U060_R1,2758.252683721,9.134842478,stop,0.600000,-4.938086033,-45.140838623,-0.684953094,0.034407895,-0.124265507,-0.683527470,ros2_odometer_state
M19C_S3_artificial_turf_B1_U060_R1,2758.255376788,9.137535545,stop,0.600000,-4.938086033,-45.140838623,-0.684953094,0.032459758,-0.123904392,-0.682790816,ros2_odometer_state
M19C_S3_artificial_turf_B1_U060_R1,2758.257370595,9.139529352,stop,0.600000,-4.938086033,-45.140838623,-0.684953094,0.031478085,-0.123769879,-0.682294667,ros2_odometer_state
M19C_S3_artificial_turf_B1_U060_R1,2758.259680927,9.141839684,stop,0.600000,-4.938086033,-45.140838623,-0.684953094,0.030470880,-0.123591661,-0.681732595,ros2_odometer_state
M19C_S3_artificial_turf_B1_U060_R1,2758.261496647,9.143655404,stop,0.600000,-4.938086033,-45.140838623,-0.684953094,0.029417938,-0.123343766,-0.681126833,ros2_odometer_state
M19C_S3_artificial_turf_B1_U060_R1,2758.263539864,9.145698621,stop,0.600000,-4.931081772,-45.151012421,-0.681126833,0.028346125,-0.123022497,-0.680500507,ros2_odometer_state
M19C_S3_artificial_turf_B1_U060_R1,2758.266019067,9.148177824,stop,0.600000,-4.931081772,-45.151012421,-0.681126833,0.027263992,-0.122634821,-0.679808199,ros2_odometer_state
M19C_S3_artificial_turf_B1_U060_R1,2758.267281229,9.149439986,stop,0.600000,-4.931081772,-45.151012421,-0.681126833,0.027263992,-0.122634821,-0.679808199,ros2_odometer_state
M19C_S3_artificial_turf_B1_U060_R1,2758.269576808,9.151735565,stop,0.600000,-4.931081772,-45.151012421,-0.681126833,0.025128955,-0.121818766,-0.678302765,ros2_odometer_state
M19C_S3_artificial_turf_B1_U060_R1,2758.270630834,9.152789591,stop,0.600000,-4.931081772,-45.151012421,-0.681126833,0.025128955,-0.121818766,-0.678302765,ros2_odometer_state
M19C_S3_artificial_turf_B1_U060_R1,2758.273397184,9.155555941,stop,0.600000,-4.931081772,-45.151012421,-0.681126833,0.023000950,-0.121113308,-0.677009881,ros2_odometer_state
M19C_S3_artificial_turf_B1_U060_R1,2758.274641778,9.156800535,stop,0.600000,-4.931081772,-45.151012421,-0.681126833,0.023000950,-0.121113308,-0.677009881,ros2_odometer_state
M19C_S3_artificial_turf_B1_U060_R1,2758.277644937,9.159803694,stop,0.600000,-4.931081772,-45.151012421,-0.681126833,0.020912468,-0.120495632,-0.675657630,ros2_odometer_state
M19C_S3_artificial_turf_B1_U060_R1,2758.279425328,9.161584085,stop,0.600000,-4.931081772,-45.151012421,-0.681126833,0.019854939,-0.120189026,-0.674969971,ros2_odometer_state
M19C_S3_artificial_turf_B1_U060_R1,2758.280731140,9.162889897,stop,0.600000,-4.931081772,-45.151012421,-0.681126833,0.019854939,-0.120189026,-0.674969971,ros2_odometer_state
M19C_S3_artificial_turf_B1_U060_R1,2758.284455448,9.166614205,stop,0.600000,-4.925210953,-45.161380768,-0.674330115,0.017693395,-0.119501673,-0.673743427,ros2_odometer_state
M19C_S3_artificial_turf_B1_U060_R1,2758.284867912,9.167026669,stop,0.600000,-4.925210953,-45.161380768,-0.674330115,0.017693395,-0.119501673,-0.673743427,ros2_odometer_state
M19C_S3_artificial_turf_B1_U060_R1,2758.288311825,9.170470582,stop,0.600000,-4.925210953,-45.161380768,-0.674330115,0.015542829,-0.118770488,-0.672518671,ros2_odometer_state
M19C_S3_artificial_turf_B1_U060_R1,2758.288874984,9.171033741,stop,0.600000,-4.925210953,-45.161380768,-0.674330115,0.015542829,-0.118770488,-0.672518671,ros2_odometer_state
M19C_S3_artificial_turf_B1_U060_R1,2758.291545682,9.173704439,stop,0.600000,-4.925210953,-45.161380768,-0.674330115,0.013512385,-0.118162334,-0.671598256,ros2_odometer_state
M19C_S3_artificial_turf_B1_U060_R1,2758.293530081,9.175688838,stop,0.600000,-4.925210953,-45.161380768,-0.674330115,0.012518660,-0.117878057,-0.671261966,ros2_odometer_state
M19C_S3_artificial_turf_B1_U060_R1,2758.295489807,9.177648564,stop,0.600000,-4.925210953,-45.161380768,-0.674330115,0.011561626,-0.117584124,-0.670912147,ros2_odometer_state
M19C_S3_artificial_turf_B1_U060_R1,2758.296677022,9.178835779,stop,0.600000,-4.925210953,-45.161380768,-0.674330115,0.011561626,-0.117584124,-0.670912147,ros2_odometer_state
M19C_S3_artificial_turf_B1_U060_R1,2758.299513455,9.181672212,stop,0.600000,-4.925210953,-45.161380768,-0.674330115,0.009736419,-0.116936103,-0.670200884,ros2_odometer_state
M19C_S3_artificial_turf_B1_U060_R1,2758.301546527,9.183705284,stop,0.600000,-4.925210953,-45.161380768,-0.674330115,0.008819876,-0.116559222,-0.670009434,ros2_odometer_state
M19C_S3_artificial_turf_B1_U060_R1,2758.303559343,9.185718100,stop,0.600000,-4.918805599,-45.171089172,-0.670009434,0.007893997,-0.116157949,-0.669910073,ros2_odometer_state
M19C_S3_artificial_turf_B1_U060_R1,2758.305497501,9.187656258,stop,0.600000,-4.918805599,-45.171089172,-0.670009434,0.006973282,-0.115754135,-0.669832945,ros2_odometer_state
M19C_S3_artificial_turf_B1_U060_R1,2758.308196872,9.190355629,stop,0.600000,-4.918805599,-45.171089172,-0.670009434,0.006073729,-0.115370512,-0.669754565,ros2_odometer_state
M19C_S3_artificial_turf_B1_U060_R1,2758.308964038,9.191122795,stop,0.600000,-4.918805599,-45.171089172,-0.670009434,0.006073729,-0.115370512,-0.669754565,ros2_odometer_state
M19C_S3_artificial_turf_B1_U060_R1,2758.311480458,9.193639215,stop,0.600000,-4.918805599,-45.171089172,-0.670009434,0.004364125,-0.114659801,-0.669903815,ros2_odometer_state
M19C_S3_artificial_turf_B1_U060_R1,2758.313424664,9.195583421,stop,0.600000,-4.918805599,-45.171089172,-0.670009434,0.003530005,-0.114313670,-0.670191169,ros2_odometer_state
M19C_S3_artificial_turf_B1_U060_R1,2758.314818831,9.196977588,stop,0.600000,-4.918805599,-45.171089172,-0.670009434,0.003530005,-0.114313670,-0.670191169,ros2_odometer_state
M19C_S3_artificial_turf_B1_U060_R1,2758.317843463,9.200002220,stop,0.600000,-4.918805599,-45.171089172,-0.670009434,0.001817179,-0.113605157,-0.670792699,ros2_odometer_state
M19C_S3_artificial_turf_B1_U060_R1,2758.319866264,9.202025021,stop,0.600000,-4.918805599,-45.171089172,-0.670009434,0.000974425,-0.113238119,-0.671067953,ros2_odometer_state
M19C_S3_artificial_turf_B1_U060_R1,2758.320713530,9.202872287,stop,0.600000,-4.918805599,-45.171089172,-0.670009434,0.000974425,-0.113238119,-0.671067953,ros2_odometer_state
M19C_S3_artificial_turf_B1_U060_R1,2758.322970003,9.205128760,stop,0.600000,-4.912740707,-45.179119110,-0.671365738,0.000155553,-0.112853967,-0.671365738,ros2_odometer_state
M19C_S3_artificial_turf_B1_U060_R1,2758.325585755,9.207744512,stop,0.600000,-4.912740707,-45.179119110,-0.671365738,-0.001338984,-0.112002179,-0.672225714,ros2_odometer_state
M19C_S3_artificial_turf_B1_U060_R1,2758.327354818,9.209513575,stop,0.600000,-4.912740707,-45.179119110,-0.671365738,-0.001338984,-0.112002179,-0.672225714,ros2_odometer_state
M19C_S3_artificial_turf_B1_U060_R1,2758.328940289,9.211099046,stop,0.600000,-4.912740707,-45.179119110,-0.671365738,-0.002055179,-0.111542612,-0.672754228,ros2_odometer_state
M19C_S3_artificial_turf_B1_U060_R1,2758.330844588,9.213003345,stop,0.600000,-4.912740707,-45.179119110,-0.671365738,-0.002783146,-0.111086451,-0.673303783,ros2_odometer_state
M19C_S3_artificial_turf_B1_U060_R1,2758.332781913,9.214940670,stop,0.600000,-4.912740707,-45.179119110,-0.671365738,-0.003548284,-0.110650823,-0.673895180,ros2_odometer_state
M19C_S3_artificial_turf_B1_U060_R1,2758.335480325,9.217639082,stop,0.600000,-4.912740707,-45.179119110,-0.671365738,-0.005232783,-0.109777465,-0.675193667,ros2_odometer_state
M19C_S3_artificial_turf_B1_U060_R1,2758.336766808,9.218925565,stop,0.600000,-4.912740707,-45.179119110,-0.671365738,-0.005232783,-0.109777465,-0.675193667,ros2_odometer_state
M19C_S3_artificial_turf_B1_U060_R1,2758.339450178,9.221608935,stop,0.600000,-4.912740707,-45.179119110,-0.671365738,-0.007017868,-0.108822539,-0.676550329,ros2_odometer_state
M19C_S3_artificial_turf_B1_U060_R1,2758.340794680,9.222953437,stop,0.600000,-4.912740707,-45.179119110,-0.671365738,-0.007017868,-0.108822539,-0.676550329,ros2_odometer_state
M19C_S3_artificial_turf_B1_U060_R1,2758.343841041,9.225999798,stop,0.600000,-4.907273293,-45.186214447,-0.677312613,-0.008794791,-0.107758015,-0.678172588,ros2_odometer_state
M19C_S3_artificial_turf_B1_U060_R1,2758.345798047,9.227956804,stop,0.600000,-4.907273293,-45.186214447,-0.677312613,-0.009703502,-0.107208006,-0.679085493,ros2_odometer_state
M19C_S3_artificial_turf_B1_U060_R1,2758.347373565,9.229532322,stop,0.600000,-4.907273293,-45.186214447,-0.677312613,-0.009703502,-0.107208006,-0.679085493,ros2_odometer_state
M19C_S3_artificial_turf_B1_U060_R1,2758.349765469,9.231924226,stop,0.600000,-4.907273293,-45.186214447,-0.677312613,-0.011622390,-0.106115140,-0.680803955,ros2_odometer_state
M19C_S3_artificial_turf_B1_U060_R1,2758.351748043,9.233906800,stop,0.600000,-4.907273293,-45.186214447,-0.677312613,-0.012654594,-0.105620220,-0.681666553,ros2_odometer_state
M19C_S3_artificial_turf_B1_U060_R1,2758.352815702,9.234974459,stop,0.600000,-4.907273293,-45.186214447,-0.677312613,-0.012654594,-0.105620220,-0.681666553,ros2_odometer_state
M19C_S3_artificial_turf_B1_U060_R1,2758.354816389,9.236975146,stop,0.600000,-4.907273293,-45.186214447,-0.677312613,-0.013722406,-0.105168276,-0.682593107,ros2_odometer_state
M19C_S3_artificial_turf_B1_U060_R1,2758.356819061,9.238977818,stop,0.600000,-4.907273293,-45.186214447,-0.677312613,-0.014817058,-0.104737036,-0.683576465,ros2_odometer_state
M19C_S3_artificial_turf_B1_U060_R1,2758.358796964,9.240955721,stop,0.600000,-4.907273293,-45.186214447,-0.677312613,-0.015955580,-0.104311369,-0.684593856,ros2_odometer_state
M19C_S3_artificial_turf_B1_U060_R1,2758.361854973,9.244013730,stop,0.600000,-4.907273293,-45.186214447,-0.677312613,-0.018343249,-0.103538781,-0.686647952,ros2_odometer_state
M19C_S3_artificial_turf_B1_U060_R1,2758.363207955,9.245366712,stop,0.600000,-4.902425766,-45.192638397,-0.686647952,-0.018343249,-0.103538781,-0.686647952,ros2_odometer_state
M19C_S3_artificial_turf_B1_U060_R1,2758.364913751,9.247072508,stop,0.600000,-4.902425766,-45.192638397,-0.686647952,-0.019532796,-0.103214465,-0.687690020,ros2_odometer_state
M19C_S3_artificial_turf_B1_U060_R1,2758.367582817,9.249741574,stop,0.600000,-4.902425766,-45.192638397,-0.686647952,-0.020705517,-0.102914192,-0.688787222,ros2_odometer_state
M19C_S3_artificial_turf_B1_U060_R1,2758.369992769,9.252151526,stop,0.600000,-4.902425766,-45.192638397,-0.686647952,-0.023078149,-0.102309056,-0.691216707,ros2_odometer_state
M19C_S3_artificial_turf_B1_U060_R1,2758.370961287,9.253120044,stop,0.600000,-4.902425766,-45.192638397,-0.686647952,-0.023078149,-0.102309056,-0.691216707,ros2_odometer_state
M19C_S3_artificial_turf_B1_U060_R1,2758.373803800,9.255962557,stop,0.600000,-4.902425766,-45.192638397,-0.686647952,-0.025543759,-0.101855002,-0.693828821,ros2_odometer_state
M19C_S3_artificial_turf_B1_U060_R1,2758.375570687,9.257729444,stop,0.600000,-4.902425766,-45.192638397,-0.686647952,-0.026693312,-0.101788990,-0.695364535,ros2_odometer_state
M19C_S3_artificial_turf_B1_U060_R1,2758.377711348,9.259870105,stop,0.600000,-4.902425766,-45.192638397,-0.686647952,-0.027803069,-0.101790585,-0.696954489,ros2_odometer_state
M19C_S3_artificial_turf_B1_U060_R1,2758.379615071,9.261773828,stop,0.600000,-4.902425766,-45.192638397,-0.686647952,-0.028959772,-0.101810254,-0.698499024,ros2_odometer_state
M19C_S3_artificial_turf_B1_U060_R1,2758.381680817,9.263839574,stop,0.600000,-4.902425766,-45.192638397,-0.686647952,-0.030145561,-0.101823524,-0.700045824,ros2_odometer_state
M19C_S3_artificial_turf_B1_U060_R1,2758.382916899,9.265075656,stop,0.600000,-4.898285866,-45.198921204,-0.700045824,-0.030145561,-0.101823524,-0.700045824,ros2_odometer_state
M19C_S3_artificial_turf_B1_U060_R1,2758.385589261,9.267748018,stop,0.600000,-4.898285866,-45.198921204,-0.700045824,-0.032467525,-0.101952791,-0.703109443,ros2_odometer_state
M19C_S3_artificial_turf_B1_U060_R1,2758.387652319,9.269811076,stop,0.600000,-4.898285866,-45.198921204,-0.700045824,-0.032467525,-0.101952791,-0.703109443,ros2_odometer_state
M19C_S3_artificial_turf_B1_U060_R1,2758.389800660,9.271959417,stop,0.600000,-4.898285866,-45.198921204,-0.700045824,-0.034522563,-0.102152817,-0.706062078,ros2_odometer_state
M19C_S3_artificial_turf_B1_U060_R1,2758.391720417,9.273879174,stop,0.600000,-4.898285866,-45.198921204,-0.700045824,-0.035522066,-0.102188215,-0.707513630,ros2_odometer_state
M19C_S3_artificial_turf_B1_U060_R1,2758.394048381,9.276207138,stop,0.600000,-4.898285866,-45.198921204,-0.700045824,-0.036520202,-0.102114506,-0.708889365,ros2_odometer_state
M19C_S3_artificial_turf_B1_U060_R1,2758.395782434,9.277941191,stop,0.600000,-4.898285866,-45.198921204,-0.700045824,-0.037521325,-0.101945467,-0.710145175,ros2_odometer_state
M19C_S3_artificial_turf_B1_U060_R1,2758.397059573,9.279218330,stop,0.600000,-4.898285866,-45.198921204,-0.700045824,-0.037521325,-0.101945467,-0.710145175,ros2_odometer_state
M19C_S3_artificial_turf_B1_U060_R1,2758.399696030,9.281854787,stop,0.600000,-4.898285866,-45.198921204,-0.700045824,-0.039489381,-0.101399690,-0.712162137,ros2_odometer_state
M19C_S3_artificial_turf_B1_U060_R1,2758.401688525,9.283847282,stop,0.600000,-4.898285866,-45.198921204,-0.700045824,-0.040365405,-0.101054691,-0.712901950,ros2_odometer_state
M19C_S3_artificial_turf_B1_U060_R1,2758.403084580,9.285243337,stop,0.600000,-4.894490719,-45.204383850,-0.712901950,-0.040365405,-0.101054691,-0.712901950,ros2_odometer_state
M19C_S3_artificial_turf_B1_U060_R1,2758.405959639,9.288118396,stop,0.600000,-4.894490719,-45.204383850,-0.712901950,-0.041691087,-0.100504003,-0.713947654,ros2_odometer_state
M19C_S3_artificial_turf_B1_U060_R1,2758.408435737,9.290594494,stop,0.600000,-4.894490719,-45.204383850,-0.712901950,-0.042090613,-0.100391790,-0.714230239,ros2_odometer_state
M19C_S3_artificial_turf_B1_U060_R1,2758.409083603,9.291242360,stop,0.600000,-4.894490719,-45.204383850,-0.712901950,-0.042090613,-0.100391790,-0.714230239,ros2_odometer_state
M19C_S3_artificial_turf_B1_U060_R1,2758.411019520,9.293178277,stop,0.600000,-4.894490719,-45.204383850,-0.712901950,-0.042309161,-0.100422576,-0.714386463,ros2_odometer_state
M19C_S3_artificial_turf_B1_U060_R1,2758.413844848,9.296003605,stop,0.600000,-4.894490719,-45.204383850,-0.712901950,-0.042260867,-0.100794531,-0.714293599,ros2_odometer_state
M19C_S3_artificial_turf_B1_U060_R1,2758.414912123,9.297070880,stop,0.600000,-4.894490719,-45.204383850,-0.712901950,-0.042260867,-0.100794531,-0.714293599,ros2_odometer_state
M19C_S3_artificial_turf_B1_U060_R1,2758.417665224,9.299823981,stop,0.600000,-4.894490719,-45.204383850,-0.712901950,-0.041804798,-0.100930944,-0.713253975,ros2_odometer_state
M19C_S3_artificial_turf_B1_U060_R1,2758.420390356,9.302549113,stop,0.600000,-4.894490719,-45.204383850,-0.712901950,-0.041475601,-0.100861318,-0.712361455,ros2_odometer_state
M19C_S3_artificial_turf_B1_U060_R1,2758.421071024,9.303229781,stop,0.600000,-4.894490719,-45.204383850,-0.712901950,-0.041475601,-0.100861318,-0.712361455,ros2_odometer_state
M19C_S3_artificial_turf_B1_U060_R1,2758.423804060,9.305962817,stop,0.600000,-4.891422272,-45.208271027,-0.711243570,-0.040559310,-0.100546107,-0.709992051,ros2_odometer_state
M19C_S3_artificial_turf_B1_U060_R1,2758.425899503,9.308058260,stop,0.600000,-4.891422272,-45.208271027,-0.711243570,-0.040035039,-0.100338101,-0.708703935,ros2_odometer_state
M19C_S3_artificial_turf_B1_U060_R1,2758.427770458,9.309929215,stop,0.600000,-4.891422272,-45.208271027,-0.711243570,-0.040035039,-0.100338101,-0.708703935,ros2_odometer_state
M19C_S3_artificial_turf_B1_U060_R1,2758.429774538,9.311933295,stop,0.600000,-4.891422272,-45.208271027,-0.711243570,-0.039034553,-0.099878646,-0.706085742,ros2_odometer_state
M19C_S3_artificial_turf_B1_U060_R1,2758.431976769,9.314135526,stop,0.600000,-4.891422272,-45.208271027,-0.711243570,-0.038629293,-0.099627189,-0.704725742,ros2_odometer_state
M19C_S3_artificial_turf_B1_U060_R1,2758.433921518,9.316080275,stop,0.600000,-4.891422272,-45.208271027,-0.711243570,-0.038307469,-0.099369831,-0.703373075,ros2_odometer_state
M19C_S3_artificial_turf_B1_U060_R1,2758.435804313,9.317963070,stop,0.600000,-4.891422272,-45.208271027,-0.711243570,-0.038054500,-0.099135906,-0.702031612,ros2_odometer_state
M19C_S3_artificial_turf_B1_U060_R1,2758.437746598,9.319905355,stop,0.600000,-4.891422272,-45.208271027,-0.711243570,-0.037858620,-0.098950185,-0.700690866,ros2_odometer_state
M19C_S3_artificial_turf_B1_U060_R1,2758.439815417,9.321974174,stop,0.600000,-4.891422272,-45.208271027,-0.711243570,-0.037734710,-0.098815076,-0.699382007,ros2_odometer_state
M19C_S3_artificial_turf_B1_U060_R1,2758.441146158,9.323304915,stop,0.600000,-4.891422272,-45.208271027,-0.711243570,-0.037734710,-0.098815076,-0.699382007,ros2_odometer_state
M19C_S3_artificial_turf_B1_U060_R1,2758.444047777,9.326206534,stop,0.600000,-4.888515949,-45.209026337,-0.698159456,-0.037649393,-0.098650649,-0.697014451,ros2_odometer_state
M19C_S3_artificial_turf_B1_U060_R1,2758.445957901,9.328116658,stop,0.600000,-4.888515949,-45.209026337,-0.698159456,-0.037642241,-0.098585643,-0.695916176,ros2_odometer_state
M19C_S3_artificial_turf_B1_U060_R1,2758.448403278,9.330562035,stop,0.600000,-4.888515949,-45.209026337,-0.698159456,-0.037666962,-0.098508015,-0.694860816,ros2_odometer_state
M19C_S3_artificial_turf_B1_U060_R1,2758.449806918,9.331965675,stop,0.600000,-4.888515949,-45.209026337,-0.698159456,-0.037744865,-0.098415762,-0.693885624,ros2_odometer_state
M19C_S3_artificial_turf_B1_U060_R1,2758.451874712,9.334033469,stop,0.600000,-4.888515949,-45.209026337,-0.698159456,-0.037896562,-0.098319560,-0.692997396,ros2_odometer_state
M19C_S3_artificial_turf_B1_U060_R1,2758.453785380,9.335944137,stop,0.600000,-4.888515949,-45.209026337,-0.698159456,-0.038145781,-0.098247528,-0.692085326,ros2_odometer_state
M19C_S3_artificial_turf_B1_U060_R1,2758.456118177,9.338276934,stop,0.600000,-4.888515949,-45.209026337,-0.698159456,-0.038501490,-0.098234490,-0.691088080,ros2_odometer_state
M19C_S3_artificial_turf_B1_U060_R1,2758.459620492,9.341779249,stop,0.600000,-4.888515949,-45.209026337,-0.698159456,-0.038873870,-0.098233819,-0.690168560,ros2_odometer_state
M19C_S3_artificial_turf_B1_U060_R1,2758.460583218,9.342741975,stop,0.600000,-4.888515949,-45.209026337,-0.698159456,-0.039188568,-0.098161586,-0.689447224,ros2_odometer_state
M19C_S3_artificial_turf_B1_U060_R1,2758.461259149,9.343417906,stop,0.600000,-4.888515949,-45.209026337,-0.698159456,-0.039188568,-0.098161586,-0.689447224,ros2_odometer_state
M19C_S3_artificial_turf_B1_U060_R1,2758.463953784,9.346112541,stop,0.600000,-4.886003971,-45.210971832,-0.688875198,-0.039718658,-0.097792864,-0.688364387,ros2_odometer_state
M19C_S3_artificial_turf_B1_U060_R1,2758.465867012,9.348025769,stop,0.600000,-4.886003971,-45.210971832,-0.688875198,-0.039998002,-0.097613461,-0.687906921,ros2_odometer_state
M19C_S3_artificial_turf_B1_U060_R1,2758.468425290,9.350584047,stop,0.600000,-4.886003971,-45.210971832,-0.688875198,-0.040314458,-0.097482704,-0.687518179,ros2_odometer_state
M19C_S3_artificial_turf_B1_U060_R1,2758.469879044,9.352037801,stop,0.600000,-4.886003971,-45.210971832,-0.688875198,-0.040661883,-0.097368993,-0.687195241,ros2_odometer_state
M19C_S3_artificial_turf_B1_U060_R1,2758.472070939,9.354229696,stop,0.600000,-4.886003971,-45.210971832,-0.688875198,-0.040996008,-0.097264938,-0.686928093,ros2_odometer_state
M19C_S3_artificial_turf_B1_U060_R1,2758.473878531,9.356037288,stop,0.600000,-4.886003971,-45.210971832,-0.688875198,-0.041310709,-0.097183183,-0.686710536,ros2_odometer_state
M19C_S3_artificial_turf_B1_U060_R1,2758.475863474,9.358022231,stop,0.600000,-4.886003971,-45.210971832,-0.688875198,-0.041635357,-0.097146586,-0.686517477,ros2_odometer_state
M19C_S3_artificial_turf_B1_U060_R1,2758.477821472,9.359980229,stop,0.600000,-4.886003971,-45.210971832,-0.688875198,-0.041980460,-0.097131863,-0.686314583,ros2_odometer_state
M19C_S3_artificial_turf_B1_U060_R1,2758.479824239,9.361982996,stop,0.600000,-4.886003971,-45.210971832,-0.688875198,-0.042338789,-0.097114682,-0.686102390,ros2_odometer_state
M19C_S3_artificial_turf_B1_U060_R1,2758.481850336,9.364009093,stop,0.600000,-4.886003971,-45.210971832,-0.688875198,-0.042694967,-0.097059146,-0.685886323,ros2_odometer_state
M19C_S3_artificial_turf_B1_U060_R1,2758.483911410,9.366070167,stop,0.600000,-4.885294437,-45.215457916,-0.685886323,-0.043017592,-0.096952118,-0.685698509,ros2_odometer_state
M19C_S3_artificial_turf_B1_U060_R1,2758.486441110,9.368599867,stop,0.600000,-4.885294437,-45.215457916,-0.685886323,-0.043304529,-0.096806496,-0.685545564,ros2_odometer_state
M19C_S3_artificial_turf_B1_U060_R1,2758.488582732,9.370741489,stop,0.600000,-4.885294437,-45.215457916,-0.685886323,-0.043543540,-0.096674517,-0.685455859,ros2_odometer_state
M19C_S3_artificial_turf_B1_U060_R1,2758.489274695,9.371433452,stop,0.600000,-4.885294437,-45.215457916,-0.685886323,-0.043543540,-0.096674517,-0.685455859,ros2_odometer_state
M19C_S3_artificial_turf_B1_U060_R1,2758.492164250,9.374323007,stop,0.600000,-4.885294437,-45.215457916,-0.685886323,-0.043906167,-0.096450791,-0.685558498,ros2_odometer_state
M19C_S3_artificial_turf_B1_U060_R1,2758.493769626,9.375928383,stop,0.600000,-4.885294437,-45.215457916,-0.685886323,-0.043906167,-0.096450791,-0.685558498,ros2_odometer_state
M19C_S3_artificial_turf_B1_U060_R1,2758.496661517,9.378820274,stop,0.600000,-4.885294437,-45.215457916,-0.685886323,-0.044200752,-0.096088968,-0.685657084,ros2_odometer_state
M19C_S3_artificial_turf_B1_U060_R1,2758.497067773,9.379226530,stop,0.600000,-4.885294437,-45.215457916,-0.685886323,-0.044200752,-0.096088968,-0.685657084,ros2_odometer_state
M19C_S3_artificial_turf_B1_U060_R1,2758.499859116,9.382017873,stop,0.600000,-4.885294437,-45.215457916,-0.685886323,-0.044371709,-0.095551044,-0.685766518,ros2_odometer_state
M19C_S3_artificial_turf_B1_U060_R1,2758.501860380,9.384019137,stop,0.600000,-4.885294437,-45.215457916,-0.685886323,-0.044445451,-0.095226049,-0.685800612,ros2_odometer_state
M19C_S3_artificial_turf_B1_U060_R1,2758.503935662,9.386094419,stop,0.600000,-4.884814739,-45.218238831,-0.685800612,-0.044529911,-0.094815336,-0.685791016,ros2_odometer_state
M19C_S3_artificial_turf_B1_U060_R1,2758.505900668,9.388059425,stop,0.600000,-4.884814739,-45.218238831,-0.685800612,-0.044611957,-0.094310008,-0.685711384,ros2_odometer_state
M19C_S3_artificial_turf_B1_U060_R1,2758.507730917,9.389889674,stop,0.600000,-4.884814739,-45.218238831,-0.685800612,-0.044611957,-0.094310008,-0.685711384,ros2_odometer_state
M19C_S3_artificial_turf_B1_U060_R1,2758.509215552,9.391374309,stop,0.600000,-4.884814739,-45.218238831,-0.685800612,-0.044686139,-0.093759745,-0.685553610,ros2_odometer_state
M19C_S3_artificial_turf_B1_U060_R1,2758.511163245,9.393322002,stop,0.600000,-4.884814739,-45.218238831,-0.685800612,-0.044737343,-0.093202837,-0.685356319,ros2_odometer_state
M19C_S3_artificial_turf_B1_U060_R1,2758.513122843,9.395281600,stop,0.600000,-4.884814739,-45.218238831,-0.685800612,-0.044756860,-0.092651017,-0.685158372,ros2_odometer_state
M19C_S3_artificial_turf_B1_U060_R1,2758.516115794,9.398274551,stop,0.600000,-4.884814739,-45.218238831,-0.685800612,-0.044743393,-0.091689646,-0.684639633,ros2_odometer_state
M19C_S3_artificial_turf_B1_U060_R1,2758.518076576,9.400235333,stop,0.600000,-4.884814739,-45.218238831,-0.685800612,-0.044701021,-0.091270484,-0.684299886,ros2_odometer_state
M19C_S3_artificial_turf_B1_U060_R1,2758.519196493,9.401355250,stop,0.600000,-4.884814739,-45.218238831,-0.685800612,-0.044701021,-0.091270484,-0.684299886,ros2_odometer_state
M19C_S3_artificial_turf_B1_U060_R1,2758.521331810,9.403490567,stop,0.600000,-4.884814739,-45.218238831,-0.685800612,-0.044559643,-0.090819299,-0.684044659,ros2_odometer_state
M19C_S3_artificial_turf_B1_U060_R1,2758.523260558,9.405419315,stop,0.600000,-4.885967255,-45.219764709,-0.683824420,-0.044333953,-0.090349615,-0.683824420,ros2_odometer_state
M19C_S3_artificial_turf_B1_U060_R1,2758.525270014,9.407428771,stop,0.600000,-4.885967255,-45.219764709,-0.683824420,-0.044120066,-0.089938618,-0.683487058,ros2_odometer_state
M19C_S3_artificial_turf_B1_U060_R1,2758.527787010,9.409945767,stop,0.600000,-4.885967255,-45.219764709,-0.683824420,-0.043944851,-0.089589082,-0.683032215,ros2_odometer_state
M19C_S3_artificial_turf_B1_U060_R1,2758.530181185,9.412339942,stop,0.600000,-4.885967255,-45.219764709,-0.683824420,-0.043519933,-0.088913307,-0.681880772,ros2_odometer_state
M19C_S3_artificial_turf_B1_U060_R1,2758.531319823,9.413478580,stop,0.600000,-4.885967255,-45.219764709,-0.683824420,-0.043519933,-0.088913307,-0.681880772,ros2_odometer_state
M19C_S3_artificial_turf_B1_U060_R1,2758.534181313,9.416340070,stop,0.600000,-4.885967255,-45.219764709,-0.683824420,-0.042828806,-0.088227935,-0.680863440,ros2_odometer_state
M19C_S3_artificial_turf_B1_U060_R1,2758.536062667,9.418221424,stop,0.600000,-4.885967255,-45.219764709,-0.683824420,-0.042389378,-0.087859616,-0.680511653,ros2_odometer_state
M19C_S3_artificial_turf_B1_U060_R1,2758.537315549,9.419474306,stop,0.600000,-4.885967255,-45.219764709,-0.683824420,-0.042389378,-0.087859616,-0.680511653,ros2_odometer_state
M19C_S3_artificial_turf_B1_U060_R1,2758.540152974,9.422311731,stop,0.600000,-4.885967255,-45.219764709,-0.683824420,-0.041502010,-0.087071329,-0.679661632,ros2_odometer_state
M19C_S3_artificial_turf_B1_U060_R1,2758.541237689,9.423396446,stop,0.600000,-4.885967255,-45.219764709,-0.683824420,-0.041502010,-0.087071329,-0.679661632,ros2_odometer_state
M19C_S3_artificial_turf_B1_U060_R1,2758.544405623,9.426564380,stop,0.600000,-4.887007713,-45.221141815,-0.679234684,-0.040515665,-0.086211212,-0.678885162,ros2_odometer_state
M19C_S3_artificial_turf_B1_U060_R1,2758.545195478,9.427354235,stop,0.600000,-4.887007713,-45.221141815,-0.679234684,-0.040515665,-0.086211212,-0.678885162,ros2_odometer_state
M19C_S3_artificial_turf_B1_U060_R1,2758.550048215,9.432206972,stop,0.600000,-4.887007713,-45.221141815,-0.679234684,-0.039381329,-0.085368536,-0.678126514,ros2_odometer_state
M19C_S3_artificial_turf_B1_U060_R1,2758.551304905,9.433463662,stop,0.600000,-4.887007713,-45.221141815,-0.679234684,-0.038773630,-0.084994309,-0.677714288,ros2_odometer_state
M19C_S3_artificial_turf_B1_U060_R1,2758.552277168,9.434435925,stop,0.600000,-4.887007713,-45.221141815,-0.679234684,-0.038115513,-0.084638625,-0.677316606,ros2_odometer_state
M19C_S3_artificial_turf_B1_U060_R1,2758.554169499,9.436328256,stop,0.600000,-4.887007713,-45.221141815,-0.679234684,-0.037401777,-0.084290013,-0.676897526,ros2_odometer_state
M19C_S3_artificial_turf_B1_U060_R1,2758.556288399,9.438447156,stop,0.600000,-4.887007713,-45.221141815,-0.679234684,-0.036628883,-0.083959192,-0.676483154,ros2_odometer_state
M19C_S3_artificial_turf_B1_U060_R1,2758.557294295,9.439453052,stop,0.600000,-4.887007713,-45.221141815,-0.679234684,-0.036628883,-0.083959192,-0.676483154,ros2_odometer_state
M19C_S3_artificial_turf_B1_U060_R1,2758.559543985,9.441702742,stop,0.600000,-4.887007713,-45.221141815,-0.679234684,-0.035811819,-0.083660863,-0.676130652,ros2_odometer_state
M19C_S3_artificial_turf_B1_U060_R1,2758.561316407,9.443475164,stop,0.600000,-4.887007713,-45.221141815,-0.679234684,-0.034927793,-0.083429635,-0.675839365,ros2_odometer_state
M19C_S3_artificial_turf_B1_U060_R1,2758.564189194,9.446347951,stop,0.600000,-4.887007713,-45.221141815,-0.675563753,-0.032934770,-0.083209336,-0.675313294,ros2_odometer_state
M19C_S3_artificial_turf_B1_U060_R1,2758.566223610,9.448382367,stop,0.600000,-4.887007713,-45.221141815,-0.675563753,-0.031850602,-0.083113194,-0.675160885,ros2_odometer_state
M19C_S3_artificial_turf_B1_U060_R1,2758.569370296,9.451529053,stop,0.600000,-4.887007713,-45.221141815,-0.675563753,-0.030751031,-0.082990237,-0.675113440,ros2_odometer_state
M19C_S3_artificial_turf_B1_U060_R1,2758.570355903,9.452514660,stop,0.600000,-4.887007713,-45.221141815,-0.675563753,-0.029623412,-0.082880445,-0.675123692,ros2_odometer_state
M19C_S3_artificial_turf_B1_U060_R1,2758.572112197,9.454270954,stop,0.600000,-4.887007713,-45.221141815,-0.675563753,-0.028443085,-0.082824953,-0.675138056,ros2_odometer_state
M19C_S3_artificial_turf_B1_U060_R1,2758.574079539,9.456238296,stop,0.600000,-4.887007713,-45.221141815,-0.675563753,-0.027212784,-0.082828537,-0.675155818,ros2_odometer_state
M19C_S3_artificial_turf_B1_U060_R1,2758.576106243,9.458265000,stop,0.600000,-4.887007713,-45.221141815,-0.675563753,-0.025936825,-0.082891919,-0.675229907,ros2_odometer_state
M19C_S3_artificial_turf_B1_U060_R1,2758.577325492,9.459484249,stop,0.600000,-4.887007713,-45.221141815,-0.675563753,-0.025936825,-0.082891919,-0.675229907,ros2_odometer_state
M19C_S3_artificial_turf_B1_U060_R1,2758.579377797,9.461536554,stop,0.600000,-4.887007713,-45.221141815,-0.675563753,-0.024606602,-0.083003998,-0.675415874,ros2_odometer_state
M19C_S3_artificial_turf_B1_U060_R1,2758.581399670,9.463558427,stop,0.600000,-4.887007713,-45.221141815,-0.675563753,-0.023243813,-0.083150364,-0.675743461,ros2_odometer_state
M19C_S3_artificial_turf_B1_U060_R1,2758.586242902,9.468401659,stop,0.600000,-4.887007713,-45.221141815,-0.676223159,-0.020414401,-0.083519951,-0.676776052,ros2_odometer_state
M19C_S3_artificial_turf_B1_U060_R1,2758.587179356,9.469338113,stop,0.600000,-4.887007713,-45.221141815,-0.676223159,-0.018940991,-0.083741181,-0.677362382,ros2_odometer_state
M19C_S3_artificial_turf_B1_U060_R1,2758.588785499,9.470944256,stop,0.600000,-4.887007713,-45.221141815,-0.676223159,-0.017439492,-0.084005423,-0.677976727,ros2_odometer_state
M19C_S3_artificial_turf_B1_U060_R1,2758.589399796,9.471558553,stop,0.600000,-4.887007713,-45.221141815,-0.676223159,-0.017439492,-0.084005423,-0.677976727,ros2_odometer_state
M19C_S3_artificial_turf_B1_U060_R1,2758.591281215,9.473439972,stop,0.600000,-4.887007713,-45.221141815,-0.676223159,-0.015921880,-0.084305219,-0.678587377,ros2_odometer_state
M19C_S3_artificial_turf_B1_U060_R1,2758.594255189,9.476413946,stop,0.600000,-4.887007713,-45.221141815,-0.676223159,-0.012789357,-0.084981866,-0.679787874,ros2_odometer_state
M19C_S3_artificial_turf_B1_U060_R1,2758.596080445,9.478239202,stop,0.600000,-4.887007713,-45.221141815,-0.676223159,-0.011148022,-0.085350886,-0.680476964,ros2_odometer_state
M19C_S3_artificial_turf_B1_U060_R1,2758.598018763,9.480177520,stop,0.600000,-4.887007713,-45.221141815,-0.676223159,-0.009462059,-0.085727431,-0.681245565,ros2_odometer_state
M19C_S3_artificial_turf_B1_U060_R1,2758.600061788,9.482220545,stop,0.600000,-4.887007713,-45.221141815,-0.676223159,-0.007709505,-0.086119376,-0.682063997,ros2_odometer_state
M19C_S3_artificial_turf_B1_U060_R1,2758.602049515,9.484208272,stop,0.600000,-4.887007713,-45.221141815,-0.676223159,-0.005923850,-0.086570866,-0.682886779,ros2_odometer_state
M19C_S3_artificial_turf_B1_U060_R1,2758.604138110,9.486296867,stop,0.600000,-4.886013031,-45.219856262,-0.682886779,-0.004153069,-0.087092228,-0.683685720,ros2_odometer_state
M19C_S3_artificial_turf_B1_U060_R1,2758.605300396,9.487459153,stop,0.600000,-4.886013031,-45.219856262,-0.682886779,-0.004153069,-0.087092228,-0.683685720,ros2_odometer_state
M19C_S3_artificial_turf_B1_U060_R1,2758.607861074,9.490019831,stop,0.600000,-4.886013031,-45.219856262,-0.682886779,-0.002374162,-0.087604776,-0.684548140,ros2_odometer_state
M19C_S3_artificial_turf_B1_U060_R1,2758.610102027,9.492260784,stop,0.600000,-4.886013031,-45.219856262,-0.682886779,0.001277560,-0.088379502,-0.686664820,ros2_odometer_state
M19C_S3_artificial_turf_B1_U060_R1,2758.611310939,9.493469696,stop,0.600000,-4.886013031,-45.219856262,-0.682886779,0.001277560,-0.088379502,-0.686664820,ros2_odometer_state
M19C_S3_artificial_turf_B1_U060_R1,2758.613259561,9.495418318,stop,0.600000,-4.886013031,-45.219856262,-0.682886779,0.003153025,-0.088718027,-0.687676191,ros2_odometer_state
M19C_S3_artificial_turf_B1_U060_R1,2758.617394253,9.499553010,stop,0.600000,-4.886013031,-45.219856262,-0.682886779,0.007022191,-0.089399032,-0.689696431,ros2_odometer_state
M19C_S3_artificial_turf_B1_U060_R1,2758.618328658,9.500487415,stop,0.600000,-4.886013031,-45.219856262,-0.682886779,0.009008277,-0.089750364,-0.690806568,ros2_odometer_state
M19C_S3_artificial_turf_B1_U060_R1,2758.620100344,9.502259101,stop,0.600000,-4.886013031,-45.219856262,-0.682886779,0.010998971,-0.090139866,-0.691875815,ros2_odometer_state
M19C_S3_artificial_turf_B1_U060_R1,2758.622092104,9.504250861,stop,0.600000,-4.886013031,-45.219856262,-0.682886779,0.012983836,-0.090541601,-0.692915738,ros2_odometer_state
M19C_S3_artificial_turf_B1_U060_R1,2758.624332705,9.506491462,stop,0.600000,-4.884099007,-45.217418671,-0.692915738,0.014970643,-0.090934232,-0.693973482,ros2_odometer_state
M19C_S3_artificial_turf_B1_U060_R1,2758.625312008,9.507470765,stop,0.600000,-4.884099007,-45.217418671,-0.692915738,0.014970643,-0.090934232,-0.693973482,ros2_odometer_state
M19C_S3_artificial_turf_B1_U060_R1,2758.628793074,9.510951831,stop,0.600000,-4.884099007,-45.217418671,-0.692915738,0.018927896,-0.091669448,-0.696143389,ros2_odometer_state
M19C_S3_artificial_turf_B1_U060_R1,2758.629488238,9.511646995,stop,0.600000,-4.884099007,-45.217418671,-0.692915738,0.018927896,-0.091669448,-0.696143389,ros2_odometer_state
M19C_S3_artificial_turf_B1_U060_R1,2758.632282589,9.514441346,stop,0.600000,-4.884099007,-45.217418671,-0.692915738,0.022684528,-0.092309751,-0.698160350,ros2_odometer_state
M19C_S3_artificial_turf_B1_U060_R1,2758.634227978,9.516386735,stop,0.600000,-4.884099007,-45.217418671,-0.692915738,0.024431190,-0.092575632,-0.699051142,ros2_odometer_state
M19C_S3_artificial_turf_B1_U060_R1,2758.636285596,9.518444353,stop,0.600000,-4.884099007,-45.217418671,-0.692915738,0.026094139,-0.092808731,-0.699868321,ros2_odometer_state
M19C_S3_artificial_turf_B1_U060_R1,2758.638235305,9.520394062,stop,0.600000,-4.884099007,-45.217418671,-0.692915738,0.027658347,-0.093015209,-0.700640619,ros2_odometer_state
M19C_S3_artificial_turf_B1_U060_R1,2758.640455394,9.522614151,stop,0.600000,-4.884099007,-45.217418671,-0.692915738,0.029080134,-0.093191244,-0.701412022,ros2_odometer_state
M19C_S3_artificial_turf_B1_U060_R1,2758.642432752,9.524591509,stop,0.600000,-4.884099007,-45.217418671,-0.692915738,0.030392734,-0.093325227,-0.702188432,ros2_odometer_state
M19C_S3_artificial_turf_B1_U060_R1,2758.644319131,9.526477888,stop,0.600000,-4.881759167,-45.214477539,-0.702188432,0.031643353,-0.093441769,-0.702940345,ros2_odometer_state
M19C_S3_artificial_turf_B1_U060_R1,2758.646292490,9.528451247,stop,0.600000,-4.881759167,-45.214477539,-0.702188432,0.032844849,-0.093563117,-0.703698218,ros2_odometer_state
M19C_S3_artificial_turf_B1_U060_R1,2758.648904594,9.531063351,stop,0.600000,-4.881759167,-45.214477539,-0.702188432,0.033975024,-0.093723245,-0.704518437,ros2_odometer_state
M19C_S3_artificial_turf_B1_U060_R1,2758.651631838,9.533790595,stop,0.600000,-4.881759167,-45.214477539,-0.702188432,0.033975024,-0.093723245,-0.704518437,ros2_odometer_state
M19C_S3_artificial_turf_B1_U060_R1,2758.652871375,9.535030132,stop,0.600000,-4.881759167,-45.214477539,-0.702188432,0.034983139,-0.093939178,-0.705371976,ros2_odometer_state
M19C_S3_artificial_turf_B1_U060_R1,2758.654137218,9.536295975,stop,0.600000,-4.881759167,-45.214477539,-0.702188432,0.035815127,-0.094196625,-0.706156313,ros2_odometer_state
M19C_S3_artificial_turf_B1_U060_R1,2758.656347226,9.538505983,stop,0.600000,-4.881759167,-45.214477539,-0.702188432,0.036849257,-0.094796516,-0.707269251,ros2_odometer_state
M19C_S3_artificial_turf_B1_U060_R1,2758.658255333,9.540414090,stop,0.600000,-4.881759167,-45.214477539,-0.702188432,0.037007723,-0.095198900,-0.707491219,ros2_odometer_state
M19C_S3_artificial_turf_B1_U060_R1,2758.659490423,9.541649180,stop,0.600000,-4.881759167,-45.214477539,-0.702188432,0.037007723,-0.095198900,-0.707491219,ros2_odometer_state
M19C_S3_artificial_turf_B1_U060_R1,2758.662257221,9.544415978,stop,0.600000,-4.881759167,-45.214477539,-0.702188432,0.036765367,-0.096280903,-0.707395196,ros2_odometer_state
M19C_S3_artificial_turf_B1_U060_R1,2758.664273461,9.546432218,stop,0.600000,-4.881759167,-45.214477539,-0.707395196,0.036453411,-0.096935742,-0.707237422,ros2_odometer_state
M19C_S3_artificial_turf_B1_U060_R1,2758.666199265,9.548358022,stop,0.600000,-4.881759167,-45.214477539,-0.707395196,0.036087789,-0.097621322,-0.707025588,ros2_odometer_state
M19C_S3_artificial_turf_B1_U060_R1,2758.668785640,9.550944397,stop,0.600000,-4.881759167,-45.214477539,-0.707395196,0.035751183,-0.098258458,-0.706742525,ros2_odometer_state
M19C_S3_artificial_turf_B1_U060_R1,2758.670257731,9.552416488,stop,0.600000,-4.881759167,-45.214477539,-0.707395196,0.035462473,-0.098813519,-0.706397772,ros2_odometer_state
M19C_S3_artificial_turf_B1_U060_R1,2758.672332981,9.554491738,stop,0.600000,-4.881759167,-45.214477539,-0.707395196,0.035251364,-0.099271566,-0.705995440,ros2_odometer_state
M19C_S3_artificial_turf_B1_U060_R1,2758.674338661,9.556497418,stop,0.600000,-4.881759167,-45.214477539,-0.707395196,0.035130624,-0.099642761,-0.705525279,ros2_odometer_state
M19C_S3_artificial_turf_B1_U060_R1,2758.676419128,9.558577885,stop,0.600000,-4.881759167,-45.214477539,-0.707395196,0.035104413,-0.099950671,-0.705014706,ros2_odometer_state
M19C_S3_artificial_turf_B1_U060_R1,2758.677513507,9.559672264,stop,0.600000,-4.881759167,-45.214477539,-0.707395196,0.035104413,-0.099950671,-0.705014706,ros2_odometer_state
M19C_S3_artificial_turf_B1_U060_R1,2758.681138963,9.563297720,stop,0.600000,-4.881759167,-45.214477539,-0.707395196,0.035263959,-0.100478530,-0.703942716,ros2_odometer_state
M19C_S3_artificial_turf_B1_U060_R1,2758.681753484,9.563912241,stop,0.600000,-4.881759167,-45.214477539,-0.707395196,0.035263959,-0.100478530,-0.703942716,ros2_odometer_state
M19C_S3_artificial_turf_B1_U060_R1,2758.685134162,9.567292919,stop,0.600000,-4.881486893,-45.218647003,-0.703383148,0.035522446,-0.100955307,-0.702870369,ros2_odometer_state
M19C_S3_artificial_turf_B1_U060_R1,2758.685717513,9.567876270,stop,0.600000,-4.881486893,-45.218647003,-0.703383148,0.035522446,-0.100955307,-0.702870369,ros2_odometer_state
M19C_S3_artificial_turf_B1_U060_R1,2758.688071687,9.570230444,stop,0.600000,-4.881486893,-45.218647003,-0.703383148,0.035658289,-0.101175413,-0.702463090,ros2_odometer_state
M19C_S3_artificial_turf_B1_U060_R1,2758.689530721,9.571689478,stop,0.600000,-4.881486893,-45.218647003,-0.703383148,0.035825513,-0.101421811,-0.702186704,ros2_odometer_state
M19C_S3_artificial_turf_B1_U060_R1,2758.692288399,9.574447156,stop,0.600000,-4.881486893,-45.218647003,-0.703383148,0.036328398,-0.101983584,-0.702001452,ros2_odometer_state
M19C_S3_artificial_turf_B1_U060_R1,2758.693482078,9.575640835,stop,0.600000,-4.881486893,-45.218647003,-0.703383148,0.036328398,-0.101983584,-0.702001452,ros2_odometer_state
M19C_S3_artificial_turf_B1_U060_R1,2758.696211050,9.578369807,stop,0.600000,-4.881486893,-45.218647003,-0.703383148,0.036978658,-0.102680176,-0.702197433,ros2_odometer_state
M19C_S3_artificial_turf_B1_U060_R1,2758.698458084,9.580616841,stop,0.600000,-4.881486893,-45.218647003,-0.703383148,0.037322707,-0.103101365,-0.702421784,ros2_odometer_state
M19C_S3_artificial_turf_B1_U060_R1,2758.700137639,9.582296396,stop,0.600000,-4.881486893,-45.218647003,-0.703383148,0.037680611,-0.103586271,-0.702736437,ros2_odometer_state
M19C_S3_artificial_turf_B1_U060_R1,2758.702278236,9.584436993,stop,0.600000,-4.881486893,-45.218647003,-0.703383148,0.038063467,-0.104127139,-0.703123093,ros2_odometer_state
M19C_S3_artificial_turf_B1_U060_R1,2758.704304332,9.586463089,stop,0.600000,-4.879420280,-45.222431183,-0.703123093,0.038475093,-0.104693726,-0.703558981,ros2_odometer_state
M19C_S3_artificial_turf_B1_U060_R1,2758.706153046,9.588311803,stop,0.600000,-4.879420280,-45.222431183,-0.703123093,0.038894568,-0.105246253,-0.704041660,ros2_odometer_state
M19C_S3_artificial_turf_B1_U060_R1,2758.708907875,9.591066632,stop,0.600000,-4.879420280,-45.222431183,-0.703123093,0.039287474,-0.105777562,-0.704551995,ros2_odometer_state
M19C_S3_artificial_turf_B1_U060_R1,2758.710284250,9.592443007,stop,0.600000,-4.879420280,-45.222431183,-0.703123093,0.039645221,-0.106303707,-0.705065668,ros2_odometer_state
M19C_S3_artificial_turf_B1_U060_R1,2758.712259721,9.594418478,stop,0.600000,-4.879420280,-45.222431183,-0.703123093,0.039961737,-0.106838636,-0.705584764,ros2_odometer_state
M19C_S3_artificial_turf_B1_U060_R1,2758.714110162,9.596268919,stop,0.600000,-4.879420280,-45.222431183,-0.703123093,0.040240694,-0.107387587,-0.706098974,ros2_odometer_state
M19C_S3_artificial_turf_B1_U060_R1,2758.716342155,9.598500912,stop,0.600000,-4.879420280,-45.222431183,-0.703123093,0.040493689,-0.107939452,-0.706604123,ros2_odometer_state
M19C_S3_artificial_turf_B1_U060_R1,2758.718251703,9.600410460,stop,0.600000,-4.879420280,-45.222431183,-0.703123093,0.040725209,-0.108478427,-0.707075834,ros2_odometer_state
M19C_S3_artificial_turf_B1_U060_R1,2758.721096680,9.603255437,stop,0.600000,-4.879420280,-45.222431183,-0.703123093,0.040937290,-0.108991340,-0.707499981,ros2_odometer_state
M19C_S3_artificial_turf_B1_U060_R1,2758.721605692,9.603764449,stop,0.600000,-4.879420280,-45.222431183,-0.703123093,0.040937290,-0.108991340,-0.707499981,ros2_odometer_state
M19C_S3_artificial_turf_B1_U060_R1,2758.724371914,9.606530671,stop,0.600000,-4.876631737,-45.224792480,-0.707875848,0.041286562,-0.109908760,-0.708219290,ros2_odometer_state
M19C_S3_artificial_turf_B1_U060_R1,2758.726610147,9.608768904,stop,0.600000,-4.876631737,-45.224792480,-0.707875848,0.041437455,-0.110310651,-0.708561420,ros2_odometer_state
M19C_S3_artificial_turf_B1_U060_R1,2758.728855004,9.611013761,stop,0.600000,-4.876631737,-45.224792480,-0.707875848,0.041557856,-0.110678442,-0.708916485,ros2_odometer_state
M19C_S3_artificial_turf_B1_U060_R1,2758.730390745,9.612549502,stop,0.600000,-4.876631737,-45.224792480,-0.707875848,0.041637953,-0.111029319,-0.709250569,ros2_odometer_state
M19C_S3_artificial_turf_B1_U060_R1,2758.732911198,9.615069955,stop,0.600000,-4.876631737,-45.224792480,-0.707875848,0.041664932,-0.111378387,-0.709522128,ros2_odometer_state
M19C_S3_artificial_turf_B1_U060_R1,2758.734307157,9.616465914,stop,0.600000,-4.876631737,-45.224792480,-0.707875848,0.041638676,-0.111741751,-0.709725559,ros2_odometer_state
M19C_S3_artificial_turf_B1_U060_R1,2758.736320837,9.618479594,stop,0.600000,-4.876631737,-45.224792480,-0.707875848,0.041572727,-0.112128340,-0.709836841,ros2_odometer_state
M19C_S3_artificial_turf_B1_U060_R1,2758.737526485,9.619685242,stop,0.600000,-4.876631737,-45.224792480,-0.707875848,0.041572727,-0.112128340,-0.709836841,ros2_odometer_state
M19C_S3_artificial_turf_B1_U060_R1,2758.740405768,9.622564525,stop,0.600000,-4.876631737,-45.224792480,-0.707875848,0.041351184,-0.112988107,-0.709820211,ros2_odometer_state
M19C_S3_artificial_turf_B1_U060_R1,2758.742370966,9.624529723,stop,0.600000,-4.876631737,-45.224792480,-0.707875848,0.041252602,-0.113476634,-0.709748745,ros2_odometer_state
M19C_S3_artificial_turf_B1_U060_R1,2758.744417447,9.626576204,stop,0.600000,-4.872882843,-45.227981567,-0.709748745,0.041176345,-0.113971435,-0.709650874,ros2_odometer_state
M19C_S3_artificial_turf_B1_U060_R1,2758.746255024,9.628413781,stop,0.600000,-4.872882843,-45.227981567,-0.709748745,0.041115392,-0.114446126,-0.709489942,ros2_odometer_state
M19C_S3_artificial_turf_B1_U060_R1,2758.748858136,9.631016893,stop,0.600000,-4.872882843,-45.227981567,-0.709748745,0.041024592,-0.114896350,-0.709237456,ros2_odometer_state
M19C_S3_artificial_turf_B1_U060_R1,2758.750439030,9.632597787,stop,0.600000,-4.872882843,-45.227981567,-0.709748745,0.040888116,-0.115315720,-0.708903134,ros2_odometer_state
M19C_S3_artificial_turf_B1_U060_R1,2758.752317761,9.634476518,stop,0.600000,-4.872882843,-45.227981567,-0.709748745,0.040720940,-0.115717903,-0.708505273,ros2_odometer_state
M19C_S3_artificial_turf_B1_U060_R1,2758.754260302,9.636419059,stop,0.600000,-4.872882843,-45.227981567,-0.709748745,0.040533260,-0.116120324,-0.708069146,ros2_odometer_state
M19C_S3_artificial_turf_B1_U060_R1,2758.756317856,9.638476613,stop,0.600000,-4.872882843,-45.227981567,-0.709748745,0.040305708,-0.116504103,-0.707610965,ros2_odometer_state
M19C_S3_artificial_turf_B1_U060_R1,2758.758246029,9.640404786,stop,0.600000,-4.872882843,-45.227981567,-0.709748745,0.040015560,-0.116866894,-0.707131267,ros2_odometer_state
M19C_S3_artificial_turf_B1_U060_R1,2758.760342816,9.642501573,stop,0.600000,-4.872882843,-45.227981567,-0.709748745,0.039665058,-0.117192030,-0.706608832,ros2_odometer_state
M19C_S3_artificial_turf_B1_U060_R1,2758.762550104,9.644708861,stop,0.600000,-4.872882843,-45.227981567,-0.709748745,0.039277203,-0.117476724,-0.706039667,ros2_odometer_state
M19C_S3_artificial_turf_B1_U060_R1,2758.764305438,9.646464195,stop,0.600000,-4.869580269,-45.232475281,-0.706039667,0.038871080,-0.117756382,-0.705444336,ros2_odometer_state
M19C_S3_artificial_turf_B1_U060_R1,2758.766243723,9.648402480,stop,0.600000,-4.869580269,-45.232475281,-0.706039667,0.038459491,-0.118032575,-0.704853892,ros2_odometer_state
M19C_S3_artificial_turf_B1_U060_R1,2758.769046554,9.651205311,stop,0.600000,-4.869580269,-45.232475281,-0.706039667,0.038064331,-0.118310422,-0.704272509,ros2_odometer_state
M19C_S3_artificial_turf_B1_U060_R1,2758.770576759,9.652735516,stop,0.600000,-4.869580269,-45.232475281,-0.706039667,0.037668865,-0.118600734,-0.703717589,ros2_odometer_state
M19C_S3_artificial_turf_B1_U060_R1,2758.771628417,9.653787174,stop,0.600000,-4.869580269,-45.232475281,-0.706039667,0.037668865,-0.118600734,-0.703717589,ros2_odometer_state
M19C_S3_artificial_turf_B1_U060_R1,2758.774472050,9.656630807,stop,0.600000,-4.869580269,-45.232475281,-0.706039667,0.036842581,-0.119215257,-0.702774763,ros2_odometer_state
M19C_S3_artificial_turf_B1_U060_R1,2758.775640576,9.657799333,stop,0.600000,-4.869580269,-45.232475281,-0.706039667,0.036842581,-0.119215257,-0.702774763,ros2_odometer_state
M19C_S3_artificial_turf_B1_U060_R1,2758.778257512,9.660416269,stop,0.600000,-4.869580269,-45.232475281,-0.706039667,0.036037646,-0.119760469,-0.701954246,ros2_odometer_state
M19C_S3_artificial_turf_B1_U060_R1,2758.779536635,9.661695392,stop,0.600000,-4.869580269,-45.232475281,-0.706039667,0.036037646,-0.119760469,-0.701954246,ros2_odometer_state
M19C_S3_artificial_turf_B1_U060_R1,2758.782556627,9.664715384,stop,0.600000,-4.869580269,-45.232475281,-0.706039667,0.035318110,-0.120106481,-0.701221228,ros2_odometer_state
M19C_S3_artificial_turf_B1_U060_R1,2758.783953035,9.666111792,stop,0.600000,-4.867462158,-45.237770081,-0.701221228,0.035318110,-0.120106481,-0.701221228,ros2_odometer_state
M19C_S3_artificial_turf_B1_U060_R1,2758.791819044,9.673977801,stop,0.600000,-4.867462158,-45.237770081,-0.701221228,0.035019659,-0.120212272,-0.700896621,ros2_odometer_state
M19C_S3_artificial_turf_B1_U060_R1,2758.793165465,9.675324222,stop,0.600000,-4.867462158,-45.237770081,-0.701221228,0.034758899,-0.120283365,-0.700601161,ros2_odometer_state
M19C_S3_artificial_turf_B1_U060_R1,2758.796215570,9.678374327,stop,0.600000,-4.867462158,-45.237770081,-0.701221228,0.034540597,-0.120318212,-0.700334489,ros2_odometer_state
M19C_S3_artificial_turf_B1_U060_R1,2758.798723062,9.680881819,stop,0.600000,-4.867462158,-45.237770081,-0.701221228,0.034327731,-0.120319955,-0.700078964,ros2_odometer_state
M19C_S3_artificial_turf_B1_U060_R1,2758.800593985,9.682752742,stop,0.600000,-4.867462158,-45.237770081,-0.701221228,0.034101497,-0.120304823,-0.699833393,ros2_odometer_state
M19C_S3_artificial_turf_B1_U060_R1,2758.801996120,9.684154877,stop,0.600000,-4.867462158,-45.237770081,-0.701221228,0.033863634,-0.120251410,-0.699610233,ros2_odometer_state
M19C_S3_artificial_turf_B1_U060_R1,2758.803670459,9.685829216,stop,0.600000,-4.867462158,-45.237770081,-0.701221228,0.033600379,-0.120165087,-0.699400544,ros2_odometer_state
M19C_S3_artificial_turf_B1_U060_R1,2758.804948334,9.687107091,stop,0.600000,-4.867462158,-45.237770081,-0.701221228,0.033326797,-0.120048992,-0.699222326,ros2_odometer_state
M19C_S3_artificial_turf_B1_U060_R1,2758.806347941,9.688506698,stop,0.600000,-4.867462158,-45.237770081,-0.701221228,0.033064876,-0.119903944,-0.699073195,ros2_odometer_state
M19C_S3_artificial_turf_B1_U060_R1,2758.808073546,9.690232303,stop,0.600000,-4.865604401,-45.242294312,-0.698953331,0.032834660,-0.119735219,-0.698953331,ros2_odometer_state
M19C_S3_artificial_turf_B1_U060_R1,2758.809262041,9.691420798,stop,0.600000,-4.865604401,-45.242294312,-0.698953331,0.032641824,-0.119543403,-0.698836684,ros2_odometer_state
M19C_S3_artificial_turf_B1_U060_R1,2758.811891874,9.694050631,stop,0.600000,-4.865604401,-45.242294312,-0.698953331,0.032482188,-0.119322710,-0.698719203,ros2_odometer_state
M19C_S3_artificial_turf_B1_U060_R1,2758.815659639,9.697818396,stop,0.600000,-4.865604401,-45.242294312,-0.698953331,0.032346621,-0.119096294,-0.698622763,ros2_odometer_state
M19C_S3_artificial_turf_B1_U060_R1,2758.819180995,9.701339752,stop,0.600000,-4.865604401,-45.242294312,-0.698953331,0.032237742,-0.118873999,-0.698549509,ros2_odometer_state
M19C_S3_artificial_turf_B1_U060_R1,2758.820941994,9.703100751,stop,0.600000,-4.865604401,-45.242294312,-0.698953331,0.032144461,-0.118659832,-0.698503673,ros2_odometer_state
M19C_S3_artificial_turf_B1_U060_R1,2758.822154618,9.704313375,stop,0.600000,-4.865604401,-45.242294312,-0.698953331,0.032043085,-0.118453041,-0.698493421,ros2_odometer_state
M19C_S3_artificial_turf_B1_U060_R1,2758.823226244,9.705385001,stop,0.600000,-4.865604401,-45.242294312,-0.698953331,0.031937901,-0.118260741,-0.698514879,ros2_odometer_state
M19C_S3_artificial_turf_B1_U060_R1,2758.824742081,9.706900838,stop,0.600000,-4.865604401,-45.242294312,-0.698953331,0.031830203,-0.118071415,-0.698549211,ros2_odometer_state
M19C_S3_artificial_turf_B1_U060_R1,2758.825829068,9.707987825,stop,0.600000,-4.865604401,-45.242294312,-0.698953331,0.031723987,-0.117877156,-0.698583126,ros2_odometer_state
M19C_S3_artificial_turf_B1_U060_R1,2758.826808275,9.708967032,stop,0.600000,-4.863997936,-45.246292114,-0.698610544,0.031614482,-0.117677905,-0.698610544,ros2_odometer_state
M19C_S3_artificial_turf_B1_U060_R1,2758.827776697,9.709935454,stop,0.600000,-4.863997936,-45.246292114,-0.698610544,0.031495221,-0.117456496,-0.698621988,ros2_odometer_state
M19C_S3_artificial_turf_B1_U060_R1,2758.829028427,9.711187184,stop,0.600000,-4.863997936,-45.246292114,-0.698610544,0.031377867,-0.117217526,-0.698616624,ros2_odometer_state
M19C_S3_artificial_turf_B1_U060_R1,2758.830134007,9.712292764,stop,0.600000,-4.863997936,-45.246292114,-0.698610544,0.031256285,-0.116951168,-0.698571324,ros2_odometer_state
M19C_S3_artificial_turf_B1_U060_R1,2758.832613466,9.714772223,stop,0.600000,-4.863997936,-45.246292114,-0.698610544,0.030996393,-0.116358921,-0.698344648,ros2_odometer_state
M19C_S3_artificial_turf_B1_U060_R1,2758.834378240,9.716536997,stop,0.600000,-4.863997936,-45.246292114,-0.698610544,0.030877989,-0.116054364,-0.698214054,ros2_odometer_state
M19C_S3_artificial_turf_B1_U060_R1,2758.836792448,9.718951205,stop,0.600000,-4.863997936,-45.246292114,-0.698610544,0.030770091,-0.115758047,-0.698093355,ros2_odometer_state
M19C_S3_artificial_turf_B1_U060_R1,2758.838384927,9.720543684,stop,0.600000,-4.863997936,-45.246292114,-0.698610544,0.030676410,-0.115466371,-0.697988510,ros2_odometer_state
M19C_S3_artificial_turf_B1_U060_R1,2758.840552469,9.722711226,stop,0.600000,-4.863997936,-45.246292114,-0.698610544,0.030599050,-0.115179427,-0.697888315,ros2_odometer_state
M19C_S3_artificial_turf_B1_U060_R1,2758.842472289,9.724631046,stop,0.600000,-4.863997936,-45.246292114,-0.698610544,0.030532962,-0.114897251,-0.697813213,ros2_odometer_state
M19C_S3_artificial_turf_B1_U060_R1,2758.844462897,9.726621654,stop,0.600000,-4.862193584,-45.249687195,-0.697813213,0.030487824,-0.114616804,-0.697775245,ros2_odometer_state
M19C_S3_artificial_turf_B1_U060_R1,2758.846390045,9.728548802,stop,0.600000,-4.862193584,-45.249687195,-0.697813213,0.030465918,-0.114320599,-0.697748899,ros2_odometer_state
M19C_S3_artificial_turf_B1_U060_R1,2758.849052807,9.731211564,stop,0.600000,-4.862193584,-45.249687195,-0.697813213,0.030459842,-0.113984667,-0.697700858,ros2_odometer_state
M19C_S3_artificial_turf_B1_U060_R1,2758.850454399,9.732613156,stop,0.600000,-4.862193584,-45.249687195,-0.697813213,0.030443830,-0.113610335,-0.697619498,ros2_odometer_state
M19C_S3_artificial_turf_B1_U060_R1,2758.852080127,9.734238884,stop,0.600000,-4.862193584,-45.249687195,-0.697813213,0.030443830,-0.113610335,-0.697619498,ros2_odometer_state
M19C_S3_artificial_turf_B1_U060_R1,2758.854357658,9.736516415,stop,0.600000,-4.862193584,-45.249687195,-0.697813213,0.030420871,-0.113205530,-0.697528481,ros2_odometer_state
M19C_S3_artificial_turf_B1_U060_R1,2758.858152561,9.740311318,stop,0.600000,-4.862193584,-45.249687195,-0.697813213,0.030359408,-0.112318009,-0.697315753,ros2_odometer_state
M19C_S3_artificial_turf_B1_U060_R1,2758.859067381,9.741226138,stop,0.600000,-4.862193584,-45.249687195,-0.697813213,0.030318759,-0.111836024,-0.697182059,ros2_odometer_state
M19C_S3_artificial_turf_B1_U060_R1,2758.859982010,9.742140767,stop,0.600000,-4.862193584,-45.249687195,-0.697813213,0.030318759,-0.111836024,-0.697182059,ros2_odometer_state
M19C_S3_artificial_turf_B1_U060_R1,2758.861873989,9.744032746,stop,0.600000,-4.862193584,-45.249687195,-0.697813213,0.030279232,-0.111335747,-0.697022676,ros2_odometer_state
M19C_S3_artificial_turf_B1_U060_R1,2758.863885013,9.746043770,stop,0.600000,-4.860421181,-45.252632141,-0.696869075,0.030242153,-0.110819198,-0.696869075,ros2_odometer_state
M19C_S3_artificial_turf_B1_U060_R1,2758.866616961,9.748775718,stop,0.600000,-4.860421181,-45.252632141,-0.696869075,0.030191099,-0.109769665,-0.696641505,ros2_odometer_state
M19C_S3_artificial_turf_B1_U060_R1,2758.868404425,9.750563182,stop,0.600000,-4.860421181,-45.252632141,-0.696869075,0.030191099,-0.109769665,-0.696641505,ros2_odometer_state
M19C_S3_artificial_turf_B1_U060_R1,2758.869850210,9.752008967,stop,0.600000,-4.860421181,-45.252632141,-0.696869075,0.030163890,-0.109246001,-0.696544647,ros2_odometer_state
M19C_S3_artificial_turf_B1_U060_R1,2758.871867538,9.754026295,stop,0.600000,-4.860421181,-45.252632141,-0.696869075,0.030121161,-0.108715877,-0.696480751,ros2_odometer_state
M19C_S3_artificial_turf_B1_U060_R1,2758.873836768,9.755995525,stop,0.600000,-4.860421181,-45.252632141,-0.696869075,0.030071458,-0.108172998,-0.696427345,ros2_odometer_state
M19C_S3_artificial_turf_B1_U060_R1,2758.875880146,9.758038903,stop,0.600000,-4.860421181,-45.252632141,-0.696869075,0.030011665,-0.107595883,-0.696356833,ros2_odometer_state
M19C_S3_artificial_turf_B1_U060_R1,2758.877871105,9.760029862,stop,0.600000,-4.860421181,-45.252632141,-0.696869075,0.029950513,-0.106962152,-0.696283400,ros2_odometer_state
M19C_S3_artificial_turf_B1_U060_R1,2758.880624590,9.762783347,stop,0.600000,-4.860421181,-45.252632141,-0.696869075,0.029806430,-0.105551355,-0.696203172,ros2_odometer_state
M19C_S3_artificial_turf_B1_U060_R1,2758.882727874,9.764886631,stop,0.600000,-4.860421181,-45.252632141,-0.696869075,0.029739354,-0.104789466,-0.696216166,ros2_odometer_state
M19C_S3_artificial_turf_B1_U060_R1,2758.883855087,9.766013844,stop,0.600000,-4.858868599,-45.254989624,-0.696216166,0.029739354,-0.104789466,-0.696216166,ros2_odometer_state
M19C_S3_artificial_turf_B1_U060_R1,2758.886855622,9.769014379,stop,0.600000,-4.858868599,-45.254989624,-0.696216166,0.029610151,-0.103196077,-0.696310699,ros2_odometer_state
M19C_S3_artificial_turf_B1_U060_R1,2758.888534313,9.770693070,stop,0.600000,-4.858868599,-45.254989624,-0.696216166,0.029610151,-0.103196077,-0.696310699,ros2_odometer_state
M19C_S3_artificial_turf_B1_U060_R1,2758.892440100,9.774598857,stop,0.600000,-4.858868599,-45.254989624,-0.696216166,0.029512515,-0.101515524,-0.696434021,ros2_odometer_state
M19C_S3_artificial_turf_B1_U060_R1,2758.893403466,9.775562223,stop,0.600000,-4.858868599,-45.254989624,-0.696216166,0.029476609,-0.100640453,-0.696492553,ros2_odometer_state
M19C_S3_artificial_turf_B1_U060_R1,2758.893925791,9.776084548,stop,0.600000,-4.858868599,-45.254989624,-0.696216166,0.029476609,-0.100640453,-0.696492553,ros2_odometer_state
M19C_S3_artificial_turf_B1_U060_R1,2758.895996946,9.778155703,stop,0.600000,-4.858868599,-45.254989624,-0.696216166,0.029446328,-0.099754177,-0.696558416,ros2_odometer_state
M19C_S3_artificial_turf_B1_U060_R1,2758.897918462,9.780077219,stop,0.600000,-4.858868599,-45.254989624,-0.696216166,0.029418720,-0.098859556,-0.696618736,ros2_odometer_state
M19C_S3_artificial_turf_B1_U060_R1,2758.900745038,9.782903795,stop,0.600000,-4.858868599,-45.254989624,-0.696216166,0.029366834,-0.097026668,-0.696710467,ros2_odometer_state
M19C_S3_artificial_turf_B1_U060_R1,2758.901947806,9.784106563,stop,0.600000,-4.858868599,-45.254989624,-0.696216166,0.029366834,-0.097026668,-0.696710467,ros2_odometer_state
M19C_S3_artificial_turf_B1_U060_R1,2758.904868818,9.787027575,stop,0.600000,-4.857938766,-45.258251190,-0.696782410,0.029307242,-0.095184371,-0.696868420,ros2_odometer_state
M19C_S3_artificial_turf_B1_U060_R1,2758.906797119,9.788955876,stop,0.600000,-4.857938766,-45.258251190,-0.696782410,0.029282391,-0.094258957,-0.696945846,ros2_odometer_state
M19C_S3_artificial_turf_B1_U060_R1,2758.909296514,9.791455271,stop,0.600000,-4.857938766,-45.258251190,-0.696782410,0.029247172,-0.093319342,-0.697006583,ros2_odometer_state
M19C_S3_artificial_turf_B1_U060_R1,2758.910822783,9.792981540,stop,0.600000,-4.857938766,-45.258251190,-0.696782410,0.029197138,-0.092382059,-0.697071314,ros2_odometer_state
M19C_S3_artificial_turf_B1_U060_R1,2758.912773325,9.794932082,stop,0.600000,-4.857938766,-45.258251190,-0.696782410,0.029133908,-0.091453545,-0.697152019,ros2_odometer_state
M19C_S3_artificial_turf_B1_U060_R1,2758.914648823,9.796807580,stop,0.600000,-4.857938766,-45.258251190,-0.696782410,0.029060343,-0.090541318,-0.697232664,ros2_odometer_state
M19C_S3_artificial_turf_B1_U060_R1,2758.916665479,9.798824236,stop,0.600000,-4.857938766,-45.258251190,-0.696782410,0.028979836,-0.089650184,-0.697296679,ros2_odometer_state
M19C_S3_artificial_turf_B1_U060_R1,2758.918637814,9.800796571,stop,0.600000,-4.857938766,-45.258251190,-0.696782410,0.028897075,-0.088778012,-0.697338462,ros2_odometer_state
M19C_S3_artificial_turf_B1_U060_R1,2758.920896623,9.803055380,stop,0.600000,-4.857938766,-45.258251190,-0.696782410,0.028808756,-0.087917134,-0.697367668,ros2_odometer_state
M19C_S3_artificial_turf_B1_U060_R1,2758.922044061,9.804202818,stop,0.600000,-4.857938766,-45.258251190,-0.696782410,0.028808756,-0.087917134,-0.697367668,ros2_odometer_state
M19C_S3_artificial_turf_B1_U060_R1,2758.926369737,9.808528494,stop,0.600000,-4.859145164,-45.259796143,-0.697393537,0.028616987,-0.086234517,-0.697416782,ros2_odometer_state
M19C_S3_artificial_turf_B1_U060_R1,2758.927368049,9.809526806,stop,0.600000,-4.859145164,-45.259796143,-0.697393537,0.028518241,-0.085411981,-0.697450519,ros2_odometer_state
M19C_S3_artificial_turf_B1_U060_R1,2758.928765704,9.810924461,stop,0.600000,-4.859145164,-45.259796143,-0.697393537,0.028518241,-0.085411981,-0.697450519,ros2_odometer_state
M19C_S3_artificial_turf_B1_U060_R1,2758.930490637,9.812649394,stop,0.600000,-4.859145164,-45.259796143,-0.697393537,0.028416438,-0.084600896,-0.697463036,ros2_odometer_state
M19C_S3_artificial_turf_B1_U060_R1,2758.932919437,9.815078194,stop,0.600000,-4.859145164,-45.259796143,-0.697393537,0.028196592,-0.082996808,-0.697478235,ros2_odometer_state
M19C_S3_artificial_turf_B1_U060_R1,2758.934058299,9.816217056,stop,0.600000,-4.859145164,-45.259796143,-0.697393537,0.028196592,-0.082996808,-0.697478235,ros2_odometer_state
M19C_S3_artificial_turf_B1_U060_R1,2758.936831337,9.818990094,stop,0.600000,-4.859145164,-45.259796143,-0.697393537,0.027988411,-0.081426769,-0.697508693,ros2_odometer_state
M19C_S3_artificial_turf_B1_U060_R1,2758.937999639,9.820158396,stop,0.600000,-4.859145164,-45.259796143,-0.697393537,0.027988411,-0.081426769,-0.697508693,ros2_odometer_state
M19C_S3_artificial_turf_B1_U060_R1,2758.941109651,9.823268408,stop,0.600000,-4.859145164,-45.259796143,-0.697393537,0.027773120,-0.079856999,-0.697576404,ros2_odometer_state
M19C_S3_artificial_turf_B1_U060_R1,2758.942067577,9.824226334,stop,0.600000,-4.859145164,-45.259796143,-0.697393537,0.027773120,-0.079856999,-0.697576404,ros2_odometer_state
M19C_S3_artificial_turf_B1_U060_R1,2758.944131339,9.826290096,stop,0.600000,-4.860759735,-45.261867523,-0.697619021,0.027675103,-0.079072967,-0.697619021,ros2_odometer_state
M19C_S3_artificial_turf_B1_U060_R1,2758.946006582,9.828165339,stop,0.600000,-4.860759735,-45.261867523,-0.697619021,0.027569177,-0.078297578,-0.697657764,ros2_odometer_state
M19C_S3_artificial_turf_B1_U060_R1,2758.948538938,9.830697695,stop,0.600000,-4.860759735,-45.261867523,-0.697619021,0.027454291,-0.077526681,-0.697695434,ros2_odometer_state
M19C_S3_artificial_turf_B1_U060_R1,2758.950972699,9.833131456,stop,0.600000,-4.860759735,-45.261867523,-0.697619021,0.027216520,-0.076000139,-0.697824478,ros2_odometer_state
M19C_S3_artificial_turf_B1_U060_R1,2758.952906568,9.835065325,stop,0.600000,-4.860759735,-45.261867523,-0.697619021,0.027098941,-0.075244963,-0.697926521,ros2_odometer_state
M19C_S3_artificial_turf_B1_U060_R1,2758.954951769,9.837110526,stop,0.600000,-4.860759735,-45.261867523,-0.697619021,0.026977457,-0.074494295,-0.698045254,ros2_odometer_state
M19C_S3_artificial_turf_B1_U060_R1,2758.956093479,9.838252236,stop,0.600000,-4.860759735,-45.261867523,-0.697619021,0.026977457,-0.074494295,-0.698045254,ros2_odometer_state
M19C_S3_artificial_turf_B1_U060_R1,2758.958093686,9.840252443,stop,0.600000,-4.860759735,-45.261867523,-0.697619021,0.026848163,-0.073758684,-0.698176563,ros2_odometer_state
M19C_S3_artificial_turf_B1_U060_R1,2758.960052196,9.842210953,stop,0.600000,-4.860759735,-45.261867523,-0.697619021,0.026711514,-0.073033482,-0.698322594,ros2_odometer_state
M19C_S3_artificial_turf_B1_U060_R1,2758.962859348,9.845018105,stop,0.600000,-4.860759735,-45.261867523,-0.697619021,0.026441855,-0.071623392,-0.698609889,ros2_odometer_state
M19C_S3_artificial_turf_B1_U060_R1,2758.964822370,9.846981127,stop,0.600000,-4.861900330,-45.263332367,-0.698609889,0.026307421,-0.070953898,-0.698755383,ros2_odometer_state
M19C_S3_artificial_turf_B1_U060_R1,2758.966814385,9.848973142,stop,0.600000,-4.861900330,-45.263332367,-0.698609889,0.026169723,-0.070306696,-0.698898613,ros2_odometer_state
M19C_S3_artificial_turf_B1_U060_R1,2758.969347318,9.851506075,stop,0.600000,-4.861900330,-45.263332367,-0.698609889,0.026028289,-0.069671646,-0.699029624,ros2_odometer_state
M19C_S3_artificial_turf_B1_U060_R1,2758.970818768,9.852977525,stop,0.600000,-4.861900330,-45.263332367,-0.698609889,0.025884574,-0.069049969,-0.699152827,ros2_odometer_state
M19C_S3_artificial_turf_B1_U060_R1,2758.973086602,9.855245359,stop,0.600000,-4.861900330,-45.263332367,-0.698609889,0.025741529,-0.068434432,-0.699277461,ros2_odometer_state
M19C_S3_artificial_turf_B1_U060_R1,2758.974793646,9.856952403,stop,0.600000,-4.861900330,-45.263332367,-0.698609889,0.025599411,-0.067821339,-0.699402034,ros2_odometer_state
M19C_S3_artificial_turf_B1_U060_R1,2758.977038120,9.859196877,stop,0.600000,-4.861900330,-45.263332367,-0.698609889,0.025451953,-0.067205064,-0.699507117,ros2_odometer_state
M19C_S3_artificial_turf_B1_U060_R1,2758.979962140,9.862120897,stop,0.600000,-4.861900330,-45.263332367,-0.698609889,0.025305586,-0.066581711,-0.699600637,ros2_odometer_state
M19C_S3_artificial_turf_B1_U060_R1,2758.980743707,9.862902464,stop,0.600000,-4.861900330,-45.263332367,-0.698609889,0.025305586,-0.066581711,-0.699600637,ros2_odometer_state
M19C_S3_artificial_turf_B1_U060_R1,2758.982759019,9.864917776,stop,0.600000,-4.861900330,-45.263332367,-0.698609889,0.025154747,-0.065961845,-0.699692607,ros2_odometer_state
M19C_S3_artificial_turf_B1_U060_R1,2758.986474335,9.868633092,stop,0.600000,-4.862710953,-45.264377594,-0.699765682,0.024863739,-0.064718664,-0.699838459,ros2_odometer_state
M19C_S3_artificial_turf_B1_U060_R1,2758.987407172,9.869565929,stop,0.600000,-4.862710953,-45.264377594,-0.699765682,0.024713011,-0.064090051,-0.699921012,ros2_odometer_state
M19C_S3_artificial_turf_B1_U060_R1,2758.989414452,9.871573209,stop,0.600000,-4.862710953,-45.264377594,-0.699765682,0.024570638,-0.063454293,-0.700004458,ros2_odometer_state
M19C_S3_artificial_turf_B1_U060_R1,2758.989989098,9.872147855,stop,0.600000,-4.862710953,-45.264377594,-0.699765682,0.024570638,-0.063454293,-0.700004458,ros2_odometer_state
M19C_S3_artificial_turf_B1_U060_R1,2758.992868381,9.875027138,stop,0.600000,-4.862710953,-45.264377594,-0.699765682,0.024289541,-0.062189441,-0.700165033,ros2_odometer_state
M19C_S3_artificial_turf_B1_U060_R1,2758.994822667,9.876981424,stop,0.600000,-4.862710953,-45.264377594,-0.699765682,0.024148846,-0.061562117,-0.700236320,ros2_odometer_state
M19C_S3_artificial_turf_B1_U060_R1,2758.996830490,9.878989247,stop,0.600000,-4.862710953,-45.264377594,-0.699765682,0.024003170,-0.060918450,-0.700307369,ros2_odometer_state
M19C_S3_artificial_turf_B1_U060_R1,2758.998814473,9.880973230,stop,0.600000,-4.862710953,-45.264377594,-0.699765682,0.023860013,-0.060268212,-0.700375676,ros2_odometer_state
M19C_S3_artificial_turf_B1_U060_R1,2759.000833818,9.882992575,stop,0.600000,-4.862710953,-45.264377594,-0.699765682,0.023712099,-0.059608292,-0.700435221,ros2_odometer_state
M19C_S3_artificial_turf_B1_U060_R1,2759.002829705,9.884988462,stop,0.600000,-4.862710953,-45.264377594,-0.699765682,0.023568446,-0.058925398,-0.700504839,ros2_odometer_state
M19C_S3_artificial_turf_B1_U060_R1,2759.004899643,9.887058400,stop,0.600000,-4.863396168,-45.265270233,-0.700504839,0.023428312,-0.058229994,-0.700591505,ros2_odometer_state
M19C_S3_artificial_turf_B1_U060_R1,2759.006841672,9.889000429,stop,0.600000,-4.863396168,-45.265270233,-0.700504839,0.023282217,-0.057518050,-0.700675011,ros2_odometer_state
M19C_S3_artificial_turf_B1_U060_R1,2759.009389998,9.891548755,stop,0.600000,-4.863396168,-45.265270233,-0.700504839,0.023135362,-0.056789704,-0.700734913,ros2_odometer_state
M19C_S3_artificial_turf_B1_U060_R1,2759.010911658,9.893070415,stop,0.600000,-4.863396168,-45.265270233,-0.700504839,0.023135362,-0.056789704,-0.700734913,ros2_odometer_state
M19C_S3_artificial_turf_B1_U060_R1,2759.012912634,9.895071391,stop,0.600000,-4.863396168,-45.265270233,-0.700504839,0.022886233,-0.055315230,-0.700882196,ros2_odometer_state
M19C_S3_artificial_turf_B1_U060_R1,2759.016245630,9.898404387,stop,0.600000,-4.863396168,-45.265270233,-0.700504839,0.022785902,-0.054564472,-0.700978458,ros2_odometer_state
M19C_S3_artificial_turf_B1_U060_R1,2759.017138658,9.899297415,stop,0.600000,-4.863396168,-45.265270233,-0.700504839,0.022785902,-0.054564472,-0.700978458,ros2_odometer_state
M19C_S3_artificial_turf_B1_U060_R1,2759.019116688,9.901275445,stop,0.600000,-4.863396168,-45.265270233,-0.700504839,0.022640157,-0.053082634,-0.701200306,ros2_odometer_state
M19C_S3_artificial_turf_B1_U060_R1,2759.020795603,9.902954360,stop,0.600000,-4.863396168,-45.265270233,-0.700504839,0.022583671,-0.052342370,-0.701305747,ros2_odometer_state
M19C_S3_artificial_turf_B1_U060_R1,2759.022054405,9.904213162,stop,0.600000,-4.863396168,-45.265270233,-0.700504839,0.022541128,-0.051593415,-0.701417804,ros2_odometer_state
M19C_S3_artificial_turf_B1_U060_R1,2759.024987386,9.907146143,stop,0.600000,-4.863396168,-45.265270233,-0.701517642,0.022491628,-0.050082192,-0.701601803,ros2_odometer_state
M19C_S3_artificial_turf_B1_U060_R1,2759.026856004,9.909014761,stop,0.600000,-4.863396168,-45.265270233,-0.701517642,0.022479044,-0.049330793,-0.701678753,ros2_odometer_state
M19C_S3_artificial_turf_B1_U060_R1,2759.029481037,9.911639794,stop,0.600000,-4.863396168,-45.265270233,-0.701517642,0.022468785,-0.048585821,-0.701750576,ros2_odometer_state
M19C_S3_artificial_turf_B1_U060_R1,2759.030955687,9.913114444,stop,0.600000,-4.863396168,-45.265270233,-0.701517642,0.022457119,-0.047841471,-0.701833665,ros2_odometer_state
M19C_S3_artificial_turf_B1_U060_R1,2759.032940982,9.915099739,stop,0.600000,-4.863396168,-45.265270233,-0.701517642,0.022431320,-0.047097862,-0.701923490,ros2_odometer_state
M19C_S3_artificial_turf_B1_U060_R1,2759.034893988,9.917052745,stop,0.600000,-4.863396168,-45.265270233,-0.701517642,0.022406105,-0.046359055,-0.702005506,ros2_odometer_state
M19C_S3_artificial_turf_B1_U060_R1,2759.036946037,9.919104794,stop,0.600000,-4.863396168,-45.265270233,-0.701517642,0.022389669,-0.045617484,-0.702065587,ros2_odometer_state
M19C_S3_artificial_turf_B1_U060_R1,2759.038869858,9.921028615,stop,0.600000,-4.863396168,-45.265270233,-0.701517642,0.022373401,-0.044874657,-0.702106297,ros2_odometer_state
M19C_S3_artificial_turf_B1_U060_R1,2759.041256513,9.923415270,stop,0.600000,-4.863396168,-45.265270233,-0.701517642,0.022354666,-0.044129685,-0.702135324,ros2_odometer_state
M19C_S3_artificial_turf_B1_U060_R1,2759.043001414,9.925160171,stop,0.600000,-4.863396168,-45.265270233,-0.701517642,0.022354666,-0.044129685,-0.702135324,ros2_odometer_state
M19C_S3_artificial_turf_B1_U060_R1,2759.044601382,9.926760139,stop,0.600000,-4.863396168,-45.265270233,-0.702139437,0.022337666,-0.043396290,-0.702139437,ros2_odometer_state
M19C_S3_artificial_turf_B1_U060_R1,2759.047325842,9.929484599,stop,0.600000,-4.863396168,-45.265270233,-0.702139437,0.022304559,-0.041944280,-0.702126205,ros2_odometer_state
M19C_S3_artificial_turf_B1_U060_R1,2759.048757099,9.930915856,stop,0.600000,-4.863396168,-45.265270233,-0.702139437,0.022304559,-0.041944280,-0.702126205,ros2_odometer_state
M19C_S3_artificial_turf_B1_U060_R1,2759.050897120,9.933055877,stop,0.600000,-4.863396168,-45.265270233,-0.702139437,0.022269785,-0.040488549,-0.702098072,ros2_odometer_state
M19C_S3_artificial_turf_B1_U060_R1,2759.053738737,9.935897494,stop,0.600000,-4.863396168,-45.265270233,-0.702139437,0.022246553,-0.039752487,-0.702082038,ros2_odometer_state
M19C_S3_artificial_turf_B1_U060_R1,2759.054543505,9.936702262,stop,0.600000,-4.863396168,-45.265270233,-0.702139437,0.022246553,-0.039752487,-0.702082038,ros2_odometer_state
M19C_S3_artificial_turf_B1_U060_R1,2759.058981761,9.941140518,stop,0.600000,-4.863396168,-45.265270233,-0.702139437,0.022216912,-0.038280189,-0.702049971,ros2_odometer_state
M19C_S3_artificial_turf_B1_U060_R1,2759.059862532,9.942021289,stop,0.600000,-4.863396168,-45.265270233,-0.702139437,0.022202630,-0.037542976,-0.702026486,ros2_odometer_state
M19C_S3_artificial_turf_B1_U060_R1,2759.060187697,9.942346454,stop,0.600000,-4.863396168,-45.265270233,-0.702139437,0.022202630,-0.037542976,-0.702026486,ros2_odometer_state
M19C_S3_artificial_turf_B1_U060_R1,2759.062853051,9.945011808,stop,0.600000,-4.863396168,-45.265270233,-0.702139437,0.022184558,-0.036062732,-0.701964080,ros2_odometer_state
M19C_S3_artificial_turf_B1_U060_R1,2759.064957487,9.947116244,stop,0.600000,-4.863879681,-45.265907288,-0.701964080,0.022181358,-0.035319149,-0.701931298,ros2_odometer_state
M19C_S3_artificial_turf_B1_U060_R1,2759.066809561,9.948968318,stop,0.600000,-4.863879681,-45.265907288,-0.701964080,0.022179319,-0.034576774,-0.701893568,ros2_odometer_state
M19C_S3_artificial_turf_B1_U060_R1,2759.069475139,9.951633896,stop,0.600000,-4.863879681,-45.265907288,-0.701964080,0.022178527,-0.033836182,-0.701862931,ros2_odometer_state
M19C_S3_artificial_turf_B1_U060_R1,2759.070157662,9.952316419,stop,0.600000,-4.863879681,-45.265907288,-0.701964080,0.022178527,-0.033836182,-0.701862931,ros2_odometer_state
M19C_S3_artificial_turf_B1_U060_R1,2759.072201615,9.954360372,stop,0.600000,-4.863879681,-45.265907288,-0.701964080,0.022183172,-0.033095017,-0.701832056,ros2_odometer_state
M19C_S3_artificial_turf_B1_U060_R1,2759.074172925,9.956331682,stop,0.600000,-4.863879681,-45.265907288,-0.701964080,0.022190124,-0.032348972,-0.701792002,ros2_odometer_state
M19C_S3_artificial_turf_B1_U060_R1,2759.076202126,9.958360883,stop,0.600000,-4.863879681,-45.265907288,-0.701964080,0.022205289,-0.031601138,-0.701754093,ros2_odometer_state
M19C_S3_artificial_turf_B1_U060_R1,2759.078184381,9.960343138,stop,0.600000,-4.863879681,-45.265907288,-0.701964080,0.022213986,-0.030840348,-0.701709211,ros2_odometer_state
M19C_S3_artificial_turf_B1_U060_R1,2759.080870184,9.963028941,stop,0.600000,-4.863879681,-45.265907288,-0.701964080,0.022225844,-0.029257506,-0.701517284,ros2_odometer_state
M19C_S3_artificial_turf_B1_U060_R1,2759.083148802,9.965307559,stop,0.600000,-4.863879681,-45.265907288,-0.701964080,0.022224020,-0.028459365,-0.701415539,ros2_odometer_state
M19C_S3_artificial_turf_B1_U060_R1,2759.085237205,9.967395962,stop,0.600000,-4.864897728,-45.267253876,-0.701415539,0.022227794,-0.027686808,-0.701322317,ros2_odometer_state
M19C_S3_artificial_turf_B1_U060_R1,2759.086406948,9.968565705,stop,0.600000,-4.864897728,-45.267253876,-0.701415539,0.022227794,-0.027686808,-0.701322317,ros2_odometer_state
M19C_S3_artificial_turf_B1_U060_R1,2759.089615555,9.971774312,stop,0.600000,-4.864897728,-45.267253876,-0.701415539,0.022221401,-0.026246216,-0.701167881,ros2_odometer_state
M19C_S3_artificial_turf_B1_U060_R1,2759.090288382,9.972447139,stop,0.600000,-4.864897728,-45.267253876,-0.701415539,0.022221401,-0.026246216,-0.701167881,ros2_odometer_state
M19C_S3_artificial_turf_B1_U060_R1,2759.092922535,9.975081292,stop,0.600000,-4.864897728,-45.267253876,-0.701415539,0.022197168,-0.024906991,-0.701078892,ros2_odometer_state
M19C_S3_artificial_turf_B1_U060_R1,2759.094143863,9.976302620,stop,0.600000,-4.864897728,-45.267253876,-0.701415539,0.022197168,-0.024906991,-0.701078892,ros2_odometer_state
M19C_S3_artificial_turf_B1_U060_R1,2759.096153575,9.978312332,stop,0.600000,-4.864897728,-45.267253876,-0.701415539,0.022181666,-0.024257997,-0.701064110,ros2_odometer_state
M19C_S3_artificial_turf_B1_U060_R1,2759.098895956,9.981054713,stop,0.600000,-4.864897728,-45.267253876,-0.701415539,0.022143541,-0.022980638,-0.701011658,ros2_odometer_state
M19C_S3_artificial_turf_B1_U060_R1,2759.100159015,9.982317772,stop,0.600000,-4.864897728,-45.267253876,-0.701415539,0.022143541,-0.022980638,-0.701011658,ros2_odometer_state
M19C_S3_artificial_turf_B1_U060_R1,2759.102159286,9.984318043,stop,0.600000,-4.864897728,-45.267253876,-0.701415539,0.022112319,-0.022357810,-0.700983882,ros2_odometer_state
M19C_S3_artificial_turf_B1_U060_R1,2759.104247657,9.986406414,stop,0.600000,-4.865756035,-45.268379211,-0.700972557,0.022081453,-0.021756817,-0.700972557,ros2_odometer_state
M19C_S3_artificial_turf_B1_U060_R1,2759.106208855,9.988367612,stop,0.600000,-4.865756035,-45.268379211,-0.700972557,0.022049986,-0.021179698,-0.700974166,ros2_odometer_state
M19C_S3_artificial_turf_B1_U060_R1,2759.109574173,9.991732930,stop,0.600000,-4.865756035,-45.268379211,-0.700972557,0.021982584,-0.020094015,-0.700992286,ros2_odometer_state
M19C_S3_artificial_turf_B1_U060_R1,2759.111059512,9.993218269,stop,0.600000,-4.865756035,-45.268379211,-0.700972557,0.021946441,-0.019587491,-0.700992823,ros2_odometer_state
M19C_S3_artificial_turf_B1_U060_R1,2759.112492721,9.994651478,stop,0.600000,-4.865756035,-45.268379211,-0.700972557,0.021946441,-0.019587491,-0.700992823,ros2_odometer_state
M19C_S3_artificial_turf_B1_U060_R1,2759.114626630,9.996785387,stop,0.600000,-4.865756035,-45.268379211,-0.700972557,0.021911604,-0.019090740,-0.700998783,ros2_odometer_state
M19C_S3_artificial_turf_B1_U060_R1,2759.116293768,9.998452525,stop,0.600000,-4.865756035,-45.268379211,-0.700972557,0.021877162,-0.018603100,-0.701013148,ros2_odometer_state
M19C_S3_artificial_turf_B1_U060_R1,2759.118452734,10.000611491,stop,0.600000,-4.865756035,-45.268379211,-0.700972557,0.021844758,-0.018131347,-0.701043546,ros2_odometer_state
M19C_S3_artificial_turf_B1_U060_R1,2759.121105383,10.003264140,stop,0.600000,-4.865756035,-45.268379211,-0.700972557,0.021783093,-0.017253246,-0.701106906,ros2_odometer_state
M19C_S3_artificial_turf_B1_U060_R1,2759.123129880,10.005288637,stop,0.600000,-4.865756035,-45.268379211,-0.700972557,0.021747727,-0.016840037,-0.701126218,ros2_odometer_state
M19C_S3_artificial_turf_B1_U060_R1,2759.125133031,10.007291788,stop,0.600000,-4.866238117,-45.269004822,-0.701126218,0.021715380,-0.016447235,-0.701145649,ros2_odometer_state
M19C_S3_artificial_turf_B1_U060_R1,2759.127075765,10.009234522,stop,0.600000,-4.866238117,-45.269004822,-0.701126218,0.021685351,-0.016068282,-0.701167881,ros2_odometer_state
M19C_S3_artificial_turf_B1_U060_R1,2759.129644187,10.011802944,stop,0.600000,-4.866238117,-45.269004822,-0.701126218,0.021654816,-0.015705884,-0.701179624,ros2_odometer_state
M19C_S3_artificial_turf_B1_U060_R1,2759.131139094,10.013297851,stop,0.600000,-4.866238117,-45.269004822,-0.701126218,0.021634618,-0.015362795,-0.701175570,ros2_odometer_state
M19C_S3_artificial_turf_B1_U060_R1,2759.132341126,10.014499883,stop,0.600000,-4.866238117,-45.269004822,-0.701126218,0.021634618,-0.015362795,-0.701175570,ros2_odometer_state
M19C_S3_artificial_turf_B1_U060_R1,2759.135079347,10.017238104,stop,0.600000,-4.866238117,-45.269004822,-0.701126218,0.021606553,-0.014687217,-0.701183617,ros2_odometer_state
M19C_S3_artificial_turf_B1_U060_R1,2759.136276611,10.018435368,stop,0.600000,-4.866238117,-45.269004822,-0.701126218,0.021606553,-0.014687217,-0.701183617,ros2_odometer_state
M19C_S3_artificial_turf_B1_U060_R1,2759.139026384,10.021185141,stop,0.600000,-4.866238117,-45.269004822,-0.701126218,0.021597132,-0.014020845,-0.701180160,ros2_odometer_state
M19C_S3_artificial_turf_B1_U060_R1,2759.141156997,10.023315754,stop,0.600000,-4.866238117,-45.269004822,-0.701126218,0.021608796,-0.013700779,-0.701166749,ros2_odometer_state
M19C_S3_artificial_turf_B1_U060_R1,2759.143004526,10.025163283,stop,0.600000,-4.866238117,-45.269004822,-0.701126218,0.021621021,-0.013387328,-0.701145113,ros2_odometer_state
M19C_S3_artificial_turf_B1_U060_R1,2759.145021406,10.027180163,stop,0.600000,-4.866822720,-45.269748688,-0.701145113,0.021639336,-0.013081769,-0.701122224,ros2_odometer_state
M19C_S3_artificial_turf_B1_U060_R1,2759.146300977,10.028459734,stop,0.600000,-4.866822720,-45.269748688,-0.701145113,0.021639336,-0.013081769,-0.701122224,ros2_odometer_state
M19C_S3_artificial_turf_B1_U060_R1,2759.148979164,10.031137921,stop,0.600000,-4.866822720,-45.269748688,-0.701145113,0.021664307,-0.012776287,-0.701098740,ros2_odometer_state
M19C_S3_artificial_turf_B1_U060_R1,2759.151232277,10.033391034,stop,0.600000,-4.866822720,-45.269748688,-0.701145113,0.021729955,-0.012189030,-0.701013327,ros2_odometer_state
M19C_S3_artificial_turf_B1_U060_R1,2759.153051965,10.035210722,stop,0.600000,-4.866822720,-45.269748688,-0.701145113,0.021772604,-0.011900309,-0.700955808,ros2_odometer_state
M19C_S3_artificial_turf_B1_U060_R1,2759.155078350,10.037237107,stop,0.600000,-4.866822720,-45.269748688,-0.701145113,0.021826323,-0.011627985,-0.700894594,ros2_odometer_state
M19C_S3_artificial_turf_B1_U060_R1,2759.157012987,10.039171744,stop,0.600000,-4.866822720,-45.269748688,-0.701145113,0.021880165,-0.011366750,-0.700829208,ros2_odometer_state
M19C_S3_artificial_turf_B1_U060_R1,2759.159032907,10.041191664,stop,0.600000,-4.866822720,-45.269748688,-0.701145113,0.021929607,-0.011097304,-0.700758934,ros2_odometer_state
M19C_S3_artificial_turf_B1_U060_R1,2759.161326278,10.043485035,stop,0.600000,-4.866822720,-45.269748688,-0.701145113,0.021984788,-0.010833038,-0.700668573,ros2_odometer_state
M19C_S3_artificial_turf_B1_U060_R1,2759.163086924,10.045245681,stop,0.600000,-4.866822720,-45.269748688,-0.701145113,0.022038858,-0.010563355,-0.700566769,ros2_odometer_state
M19C_S3_artificial_turf_B1_U060_R1,2759.165069211,10.047227968,stop,0.600000,-4.865243912,-45.271011353,-0.700566769,0.022099877,-0.010306450,-0.700454891,ros2_odometer_state
M19C_S3_artificial_turf_B1_U060_R1,2759.166298668,10.048457425,stop,0.600000,-4.865243912,-45.271011353,-0.700566769,0.022099877,-0.010306450,-0.700454891,ros2_odometer_state
M19C_S3_artificial_turf_B1_U060_R1,2759.169638001,10.051796758,stop,0.600000,-4.865243912,-45.271011353,-0.700566769,0.022236135,-0.009798029,-0.700231910,ros2_odometer_state
M19C_S3_artificial_turf_B1_U060_R1,2759.171097835,10.053256592,stop,0.600000,-4.865243912,-45.271011353,-0.700566769,0.022314435,-0.009542855,-0.700112700,ros2_odometer_state
M19C_S3_artificial_turf_B1_U060_R1,2759.173080250,10.055239007,stop,0.600000,-4.865243912,-45.271011353,-0.700566769,0.022395007,-0.009272180,-0.699987113,ros2_odometer_state
M19C_S3_artificial_turf_B1_U060_R1,2759.175031975,10.057190732,stop,0.600000,-4.865243912,-45.271011353,-0.700566769,0.022476885,-0.009005727,-0.699862063,ros2_odometer_state
M19C_S3_artificial_turf_B1_U060_R1,2759.176991989,10.059150746,stop,0.600000,-4.865243912,-45.271011353,-0.700566769,0.022561170,-0.008738565,-0.699734628,ros2_odometer_state
M19C_S3_artificial_turf_B1_U060_R1,2759.179017606,10.061176363,stop,0.600000,-4.865243912,-45.271011353,-0.700566769,0.022643438,-0.008454195,-0.699598134,ros2_odometer_state
M19C_S3_artificial_turf_B1_U060_R1,2759.181094968,10.063253725,stop,0.600000,-4.865243912,-45.271011353,-0.700566769,0.022727236,-0.008171767,-0.699453473,ros2_odometer_state
M19C_S3_artificial_turf_B1_U060_R1,2759.183238894,10.065397651,stop,0.600000,-4.865243912,-45.271011353,-0.700566769,0.022801306,-0.007889574,-0.699300885,ros2_odometer_state
M19C_S3_artificial_turf_B1_U060_R1,2759.184441597,10.066600354,stop,0.600000,-4.863969326,-45.273365021,-0.699300885,0.022801306,-0.007889574,-0.699300885,ros2_odometer_state
M19C_S3_artificial_turf_B1_U060_R1,2759.187346129,10.069504886,stop,0.600000,-4.863969326,-45.273365021,-0.699300885,0.022989439,-0.007362890,-0.698976815,ros2_odometer_state
M19C_S3_artificial_turf_B1_U060_R1,2759.188978450,10.071137207,stop,0.600000,-4.863969326,-45.273365021,-0.699300885,0.022989439,-0.007362890,-0.698976815,ros2_odometer_state
M19C_S3_artificial_turf_B1_U060_R1,2759.191332111,10.073490868,stop,0.600000,-4.863969326,-45.273365021,-0.699300885,0.023169968,-0.006849514,-0.698666751,ros2_odometer_state
M19C_S3_artificial_turf_B1_U060_R1,2759.192467773,10.074626530,stop,0.600000,-4.863969326,-45.273365021,-0.699300885,0.023169968,-0.006849514,-0.698666751,ros2_odometer_state
M19C_S3_artificial_turf_B1_U060_R1,2759.195218090,10.077376847,stop,0.600000,-4.863969326,-45.273365021,-0.699300885,0.023370590,-0.006339639,-0.698361635,ros2_odometer_state
M19C_S3_artificial_turf_B1_U060_R1,2759.197278748,10.079437505,stop,0.600000,-4.863969326,-45.273365021,-0.699300885,0.023485683,-0.006097357,-0.698211730,ros2_odometer_state
M19C_S3_artificial_turf_B1_U060_R1,2759.198350726,10.080509483,stop,0.600000,-4.863969326,-45.273365021,-0.699300885,0.023485683,-0.006097357,-0.698211730,ros2_odometer_state
M19C_S3_artificial_turf_B1_U060_R1,2759.201238393,10.083397150,stop,0.600000,-4.863969326,-45.273365021,-0.699300885,0.023704741,-0.005588094,-0.697894871,ros2_odometer_state
M19C_S3_artificial_turf_B1_U060_R1,2759.203265834,10.085424591,stop,0.600000,-4.863969326,-45.273365021,-0.699300885,0.023815745,-0.005311628,-0.697737336,ros2_odometer_state
M19C_S3_artificial_turf_B1_U060_R1,2759.205955509,10.088114266,stop,0.600000,-4.864583969,-45.274116516,-0.697737336,0.023938172,-0.005056123,-0.697568893,ros2_odometer_state
M19C_S3_artificial_turf_B1_U060_R1,2759.207142212,10.089300969,stop,0.600000,-4.864583969,-45.274116516,-0.697737336,0.024051931,-0.004796117,-0.697405696,ros2_odometer_state
M19C_S3_artificial_turf_B1_U060_R1,2759.209724523,10.091883280,stop,0.600000,-4.864583969,-45.274116516,-0.697737336,0.024159716,-0.004512249,-0.697241366,ros2_odometer_state
M19C_S3_artificial_turf_B1_U060_R1,2759.211181701,10.093340458,stop,0.600000,-4.864583969,-45.274116516,-0.697737336,0.024273755,-0.004239654,-0.697088897,ros2_odometer_state
M19C_S3_artificial_turf_B1_U060_R1,2759.213133170,10.095291927,stop,0.600000,-4.864583969,-45.274116516,-0.697737336,0.024381364,-0.003948149,-0.696961582,ros2_odometer_state
M19C_S3_artificial_turf_B1_U060_R1,2759.215292616,10.097451373,stop,0.600000,-4.864583969,-45.274116516,-0.697737336,0.024484826,-0.003665517,-0.696837783,ros2_odometer_state
M19C_S3_artificial_turf_B1_U060_R1,2759.217452958,10.099611715,stop,0.600000,-4.864583969,-45.274116516,-0.697737336,0.024581917,-0.003380416,-0.696705759,ros2_odometer_state
M19C_S3_artificial_turf_B1_U060_R1,2759.219081087,10.101239844,stop,0.600000,-4.864583969,-45.274116516,-0.697737336,0.024669556,-0.003076608,-0.696579039,ros2_odometer_state
M19C_S3_artificial_turf_B1_U060_R1,2759.221126384,10.103285141,stop,0.600000,-4.864583969,-45.274116516,-0.697737336,0.024760773,-0.002775075,-0.696449757,ros2_odometer_state
M19C_S3_artificial_turf_B1_U060_R1,2759.223187810,10.105346567,stop,0.600000,-4.864583969,-45.274116516,-0.697737336,0.024853658,-0.002467701,-0.696323276,ros2_odometer_state
M19C_S3_artificial_turf_B1_U060_R1,2759.225210866,10.107369623,stop,0.600000,-4.865317345,-45.275012970,-0.696323276,0.024937702,-0.002172034,-0.696193039,ros2_odometer_state
M19C_S3_artificial_turf_B1_U060_R1,2759.227137439,10.109296196,stop,0.600000,-4.865317345,-45.275012970,-0.696323276,0.025020709,-0.001877419,-0.696063519,ros2_odometer_state
M19C_S3_artificial_turf_B1_U060_R1,2759.229307669,10.111466426,stop,0.600000,-4.865317345,-45.275012970,-0.696323276,0.025020709,-0.001877419,-0.696063519,ros2_odometer_state
M19C_S3_artificial_turf_B1_U060_R1,2759.230459811,10.112618568,stop,0.600000,-4.865317345,-45.275012970,-0.696323276,0.025099266,-0.001584962,-0.695951283,ros2_odometer_state
M19C_S3_artificial_turf_B1_U060_R1,2759.233216337,10.115375094,stop,0.600000,-4.865317345,-45.275012970,-0.696323276,0.025265811,-0.001003331,-0.695749283,ros2_odometer_state
M19C_S3_artificial_turf_B1_U060_R1,2759.235533773,10.117692530,stop,0.600000,-4.865317345,-45.275012970,-0.696323276,0.025356092,-0.000703338,-0.695675313,ros2_odometer_state
M19C_S3_artificial_turf_B1_U060_R1,2759.236657977,10.118816734,stop,0.600000,-4.865317345,-45.275012970,-0.696323276,0.025356092,-0.000703338,-0.695675313,ros2_odometer_state
M19C_S3_artificial_turf_B1_U060_R1,2759.238555589,10.120714346,stop,0.600000,-4.865317345,-45.275012970,-0.696323276,0.025450563,-0.000389031,-0.695615590,ros2_odometer_state
M19C_S3_artificial_turf_B1_U060_R1,2759.240857824,10.123016581,stop,0.600000,-4.865317345,-45.275012970,-0.696323276,0.025544504,-0.000060244,-0.695563197,ros2_odometer_state
M19C_S3_artificial_turf_B1_U060_R1,2759.242688329,10.124847086,stop,0.600000,-4.865317345,-45.275012970,-0.696323276,0.025639137,0.000262160,-0.695531666,ros2_odometer_state
M19C_S3_artificial_turf_B1_U060_R1,2759.245323410,10.127482167,stop,0.600000,-4.865317345,-45.275012970,-0.695498168,0.025810899,0.000914292,-0.695483565,ros2_odometer_state
M19C_S3_artificial_turf_B1_U060_R1,2759.247249055,10.129407812,stop,0.600000,-4.865317345,-45.275012970,-0.695498168,0.025901070,0.001237296,-0.695486546,ros2_odometer_state
M19C_S3_artificial_turf_B1_U060_R1,2759.249183243,10.131342000,stop,0.600000,-4.865317345,-45.275012970,-0.695498168,0.025901070,0.001237296,-0.695486546,ros2_odometer_state
M19C_S3_artificial_turf_B1_U060_R1,2759.254695431,10.136854188,stop,0.600000,-4.865317345,-45.275012970,-0.695498168,0.026091903,0.001865358,-0.695504963,ros2_odometer_state
M19C_S3_artificial_turf_B1_U060_R1,2759.255735472,10.137894229,stop,0.600000,-4.865317345,-45.275012970,-0.695498168,0.026196618,0.002170184,-0.695526421,ros2_odometer_state
M19C_S3_artificial_turf_B1_U060_R1,2759.256987010,10.139145767,stop,0.600000,-4.865317345,-45.275012970,-0.695498168,0.026295623,0.002471841,-0.695558250,ros2_odometer_state
M19C_S3_artificial_turf_B1_U060_R1,2759.257972457,10.140131214,stop,0.600000,-4.865317345,-45.275012970,-0.695498168,0.026395634,0.002769206,-0.695598006,ros2_odometer_state
M19C_S3_artificial_turf_B1_U060_R1,2759.258613346,10.140772103,stop,0.600000,-4.865317345,-45.275012970,-0.695498168,0.026395634,0.002769206,-0.695598006,ros2_odometer_state
M19C_S3_artificial_turf_B1_U060_R1,2759.260549487,10.142708244,stop,0.600000,-4.865317345,-45.275012970,-0.695498168,0.026494494,0.003058418,-0.695641994,ros2_odometer_state
M19C_S3_artificial_turf_B1_U060_R1,2759.263275836,10.145434593,stop,0.600000,-4.865317345,-45.275012970,-0.695498168,0.026682813,0.003610364,-0.695730090,ros2_odometer_state
M19C_S3_artificial_turf_B1_U060_R1,2759.265583447,10.147742204,stop,0.600000,-4.865317345,-45.275012970,-0.695730090,0.026781473,0.003884957,-0.695784330,ros2_odometer_state
M19C_S3_artificial_turf_B1_U060_R1,2759.267218520,10.149377277,stop,0.600000,-4.865317345,-45.275012970,-0.695730090,0.026882572,0.004166281,-0.695840478,ros2_odometer_state
M19C_S3_artificial_turf_B1_U060_R1,2759.269864354,10.152023111,stop,0.600000,-4.865317345,-45.275012970,-0.695730090,0.026990367,0.004453271,-0.695883453,ros2_odometer_state
M19C_S3_artificial_turf_B1_U060_R1,2759.270556029,10.152714786,stop,0.600000,-4.865317345,-45.275012970,-0.695730090,0.026990367,0.004453271,-0.695883453,ros2_odometer_state
M19C_S3_artificial_turf_B1_U060_R1,2759.273334220,10.155492977,stop,0.600000,-4.865317345,-45.275012970,-0.695730090,0.027193518,0.005050284,-0.695950150,ros2_odometer_state
M19C_S3_artificial_turf_B1_U060_R1,2759.274499706,10.156658463,stop,0.600000,-4.865317345,-45.275012970,-0.695730090,0.027193518,0.005050284,-0.695950150,ros2_odometer_state
M19C_S3_artificial_turf_B1_U060_R1,2759.277273128,10.159431885,stop,0.600000,-4.865317345,-45.275012970,-0.695730090,0.027392995,0.005625216,-0.695995450,ros2_odometer_state
M19C_S3_artificial_turf_B1_U060_R1,2759.278505273,10.160664030,stop,0.600000,-4.865317345,-45.275012970,-0.695730090,0.027392995,0.005625216,-0.695995450,ros2_odometer_state
M19C_S3_artificial_turf_B1_U060_R1,2759.281334346,10.163493103,stop,0.600000,-4.865317345,-45.275012970,-0.695730090,0.027586089,0.006195872,-0.696016312,ros2_odometer_state
M19C_S3_artificial_turf_B1_U060_R1,2759.282611644,10.164770401,stop,0.600000,-4.865317345,-45.275012970,-0.695730090,0.027586089,0.006195872,-0.696016312,ros2_odometer_state
M19C_S3_artificial_turf_B1_U060_R1,2759.287243509,10.169402266,stop,0.600000,-4.865317345,-45.275012970,-0.696007013,0.027771698,0.006772751,-0.695985556,ros2_odometer_state
M19C_S3_artificial_turf_B1_U060_R1,2759.288153561,10.170312318,stop,0.600000,-4.865317345,-45.275012970,-0.696007013,0.027866857,0.007074384,-0.695958734,ros2_odometer_state
M19C_S3_artificial_turf_B1_U060_R1,2759.289895070,10.172053827,stop,0.600000,-4.865317345,-45.275012970,-0.696007013,0.027958302,0.007381656,-0.695935249,ros2_odometer_state
M19C_S3_artificial_turf_B1_U060_R1,2759.290596506,10.172755263,stop,0.600000,-4.865317345,-45.275012970,-0.696007013,0.027958302,0.007381656,-0.695935249,ros2_odometer_state
M19C_S3_artificial_turf_B1_U060_R1,2759.293376680,10.175535437,stop,0.600000,-4.865317345,-45.275012970,-0.696007013,0.028168859,0.007980997,-0.695871651,ros2_odometer_state
M19C_S3_artificial_turf_B1_U060_R1,2759.294539671,10.176698428,stop,0.600000,-4.865317345,-45.275012970,-0.696007013,0.028168859,0.007980997,-0.695871651,ros2_odometer_state
M19C_S3_artificial_turf_B1_U060_R1,2759.296533190,10.178691947,stop,0.600000,-4.865317345,-45.275012970,-0.696007013,0.028262502,0.008276481,-0.695829451,ros2_odometer_state
M19C_S3_artificial_turf_B1_U060_R1,2759.298555414,10.180714171,stop,0.600000,-4.865317345,-45.275012970,-0.696007013,0.028352713,0.008575539,-0.695788980,ros2_odometer_state
M19C_S3_artificial_turf_B1_U060_R1,2759.301301892,10.183460649,stop,0.600000,-4.865317345,-45.275012970,-0.696007013,0.028546434,0.009197898,-0.695704401,ros2_odometer_state
M19C_S3_artificial_turf_B1_U060_R1,2759.303478362,10.185637119,stop,0.600000,-4.865317345,-45.275012970,-0.696007013,0.028642315,0.009529307,-0.695653677,ros2_odometer_state
M19C_S3_artificial_turf_B1_U060_R1,2759.304687370,10.186846127,stop,0.600000,-4.865317345,-45.275012970,-0.695653677,0.028642315,0.009529307,-0.695653677,ros2_odometer_state
M19C_S3_artificial_turf_B1_U060_R1,2759.307402390,10.189561147,stop,0.600000,-4.865317345,-45.275012970,-0.695653677,0.028822808,0.010172775,-0.695532143,ros2_odometer_state
M19C_S3_artificial_turf_B1_U060_R1,2759.309958620,10.192117377,stop,0.600000,-4.865317345,-45.275012970,-0.695653677,0.028927343,0.010513928,-0.695473671,ros2_odometer_state
M19C_S3_artificial_turf_B1_U060_R1,2759.311520442,10.193679199,stop,0.600000,-4.865317345,-45.275012970,-0.695653677,0.029032070,0.010829597,-0.695415914,ros2_odometer_state
M19C_S3_artificial_turf_B1_U060_R1,2759.313517289,10.195676046,stop,0.600000,-4.865317345,-45.275012970,-0.695653677,0.029137295,0.011162001,-0.695362091,ros2_odometer_state
M19C_S3_artificial_turf_B1_U060_R1,2759.315371219,10.197529976,stop,0.600000,-4.865317345,-45.275012970,-0.695653677,0.029236279,0.011478120,-0.695323586,ros2_odometer_state
M19C_S3_artificial_turf_B1_U060_R1,2759.317775987,10.199934744,stop,0.600000,-4.865317345,-45.275012970,-0.695653677,0.029328384,0.011781660,-0.695298016,ros2_odometer_state
M19C_S3_artificial_turf_B1_U060_R1,2759.318757434,10.200916191,stop,0.600000,-4.865317345,-45.275012970,-0.695653677,0.029328384,0.011781660,-0.695298016,ros2_odometer_state
M19C_S3_artificial_turf_B1_U060_R1,2759.320793611,10.202952368,stop,0.600000,-4.865317345,-45.275012970,-0.695653677,0.029427499,0.012097416,-0.695287168,ros2_odometer_state
M19C_S3_artificial_turf_B1_U060_R1,2759.322820955,10.204979712,stop,0.600000,-4.865317345,-45.275012970,-0.695653677,0.029520040,0.012397439,-0.695268631,ros2_odometer_state
M19C_S3_artificial_turf_B1_U060_R1,2759.324831179,10.206989936,stop,0.600000,-4.865779400,-45.275588989,-0.695241213,0.029605104,0.012702743,-0.695241213,ros2_odometer_state
M19C_S3_artificial_turf_B1_U060_R1,2759.326819578,10.208978335,stop,0.600000,-4.865779400,-45.275588989,-0.695241213,0.029681949,0.012989677,-0.695211470,ros2_odometer_state
M19C_S3_artificial_turf_B1_U060_R1,2759.330164703,10.212323460,stop,0.600000,-4.865779400,-45.275588989,-0.695241213,0.029840020,0.013568686,-0.695183575,ros2_odometer_state
M19C_S3_artificial_turf_B1_U060_R1,2759.330901628,10.213060385,stop,0.600000,-4.865779400,-45.275588989,-0.695241213,0.029840020,0.013568686,-0.695183575,ros2_odometer_state
M19C_S3_artificial_turf_B1_U060_R1,2759.333532261,10.215691018,stop,0.600000,-4.865779400,-45.275588989,-0.695241213,0.029992504,0.014128628,-0.695193946,ros2_odometer_state
M19C_S3_artificial_turf_B1_U060_R1,2759.335478098,10.217636855,stop,0.600000,-4.865779400,-45.275588989,-0.695241213,0.030059496,0.014400067,-0.695199549,ros2_odometer_state
M19C_S3_artificial_turf_B1_U060_R1,2759.337468801,10.219627558,stop,0.600000,-4.865779400,-45.275588989,-0.695241213,0.030124091,0.014669535,-0.695224106,ros2_odometer_state
M19C_S3_artificial_turf_B1_U060_R1,2759.339470001,10.221628758,stop,0.600000,-4.865779400,-45.275588989,-0.695241213,0.030189382,0.014947358,-0.695263982,ros2_odometer_state
M19C_S3_artificial_turf_B1_U060_R1,2759.341575557,10.223734314,stop,0.600000,-4.865779400,-45.275588989,-0.695241213,0.030252505,0.015220712,-0.695321441,ros2_odometer_state
M19C_S3_artificial_turf_B1_U060_R1,2759.343500273,10.225659030,stop,0.600000,-4.865779400,-45.275588989,-0.695241213,0.030315310,0.015496003,-0.695377886,ros2_odometer_state
M19C_S3_artificial_turf_B1_U060_R1,2759.345550947,10.227709704,stop,0.600000,-4.866406441,-45.276355743,-0.695377886,0.030367926,0.015758740,-0.695434690,ros2_odometer_state
M19C_S3_artificial_turf_B1_U060_R1,2759.347609589,10.229768346,stop,0.600000,-4.866406441,-45.276355743,-0.695377886,0.030415211,0.016025877,-0.695493460,ros2_odometer_state
M19C_S3_artificial_turf_B1_U060_R1,2759.349353914,10.231512671,stop,0.600000,-4.866406441,-45.276355743,-0.695377886,0.030415211,0.016025877,-0.695493460,ros2_odometer_state
M19C_S3_artificial_turf_B1_U060_R1,2759.352189963,10.234348720,stop,0.600000,-4.866406441,-45.276355743,-0.695377886,0.030506087,0.016565396,-0.695682883,ros2_odometer_state
M19C_S3_artificial_turf_B1_U060_R1,2759.352871014,10.235029771,stop,0.600000,-4.866406441,-45.276355743,-0.695377886,0.030506087,0.016565396,-0.695682883,ros2_odometer_state
M19C_S3_artificial_turf_B1_U060_R1,2759.354740816,10.236899573,stop,0.600000,-4.866406441,-45.276355743,-0.695377886,0.030553207,0.016830061,-0.695787728,ros2_odometer_state
M19C_S3_artificial_turf_B1_U060_R1,2759.356726431,10.238885188,stop,0.600000,-4.866406441,-45.276355743,-0.695377886,0.030589107,0.017089965,-0.695886970,ros2_odometer_state
M19C_S3_artificial_turf_B1_U060_R1,2759.358724303,10.240883060,stop,0.600000,-4.866406441,-45.276355743,-0.695377886,0.030620269,0.017354630,-0.695983410,ros2_odometer_state
M19C_S3_artificial_turf_B1_U060_R1,2759.360742015,10.242900772,stop,0.600000,-4.866406441,-45.276355743,-0.695377886,0.030654196,0.017621165,-0.696093380,ros2_odometer_state
M19C_S3_artificial_turf_B1_U060_R1,2759.362692044,10.244850801,stop,0.600000,-4.866406441,-45.276355743,-0.695377886,0.030681230,0.017879326,-0.696208179,ros2_odometer_state
M19C_S3_artificial_turf_B1_U060_R1,2759.365709252,10.247868009,stop,0.600000,-4.867027760,-45.277091980,-0.696318865,0.030740833,0.018412238,-0.696427822,ros2_odometer_state
M19C_S3_artificial_turf_B1_U060_R1,2759.366954006,10.249112763,stop,0.600000,-4.867027760,-45.277091980,-0.696318865,0.030740833,0.018412238,-0.696427822,ros2_odometer_state
M19C_S3_artificial_turf_B1_U060_R1,2759.369415224,10.251573981,stop,0.600000,-4.867027760,-45.277091980,-0.696318865,0.030768218,0.018671371,-0.696532547,ros2_odometer_state
M19C_S3_artificial_turf_B1_U060_R1,2759.370930132,10.253088889,stop,0.600000,-4.867027760,-45.277091980,-0.696318865,0.030810272,0.018931279,-0.696632564,ros2_odometer_state
M19C_S3_artificial_turf_B1_U060_R1,2759.373769765,10.255928522,stop,0.600000,-4.867027760,-45.277091980,-0.696318865,0.030887559,0.019422444,-0.696795583,ros2_odometer_state
M19C_S3_artificial_turf_B1_U060_R1,2759.374850768,10.257009525,stop,0.600000,-4.867027760,-45.277091980,-0.696318865,0.030887559,0.019422444,-0.696795583,ros2_odometer_state
M19C_S3_artificial_turf_B1_U060_R1,2759.377771780,10.259930537,stop,0.600000,-4.867027760,-45.277091980,-0.696318865,0.030956751,0.019913260,-0.696945131,ros2_odometer_state
M19C_S3_artificial_turf_B1_U060_R1,2759.378755499,10.260914256,stop,0.600000,-4.867027760,-45.277091980,-0.696318865,0.030956751,0.019913260,-0.696945131,ros2_odometer_state
M19C_S3_artificial_turf_B1_U060_R1,2759.381806852,10.263965609,stop,0.600000,-4.867027760,-45.277091980,-0.696318865,0.031035881,0.020396268,-0.697068989,ros2_odometer_state
M19C_S3_artificial_turf_B1_U060_R1,2759.383643501,10.265802258,stop,0.600000,-4.867027760,-45.277091980,-0.696318865,0.031076569,0.020627964,-0.697119594,ros2_odometer_state
M19C_S3_artificial_turf_B1_U060_R1,2759.384860574,10.267019331,stop,0.600000,-4.867557526,-45.277706146,-0.697119594,0.031076569,0.020627964,-0.697119594,ros2_odometer_state
M19C_S3_artificial_turf_B1_U060_R1,2759.386815467,10.268974224,stop,0.600000,-4.867557526,-45.277706146,-0.697119594,0.031115314,0.020849453,-0.697156012,ros2_odometer_state
M19C_S3_artificial_turf_B1_U060_R1,2759.390219411,10.272378168,stop,0.600000,-4.867557526,-45.277706146,-0.697119594,0.031202579,0.021292225,-0.697195947,ros2_odometer_state
M19C_S3_artificial_turf_B1_U060_R1,2759.390911982,10.273070739,stop,0.600000,-4.867557526,-45.277706146,-0.697119594,0.031202579,0.021292225,-0.697195947,ros2_odometer_state
M19C_S3_artificial_turf_B1_U060_R1,2759.393613850,10.275772607,stop,0.600000,-4.867557526,-45.277706146,-0.697119594,0.031292956,0.021702331,-0.697205842,ros2_odometer_state
M19C_S3_artificial_turf_B1_U060_R1,2759.395648203,10.277806960,stop,0.600000,-4.867557526,-45.277706146,-0.697119594,0.031331979,0.021892499,-0.697198212,ros2_odometer_state
M19C_S3_artificial_turf_B1_U060_R1,2759.397593432,10.279752189,stop,0.600000,-4.867557526,-45.277706146,-0.697119594,0.031377520,0.022071447,-0.697192669,ros2_odometer_state
M19C_S3_artificial_turf_B1_U060_R1,2759.399585127,10.281743884,stop,0.600000,-4.867557526,-45.277706146,-0.697119594,0.031427633,0.022244040,-0.697188079,ros2_odometer_state
M19C_S3_artificial_turf_B1_U060_R1,2759.400769910,10.282928667,stop,0.600000,-4.867557526,-45.277706146,-0.697119594,0.031427633,0.022244040,-0.697188079,ros2_odometer_state
M19C_S3_artificial_turf_B1_U060_R1,2759.403879410,10.286038167,stop,0.600000,-4.867557526,-45.277706146,-0.697119594,0.031522214,0.022543585,-0.697141111,ros2_odometer_state
M19C_S3_artificial_turf_B1_U060_R1,2759.405842848,10.288001605,stop,0.600000,-4.868033886,-45.278259277,-0.697141111,0.031567063,0.022680797,-0.697099268,ros2_odometer_state
M19C_S3_artificial_turf_B1_U060_R1,2759.407848368,10.290007125,stop,0.600000,-4.868033886,-45.278259277,-0.697141111,0.031618882,0.022803897,-0.697061181,ros2_odometer_state
M19C_S3_artificial_turf_B1_U060_R1,2759.410311314,10.292470071,stop,0.600000,-4.868033886,-45.278259277,-0.697141111,0.031672999,0.022907898,-0.697029769,ros2_odometer_state
M19C_S3_artificial_turf_B1_U060_R1,2759.411954803,10.294113560,stop,0.600000,-4.868033886,-45.278259277,-0.697141111,0.031718697,0.023001013,-0.697003663,ros2_odometer_state
M19C_S3_artificial_turf_B1_U060_R1,2759.412986908,10.295145665,stop,0.600000,-4.868033886,-45.278259277,-0.697141111,0.031718697,0.023001013,-0.697003663,ros2_odometer_state
M19C_S3_artificial_turf_B1_U060_R1,2759.415654566,10.297813323,stop,0.600000,-4.868033886,-45.278259277,-0.697141111,0.031833068,0.023156019,-0.696967006,ros2_odometer_state
M19C_S3_artificial_turf_B1_U060_R1,2759.417849565,10.300008322,stop,0.600000,-4.868033886,-45.278259277,-0.697141111,0.031883117,0.023210177,-0.696944594,ros2_odometer_state
M19C_S3_artificial_turf_B1_U060_R1,2759.419035212,10.301193969,stop,0.600000,-4.868033886,-45.278259277,-0.697141111,0.031883117,0.023210177,-0.696944594,ros2_odometer_state
M19C_S3_artificial_turf_B1_U060_R1,2759.421002555,10.303161312,stop,0.600000,-4.868033886,-45.278259277,-0.697141111,0.031927407,0.023263315,-0.696920991,ros2_odometer_state
M19C_S3_artificial_turf_B1_U060_R1,2759.423000490,10.305159247,stop,0.600000,-4.868033886,-45.278259277,-0.697141111,0.031965375,0.023302071,-0.696884334,ros2_odometer_state
M19C_S3_artificial_turf_B1_U060_R1,2759.425016922,10.307175679,stop,0.600000,-4.868488789,-45.278800964,-0.696848094,0.032001916,0.023324497,-0.696848094,ros2_odometer_state
M19C_S3_artificial_turf_B1_U060_R1,2759.426861732,10.309020489,stop,0.600000,-4.868488789,-45.278800964,-0.696848094,0.032032996,0.023322131,-0.696804583,ros2_odometer_state
M19C_S3_artificial_turf_B1_U060_R1,2759.429664947,10.311823704,stop,0.600000,-4.868488789,-45.278800964,-0.696848094,0.032069653,0.023295509,-0.696750700,ros2_odometer_state
M19C_S3_artificial_turf_B1_U060_R1,2759.431040842,10.313199599,stop,0.600000,-4.868488789,-45.278800964,-0.696848094,0.032100987,0.023258980,-0.696706533,ros2_odometer_state
M19C_S3_artificial_turf_B1_U060_R1,2759.433773846,10.315932603,stop,0.600000,-4.868488789,-45.278800964,-0.696848094,0.032159548,0.023140272,-0.696623862,ros2_odometer_state
M19C_S3_artificial_turf_B1_U060_R1,2759.435681154,10.317839911,stop,0.600000,-4.868488789,-45.278800964,-0.696848094,0.032185398,0.023047179,-0.696585059,ros2_odometer_state
M19C_S3_artificial_turf_B1_U060_R1,2759.437691634,10.319850391,stop,0.600000,-4.868488789,-45.278800964,-0.696848094,0.032207940,0.022938808,-0.696544766,ros2_odometer_state
M19C_S3_artificial_turf_B1_U060_R1,2759.439696322,10.321855079,stop,0.600000,-4.868488789,-45.278800964,-0.696848094,0.032233823,0.022827847,-0.696513355,ros2_odometer_state
M19C_S3_artificial_turf_B1_U060_R1,2759.440987573,10.323146330,stop,0.600000,-4.868488789,-45.278800964,-0.696848094,0.032233823,0.022827847,-0.696513355,ros2_odometer_state
M19C_S3_artificial_turf_B1_U060_R1,2759.442872224,10.325030981,stop,0.600000,-4.868488789,-45.278800964,-0.696848094,0.032259081,0.022708882,-0.696490467,ros2_odometer_state
M19C_S3_artificial_turf_B1_U060_R1,2759.445735858,10.327894615,stop,0.600000,-4.868488789,-45.278800964,-0.696469128,0.032309476,0.022450136,-0.696447015,ros2_odometer_state
M19C_S3_artificial_turf_B1_U060_R1,2759.447696704,10.329855461,stop,0.600000,-4.868488789,-45.278800964,-0.696469128,0.032331765,0.022318197,-0.696419775,ros2_odometer_state
M19C_S3_artificial_turf_B1_U060_R1,2759.451069478,10.333228235,stop,0.600000,-4.868488789,-45.278800964,-0.696469128,0.032362137,0.022187870,-0.696386039,ros2_odometer_state
M19C_S3_artificial_turf_B1_U060_R1,2759.451643485,10.333802242,stop,0.600000,-4.868488789,-45.278800964,-0.696469128,0.032362137,0.022187870,-0.696386039,ros2_odometer_state
M19C_S3_artificial_turf_B1_U060_R1,2759.453620395,10.335779152,stop,0.600000,-4.868488789,-45.278800964,-0.696469128,0.032392859,0.022054672,-0.696349025,ros2_odometer_state
M19C_S3_artificial_turf_B1_U060_R1,2759.455867781,10.338026538,stop,0.600000,-4.868488789,-45.278800964,-0.696469128,0.032449961,0.021805966,-0.696263909,ros2_odometer_state
M19C_S3_artificial_turf_B1_U060_R1,2759.457737263,10.339896020,stop,0.600000,-4.868488789,-45.278800964,-0.696469128,0.032468215,0.021682594,-0.696215212,ros2_odometer_state
M19C_S3_artificial_turf_B1_U060_R1,2759.459758719,10.341917476,stop,0.600000,-4.868488789,-45.278800964,-0.696469128,0.032495100,0.021573281,-0.696152687,ros2_odometer_state
M19C_S3_artificial_turf_B1_U060_R1,2759.461935766,10.344094523,stop,0.600000,-4.868488789,-45.278800964,-0.696469128,0.032511987,0.021466907,-0.696072638,ros2_odometer_state
M19C_S3_artificial_turf_B1_U060_R1,2759.463732989,10.345891746,stop,0.600000,-4.868488789,-45.278800964,-0.696469128,0.032519806,0.021386253,-0.695989907,ros2_odometer_state
M19C_S3_artificial_turf_B1_U060_R1,2759.465784943,10.347943700,stop,0.600000,-4.868488789,-45.278800964,-0.695989907,0.032525361,0.021301277,-0.695900083,ros2_odometer_state
M19C_S3_artificial_turf_B1_U060_R1,2759.467742877,10.349901634,stop,0.600000,-4.868488789,-45.278800964,-0.695989907,0.032538991,0.021217393,-0.695805669,ros2_odometer_state
M19C_S3_artificial_turf_B1_U060_R1,2759.470216095,10.352374852,stop,0.600000,-4.868488789,-45.278800964,-0.695989907,0.032554608,0.021150626,-0.695705533,ros2_odometer_state
M19C_S3_artificial_turf_B1_U060_R1,2759.471749756,10.353908513,stop,0.600000,-4.868488789,-45.278800964,-0.695989907,0.032567617,0.021072093,-0.695590317,ros2_odometer_state
M19C_S3_artificial_turf_B1_U060_R1,2759.473143860,10.355302617,stop,0.600000,-4.868488789,-45.278800964,-0.695989907,0.032567617,0.021072093,-0.695590317,ros2_odometer_state
M19C_S3_artificial_turf_B1_U060_R1,2759.475761788,10.357920545,stop,0.600000,-4.868488789,-45.278800964,-0.695989907,0.032591864,0.020935731,-0.695366144,ros2_odometer_state
M19C_S3_artificial_turf_B1_U060_R1,2759.477733258,10.359892015,stop,0.600000,-4.868488789,-45.278800964,-0.695989907,0.032595392,0.020867361,-0.695248842,ros2_odometer_state
M19C_S3_artificial_turf_B1_U060_R1,2759.479769147,10.361927904,stop,0.600000,-4.868488789,-45.278800964,-0.695989907,0.032587860,0.020804096,-0.695133209,ros2_odometer_state
M19C_S3_artificial_turf_B1_U060_R1,2759.481739529,10.363898286,stop,0.600000,-4.868488789,-45.278800964,-0.695989907,0.032584898,0.020736247,-0.695006907,ros2_odometer_state
M19C_S3_artificial_turf_B1_U060_R1,2759.484154121,10.366312878,stop,0.600000,-4.868488789,-45.278800964,-0.695989907,0.032582790,0.020672273,-0.694881558,ros2_odometer_state
M19C_S3_artificial_turf_B1_U060_R1,2759.486249213,10.368407970,stop,0.600000,-4.868488789,-45.278800964,-0.694881558,0.032573670,0.020606138,-0.694756627,ros2_odometer_state
M19C_S3_artificial_turf_B1_U060_R1,2759.487009435,10.369168192,stop,0.600000,-4.868488789,-45.278800964,-0.694881558,0.032573670,0.020606138,-0.694756627,ros2_odometer_state
M19C_S3_artificial_turf_B1_U060_R1,2759.489862540,10.372021297,stop,0.600000,-4.868488789,-45.278800964,-0.694881558,0.032561645,0.020538354,-0.694629729,ros2_odometer_state
M19C_S3_artificial_turf_B1_U060_R1,2759.491915774,10.374074531,stop,0.600000,-4.868488789,-45.278800964,-0.694881558,0.032523870,0.020381385,-0.694372177,ros2_odometer_state
M19C_S3_artificial_turf_B1_U060_R1,2759.494056115,10.376214872,stop,0.600000,-4.868488789,-45.278800964,-0.694881558,0.032495737,0.020295795,-0.694240212,ros2_odometer_state
M19C_S3_artificial_turf_B1_U060_R1,2759.495855291,10.378014048,stop,0.600000,-4.868488789,-45.278800964,-0.694881558,0.032462183,0.020204617,-0.694111407,ros2_odometer_state
M19C_S3_artificial_turf_B1_U060_R1,2759.497757542,10.379916299,stop,0.600000,-4.868488789,-45.278800964,-0.694881558,0.032434400,0.020110806,-0.693985164,ros2_odometer_state
M19C_S3_artificial_turf_B1_U060_R1,2759.499814008,10.381972765,stop,0.600000,-4.868488789,-45.278800964,-0.694881558,0.032400578,0.020019740,-0.693867207,ros2_odometer_state
M19C_S3_artificial_turf_B1_U060_R1,2759.501716164,10.383874921,stop,0.600000,-4.868488789,-45.278800964,-0.694881558,0.032357577,0.019920953,-0.693753660,ros2_odometer_state
M19C_S3_artificial_turf_B1_U060_R1,2759.503048377,10.385207134,stop,0.600000,-4.868488789,-45.278800964,-0.694881558,0.032357577,0.019920953,-0.693753660,ros2_odometer_state
M19C_S3_artificial_turf_B1_U060_R1,2759.505016423,10.387175180,stop,0.600000,-4.868488789,-45.278800964,-0.693640053,0.032323137,0.019817118,-0.693640053,ros2_odometer_state
M19C_S3_artificial_turf_B1_U060_R1,2759.507819574,10.389978331,stop,0.600000,-4.868488789,-45.278800964,-0.693640053,0.032254644,0.019603116,-0.693434834,ros2_odometer_state
M19C_S3_artificial_turf_B1_U060_R1,2759.510444063,10.392602820,stop,0.600000,-4.868488789,-45.278800964,-0.693640053,0.032224186,0.019485349,-0.693336904,ros2_odometer_state
M19C_S3_artificial_turf_B1_U060_R1,2759.511230622,10.393389379,stop,0.600000,-4.868488789,-45.278800964,-0.693640053,0.032224186,0.019485349,-0.693336904,ros2_odometer_state
M19C_S3_artificial_turf_B1_U060_R1,2759.513121961,10.395280718,stop,0.600000,-4.868488789,-45.278800964,-0.693640053,0.032193128,0.019358117,-0.693237364,ros2_odometer_state
M19C_S3_artificial_turf_B1_U060_R1,2759.515855478,10.398014235,stop,0.600000,-4.868488789,-45.278800964,-0.693640053,0.032138515,0.019093562,-0.693083763,ros2_odometer_state
M19C_S3_artificial_turf_B1_U060_R1,2759.518501855,10.400660612,stop,0.600000,-4.868488789,-45.278800964,-0.693640053,0.032113265,0.018950280,-0.693006635,ros2_odometer_state
M19C_S3_artificial_turf_B1_U060_R1,2759.519275902,10.401434659,stop,0.600000,-4.868488789,-45.278800964,-0.693640053,0.032113265,0.018950280,-0.693006635,ros2_odometer_state
M19C_S3_artificial_turf_B1_U060_R1,2759.521851204,10.404009961,stop,0.600000,-4.868488789,-45.278800964,-0.693640053,0.032046173,0.018690746,-0.692835212,ros2_odometer_state
M19C_S3_artificial_turf_B1_U060_R1,2759.523241755,10.405400512,stop,0.600000,-4.868488789,-45.278800964,-0.693640053,0.032046173,0.018690746,-0.692835212,ros2_odometer_state
M19C_S3_artificial_turf_B1_U060_R1,2759.526050283,10.408209040,stop,0.600000,-4.868488789,-45.278800964,-0.692742527,0.031997990,0.018438302,-0.692648113,ros2_odometer_state
M19C_S3_artificial_turf_B1_U060_R1,2759.527915477,10.410074234,stop,0.600000,-4.868488789,-45.278800964,-0.692742527,0.031970002,0.018314099,-0.692551076,ros2_odometer_state
M19C_S3_artificial_turf_B1_U060_R1,2759.529647034,10.411805791,stop,0.600000,-4.868488789,-45.278800964,-0.692742527,0.031970002,0.018314099,-0.692551076,ros2_odometer_state
M19C_S3_artificial_turf_B1_U060_R1,2759.531888179,10.414046936,stop,0.600000,-4.868488789,-45.278800964,-0.692742527,0.031935025,0.018073587,-0.692351580,ros2_odometer_state
M19C_S3_artificial_turf_B1_U060_R1,2759.533967558,10.416126315,stop,0.600000,-4.868488789,-45.278800964,-0.692742527,0.031923611,0.017962167,-0.692233682,ros2_odometer_state
M19C_S3_artificial_turf_B1_U060_R1,2759.535904435,10.418063192,stop,0.600000,-4.868488789,-45.278800964,-0.692742527,0.031915758,0.017847046,-0.692112982,ros2_odometer_state
M19C_S3_artificial_turf_B1_U060_R1,2759.537801534,10.419960291,stop,0.600000,-4.868488789,-45.278800964,-0.692742527,0.031902842,0.017734123,-0.691992521,ros2_odometer_state
M19C_S3_artificial_turf_B1_U060_R1,2759.539852016,10.422010773,stop,0.600000,-4.868488789,-45.278800964,-0.692742527,0.031891707,0.017618608,-0.691871405,ros2_odometer_state
M19C_S3_artificial_turf_B1_U060_R1,2759.541137923,10.423296680,stop,0.600000,-4.868488789,-45.278800964,-0.692742527,0.031891707,0.017618608,-0.691871405,ros2_odometer_state
M19C_S3_artificial_turf_B1_U060_R1,2759.543961043,10.426119800,stop,0.600000,-4.868488789,-45.278800964,-0.692742527,0.031886239,0.017402593,-0.691612244,ros2_odometer_state
M19C_S3_artificial_turf_B1_U060_R1,2759.546009861,10.428168618,stop,0.600000,-4.868488789,-45.278800964,-0.691612244,0.031880129,0.017306237,-0.691471696,ros2_odometer_state
M19C_S3_artificial_turf_B1_U060_R1,2759.547823949,10.429982706,stop,0.600000,-4.868488789,-45.278800964,-0.691612244,0.031870279,0.017208559,-0.691330671,ros2_odometer_state
M19C_S3_artificial_turf_B1_U060_R1,2759.549665142,10.431823899,stop,0.600000,-4.868488789,-45.278800964,-0.691612244,0.031870279,0.017208559,-0.691330671,ros2_odometer_state
M19C_S3_artificial_turf_B1_U060_R1,2759.552049493,10.434208250,stop,0.600000,-4.868488789,-45.278800964,-0.691612244,0.031867519,0.016989604,-0.691045344,ros2_odometer_state
M19C_S3_artificial_turf_B1_U060_R1,2759.553199522,10.435358279,stop,0.600000,-4.868488789,-45.278800964,-0.691612244,0.031867519,0.016989604,-0.691045344,ros2_odometer_state
M19C_S3_artificial_turf_B1_U060_R1,2759.555994834,10.438153591,stop,0.600000,-4.868488789,-45.278800964,-0.691612244,0.031862073,0.016763436,-0.690764546,ros2_odometer_state
M19C_S3_artificial_turf_B1_U060_R1,2759.557921598,10.440080355,stop,0.600000,-4.868488789,-45.278800964,-0.691612244,0.031849973,0.016647112,-0.690632164,ros2_odometer_state
M19C_S3_artificial_turf_B1_U060_R1,2759.559819978,10.441978735,stop,0.600000,-4.868488789,-45.278800964,-0.691612244,0.031842239,0.016526420,-0.690485716,ros2_odometer_state
M19C_S3_artificial_turf_B1_U060_R1,2759.561837626,10.443996383,stop,0.600000,-4.868488789,-45.278800964,-0.691612244,0.031836499,0.016403036,-0.690330744,ros2_odometer_state
M19C_S3_artificial_turf_B1_U060_R1,2759.563094028,10.445252785,stop,0.600000,-4.868488789,-45.278800964,-0.691612244,0.031836499,0.016403036,-0.690330744,ros2_odometer_state
M19C_S3_artificial_turf_B1_U060_R1,2759.565258626,10.447417383,stop,0.600000,-4.868488789,-45.278800964,-0.690175891,0.031825244,0.016283797,-0.690175891,ros2_odometer_state
M19C_S3_artificial_turf_B1_U060_R1,2759.568176054,10.450334811,stop,0.600000,-4.868488789,-45.278800964,-0.690175891,0.031806443,0.016035581,-0.689867973,ros2_odometer_state
M19C_S3_artificial_turf_B1_U060_R1,2759.570515251,10.452674008,stop,0.600000,-4.868488789,-45.278800964,-0.690175891,0.031804092,0.015925970,-0.689713538,ros2_odometer_state
M19C_S3_artificial_turf_B1_U060_R1,2759.571291378,10.453450135,stop,0.600000,-4.868488789,-45.278800964,-0.690175891,0.031804092,0.015925970,-0.689713538,ros2_odometer_state
M19C_S3_artificial_turf_B1_U060_R1,2759.573209214,10.455367971,stop,0.600000,-4.868488789,-45.278800964,-0.690175891,0.031803351,0.015818931,-0.689567506,ros2_odometer_state
M19C_S3_artificial_turf_B1_U060_R1,2759.575993293,10.458152050,stop,0.600000,-4.868488789,-45.278800964,-0.690175891,0.031781826,0.015618167,-0.689303935,ros2_odometer_state
M19C_S3_artificial_turf_B1_U060_R1,2759.577930138,10.460088895,stop,0.600000,-4.868488789,-45.278800964,-0.690175891,0.031766791,0.015522356,-0.689175367,ros2_odometer_state
M19C_S3_artificial_turf_B1_U060_R1,2759.579099624,10.461258381,stop,0.600000,-4.868488789,-45.278800964,-0.690175891,0.031766791,0.015522356,-0.689175367,ros2_odometer_state
M19C_S3_artificial_turf_B1_U060_R1,2759.581289663,10.463448420,stop,0.600000,-4.868488789,-45.278800964,-0.690175891,0.031758953,0.015434702,-0.689062178,ros2_odometer_state
M19C_S3_artificial_turf_B1_U060_R1,2759.583234957,10.465393714,stop,0.600000,-4.868488789,-45.278800964,-0.690175891,0.031759925,0.015350051,-0.688956857,ros2_odometer_state
M19C_S3_artificial_turf_B1_U060_R1,2759.586302119,10.468460876,stop,0.600000,-4.868488789,-45.278800964,-0.688854098,0.031765088,0.015278431,-0.688854098,ros2_odometer_state
M19C_S3_artificial_turf_B1_U060_R1,2759.587954120,10.470112877,stop,0.600000,-4.868488789,-45.278800964,-0.688854098,0.031767961,0.015206802,-0.688753963,ros2_odometer_state
M19C_S3_artificial_turf_B1_U060_R1,2759.590545327,10.472704084,stop,0.600000,-4.868488789,-45.278800964,-0.688854098,0.031783208,0.015058881,-0.688593924,ros2_odometer_state
M19C_S3_artificial_turf_B1_U060_R1,2759.591240971,10.473399728,stop,0.600000,-4.868488789,-45.278800964,-0.688854098,0.031783208,0.015058881,-0.688593924,ros2_odometer_state
M19C_S3_artificial_turf_B1_U060_R1,2759.593163159,10.475321916,stop,0.600000,-4.868488789,-45.278800964,-0.688854098,0.031800784,0.014993635,-0.688532293,ros2_odometer_state
M19C_S3_artificial_turf_B1_U060_R1,2759.596698052,10.478856809,stop,0.600000,-4.868488789,-45.278800964,-0.688854098,0.031825408,0.014865837,-0.688429952,ros2_odometer_state
M19C_S3_artificial_turf_B1_U060_R1,2759.597966006,10.480124763,stop,0.600000,-4.868488789,-45.278800964,-0.688854098,0.031832419,0.014805621,-0.688385308,ros2_odometer_state
M19C_S3_artificial_turf_B1_U060_R1,2759.599959270,10.482118027,stop,0.600000,-4.868488789,-45.278800964,-0.688854098,0.031840820,0.014753787,-0.688353240,ros2_odometer_state
M19C_S3_artificial_turf_B1_U060_R1,2759.601146933,10.483305690,stop,0.600000,-4.868488789,-45.278800964,-0.688854098,0.031840820,0.014753787,-0.688353240,ros2_odometer_state
M19C_S3_artificial_turf_B1_U060_R1,2759.603204487,10.485363244,stop,0.600000,-4.868488789,-45.278800964,-0.688854098,0.031852651,0.014701081,-0.688331604,ros2_odometer_state
M19C_S3_artificial_turf_B1_U060_R1,2759.605256344,10.487415101,stop,0.600000,-4.868488789,-45.278800964,-0.688313603,0.031875417,0.014657862,-0.688313603,ros2_odometer_state
M19C_S3_artificial_turf_B1_U060_R1,2759.607230695,10.489389452,stop,0.600000,-4.868488789,-45.278800964,-0.688313603,0.031902973,0.014611295,-0.688295722,ros2_odometer_state
M19C_S3_artificial_turf_B1_U060_R1,2759.609767435,10.491926192,stop,0.600000,-4.868488789,-45.278800964,-0.688313603,0.031920526,0.014560324,-0.688286185,ros2_odometer_state
M19C_S3_artificial_turf_B1_U060_R1,2759.612037926,10.494196683,stop,0.600000,-4.868488789,-45.278800964,-0.688313603,0.031950764,0.014485711,-0.688290596,ros2_odometer_state
M19C_S3_artificial_turf_B1_U060_R1,2759.613190324,10.495349081,stop,0.600000,-4.868488789,-45.278800964,-0.688313603,0.031950764,0.014485711,-0.688290596,ros2_odometer_state
M19C_S3_artificial_turf_B1_U060_R1,2759.615391275,10.497550032,stop,0.600000,-4.868488789,-45.278800964,-0.688313603,0.031971470,0.014453680,-0.688294291,ros2_odometer_state
M19C_S3_artificial_turf_B1_U060_R1,2759.618046165,10.500204922,stop,0.600000,-4.868488789,-45.278800964,-0.688313603,0.032012235,0.014377598,-0.688288450,ros2_odometer_state
M19C_S3_artificial_turf_B1_U060_R1,2759.619172033,10.501330790,stop,0.600000,-4.868488789,-45.278800964,-0.688313603,0.032012235,0.014377598,-0.688288450,ros2_odometer_state
M19C_S3_artificial_turf_B1_U060_R1,2759.622554568,10.504713325,stop,0.600000,-4.868488789,-45.278800964,-0.688313603,0.032039892,0.014321025,-0.688304842,ros2_odometer_state
M19C_S3_artificial_turf_B1_U060_R1,2759.624159400,10.506318157,stop,0.600000,-4.868488789,-45.278800964,-0.688313603,0.032052323,0.014287550,-0.688298106,ros2_odometer_state
M19C_S3_artificial_turf_B1_U060_R1,2759.626132726,10.508291483,stop,0.600000,-4.868488789,-45.278800964,-0.688298106,0.032058857,0.014249113,-0.688284993,ros2_odometer_state
M19C_S3_artificial_turf_B1_U060_R1,2759.627959359,10.510118116,stop,0.600000,-4.868488789,-45.278800964,-0.688298106,0.032065678,0.014197646,-0.688280821,ros2_odometer_state
M19C_S3_artificial_turf_B1_U060_R1,2759.630723373,10.512882130,stop,0.600000,-4.868488789,-45.278800964,-0.688298106,0.032067358,0.014136318,-0.688293099,ros2_odometer_state
M19C_S3_artificial_turf_B1_U060_R1,2759.631379879,10.513538636,stop,0.600000,-4.868488789,-45.278800964,-0.688298106,0.032067358,0.014136318,-0.688293099,ros2_odometer_state
M19C_S3_artificial_turf_B1_U060_R1,2759.633330324,10.515489081,stop,0.600000,-4.868488789,-45.278800964,-0.688298106,0.032062419,0.014064194,-0.688298464,ros2_odometer_state
M19C_S3_artificial_turf_B1_U060_R1,2759.635249537,10.517408294,stop,0.600000,-4.868488789,-45.278800964,-0.688298106,0.032039735,0.013978515,-0.688286722,ros2_odometer_state
M19C_S3_artificial_turf_B1_U060_R1,2759.638025231,10.520183988,stop,0.600000,-4.868488789,-45.278800964,-0.688298106,0.032000974,0.013752891,-0.688267767,ros2_odometer_state
M19C_S3_artificial_turf_B1_U060_R1,2759.640096929,10.522255686,stop,0.600000,-4.868488789,-45.278800964,-0.688298106,0.031984858,0.013623257,-0.688259840,ros2_odometer_state
M19C_S3_artificial_turf_B1_U060_R1,2759.642055855,10.524214612,stop,0.600000,-4.868488789,-45.278800964,-0.688298106,0.031964749,0.013475496,-0.688248992,ros2_odometer_state
M19C_S3_artificial_turf_B1_U060_R1,2759.643327330,10.525486087,stop,0.600000,-4.868488789,-45.278800964,-0.688298106,0.031964749,0.013475496,-0.688248992,ros2_odometer_state
M19C_S3_artificial_turf_B1_U060_R1,2759.646117297,10.528276054,stop,0.600000,-4.868488789,-45.278800964,-0.688227713,0.031893190,0.013126157,-0.688212097,ros2_odometer_state
M19C_S3_artificial_turf_B1_U060_R1,2759.647323617,10.529482374,stop,0.600000,-4.868488789,-45.278800964,-0.688227713,0.031893190,0.013126157,-0.688212097,ros2_odometer_state
M19C_S3_artificial_turf_B1_U060_R1,2759.650689510,10.532848267,stop,0.600000,-4.868488789,-45.278800964,-0.688227713,0.031830423,0.012745883,-0.688189387,ros2_odometer_state
M19C_S3_artificial_turf_B1_U060_R1,2759.651466597,10.533625354,stop,0.600000,-4.868488789,-45.278800964,-0.688227713,0.031830423,0.012745883,-0.688189387,ros2_odometer_state
M19C_S3_artificial_turf_B1_U060_R1,2759.654289782,10.536448539,stop,0.600000,-4.868488789,-45.278800964,-0.688227713,0.031782247,0.012318073,-0.688187778,ros2_odometer_state
M19C_S3_artificial_turf_B1_U060_R1,2759.656500909,10.538659666,stop,0.600000,-4.868488789,-45.278800964,-0.688227713,0.031754471,0.012086759,-0.688172400,ros2_odometer_state
M19C_S3_artificial_turf_B1_U060_R1,2759.659564903,10.541723660,stop,0.600000,-4.868488789,-45.278800964,-0.688227713,0.031726155,0.011850775,-0.688153505,ros2_odometer_state
M19C_S3_artificial_turf_B1_U060_R1,2759.660560303,10.542719060,stop,0.600000,-4.868488789,-45.278800964,-0.688227713,0.031698819,0.011612164,-0.688139141,ros2_odometer_state
M19C_S3_artificial_turf_B1_U060_R1,2759.662126765,10.544285522,stop,0.600000,-4.868488789,-45.278800964,-0.688227713,0.031674135,0.011372870,-0.688125670,ros2_odometer_state
M19C_S3_artificial_turf_B1_U060_R1,2759.664392423,10.546551180,stop,0.600000,-4.868488789,-45.278800964,-0.688227713,0.031649042,0.011133838,-0.688099980,ros2_odometer_state
M19C_S3_artificial_turf_B1_U060_R1,2759.665292907,10.547451664,stop,0.600000,-4.868488789,-45.278800964,-0.688099980,0.031649042,0.011133838,-0.688099980,ros2_odometer_state
M19C_S3_artificial_turf_B1_U060_R1,2759.668149501,10.550308258,stop,0.600000,-4.868488789,-45.278800964,-0.688099980,0.031595536,0.010638838,-0.688069284,ros2_odometer_state
M19C_S3_artificial_turf_B1_U060_R1,2759.670770789,10.552929546,stop,0.600000,-4.868488789,-45.278800964,-0.688099980,0.031574167,0.010378557,-0.688072681,ros2_odometer_state
M19C_S3_artificial_turf_B1_U060_R1,2759.671415358,10.553574115,stop,0.600000,-4.868488789,-45.278800964,-0.688099980,0.031574167,0.010378557,-0.688072681,ros2_odometer_state
M19C_S3_artificial_turf_B1_U060_R1,2759.674346195,10.556504952,stop,0.600000,-4.868488789,-45.278800964,-0.688099980,0.031533301,0.009848030,-0.688091099,ros2_odometer_state
M19C_S3_artificial_turf_B1_U060_R1,2759.676186300,10.558345057,stop,0.600000,-4.868488789,-45.278800964,-0.688099980,0.031518653,0.009573458,-0.688109398,ros2_odometer_state
M19C_S3_artificial_turf_B1_U060_R1,2759.677290248,10.559449005,stop,0.600000,-4.868488789,-45.278800964,-0.688099980,0.031518653,0.009573458,-0.688109398,ros2_odometer_state
M19C_S3_artificial_turf_B1_U060_R1,2759.680094136,10.562252893,stop,0.600000,-4.868488789,-45.278800964,-0.688099980,0.031489212,0.009035354,-0.688178957,ros2_odometer_state
M19C_S3_artificial_turf_B1_U060_R1,2759.681284455,10.563443212,stop,0.600000,-4.868488789,-45.278800964,-0.688099980,0.031489212,0.009035354,-0.688178957,ros2_odometer_state
M19C_S3_artificial_turf_B1_U060_R1,2759.683344217,10.565502974,stop,0.600000,-4.868488789,-45.278800964,-0.688099980,0.031472079,0.008766766,-0.688220680,ros2_odometer_state
M19C_S3_artificial_turf_B1_U060_R1,2759.686347632,10.568506389,stop,0.600000,-4.868488789,-45.278800964,-0.688275099,0.031449299,0.008223929,-0.688331425,ros2_odometer_state
M19C_S3_artificial_turf_B1_U060_R1,2759.688426979,10.570585736,stop,0.600000,-4.868488789,-45.278800964,-0.688275099,0.031444013,0.007947501,-0.688388288,ros2_odometer_state
M19C_S3_artificial_turf_B1_U060_R1,2759.690910950,10.573069707,stop,0.600000,-4.868488789,-45.278800964,-0.688275099,0.031442769,0.007669673,-0.688447475,ros2_odometer_state
M19C_S3_artificial_turf_B1_U060_R1,2759.692378400,10.574537157,stop,0.600000,-4.868488789,-45.278800964,-0.688275099,0.031437177,0.007392239,-0.688512981,ros2_odometer_state
M19C_S3_artificial_turf_B1_U060_R1,2759.694296556,10.576455313,stop,0.600000,-4.868488789,-45.278800964,-0.688275099,0.031431463,0.007115667,-0.688580215,ros2_odometer_state
M19C_S3_artificial_turf_B1_U060_R1,2759.696329757,10.578488514,stop,0.600000,-4.868488789,-45.278800964,-0.688275099,0.031432025,0.006841705,-0.688654184,ros2_odometer_state
M19C_S3_artificial_turf_B1_U060_R1,2759.697440585,10.579599342,stop,0.600000,-4.868488789,-45.278800964,-0.688275099,0.031432025,0.006841705,-0.688654184,ros2_odometer_state
M19C_S3_artificial_turf_B1_U060_R1,2759.700326396,10.582485153,stop,0.600000,-4.868488789,-45.278800964,-0.688275099,0.031437613,0.006327182,-0.688806653,ros2_odometer_state
M19C_S3_artificial_turf_B1_U060_R1,2759.701445992,10.583604749,stop,0.600000,-4.868488789,-45.278800964,-0.688275099,0.031437613,0.006327182,-0.688806653,ros2_odometer_state
M19C_S3_artificial_turf_B1_U060_R1,2759.704229847,10.586388604,stop,0.600000,-4.868488789,-45.278800964,-0.688275099,0.031443909,0.005824590,-0.688968718,ros2_odometer_state
M19C_S3_artificial_turf_B1_U060_R1,2759.705570924,10.587729681,stop,0.600000,-4.868488789,-45.278800964,-0.688968718,0.031443909,0.005824590,-0.688968718,ros2_odometer_state
M19C_S3_artificial_turf_B1_U060_R1,2759.707421014,10.589579771,stop,0.600000,-4.868488789,-45.278800964,-0.688968718,0.031456672,0.005563286,-0.689041018,ros2_odometer_state
M19C_S3_artificial_turf_B1_U060_R1,2759.709924826,10.592083583,stop,0.600000,-4.868488789,-45.278800964,-0.688968718,0.031469427,0.005298455,-0.689111888,ros2_odometer_state
M19C_S3_artificial_turf_B1_U060_R1,2759.712243254,10.594402011,stop,0.600000,-4.868488789,-45.278800964,-0.688968718,0.031494606,0.004776692,-0.689239323,ros2_odometer_state
M19C_S3_artificial_turf_B1_U060_R1,2759.714230021,10.596388778,stop,0.600000,-4.868488789,-45.278800964,-0.688968718,0.031495795,0.004519518,-0.689300060,ros2_odometer_state
M19C_S3_artificial_turf_B1_U060_R1,2759.715413076,10.597571833,stop,0.600000,-4.868488789,-45.278800964,-0.688968718,0.031495795,0.004519518,-0.689300060,ros2_odometer_state
M19C_S3_artificial_turf_B1_U060_R1,2759.717350177,10.599508934,stop,0.600000,-4.868488789,-45.278800964,-0.688968718,0.031505305,0.004264597,-0.689348936,ros2_odometer_state
M19C_S3_artificial_turf_B1_U060_R1,2759.720436987,10.602595744,stop,0.600000,-4.868488789,-45.278800964,-0.688968718,0.031513963,0.003756703,-0.689428329,ros2_odometer_state
M19C_S3_artificial_turf_B1_U060_R1,2759.721638987,10.603797744,stop,0.600000,-4.868488789,-45.278800964,-0.688968718,0.031513963,0.003756703,-0.689428329,ros2_odometer_state
M19C_S3_artificial_turf_B1_U060_R1,2759.724646723,10.606805480,stop,0.600000,-4.868488789,-45.278800964,-0.688968718,0.031523529,0.003271086,-0.689523041,ros2_odometer_state
M19C_S3_artificial_turf_B1_U060_R1,2759.725522182,10.607680939,stop,0.600000,-4.868488789,-45.278800964,-0.689523041,0.031523529,0.003271086,-0.689523041,ros2_odometer_state
M19C_S3_artificial_turf_B1_U060_R1,2759.727435474,10.609594231,stop,0.600000,-4.868488789,-45.278800964,-0.689523041,0.031531963,0.003034931,-0.689565659,ros2_odometer_state
M19C_S3_artificial_turf_B1_U060_R1,2759.730736757,10.612895514,stop,0.600000,-4.868488789,-45.278800964,-0.689523041,0.031562980,0.002554481,-0.689644098,ros2_odometer_state
M19C_S3_artificial_turf_B1_U060_R1,2759.731529204,10.613687961,stop,0.600000,-4.868488789,-45.278800964,-0.689523041,0.031562980,0.002554481,-0.689644098,ros2_odometer_state
M19C_S3_artificial_turf_B1_U060_R1,2759.733406239,10.615564996,stop,0.600000,-4.868488789,-45.278800964,-0.689523041,0.031577501,0.002310151,-0.689662695,ros2_odometer_state
M19C_S3_artificial_turf_B1_U060_R1,2759.736241712,10.618400469,stop,0.600000,-4.868488789,-45.278800964,-0.689523041,0.031600937,0.001824216,-0.689655244,ros2_odometer_state
M19C_S3_artificial_turf_B1_U060_R1,2759.738248096,10.620406853,stop,0.600000,-4.868488789,-45.278800964,-0.689523041,0.031610776,0.001590078,-0.689631045,ros2_odometer_state
M19C_S3_artificial_turf_B1_U060_R1,2759.740358451,10.622517208,stop,0.600000,-4.868488789,-45.278800964,-0.689523041,0.031623807,0.001351286,-0.689609110,ros2_odometer_state
M19C_S3_artificial_turf_B1_U060_R1,2759.741401405,10.623560162,stop,0.600000,-4.868488789,-45.278800964,-0.689523041,0.031623807,0.001351286,-0.689609110,ros2_odometer_state
M19C_S3_artificial_turf_B1_U060_R1,2759.743410797,10.625569554,stop,0.600000,-4.868488789,-45.278800964,-0.689523041,0.031637341,0.001114134,-0.689591050,ros2_odometer_state
M19C_S3_artificial_turf_B1_U060_R1,2759.745620869,10.627779626,stop,0.600000,-4.868488789,-45.278800964,-0.689562976,0.031650323,0.000882245,-0.689562976,ros2_odometer_state
M19C_S3_artificial_turf_B1_U060_R1,2759.747642709,10.629801466,stop,0.600000,-4.868488789,-45.278800964,-0.689562976,0.031670276,0.000651787,-0.689525366,ros2_odometer_state
M19C_S3_artificial_turf_B1_U060_R1,2759.750092534,10.632251291,stop,0.600000,-4.868488789,-45.278800964,-0.689562976,0.031691574,0.000422783,-0.689491153,ros2_odometer_state
M19C_S3_artificial_turf_B1_U060_R1,2759.752381361,10.634540118,stop,0.600000,-4.868488789,-45.278800964,-0.689562976,0.031735107,-0.000002859,-0.689411640,ros2_odometer_state
M19C_S3_artificial_turf_B1_U060_R1,2759.753532415,10.635691172,stop,0.600000,-4.868488789,-45.278800964,-0.689562976,0.031735107,-0.000002859,-0.689411640,ros2_odometer_state
M19C_S3_artificial_turf_B1_U060_R1,2759.756277996,10.638436753,stop,0.600000,-4.868488789,-45.278800964,-0.689562976,0.031782866,-0.000390808,-0.689305425,ros2_odometer_state
M19C_S3_artificial_turf_B1_U060_R1,2759.757433978,10.639592735,stop,0.600000,-4.868488789,-45.278800964,-0.689562976,0.031782866,-0.000390808,-0.689305425,ros2_odometer_state
M19C_S3_artificial_turf_B1_U060_R1,2759.759473579,10.641632336,stop,0.600000,-4.868488789,-45.278800964,-0.689562976,0.031808991,-0.000574269,-0.689232111,ros2_odometer_state
M19C_S3_artificial_turf_B1_U060_R1,2759.762517732,10.644676489,stop,0.600000,-4.868488789,-45.278800964,-0.689562976,0.031856734,-0.000885970,-0.689100683,ros2_odometer_state
M19C_S3_artificial_turf_B1_U060_R1,2759.763447113,10.645605870,stop,0.600000,-4.868488789,-45.278800964,-0.689562976,0.031856734,-0.000885970,-0.689100683,ros2_odometer_state
M19C_S3_artificial_turf_B1_U060_R1,2759.765463034,10.647621791,stop,0.600000,-4.868488789,-45.278800964,-0.689041495,0.031881057,-0.001019827,-0.689041495,ros2_odometer_state
M19C_S3_artificial_turf_B1_U060_R1,2759.767456873,10.649615630,stop,0.600000,-4.868488789,-45.278800964,-0.689041495,0.031902887,-0.001151470,-0.688986421,ros2_odometer_state
M19C_S3_artificial_turf_B1_U060_R1,2759.770811950,10.652970707,stop,0.600000,-4.868488789,-45.278800964,-0.689041495,0.031935439,-0.001404440,-0.688851535,ros2_odometer_state
M19C_S3_artificial_turf_B1_U060_R1,2759.772414094,10.654572851,stop,0.600000,-4.868488789,-45.278800964,-0.689041495,0.031955104,-0.001529481,-0.688772738,ros2_odometer_state
M19C_S3_artificial_turf_B1_U060_R1,2759.773479288,10.655638045,stop,0.600000,-4.868488789,-45.278800964,-0.689041495,0.031955104,-0.001529481,-0.688772738,ros2_odometer_state
M19C_S3_artificial_turf_B1_U060_R1,2759.776317577,10.658476334,stop,0.600000,-4.868488789,-45.278800964,-0.689041495,0.031985633,-0.001804757,-0.688658059,ros2_odometer_state
M19C_S3_artificial_turf_B1_U060_R1,2759.778796524,10.660955281,stop,0.600000,-4.868488789,-45.278800964,-0.689041495,0.032000970,-0.001941105,-0.688597441,ros2_odometer_state
M19C_S3_artificial_turf_B1_U060_R1,2759.779784467,10.661943224,stop,0.600000,-4.868488789,-45.278800964,-0.689041495,0.032000970,-0.001941105,-0.688597441,ros2_odometer_state
M19C_S3_artificial_turf_B1_U060_R1,2759.782622980,10.664781737,stop,0.600000,-4.868488789,-45.278800964,-0.689041495,0.032025985,-0.002258650,-0.688455820,ros2_odometer_state
M19C_S3_artificial_turf_B1_U060_R1,2759.783687790,10.665846547,stop,0.600000,-4.868488789,-45.278800964,-0.689041495,0.032025985,-0.002258650,-0.688455820,ros2_odometer_state
M19C_S3_artificial_turf_B1_U060_R1,2759.787603210,10.669761967,stop,0.600000,-4.868488789,-45.278800964,-0.688402414,0.032044228,-0.002609466,-0.688358903,ros2_odometer_state
M19C_S3_artificial_turf_B1_U060_R1,2759.788036571,10.670195328,stop,0.600000,-4.868488789,-45.278800964,-0.688402414,0.032044228,-0.002609466,-0.688358903,ros2_odometer_state
M19C_S3_artificial_turf_B1_U060_R1,2759.790128622,10.672287379,stop,0.600000,-4.868488789,-45.278800964,-0.688402414,0.032060619,-0.002795194,-0.688294291,ros2_odometer_state
M19C_S3_artificial_turf_B1_U060_R1,2759.792375848,10.674534605,stop,0.600000,-4.868488789,-45.278800964,-0.688402414,0.032067560,-0.002998116,-0.688229084,ros2_odometer_state
M19C_S3_artificial_turf_B1_U060_R1,2759.796771510,10.678930267,stop,0.600000,-4.868488789,-45.278800964,-0.688402414,0.032093193,-0.003419507,-0.688130021,ros2_odometer_state
M19C_S3_artificial_turf_B1_U060_R1,2759.798529148,10.680687905,stop,0.600000,-4.868488789,-45.278800964,-0.688402414,0.032105986,-0.003646700,-0.688071489,ros2_odometer_state
M19C_S3_artificial_turf_B1_U060_R1,2759.800151613,10.682310370,stop,0.600000,-4.868488789,-45.278800964,-0.688402414,0.032113396,-0.003875413,-0.688006878,ros2_odometer_state
M19C_S3_artificial_turf_B1_U060_R1,2759.802174285,10.684333042,stop,0.600000,-4.868488789,-45.278800964,-0.688402414,0.032114934,-0.004110893,-0.687935293,ros2_odometer_state
M19C_S3_artificial_turf_B1_U060_R1,2759.803153300,10.685312057,stop,0.600000,-4.868488789,-45.278800964,-0.688402414,0.032115653,-0.004330704,-0.687857151,ros2_odometer_state
M19C_S3_artificial_turf_B1_U060_R1,2759.805539763,10.687698520,stop,0.600000,-4.868488789,-45.278800964,-0.688402414,0.032114927,-0.004562597,-0.687771559,ros2_odometer_state
M19C_S3_artificial_turf_B1_U060_R1,2759.806709281,10.688868038,stop,0.600000,-4.868881226,-45.279266357,-0.687771559,0.032114927,-0.004562597,-0.687771559,ros2_odometer_state
M19C_S3_artificial_turf_B1_U060_R1,2759.809154755,10.691313512,stop,0.600000,-4.868881226,-45.279266357,-0.687771559,0.032126363,-0.004793568,-0.687684059,ros2_odometer_state
M19C_S3_artificial_turf_B1_U060_R1,2759.812475655,10.694634412,stop,0.600000,-4.868881226,-45.279266357,-0.687771559,0.032137103,-0.005009658,-0.687593758,ros2_odometer_state
M19C_S3_artificial_turf_B1_U060_R1,2759.815604227,10.697762984,stop,0.600000,-4.868881226,-45.279266357,-0.687771559,0.032132663,-0.005216872,-0.687501967,ros2_odometer_state
M19C_S3_artificial_turf_B1_U060_R1,2759.817565777,10.699724534,stop,0.600000,-4.868881226,-45.279266357,-0.687771559,0.032124240,-0.005425218,-0.687406838,ros2_odometer_state
