trial_id,timestamp_monotonic,t_rel,phase,command_velocity,odom_x,odom_y,odom_theta,imu_roll,imu_pitch,imu_yaw,source
M19C_S1_lab_hard_floor_B2_U020_R2,782.055600445,2.393171312,idle,0.200000,-5.002158165,-0.155060172,0.995781779,0.029891331,-0.006897653,0.995781779,ros2_odometer_state
M19C_S1_lab_hard_floor_B2_U020_R2,782.060745829,2.398316696,idle,0.200000,-5.002158165,-0.155060172,0.995781779,0.029891331,-0.006897653,0.995781779,ros2_odometer_state
M19C_S1_lab_hard_floor_B2_U020_R2,782.064417492,2.401988359,idle,0.200000,-5.002158165,-0.155060172,0.995781779,0.029891124,-0.006896875,0.995781779,ros2_odometer_state
M19C_S1_lab_hard_floor_B2_U020_R2,782.077999715,2.415570582,idle,0.200000,-5.002158165,-0.155060172,0.995781779,0.029892065,-0.006895375,0.995781779,ros2_odometer_state
M19C_S1_lab_hard_floor_B2_U020_R2,782.079686213,2.417257080,idle,0.200000,-5.002158165,-0.155060172,0.995781779,0.029892065,-0.006895375,0.995781779,ros2_odometer_state
M19C_S1_lab_hard_floor_B2_U020_R2,782.080878483,2.418449350,idle,0.200000,-5.002158165,-0.155060172,0.995781779,0.029890943,-0.006892039,0.995781660,ros2_odometer_state
M19C_S1_lab_hard_floor_B2_U020_R2,782.081991166,2.419562033,idle,0.200000,-5.002158165,-0.155060172,0.995781779,0.029890943,-0.006892039,0.995781660,ros2_odometer_state
M19C_S1_lab_hard_floor_B2_U020_R2,782.083729634,2.421300501,idle,0.200000,-5.002158165,-0.155060172,0.995781779,0.029890943,-0.006892039,0.995781660,ros2_odometer_state
M19C_S1_lab_hard_floor_B2_U020_R2,782.085443845,2.423014712,idle,0.200000,-5.002158165,-0.155060172,0.995781779,0.029891199,-0.006894988,0.995781660,ros2_odometer_state
M19C_S1_lab_hard_floor_B2_U020_R2,782.086491149,2.424062016,idle,0.200000,-5.002158165,-0.155060172,0.995781779,0.029891199,-0.006894988,0.995781660,ros2_odometer_state
M19C_S1_lab_hard_floor_B2_U020_R2,782.087413841,2.424984708,idle,0.200000,-5.002158165,-0.155060172,0.995781779,0.029892677,-0.006895708,0.995781660,ros2_odometer_state
M19C_S1_lab_hard_floor_B2_U020_R2,782.088332341,2.425903208,idle,0.200000,-5.002158165,-0.155060172,0.995781779,0.029892677,-0.006895708,0.995781660,ros2_odometer_state
M19C_S1_lab_hard_floor_B2_U020_R2,782.089194326,2.426765193,idle,0.200000,-5.002158165,-0.155060172,0.995781779,0.029892677,-0.006895708,0.995781660,ros2_odometer_state
M19C_S1_lab_hard_floor_B2_U020_R2,782.090047255,2.427618122,idle,0.200000,-5.002158165,-0.155060172,0.995781779,0.029892029,-0.006895107,0.995781660,ros2_odometer_state
M19C_S1_lab_hard_floor_B2_U020_R2,782.091171075,2.428741942,idle,0.200000,-5.002158165,-0.155060172,0.995781660,0.029892029,-0.006895107,0.995781660,ros2_odometer_state
M19C_S1_lab_hard_floor_B2_U020_R2,782.092078918,2.429649785,idle,0.200000,-5.002158165,-0.155060172,0.995781660,0.029893143,-0.006895411,0.995781660,ros2_odometer_state
M19C_S1_lab_hard_floor_B2_U020_R2,782.092938152,2.430509019,idle,0.200000,-5.002158165,-0.155060172,0.995781660,0.029893143,-0.006895411,0.995781660,ros2_odometer_state
M19C_S1_lab_hard_floor_B2_U020_R2,782.093793833,2.431364700,idle,0.200000,-5.002158165,-0.155060172,0.995781660,0.029893143,-0.006895411,0.995781660,ros2_odometer_state
M19C_S1_lab_hard_floor_B2_U020_R2,782.094616361,2.432187228,idle,0.200000,-5.002158165,-0.155060172,0.995781660,0.029895004,-0.006893645,0.995781660,ros2_odometer_state
M19C_S1_lab_hard_floor_B2_U020_R2,782.095451049,2.433021916,idle,0.200000,-5.002158165,-0.155060172,0.995781660,0.029895004,-0.006893645,0.995781660,ros2_odometer_state
M19C_S1_lab_hard_floor_B2_U020_R2,782.096328460,2.433899327,idle,0.200000,-5.002158165,-0.155060172,0.995781660,0.029894030,-0.006893248,0.995781660,ros2_odometer_state
M19C_S1_lab_hard_floor_B2_U020_R2,782.097163276,2.434734143,idle,0.200000,-5.002158165,-0.155060172,0.995781660,0.029894030,-0.006893248,0.995781660,ros2_odometer_state
M19C_S1_lab_hard_floor_B2_U020_R2,782.097995020,2.435565887,idle,0.200000,-5.002158165,-0.155060172,0.995781660,0.029894030,-0.006893248,0.995781660,ros2_odometer_state
M19C_S1_lab_hard_floor_B2_U020_R2,782.098845485,2.436416352,idle,0.200000,-5.002158165,-0.155060172,0.995781660,0.029893834,-0.006892744,0.995781660,ros2_odometer_state
M19C_S1_lab_hard_floor_B2_U020_R2,782.099726576,2.437297443,idle,0.200000,-5.002158165,-0.155060172,0.995781660,0.029893834,-0.006892744,0.995781660,ros2_odometer_state
M19C_S1_lab_hard_floor_B2_U020_R2,782.100618962,2.438189829,idle,0.200000,-5.002158165,-0.155060172,0.995781660,0.029894041,-0.006893444,0.995781660,ros2_odometer_state
M19C_S1_lab_hard_floor_B2_U020_R2,782.101470227,2.439041094,idle,0.200000,-5.002158165,-0.155060172,0.995781660,0.029894041,-0.006893444,0.995781660,ros2_odometer_state
M19C_S1_lab_hard_floor_B2_U020_R2,782.102306164,2.439877031,idle,0.200000,-5.002158165,-0.155060172,0.995781660,0.029894041,-0.006893444,0.995781660,ros2_odometer_state
M19C_S1_lab_hard_floor_B2_U020_R2,782.103151253,2.440722120,idle,0.200000,-5.002158165,-0.155060172,0.995781660,0.029892471,-0.006894137,0.995781660,ros2_odometer_state
M19C_S1_lab_hard_floor_B2_U020_R2,782.103994069,2.441564936,idle,0.200000,-5.002158165,-0.155060172,0.995781660,0.029892471,-0.006894137,0.995781660,ros2_odometer_state
M19C_S1_lab_hard_floor_B2_U020_R2,782.104854519,2.442425386,idle,0.200000,-5.002158165,-0.155060172,0.995781660,0.029892106,-0.006893838,0.995781660,ros2_odometer_state
M19C_S1_lab_hard_floor_B2_U020_R2,782.105746297,2.443317164,idle,0.200000,-5.002158165,-0.155060172,0.995781660,0.029892106,-0.006893838,0.995781660,ros2_odometer_state
M19C_S1_lab_hard_floor_B2_U020_R2,782.106569081,2.444139948,idle,0.200000,-5.002158165,-0.155060172,0.995781660,0.029892106,-0.006893838,0.995781660,ros2_odometer_state
M19C_S1_lab_hard_floor_B2_U020_R2,782.107417594,2.444988461,idle,0.200000,-5.002158165,-0.155060172,0.995781660,0.029893119,-0.006892061,0.995781660,ros2_odometer_state
M19C_S1_lab_hard_floor_B2_U020_R2,782.108286812,2.445857679,idle,0.200000,-5.002158165,-0.155060172,0.995781660,0.029893119,-0.006892061,0.995781660,ros2_odometer_state
M19C_S1_lab_hard_floor_B2_U020_R2,782.109137437,2.446708304,idle,0.200000,-5.002158165,-0.155060172,0.995781660,0.029892748,-0.006891785,0.995781481,ros2_odometer_state
M19C_S1_lab_hard_floor_B2_U020_R2,782.109954205,2.447525072,idle,0.200000,-5.002158165,-0.155060172,0.995781660,0.029892748,-0.006891785,0.995781481,ros2_odometer_state
M19C_S1_lab_hard_floor_B2_U020_R2,782.110783773,2.448354640,idle,0.200000,-5.002158165,-0.155060172,0.995781660,0.029892748,-0.006891785,0.995781481,ros2_odometer_state
M19C_S1_lab_hard_floor_B2_U020_R2,782.111613437,2.449184304,idle,0.200000,-5.002158165,-0.155060172,0.995781660,0.029893326,-0.006892180,0.995781660,ros2_odometer_state
M19C_S1_lab_hard_floor_B2_U020_R2,782.112484735,2.450055602,idle,0.200000,-5.002158165,-0.155060172,0.995781660,0.029893326,-0.006892180,0.995781660,ros2_odometer_state
M19C_S1_lab_hard_floor_B2_U020_R2,782.113313151,2.450884018,idle,0.200000,-5.002158165,-0.155060172,0.995781660,0.029893229,-0.006893083,0.995781660,ros2_odometer_state
M19C_S1_lab_hard_floor_B2_U020_R2,782.114153888,2.451724755,idle,0.200000,-5.002158165,-0.155060172,0.995781660,0.029893229,-0.006893083,0.995781660,ros2_odometer_state
M19C_S1_lab_hard_floor_B2_U020_R2,782.114427307,2.451998174,idle,0.200000,-5.002158165,-0.155060172,0.995781660,0.029893229,-0.006893083,0.995781660,ros2_odometer_state
M19C_S1_lab_hard_floor_B2_U020_R2,782.115239946,2.452810813,idle,0.200000,-5.002158165,-0.155060172,0.995781660,0.029893229,-0.006893083,0.995781660,ros2_odometer_state
M19C_S1_lab_hard_floor_B2_U020_R2,782.117408126,2.454978993,idle,0.200000,-5.002158165,-0.155060172,0.995781660,0.029893229,-0.006893083,0.995781660,ros2_odometer_state
M19C_S1_lab_hard_floor_B2_U020_R2,782.120311151,2.457882018,idle,0.200000,-5.002158165,-0.155060172,0.995781660,0.029892471,-0.006893907,0.995781660,ros2_odometer_state
M19C_S1_lab_hard_floor_B2_U020_R2,782.122242202,2.459813069,idle,0.200000,-5.002158165,-0.155060172,0.995781660,0.029892787,-0.006893760,0.995781660,ros2_odometer_state
M19C_S1_lab_hard_floor_B2_U020_R2,782.124628087,2.462198954,idle,0.200000,-5.002158165,-0.155060172,0.995781660,0.029892787,-0.006893760,0.995781660,ros2_odometer_state
M19C_S1_lab_hard_floor_B2_U020_R2,782.126213333,2.463784200,idle,0.200000,-5.002158165,-0.155060172,0.995781660,0.029892787,-0.006893760,0.995781660,ros2_odometer_state
M19C_S1_lab_hard_floor_B2_U020_R2,782.127357601,2.464928468,idle,0.200000,-5.002158165,-0.155060172,0.995781660,0.029892787,-0.006893760,0.995781660,ros2_odometer_state
M19C_S1_lab_hard_floor_B2_U020_R2,782.130025225,2.467596092,idle,0.200000,-5.002158165,-0.155060172,0.995781660,0.029891834,-0.006893326,0.995781481,ros2_odometer_state
M19C_S1_lab_hard_floor_B2_U020_R2,782.131287642,2.468858509,idle,0.200000,-5.002158165,-0.155060172,0.995781660,0.029891834,-0.006893326,0.995781481,ros2_odometer_state
M19C_S1_lab_hard_floor_B2_U020_R2,782.134051173,2.471622040,idle,0.200000,-5.002158165,-0.155060172,0.995781660,0.029891711,-0.006892909,0.995781481,ros2_odometer_state
M19C_S1_lab_hard_floor_B2_U020_R2,782.136058515,2.473629382,idle,0.200000,-5.002158165,-0.155060172,0.995781660,0.029891711,-0.006892909,0.995781481,ros2_odometer_state
M19C_S1_lab_hard_floor_B2_U020_R2,782.137273602,2.474844469,idle,0.200000,-5.002158165,-0.155060172,0.995781481,0.029891711,-0.006892909,0.995781481,ros2_odometer_state
M19C_S1_lab_hard_floor_B2_U020_R2,782.140090416,2.477661283,idle,0.200000,-5.002158165,-0.155060172,0.995781481,0.029891726,-0.006893429,0.995781481,ros2_odometer_state
M19C_S1_lab_hard_floor_B2_U020_R2,782.142027483,2.479598350,idle,0.200000,-5.002158165,-0.155060172,0.995781481,0.029890580,-0.006893293,0.995781541,ros2_odometer_state
M19C_S1_lab_hard_floor_B2_U020_R2,782.144756805,2.482327672,idle,0.200000,-5.002158165,-0.155060172,0.995781481,0.029890580,-0.006893293,0.995781541,ros2_odometer_state
M19C_S1_lab_hard_floor_B2_U020_R2,782.145312027,2.482882894,idle,0.200000,-5.002158165,-0.155060172,0.995781481,0.029890580,-0.006893293,0.995781541,ros2_odometer_state
M19C_S1_lab_hard_floor_B2_U020_R2,782.147271367,2.484842234,idle,0.200000,-5.002158165,-0.155060172,0.995781481,0.029890580,-0.006893293,0.995781541,ros2_odometer_state
M19C_S1_lab_hard_floor_B2_U020_R2,782.149364824,2.486935691,idle,0.200000,-5.002158165,-0.155060172,0.995781481,0.029891053,-0.006895107,0.995781541,ros2_odometer_state
M19C_S1_lab_hard_floor_B2_U020_R2,782.152188518,2.489759385,idle,0.200000,-5.002158165,-0.155060172,0.995781481,0.029891161,-0.006895525,0.995781660,ros2_odometer_state
M19C_S1_lab_hard_floor_B2_U020_R2,782.154012013,2.491582880,idle,0.200000,-5.002158165,-0.155060172,0.995781481,0.029891161,-0.006895525,0.995781660,ros2_odometer_state
M19C_S1_lab_hard_floor_B2_U020_R2,782.156138463,2.493709330,idle,0.200000,-5.002158165,-0.155060172,0.995781481,0.029891161,-0.006895525,0.995781660,ros2_odometer_state
M19C_S1_lab_hard_floor_B2_U020_R2,782.158020360,2.495591227,idle,0.200000,-5.002158165,-0.155060172,0.995781660,0.029889513,-0.006895244,0.995781541,ros2_odometer_state
M19C_S1_lab_hard_floor_B2_U020_R2,782.159922258,2.497493125,idle,0.200000,-5.002158165,-0.155060172,0.995781660,0.029889513,-0.006895244,0.995781541,ros2_odometer_state
M19C_S1_lab_hard_floor_B2_U020_R2,782.161935968,2.499506835,idle,0.200000,-5.002158165,-0.155060172,0.995781660,0.029890491,-0.006896656,0.995781660,ros2_odometer_state
M19C_S1_lab_hard_floor_B2_U020_R2,782.164593576,2.502164443,command,0.200000,-5.002158165,-0.155060172,0.995781660,0.029890491,-0.006896656,0.995781660,ros2_odometer_state
M19C_S1_lab_hard_floor_B2_U020_R2,782.165370726,2.502941593,command,0.200000,-5.002158165,-0.155060172,0.995781660,0.029890491,-0.006896656,0.995781660,ros2_odometer_state
M19C_S1_lab_hard_floor_B2_U020_R2,782.167290640,2.504861507,command,0.200000,-5.002158165,-0.155060172,0.995781660,0.029890491,-0.006896656,0.995781660,ros2_odometer_state
M19C_S1_lab_hard_floor_B2_U020_R2,782.170167232,2.507738099,command,0.200000,-5.002158165,-0.155060172,0.995781660,0.029889746,-0.006897348,0.995781541,ros2_odometer_state
M19C_S1_lab_hard_floor_B2_U020_R2,782.172404535,2.509975402,command,0.200000,-5.002158165,-0.155060172,0.995781660,0.029890273,-0.006898872,0.995781660,ros2_odometer_state
M19C_S1_lab_hard_floor_B2_U020_R2,782.174179996,2.511750863,command,0.200000,-5.002158165,-0.155060172,0.995781660,0.029890273,-0.006898872,0.995781660,ros2_odometer_state
M19C_S1_lab_hard_floor_B2_U020_R2,782.176177450,2.513748317,command,0.200000,-5.002158165,-0.155060172,0.995781660,0.029890273,-0.006898872,0.995781660,ros2_odometer_state
M19C_S1_lab_hard_floor_B2_U020_R2,782.177337719,2.514908586,command,0.200000,-5.002158165,-0.155060172,0.995781660,0.029890273,-0.006898872,0.995781660,ros2_odometer_state
M19C_S1_lab_hard_floor_B2_U020_R2,782.180359148,2.517930015,command,0.200000,-5.002158165,-0.155060172,0.995781660,0.029890807,-0.006896704,0.995781660,ros2_odometer_state
M19C_S1_lab_hard_floor_B2_U020_R2,782.182258614,2.519829481,command,0.200000,-5.002158165,-0.155060172,0.995781660,0.029890925,-0.006897065,0.995781660,ros2_odometer_state
M19C_S1_lab_hard_floor_B2_U020_R2,782.184813273,2.522384140,command,0.200000,-5.002158165,-0.155060172,0.995781660,0.029890925,-0.006897065,0.995781660,ros2_odometer_state
M19C_S1_lab_hard_floor_B2_U020_R2,782.185668794,2.523239661,command,0.200000,-5.002158165,-0.155060172,0.995781660,0.029890925,-0.006897065,0.995781660,ros2_odometer_state
M19C_S1_lab_hard_floor_B2_U020_R2,782.188461415,2.526032282,command,0.200000,-5.002158165,-0.155060172,0.995781660,0.029891197,-0.006898378,0.995781660,ros2_odometer_state
M19C_S1_lab_hard_floor_B2_U020_R2,782.190231628,2.527802495,command,0.200000,-5.002158165,-0.155060172,0.995781660,0.029891197,-0.006898378,0.995781660,ros2_odometer_state
M19C_S1_lab_hard_floor_B2_U020_R2,782.192187096,2.529757963,command,0.200000,-5.002158165,-0.155060172,0.995781660,0.029890124,-0.006898221,0.995781660,ros2_odometer_state
M19C_S1_lab_hard_floor_B2_U020_R2,782.194330155,2.531901022,command,0.200000,-5.002158165,-0.155060172,0.995781660,0.029890124,-0.006898221,0.995781660,ros2_odometer_state
M19C_S1_lab_hard_floor_B2_U020_R2,782.196206932,2.533777799,command,0.200000,-5.002158165,-0.155060172,0.995781660,0.029890124,-0.006898221,0.995781660,ros2_odometer_state
M19C_S1_lab_hard_floor_B2_U020_R2,782.198242211,2.535813078,command,0.200000,-5.002158165,-0.155060172,0.995781660,0.029889988,-0.006898250,0.995781660,ros2_odometer_state
M19C_S1_lab_hard_floor_B2_U020_R2,782.200077386,2.537648253,command,0.200000,-5.002158165,-0.155060172,0.995781660,0.029889988,-0.006898250,0.995781660,ros2_odometer_state
M19C_S1_lab_hard_floor_B2_U020_R2,782.202147579,2.539718446,command,0.200000,-5.002158165,-0.155060172,0.995781660,0.029889669,-0.006897367,0.995781541,ros2_odometer_state
M19C_S1_lab_hard_floor_B2_U020_R2,782.203933344,2.541504211,command,0.200000,-5.002158165,-0.155060172,0.995781660,0.029889669,-0.006897367,0.995781541,ros2_odometer_state
M19C_S1_lab_hard_floor_B2_U020_R2,782.205341815,2.542912682,command,0.200000,-5.002158165,-0.155060172,0.995781660,0.029889669,-0.006897367,0.995781541,ros2_odometer_state
M19C_S1_lab_hard_floor_B2_U020_R2,782.208130915,2.545701782,command,0.200000,-5.002158165,-0.155060172,0.995781660,0.029889036,-0.006897302,0.995781660,ros2_odometer_state
M19C_S1_lab_hard_floor_B2_U020_R2,782.209311601,2.546882468,command,0.200000,-5.002158165,-0.155060172,0.995781660,0.029889036,-0.006897302,0.995781660,ros2_odometer_state
M19C_S1_lab_hard_floor_B2_U020_R2,782.212063644,2.549634511,command,0.200000,-5.002158165,-0.155060172,0.995781660,0.029888138,-0.006896577,0.995781660,ros2_odometer_state
M19C_S1_lab_hard_floor_B2_U020_R2,782.214023912,2.551594779,command,0.200000,-5.002158165,-0.155060172,0.995781660,0.029888138,-0.006896577,0.995781660,ros2_odometer_state
M19C_S1_lab_hard_floor_B2_U020_R2,782.216080760,2.553651627,command,0.200000,-5.002158165,-0.155060172,0.995781660,0.029888138,-0.006896577,0.995781660,ros2_odometer_state
M19C_S1_lab_hard_floor_B2_U020_R2,782.218207659,2.555778526,command,0.200000,-5.002158165,-0.155060172,0.995781660,0.029890271,-0.006894573,0.995781541,ros2_odometer_state
M19C_S1_lab_hard_floor_B2_U020_R2,782.220517636,2.558088503,command,0.200000,-5.002158165,-0.155060172,0.995781660,0.029890271,-0.006894573,0.995781541,ros2_odometer_state
M19C_S1_lab_hard_floor_B2_U020_R2,782.222052064,2.559622931,command,0.200000,-5.002158165,-0.155060172,0.995781660,0.029889112,-0.006896119,0.995781541,ros2_odometer_state
M19C_S1_lab_hard_floor_B2_U020_R2,782.224740776,2.562311643,command,0.200000,-5.002158165,-0.155060172,0.995781660,0.029889112,-0.006896119,0.995781541,ros2_odometer_state
M19C_S1_lab_hard_floor_B2_U020_R2,782.226078844,2.563649711,command,0.200000,-5.002158165,-0.155060172,0.995781660,0.029889112,-0.006896119,0.995781541,ros2_odometer_state
M19C_S1_lab_hard_floor_B2_U020_R2,782.228176974,2.565747841,command,0.200000,-5.002158165,-0.155060172,0.995781660,0.029887088,-0.006894840,0.995781541,ros2_odometer_state
M19C_S1_lab_hard_floor_B2_U020_R2,782.229361212,2.566932079,command,0.200000,-5.002158165,-0.155060172,0.995781660,0.029887088,-0.006894840,0.995781541,ros2_odometer_state
M19C_S1_lab_hard_floor_B2_U020_R2,782.232338224,2.569909091,command,0.200000,-5.002158165,-0.155060172,0.995781660,0.029891098,-0.006891767,0.995781481,ros2_odometer_state
M19C_S1_lab_hard_floor_B2_U020_R2,782.233271348,2.570842215,command,0.200000,-5.002158165,-0.155060172,0.995781660,0.029891098,-0.006891767,0.995781481,ros2_odometer_state
M19C_S1_lab_hard_floor_B2_U020_R2,782.236038047,2.573608914,command,0.200000,-5.002158165,-0.155060172,0.995781660,0.029891098,-0.006891767,0.995781481,ros2_odometer_state
M19C_S1_lab_hard_floor_B2_U020_R2,782.237995051,2.575565918,command,0.200000,-5.002158165,-0.155060172,0.995781481,0.029889621,-0.006894875,0.995781541,ros2_odometer_state
M19C_S1_lab_hard_floor_B2_U020_R2,782.239228827,2.576799694,command,0.200000,-5.002158165,-0.155060172,0.995781481,0.029889621,-0.006894875,0.995781541,ros2_odometer_state
M19C_S1_lab_hard_floor_B2_U020_R2,782.241212552,2.578783419,command,0.200000,-5.002158165,-0.155060172,0.995781481,0.029889621,-0.006894875,0.995781541,ros2_odometer_state
M19C_S1_lab_hard_floor_B2_U020_R2,782.244532873,2.582103740,command,0.200000,-5.002158165,-0.155060172,0.995781481,0.029888716,-0.006894228,0.995781541,ros2_odometer_state
M19C_S1_lab_hard_floor_B2_U020_R2,782.246005155,2.583576022,command,0.200000,-5.002158165,-0.155060172,0.995781481,0.029888716,-0.006894228,0.995781541,ros2_odometer_state
M19C_S1_lab_hard_floor_B2_U020_R2,782.248041362,2.585612229,command,0.200000,-5.002158165,-0.155060172,0.995781481,0.029891362,-0.006893110,0.995781481,ros2_odometer_state
M19C_S1_lab_hard_floor_B2_U020_R2,782.249255713,2.586826580,command,0.200000,-5.002158165,-0.155060172,0.995781481,0.029891362,-0.006893110,0.995781481,ros2_odometer_state
M19C_S1_lab_hard_floor_B2_U020_R2,782.252441341,2.590012208,command,0.200000,-5.002158165,-0.155060172,0.995781481,0.029889228,-0.006892638,0.995781481,ros2_odometer_state
M19C_S1_lab_hard_floor_B2_U020_R2,782.257533922,2.595104789,command,0.200000,-5.002158165,-0.155060172,0.995781481,0.029889228,-0.006892638,0.995781481,ros2_odometer_state
M19C_S1_lab_hard_floor_B2_U020_R2,782.258598956,2.596169823,command,0.200000,-5.002158165,-0.155060172,0.995781481,0.029889228,-0.006892638,0.995781481,ros2_odometer_state
M19C_S1_lab_hard_floor_B2_U020_R2,782.259780954,2.597351821,command,0.200000,-5.002158165,-0.155060172,0.995781481,0.029888289,-0.006893304,0.995781481,ros2_odometer_state
M19C_S1_lab_hard_floor_B2_U020_R2,782.260818978,2.598389845,command,0.200000,-5.002158165,-0.155060172,0.995781481,0.029888289,-0.006893304,0.995781481,ros2_odometer_state
M19C_S1_lab_hard_floor_B2_U020_R2,782.262291835,2.599862702,command,0.200000,-5.002158165,-0.155060172,0.995781481,0.029888928,-0.006893115,0.995781481,ros2_odometer_state
M19C_S1_lab_hard_floor_B2_U020_R2,782.263995101,2.601565968,command,0.200000,-5.002158165,-0.155060172,0.995781481,0.029888928,-0.006893115,0.995781481,ros2_odometer_state
M19C_S1_lab_hard_floor_B2_U020_R2,782.266278486,2.603849353,command,0.200000,-5.002158165,-0.155060172,0.995781481,0.029888928,-0.006893115,0.995781481,ros2_odometer_state
M19C_S1_lab_hard_floor_B2_U020_R2,782.268141279,2.605712146,command,0.200000,-5.002158165,-0.155060172,0.995781481,0.029889151,-0.006895459,0.995781481,ros2_odometer_state
M19C_S1_lab_hard_floor_B2_U020_R2,782.270360533,2.607931400,command,0.200000,-5.002158165,-0.155060172,0.995781481,0.029889151,-0.006895459,0.995781481,ros2_odometer_state
M19C_S1_lab_hard_floor_B2_U020_R2,782.272338658,2.609909525,command,0.200000,-5.002158165,-0.155060172,0.995781481,0.029888786,-0.006895275,0.995781481,ros2_odometer_state
M19C_S1_lab_hard_floor_B2_U020_R2,782.274517046,2.612087913,command,0.200000,-5.002158165,-0.155060172,0.995781481,0.029888786,-0.006895275,0.995781481,ros2_odometer_state
M19C_S1_lab_hard_floor_B2_U020_R2,782.276411840,2.613982707,command,0.200000,-5.002158165,-0.155060172,0.995781481,0.029888786,-0.006895275,0.995781481,ros2_odometer_state
M19C_S1_lab_hard_floor_B2_U020_R2,782.277529259,2.615100126,command,0.200000,-5.002158165,-0.155060172,0.995781481,0.029888786,-0.006895275,0.995781481,ros2_odometer_state
M19C_S1_lab_hard_floor_B2_U020_R2,782.279459030,2.617029897,command,0.200000,-5.002158165,-0.155060172,0.995781481,0.029889086,-0.006892317,0.995781481,ros2_odometer_state
M19C_S1_lab_hard_floor_B2_U020_R2,782.282134526,2.619705393,command,0.200000,-5.002158165,-0.155060172,0.995781481,0.029888682,-0.006893244,0.995781481,ros2_odometer_state
M19C_S1_lab_hard_floor_B2_U020_R2,782.284832903,2.622403770,command,0.200000,-5.002158165,-0.155060172,0.995781481,0.029888682,-0.006893244,0.995781481,ros2_odometer_state
M19C_S1_lab_hard_floor_B2_U020_R2,782.285486112,2.623056979,command,0.200000,-5.002158165,-0.155060172,0.995781481,0.029888682,-0.006893244,0.995781481,ros2_odometer_state
M19C_S1_lab_hard_floor_B2_U020_R2,782.288410610,2.625981477,command,0.200000,-5.002158165,-0.155060172,0.995781481,0.029889088,-0.006891489,0.995781481,ros2_odometer_state
M19C_S1_lab_hard_floor_B2_U020_R2,782.290364158,2.627935025,command,0.200000,-5.002158165,-0.155060172,0.995781481,0.029889088,-0.006891489,0.995781481,ros2_odometer_state
M19C_S1_lab_hard_floor_B2_U020_R2,782.292400141,2.629971008,command,0.200000,-5.002158165,-0.155060172,0.995781481,0.029888771,-0.006893267,0.995781481,ros2_odometer_state
M19C_S1_lab_hard_floor_B2_U020_R2,782.294327320,2.631898187,command,0.200000,-5.002158165,-0.155060172,0.995781481,0.029888771,-0.006893267,0.995781481,ros2_odometer_state
M19C_S1_lab_hard_floor_B2_U020_R2,782.295337983,2.632908850,command,0.200000,-5.002158165,-0.155060172,0.995781481,0.029888771,-0.006893267,0.995781481,ros2_odometer_state
M19C_S1_lab_hard_floor_B2_U020_R2,782.298148748,2.635719615,command,0.200000,-5.002158165,-0.155060172,0.995781481,0.029889077,-0.006896774,0.995781481,ros2_odometer_state
M19C_S1_lab_hard_floor_B2_U020_R2,782.300312960,2.637883827,command,0.200000,-5.002158165,-0.155060172,0.995781481,0.029889077,-0.006896774,0.995781481,ros2_odometer_state
M19C_S1_lab_hard_floor_B2_U020_R2,782.302170249,2.639741116,command,0.200000,-5.002158165,-0.155060172,0.995781481,0.029889463,-0.006894404,0.995781481,ros2_odometer_state
M19C_S1_lab_hard_floor_B2_U020_R2,782.304737004,2.642307871,command,0.200000,-5.002158165,-0.155060172,0.995781481,0.029889463,-0.006894404,0.995781481,ros2_odometer_state
M19C_S1_lab_hard_floor_B2_U020_R2,782.306090113,2.643660980,command,0.200000,-5.002158165,-0.155060172,0.995781481,0.029889463,-0.006894404,0.995781481,ros2_odometer_state
M19C_S1_lab_hard_floor_B2_U020_R2,782.308260885,2.645831752,command,0.200000,-5.002158165,-0.155060172,0.995781481,0.029887613,-0.006894364,0.995781481,ros2_odometer_state
M19C_S1_lab_hard_floor_B2_U020_R2,782.310051387,2.647622254,command,0.200000,-5.002158165,-0.155060172,0.995781481,0.029887613,-0.006894364,0.995781481,ros2_odometer_state
M19C_S1_lab_hard_floor_B2_U020_R2,782.312255152,2.649826019,command,0.200000,-5.002158165,-0.155060172,0.995781481,0.029885700,-0.006892934,0.995781362,ros2_odometer_state
M19C_S1_lab_hard_floor_B2_U020_R2,782.316470228,2.654041095,command,0.200000,-5.002158165,-0.155060172,0.995781481,0.029885700,-0.006892934,0.995781362,ros2_odometer_state
M19C_S1_lab_hard_floor_B2_U020_R2,782.317362103,2.654932970,command,0.200000,-5.002158165,-0.155060172,0.995781481,0.029885700,-0.006892934,0.995781362,ros2_odometer_state
M19C_S1_lab_hard_floor_B2_U020_R2,782.318201687,2.655772554,command,0.200000,-5.002158165,-0.155060172,0.995781362,0.029885046,-0.006895462,0.995781422,ros2_odometer_state
M19C_S1_lab_hard_floor_B2_U020_R2,782.319371077,2.656941944,command,0.200000,-5.002158165,-0.155060172,0.995781362,0.029885046,-0.006895462,0.995781422,ros2_odometer_state
M19C_S1_lab_hard_floor_B2_U020_R2,782.322410331,2.659981198,command,0.200000,-5.002158165,-0.155060172,0.995781362,0.029883934,-0.006894098,0.995781422,ros2_odometer_state
M19C_S1_lab_hard_floor_B2_U020_R2,782.324810840,2.662381707,command,0.200000,-5.002158165,-0.155060172,0.995781362,0.029883934,-0.006894098,0.995781422,ros2_odometer_state
M19C_S1_lab_hard_floor_B2_U020_R2,782.326428695,2.663999562,command,0.200000,-5.002158165,-0.155060172,0.995781362,0.029883934,-0.006894098,0.995781422,ros2_odometer_state
M19C_S1_lab_hard_floor_B2_U020_R2,782.327506273,2.665077140,command,0.200000,-5.002158165,-0.155060172,0.995781362,0.029883934,-0.006894098,0.995781422,ros2_odometer_state
M19C_S1_lab_hard_floor_B2_U020_R2,782.330332687,2.667903554,command,0.200000,-5.002158165,-0.155060172,0.995781362,0.029883014,-0.006893667,0.995781422,ros2_odometer_state
M19C_S1_lab_hard_floor_B2_U020_R2,782.332156150,2.669727017,command,0.200000,-5.002158165,-0.155060172,0.995781362,0.029881567,-0.006898051,0.995781541,ros2_odometer_state
M19C_S1_lab_hard_floor_B2_U020_R2,782.334490128,2.672060995,command,0.200000,-5.002158165,-0.155060172,0.995781362,0.029881567,-0.006898051,0.995781541,ros2_odometer_state
M19C_S1_lab_hard_floor_B2_U020_R2,782.336433020,2.674003887,command,0.200000,-5.002158165,-0.155060172,0.995781362,0.029881567,-0.006898051,0.995781541,ros2_odometer_state
M19C_S1_lab_hard_floor_B2_U020_R2,782.338431849,2.676002716,command,0.200000,-5.002158165,-0.155060172,0.995781541,0.029881170,-0.006898708,0.995781541,ros2_odometer_state
M19C_S1_lab_hard_floor_B2_U020_R2,782.340522779,2.678093646,command,0.200000,-5.002158165,-0.155060172,0.995781541,0.029881170,-0.006898708,0.995781541,ros2_odometer_state
M19C_S1_lab_hard_floor_B2_U020_R2,782.342385251,2.679956118,command,0.200000,-5.002158165,-0.155060172,0.995781541,0.029882321,-0.006897014,0.995781541,ros2_odometer_state
M19C_S1_lab_hard_floor_B2_U020_R2,782.344953191,2.682524058,command,0.200000,-5.002158165,-0.155060172,0.995781541,0.029882321,-0.006897014,0.995781541,ros2_odometer_state
M19C_S1_lab_hard_floor_B2_U020_R2,782.345648514,2.683219381,command,0.200000,-5.002158165,-0.155060172,0.995781541,0.029882321,-0.006897014,0.995781541,ros2_odometer_state
M19C_S1_lab_hard_floor_B2_U020_R2,782.348628854,2.686199721,command,0.200000,-5.002158165,-0.155060172,0.995781541,0.029881556,-0.006894028,0.995781422,ros2_odometer_state
M19C_S1_lab_hard_floor_B2_U020_R2,782.350478205,2.688049072,command,0.200000,-5.002158165,-0.155060172,0.995781541,0.029881556,-0.006894028,0.995781422,ros2_odometer_state
M19C_S1_lab_hard_floor_B2_U020_R2,782.352449098,2.690019965,command,0.200000,-5.002158165,-0.155060172,0.995781541,0.029883137,-0.006896690,0.995781481,ros2_odometer_state
M19C_S1_lab_hard_floor_B2_U020_R2,782.354409526,2.691980393,command,0.200000,-5.002158165,-0.155060172,0.995781541,0.029883137,-0.006896690,0.995781481,ros2_odometer_state
M19C_S1_lab_hard_floor_B2_U020_R2,782.356494791,2.694065658,command,0.200000,-5.002158165,-0.155060172,0.995781541,0.029883137,-0.006896690,0.995781481,ros2_odometer_state
M19C_S1_lab_hard_floor_B2_U020_R2,782.358470708,2.696041575,command,0.200000,-5.002158165,-0.155060172,0.995781481,0.029883409,-0.006895321,0.995781481,ros2_odometer_state
M19C_S1_lab_hard_floor_B2_U020_R2,782.360477826,2.698048693,command,0.200000,-5.002158165,-0.155060172,0.995781481,0.029883409,-0.006895321,0.995781481,ros2_odometer_state
M19C_S1_lab_hard_floor_B2_U020_R2,782.362455279,2.700026146,command,0.200000,-5.002158165,-0.155060172,0.995781481,0.029882792,-0.006895684,0.995781481,ros2_odometer_state
M19C_S1_lab_hard_floor_B2_U020_R2,782.364965936,2.702536803,command,0.200000,-5.002158165,-0.155060172,0.995781481,0.029882792,-0.006895684,0.995781481,ros2_odometer_state
M19C_S1_lab_hard_floor_B2_U020_R2,782.366647378,2.704218245,command,0.200000,-5.002158165,-0.155060172,0.995781481,0.029882792,-0.006895684,0.995781481,ros2_odometer_state
M19C_S1_lab_hard_floor_B2_U020_R2,782.368360884,2.705931751,command,0.200000,-5.002158165,-0.155060172,0.995781481,0.029883171,-0.006895369,0.995781481,ros2_odometer_state
M19C_S1_lab_hard_floor_B2_U020_R2,782.370312800,2.707883667,command,0.200000,-5.002158165,-0.155060172,0.995781481,0.029883171,-0.006895369,0.995781481,ros2_odometer_state
M19C_S1_lab_hard_floor_B2_U020_R2,782.372264492,2.709835359,command,0.200000,-5.002158165,-0.155060172,0.995781481,0.029882045,-0.006895670,0.995781481,ros2_odometer_state
M19C_S1_lab_hard_floor_B2_U020_R2,782.374210999,2.711781866,command,0.200000,-5.002158165,-0.155060172,0.995781481,0.029882045,-0.006895670,0.995781481,ros2_odometer_state
M19C_S1_lab_hard_floor_B2_U020_R2,782.376285608,2.713856475,command,0.200000,-5.002158165,-0.155060172,0.995781481,0.029882045,-0.006895670,0.995781481,ros2_odometer_state
M19C_S1_lab_hard_floor_B2_U020_R2,782.378314647,2.715885514,command,0.200000,-5.002158165,-0.155060172,0.995781481,0.029881183,-0.006894045,0.995781422,ros2_odometer_state
M19C_S1_lab_hard_floor_B2_U020_R2,782.380301284,2.717872151,command,0.200000,-5.002158165,-0.155060172,0.995781481,0.029881183,-0.006894045,0.995781422,ros2_odometer_state
M19C_S1_lab_hard_floor_B2_U020_R2,782.382254864,2.719825731,command,0.200000,-5.002158165,-0.155060172,0.995781481,0.029881353,-0.006893748,0.995781422,ros2_odometer_state
M19C_S1_lab_hard_floor_B2_U020_R2,782.385025532,2.722596399,command,0.200000,-5.002158165,-0.155060172,0.995781481,0.029881353,-0.006893748,0.995781422,ros2_odometer_state
M19C_S1_lab_hard_floor_B2_U020_R2,782.385593810,2.723164677,command,0.200000,-5.002158165,-0.155060172,0.995781481,0.029881353,-0.006893748,0.995781422,ros2_odometer_state
M19C_S1_lab_hard_floor_B2_U020_R2,782.388351357,2.725922224,command,0.200000,-5.002158165,-0.155060172,0.995781481,0.029881356,-0.006895523,0.995781422,ros2_odometer_state
M19C_S1_lab_hard_floor_B2_U020_R2,782.390243174,2.727814041,command,0.200000,-5.002158165,-0.155060172,0.995781481,0.029881356,-0.006895523,0.995781422,ros2_odometer_state
M19C_S1_lab_hard_floor_B2_U020_R2,782.392294742,2.729865609,command,0.200000,-5.002158165,-0.155060172,0.995781481,0.029880177,-0.006893870,0.995781422,ros2_odometer_state
M19C_S1_lab_hard_floor_B2_U020_R2,782.394225057,2.731795924,command,0.200000,-5.002158165,-0.155060172,0.995781481,0.029880177,-0.006893870,0.995781422,ros2_odometer_state
M19C_S1_lab_hard_floor_B2_U020_R2,782.396358644,2.733929511,command,0.200000,-5.002158165,-0.155060172,0.995781481,0.029880177,-0.006893870,0.995781422,ros2_odometer_state
M19C_S1_lab_hard_floor_B2_U020_R2,782.398645165,2.736216032,command,0.200000,-5.002158165,-0.155060172,0.995781422,0.029880961,-0.006894527,0.995781422,ros2_odometer_state
M19C_S1_lab_hard_floor_B2_U020_R2,782.400366768,2.737937635,command,0.200000,-5.002158165,-0.155060172,0.995781422,0.029880961,-0.006894527,0.995781422,ros2_odometer_state
M19C_S1_lab_hard_floor_B2_U020_R2,782.402348733,2.739919600,command,0.200000,-5.002158165,-0.155060172,0.995781422,0.029881980,-0.006896107,0.995781541,ros2_odometer_state
M19C_S1_lab_hard_floor_B2_U020_R2,782.404936513,2.742507380,command,0.200000,-5.002158165,-0.155060172,0.995781422,0.029881980,-0.006896107,0.995781541,ros2_odometer_state
M19C_S1_lab_hard_floor_B2_U020_R2,782.406288694,2.743859561,command,0.200000,-5.002158165,-0.155060172,0.995781422,0.029881980,-0.006896107,0.995781541,ros2_odometer_state
M19C_S1_lab_hard_floor_B2_U020_R2,782.408388807,2.745959674,command,0.200000,-5.002158165,-0.155060172,0.995781422,0.029880889,-0.006895838,0.995781422,ros2_odometer_state
M19C_S1_lab_hard_floor_B2_U020_R2,782.410240687,2.747811554,command,0.200000,-5.002158165,-0.155060172,0.995781422,0.029880889,-0.006895838,0.995781422,ros2_odometer_state
M19C_S1_lab_hard_floor_B2_U020_R2,782.412310944,2.749881811,command,0.200000,-5.002158165,-0.155060172,0.995781422,0.029880283,-0.006895655,0.995781422,ros2_odometer_state
M19C_S1_lab_hard_floor_B2_U020_R2,782.414305453,2.751876320,command,0.200000,-5.002158165,-0.155060172,0.995781422,0.029880283,-0.006895655,0.995781422,ros2_odometer_state
M19C_S1_lab_hard_floor_B2_U020_R2,782.416405279,2.753976146,command,0.200000,-5.002158165,-0.155060172,0.995781422,0.029880283,-0.006895655,0.995781422,ros2_odometer_state
M19C_S1_lab_hard_floor_B2_U020_R2,782.418378891,2.755949758,command,0.200000,-5.002158165,-0.155060172,0.995781422,0.029880237,-0.006896242,0.995781422,ros2_odometer_state
M19C_S1_lab_hard_floor_B2_U020_R2,782.420322007,2.757892874,command,0.200000,-5.002158165,-0.155060172,0.995781422,0.029880237,-0.006896242,0.995781422,ros2_odometer_state
M19C_S1_lab_hard_floor_B2_U020_R2,782.422263906,2.759834773,command,0.200000,-5.002158165,-0.155060172,0.995781422,0.029879864,-0.006896265,0.995781422,ros2_odometer_state
M19C_S1_lab_hard_floor_B2_U020_R2,782.424882664,2.762453531,command,0.200000,-5.002158165,-0.155060172,0.995781422,0.029879864,-0.006896265,0.995781422,ros2_odometer_state
M19C_S1_lab_hard_floor_B2_U020_R2,782.426328416,2.763899283,command,0.200000,-5.002158165,-0.155060172,0.995781422,0.029879864,-0.006896265,0.995781422,ros2_odometer_state
M19C_S1_lab_hard_floor_B2_U020_R2,782.428505717,2.766076584,command,0.200000,-5.002158165,-0.155060172,0.995781422,0.029881610,-0.006895359,0.995781422,ros2_odometer_state
M19C_S1_lab_hard_floor_B2_U020_R2,782.430824239,2.768395106,command,0.200000,-5.002158165,-0.155060172,0.995781422,0.029881610,-0.006895359,0.995781422,ros2_odometer_state
M19C_S1_lab_hard_floor_B2_U020_R2,782.432666135,2.770237002,command,0.200000,-5.002158165,-0.155060172,0.995781422,0.029881554,-0.006895398,0.995781422,ros2_odometer_state
M19C_S1_lab_hard_floor_B2_U020_R2,782.433652061,2.771222928,command,0.200000,-5.002158165,-0.155060172,0.995781422,0.029881554,-0.006895398,0.995781422,ros2_odometer_state
M19C_S1_lab_hard_floor_B2_U020_R2,782.436686803,2.774257670,command,0.200000,-5.002158165,-0.155060172,0.995781422,0.029881554,-0.006895398,0.995781422,ros2_odometer_state
M19C_S1_lab_hard_floor_B2_U020_R2,782.438641407,2.776212274,command,0.200000,-5.002158165,-0.155060172,0.995781422,0.029880494,-0.006896296,0.995781422,ros2_odometer_state
M19C_S1_lab_hard_floor_B2_U020_R2,782.440414756,2.777985623,command,0.200000,-5.002158165,-0.155060172,0.995781422,0.029880494,-0.006896296,0.995781422,ros2_odometer_state
M19C_S1_lab_hard_floor_B2_U020_R2,782.442262795,2.779833662,command,0.200000,-5.002158165,-0.155060172,0.995781422,0.029880116,-0.006895522,0.995781422,ros2_odometer_state
M19C_S1_lab_hard_floor_B2_U020_R2,782.444245656,2.781816523,command,0.200000,-5.002158165,-0.155060172,0.995781422,0.029880116,-0.006895522,0.995781422,ros2_odometer_state
M19C_S1_lab_hard_floor_B2_U020_R2,782.446662678,2.784233545,command,0.200000,-5.002158165,-0.155060172,0.995781422,0.029880116,-0.006895522,0.995781422,ros2_odometer_state
M19C_S1_lab_hard_floor_B2_U020_R2,782.447785154,2.785356021,command,0.200000,-5.002158165,-0.155060172,0.995781422,0.029880116,-0.006895522,0.995781422,ros2_odometer_state
M19C_S1_lab_hard_floor_B2_U020_R2,782.449821329,2.787392196,command,0.200000,-5.002158165,-0.155060172,0.995781422,0.029880876,-0.006895808,0.995781422,ros2_odometer_state
M19C_S1_lab_hard_floor_B2_U020_R2,782.452504441,2.790075308,command,0.200000,-5.002158165,-0.155060172,0.995781422,0.029879007,-0.006896027,0.995781422,ros2_odometer_state
M19C_S1_lab_hard_floor_B2_U020_R2,782.454473830,2.792044697,command,0.200000,-5.002158165,-0.155060172,0.995781422,0.029879007,-0.006896027,0.995781422,ros2_odometer_state
M19C_S1_lab_hard_floor_B2_U020_R2,782.455739543,2.793310410,command,0.200000,-5.002158165,-0.155060172,0.995781422,0.029879007,-0.006896027,0.995781422,ros2_odometer_state
M19C_S1_lab_hard_floor_B2_U020_R2,782.457798727,2.795369594,command,0.200000,-5.002158165,-0.155060172,0.995781422,0.029879007,-0.006896027,0.995781422,ros2_odometer_state
M19C_S1_lab_hard_floor_B2_U020_R2,782.460363307,2.797934174,command,0.200000,-5.002158165,-0.155060172,0.995781422,0.029880118,-0.006898222,0.995781422,ros2_odometer_state
M19C_S1_lab_hard_floor_B2_U020_R2,782.462332023,2.799902890,command,0.200000,-5.002158165,-0.155060172,0.995781422,0.029880725,-0.006895049,0.995781422,ros2_odometer_state
M19C_S1_lab_hard_floor_B2_U020_R2,782.465065377,2.802636244,command,0.200000,-5.002158165,-0.155060172,0.995781422,0.029880725,-0.006895049,0.995781422,ros2_odometer_state
M19C_S1_lab_hard_floor_B2_U020_R2,782.466576252,2.804147119,command,0.200000,-5.002158165,-0.155060172,0.995781422,0.029880725,-0.006895049,0.995781422,ros2_odometer_state
M19C_S1_lab_hard_floor_B2_U020_R2,782.467800780,2.805371647,command,0.200000,-5.002158165,-0.155060172,0.995781422,0.029880725,-0.006895049,0.995781422,ros2_odometer_state
M19C_S1_lab_hard_floor_B2_U020_R2,782.470420177,2.807991044,command,0.200000,-5.002158165,-0.155060172,0.995781422,0.029880427,-0.006896204,0.995781422,ros2_odometer_state
M19C_S1_lab_hard_floor_B2_U020_R2,782.471659649,2.809230516,command,0.200000,-5.002158165,-0.155060172,0.995781422,0.029880427,-0.006896204,0.995781422,ros2_odometer_state
M19C_S1_lab_hard_floor_B2_U020_R2,782.474328681,2.811899548,command,0.200000,-5.002158165,-0.155060172,0.995781422,0.029880412,-0.006897269,0.995781422,ros2_odometer_state
M19C_S1_lab_hard_floor_B2_U020_R2,782.476503486,2.814074353,command,0.200000,-5.002158165,-0.155060172,0.995781422,0.029880412,-0.006897269,0.995781422,ros2_odometer_state
M19C_S1_lab_hard_floor_B2_U020_R2,782.478885530,2.816456397,command,0.200000,-5.002158165,-0.155060172,0.995781422,0.029881081,-0.006896239,0.995781422,ros2_odometer_state
M19C_S1_lab_hard_floor_B2_U020_R2,782.480377460,2.817948327,command,0.200000,-5.002158165,-0.155060172,0.995781422,0.029881081,-0.006896239,0.995781422,ros2_odometer_state
M19C_S1_lab_hard_floor_B2_U020_R2,782.482441892,2.820012759,command,0.200000,-5.002158165,-0.155060172,0.995781422,0.029881585,-0.006896885,0.995781481,ros2_odometer_state
M19C_S1_lab_hard_floor_B2_U020_R2,782.484725277,2.822296144,command,0.200000,-5.002158165,-0.155060172,0.995781422,0.029881585,-0.006896885,0.995781481,ros2_odometer_state
M19C_S1_lab_hard_floor_B2_U020_R2,782.486447680,2.824018547,command,0.200000,-5.002158165,-0.155060172,0.995781422,0.029881585,-0.006896885,0.995781481,ros2_odometer_state
M19C_S1_lab_hard_floor_B2_U020_R2,782.488625781,2.826196648,command,0.200000,-5.002158165,-0.155060172,0.995781422,0.029881585,-0.006895487,0.995781422,ros2_odometer_state
M19C_S1_lab_hard_floor_B2_U020_R2,782.490429243,2.828000110,command,0.200000,-5.002158165,-0.155060172,0.995781422,0.029881585,-0.006895487,0.995781422,ros2_odometer_state
M19C_S1_lab_hard_floor_B2_U020_R2,782.492393767,2.829964634,command,0.200000,-5.002158165,-0.155060172,0.995781422,0.029881533,-0.006896308,0.995781481,ros2_odometer_state
M19C_S1_lab_hard_floor_B2_U020_R2,782.494531706,2.832102573,command,0.200000,-5.002158165,-0.155060172,0.995781422,0.029881533,-0.006896308,0.995781481,ros2_odometer_state
M19C_S1_lab_hard_floor_B2_U020_R2,782.495713480,2.833284347,command,0.200000,-5.002158165,-0.155060172,0.995781422,0.029881533,-0.006896308,0.995781481,ros2_odometer_state
M19C_S1_lab_hard_floor_B2_U020_R2,782.498810784,2.836381651,command,0.200000,-5.002158165,-0.155060172,0.995781481,0.029881731,-0.006895499,0.995781422,ros2_odometer_state
M19C_S1_lab_hard_floor_B2_U020_R2,782.500620871,2.838191738,command,0.200000,-5.002158165,-0.155060172,0.995781481,0.029881731,-0.006895499,0.995781422,ros2_odometer_state
M19C_S1_lab_hard_floor_B2_U020_R2,782.501723793,2.839294660,command,0.200000,-5.002158165,-0.155060172,0.995781481,0.029881731,-0.006895499,0.995781422,ros2_odometer_state
M19C_S1_lab_hard_floor_B2_U020_R2,782.505236858,2.842807725,command,0.200000,-5.002158165,-0.155060172,0.995781481,0.029881097,-0.006894361,0.995781362,ros2_odometer_state
M19C_S1_lab_hard_floor_B2_U020_R2,782.505999736,2.843570603,command,0.200000,-5.002158165,-0.155060172,0.995781481,0.029881097,-0.006894361,0.995781362,ros2_odometer_state
M19C_S1_lab_hard_floor_B2_U020_R2,782.508820421,2.846391288,command,0.200000,-5.002158165,-0.155060172,0.995781481,0.029879767,-0.006896226,0.995781422,ros2_odometer_state
M19C_S1_lab_hard_floor_B2_U020_R2,782.510498726,2.848069593,command,0.200000,-5.002158165,-0.155060172,0.995781481,0.029879767,-0.006896226,0.995781422,ros2_odometer_state
M19C_S1_lab_hard_floor_B2_U020_R2,782.511749591,2.849320458,command,0.200000,-5.002158165,-0.155060172,0.995781481,0.029879767,-0.006896226,0.995781422,ros2_odometer_state
M19C_S1_lab_hard_floor_B2_U020_R2,782.514387133,2.851958000,command,0.200000,-5.002158165,-0.155060172,0.995781481,0.029879281,-0.006895380,0.995781422,ros2_odometer_state
M19C_S1_lab_hard_floor_B2_U020_R2,782.516894207,2.854465074,command,0.200000,-5.002158165,-0.155060172,0.995781481,0.029879281,-0.006895380,0.995781422,ros2_odometer_state
M19C_S1_lab_hard_floor_B2_U020_R2,782.518061260,2.855632127,command,0.200000,-5.002158165,-0.155060172,0.995781422,0.029879281,-0.006895380,0.995781422,ros2_odometer_state
M19C_S1_lab_hard_floor_B2_U020_R2,782.520560045,2.858130912,command,0.200000,-5.002158165,-0.155060172,0.995781422,0.029878303,-0.006894107,0.995781422,ros2_odometer_state
M19C_S1_lab_hard_floor_B2_U020_R2,782.521815966,2.859386833,command,0.200000,-5.002158165,-0.155060172,0.995781422,0.029878303,-0.006894107,0.995781422,ros2_odometer_state
M19C_S1_lab_hard_floor_B2_U020_R2,782.524392354,2.861963221,command,0.200000,-5.002158165,-0.155060172,0.995781422,0.029879732,-0.006896034,0.995781422,ros2_odometer_state
M19C_S1_lab_hard_floor_B2_U020_R2,782.526581847,2.864152714,command,0.200000,-5.002158165,-0.155060172,0.995781422,0.029879732,-0.006896034,0.995781422,ros2_odometer_state
M19C_S1_lab_hard_floor_B2_U020_R2,782.528534595,2.866105462,command,0.200000,-5.002158165,-0.155060172,0.995781422,0.029881738,-0.006895325,0.995781362,ros2_odometer_state
M19C_S1_lab_hard_floor_B2_U020_R2,782.530482095,2.868052962,command,0.200000,-5.002158165,-0.155060172,0.995781422,0.029881738,-0.006895325,0.995781362,ros2_odometer_state
M19C_S1_lab_hard_floor_B2_U020_R2,782.534395559,2.871966426,command,0.200000,-5.002158165,-0.155060172,0.995781422,0.029881377,-0.006894806,0.995781362,ros2_odometer_state
M19C_S1_lab_hard_floor_B2_U020_R2,782.535784477,2.873355344,command,0.200000,-5.002158165,-0.155060172,0.995781422,0.029881377,-0.006894806,0.995781362,ros2_odometer_state
M19C_S1_lab_hard_floor_B2_U020_R2,782.536198829,2.873769696,command,0.200000,-5.002158165,-0.155060172,0.995781422,0.029881377,-0.006894806,0.995781362,ros2_odometer_state
M19C_S1_lab_hard_floor_B2_U020_R2,782.538126840,2.875697707,command,0.200000,-5.002158165,-0.155060172,0.995781362,0.029881377,-0.006894806,0.995781362,ros2_odometer_state
M19C_S1_lab_hard_floor_B2_U020_R2,782.540574359,2.878145226,command,0.200000,-5.002158165,-0.155060172,0.995781362,0.029882580,-0.006892399,0.995781362,ros2_odometer_state
M19C_S1_lab_hard_floor_B2_U020_R2,782.547455010,2.885025877,command,0.200000,-5.002158165,-0.155060172,0.995781362,0.029882580,-0.006892399,0.995781362,ros2_odometer_state
M19C_S1_lab_hard_floor_B2_U020_R2,782.550444566,2.888015433,command,0.200000,-5.002158165,-0.155060172,0.995781362,0.029882375,-0.006890400,0.995781302,ros2_odometer_state
M19C_S1_lab_hard_floor_B2_U020_R2,782.552236220,2.889807087,command,0.200000,-5.002158165,-0.155060172,0.995781362,0.029882375,-0.006890400,0.995781302,ros2_odometer_state
M19C_S1_lab_hard_floor_B2_U020_R2,782.553178240,2.890749107,command,0.200000,-5.002158165,-0.155060172,0.995781362,0.029882375,-0.006890400,0.995781302,ros2_odometer_state
M19C_S1_lab_hard_floor_B2_U020_R2,782.554250794,2.891821661,command,0.200000,-5.002158165,-0.155060172,0.995781362,0.029881326,-0.006890014,0.995781362,ros2_odometer_state
M19C_S1_lab_hard_floor_B2_U020_R2,782.555163758,2.892734625,command,0.200000,-5.002158165,-0.155060172,0.995781362,0.029881326,-0.006890014,0.995781362,ros2_odometer_state
M19C_S1_lab_hard_floor_B2_U020_R2,782.556474881,2.894045748,command,0.200000,-5.002158165,-0.155060172,0.995781362,0.029881435,-0.006890147,0.995781362,ros2_odometer_state
M19C_S1_lab_hard_floor_B2_U020_R2,782.557337986,2.894908853,command,0.200000,-5.002158165,-0.155060172,0.995781362,0.029881435,-0.006890147,0.995781362,ros2_odometer_state
M19C_S1_lab_hard_floor_B2_U020_R2,782.558344425,2.895915292,command,0.200000,-5.002158165,-0.155060172,0.995781362,0.029881435,-0.006890147,0.995781362,ros2_odometer_state
M19C_S1_lab_hard_floor_B2_U020_R2,782.560672708,2.898243575,command,0.200000,-5.002158165,-0.155060172,0.995781362,0.029882280,-0.006891560,0.995781362,ros2_odometer_state
M19C_S1_lab_hard_floor_B2_U020_R2,782.564063015,2.901633882,command,0.200000,-5.002158165,-0.155060172,0.995781362,0.029882787,-0.006889373,0.995781302,ros2_odometer_state
M19C_S1_lab_hard_floor_B2_U020_R2,782.565136305,2.902707172,command,0.200000,-5.002158165,-0.155060172,0.995781362,0.029882787,-0.006889373,0.995781302,ros2_odometer_state
M19C_S1_lab_hard_floor_B2_U020_R2,782.567359367,2.904930234,command,0.200000,-5.002158165,-0.155060172,0.995781362,0.029882787,-0.006889373,0.995781302,ros2_odometer_state
M19C_S1_lab_hard_floor_B2_U020_R2,782.569315283,2.906886150,command,0.200000,-5.002158165,-0.155060172,0.995781362,0.029882787,-0.006889373,0.995781302,ros2_odometer_state
M19C_S1_lab_hard_floor_B2_U020_R2,782.571025494,2.908596361,command,0.200000,-5.002158165,-0.155060172,0.995781362,0.029882357,-0.006893266,0.995781362,ros2_odometer_state
M19C_S1_lab_hard_floor_B2_U020_R2,782.572903039,2.910473906,command,0.200000,-5.002158165,-0.155060172,0.995781362,0.029882357,-0.006893266,0.995781362,ros2_odometer_state
M19C_S1_lab_hard_floor_B2_U020_R2,782.574638050,2.912208917,command,0.200000,-5.002158165,-0.155060172,0.995781362,0.029883070,-0.006893823,0.995781422,ros2_odometer_state
M19C_S1_lab_hard_floor_B2_U020_R2,782.583340180,2.920911047,command,0.200000,-5.002158165,-0.155060172,0.995781362,0.029883070,-0.006893823,0.995781422,ros2_odometer_state
M19C_S1_lab_hard_floor_B2_U020_R2,782.589556582,2.927127449,command,0.200000,-5.002158165,-0.155060172,0.995781422,0.029883070,-0.006893823,0.995781422,ros2_odometer_state
M19C_S1_lab_hard_floor_B2_U020_R2,782.596607096,2.934177963,command,0.200000,-5.002158165,-0.155060172,0.995781422,0.029883705,-0.006893169,0.995781422,ros2_odometer_state
M19C_S1_lab_hard_floor_B2_U020_R2,782.599647982,2.937218849,command,0.200000,-5.002158165,-0.155060172,0.995781422,0.029883705,-0.006893169,0.995781422,ros2_odometer_state
M19C_S1_lab_hard_floor_B2_U020_R2,782.611451352,2.949022219,command,0.200000,-5.002158165,-0.155060172,0.995781422,0.029883709,-0.006894325,0.995781422,ros2_odometer_state
M19C_S1_lab_hard_floor_B2_U020_R2,782.617439297,2.955010164,command,0.200000,-5.002158165,-0.155060172,0.995781422,0.029883709,-0.006894325,0.995781422,ros2_odometer_state
M19C_S1_lab_hard_floor_B2_U020_R2,782.619146947,2.956717814,command,0.200000,-5.002158165,-0.155060172,0.995781422,0.029883709,-0.006894325,0.995781422,ros2_odometer_state
M19C_S1_lab_hard_floor_B2_U020_R2,782.622511270,2.960082137,command,0.200000,-5.002158165,-0.155060172,0.995781422,0.029883286,-0.006896107,0.995781422,ros2_odometer_state
M19C_S1_lab_hard_floor_B2_U020_R2,782.623502381,2.961073248,command,0.200000,-5.002158165,-0.155060172,0.995781422,0.029883286,-0.006896107,0.995781422,ros2_odometer_state
M19C_S1_lab_hard_floor_B2_U020_R2,782.624505268,2.962076135,command,0.200000,-5.002158165,-0.155060172,0.995781422,0.029883171,-0.006897544,0.995781481,ros2_odometer_state
M19C_S1_lab_hard_floor_B2_U020_R2,782.649738920,2.987309787,command,0.200000,-5.002158165,-0.155060172,0.995781422,0.029883171,-0.006897544,0.995781481,ros2_odometer_state
M19C_S1_lab_hard_floor_B2_U020_R2,782.650863892,2.988434759,command,0.200000,-5.002158165,-0.155060172,0.995781481,0.029860655,-0.006795896,0.995761871,ros2_odometer_state
M19C_S1_lab_hard_floor_B2_U020_R2,782.651826457,2.989397324,command,0.200000,-5.002158165,-0.155060172,0.995781481,0.029845901,-0.006812855,0.995773852,ros2_odometer_state
M19C_S1_lab_hard_floor_B2_U020_R2,782.665223138,3.002794005,command,0.200000,-5.002158165,-0.155060172,0.995781481,0.029837903,-0.006838122,0.995792747,ros2_odometer_state
M19C_S1_lab_hard_floor_B2_U020_R2,782.668558851,3.006129718,command,0.200000,-5.002158165,-0.155060172,0.995781481,0.029825792,-0.006866666,0.995822072,ros2_odometer_state
M19C_S1_lab_hard_floor_B2_U020_R2,782.669609036,3.007179903,command,0.200000,-5.002158165,-0.155060172,0.995781481,0.029737901,-0.006946344,0.996037185,ros2_odometer_state
M19C_S1_lab_hard_floor_B2_U020_R2,782.671450963,3.009021830,command,0.200000,-5.002158165,-0.155060172,0.995781481,0.029729849,-0.006957000,0.996060789,ros2_odometer_state
M19C_S1_lab_hard_floor_B2_U020_R2,782.672415289,3.009986156,command,0.200000,-5.002158165,-0.155060172,0.995781481,0.029725954,-0.006966910,0.996083081,ros2_odometer_state
M19C_S1_lab_hard_floor_B2_U020_R2,782.673258842,3.010829709,command,0.200000,-5.002158165,-0.155060172,0.995781481,0.029724300,-0.006988016,0.996111035,ros2_odometer_state
M19C_S1_lab_hard_floor_B2_U020_R2,782.674092250,3.011663117,command,0.200000,-5.002158165,-0.155060172,0.995781481,0.029720226,-0.007018988,0.996140003,ros2_odometer_state
M19C_S1_lab_hard_floor_B2_U020_R2,782.674920282,3.012491149,command,0.200000,-5.002158165,-0.155060172,0.995781481,0.029716270,-0.007043089,0.996155202,ros2_odometer_state
M19C_S1_lab_hard_floor_B2_U020_R2,782.675877119,3.013447986,command,0.200000,-5.002158165,-0.155060172,0.995822072,0.029725790,-0.007067315,0.996169269,ros2_odometer_state
M19C_S1_lab_hard_floor_B2_U020_R2,782.676841509,3.014412376,command,0.200000,-5.002158165,-0.155060172,0.995822072,0.029731359,-0.007089626,0.996191561,ros2_odometer_state
M19C_S1_lab_hard_floor_B2_U020_R2,782.677694790,3.015265657,command,0.200000,-5.002158165,-0.155060172,0.995822072,0.029740443,-0.007112009,0.996207654,ros2_odometer_state
M19C_S1_lab_hard_floor_B2_U020_R2,782.678551335,3.016122202,command,0.200000,-5.002158165,-0.155060172,0.995822072,0.029758474,-0.007139036,0.996225953,ros2_odometer_state
M19C_S1_lab_hard_floor_B2_U020_R2,782.679430826,3.017001693,command,0.200000,-5.002158165,-0.155060172,0.995822072,0.029762266,-0.007160730,0.996239066,ros2_odometer_state
M19C_S1_lab_hard_floor_B2_U020_R2,782.680295563,3.017866430,command,0.200000,-5.002158165,-0.155060172,0.995822072,0.029758973,-0.007184967,0.996247768,ros2_odometer_state
M19C_S1_lab_hard_floor_B2_U020_R2,782.681119915,3.018690782,command,0.200000,-5.002158165,-0.155060172,0.995822072,0.029757246,-0.007210227,0.996249855,ros2_odometer_state
M19C_S1_lab_hard_floor_B2_U020_R2,782.681947947,3.019518814,command,0.200000,-5.002158165,-0.155060172,0.995822072,0.029752569,-0.007227798,0.996262252,ros2_odometer_state
M19C_S1_lab_hard_floor_B2_U020_R2,782.682809965,3.020380832,command,0.200000,-5.002158165,-0.155060172,0.995822072,0.029752763,-0.007250924,0.996280789,ros2_odometer_state
M19C_S1_lab_hard_floor_B2_U020_R2,782.683635181,3.021206048,command,0.200000,-5.002158165,-0.155060172,0.995822072,0.029748186,-0.007282784,0.996296048,ros2_odometer_state
M19C_S1_lab_hard_floor_B2_U020_R2,782.684531568,3.022102435,command,0.200000,-5.002158165,-0.155060172,0.996111035,0.029737821,-0.007319042,0.996319771,ros2_odometer_state
M19C_S1_lab_hard_floor_B2_U020_R2,782.685380689,3.022951556,command,0.200000,-5.002158165,-0.155060172,0.996111035,0.029731972,-0.007356812,0.996351063,ros2_odometer_state
M19C_S1_lab_hard_floor_B2_U020_R2,782.686208817,3.023779684,command,0.200000,-5.002158165,-0.155060172,0.996111035,0.029729025,-0.007397829,0.996382654,ros2_odometer_state
M19C_S1_lab_hard_floor_B2_U020_R2,782.687049458,3.024620325,command,0.200000,-5.002158165,-0.155060172,0.996111035,0.029721921,-0.007443316,0.996413112,ros2_odometer_state
M19C_S1_lab_hard_floor_B2_U020_R2,782.687870609,3.025441476,command,0.200000,-5.002158165,-0.155060172,0.996111035,0.029711394,-0.007496332,0.996445596,ros2_odometer_state
M19C_S1_lab_hard_floor_B2_U020_R2,782.688811606,3.026382473,command,0.200000,-5.002158165,-0.155060172,0.996111035,0.029702105,-0.007558279,0.996480405,ros2_odometer_state
M19C_S1_lab_hard_floor_B2_U020_R2,782.689636118,3.027206985,command,0.200000,-5.002158165,-0.155060172,0.996111035,0.029695760,-0.007614947,0.996516645,ros2_odometer_state
M19C_S1_lab_hard_floor_B2_U020_R2,782.690461782,3.028032649,command,0.200000,-5.002158165,-0.155060172,0.996111035,0.029690180,-0.007667619,0.996560693,ros2_odometer_state
M19C_S1_lab_hard_floor_B2_U020_R2,782.691276822,3.028847689,command,0.200000,-5.002158165,-0.155060172,0.996111035,0.029692961,-0.007731403,0.996601403,ros2_odometer_state
M19C_S1_lab_hard_floor_B2_U020_R2,782.692166008,3.029736875,command,0.200000,-5.002158165,-0.155060172,0.996111035,0.029697627,-0.007803496,0.996639788,ros2_odometer_state
M19C_S1_lab_hard_floor_B2_U020_R2,782.693014361,3.030585228,command,0.200000,-5.002158165,-0.155060172,0.996262252,0.029711146,-0.007877958,0.996678412,ros2_odometer_state
M19C_S1_lab_hard_floor_B2_U020_R2,782.693857530,3.031428397,command,0.200000,-5.002158165,-0.155060172,0.996262252,0.029735891,-0.007955156,0.996727169,ros2_odometer_state
M19C_S1_lab_hard_floor_B2_U020_R2,782.694684122,3.032254989,command,0.200000,-5.002158165,-0.155060172,0.996262252,0.029758735,-0.008039440,0.996772647,ros2_odometer_state
M19C_S1_lab_hard_floor_B2_U020_R2,782.695493466,3.033064333,command,0.200000,-5.002158165,-0.155060172,0.996262252,0.029779458,-0.008118853,0.996818125,ros2_odometer_state
M19C_S1_lab_hard_floor_B2_U020_R2,782.696361147,3.033932014,command,0.200000,-5.002158165,-0.155060172,0.996262252,0.029795460,-0.008190104,0.996867478,ros2_odometer_state
M19C_S1_lab_hard_floor_B2_U020_R2,782.697176539,3.034747406,command,0.200000,-5.002158165,-0.155060172,0.996262252,0.029805116,-0.008252037,0.996925473,ros2_odometer_state
M19C_S1_lab_hard_floor_B2_U020_R2,782.697983482,3.035554349,command,0.200000,-5.002158165,-0.155060172,0.996262252,0.029819939,-0.008313288,0.996994436,ros2_odometer_state
M19C_S1_lab_hard_floor_B2_U020_R2,782.698809114,3.036379981,command,0.200000,-5.002158165,-0.155060172,0.996262252,0.029837672,-0.008369949,0.997068763,ros2_odometer_state
M19C_S1_lab_hard_floor_B2_U020_R2,782.699638267,3.037209134,command,0.200000,-5.002158165,-0.155060172,0.996262252,0.029851591,-0.008422911,0.997142434,ros2_odometer_state
M19C_S1_lab_hard_floor_B2_U020_R2,782.699904645,3.037475512,command,0.200000,-5.002158165,-0.155060172,0.996262252,0.029851591,-0.008422911,0.997142434,ros2_odometer_state
M19C_S1_lab_hard_floor_B2_U020_R2,782.700257363,3.037828230,command,0.200000,-5.002158165,-0.155060172,0.996560693,0.029851591,-0.008422911,0.997142434,ros2_odometer_state
M19C_S1_lab_hard_floor_B2_U020_R2,782.701087027,3.038657894,command,0.200000,-5.002158165,-0.155060172,0.996560693,0.029868597,-0.008473604,0.997214615,ros2_odometer_state
M19C_S1_lab_hard_floor_B2_U020_R2,782.701526308,3.039097175,command,0.200000,-5.002158165,-0.155060172,0.996560693,0.029868597,-0.008473604,0.997214615,ros2_odometer_state
M19C_S1_lab_hard_floor_B2_U020_R2,782.701804175,3.039375042,command,0.200000,-5.002158165,-0.155060172,0.996560693,0.029868597,-0.008473604,0.997214615,ros2_odometer_state
M19C_S1_lab_hard_floor_B2_U020_R2,782.702076985,3.039647852,command,0.200000,-5.002158165,-0.155060172,0.996560693,0.029868597,-0.008473604,0.997214615,ros2_odometer_state
M19C_S1_lab_hard_floor_B2_U020_R2,782.702951003,3.040521870,command,0.200000,-5.002158165,-0.155060172,0.996560693,0.029881766,-0.008515960,0.997289002,ros2_odometer_state
M19C_S1_lab_hard_floor_B2_U020_R2,782.703238822,3.040809689,command,0.200000,-5.002158165,-0.155060172,0.996560693,0.029881766,-0.008515960,0.997289002,ros2_odometer_state
M19C_S1_lab_hard_floor_B2_U020_R2,782.703498385,3.041069252,command,0.200000,-5.002158165,-0.155060172,0.996560693,0.029881766,-0.008515960,0.997289002,ros2_odometer_state
M19C_S1_lab_hard_floor_B2_U020_R2,782.703751482,3.041322349,command,0.200000,-5.002158165,-0.155060172,0.996560693,0.029881766,-0.008515960,0.997289002,ros2_odometer_state
M19C_S1_lab_hard_floor_B2_U020_R2,782.704013829,3.041584696,command,0.200000,-5.002158165,-0.155060172,0.996560693,0.029881766,-0.008515960,0.997289002,ros2_odometer_state
M19C_S1_lab_hard_floor_B2_U020_R2,782.704273999,3.041844866,command,0.200000,-5.002158165,-0.155060172,0.997068763,0.029881766,-0.008515960,0.997289002,ros2_odometer_state
M19C_S1_lab_hard_floor_B2_U020_R2,782.704528889,3.042099756,command,0.200000,-5.002158165,-0.155060172,0.997068763,0.029881766,-0.008515960,0.997289002,ros2_odometer_state
M19C_S1_lab_hard_floor_B2_U020_R2,782.704798947,3.042369814,command,0.200000,-5.002158165,-0.155060172,0.997068763,0.029881766,-0.008515960,0.997289002,ros2_odometer_state
M19C_S1_lab_hard_floor_B2_U020_R2,782.705696070,3.043266937,command,0.200000,-5.002158165,-0.155060172,0.997068763,0.029896082,-0.008555328,0.997374117,ros2_odometer_state
M19C_S1_lab_hard_floor_B2_U020_R2,782.707500076,3.045070943,command,0.200000,-5.002158165,-0.155060172,0.997068763,0.029917145,-0.008576301,0.997466505,ros2_odometer_state
M19C_S1_lab_hard_floor_B2_U020_R2,782.708956485,3.046527352,command,0.200000,-5.002158165,-0.155060172,0.997068763,0.029947013,-0.008589297,0.997557640,ros2_odometer_state
M19C_S1_lab_hard_floor_B2_U020_R2,782.710908752,3.048479619,command,0.200000,-5.002158165,-0.155060172,0.997068763,0.029981434,-0.008594427,0.997659624,ros2_odometer_state
M19C_S1_lab_hard_floor_B2_U020_R2,782.713213098,3.050783965,command,0.200000,-5.002158165,-0.155060172,0.997068763,0.030018877,-0.008584344,0.997757435,ros2_odometer_state
M19C_S1_lab_hard_floor_B2_U020_R2,782.715156693,3.052727560,command,0.200000,-5.002158165,-0.155060172,0.997068763,0.030064005,-0.008573191,0.997842789,ros2_odometer_state
M19C_S1_lab_hard_floor_B2_U020_R2,782.717233702,3.054804569,command,0.200000,-5.002158165,-0.155060172,0.997068763,0.030118570,-0.008560725,0.997918546,ros2_odometer_state
M19C_S1_lab_hard_floor_B2_U020_R2,782.719352504,3.056923371,command,0.200000,-5.002158165,-0.155060172,0.997918546,0.030180125,-0.008530028,0.997989476,ros2_odometer_state
M19C_S1_lab_hard_floor_B2_U020_R2,782.720443363,3.058014230,command,0.200000,-5.002158165,-0.155060172,0.997918546,0.030180125,-0.008530028,0.997989476,ros2_odometer_state
M19C_S1_lab_hard_floor_B2_U020_R2,782.723196398,3.060767265,command,0.200000,-5.002158165,-0.155060172,0.997918546,0.030304605,-0.008419079,0.998132288,ros2_odometer_state
M19C_S1_lab_hard_floor_B2_U020_R2,782.725672814,3.063243681,command,0.200000,-5.002158165,-0.155060172,0.997918546,0.030363804,-0.008344470,0.998204112,ros2_odometer_state
M19C_S1_lab_hard_floor_B2_U020_R2,782.727121094,3.064691961,command,0.200000,-5.002158165,-0.155060172,0.997918546,0.030429848,-0.008252488,0.998274446,ros2_odometer_state
M19C_S1_lab_hard_floor_B2_U020_R2,782.729365502,3.066936369,command,0.200000,-5.002158165,-0.155060172,0.997918546,0.030501902,-0.008149042,0.998328686,ros2_odometer_state
M19C_S1_lab_hard_floor_B2_U020_R2,782.731209317,3.068780184,command,0.200000,-5.002158165,-0.155060172,0.997918546,0.030570982,-0.008037705,0.998380721,ros2_odometer_state
M19C_S1_lab_hard_floor_B2_U020_R2,782.733395450,3.070966317,command,0.200000,-5.002158165,-0.155060172,0.997918546,0.030634252,-0.007911051,0.998427093,ros2_odometer_state
M19C_S1_lab_hard_floor_B2_U020_R2,782.735384967,3.072955834,command,0.200000,-5.002158165,-0.155060172,0.997918546,0.030695081,-0.007777523,0.998474061,ros2_odometer_state
M19C_S1_lab_hard_floor_B2_U020_R2,782.737113355,3.074684222,command,0.200000,-5.002158165,-0.155060172,0.997918546,0.030755395,-0.007639573,0.998524487,ros2_odometer_state
M19C_S1_lab_hard_floor_B2_U020_R2,782.738481120,3.076051987,command,0.200000,-5.002158165,-0.155060172,0.998524487,0.030755395,-0.007639573,0.998524487,ros2_odometer_state
M19C_S1_lab_hard_floor_B2_U020_R2,782.741178504,3.078749371,command,0.200000,-5.002158165,-0.155060172,0.998524487,0.030861231,-0.007328749,0.998618245,ros2_odometer_state
M19C_S1_lab_hard_floor_B2_U020_R2,782.743078898,3.080649765,command,0.200000,-5.002158165,-0.155060172,0.998524487,0.030912496,-0.007174387,0.998652160,ros2_odometer_state
M19C_S1_lab_hard_floor_B2_U020_R2,782.745672727,3.083243594,command,0.200000,-5.002158165,-0.155060172,0.998524487,0.030965220,-0.007018141,0.998679698,ros2_odometer_state
M19C_S1_lab_hard_floor_B2_U020_R2,782.747128432,3.084699299,command,0.200000,-5.002158165,-0.155060172,0.998524487,0.031017536,-0.006859129,0.998697639,ros2_odometer_state
M19C_S1_lab_hard_floor_B2_U020_R2,782.749161375,3.086732242,command,0.200000,-5.002158165,-0.155060172,0.998524487,0.031070221,-0.006692342,0.998720348,ros2_odometer_state
M19C_S1_lab_hard_floor_B2_U020_R2,782.751149644,3.088720511,command,0.200000,-5.002158165,-0.155060172,0.998524487,0.031121077,-0.006520926,0.998736024,ros2_odometer_state
M19C_S1_lab_hard_floor_B2_U020_R2,782.753006164,3.090577031,command,0.200000,-5.002158165,-0.155060172,0.998524487,0.031174466,-0.006351445,0.998751402,ros2_odometer_state
M19C_S1_lab_hard_floor_B2_U020_R2,782.755677404,3.093248271,command,0.200000,-5.002158165,-0.155060172,0.998524487,0.031174466,-0.006351445,0.998751402,ros2_odometer_state
M19C_S1_lab_hard_floor_B2_U020_R2,782.758086297,3.095657164,command,0.200000,-5.002158165,-0.155060172,0.998524487,0.031235147,-0.006180030,0.998771667,ros2_odometer_state
M19C_S1_lab_hard_floor_B2_U020_R2,782.759888319,3.097459186,command,0.200000,-5.002158165,-0.155060172,0.998784184,0.031296983,-0.006005929,0.998784184,ros2_odometer_state
M19C_S1_lab_hard_floor_B2_U020_R2,782.761279925,3.098850792,command,0.200000,-5.002158165,-0.155060172,0.998784184,0.031362060,-0.005829961,0.998793006,ros2_odometer_state
M19C_S1_lab_hard_floor_B2_U020_R2,782.763209056,3.100779923,command,0.200000,-5.002158165,-0.155060172,0.998784184,0.031431630,-0.005647965,0.998814166,ros2_odometer_state
M19C_S1_lab_hard_floor_B2_U020_R2,782.765640479,3.103211346,command,0.200000,-5.002158165,-0.155060172,0.998784184,0.031496376,-0.005451465,0.998841584,ros2_odometer_state
M19C_S1_lab_hard_floor_B2_U020_R2,782.766726345,3.104297212,command,0.200000,-5.002158165,-0.155060172,0.998784184,0.031560753,-0.005249169,0.998871684,ros2_odometer_state
M19C_S1_lab_hard_floor_B2_U020_R2,782.769211946,3.106782813,command,0.200000,-5.002158165,-0.155060172,0.998784184,0.031699032,-0.004849846,0.998931646,ros2_odometer_state
M19C_S1_lab_hard_floor_B2_U020_R2,782.771017456,3.108588323,command,0.200000,-5.002158165,-0.155060172,0.998784184,0.031769950,-0.004662289,0.998960793,ros2_odometer_state
M19C_S1_lab_hard_floor_B2_U020_R2,782.772918330,3.110489197,command,0.200000,-5.002158165,-0.155060172,0.998784184,0.031851005,-0.004478662,0.998994648,ros2_odometer_state
M19C_S1_lab_hard_floor_B2_U020_R2,782.775255956,3.112826823,command,0.200000,-5.002158165,-0.155060172,0.998784184,0.031932484,-0.004297066,0.999029994,ros2_odometer_state
M19C_S1_lab_hard_floor_B2_U020_R2,782.777088188,3.114659055,command,0.200000,-5.002158165,-0.155060172,0.998784184,0.032022361,-0.004124458,0.999074817,ros2_odometer_state
M19C_S1_lab_hard_floor_B2_U020_R2,782.779148812,3.116719679,command,0.200000,-5.002158165,-0.155060172,0.999074817,0.032115895,-0.003950395,0.999139488,ros2_odometer_state
M19C_S1_lab_hard_floor_B2_U020_R2,782.780352954,3.117923821,command,0.200000,-5.002158165,-0.155060172,0.999074817,0.032115895,-0.003950395,0.999139488,ros2_odometer_state
M19C_S1_lab_hard_floor_B2_U020_R2,782.783040003,3.120610870,command,0.200000,-5.002158165,-0.155060172,0.999074817,0.032310262,-0.003564306,0.999330521,ros2_odometer_state
M19C_S1_lab_hard_floor_B2_U020_R2,782.785939219,3.123510086,command,0.200000,-5.002158165,-0.155060172,0.999074817,0.032416422,-0.003369557,0.999462545,ros2_odometer_state
M19C_S1_lab_hard_floor_B2_U020_R2,782.786540715,3.124111582,command,0.200000,-5.002158165,-0.155060172,0.999074817,0.032416422,-0.003369557,0.999462545,ros2_odometer_state
M19C_S1_lab_hard_floor_B2_U020_R2,782.795580074,3.133150941,command,0.200000,-5.002158165,-0.155060172,0.999074817,0.032631308,-0.003014621,0.999658287,ros2_odometer_state
M19C_S1_lab_hard_floor_B2_U020_R2,782.797752702,3.135323569,command,0.200000,-5.002158165,-0.155060172,0.999074817,0.032753702,-0.002886435,0.999729276,ros2_odometer_state
M19C_S1_lab_hard_floor_B2_U020_R2,782.799351421,3.136922288,command,0.200000,-5.002158165,-0.155060172,0.999074817,0.032886673,-0.002794797,0.999798298,ros2_odometer_state
M19C_S1_lab_hard_floor_B2_U020_R2,782.801202788,3.138773655,command,0.200000,-5.002158165,-0.155060172,0.999074817,0.033014629,-0.002734561,0.999854088,ros2_odometer_state
M19C_S1_lab_hard_floor_B2_U020_R2,782.803278453,3.140849320,command,0.200000,-5.002158165,-0.155060172,0.999074817,0.033126272,-0.002695327,0.999882936,ros2_odometer_state
M19C_S1_lab_hard_floor_B2_U020_R2,782.804487620,3.142058487,command,0.200000,-5.002158165,-0.155060172,0.999882936,0.033224668,-0.002662845,0.999903023,ros2_odometer_state
M19C_S1_lab_hard_floor_B2_U020_R2,782.805494603,3.143065470,command,0.200000,-5.002158165,-0.155060172,0.999882936,0.033307787,-0.002625953,0.999936879,ros2_odometer_state
M19C_S1_lab_hard_floor_B2_U020_R2,782.806693594,3.144264461,command,0.200000,-5.002158165,-0.155060172,0.999882936,0.033374511,-0.002579592,0.999964952,ros2_odometer_state
M19C_S1_lab_hard_floor_B2_U020_R2,782.808352474,3.145923341,command,0.200000,-5.002158165,-0.155060172,0.999882936,0.033432852,-0.002528562,0.999971509,ros2_odometer_state
M19C_S1_lab_hard_floor_B2_U020_R2,782.809631404,3.147202271,command,0.200000,-5.002158165,-0.155060172,0.999882936,0.033493780,-0.002476353,0.999941051,ros2_odometer_state
M19C_S1_lab_hard_floor_B2_U020_R2,782.812277075,3.149847942,command,0.200000,-5.002158165,-0.155060172,0.999882936,0.033553369,-0.002425889,0.999882042,ros2_odometer_state
M19C_S1_lab_hard_floor_B2_U020_R2,782.813246456,3.150817323,command,0.200000,-5.002158165,-0.155060172,0.999882936,0.033605430,-0.002374051,0.999802291,ros2_odometer_state
M19C_S1_lab_hard_floor_B2_U020_R2,782.814093305,3.151664172,command,0.200000,-5.002158165,-0.155060172,0.999882936,0.033655815,-0.002328355,0.999722958,ros2_odometer_state
M19C_S1_lab_hard_floor_B2_U020_R2,782.814411462,3.151982329,command,0.200000,-5.002158165,-0.155060172,0.999882936,0.033655815,-0.002328355,0.999722958,ros2_odometer_state
M19C_S1_lab_hard_floor_B2_U020_R2,782.819004856,3.156575723,command,0.200000,-5.002158165,-0.155060172,0.999882936,0.033751938,-0.002293442,0.999599993,ros2_odometer_state
M19C_S1_lab_hard_floor_B2_U020_R2,782.820561781,3.158132648,command,0.200000,-5.002158165,-0.155060172,0.999599993,0.033795640,-0.002298777,0.999541104,ros2_odometer_state
M19C_S1_lab_hard_floor_B2_U020_R2,782.822742953,3.160313820,command,0.200000,-5.002158165,-0.155060172,0.999599993,0.033834595,-0.002322705,0.999493539,ros2_odometer_state
M19C_S1_lab_hard_floor_B2_U020_R2,782.823577642,3.161148509,command,0.200000,-5.002158165,-0.155060172,0.999599993,0.033834595,-0.002322705,0.999493539,ros2_odometer_state
M19C_S1_lab_hard_floor_B2_U020_R2,782.825116166,3.162687033,command,0.200000,-5.002158165,-0.155060172,0.999599993,0.033885542,-0.002372160,0.999453127,ros2_odometer_state
M19C_S1_lab_hard_floor_B2_U020_R2,782.828087481,3.165658348,command,0.200000,-5.002158165,-0.155060172,0.999599993,0.033999220,-0.002552769,0.999358654,ros2_odometer_state
M19C_S1_lab_hard_floor_B2_U020_R2,782.828520426,3.166091293,command,0.200000,-5.002158165,-0.155060172,0.999599993,0.033999220,-0.002552769,0.999358654,ros2_odometer_state
M19C_S1_lab_hard_floor_B2_U020_R2,782.831995505,3.169566372,command,0.200000,-5.002158165,-0.155060172,0.999599993,0.034085721,-0.002801560,0.999303579,ros2_odometer_state
M19C_S1_lab_hard_floor_B2_U020_R2,782.836385403,3.173956270,command,0.200000,-5.002158165,-0.155060172,0.999599993,0.034120381,-0.002936250,0.999271452,ros2_odometer_state
M19C_S1_lab_hard_floor_B2_U020_R2,782.838234851,3.175805718,command,0.200000,-5.002158165,-0.155060172,0.999599993,0.034147225,-0.003083185,0.999239385,ros2_odometer_state
M19C_S1_lab_hard_floor_B2_U020_R2,782.839431026,3.177001893,command,0.200000,-5.002158165,-0.155060172,0.999599993,0.034165673,-0.003242341,0.999213934,ros2_odometer_state
M19C_S1_lab_hard_floor_B2_U020_R2,782.840351605,3.177922472,command,0.200000,-5.002158165,-0.155060172,0.999213934,0.034180425,-0.003402967,0.999179304,ros2_odometer_state
M19C_S1_lab_hard_floor_B2_U020_R2,782.841199798,3.178770665,command,0.200000,-5.002158165,-0.155060172,0.999213934,0.034202736,-0.003564263,0.999126494,ros2_odometer_state
M19C_S1_lab_hard_floor_B2_U020_R2,782.843127457,3.180698324,command,0.200000,-5.002158165,-0.155060172,0.999213934,0.034222011,-0.003737551,0.999072671,ros2_odometer_state
M19C_S1_lab_hard_floor_B2_U020_R2,782.845762472,3.183333339,command,0.200000,-5.002158165,-0.155060172,0.999213934,0.034235556,-0.003918270,0.999032795,ros2_odometer_state
M19C_S1_lab_hard_floor_B2_U020_R2,782.847146685,3.184717552,command,0.200000,-5.002158165,-0.155060172,0.999213934,0.034253735,-0.004093632,0.998984754,ros2_odometer_state
M19C_S1_lab_hard_floor_B2_U020_R2,782.849208462,3.186779329,command,0.200000,-5.002158165,-0.155060172,0.999213934,0.034266066,-0.004269634,0.998936117,ros2_odometer_state
M19C_S1_lab_hard_floor_B2_U020_R2,782.851226140,3.188797007,command,0.200000,-5.002158165,-0.155060172,0.999213934,0.034271095,-0.004451184,0.998898864,ros2_odometer_state
M19C_S1_lab_hard_floor_B2_U020_R2,782.852569424,3.190140291,command,0.200000,-5.002158165,-0.155060172,0.999213934,0.034271095,-0.004451184,0.998898864,ros2_odometer_state
M19C_S1_lab_hard_floor_B2_U020_R2,782.855238296,3.192809163,command,0.200000,-5.002158165,-0.155060172,0.999213934,0.034276105,-0.004831191,0.998802364,ros2_odometer_state
M19C_S1_lab_hard_floor_B2_U020_R2,782.856537162,3.194108029,command,0.200000,-5.002158165,-0.155060172,0.999213934,0.034276105,-0.004831191,0.998802364,ros2_odometer_state
M19C_S1_lab_hard_floor_B2_U020_R2,782.859273461,3.196844328,command,0.200000,-5.002158165,-0.155060172,0.998754680,0.034291226,-0.005200364,0.998719811,ros2_odometer_state
M19C_S1_lab_hard_floor_B2_U020_R2,782.861186783,3.198757650,command,0.200000,-5.002158165,-0.155060172,0.998754680,0.034289267,-0.005387728,0.998688936,ros2_odometer_state
M19C_S1_lab_hard_floor_B2_U020_R2,782.863691168,3.201262035,command,0.200000,-5.002158165,-0.155060172,0.998754680,0.034277674,-0.005568732,0.998664856,ros2_odometer_state
M19C_S1_lab_hard_floor_B2_U020_R2,782.865245565,3.202816432,command,0.200000,-5.002158165,-0.155060172,0.998754680,0.034277674,-0.005568732,0.998664856,ros2_odometer_state
M19C_S1_lab_hard_floor_B2_U020_R2,782.867486324,3.205057191,command,0.200000,-5.002158165,-0.155060172,0.998754680,0.034260400,-0.005898533,0.998632967,ros2_odometer_state
M19C_S1_lab_hard_floor_B2_U020_R2,782.868686050,3.206256917,command,0.200000,-5.002158165,-0.155060172,0.998754680,0.034260400,-0.005898533,0.998632967,ros2_odometer_state
M19C_S1_lab_hard_floor_B2_U020_R2,782.870588812,3.208159679,command,0.200000,-5.002158165,-0.155060172,0.998754680,0.034258615,-0.006043031,0.998611331,ros2_odometer_state
M19C_S1_lab_hard_floor_B2_U020_R2,782.873244211,3.210815078,command,0.200000,-5.002158165,-0.155060172,0.998754680,0.034262870,-0.006305855,0.998568356,ros2_odometer_state
M19C_S1_lab_hard_floor_B2_U020_R2,782.875255937,3.212826804,command,0.200000,-5.002158165,-0.155060172,0.998754680,0.034267854,-0.006414193,0.998566031,ros2_odometer_state
M19C_S1_lab_hard_floor_B2_U020_R2,782.877269904,3.214840771,command,0.200000,-5.002158165,-0.155060172,0.998754680,0.034271333,-0.006510013,0.998565376,ros2_odometer_state
M19C_S1_lab_hard_floor_B2_U020_R2,782.879616811,3.217187678,command,0.200000,-5.002158165,-0.155060172,0.998565376,0.034275610,-0.006599321,0.998565555,ros2_odometer_state
M19C_S1_lab_hard_floor_B2_U020_R2,782.881326157,3.218897024,command,0.200000,-5.002158165,-0.155060172,0.998565376,0.034278702,-0.006686299,0.998558044,ros2_odometer_state
M19C_S1_lab_hard_floor_B2_U020_R2,782.883508834,3.221079701,command,0.200000,-5.002158165,-0.155060172,0.998565376,0.034276374,-0.006760871,0.998539209,ros2_odometer_state
M19C_S1_lab_hard_floor_B2_U020_R2,782.886073702,3.223644569,command,0.200000,-5.002158165,-0.155060172,0.998565376,0.034272496,-0.006820946,0.998536050,ros2_odometer_state
M19C_S1_lab_hard_floor_B2_U020_R2,782.887654499,3.225225366,command,0.200000,-5.002158165,-0.155060172,0.998565376,0.034267616,-0.006867686,0.998540580,ros2_odometer_state
M19C_S1_lab_hard_floor_B2_U020_R2,782.889639056,3.227209923,command,0.200000,-5.002158165,-0.155060172,0.998565376,0.034258343,-0.006900285,0.998549342,ros2_odometer_state
M19C_S1_lab_hard_floor_B2_U020_R2,782.890644791,3.228215658,command,0.200000,-5.002158165,-0.155060172,0.998565376,0.034258343,-0.006900285,0.998549342,ros2_odometer_state
M19C_S1_lab_hard_floor_B2_U020_R2,782.892638245,3.230209112,command,0.200000,-5.002158165,-0.155060172,0.998565376,0.034242861,-0.006935928,0.998559773,ros2_odometer_state
M19C_S1_lab_hard_floor_B2_U020_R2,782.895986503,3.233557370,command,0.200000,-5.002158165,-0.155060172,0.998565376,0.034215972,-0.006994121,0.998577952,ros2_odometer_state
M19C_S1_lab_hard_floor_B2_U020_R2,782.896720675,3.234291542,command,0.200000,-5.002158165,-0.155060172,0.998565376,0.034215972,-0.006994121,0.998577952,ros2_odometer_state
M19C_S1_lab_hard_floor_B2_U020_R2,782.899424076,3.236994943,command,0.200000,-5.002158165,-0.155060172,0.998594701,0.034207001,-0.007011348,0.998594701,ros2_odometer_state
M19C_S1_lab_hard_floor_B2_U020_R2,782.901294677,3.238865544,command,0.200000,-5.002158165,-0.155060172,0.998594701,0.034200996,-0.007034175,0.998613119,ros2_odometer_state
M19C_S1_lab_hard_floor_B2_U020_R2,782.903512971,3.241083838,command,0.200000,-5.002158165,-0.155060172,0.998594701,0.034192909,-0.007079824,0.998668194,ros2_odometer_state
M19C_S1_lab_hard_floor_B2_U020_R2,782.905988715,3.243559582,command,0.200000,-5.002158165,-0.155060172,0.998594701,0.034195203,-0.007095013,0.998678088,ros2_odometer_state
M19C_S1_lab_hard_floor_B2_U020_R2,782.906746537,3.244317404,command,0.200000,-5.002158165,-0.155060172,0.998594701,0.034195203,-0.007095013,0.998678088,ros2_odometer_state
M19C_S1_lab_hard_floor_B2_U020_R2,782.908774136,3.246345003,command,0.200000,-5.002158165,-0.155060172,0.998594701,0.034206547,-0.007112301,0.998685002,ros2_odometer_state
M19C_S1_lab_hard_floor_B2_U020_R2,782.911465184,3.249036051,command,0.200000,-5.002158165,-0.155060172,0.998594701,0.034237448,-0.007149161,0.998703897,ros2_odometer_state
M19C_S1_lab_hard_floor_B2_U020_R2,782.913413484,3.250984351,command,0.200000,-5.002158165,-0.155060172,0.998594701,0.034249436,-0.007161742,0.998707473,ros2_odometer_state
M19C_S1_lab_hard_floor_B2_U020_R2,782.915326870,3.252897737,command,0.200000,-5.002158165,-0.155060172,0.998594701,0.034249436,-0.007161742,0.998707473,ros2_odometer_state
M19C_S1_lab_hard_floor_B2_U020_R2,782.916675211,3.254246078,command,0.200000,-5.002158165,-0.155060172,0.998594701,0.034263615,-0.007167028,0.998707891,ros2_odometer_state
M19C_S1_lab_hard_floor_B2_U020_R2,782.918825534,3.256396401,command,0.200000,-5.002158165,-0.155060172,0.998707950,0.034279641,-0.007174991,0.998707950,ros2_odometer_state
M19C_S1_lab_hard_floor_B2_U020_R2,782.920745097,3.258315964,command,0.200000,-5.002158165,-0.155060172,0.998707950,0.034293756,-0.007178032,0.998707473,ros2_odometer_state
M19C_S1_lab_hard_floor_B2_U020_R2,782.922758903,3.260329770,command,0.200000,-5.002158165,-0.155060172,0.998707950,0.034302253,-0.007175616,0.998697400,ros2_odometer_state
M19C_S1_lab_hard_floor_B2_U020_R2,782.925335003,3.262905870,command,0.200000,-5.002158165,-0.155060172,0.998707950,0.034304634,-0.007152397,0.998670936,ros2_odometer_state
M19C_S1_lab_hard_floor_B2_U020_R2,782.927675222,3.265246089,command,0.200000,-5.002158165,-0.155060172,0.998707950,0.034288678,-0.007085659,0.998589098,ros2_odometer_state
M19C_S1_lab_hard_floor_B2_U020_R2,782.928931655,3.266502522,command,0.200000,-5.002158165,-0.155060172,0.998707950,0.034288678,-0.007085659,0.998589098,ros2_odometer_state
M19C_S1_lab_hard_floor_B2_U020_R2,782.930925940,3.268496807,command,0.200000,-5.002158165,-0.155060172,0.998707950,0.034273200,-0.007048468,0.998533905,ros2_odometer_state
M19C_S1_lab_hard_floor_B2_U020_R2,782.932765276,3.270336143,command,0.200000,-5.002158165,-0.155060172,0.998707950,0.034252856,-0.007014966,0.998475909,ros2_odometer_state
M19C_S1_lab_hard_floor_B2_U020_R2,782.934764137,3.272335004,command,0.200000,-5.002158165,-0.155060172,0.998707950,0.034230426,-0.006991427,0.998421133,ros2_odometer_state
M19C_S1_lab_hard_floor_B2_U020_R2,782.936749751,3.274320618,command,0.200000,-5.002158165,-0.155060172,0.998707950,0.034206845,-0.006967014,0.998357177,ros2_odometer_state
M19C_S1_lab_hard_floor_B2_U020_R2,782.938785510,3.276356377,command,0.200000,-5.002158165,-0.155060172,0.998292446,0.034186985,-0.006943678,0.998292446,ros2_odometer_state
M19C_S1_lab_hard_floor_B2_U020_R2,782.941543953,3.279114820,command,0.200000,-5.002158165,-0.155060172,0.998292446,0.034169488,-0.006937402,0.998157918,ros2_odometer_state
M19C_S1_lab_hard_floor_B2_U020_R2,782.944735949,3.282306816,command,0.200000,-5.002158165,-0.155060172,0.998292446,0.034165967,-0.006934958,0.998086870,ros2_odometer_state
M19C_S1_lab_hard_floor_B2_U020_R2,782.945386598,3.282957465,command,0.200000,-5.002158165,-0.155060172,0.998292446,0.034165967,-0.006934958,0.998086870,ros2_odometer_state
M19C_S1_lab_hard_floor_B2_U020_R2,782.946765852,3.284336719,command,0.200000,-5.002158165,-0.155060172,0.998292446,0.034164909,-0.006929112,0.998013675,ros2_odometer_state
M19C_S1_lab_hard_floor_B2_U020_R2,782.948897295,3.286468162,command,0.200000,-5.002158165,-0.155060172,0.998292446,0.034168795,-0.006913213,0.997935414,ros2_odometer_state
M19C_S1_lab_hard_floor_B2_U020_R2,782.950648627,3.288219494,command,0.200000,-5.002158165,-0.155060172,0.998292446,0.034182865,-0.006892902,0.997861385,ros2_odometer_state
M19C_S1_lab_hard_floor_B2_U020_R2,782.953526818,3.291097685,command,0.200000,-5.002158165,-0.155060172,0.998292446,0.034223348,-0.006862128,0.997724295,ros2_odometer_state
M19C_S1_lab_hard_floor_B2_U020_R2,782.955463726,3.293034593,command,0.200000,-5.002158165,-0.155060172,0.998292446,0.034249585,-0.006853250,0.997669280,ros2_odometer_state
M19C_S1_lab_hard_floor_B2_U020_R2,782.957464187,3.295035054,command,0.200000,-5.002158165,-0.155060172,0.998292446,0.034279693,-0.006849550,0.997622490,ros2_odometer_state
M19C_S1_lab_hard_floor_B2_U020_R2,782.959476810,3.297047677,command,0.200000,-5.002158165,-0.155060172,0.997622490,0.034310658,-0.006843935,0.997588098,ros2_odometer_state
M19C_S1_lab_hard_floor_B2_U020_R2,782.961470039,3.299040906,command,0.200000,-5.002158165,-0.155060172,0.997622490,0.034344397,-0.006840948,0.997551560,ros2_odometer_state
M19C_S1_lab_hard_floor_B2_U020_R2,782.963444804,3.301015671,command,0.200000,-5.002158165,-0.155060172,0.997622490,0.034375105,-0.006843594,0.997516334,ros2_odometer_state
M19C_S1_lab_hard_floor_B2_U020_R2,782.965865890,3.303436757,command,0.200000,-5.002158165,-0.155060172,0.997622490,0.034375105,-0.006843594,0.997516334,ros2_odometer_state
M19C_S1_lab_hard_floor_B2_U020_R2,782.968990875,3.306561742,command,0.200000,-5.002158165,-0.155060172,0.997622490,0.034417365,-0.006852928,0.997450531,ros2_odometer_state
M19C_S1_lab_hard_floor_B2_U020_R2,782.969959169,3.307530036,command,0.200000,-5.002158165,-0.155060172,0.997622490,0.034437157,-0.006852644,0.997420967,ros2_odometer_state
M19C_S1_lab_hard_floor_B2_U020_R2,782.971503997,3.309074864,command,0.200000,-5.002158165,-0.155060172,0.997622490,0.034457836,-0.006860790,0.997404754,ros2_odometer_state
M19C_S1_lab_hard_floor_B2_U020_R2,782.973505803,3.311076670,command,0.200000,-5.002158165,-0.155060172,0.997622490,0.034469210,-0.006877583,0.997391045,ros2_odometer_state
M19C_S1_lab_hard_floor_B2_U020_R2,782.975482199,3.313053066,command,0.200000,-5.002158165,-0.155060172,0.997622490,0.034474652,-0.006890750,0.997376680,ros2_odometer_state
M19C_S1_lab_hard_floor_B2_U020_R2,782.978195681,3.315766548,command,0.200000,-5.002158165,-0.155060172,0.997622490,0.034473751,-0.006903699,0.997358382,ros2_odometer_state
M19C_S1_lab_hard_floor_B2_U020_R2,782.978972831,3.316543698,command,0.200000,-5.002158165,-0.155060172,0.997358382,0.034473751,-0.006903699,0.997358382,ros2_odometer_state
M19C_S1_lab_hard_floor_B2_U020_R2,782.980689474,3.318260341,command,0.200000,-5.002158165,-0.155060172,0.997358382,0.034470689,-0.006916851,0.997349739,ros2_odometer_state
M19C_S1_lab_hard_floor_B2_U020_R2,782.983543729,3.321114596,command,0.200000,-5.002158165,-0.155060172,0.997358382,0.034453195,-0.006949513,0.997355700,ros2_odometer_state
M19C_S1_lab_hard_floor_B2_U020_R2,782.986056050,3.323626917,command,0.200000,-5.002158165,-0.155060172,0.997358382,0.034447812,-0.006962617,0.997362077,ros2_odometer_state
M19C_S1_lab_hard_floor_B2_U020_R2,782.987556300,3.325127167,command,0.200000,-5.002158165,-0.155060172,0.997358382,0.034457039,-0.006977011,0.997370481,ros2_odometer_state
M19C_S1_lab_hard_floor_B2_U020_R2,782.989612700,3.327183567,command,0.200000,-5.002158165,-0.155060172,0.997358382,0.034472656,-0.007001320,0.997376978,ros2_odometer_state
M19C_S1_lab_hard_floor_B2_U020_R2,782.991524295,3.329095162,command,0.200000,-5.002158165,-0.155060172,0.997358382,0.034493368,-0.007037099,0.997389078,ros2_odometer_state
M19C_S1_lab_hard_floor_B2_U020_R2,782.993552629,3.331123496,command,0.200000,-5.002158165,-0.155060172,0.997358382,0.034517437,-0.007076302,0.997413218,ros2_odometer_state
M19C_S1_lab_hard_floor_B2_U020_R2,782.995599205,3.333170072,command,0.200000,-5.002158165,-0.155060172,0.997358382,0.034532078,-0.007118590,0.997442067,ros2_odometer_state
M19C_S1_lab_hard_floor_B2_U020_R2,782.997559537,3.335130404,command,0.200000,-5.002158165,-0.155060172,0.997358382,0.034549043,-0.007168723,0.997472465,ros2_odometer_state
M19C_S1_lab_hard_floor_B2_U020_R2,782.999582176,3.337153043,command,0.200000,-5.002158165,-0.155060172,0.997472465,0.034576543,-0.007234866,0.997507930,ros2_odometer_state
M19C_S1_lab_hard_floor_B2_U020_R2,783.001637584,3.339208451,command,0.200000,-5.002158165,-0.155060172,0.997472465,0.034598622,-0.007300301,0.997545063,ros2_odometer_state
M19C_S1_lab_hard_floor_B2_U020_R2,783.003571227,3.341142094,command,0.200000,-5.002158165,-0.155060172,0.997472465,0.034621250,-0.007361207,0.997582912,ros2_odometer_state
M19C_S1_lab_hard_floor_B2_U020_R2,783.006111773,3.343682640,command,0.200000,-5.002158165,-0.155060172,0.997472465,0.034652673,-0.007427853,0.997614741,ros2_odometer_state
M19C_S1_lab_hard_floor_B2_U020_R2,783.007581782,3.345152649,command,0.200000,-5.002158165,-0.155060172,0.997472465,0.034682926,-0.007497987,0.997653723,ros2_odometer_state
M19C_S1_lab_hard_floor_B2_U020_R2,783.009914097,3.347484964,command,0.200000,-5.002158165,-0.155060172,0.997472465,0.034707427,-0.007563040,0.997701585,ros2_odometer_state
M19C_S1_lab_hard_floor_B2_U020_R2,783.010985659,3.348556526,command,0.200000,-5.002158165,-0.155060172,0.997472465,0.034707427,-0.007563040,0.997701585,ros2_odometer_state
M19C_S1_lab_hard_floor_B2_U020_R2,783.013273620,3.350844487,command,0.200000,-5.002158165,-0.155060172,0.997472465,0.034732740,-0.007631399,0.997757137,ros2_odometer_state
M19C_S1_lab_hard_floor_B2_U020_R2,783.015680305,3.353251172,command,0.200000,-5.002158165,-0.155060172,0.997472465,0.034783453,-0.007739794,0.997859716,ros2_odometer_state
M19C_S1_lab_hard_floor_B2_U020_R2,783.018122064,3.355692931,command,0.200000,-5.002158165,-0.155060172,0.997472465,0.034805868,-0.007798238,0.997922003,ros2_odometer_state
M19C_S1_lab_hard_floor_B2_U020_R2,783.019679564,3.357250431,command,0.200000,-5.002158165,-0.155060172,0.997922003,0.034838129,-0.007850887,0.997979522,ros2_odometer_state
M19C_S1_lab_hard_floor_B2_U020_R2,783.021612440,3.359183307,command,0.200000,-5.002158165,-0.155060172,0.997922003,0.034867533,-0.007908352,0.998035669,ros2_odometer_state
M19C_S1_lab_hard_floor_B2_U020_R2,783.022804422,3.360375289,command,0.200000,-5.002158165,-0.155060172,0.997922003,0.034867533,-0.007908352,0.998035669,ros2_odometer_state
M19C_S1_lab_hard_floor_B2_U020_R2,783.026201674,3.363772541,command,0.200000,-5.002158165,-0.155060172,0.997922003,0.034931142,-0.008001360,0.998160481,ros2_odometer_state
M19C_S1_lab_hard_floor_B2_U020_R2,783.027622913,3.365193780,command,0.200000,-5.002158165,-0.155060172,0.997922003,0.034961380,-0.008037472,0.998230457,ros2_odometer_state
M19C_S1_lab_hard_floor_B2_U020_R2,783.029903290,3.367474157,command,0.200000,-5.002158165,-0.155060172,0.997922003,0.034985688,-0.008073820,0.998295724,ros2_odometer_state
M19C_S1_lab_hard_floor_B2_U020_R2,783.031696959,3.369267826,command,0.200000,-5.002158165,-0.155060172,0.997922003,0.035009678,-0.008122973,0.998365402,ros2_odometer_state
M19C_S1_lab_hard_floor_B2_U020_R2,783.033654667,3.371225534,command,0.200000,-5.002158165,-0.155060172,0.997922003,0.035044007,-0.008172329,0.998439729,ros2_odometer_state
M19C_S1_lab_hard_floor_B2_U020_R2,783.035659609,3.373230476,command,0.200000,-5.002158165,-0.155060172,0.997922003,0.035080604,-0.008223343,0.998525679,ros2_odometer_state
M19C_S1_lab_hard_floor_B2_U020_R2,783.037647687,3.375218554,command,0.200000,-5.002158165,-0.155060172,0.997922003,0.035104923,-0.008273820,0.998614311,ros2_odometer_state
M19C_S1_lab_hard_floor_B2_U020_R2,783.039761177,3.377332044,command,0.200000,-5.002158165,-0.155060172,0.998614311,0.035125516,-0.008327246,0.998701811,ros2_odometer_state
M19C_S1_lab_hard_floor_B2_U020_R2,783.041640642,3.379211509,command,0.200000,-5.002158165,-0.155060172,0.998614311,0.035142198,-0.008389420,0.998796642,ros2_odometer_state
M19C_S1_lab_hard_floor_B2_U020_R2,783.042950069,3.380520936,command,0.200000,-5.002158165,-0.155060172,0.998614311,0.035142198,-0.008389420,0.998796642,ros2_odometer_state
M19C_S1_lab_hard_floor_B2_U020_R2,783.045557914,3.383128781,command,0.200000,-5.002158165,-0.155060172,0.998614311,0.035161704,-0.008459665,0.998899460,ros2_odometer_state
M19C_S1_lab_hard_floor_B2_U020_R2,783.047025971,3.384596838,command,0.200000,-5.002158165,-0.155060172,0.998614311,0.035178944,-0.008541054,0.998999536,ros2_odometer_state
M19C_S1_lab_hard_floor_B2_U020_R2,783.049041761,3.386612628,command,0.200000,-5.002158165,-0.155060172,0.998614311,0.035192281,-0.008627895,0.999083579,ros2_odometer_state
M19C_S1_lab_hard_floor_B2_U020_R2,783.050989869,3.388560736,command,0.200000,-5.002158165,-0.155060172,0.998614311,0.035205338,-0.008719554,0.999151587,ros2_odometer_state
M19C_S1_lab_hard_floor_B2_U020_R2,783.053779769,3.391350636,command,0.200000,-5.002158165,-0.155060172,0.998614311,0.035231441,-0.008920491,0.999282598,ros2_odometer_state
M19C_S1_lab_hard_floor_B2_U020_R2,783.055867978,3.393438845,command,0.200000,-5.002158165,-0.155060172,0.998614311,0.035231441,-0.008920491,0.999282598,ros2_odometer_state
M19C_S1_lab_hard_floor_B2_U020_R2,783.056983254,3.394554121,command,0.200000,-5.002158165,-0.155060172,0.998614311,0.035231441,-0.008920491,0.999282598,ros2_odometer_state
M19C_S1_lab_hard_floor_B2_U020_R2,783.059985738,3.397556605,command,0.200000,-5.002158165,-0.155060172,0.999369085,0.035302773,-0.009224205,0.999399602,ros2_odometer_state
M19C_S1_lab_hard_floor_B2_U020_R2,783.061755343,3.399326210,command,0.200000,-5.002158165,-0.155060172,0.999369085,0.035302773,-0.009224205,0.999399602,ros2_odometer_state
M19C_S1_lab_hard_floor_B2_U020_R2,783.063691706,3.401262573,command,0.200000,-5.002158165,-0.155060172,0.999369085,0.035365421,-0.009414935,0.999430299,ros2_odometer_state
M19C_S1_lab_hard_floor_B2_U020_R2,783.065605381,3.403176248,command,0.200000,-5.002158165,-0.155060172,0.999369085,0.035365421,-0.009414935,0.999430299,ros2_odometer_state
M19C_S1_lab_hard_floor_B2_U020_R2,783.067881277,3.405452144,command,0.200000,-5.002158165,-0.155060172,0.999369085,0.035452120,-0.009597206,0.999449730,ros2_odometer_state
M19C_S1_lab_hard_floor_B2_U020_R2,783.069878315,3.407449182,command,0.200000,-5.002158165,-0.155060172,0.999369085,0.035534143,-0.009764871,0.999451876,ros2_odometer_state
M19C_S1_lab_hard_floor_B2_U020_R2,783.071723154,3.409294021,command,0.200000,-5.002158165,-0.155060172,0.999369085,0.035576798,-0.009858484,0.999451518,ros2_odometer_state
M19C_S1_lab_hard_floor_B2_U020_R2,783.073742369,3.411313236,command,0.200000,-5.002158165,-0.155060172,0.999369085,0.035616867,-0.009965012,0.999455869,ros2_odometer_state
M19C_S1_lab_hard_floor_B2_U020_R2,783.075705997,3.413276864,command,0.200000,-5.002158165,-0.155060172,0.999369085,0.035648700,-0.010079402,0.999451816,ros2_odometer_state
M19C_S1_lab_hard_floor_B2_U020_R2,783.078016231,3.415587098,command,0.200000,-5.002158165,-0.155060172,0.999369085,0.035667572,-0.010202248,0.999446929,ros2_odometer_state
M19C_S1_lab_hard_floor_B2_U020_R2,783.080337441,3.417908308,command,0.200000,-5.002158165,-0.155060172,0.999446929,0.035675701,-0.010334750,0.999452710,ros2_odometer_state
M19C_S1_lab_hard_floor_B2_U020_R2,783.081380586,3.418951453,command,0.200000,-5.002158165,-0.155060172,0.999446929,0.035675701,-0.010334750,0.999452710,ros2_odometer_state
M19C_S1_lab_hard_floor_B2_U020_R2,783.083304276,3.420875143,command,0.200000,-5.002158165,-0.155060172,0.999446929,0.035681944,-0.010470205,0.999456465,ros2_odometer_state
M19C_S1_lab_hard_floor_B2_U020_R2,783.086816893,3.424387760,command,0.200000,-5.002158165,-0.155060172,0.999446929,0.035691779,-0.010752944,0.999477565,ros2_odometer_state
M19C_S1_lab_hard_floor_B2_U020_R2,783.087248078,3.424818945,command,0.200000,-5.002158165,-0.155060172,0.999446929,0.035691779,-0.010752944,0.999477565,ros2_odometer_state
M19C_S1_lab_hard_floor_B2_U020_R2,783.089833202,3.427404069,command,0.200000,-5.002158165,-0.155060172,0.999446929,0.035672780,-0.011037173,0.999502659,ros2_odometer_state
M19C_S1_lab_hard_floor_B2_U020_R2,783.092048104,3.429618971,command,0.200000,-5.002158165,-0.155060172,0.999446929,0.035659667,-0.011174402,0.999523759,ros2_odometer_state
M19C_S1_lab_hard_floor_B2_U020_R2,783.093053871,3.430624738,command,0.200000,-5.002158165,-0.155060172,0.999446929,0.035659667,-0.011174402,0.999523759,ros2_odometer_state
M19C_S1_lab_hard_floor_B2_U020_R2,783.095857852,3.433428719,command,0.200000,-5.002158165,-0.155060172,0.999446929,0.035642892,-0.011464374,0.999557257,ros2_odometer_state
M19C_S1_lab_hard_floor_B2_U020_R2,783.097414072,3.434984939,command,0.200000,-5.002158165,-0.155060172,0.999446929,0.035642892,-0.011464374,0.999557257,ros2_odometer_state
M19C_S1_lab_hard_floor_B2_U020_R2,783.100035966,3.437606833,command,0.200000,-5.002158165,-0.155060172,0.999584019,0.035634998,-0.011755509,0.999610245,ros2_odometer_state
M19C_S1_lab_hard_floor_B2_U020_R2,783.101052614,3.438623481,command,0.200000,-5.002158165,-0.155060172,0.999584019,0.035634998,-0.011755509,0.999610245,ros2_odometer_state
M19C_S1_lab_hard_floor_B2_U020_R2,783.102979121,3.440549988,command,0.200000,-5.002158165,-0.155060172,0.999584019,0.035645787,-0.011904059,0.999634266,ros2_odometer_state
M19C_S1_lab_hard_floor_B2_U020_R2,783.106393237,3.443964104,command,0.200000,-5.002158165,-0.155060172,0.999584019,0.035671208,-0.012221549,0.999657989,ros2_odometer_state
M19C_S1_lab_hard_floor_B2_U020_R2,783.108054134,3.445625001,command,0.200000,-5.002158165,-0.155060172,0.999584019,0.035696018,-0.012383408,0.999658465,ros2_odometer_state
M19C_S1_lab_hard_floor_B2_U020_R2,783.110076452,3.447647319,command,0.200000,-5.002158165,-0.155060172,0.999584019,0.035714049,-0.012551460,0.999655008,ros2_odometer_state
M19C_S1_lab_hard_floor_B2_U020_R2,783.111149870,3.448720737,command,0.200000,-5.002158165,-0.155060172,0.999584019,0.035714049,-0.012551460,0.999655008,ros2_odometer_state
M19C_S1_lab_hard_floor_B2_U020_R2,783.113802037,3.451372904,command,0.200000,-5.002158165,-0.155060172,0.999584019,0.035744246,-0.012917776,0.999650359,ros2_odometer_state
M19C_S1_lab_hard_floor_B2_U020_R2,783.115934440,3.453505307,command,0.200000,-5.002158165,-0.155060172,0.999584019,0.035762291,-0.013118003,0.999661446,ros2_odometer_state
M19C_S1_lab_hard_floor_B2_U020_R2,783.117020882,3.454591749,command,0.200000,-5.002158165,-0.155060172,0.999584019,0.035762291,-0.013118003,0.999661446,ros2_odometer_state
M19C_S1_lab_hard_floor_B2_U020_R2,783.119287018,3.456857885,command,0.200000,-5.002158165,-0.155060172,0.999669492,0.035774846,-0.013326070,0.999669492,ros2_odometer_state
M19C_S1_lab_hard_floor_B2_U020_R2,783.122050486,3.459621353,command,0.200000,-5.002158165,-0.155060172,0.999669492,0.035779674,-0.013773542,0.999670565,ros2_odometer_state
M19C_S1_lab_hard_floor_B2_U020_R2,783.123760920,3.461331787,command,0.200000,-5.002158165,-0.155060172,0.999669492,0.035784382,-0.014001066,0.999665737,ros2_odometer_state
M19C_S1_lab_hard_floor_B2_U020_R2,783.126636232,3.464207099,command,0.200000,-5.002158165,-0.155060172,0.999669492,0.035784159,-0.014241168,0.999662161,ros2_odometer_state
M19C_S1_lab_hard_floor_B2_U020_R2,783.127060856,3.464631723,command,0.200000,-5.002158165,-0.155060172,0.999669492,0.035784159,-0.014241168,0.999662161,ros2_odometer_state
M19C_S1_lab_hard_floor_B2_U020_R2,783.129774018,3.467344885,command,0.200000,-5.002158165,-0.155060172,0.999669492,0.035791129,-0.014743761,0.999658465,ros2_odometer_state
M19C_S1_lab_hard_floor_B2_U020_R2,783.131902356,3.469473223,command,0.200000,-5.002158165,-0.155060172,0.999669492,0.035792239,-0.015000545,0.999656141,ros2_odometer_state
M19C_S1_lab_hard_floor_B2_U020_R2,783.133746268,3.471317135,command,0.200000,-5.002158165,-0.155060172,0.999669492,0.035791986,-0.015258236,0.999644816,ros2_odometer_state
M19C_S1_lab_hard_floor_B2_U020_R2,783.134954667,3.472525534,command,0.200000,-5.002158165,-0.155060172,0.999669492,0.035791986,-0.015258236,0.999644816,ros2_odometer_state
M19C_S1_lab_hard_floor_B2_U020_R2,783.137749112,3.475319979,command,0.200000,-5.002158165,-0.155060172,0.999669492,0.035815377,-0.015808618,0.999602258,ros2_odometer_state
M19C_S1_lab_hard_floor_B2_U020_R2,783.139790791,3.477361658,command,0.200000,-5.002158165,-0.155060172,0.999602258,0.035837822,-0.016083881,0.999577701,ros2_odometer_state
M19C_S1_lab_hard_floor_B2_U020_R2,783.141778580,3.479349447,command,0.200000,-5.002158165,-0.155060172,0.999602258,0.035871394,-0.016361535,0.999552429,ros2_odometer_state
M19C_S1_lab_hard_floor_B2_U020_R2,783.143101992,3.480672859,command,0.200000,-5.002158165,-0.155060172,0.999602258,0.035871394,-0.016361535,0.999552429,ros2_odometer_state
M19C_S1_lab_hard_floor_B2_U020_R2,783.149460351,3.487031218,command,0.200000,-5.002158165,-0.155060172,0.999602258,0.035934027,-0.016937092,0.999484003,ros2_odometer_state
M19C_S1_lab_hard_floor_B2_U020_R2,783.150365634,3.487936501,command,0.200000,-5.002158165,-0.155060172,0.999602258,0.035981473,-0.017229479,0.999445796,ros2_odometer_state
M19C_S1_lab_hard_floor_B2_U020_R2,783.151540463,3.489111330,command,0.200000,-5.002158165,-0.155060172,0.999602258,0.036044240,-0.017534295,0.999402702,ros2_odometer_state
M19C_S1_lab_hard_floor_B2_U020_R2,783.152479732,3.490050599,command,0.200000,-5.002158165,-0.155060172,0.999602258,0.036124043,-0.017851034,0.999352276,ros2_odometer_state
M19C_S1_lab_hard_floor_B2_U020_R2,783.153148366,3.490719233,command,0.200000,-5.002158165,-0.155060172,0.999602258,0.036124043,-0.017851034,0.999352276,ros2_odometer_state
M19C_S1_lab_hard_floor_B2_U020_R2,783.155098554,3.492669421,command,0.200000,-5.002158165,-0.155060172,0.999602258,0.036214881,-0.018165890,0.999300480,ros2_odometer_state
M19C_S1_lab_hard_floor_B2_U020_R2,783.157122056,3.494692923,command,0.200000,-5.002158165,-0.155060172,0.999602258,0.036306314,-0.018487196,0.999243140,ros2_odometer_state
M19C_S1_lab_hard_floor_B2_U020_R2,783.160168575,3.497739442,command,0.200000,-5.002158165,-0.155060172,0.999184310,0.036481794,-0.019150883,0.999133825,ros2_odometer_state
M19C_S1_lab_hard_floor_B2_U020_R2,783.161191782,3.498762649,command,0.200000,-5.002158165,-0.155060172,0.999184310,0.036481794,-0.019150883,0.999133825,ros2_odometer_state
M19C_S1_lab_hard_floor_B2_U020_R2,783.163090992,3.500661859,command,0.200000,-5.002158165,-0.155060172,0.999184310,0.036554065,-0.019496415,0.999092102,ros2_odometer_state
M19C_S1_lab_hard_floor_B2_U020_R2,783.166605945,3.504176812,command,0.200000,-5.002158165,-0.155060172,0.999184310,0.036684353,-0.020193450,0.998980284,ros2_odometer_state
M19C_S1_lab_hard_floor_B2_U020_R2,783.167804071,3.505374938,command,0.200000,-5.002158165,-0.155060172,0.999184310,0.036742639,-0.020537304,0.998934925,ros2_odometer_state
M19C_S1_lab_hard_floor_B2_U020_R2,783.169216414,3.506787281,command,0.200000,-5.002158165,-0.155060172,0.999184310,0.036742639,-0.020537304,0.998934925,ros2_odometer_state
M19C_S1_lab_hard_floor_B2_U020_R2,783.171727360,3.509298227,command,0.200000,-5.002158165,-0.155060172,0.999184310,0.036810048,-0.020883927,0.998887539,ros2_odometer_state
M19C_S1_lab_hard_floor_B2_U020_R2,783.173161463,3.510732330,command,0.200000,-5.002158165,-0.155060172,0.999184310,0.036855217,-0.021222811,0.998842955,ros2_odometer_state
M19C_S1_lab_hard_floor_B2_U020_R2,783.175991237,3.513562104,command,0.200000,-5.002158165,-0.155060172,0.999184310,0.036938749,-0.021873245,0.998764992,ros2_odometer_state
M19C_S1_lab_hard_floor_B2_U020_R2,783.177273175,3.514844042,command,0.200000,-5.002158165,-0.155060172,0.999184310,0.036938749,-0.021873245,0.998764992,ros2_odometer_state
M19C_S1_lab_hard_floor_B2_U020_R2,783.179929630,3.517500497,command,0.200000,-5.002158165,-0.155060172,0.998737693,0.036982231,-0.022499841,0.998715997,ros2_odometer_state
M19C_S1_lab_hard_floor_B2_U020_R2,783.181081387,3.518652254,command,0.200000,-5.002158165,-0.155060172,0.998737693,0.036982231,-0.022499841,0.998715997,ros2_odometer_state
M19C_S1_lab_hard_floor_B2_U020_R2,783.183087161,3.520658028,command,0.200000,-5.002158165,-0.155060172,0.998737693,0.036999911,-0.022782873,0.998691976,ros2_odometer_state
M19C_S1_lab_hard_floor_B2_U020_R2,783.186509406,3.524080273,command,0.200000,-5.002158165,-0.155060172,0.998737693,0.037038207,-0.023281489,0.998632669,ros2_odometer_state
M19C_S1_lab_hard_floor_B2_U020_R2,783.187816593,3.525387460,command,0.200000,-5.002158165,-0.155060172,0.998737693,0.037054595,-0.023498569,0.998606741,ros2_odometer_state
M19C_S1_lab_hard_floor_B2_U020_R2,783.189849792,3.527420659,command,0.200000,-5.002158165,-0.155060172,0.998737693,0.037066173,-0.023695756,0.998585701,ros2_odometer_state
M19C_S1_lab_hard_floor_B2_U020_R2,783.191805868,3.529376735,command,0.200000,-5.002158165,-0.155060172,0.998737693,0.037070934,-0.023874892,0.998558223,ros2_odometer_state
M19C_S1_lab_hard_floor_B2_U020_R2,783.193810554,3.531381421,command,0.200000,-5.002158165,-0.155060172,0.998737693,0.037075467,-0.024033502,0.998524964,ros2_odometer_state
M19C_S1_lab_hard_floor_B2_U020_R2,783.195830984,3.533401851,command,0.200000,-5.002158165,-0.155060172,0.998737693,0.037086159,-0.024181331,0.998494685,ros2_odometer_state
M19C_S1_lab_hard_floor_B2_U020_R2,783.199487446,3.537058313,command,0.200000,-5.002158165,-0.155060172,0.998737693,0.037101179,-0.024323454,0.998459637,ros2_odometer_state
M19C_S1_lab_hard_floor_B2_U020_R2,783.200460988,3.538031855,command,0.200000,-5.002158165,-0.155060172,0.998459637,0.037115920,-0.024444573,0.998417139,ros2_odometer_state
M19C_S1_lab_hard_floor_B2_U020_R2,783.201850674,3.539421541,command,0.200000,-5.002158165,-0.155060172,0.998459637,0.037120484,-0.024542827,0.998372734,ros2_odometer_state
M19C_S1_lab_hard_floor_B2_U020_R2,783.203783197,3.541354064,command,0.200000,-5.002158165,-0.155060172,0.998459637,0.037119869,-0.024625061,0.998331189,ros2_odometer_state
M19C_S1_lab_hard_floor_B2_U020_R2,783.206416899,3.543987766,command,0.200000,-5.002158165,-0.155060172,0.998459637,0.037114877,-0.024703318,0.998285174,ros2_odometer_state
M19C_S1_lab_hard_floor_B2_U020_R2,783.207878140,3.545449007,command,0.200000,-5.002158165,-0.155060172,0.998459637,0.037106298,-0.024783650,0.998239219,ros2_odometer_state
M19C_S1_lab_hard_floor_B2_U020_R2,783.209836872,3.547407739,command,0.200000,-5.002158165,-0.155060172,0.998459637,0.037097305,-0.024866885,0.998191655,ros2_odometer_state
M19C_S1_lab_hard_floor_B2_U020_R2,783.211903769,3.549474636,command,0.200000,-5.002158165,-0.155060172,0.998459637,0.037081111,-0.024949523,0.998127937,ros2_odometer_state
M19C_S1_lab_hard_floor_B2_U020_R2,783.213886502,3.551457369,command,0.200000,-5.002158165,-0.155060172,0.998459637,0.037054464,-0.025035424,0.998052955,ros2_odometer_state
M19C_S1_lab_hard_floor_B2_U020_R2,783.216291779,3.553862646,command,0.200000,-5.002158165,-0.155060172,0.998459637,0.037022576,-0.025117297,0.997966409,ros2_odometer_state
M19C_S1_lab_hard_floor_B2_U020_R2,783.217322667,3.554893534,command,0.200000,-5.002158165,-0.155060172,0.998459637,0.037022576,-0.025117297,0.997966409,ros2_odometer_state
M19C_S1_lab_hard_floor_B2_U020_R2,783.221252612,3.558823479,command,0.200000,-5.002158165,-0.155060172,0.997878492,0.036986135,-0.025194919,0.997878492,ros2_odometer_state
M19C_S1_lab_hard_floor_B2_U020_R2,783.222354991,3.559925858,command,0.200000,-5.002158165,-0.155060172,0.997878492,0.036944777,-0.025272442,0.997779906,ros2_odometer_state
M19C_S1_lab_hard_floor_B2_U020_R2,783.223904715,3.561475582,command,0.200000,-5.002158165,-0.155060172,0.997878492,0.036907811,-0.025352795,0.997681379,ros2_odometer_state
M19C_S1_lab_hard_floor_B2_U020_R2,783.225783540,3.563354407,command,0.200000,-5.002158165,-0.155060172,0.997878492,0.036877967,-0.025439452,0.997587383,ros2_odometer_state
M19C_S1_lab_hard_floor_B2_U020_R2,783.227980425,3.565551292,command,0.200000,-5.002158165,-0.155060172,0.997878492,0.036823206,-0.025621573,0.997388721,ros2_odometer_state
M19C_S1_lab_hard_floor_B2_U020_R2,783.230075290,3.567646157,command,0.200000,-5.002158165,-0.155060172,0.997878492,0.036801804,-0.025719002,0.997275710,ros2_odometer_state
M19C_S1_lab_hard_floor_B2_U020_R2,783.232463639,3.570034506,command,0.200000,-5.002158165,-0.155060172,0.997878492,0.036778677,-0.025809688,0.997165322,ros2_odometer_state
M19C_S1_lab_hard_floor_B2_U020_R2,783.233896847,3.571467714,command,0.200000,-5.002158165,-0.155060172,0.997878492,0.036756054,-0.025892630,0.997063816,ros2_odometer_state
M19C_S1_lab_hard_floor_B2_U020_R2,783.235147456,3.572718323,command,0.200000,-5.002158165,-0.155060172,0.997878492,0.036756054,-0.025892630,0.997063816,ros2_odometer_state
M19C_S1_lab_hard_floor_B2_U020_R2,783.237209136,3.574780003,command,0.200000,-5.002158165,-0.155060172,0.997878492,0.036729738,-0.025980122,0.996969223,ros2_odometer_state
M19C_S1_lab_hard_floor_B2_U020_R2,783.239210877,3.576781744,command,0.200000,-5.002158165,-0.155060172,0.996876836,0.036701735,-0.026070448,0.996876836,ros2_odometer_state
M19C_S1_lab_hard_floor_B2_U020_R2,783.241204235,3.578775102,command,0.200000,-5.002158165,-0.155060172,0.996876836,0.036674310,-0.026160397,0.996783555,ros2_odometer_state
M19C_S1_lab_hard_floor_B2_U020_R2,783.243160695,3.580731562,command,0.200000,-5.002158165,-0.155060172,0.996876836,0.036646720,-0.026250921,0.996688187,ros2_odometer_state
M19C_S1_lab_hard_floor_B2_U020_R2,783.245792253,3.583363120,command,0.200000,-5.002158165,-0.155060172,0.996876836,0.036619015,-0.026333252,0.996598244,ros2_odometer_state
M19C_S1_lab_hard_floor_B2_U020_R2,783.247232821,3.584803688,command,0.200000,-5.002158165,-0.155060172,0.996876836,0.036579769,-0.026414458,0.996521771,ros2_odometer_state
M19C_S1_lab_hard_floor_B2_U020_R2,783.249205090,3.586775957,command,0.200000,-5.002158165,-0.155060172,0.996876836,0.036543135,-0.026496097,0.996450067,ros2_odometer_state
M19C_S1_lab_hard_floor_B2_U020_R2,783.251193743,3.588764610,command,0.200000,-5.002158165,-0.155060172,0.996876836,0.036515079,-0.026573857,0.996384501,ros2_odometer_state
M19C_S1_lab_hard_floor_B2_U020_R2,783.254090272,3.591661139,command,0.200000,-5.002158165,-0.155060172,0.996876836,0.036455207,-0.026705431,0.996284425,ros2_odometer_state
M19C_S1_lab_hard_floor_B2_U020_R2,783.256284309,3.593855176,command,0.200000,-5.002158165,-0.155060172,0.996876836,0.036426801,-0.026771488,0.996245086,ros2_odometer_state
M19C_S1_lab_hard_floor_B2_U020_R2,783.257267035,3.594837902,command,0.200000,-5.002158165,-0.155060172,0.996876836,0.036426801,-0.026771488,0.996245086,ros2_odometer_state
M19C_S1_lab_hard_floor_B2_U020_R2,783.259306282,3.596877149,command,0.200000,-5.002158165,-0.155060172,0.996191919,0.036402933,-0.026853235,0.996191919,ros2_odometer_state
M19C_S1_lab_hard_floor_B2_U020_R2,783.261923120,3.599493987,command,0.200000,-5.002158165,-0.155060172,0.996191919,0.036389530,-0.026992800,0.996087790,ros2_odometer_state
M19C_S1_lab_hard_floor_B2_U020_R2,783.263908381,3.601479248,command,0.200000,-5.002158165,-0.155060172,0.996191919,0.036385711,-0.027056454,0.996037006,ros2_odometer_state
M19C_S1_lab_hard_floor_B2_U020_R2,783.266890833,3.604461700,command,0.200000,-5.002158165,-0.155060172,0.996191919,0.036386609,-0.027118826,0.995999038,ros2_odometer_state
M19C_S1_lab_hard_floor_B2_U020_R2,783.268503823,3.606074690,command,0.200000,-5.002158165,-0.155060172,0.996191919,0.036389917,-0.027167870,0.995974779,ros2_odometer_state
M19C_S1_lab_hard_floor_B2_U020_R2,783.269999658,3.607570525,command,0.200000,-5.002158165,-0.155060172,0.996191919,0.036401689,-0.027216947,0.995961308,ros2_odometer_state
M19C_S1_lab_hard_floor_B2_U020_R2,783.271945621,3.609516488,command,0.200000,-5.002158165,-0.155060172,0.996191919,0.036412578,-0.027261537,0.995957136,ros2_odometer_state
M19C_S1_lab_hard_floor_B2_U020_R2,783.274409365,3.611980232,command,0.200000,-5.002158165,-0.155060172,0.996191919,0.036429543,-0.027304389,0.995959580,ros2_odometer_state
M19C_S1_lab_hard_floor_B2_U020_R2,783.275407036,3.612977903,command,0.200000,-5.002158165,-0.155060172,0.996191919,0.036429543,-0.027304389,0.995959580,ros2_odometer_state
M19C_S1_lab_hard_floor_B2_U020_R2,783.278169351,3.615740218,command,0.200000,-5.002158165,-0.155060172,0.996191919,0.036455788,-0.027392117,0.995966077,ros2_odometer_state
M19C_S1_lab_hard_floor_B2_U020_R2,783.280504994,3.618075861,command,0.200000,-5.002158165,-0.155060172,0.995966077,0.036464900,-0.027423194,0.995976329,ros2_odometer_state
M19C_S1_lab_hard_floor_B2_U020_R2,783.281259519,3.618830386,command,0.200000,-5.002158165,-0.155060172,0.995966077,0.036464900,-0.027423194,0.995976329,ros2_odometer_state
M19C_S1_lab_hard_floor_B2_U020_R2,783.283938631,3.621509498,command,0.200000,-5.002158165,-0.155060172,0.995966077,0.036474090,-0.027474295,0.996009827,ros2_odometer_state
M19C_S1_lab_hard_floor_B2_U020_R2,783.286772117,3.624342984,command,0.200000,-5.002158165,-0.155060172,0.995966077,0.036477774,-0.027501069,0.996052206,ros2_odometer_state
M19C_S1_lab_hard_floor_B2_U020_R2,783.288098953,3.625669820,command,0.200000,-5.002158165,-0.155060172,0.995966077,0.036474414,-0.027521893,0.996099770,ros2_odometer_state
M19C_S1_lab_hard_floor_B2_U020_R2,783.290095990,3.627666857,command,0.200000,-5.002158165,-0.155060172,0.995966077,0.036464930,-0.027541224,0.996139884,ros2_odometer_state
M19C_S1_lab_hard_floor_B2_U020_R2,783.291949054,3.629519921,command,0.200000,-5.002158165,-0.155060172,0.995966077,0.036460321,-0.027565004,0.996184528,ros2_odometer_state
M19C_S1_lab_hard_floor_B2_U020_R2,783.294168629,3.631739496,command,0.200000,-5.002158165,-0.155060172,0.995966077,0.036453631,-0.027582072,0.996220946,ros2_odometer_state
M19C_S1_lab_hard_floor_B2_U020_R2,783.295326306,3.632897173,command,0.200000,-5.002158165,-0.155060172,0.995966077,0.036453631,-0.027582072,0.996220946,ros2_odometer_state
M19C_S1_lab_hard_floor_B2_U020_R2,783.298177040,3.635747907,command,0.200000,-5.002158165,-0.155060172,0.995966077,0.036440946,-0.027610203,0.996281385,ros2_odometer_state
M19C_S1_lab_hard_floor_B2_U020_R2,783.300461993,3.638032860,command,0.200000,-5.002158165,-0.155060172,0.996281385,0.036432397,-0.027628688,0.996307552,ros2_odometer_state
M19C_S1_lab_hard_floor_B2_U020_R2,783.301398541,3.638969408,command,0.200000,-5.002158165,-0.155060172,0.996281385,0.036432397,-0.027628688,0.996307552,ros2_odometer_state
M19C_S1_lab_hard_floor_B2_U020_R2,783.304126839,3.641697706,command,0.200000,-5.002158165,-0.155060172,0.996281385,0.036447112,-0.027648225,0.996345997,ros2_odometer_state
M19C_S1_lab_hard_floor_B2_U020_R2,783.306701627,3.644272494,command,0.200000,-5.002158165,-0.155060172,0.996281385,0.036453582,-0.027655901,0.996353924,ros2_odometer_state
M19C_S1_lab_hard_floor_B2_U020_R2,783.307396470,3.644967337,command,0.200000,-5.002158165,-0.155060172,0.996281385,0.036453582,-0.027655901,0.996353924,ros2_odometer_state
M19C_S1_lab_hard_floor_B2_U020_R2,783.309426757,3.646997624,command,0.200000,-5.002158165,-0.155060172,0.996281385,0.036461722,-0.027662978,0.996364355,ros2_odometer_state
M19C_S1_lab_hard_floor_B2_U020_R2,783.311370417,3.648941284,command,0.200000,-5.002158165,-0.155060172,0.996281385,0.036480531,-0.027664315,0.996371329,ros2_odometer_state
M19C_S1_lab_hard_floor_B2_U020_R2,783.314215967,3.651786834,command,0.200000,-5.002158165,-0.155060172,0.996281385,0.036497176,-0.027649790,0.996363580,ros2_odometer_state
M19C_S1_lab_hard_floor_B2_U020_R2,783.315449711,3.653020578,command,0.200000,-5.002158165,-0.155060172,0.996281385,0.036497176,-0.027649790,0.996363580,ros2_odometer_state
M19C_S1_lab_hard_floor_B2_U020_R2,783.318743791,3.656314658,command,0.200000,-5.002158165,-0.155060172,0.996281385,0.036512319,-0.027628351,0.996358871,ros2_odometer_state
M19C_S1_lab_hard_floor_B2_U020_R2,783.319590192,3.657161059,command,0.200000,-5.002158165,-0.155060172,0.996358871,0.036512319,-0.027628351,0.996358871,ros2_odometer_state
M19C_S1_lab_hard_floor_B2_U020_R2,783.321542204,3.659113071,command,0.200000,-5.002158165,-0.155060172,0.996358871,0.036523890,-0.027618106,0.996353209,ros2_odometer_state
M19C_S1_lab_hard_floor_B2_U020_R2,783.323521289,3.661092156,command,0.200000,-5.002158165,-0.155060172,0.996358871,0.036531523,-0.027604003,0.996341348,ros2_odometer_state
M19C_S1_lab_hard_floor_B2_U020_R2,783.327194872,3.664765739,command,0.200000,-5.002158165,-0.155060172,0.996358871,0.036540724,-0.027577462,0.996335328,ros2_odometer_state
M19C_S1_lab_hard_floor_B2_U020_R2,783.327507268,3.665078135,command,0.200000,-5.002158165,-0.155060172,0.996358871,0.036540724,-0.027577462,0.996335328,ros2_odometer_state
M19C_S1_lab_hard_floor_B2_U020_R2,783.330081064,3.667651931,command,0.200000,-5.002158165,-0.155060172,0.996358871,0.036551315,-0.027542964,0.996352673,ros2_odometer_state
M19C_S1_lab_hard_floor_B2_U020_R2,783.332242620,3.669813487,command,0.200000,-5.002158165,-0.155060172,0.996358871,0.036557466,-0.027529534,0.996363282,ros2_odometer_state
M19C_S1_lab_hard_floor_B2_U020_R2,783.334003680,3.671574547,command,0.200000,-5.002158165,-0.155060172,0.996358871,0.036564074,-0.027508654,0.996385157,ros2_odometer_state
M19C_S1_lab_hard_floor_B2_U020_R2,783.336119282,3.673690149,command,0.200000,-5.002158165,-0.155060172,0.996358871,0.036573630,-0.027481962,0.996408045,ros2_odometer_state
M19C_S1_lab_hard_floor_B2_U020_R2,783.338139041,3.675709908,command,0.200000,-5.002158165,-0.155060172,0.996358871,0.036577865,-0.027456947,0.996430337,ros2_odometer_state
M19C_S1_lab_hard_floor_B2_U020_R2,783.340075724,3.677646591,command,0.200000,-5.002158165,-0.155060172,0.996430337,0.036578342,-0.027428104,0.996455014,ros2_odometer_state
M19C_S1_lab_hard_floor_B2_U020_R2,783.342023544,3.679594411,command,0.200000,-5.002158165,-0.155060172,0.996430337,0.036574349,-0.027394840,0.996472597,ros2_odometer_state
M19C_S1_lab_hard_floor_B2_U020_R2,783.344057863,3.681628730,command,0.200000,-5.002158165,-0.155060172,0.996430337,0.036577281,-0.027355257,0.996489584,ros2_odometer_state
M19C_S1_lab_hard_floor_B2_U020_R2,783.346639083,3.684209950,command,0.200000,-5.002158165,-0.155060172,0.996430337,0.036579534,-0.027309544,0.996513307,ros2_odometer_state
M19C_S1_lab_hard_floor_B2_U020_R2,783.348211144,3.685782011,command,0.200000,-5.002158165,-0.155060172,0.996430337,0.036577404,-0.027258927,0.996542275,ros2_odometer_state
M19C_S1_lab_hard_floor_B2_U020_R2,783.350216918,3.687787785,command,0.200000,-5.002158165,-0.155060172,0.996430337,0.036587380,-0.027207766,0.996568263,ros2_odometer_state
M19C_S1_lab_hard_floor_B2_U020_R2,783.352231364,3.689802231,command,0.200000,-5.002158165,-0.155060172,0.996430337,0.036604382,-0.027151044,0.996588409,ros2_odometer_state
M19C_S1_lab_hard_floor_B2_U020_R2,783.354124814,3.691695681,command,0.200000,-5.002158165,-0.155060172,0.996430337,0.036618561,-0.027085640,0.996611893,ros2_odometer_state
M19C_S1_lab_hard_floor_B2_U020_R2,783.356359045,3.693929912,command,0.200000,-5.002158165,-0.155060172,0.996430337,0.036626644,-0.027029367,0.996631444,ros2_odometer_state
M19C_S1_lab_hard_floor_B2_U020_R2,783.358050406,3.695621273,command,0.200000,-5.002158165,-0.155060172,0.996430337,0.036633756,-0.026973000,0.996649504,ros2_odometer_state
M19C_S1_lab_hard_floor_B2_U020_R2,783.360087766,3.697658633,command,0.200000,-5.002158165,-0.155060172,0.996649504,0.036645886,-0.026912201,0.996668637,ros2_odometer_state
M19C_S1_lab_hard_floor_B2_U020_R2,783.362242889,3.699813756,command,0.200000,-5.002158165,-0.155060172,0.996649504,0.036657937,-0.026856065,0.996685922,ros2_odometer_state
M19C_S1_lab_hard_floor_B2_U020_R2,783.364106994,3.701677861,command,0.200000,-5.002158165,-0.155060172,0.996649504,0.036671471,-0.026793074,0.996703506,ros2_odometer_state
M19C_S1_lab_hard_floor_B2_U020_R2,783.366909407,3.704480274,command,0.200000,-5.002158165,-0.155060172,0.996649504,0.036683187,-0.026737100,0.996716678,ros2_odometer_state
M19C_S1_lab_hard_floor_B2_U020_R2,783.368129614,3.705700481,command,0.200000,-5.002158165,-0.155060172,0.996649504,0.036693253,-0.026679229,0.996726453,ros2_odometer_state
M19C_S1_lab_hard_floor_B2_U020_R2,783.370150653,3.707721520,command,0.200000,-5.002158165,-0.155060172,0.996649504,0.036701456,-0.026613032,0.996745229,ros2_odometer_state
M19C_S1_lab_hard_floor_B2_U020_R2,783.372110793,3.709681660,command,0.200000,-5.002158165,-0.155060172,0.996649504,0.036713839,-0.026558381,0.996765196,ros2_odometer_state
M19C_S1_lab_hard_floor_B2_U020_R2,783.374577577,3.712148444,command,0.200000,-5.002158165,-0.155060172,0.996649504,0.036726605,-0.026503121,0.996788681,ros2_odometer_state
M19C_S1_lab_hard_floor_B2_U020_R2,783.376235497,3.713806364,command,0.200000,-5.002158165,-0.155060172,0.996649504,0.036737528,-0.026446635,0.996802449,ros2_odometer_state
M19C_S1_lab_hard_floor_B2_U020_R2,783.378641798,3.716212665,command,0.200000,-5.002158165,-0.155060172,0.996649504,0.036748953,-0.026389262,0.996817648,ros2_odometer_state
M19C_S1_lab_hard_floor_B2_U020_R2,783.379511144,3.717082011,command,0.200000,-5.002158165,-0.155060172,0.996817648,0.036748953,-0.026389262,0.996817648,ros2_odometer_state
M19C_S1_lab_hard_floor_B2_U020_R2,783.382243666,3.719814533,command,0.200000,-5.002158165,-0.155060172,0.996817648,0.036765896,-0.026251607,0.996847987,ros2_odometer_state
M19C_S1_lab_hard_floor_B2_U020_R2,783.384289826,3.721860693,command,0.200000,-5.002158165,-0.155060172,0.996817648,0.036774509,-0.026178632,0.996864378,ros2_odometer_state
M19C_S1_lab_hard_floor_B2_U020_R2,783.386145738,3.723716605,command,0.200000,-5.002158165,-0.155060172,0.996817648,0.036774509,-0.026178632,0.996864378,ros2_odometer_state
M19C_S1_lab_hard_floor_B2_U020_R2,783.388357088,3.725927955,command,0.200000,-5.002158165,-0.155060172,0.996817648,0.036807586,-0.026030485,0.996903658,ros2_odometer_state
M19C_S1_lab_hard_floor_B2_U020_R2,783.389545998,3.727116865,command,0.200000,-5.002158165,-0.155060172,0.996817648,0.036807586,-0.026030485,0.996903658,ros2_odometer_state
M19C_S1_lab_hard_floor_B2_U020_R2,783.392239511,3.729810378,command,0.200000,-5.002158165,-0.155060172,0.996817648,0.036852583,-0.025869377,0.996932805,ros2_odometer_state
M19C_S1_lab_hard_floor_B2_U020_R2,783.394210755,3.731781622,command,0.200000,-5.002158165,-0.155060172,0.996817648,0.036865491,-0.025788747,0.996950746,ros2_odometer_state
M19C_S1_lab_hard_floor_B2_U020_R2,783.396270291,3.733841158,command,0.200000,-5.002158165,-0.155060172,0.996817648,0.036876969,-0.025716435,0.996969521,ros2_odometer_state
M19C_S1_lab_hard_floor_B2_U020_R2,783.398273025,3.735843892,command,0.200000,-5.002158165,-0.155060172,0.996817648,0.036895245,-0.025633678,0.996989489,ros2_odometer_state
M19C_S1_lab_hard_floor_B2_U020_R2,783.400661726,3.738232593,command,0.200000,-5.002158165,-0.155060172,0.996989489,0.036913037,-0.025544785,0.997007191,ros2_odometer_state
M19C_S1_lab_hard_floor_B2_U020_R2,783.402678060,3.740248927,command,0.200000,-5.002158165,-0.155060172,0.996989489,0.036927149,-0.025455516,0.997032225,ros2_odometer_state
M19C_S1_lab_hard_floor_B2_U020_R2,783.404307244,3.741878111,command,0.200000,-5.002158165,-0.155060172,0.996989489,0.036939561,-0.025365073,0.997052431,ros2_odometer_state
M19C_S1_lab_hard_floor_B2_U020_R2,783.406874319,3.744445186,command,0.200000,-5.002158165,-0.155060172,0.996989489,0.036956161,-0.025267685,0.997077763,ros2_odometer_state
M19C_S1_lab_hard_floor_B2_U020_R2,783.408325064,3.745895931,command,0.200000,-5.002158165,-0.155060172,0.996989489,0.036969103,-0.025168613,0.997101188,ros2_odometer_state
M19C_S1_lab_hard_floor_B2_U020_R2,783.410301972,3.747872839,command,0.200000,-5.002158165,-0.155060172,0.996989489,0.036985215,-0.025064038,0.997127652,ros2_odometer_state
M19C_S1_lab_hard_floor_B2_U020_R2,783.412256672,3.749827539,command,0.200000,-5.002158165,-0.155060172,0.996989489,0.037008055,-0.024959730,0.997157097,ros2_odometer_state
M19C_S1_lab_hard_floor_B2_U020_R2,783.414260430,3.751831297,command,0.200000,-5.002158165,-0.155060172,0.996989489,0.037025157,-0.024846092,0.997190118,ros2_odometer_state
M19C_S1_lab_hard_floor_B2_U020_R2,783.416288189,3.753859056,command,0.200000,-5.002158165,-0.155060172,0.996989489,0.037040927,-0.024734445,0.997232318,ros2_odometer_state
M19C_S1_lab_hard_floor_B2_U020_R2,783.418287019,3.755857886,command,0.200000,-5.002158165,-0.155060172,0.996989489,0.037058223,-0.024629259,0.997264922,ros2_odometer_state
M19C_S1_lab_hard_floor_B2_U020_R2,783.420416829,3.757987696,command,0.200000,-5.002158165,-0.155060172,0.997264922,0.037076350,-0.024523867,0.997296751,ros2_odometer_state
M19C_S1_lab_hard_floor_B2_U020_R2,783.422476653,3.760047520,command,0.200000,-5.002158165,-0.155060172,0.997264922,0.037105680,-0.024426475,0.997328103,ros2_odometer_state
M19C_S1_lab_hard_floor_B2_U020_R2,783.424402840,3.761973707,command,0.200000,-5.002158165,-0.155060172,0.997264922,0.037124924,-0.024315240,0.997360528,ros2_odometer_state
M19C_S1_lab_hard_floor_B2_U020_R2,783.426937531,3.764508398,command,0.200000,-5.002158165,-0.155060172,0.997264922,0.037136927,-0.024204172,0.997404456,ros2_odometer_state
M19C_S1_lab_hard_floor_B2_U020_R2,783.428520440,3.766091307,command,0.200000,-5.002158165,-0.155060172,0.997264922,0.037153024,-0.024099750,0.997448266,ros2_odometer_state
M19C_S1_lab_hard_floor_B2_U020_R2,783.430672172,3.768243039,command,0.200000,-5.002158165,-0.155060172,0.997264922,0.037175659,-0.023992874,0.997481704,ros2_odometer_state
M19C_S1_lab_hard_floor_B2_U020_R2,783.432395887,3.769966754,command,0.200000,-5.002158165,-0.155060172,0.997264922,0.037199605,-0.023888072,0.997512937,ros2_odometer_state
M19C_S1_lab_hard_floor_B2_U020_R2,783.434561699,3.772132566,command,0.200000,-5.002158165,-0.155060172,0.997264922,0.037222706,-0.023780357,0.997539222,ros2_odometer_state
M19C_S1_lab_hard_floor_B2_U020_R2,783.436471693,3.774042560,command,0.200000,-5.002158165,-0.155060172,0.997264922,0.037245706,-0.023672557,0.997569799,ros2_odometer_state
M19C_S1_lab_hard_floor_B2_U020_R2,783.438489628,3.776060495,command,0.200000,-5.002158165,-0.155060172,0.997264922,0.037270837,-0.023574766,0.997603118,ros2_odometer_state
M19C_S1_lab_hard_floor_B2_U020_R2,783.439674762,3.777245629,command,0.200000,-5.002158165,-0.155060172,0.997603118,0.037270837,-0.023574766,0.997603118,ros2_odometer_state
M19C_S1_lab_hard_floor_B2_U020_R2,783.443013099,3.780583966,command,0.200000,-5.002158165,-0.155060172,0.997603118,0.037315998,-0.023368599,0.997676075,ros2_odometer_state
M19C_S1_lab_hard_floor_B2_U020_R2,783.443885741,3.781456608,command,0.200000,-5.002158165,-0.155060172,0.997603118,0.037315998,-0.023368599,0.997676075,ros2_odometer_state
M19C_S1_lab_hard_floor_B2_U020_R2,783.447901097,3.785471964,command,0.200000,-5.002158165,-0.155060172,0.997603118,0.037361626,-0.023140283,0.997758210,ros2_odometer_state
M19C_S1_lab_hard_floor_B2_U020_R2,783.448897488,3.786468355,command,0.200000,-5.002158165,-0.155060172,0.997603118,0.037383646,-0.023028674,0.997795224,ros2_odometer_state
M19C_S1_lab_hard_floor_B2_U020_R2,783.450534768,3.788105635,command,0.200000,-5.002158165,-0.155060172,0.997603118,0.037400920,-0.022913460,0.997834861,ros2_odometer_state
M19C_S1_lab_hard_floor_B2_U020_R2,783.452534429,3.790105296,command,0.200000,-5.002158165,-0.155060172,0.997603118,0.037408795,-0.022811403,0.997875333,ros2_odometer_state
M19C_S1_lab_hard_floor_B2_U020_R2,783.454376549,3.791947416,command,0.200000,-5.002158165,-0.155060172,0.997603118,0.037421562,-0.022703251,0.997912049,ros2_odometer_state
M19C_S1_lab_hard_floor_B2_U020_R2,783.456799491,3.794370358,command,0.200000,-5.002158165,-0.155060172,0.997603118,0.037435982,-0.022586875,0.997950137,ros2_odometer_state
M19C_S1_lab_hard_floor_B2_U020_R2,783.457617571,3.795188438,command,0.200000,-5.002158165,-0.155060172,0.997603118,0.037435982,-0.022586875,0.997950137,ros2_odometer_state
M19C_S1_lab_hard_floor_B2_U020_R2,783.460576822,3.798147689,command,0.200000,-5.002158165,-0.155060172,0.997999430,0.037466854,-0.022342909,0.998067915,ros2_odometer_state
M19C_S1_lab_hard_floor_B2_U020_R2,783.462467455,3.800038322,command,0.200000,-5.002158165,-0.155060172,0.997999430,0.037475422,-0.022226566,0.998148322,ros2_odometer_state
M19C_S1_lab_hard_floor_B2_U020_R2,783.464116671,3.801687538,command,0.200000,-5.002158165,-0.155060172,0.997999430,0.037475422,-0.022226566,0.998148322,ros2_odometer_state
M19C_S1_lab_hard_floor_B2_U020_R2,783.467104851,3.804675718,command,0.200000,-5.002158165,-0.155060172,0.997999430,0.037475333,-0.022025991,0.998286963,ros2_odometer_state
M19C_S1_lab_hard_floor_B2_U020_R2,783.467664009,3.805234876,command,0.200000,-5.002158165,-0.155060172,0.997999430,0.037475333,-0.022025991,0.998286963,ros2_odometer_state
M19C_S1_lab_hard_floor_B2_U020_R2,783.470470614,3.808041481,command,0.200000,-5.002158165,-0.155060172,0.997999430,0.037472613,-0.021900764,0.998372376,ros2_odometer_state
M19C_S1_lab_hard_floor_B2_U020_R2,783.472408705,3.809979572,command,0.200000,-5.002158165,-0.155060172,0.997999430,0.037467714,-0.021849027,0.998388529,ros2_odometer_state
M19C_S1_lab_hard_floor_B2_U020_R2,783.474352333,3.811923200,command,0.200000,-5.002158165,-0.155060172,0.997999430,0.037457936,-0.021804968,0.998397171,ros2_odometer_state
M19C_S1_lab_hard_floor_B2_U020_R2,783.476400668,3.813971535,command,0.200000,-5.002158165,-0.155060172,0.997999430,0.037441175,-0.021768833,0.998404860,ros2_odometer_state
M19C_S1_lab_hard_floor_B2_U020_R2,783.478398378,3.815969245,command,0.200000,-5.002158165,-0.155060172,0.997999430,0.037428893,-0.021729816,0.998411834,ros2_odometer_state
M19C_S1_lab_hard_floor_B2_U020_R2,783.482152892,3.819723759,command,0.200000,-5.002158165,-0.155060172,0.998411834,0.037427016,-0.021682860,0.998413682,ros2_odometer_state
M19C_S1_lab_hard_floor_B2_U020_R2,783.484092487,3.821663354,command,0.200000,-5.002158165,-0.155060172,0.998411834,0.037431061,-0.021627730,0.998405695,ros2_odometer_state
M19C_S1_lab_hard_floor_B2_U020_R2,783.485351256,3.822922123,command,0.200000,-5.002158165,-0.155060172,0.998411834,0.037433472,-0.021567969,0.998389184,ros2_odometer_state
M19C_S1_lab_hard_floor_B2_U020_R2,783.487121053,3.824691920,command,0.200000,-5.002158165,-0.155060172,0.998411834,0.037440840,-0.021503471,0.998367190,ros2_odometer_state
M19C_S1_lab_hard_floor_B2_U020_R2,783.487736821,3.825307688,command,0.200000,-5.002158165,-0.155060172,0.998411834,0.037440840,-0.021503471,0.998367190,ros2_odometer_state
M19C_S1_lab_hard_floor_B2_U020_R2,783.490477791,3.828048658,command,0.200000,-5.002158165,-0.155060172,0.998411834,0.037459418,-0.021321993,0.998318851,ros2_odometer_state
M19C_S1_lab_hard_floor_B2_U020_R2,783.492408970,3.829979837,command,0.200000,-5.002158165,-0.155060172,0.998411834,0.037478313,-0.021232037,0.998305023,ros2_odometer_state
M19C_S1_lab_hard_floor_B2_U020_R2,783.494399288,3.831970155,command,0.200000,-5.002158165,-0.155060172,0.998411834,0.037495017,-0.021148894,0.998301208,ros2_odometer_state
M19C_S1_lab_hard_floor_B2_U020_R2,783.496398501,3.833969368,command,0.200000,-5.002158165,-0.155060172,0.998411834,0.037509568,-0.021067601,0.998309612,ros2_odometer_state
M19C_S1_lab_hard_floor_B2_U020_R2,783.498426868,3.835997735,command,0.200000,-5.002158165,-0.155060172,0.998411834,0.037522003,-0.020999139,0.998328984,ros2_odometer_state
M19C_S1_lab_hard_floor_B2_U020_R2,783.500499237,3.838070104,command,0.200000,-5.002158165,-0.155060172,0.998328984,0.037533339,-0.020946674,0.998348892,ros2_odometer_state
M19C_S1_lab_hard_floor_B2_U020_R2,783.501808696,3.839379563,command,0.200000,-5.002158165,-0.155060172,0.998328984,0.037533339,-0.020946674,0.998348892,ros2_odometer_state
M19C_S1_lab_hard_floor_B2_U020_R2,783.504729225,3.842300092,command,0.200000,-5.002158165,-0.155060172,0.998328984,0.037568111,-0.020873915,0.998403132,ros2_odometer_state
M19C_S1_lab_hard_floor_B2_U020_R2,783.507037411,3.844608278,command,0.200000,-5.002158165,-0.155060172,0.998328984,0.037576135,-0.020845821,0.998430490,ros2_odometer_state
M19C_S1_lab_hard_floor_B2_U020_R2,783.508506332,3.846077199,command,0.200000,-5.002158165,-0.155060172,0.998328984,0.037583951,-0.020828554,0.998459637,ros2_odometer_state
M19C_S1_lab_hard_floor_B2_U020_R2,783.510511626,3.848082493,command,0.200000,-5.002158165,-0.155060172,0.998328984,0.037589692,-0.020825129,0.998507082,ros2_odometer_state
M19C_S1_lab_hard_floor_B2_U020_R2,783.512521432,3.850092299,command,0.200000,-5.002158165,-0.155060172,0.998328984,0.037585244,-0.020823030,0.998565137,ros2_odometer_state
M19C_S1_lab_hard_floor_B2_U020_R2,783.514724781,3.852295648,command,0.200000,-5.002158165,-0.155060172,0.998328984,0.037585463,-0.020825466,0.998619437,ros2_odometer_state
M19C_S1_lab_hard_floor_B2_U020_R2,783.516797886,3.854368753,command,0.200000,-5.002158165,-0.155060172,0.998328984,0.037590794,-0.020830207,0.998670101,ros2_odometer_state
M19C_S1_lab_hard_floor_B2_U020_R2,783.518728137,3.856299004,command,0.200000,-5.002158165,-0.155060172,0.998328984,0.037609193,-0.020826561,0.998714685,ros2_odometer_state
M19C_S1_lab_hard_floor_B2_U020_R2,783.520799865,3.858370732,command,0.200000,-5.002158165,-0.155060172,0.998714685,0.037631728,-0.020820906,0.998750508,ros2_odometer_state
M19C_S1_lab_hard_floor_B2_U020_R2,783.521921029,3.859491896,command,0.200000,-5.002158165,-0.155060172,0.998714685,0.037631728,-0.020820906,0.998750508,ros2_odometer_state
M19C_S1_lab_hard_floor_B2_U020_R2,783.523839663,3.861410530,command,0.200000,-5.002158165,-0.155060172,0.998714685,0.037652321,-0.020814918,0.998789191,ros2_odometer_state
M19C_S1_lab_hard_floor_B2_U020_R2,783.527115631,3.864686498,command,0.200000,-5.002158165,-0.155060172,0.998714685,0.037683882,-0.020795250,0.998849750,ros2_odometer_state
M19C_S1_lab_hard_floor_B2_U020_R2,783.527867852,3.865438719,command,0.200000,-5.002158165,-0.155060172,0.998714685,0.037683882,-0.020795250,0.998849750,ros2_odometer_state
M19C_S1_lab_hard_floor_B2_U020_R2,783.529856441,3.867427308,command,0.200000,-5.002158165,-0.155060172,0.998714685,0.037694905,-0.020790627,0.998882532,ros2_odometer_state
M19C_S1_lab_hard_floor_B2_U020_R2,783.532361947,3.869932814,command,0.200000,-5.002158165,-0.155060172,0.998714685,0.037709482,-0.020783015,0.998917997,ros2_odometer_state
M19C_S1_lab_hard_floor_B2_U020_R2,783.533953400,3.871524267,command,0.200000,-5.002158165,-0.155060172,0.998714685,0.037722487,-0.020775234,0.998956263,ros2_odometer_state
M19C_S1_lab_hard_floor_B2_U020_R2,783.536629856,3.874200723,command,0.200000,-5.002158165,-0.155060172,0.998714685,0.037747871,-0.020748254,0.999034166,ros2_odometer_state
M19C_S1_lab_hard_floor_B2_U020_R2,783.538881560,3.876452427,command,0.200000,-5.002158165,-0.155060172,0.998714685,0.037757099,-0.020723917,0.999069631,ros2_odometer_state
M19C_S1_lab_hard_floor_B2_U020_R2,783.539885215,3.877456082,command,0.200000,-5.002158165,-0.155060172,0.999069631,0.037757099,-0.020723917,0.999069631,ros2_odometer_state
M19C_S1_lab_hard_floor_B2_U020_R2,783.542754894,3.880325761,command,0.200000,-5.002158165,-0.155060172,0.999069631,0.037760753,-0.020643517,0.999124229,ros2_odometer_state
M19C_S1_lab_hard_floor_B2_U020_R2,783.543873402,3.881444269,command,0.200000,-5.002158165,-0.155060172,0.999069631,0.037760753,-0.020643517,0.999124229,ros2_odometer_state
M19C_S1_lab_hard_floor_B2_U020_R2,783.546394012,3.883964879,command,0.200000,-5.002158165,-0.155060172,0.999069631,0.037773471,-0.020586817,0.999144673,ros2_odometer_state
M19C_S1_lab_hard_floor_B2_U020_R2,783.547883030,3.885453897,command,0.200000,-5.002158165,-0.155060172,0.999069631,0.037792217,-0.020523794,0.999159992,ros2_odometer_state
M19C_S1_lab_hard_floor_B2_U020_R2,783.550904363,3.888475230,command,0.200000,-5.002158165,-0.155060172,0.999069631,0.037821427,-0.020394484,0.999201834,ros2_odometer_state
M19C_S1_lab_hard_floor_B2_U020_R2,783.551909906,3.889480773,command,0.200000,-5.002158165,-0.155060172,0.999069631,0.037821427,-0.020394484,0.999201834,ros2_odometer_state
M19C_S1_lab_hard_floor_B2_U020_R2,783.553868126,3.891438993,command,0.200000,-5.002158165,-0.155060172,0.999069631,0.037828319,-0.020333167,0.999228120,ros2_odometer_state
M19C_S1_lab_hard_floor_B2_U020_R2,783.556725677,3.894296544,command,0.200000,-5.002158165,-0.155060172,0.999069631,0.037849389,-0.020233335,0.999292493,ros2_odometer_state
M19C_S1_lab_hard_floor_B2_U020_R2,783.558716602,3.896287469,command,0.200000,-5.002158165,-0.155060172,0.999069631,0.037862491,-0.020179207,0.999324679,ros2_odometer_state
M19C_S1_lab_hard_floor_B2_U020_R2,783.560747497,3.898318364,command,0.200000,-5.002158165,-0.155060172,0.999324679,0.037875157,-0.020126574,0.999358535,ros2_odometer_state
M19C_S1_lab_hard_floor_B2_U020_R2,783.562603281,3.900174148,command,0.200000,-5.002158165,-0.155060172,0.999324679,0.037883911,-0.020069428,0.999394894,ros2_odometer_state
M19C_S1_lab_hard_floor_B2_U020_R2,783.564622592,3.902193459,command,0.200000,-5.002158165,-0.155060172,0.999324679,0.037896171,-0.020005509,0.999427557,ros2_odometer_state
M19C_S1_lab_hard_floor_B2_U020_R2,783.567531377,3.905102244,command,0.200000,-5.002158165,-0.155060172,0.999324679,0.037907355,-0.019936603,0.999462724,ros2_odometer_state
M19C_S1_lab_hard_floor_B2_U020_R2,783.568958024,3.906528891,command,0.200000,-5.002158165,-0.155060172,0.999324679,0.037910752,-0.019866256,0.999491811,ros2_odometer_state
M19C_S1_lab_hard_floor_B2_U020_R2,783.569824554,3.907395421,command,0.200000,-5.002158165,-0.155060172,0.999324679,0.037910752,-0.019866256,0.999491811,ros2_odometer_state
M19C_S1_lab_hard_floor_B2_U020_R2,783.572040736,3.909611603,command,0.200000,-5.002158165,-0.155060172,0.999324679,0.037921179,-0.019793604,0.999514937,ros2_odometer_state
M19C_S1_lab_hard_floor_B2_U020_R2,783.574557730,3.912128597,command,0.200000,-5.002158165,-0.155060172,0.999324679,0.037940182,-0.019624855,0.999543786,ros2_odometer_state
M19C_S1_lab_hard_floor_B2_U020_R2,783.576630162,3.914201029,command,0.200000,-5.002158165,-0.155060172,0.999324679,0.037945081,-0.019537080,0.999558687,ros2_odometer_state
M19C_S1_lab_hard_floor_B2_U020_R2,783.578683682,3.916254549,command,0.200000,-5.002158165,-0.155060172,0.999324679,0.037947223,-0.019440183,0.999569952,ros2_odometer_state
M19C_S1_lab_hard_floor_B2_U020_R2,783.581040254,3.918611121,command,0.200000,-5.002158165,-0.155060172,0.999569952,0.037954431,-0.019343136,0.999580324,ros2_odometer_state
M19C_S1_lab_hard_floor_B2_U020_R2,783.581997923,3.919568790,command,0.200000,-5.002158165,-0.155060172,0.999569952,0.037954431,-0.019343136,0.999580324,ros2_odometer_state
M19C_S1_lab_hard_floor_B2_U020_R2,783.584190520,3.921761387,command,0.200000,-5.002158165,-0.155060172,0.999569952,0.037966114,-0.019243332,0.999584854,ros2_odometer_state
M19C_S1_lab_hard_floor_B2_U020_R2,783.586494546,3.924065413,command,0.200000,-5.002158165,-0.155060172,0.999569952,0.037967186,-0.019148327,0.999582350,ros2_odometer_state
M19C_S1_lab_hard_floor_B2_U020_R2,783.589106615,3.926677482,command,0.200000,-5.002158165,-0.155060172,0.999569952,0.037978213,-0.018980611,0.999589860,ros2_odometer_state
M19C_S1_lab_hard_floor_B2_U020_R2,783.590799385,3.928370252,command,0.200000,-5.002158165,-0.155060172,0.999569952,0.037981562,-0.018903468,0.999597371,ros2_odometer_state
M19C_S1_lab_hard_floor_B2_U020_R2,783.592788966,3.930359833,command,0.200000,-5.002158165,-0.155060172,0.999569952,0.037985865,-0.018822972,0.999596298,ros2_odometer_state
M19C_S1_lab_hard_floor_B2_U020_R2,783.594668879,3.932239746,command,0.200000,-5.002158165,-0.155060172,0.999569952,0.037994798,-0.018761372,0.999597490,ros2_odometer_state
M19C_S1_lab_hard_floor_B2_U020_R2,783.596744736,3.934315603,command,0.200000,-5.002158165,-0.155060172,0.999569952,0.038006831,-0.018707365,0.999600291,ros2_odometer_state
M19C_S1_lab_hard_floor_B2_U020_R2,783.598678507,3.936249374,command,0.200000,-5.002158165,-0.155060172,0.999569952,0.038023919,-0.018658835,0.999602914,ros2_odometer_state
M19C_S1_lab_hard_floor_B2_U020_R2,783.600722298,3.938293165,command,0.200000,-5.002158165,-0.155060172,0.999602914,0.038043488,-0.018609958,0.999599159,ros2_odometer_state
M19C_S1_lab_hard_floor_B2_U020_R2,783.602691815,3.940262682,command,0.200000,-5.002158165,-0.155060172,0.999602914,0.038057171,-0.018556196,0.999597490,ros2_odometer_state
M19C_S1_lab_hard_floor_B2_U020_R2,783.604720278,3.942291145,command,0.200000,-5.002158165,-0.155060172,0.999602914,0.038063228,-0.018504981,0.999604106,ros2_odometer_state
M19C_S1_lab_hard_floor_B2_U020_R2,783.607193590,3.944764457,command,0.200000,-5.002158165,-0.155060172,0.999602914,0.038066056,-0.018458810,0.999610603,ros2_odometer_state
M19C_S1_lab_hard_floor_B2_U020_R2,783.608752530,3.946323397,command,0.200000,-5.002158165,-0.155060172,0.999602914,0.038072240,-0.018415529,0.999612749,ros2_odometer_state
M19C_S1_lab_hard_floor_B2_U020_R2,783.610746304,3.948317171,command,0.200000,-5.002158165,-0.155060172,0.999602914,0.038090907,-0.018371308,0.999611616,ros2_odometer_state
M19C_S1_lab_hard_floor_B2_U020_R2,783.612722733,3.950293600,command,0.200000,-5.002158165,-0.155060172,0.999602914,0.038106449,-0.018326614,0.999615967,ros2_odometer_state
M19C_S1_lab_hard_floor_B2_U020_R2,783.614699513,3.952270380,command,0.200000,-5.002158165,-0.155060172,0.999602914,0.038115896,-0.018281873,0.999623239,ros2_odometer_state
M19C_S1_lab_hard_floor_B2_U020_R2,783.616708071,3.954278938,command,0.200000,-5.002158165,-0.155060172,0.999602914,0.038123384,-0.018236250,0.999623001,ros2_odometer_state
M19C_S1_lab_hard_floor_B2_U020_R2,783.619311437,3.956882304,command,0.200000,-5.002158165,-0.155060172,0.999602914,0.038123399,-0.018191237,0.999621689,ros2_odometer_state
M19C_S1_lab_hard_floor_B2_U020_R2,783.621068625,3.958639492,command,0.200000,-5.002158165,-0.155060172,0.999621689,0.038125046,-0.018144466,0.999620974,ros2_odometer_state
M19C_S1_lab_hard_floor_B2_U020_R2,783.622721809,3.960292676,command,0.200000,-5.002158165,-0.155060172,0.999621689,0.038131323,-0.018099250,0.999625504,ros2_odometer_state
M19C_S1_lab_hard_floor_B2_U020_R2,783.624816643,3.962387510,command,0.200000,-5.002158165,-0.155060172,0.999621689,0.038130876,-0.018058445,0.999632955,ros2_odometer_state
M19C_S1_lab_hard_floor_B2_U020_R2,783.627212096,3.964782963,command,0.200000,-5.002158165,-0.155060172,0.999621689,0.038132735,-0.018016260,0.999633014,ros2_odometer_state
M19C_S1_lab_hard_floor_B2_U020_R2,783.629236622,3.966807489,command,0.200000,-5.002158165,-0.155060172,0.999621689,0.038139801,-0.017974954,0.999621570,ros2_odometer_state
M19C_S1_lab_hard_floor_B2_U020_R2,783.630742281,3.968313148,command,0.200000,-5.002158165,-0.155060172,0.999621689,0.038148303,-0.017933307,0.999608219,ros2_odometer_state
M19C_S1_lab_hard_floor_B2_U020_R2,783.632885820,3.970456687,command,0.200000,-5.002158165,-0.155060172,0.999621689,0.038153563,-0.017884431,0.999595761,ros2_odometer_state
M19C_S1_lab_hard_floor_B2_U020_R2,783.633977542,3.971548409,command,0.200000,-5.002158165,-0.155060172,0.999621689,0.038153563,-0.017884431,0.999595761,ros2_odometer_state
M19C_S1_lab_hard_floor_B2_U020_R2,783.636741458,3.974312325,command,0.200000,-5.002158165,-0.155060172,0.999621689,0.038167611,-0.017801989,0.999583066,ros2_odometer_state
M19C_S1_lab_hard_floor_B2_U020_R2,783.637954081,3.975524948,command,0.200000,-5.002158165,-0.155060172,0.999621689,0.038167611,-0.017801989,0.999583066,ros2_odometer_state
M19C_S1_lab_hard_floor_B2_U020_R2,783.640829361,3.978400228,command,0.200000,-5.002158165,-0.155060172,0.999555469,0.038175683,-0.017720396,0.999528646,ros2_odometer_state
M19C_S1_lab_hard_floor_B2_U020_R2,783.641892346,3.979463213,command,0.200000,-5.002158165,-0.155060172,0.999555469,0.038175683,-0.017720396,0.999528646,ros2_odometer_state
M19C_S1_lab_hard_floor_B2_U020_R2,783.645033652,3.982604519,command,0.200000,-5.002158165,-0.155060172,0.999555469,0.038201369,-0.017647894,0.999470532,ros2_odometer_state
M19C_S1_lab_hard_floor_B2_U020_R2,783.647302444,3.984873311,command,0.200000,-5.002158165,-0.155060172,0.999555469,0.038216233,-0.017606782,0.999443889,ros2_odometer_state
M19C_S1_lab_hard_floor_B2_U020_R2,783.648730468,3.986301335,command,0.200000,-5.002158165,-0.155060172,0.999555469,0.038234469,-0.017567880,0.999418974,ros2_odometer_state
M19C_S1_lab_hard_floor_B2_U020_R2,783.651119328,3.988690195,command,0.200000,-5.002158165,-0.155060172,0.999555469,0.038250942,-0.017527213,0.999378085,ros2_odometer_state
M19C_S1_lab_hard_floor_B2_U020_R2,783.652882085,3.990452952,command,0.200000,-5.002158165,-0.155060172,0.999555469,0.038265388,-0.017486872,0.999345303,ros2_odometer_state
M19C_S1_lab_hard_floor_B2_U020_R2,783.654048114,3.991618981,command,0.200000,-5.002158165,-0.155060172,0.999555469,0.038265388,-0.017486872,0.999345303,ros2_odometer_state
M19C_S1_lab_hard_floor_B2_U020_R2,783.655957788,3.993528655,command,0.200000,-5.002158165,-0.155060172,0.999555469,0.038284667,-0.017453924,0.999320865,ros2_odometer_state
M19C_S1_lab_hard_floor_B2_U020_R2,783.658913423,3.996484290,command,0.200000,-5.002158165,-0.155060172,0.999555469,0.038323667,-0.017373152,0.999274552,ros2_odometer_state
M19C_S1_lab_hard_floor_B2_U020_R2,783.660846970,3.998417837,command,0.200000,-5.002158165,-0.155060172,0.999274552,0.038341880,-0.017336747,0.999251008,ros2_odometer_state
M19C_S1_lab_hard_floor_B2_U020_R2,783.662859241,4.000430108,command,0.200000,-5.002158165,-0.155060172,0.999274552,0.038357053,-0.017300829,0.999228656,ros2_odometer_state
M19C_S1_lab_hard_floor_B2_U020_R2,783.663953651,4.001524518,command,0.200000,-5.002158165,-0.155060172,0.999274552,0.038357053,-0.017300829,0.999228656,ros2_odometer_state
M19C_S1_lab_hard_floor_B2_U020_R2,783.666648828,4.004219695,command,0.200000,-5.002158165,-0.155060172,0.999274552,0.038370445,-0.017265262,0.999206781,ros2_odometer_state
M19C_S1_lab_hard_floor_B2_U020_R2,783.668805616,4.006376483,command,0.200000,-5.002158165,-0.155060172,0.999274552,0.038381655,-0.017202422,0.999182165,ros2_odometer_state
M19C_S1_lab_hard_floor_B2_U020_R2,783.670801565,4.008372432,command,0.200000,-5.002158165,-0.155060172,0.999274552,0.038392369,-0.017163288,0.999176919,ros2_odometer_state
M19C_S1_lab_hard_floor_B2_U020_R2,783.672896878,4.010467745,command,0.200000,-5.002158165,-0.155060172,0.999274552,0.038405512,-0.017125867,0.999176443,ros2_odometer_state
M19C_S1_lab_hard_floor_B2_U020_R2,783.675108100,4.012678967,command,0.200000,-5.002158165,-0.155060172,0.999274552,0.038415793,-0.017094722,0.999176383,ros2_odometer_state
M19C_S1_lab_hard_floor_B2_U020_R2,783.676754660,4.014325527,command,0.200000,-5.002158165,-0.155060172,0.999274552,0.038416434,-0.017062528,0.999178767,ros2_odometer_state
M19C_S1_lab_hard_floor_B2_U020_R2,783.678777395,4.016348262,command,0.200000,-5.002158165,-0.155060172,0.999274552,0.038411971,-0.017025288,0.999183595,ros2_odometer_state
M19C_S1_lab_hard_floor_B2_U020_R2,783.680285390,4.017856257,command,0.200000,-5.002158165,-0.155060172,0.999183595,0.038411971,-0.017025288,0.999183595,ros2_odometer_state
M19C_S1_lab_hard_floor_B2_U020_R2,783.682768366,4.020339233,command,0.200000,-5.002158165,-0.155060172,0.999183595,0.038409837,-0.016950635,0.999190569,ros2_odometer_state
M19C_S1_lab_hard_floor_B2_U020_R2,783.684791613,4.022362480,command,0.200000,-5.002158165,-0.155060172,0.999183595,0.038405392,-0.016916221,0.999210179,ros2_odometer_state
M19C_S1_lab_hard_floor_B2_U020_R2,783.686944848,4.024515715,command,0.200000,-5.002158165,-0.155060172,0.999183595,0.038405392,-0.016916221,0.999210179,ros2_odometer_state
M19C_S1_lab_hard_floor_B2_U020_R2,783.688861371,4.026432238,command,0.200000,-5.002158165,-0.155060172,0.999183595,0.038383305,-0.016851230,0.999224961,ros2_odometer_state
M19C_S1_lab_hard_floor_B2_U020_R2,783.690933771,4.028504638,command,0.200000,-5.002158165,-0.155060172,0.999183595,0.038379256,-0.016819125,0.999236345,ros2_odometer_state
M19C_S1_lab_hard_floor_B2_U020_R2,783.692169275,4.029740142,command,0.200000,-5.002158165,-0.155060172,0.999183595,0.038379256,-0.016819125,0.999236345,ros2_odometer_state
M19C_S1_lab_hard_floor_B2_U020_R2,783.694806690,4.032377557,command,0.200000,-5.002158165,-0.155060172,0.999183595,0.038373701,-0.016761955,0.999260545,ros2_odometer_state
M19C_S1_lab_hard_floor_B2_U020_R2,783.696710316,4.034281183,command,0.200000,-5.002158165,-0.155060172,0.999183595,0.038369533,-0.016733445,0.999262571,ros2_odometer_state
M19C_S1_lab_hard_floor_B2_U020_R2,783.698859679,4.036430546,command,0.200000,-5.002158165,-0.155060172,0.999183595,0.038372416,-0.016711568,0.999267936,ros2_odometer_state
M19C_S1_lab_hard_floor_B2_U020_R2,783.700932368,4.038503235,command,0.200000,-5.002158165,-0.155060172,0.999267936,0.038374193,-0.016692664,0.999274194,ros2_odometer_state
M19C_S1_lab_hard_floor_B2_U020_R2,783.702700916,4.040271783,command,0.200000,-5.002158165,-0.155060172,0.999267936,0.038375422,-0.016671447,0.999282300,ros2_odometer_state
M19C_S1_lab_hard_floor_B2_U020_R2,783.704828135,4.042399002,command,0.200000,-5.002158165,-0.155060172,0.999267936,0.038381744,-0.016652806,0.999287605,ros2_odometer_state
M19C_S1_lab_hard_floor_B2_U020_R2,783.707340425,4.044911292,command,0.200000,-5.002158165,-0.155060172,0.999267936,0.038379639,-0.016638955,0.999300063,ros2_odometer_state
M19C_S1_lab_hard_floor_B2_U020_R2,783.708876868,4.046447735,command,0.200000,-5.002158165,-0.155060172,0.999267936,0.038379196,-0.016627640,0.999303937,ros2_odometer_state
M19C_S1_lab_hard_floor_B2_U020_R2,783.710939124,4.048509991,command,0.200000,-5.002158165,-0.155060172,0.999267936,0.038387436,-0.016627735,0.999297023,ros2_odometer_state
M19C_S1_lab_hard_floor_B2_U020_R2,783.712876416,4.050447283,command,0.200000,-5.002158165,-0.155060172,0.999267936,0.038395405,-0.016626809,0.999296725,ros2_odometer_state
M19C_S1_lab_hard_floor_B2_U020_R2,783.714832364,4.052403231,command,0.200000,-5.002158165,-0.155060172,0.999267936,0.038402628,-0.016631601,0.999299467,ros2_odometer_state
M19C_S1_lab_hard_floor_B2_U020_R2,783.716880923,4.054451790,command,0.200000,-5.002158165,-0.155060172,0.999267936,0.038411461,-0.016643662,0.999297023,ros2_odometer_state
M19C_S1_lab_hard_floor_B2_U020_R2,783.718777029,4.056347896,command,0.200000,-5.002158165,-0.155060172,0.999267936,0.038416412,-0.016670465,0.999293268,ros2_odometer_state
M19C_S1_lab_hard_floor_B2_U020_R2,783.720883383,4.058454250,command,0.200000,-5.002158165,-0.155060172,0.999293268,0.038422894,-0.016706171,0.999305665,ros2_odometer_state
M19C_S1_lab_hard_floor_B2_U020_R2,783.722815234,4.060386101,command,0.200000,-5.002158165,-0.155060172,0.999293268,0.038427476,-0.016754622,0.999321401,ros2_odometer_state
M19C_S1_lab_hard_floor_B2_U020_R2,783.724783598,4.062354465,command,0.200000,-5.002158165,-0.155060172,0.999293268,0.038430545,-0.016805727,0.999337912,ros2_odometer_state
M19C_S1_lab_hard_floor_B2_U020_R2,783.727502424,4.065073291,command,0.200000,-5.002158165,-0.155060172,0.999293268,0.038429964,-0.016859854,0.999362826,ros2_odometer_state
M19C_S1_lab_hard_floor_B2_U020_R2,783.728848076,4.066418943,command,0.200000,-5.002158165,-0.155060172,0.999293268,0.038437564,-0.016907245,0.999388397,ros2_odometer_state
M19C_S1_lab_hard_floor_B2_U020_R2,783.730815897,4.068386764,command,0.200000,-5.002158165,-0.155060172,0.999293268,0.038442828,-0.016955324,0.999402583,ros2_odometer_state
M19C_S1_lab_hard_floor_B2_U020_R2,783.732960780,4.070531647,command,0.200000,-5.002158165,-0.155060172,0.999293268,0.038452972,-0.016998138,0.999415994,ros2_odometer_state
M19C_S1_lab_hard_floor_B2_U020_R2,783.734817940,4.072388807,command,0.200000,-5.002158165,-0.155060172,0.999293268,0.038466442,-0.017043261,0.999433994,ros2_odometer_state
M19C_S1_lab_hard_floor_B2_U020_R2,783.736795905,4.074366772,command,0.200000,-5.002158165,-0.155060172,0.999293268,0.038477316,-0.017084282,0.999450743,ros2_odometer_state
M19C_S1_lab_hard_floor_B2_U020_R2,783.739474601,4.077045468,command,0.200000,-5.002158165,-0.155060172,0.999293268,0.038488768,-0.017131187,0.999475360,ros2_odometer_state
M19C_S1_lab_hard_floor_B2_U020_R2,783.740931618,4.078502485,command,0.200000,-5.002158165,-0.155060172,0.999475360,0.038499765,-0.017183112,0.999508619,ros2_odometer_state
M19C_S1_lab_hard_floor_B2_U020_R2,783.742789290,4.080360157,command,0.200000,-5.002158165,-0.155060172,0.999475360,0.038508032,-0.017230920,0.999538839,ros2_odometer_state
M19C_S1_lab_hard_floor_B2_U020_R2,783.745154054,4.082724921,command,0.200000,-5.002158165,-0.155060172,0.999475360,0.038511813,-0.017278804,0.999561012,ros2_odometer_state
M19C_S1_lab_hard_floor_B2_U020_R2,783.747488544,4.085059411,command,0.200000,-5.002158165,-0.155060172,0.999475360,0.038512543,-0.017333746,0.999585986,ros2_odometer_state
M19C_S1_lab_hard_floor_B2_U020_R2,783.749001755,4.086572622,command,0.200000,-5.002158165,-0.155060172,0.999475360,0.038520575,-0.017390672,0.999614120,ros2_odometer_state
M19C_S1_lab_hard_floor_B2_U020_R2,783.750998249,4.088569116,command,0.200000,-5.002158165,-0.155060172,0.999475360,0.038528163,-0.017446959,0.999655783,ros2_odometer_state
M19C_S1_lab_hard_floor_B2_U020_R2,783.752897555,4.090468422,command,0.200000,-5.002158165,-0.155060172,0.999475360,0.038531180,-0.017507272,0.999696076,ros2_odometer_state
M19C_S1_lab_hard_floor_B2_U020_R2,783.755541081,4.093111948,command,0.200000,-5.002158165,-0.155060172,0.999475360,0.038531180,-0.017507272,0.999696076,ros2_odometer_state
M19C_S1_lab_hard_floor_B2_U020_R2,783.756785258,4.094356125,command,0.200000,-5.002158165,-0.155060172,0.999475360,0.038535658,-0.017573612,0.999741912,ros2_odometer_state
M19C_S1_lab_hard_floor_B2_U020_R2,783.758871515,4.096442382,command,0.200000,-5.002158165,-0.155060172,0.999475360,0.038545825,-0.017696830,0.999813020,ros2_odometer_state
M19C_S1_lab_hard_floor_B2_U020_R2,783.761587524,4.099158391,command,0.200000,-5.002158165,-0.155060172,0.999813020,0.038549438,-0.017761979,0.999862194,ros2_odometer_state
M19C_S1_lab_hard_floor_B2_U020_R2,783.762970970,4.100541837,command,0.200000,-5.002158165,-0.155060172,0.999813020,0.038549848,-0.017835351,0.999910772,ros2_odometer_state
M19C_S1_lab_hard_floor_B2_U020_R2,783.764875140,4.102446007,command,0.200000,-5.002158165,-0.155060172,0.999813020,0.038553223,-0.017910628,0.999953389,ros2_odometer_state
M19C_S1_lab_hard_floor_B2_U020_R2,783.767624751,4.105195618,command,0.200000,-5.002158165,-0.155060172,0.999813020,0.038553134,-0.017991638,0.999993145,ros2_odometer_state
M19C_S1_lab_hard_floor_B2_U020_R2,783.769021797,4.106592664,command,0.200000,-5.002158165,-0.155060172,0.999813020,0.038550179,-0.018069759,1.000030637,ros2_odometer_state
M19C_S1_lab_hard_floor_B2_U020_R2,783.771142839,4.108713706,command,0.200000,-5.002158165,-0.155060172,0.999813020,0.038549457,-0.018137811,1.000067711,ros2_odometer_state
M19C_S1_lab_hard_floor_B2_U020_R2,783.772200801,4.109771668,command,0.200000,-5.002158165,-0.155060172,0.999813020,0.038549457,-0.018137811,1.000067711,ros2_odometer_state
M19C_S1_lab_hard_floor_B2_U020_R2,783.774888329,4.112459196,command,0.200000,-5.002158165,-0.155060172,0.999813020,0.038536370,-0.018259592,1.000102401,ros2_odometer_state
M19C_S1_lab_hard_floor_B2_U020_R2,783.777165377,4.114736244,command,0.200000,-5.002158165,-0.155060172,0.999813020,0.038537931,-0.018319067,1.000108838,ros2_odometer_state
M19C_S1_lab_hard_floor_B2_U020_R2,783.779082060,4.116652927,command,0.200000,-5.002158165,-0.155060172,0.999813020,0.038534109,-0.018372111,1.000113487,ros2_odometer_state
M19C_S1_lab_hard_floor_B2_U020_R2,783.781960316,4.119531183,command,0.200000,-5.002158165,-0.155060172,1.000113487,0.038524479,-0.018418860,1.000113010,ros2_odometer_state
M19C_S1_lab_hard_floor_B2_U020_R2,783.782475088,4.120045955,command,0.200000,-5.002158165,-0.155060172,1.000113487,0.038524479,-0.018418860,1.000113010,ros2_odometer_state
M19C_S1_lab_hard_floor_B2_U020_R2,783.785200762,4.122771629,command,0.200000,-5.002158165,-0.155060172,1.000113487,0.038499195,-0.018511608,1.000113606,ros2_odometer_state
M19C_S1_lab_hard_floor_B2_U020_R2,783.787556661,4.125127528,command,0.200000,-5.002158165,-0.155060172,1.000113487,0.038488749,-0.018560490,1.000113130,ros2_odometer_state
M19C_S1_lab_hard_floor_B2_U020_R2,783.788985165,4.126556032,command,0.200000,-5.002158165,-0.155060172,1.000113487,0.038482860,-0.018600905,1.000104308,ros2_odometer_state
M19C_S1_lab_hard_floor_B2_U020_R2,783.790504488,4.128075355,command,0.200000,-5.002158165,-0.155060172,1.000113487,0.038482860,-0.018600905,1.000104308,ros2_odometer_state
M19C_S1_lab_hard_floor_B2_U020_R2,783.792359504,4.129930371,command,0.200000,-5.002158165,-0.155060172,1.000113487,0.038470790,-0.018637728,1.000097513,ros2_odometer_state
M19C_S1_lab_hard_floor_B2_U020_R2,783.794327324,4.131898191,command,0.200000,-5.002158165,-0.155060172,1.000113487,0.038454913,-0.018676482,1.000090837,ros2_odometer_state
M19C_S1_lab_hard_floor_B2_U020_R2,783.797413908,4.134984775,command,0.200000,-5.002158165,-0.155060172,1.000113487,0.038432602,-0.018743625,1.000069261,ros2_odometer_state
M19C_S1_lab_hard_floor_B2_U020_R2,783.798441564,4.136012431,command,0.200000,-5.002158165,-0.155060172,1.000113487,0.038432602,-0.018743625,1.000069261,ros2_odometer_state
M19C_S1_lab_hard_floor_B2_U020_R2,783.800423081,4.137993948,command,0.200000,-5.002158165,-0.155060172,1.000054955,0.038427137,-0.018761540,1.000054955,ros2_odometer_state
M19C_S1_lab_hard_floor_B2_U020_R2,783.802867208,4.140438075,command,0.200000,-5.002158165,-0.155060172,1.000054955,0.038418382,-0.018773973,1.000040412,ros2_odometer_state
M19C_S1_lab_hard_floor_B2_U020_R2,783.805184578,4.142755445,command,0.200000,-5.002158165,-0.155060172,1.000054955,0.038405482,-0.018765446,0.999991715,ros2_odometer_state
M19C_S1_lab_hard_floor_B2_U020_R2,783.807890315,4.145461182,command,0.200000,-5.002158165,-0.155060172,1.000054955,0.038411841,-0.018754769,0.999965668,ros2_odometer_state
M19C_S1_lab_hard_floor_B2_U020_R2,783.808473538,4.146044405,command,0.200000,-5.002158165,-0.155060172,1.000054955,0.038411841,-0.018754769,0.999965668,ros2_odometer_state
M19C_S1_lab_hard_floor_B2_U020_R2,783.811352722,4.148923589,command,0.200000,-5.002158165,-0.155060172,1.000054955,0.038411923,-0.018716132,0.999895871,ros2_odometer_state
M19C_S1_lab_hard_floor_B2_U020_R2,783.813162520,4.150733387,command,0.200000,-5.002158165,-0.155060172,1.000054955,0.038405411,-0.018691406,0.999871254,ros2_odometer_state
M19C_S1_lab_hard_floor_B2_U020_R2,783.815986150,4.153557017,command,0.200000,-5.002158165,-0.155060172,1.000054955,0.038404234,-0.018663211,0.999843836,ros2_odometer_state
M19C_S1_lab_hard_floor_B2_U020_R2,783.816775908,4.154346775,command,0.200000,-5.002158165,-0.155060172,1.000054955,0.038404234,-0.018663211,0.999843836,ros2_odometer_state
M19C_S1_lab_hard_floor_B2_U020_R2,783.818459174,4.156030041,command,0.200000,-5.002158165,-0.155060172,1.000054955,0.038408101,-0.018648721,0.999810636,ros2_odometer_state
M19C_S1_lab_hard_floor_B2_U020_R2,783.821580799,4.159151666,command,0.200000,-5.002158165,-0.155060172,0.999780595,0.038424965,-0.018629365,0.999749482,ros2_odometer_state
M19C_S1_lab_hard_floor_B2_U020_R2,783.823280321,4.160851188,command,0.200000,-5.002158165,-0.155060172,0.999780595,0.038424965,-0.018629365,0.999749482,ros2_odometer_state
M19C_S1_lab_hard_floor_B2_U020_R2,783.824450670,4.162021537,command,0.200000,-5.002158165,-0.155060172,0.999780595,0.038440861,-0.018611485,0.999727011,ros2_odometer_state
M19C_S1_lab_hard_floor_B2_U020_R2,783.827002514,4.164573381,command,0.200000,-5.002158165,-0.155060172,0.999780595,0.038450692,-0.018597417,0.999714136,ros2_odometer_state
M19C_S1_lab_hard_floor_B2_U020_R2,783.828394568,4.165965435,command,0.200000,-5.002158165,-0.155060172,0.999780595,0.038453382,-0.018590003,0.999696136,ros2_odometer_state
M19C_S1_lab_hard_floor_B2_U020_R2,783.831659207,4.169230074,command,0.200000,-5.002158165,-0.155060172,0.999780595,0.038469080,-0.018580740,0.999654353,ros2_odometer_state
M19C_S1_lab_hard_floor_B2_U020_R2,783.834757599,4.172328466,command,0.200000,-5.002158165,-0.155060172,0.999780595,0.038472693,-0.018584190,0.999633789,ros2_odometer_state
M19C_S1_lab_hard_floor_B2_U020_R2,783.835746597,4.173317464,command,0.200000,-5.002158165,-0.155060172,0.999780595,0.038475931,-0.018594880,0.999619663,ros2_odometer_state
M19C_S1_lab_hard_floor_B2_U020_R2,783.837030263,4.174601130,command,0.200000,-5.002158165,-0.155060172,0.999780595,0.038475931,-0.018594880,0.999619663,ros2_odometer_state
M19C_S1_lab_hard_floor_B2_U020_R2,783.838471695,4.176042562,command,0.200000,-5.002158165,-0.155060172,0.999780595,0.038478497,-0.018606888,0.999611259,ros2_odometer_state
M19C_S1_lab_hard_floor_B2_U020_R2,783.840576449,4.178147316,command,0.200000,-5.002158165,-0.155060172,0.999598503,0.038479473,-0.018617818,0.999598503,ros2_odometer_state
M19C_S1_lab_hard_floor_B2_U020_R2,783.842642129,4.180212996,command,0.200000,-5.002158165,-0.155060172,0.999598503,0.038480446,-0.018628463,0.999577940,ros2_odometer_state
M19C_S1_lab_hard_floor_B2_U020_R2,783.844518618,4.182089485,command,0.200000,-5.002158165,-0.155060172,0.999598503,0.038478736,-0.018644741,0.999559104,ros2_odometer_state
M19C_S1_lab_hard_floor_B2_U020_R2,783.847210883,4.184781750,command,0.200000,-5.002158165,-0.155060172,0.999598503,0.038475640,-0.018663123,0.999538839,ros2_odometer_state
M19C_S1_lab_hard_floor_B2_U020_R2,783.849254738,4.186825605,command,0.200000,-5.002158165,-0.155060172,0.999598503,0.038476825,-0.018683597,0.999516785,ros2_odometer_state
M19C_S1_lab_hard_floor_B2_U020_R2,783.850678921,4.188249788,command,0.200000,-5.002158165,-0.155060172,0.999598503,0.038478851,-0.018707911,0.999498785,ros2_odometer_state
M19C_S1_lab_hard_floor_B2_U020_R2,783.852367595,4.189938462,command,0.200000,-5.002158165,-0.155060172,0.999598503,0.038471110,-0.018734884,0.999480188,ros2_odometer_state
M19C_S1_lab_hard_floor_B2_U020_R2,783.855244347,4.192815214,command,0.200000,-5.002158165,-0.155060172,0.999598503,0.038465105,-0.018819345,0.999430001,ros2_odometer_state
M19C_S1_lab_hard_floor_B2_U020_R2,783.857141381,4.194712248,command,0.200000,-5.002158165,-0.155060172,0.999598503,0.038466934,-0.018860605,0.999406040,ros2_odometer_state
M19C_S1_lab_hard_floor_B2_U020_R2,783.858376661,4.195947528,command,0.200000,-5.002158165,-0.155060172,0.999598503,0.038466934,-0.018860605,0.999406040,ros2_odometer_state
M19C_S1_lab_hard_floor_B2_U020_R2,783.861494702,4.199065569,command,0.200000,-5.002158165,-0.155060172,0.999375165,0.038463384,-0.018937150,0.999339819,ros2_odometer_state
M19C_S1_lab_hard_floor_B2_U020_R2,783.862572696,4.200143563,command,0.200000,-5.002158165,-0.155060172,0.999375165,0.038463384,-0.018937150,0.999339819,ros2_odometer_state
M19C_S1_lab_hard_floor_B2_U020_R2,783.864553604,4.202124471,command,0.200000,-5.002158165,-0.155060172,0.999375165,0.038464736,-0.018977018,0.999305606,ros2_odometer_state
M19C_S1_lab_hard_floor_B2_U020_R2,783.868132048,4.205702915,command,0.200000,-5.002158165,-0.155060172,0.999375165,0.038442757,-0.019054990,0.999250889,ros2_odometer_state
M19C_S1_lab_hard_floor_B2_U020_R2,783.869486948,4.207057815,command,0.200000,-5.002158165,-0.155060172,0.999375165,0.038432989,-0.019096306,0.999217153,ros2_odometer_state
M19C_S1_lab_hard_floor_B2_U020_R2,783.871151365,4.208722232,command,0.200000,-5.002158165,-0.155060172,0.999375165,0.038422823,-0.019138277,0.999193549,ros2_odometer_state
M19C_S1_lab_hard_floor_B2_U020_R2,783.873323033,4.210893900,command,0.200000,-5.002158165,-0.155060172,0.999375165,0.038409747,-0.019174075,0.999175668,ros2_odometer_state
M19C_S1_lab_hard_floor_B2_U020_R2,783.875119103,4.212689970,command,0.200000,-5.002158165,-0.155060172,0.999375165,0.038402200,-0.019215116,0.999154508,ros2_odometer_state
M19C_S1_lab_hard_floor_B2_U020_R2,783.877058794,4.214629661,command,0.200000,-5.002158165,-0.155060172,0.999375165,0.038405497,-0.019262707,0.999134123,ros2_odometer_state
M19C_S1_lab_hard_floor_B2_U020_R2,783.879091577,4.216662444,command,0.200000,-5.002158165,-0.155060172,0.999375165,0.038406879,-0.019301368,0.999117553,ros2_odometer_state
M19C_S1_lab_hard_floor_B2_U020_R2,783.881162698,4.218733565,command,0.200000,-5.002158165,-0.155060172,0.999117553,0.038405847,-0.019334367,0.999106705,ros2_odometer_state
M19C_S1_lab_hard_floor_B2_U020_R2,783.882417915,4.219988782,command,0.200000,-5.002158165,-0.155060172,0.999117553,0.038405847,-0.019334367,0.999106705,ros2_odometer_state
M19C_S1_lab_hard_floor_B2_U020_R2,783.886314258,4.223885125,command,0.200000,-5.002158165,-0.155060172,0.999117553,0.038398426,-0.019366369,0.999095440,ros2_odometer_state
M19C_S1_lab_hard_floor_B2_U020_R2,783.887403196,4.224974063,command,0.200000,-5.002158165,-0.155060172,0.999117553,0.038391910,-0.019404611,0.999077380,ros2_odometer_state
M19C_S1_lab_hard_floor_B2_U020_R2,783.889177473,4.226748340,command,0.200000,-5.002158165,-0.155060172,0.999117553,0.038397394,-0.019469738,0.999050915,ros2_odometer_state
M19C_S1_lab_hard_floor_B2_U020_R2,783.891133133,4.228704000,command,0.200000,-5.002158165,-0.155060172,0.999117553,0.038399309,-0.019500896,0.999040127,ros2_odometer_state
M19C_S1_lab_hard_floor_B2_U020_R2,783.892409375,4.229980242,command,0.200000,-5.002158165,-0.155060172,0.999117553,0.038399309,-0.019500896,0.999040127,ros2_odometer_state
M19C_S1_lab_hard_floor_B2_U020_R2,783.895511639,4.233082506,command,0.200000,-5.002158165,-0.155060172,0.999117553,0.038396519,-0.019550476,0.999031067,ros2_odometer_state
M19C_S1_lab_hard_floor_B2_U020_R2,783.896512766,4.234083633,command,0.200000,-5.002158165,-0.155060172,0.999117553,0.038396519,-0.019550476,0.999031067,ros2_odometer_state
M19C_S1_lab_hard_floor_B2_U020_R2,783.902884246,4.240455113,command,0.200000,-5.002158165,-0.155060172,0.999117553,0.038404789,-0.019604634,0.999004483,ros2_odometer_state
M19C_S1_lab_hard_floor_B2_U020_R2,783.903829018,4.241399885,command,0.200000,-5.002158165,-0.155060172,0.999004483,0.038412310,-0.019629810,0.998996377,ros2_odometer_state
M19C_S1_lab_hard_floor_B2_U020_R2,783.904932837,4.242503704,command,0.200000,-5.002158165,-0.155060172,0.999004483,0.038410425,-0.019649737,0.998988032,ros2_odometer_state
M19C_S1_lab_hard_floor_B2_U020_R2,783.905806791,4.243377658,command,0.200000,-5.002158165,-0.155060172,0.999004483,0.038409960,-0.019670123,0.998982191,ros2_odometer_state
M19C_S1_lab_hard_floor_B2_U020_R2,783.907847350,4.245418217,command,0.200000,-5.002158165,-0.155060172,0.999004483,0.038415607,-0.019690547,0.998964071,ros2_odometer_state
M19C_S1_lab_hard_floor_B2_U020_R2,783.908513552,4.246084419,command,0.200000,-5.002158165,-0.155060172,0.999004483,0.038415607,-0.019690547,0.998964071,ros2_odometer_state
M19C_S1_lab_hard_floor_B2_U020_R2,783.910569984,4.248140851,command,0.200000,-5.002158165,-0.155060172,0.999004483,0.038423114,-0.019710084,0.998951197,ros2_odometer_state
M19C_S1_lab_hard_floor_B2_U020_R2,783.913406638,4.250977505,command,0.200000,-5.002158165,-0.155060172,0.999004483,0.038436107,-0.019770432,0.998927712,ros2_odometer_state
M19C_S1_lab_hard_floor_B2_U020_R2,783.915322297,4.252893164,command,0.200000,-5.002158165,-0.155060172,0.999004483,0.038436107,-0.019770432,0.998927712,ros2_odometer_state
M19C_S1_lab_hard_floor_B2_U020_R2,783.917120191,4.254691058,command,0.200000,-5.002158165,-0.155060172,0.999004483,0.038437672,-0.019797303,0.998910904,ros2_odometer_state
M19C_S1_lab_hard_floor_B2_U020_R2,783.918562327,4.256133194,command,0.200000,-5.002158165,-0.155060172,0.999004483,0.038438179,-0.019826505,0.998892605,ros2_odometer_state
M19C_S1_lab_hard_floor_B2_U020_R2,783.921480232,4.259051099,command,0.200000,-5.002158165,-0.155060172,0.998871207,0.038458172,-0.019889956,0.998847902,ros2_odometer_state
M19C_S1_lab_hard_floor_B2_U020_R2,783.923197771,4.260768638,command,0.200000,-5.002158165,-0.155060172,0.998871207,0.038459856,-0.019927509,0.998829246,ros2_odometer_state
M19C_S1_lab_hard_floor_B2_U020_R2,783.925185784,4.262756651,command,0.200000,-5.002158165,-0.155060172,0.998871207,0.038462657,-0.019964820,0.998812497,ros2_odometer_state
M19C_S1_lab_hard_floor_B2_U020_R2,783.928537946,4.266108813,command,0.200000,-5.002158165,-0.155060172,0.998871207,0.038468443,-0.020003894,0.998792410,ros2_odometer_state
M19C_S1_lab_hard_floor_B2_U020_R2,783.929896687,4.267467554,command,0.200000,-5.002158165,-0.155060172,0.998871207,0.038472209,-0.020047754,0.998759151,ros2_odometer_state
M19C_S1_lab_hard_floor_B2_U020_R2,783.931492333,4.269063200,command,0.200000,-5.002158165,-0.155060172,0.998871207,0.038480531,-0.020089945,0.998730779,ros2_odometer_state
M19C_S1_lab_hard_floor_B2_U020_R2,783.933398455,4.270969322,command,0.200000,-5.002158165,-0.155060172,0.998871207,0.038491197,-0.020134302,0.998706222,ros2_odometer_state
M19C_S1_lab_hard_floor_B2_U020_R2,783.935212670,4.272783537,command,0.200000,-5.002158165,-0.155060172,0.998871207,0.038500603,-0.020181237,0.998676002,ros2_odometer_state
M19C_S1_lab_hard_floor_B2_U020_R2,783.937176330,4.274747197,command,0.200000,-5.002158165,-0.155060172,0.998871207,0.038507421,-0.020224299,0.998643458,ros2_odometer_state
M19C_S1_lab_hard_floor_B2_U020_R2,783.939207065,4.276777932,command,0.200000,-5.002158165,-0.155060172,0.998871207,0.038515147,-0.020264182,0.998618364,ros2_odometer_state
M19C_S1_lab_hard_floor_B2_U020_R2,783.941405870,4.278976737,command,0.200000,-5.002158165,-0.155060172,0.998618364,0.038520686,-0.020307679,0.998595715,ros2_odometer_state
M19C_S1_lab_hard_floor_B2_U020_R2,783.943259766,4.280830633,command,0.200000,-5.002158165,-0.155060172,0.998618364,0.038524173,-0.020351743,0.998572648,ros2_odometer_state
M19C_S1_lab_hard_floor_B2_U020_R2,783.944746000,4.282316867,command,0.200000,-5.002158165,-0.155060172,0.998618364,0.038524173,-0.020351743,0.998572648,ros2_odometer_state
M19C_S1_lab_hard_floor_B2_U020_R2,783.948041712,4.285612579,command,0.200000,-5.002158165,-0.155060172,0.998618364,0.038525958,-0.020448297,0.998509943,ros2_odometer_state
M19C_S1_lab_hard_floor_B2_U020_R2,783.948562372,4.286133239,command,0.200000,-5.002158165,-0.155060172,0.998618364,0.038525958,-0.020448297,0.998509943,ros2_odometer_state
M19C_S1_lab_hard_floor_B2_U020_R2,783.951404819,4.288975686,command,0.200000,-5.002158165,-0.155060172,0.998618364,0.038531218,-0.020533007,0.998458683,ros2_odometer_state
M19C_S1_lab_hard_floor_B2_U020_R2,783.953641226,4.291212093,command,0.200000,-5.002158165,-0.155060172,0.998618364,0.038535472,-0.020567957,0.998440981,ros2_odometer_state
M19C_S1_lab_hard_floor_B2_U020_R2,783.955535379,4.293106246,command,0.200000,-5.002158165,-0.155060172,0.998618364,0.038546905,-0.020610124,0.998417377,ros2_odometer_state
M19C_S1_lab_hard_floor_B2_U020_R2,783.956549115,4.294119982,command,0.200000,-5.002158165,-0.155060172,0.998618364,0.038546905,-0.020610124,0.998417377,ros2_odometer_state
M19C_S1_lab_hard_floor_B2_U020_R2,783.958616331,4.296187198,command,0.200000,-5.002158165,-0.155060172,0.998618364,0.038560558,-0.020642405,0.998393714,ros2_odometer_state
M19C_S1_lab_hard_floor_B2_U020_R2,783.960692060,4.298262927,command,0.200000,-5.002158165,-0.155060172,0.998361409,0.038576562,-0.020674318,0.998361409,ros2_odometer_state
M19C_S1_lab_hard_floor_B2_U020_R2,783.963293889,4.300864756,command,0.200000,-5.002158165,-0.155060172,0.998361409,0.038605403,-0.020750202,0.998305082,ros2_odometer_state
M19C_S1_lab_hard_floor_B2_U020_R2,783.965374001,4.302944868,command,0.200000,-5.002158165,-0.155060172,0.998361409,0.038619634,-0.020782664,0.998291194,ros2_odometer_state
M19C_S1_lab_hard_floor_B2_U020_R2,783.968611631,4.306182498,command,0.200000,-5.002158165,-0.155060172,0.998361409,0.038633022,-0.020810252,0.998270035,ros2_odometer_state
M19C_S1_lab_hard_floor_B2_U020_R2,783.968954621,4.306525488,command,0.200000,-5.002158165,-0.155060172,0.998361409,0.038633022,-0.020810252,0.998270035,ros2_odometer_state
M19C_S1_lab_hard_floor_B2_U020_R2,783.971309080,4.308879947,command,0.200000,-5.002158165,-0.155060172,0.998361409,0.038641941,-0.020858804,0.998238504,ros2_odometer_state
M19C_S1_lab_hard_floor_B2_U020_R2,783.973307302,4.310878169,command,0.200000,-5.002158165,-0.155060172,0.998361409,0.038650878,-0.020878781,0.998219490,ros2_odometer_state
M19C_S1_lab_hard_floor_B2_U020_R2,783.975268402,4.312839269,command,0.200000,-5.002158165,-0.155060172,0.998361409,0.038655121,-0.020902779,0.998203814,ros2_odometer_state
M19C_S1_lab_hard_floor_B2_U020_R2,783.977254399,4.314825266,command,0.200000,-5.002158165,-0.155060172,0.998361409,0.038657717,-0.020927394,0.998190165,ros2_odometer_state
M19C_S1_lab_hard_floor_B2_U020_R2,783.979293422,4.316864289,command,0.200000,-5.002158165,-0.155060172,0.998361409,0.038658287,-0.020952027,0.998180747,ros2_odometer_state
M19C_S1_lab_hard_floor_B2_U020_R2,783.981371423,4.318942290,command,0.200000,-5.002158165,-0.155060172,0.998180747,0.038657341,-0.020974405,0.998171628,ros2_odometer_state
M19C_S1_lab_hard_floor_B2_U020_R2,783.983272777,4.320843644,command,0.200000,-5.002158165,-0.155060172,0.998180747,0.038660552,-0.021001160,0.998159707,ros2_odometer_state
M19C_S1_lab_hard_floor_B2_U020_R2,783.985339609,4.322910476,command,0.200000,-5.002158165,-0.155060172,0.998180747,0.038669493,-0.021034844,0.998156130,ros2_odometer_state
M19C_S1_lab_hard_floor_B2_U020_R2,783.987268388,4.324839255,command,0.200000,-5.002158165,-0.155060172,0.998180747,0.038669493,-0.021034844,0.998156130,ros2_odometer_state
M19C_S1_lab_hard_floor_B2_U020_R2,783.988647706,4.326218573,command,0.200000,-5.002158165,-0.155060172,0.998180747,0.038677748,-0.021062229,0.998149574,ros2_odometer_state
M19C_S1_lab_hard_floor_B2_U020_R2,783.990712138,4.328283005,command,0.200000,-5.002158165,-0.155060172,0.998180747,0.038685892,-0.021087574,0.998138547,ros2_odometer_state
M19C_S1_lab_hard_floor_B2_U020_R2,783.992611188,4.330182055,command,0.200000,-5.002158165,-0.155060172,0.998180747,0.038696002,-0.021116855,0.998132050,ros2_odometer_state
M19C_S1_lab_hard_floor_B2_U020_R2,783.996058842,4.333629709,command,0.200000,-5.002158165,-0.155060172,0.998180747,0.038722850,-0.021176646,0.998119175,ros2_odometer_state
M19C_S1_lab_hard_floor_B2_U020_R2,783.997657752,4.335228619,command,0.200000,-5.002158165,-0.155060172,0.998180747,0.038739894,-0.021209644,0.998110771,ros2_odometer_state
M19C_S1_lab_hard_floor_B2_U020_R2,783.998713185,4.336284052,command,0.200000,-5.002158165,-0.155060172,0.998180747,0.038739894,-0.021209644,0.998110771,ros2_odometer_state
M19C_S1_lab_hard_floor_B2_U020_R2,784.001537070,4.339107937,command,0.200000,-5.002158165,-0.155060172,0.998100162,0.038770590,-0.021270491,0.998089552,ros2_odometer_state
M19C_S1_lab_hard_floor_B2_U020_R2,784.003317780,4.340888647,command,0.200000,-5.002158165,-0.155060172,0.998100162,0.038785703,-0.021300850,0.998078942,ros2_odometer_state
M19C_S1_lab_hard_floor_B2_U020_R2,784.005345122,4.342915989,command,0.200000,-5.002158165,-0.155060172,0.998100162,0.038801238,-0.021328688,0.998069108,ros2_odometer_state
M19C_S1_lab_hard_floor_B2_U020_R2,784.007945447,4.345516314,command,0.200000,-5.002158165,-0.155060172,0.998100162,0.038818747,-0.021356048,0.998066008,ros2_odometer_state
M19C_S1_lab_hard_floor_B2_U020_R2,784.009454114,4.347024981,command,0.200000,-5.002158165,-0.155060172,0.998100162,0.038836513,-0.021383461,0.998055100,ros2_odometer_state
M19C_S1_lab_hard_floor_B2_U020_R2,784.011374189,4.348945056,command,0.200000,-5.002158165,-0.155060172,0.998100162,0.038854834,-0.021415271,0.998049557,ros2_odometer_state
M19C_S1_lab_hard_floor_B2_U020_R2,784.013348729,4.350919596,command,0.200000,-5.002158165,-0.155060172,0.998100162,0.038870804,-0.021447271,0.998046041,ros2_odometer_state
M19C_S1_lab_hard_floor_B2_U020_R2,784.015422922,4.352993789,command,0.200000,-5.002158165,-0.155060172,0.998100162,0.038891263,-0.021471720,0.998043001,ros2_odometer_state
M19C_S1_lab_hard_floor_B2_U020_R2,784.016697019,4.354267886,command,0.200000,-5.002158165,-0.155060172,0.998100162,0.038891263,-0.021471720,0.998043001,ros2_odometer_state
M19C_S1_lab_hard_floor_B2_U020_R2,784.019481896,4.357052763,command,0.200000,-5.002158165,-0.155060172,0.998100162,0.038929913,-0.021505915,0.998037279,ros2_odometer_state
M19C_S1_lab_hard_floor_B2_U020_R2,784.020758361,4.358329228,command,0.200000,-5.002158165,-0.155060172,0.998037279,0.038929913,-0.021505915,0.998037279,ros2_odometer_state
M19C_S1_lab_hard_floor_B2_U020_R2,784.023399872,4.360970739,command,0.200000,-5.002158165,-0.155060172,0.998037279,0.038974557,-0.021551633,0.998030484,ros2_odometer_state
M19C_S1_lab_hard_floor_B2_U020_R2,784.025389421,4.362960288,command,0.200000,-5.002158165,-0.155060172,0.998037279,0.039005410,-0.021572730,0.998028338,ros2_odometer_state
M19C_S1_lab_hard_floor_B2_U020_R2,784.028057013,4.365627880,command,0.200000,-5.002158165,-0.155060172,0.998037279,0.039034836,-0.021591697,0.998032272,ros2_odometer_state
M19C_S1_lab_hard_floor_B2_U020_R2,784.029510605,4.367081472,command,0.200000,-5.002158165,-0.155060172,0.998037279,0.039053086,-0.021606406,0.998037577,ros2_odometer_state
M19C_S1_lab_hard_floor_B2_U020_R2,784.030762814,4.368333681,command,0.200000,-5.002158165,-0.155060172,0.998037279,0.039053086,-0.021606406,0.998037577,ros2_odometer_state
M19C_S1_lab_hard_floor_B2_U020_R2,784.033378179,4.370949046,command,0.200000,-5.002158165,-0.155060172,0.998037279,0.039097507,-0.021638505,0.998052657,ros2_odometer_state
M19C_S1_lab_hard_floor_B2_U020_R2,784.035426035,4.372996902,command,0.200000,-5.002158165,-0.155060172,0.998037279,0.039122917,-0.021652700,0.998058558,ros2_odometer_state
M19C_S1_lab_hard_floor_B2_U020_R2,784.037379327,4.374950194,command,0.200000,-5.002158165,-0.155060172,0.998037279,0.039138649,-0.021662027,0.998059213,ros2_odometer_state
M19C_S1_lab_hard_floor_B2_U020_R2,784.039411086,4.376981953,command,0.200000,-5.002158165,-0.155060172,0.998037279,0.039151404,-0.021673262,0.998063624,ros2_odometer_state
M19C_S1_lab_hard_floor_B2_U020_R2,784.041524576,4.379095443,command,0.200000,-5.002158165,-0.155060172,0.998063624,0.039166376,-0.021687493,0.998072147,ros2_odometer_state
M19C_S1_lab_hard_floor_B2_U020_R2,784.043403305,4.380974172,command,0.200000,-5.002158165,-0.155060172,0.998063624,0.039176263,-0.021700308,0.998083413,ros2_odometer_state
M19C_S1_lab_hard_floor_B2_U020_R2,784.045408791,4.382979658,command,0.200000,-5.002158165,-0.155060172,0.998063624,0.039185982,-0.021708043,0.998091519,ros2_odometer_state
M19C_S1_lab_hard_floor_B2_U020_R2,784.048367210,4.385938077,command,0.200000,-5.002158165,-0.155060172,0.998063624,0.039191447,-0.021715442,0.998099029,ros2_odometer_state
M19C_S1_lab_hard_floor_B2_U020_R2,784.048902783,4.386473650,command,0.200000,-5.002158165,-0.155060172,0.998063624,0.039191447,-0.021715442,0.998099029,ros2_odometer_state
M19C_S1_lab_hard_floor_B2_U020_R2,784.051570022,4.389140889,command,0.200000,-5.002158165,-0.155060172,0.998063624,0.039208427,-0.021735111,0.998113036,ros2_odometer_state
M19C_S1_lab_hard_floor_B2_U020_R2,784.053688217,4.391259084,command,0.200000,-5.002158165,-0.155060172,0.998063624,0.039209779,-0.021742566,0.998114228,ros2_odometer_state
M19C_S1_lab_hard_floor_B2_U020_R2,784.055579362,4.393150229,command,0.200000,-5.002158165,-0.155060172,0.998063624,0.039210670,-0.021752153,0.998111963,ros2_odometer_state
M19C_S1_lab_hard_floor_B2_U020_R2,784.057498829,4.395069696,command,0.200000,-5.002158165,-0.155060172,0.998063624,0.039216418,-0.021767672,0.998115540,ros2_odometer_state
M19C_S1_lab_hard_floor_B2_U020_R2,784.059454617,4.397025484,command,0.200000,-5.002158165,-0.155060172,0.998063624,0.039221618,-0.021782089,0.998122692,ros2_odometer_state
M19C_S1_lab_hard_floor_B2_U020_R2,784.061530249,4.399101116,command,0.200000,-5.002158165,-0.155060172,0.998122692,0.039227214,-0.021796329,0.998121738,ros2_odometer_state
M19C_S1_lab_hard_floor_B2_U020_R2,784.063428179,4.400999046,command,0.200000,-5.002158165,-0.155060172,0.998122692,0.039243173,-0.021812521,0.998116493,ros2_odometer_state
M19C_S1_lab_hard_floor_B2_U020_R2,784.065611368,4.403182235,command,0.200000,-5.002158165,-0.155060172,0.998122692,0.039256219,-0.021827385,0.998115957,ros2_odometer_state
M19C_S1_lab_hard_floor_B2_U020_R2,784.068127081,4.405697948,command,0.200000,-5.002158165,-0.155060172,0.998122692,0.039264854,-0.021836210,0.998113036,ros2_odometer_state
M19C_S1_lab_hard_floor_B2_U020_R2,784.069480830,4.407051697,command,0.200000,-5.002158165,-0.155060172,0.998122692,0.039273199,-0.021848693,0.998105347,ros2_odometer_state
M19C_S1_lab_hard_floor_B2_U020_R2,784.071543118,4.409113985,command,0.200000,-5.002158165,-0.155060172,0.998122692,0.039280530,-0.021857705,0.998100817,ros2_odometer_state
M19C_S1_lab_hard_floor_B2_U020_R2,784.073833095,4.411403962,command,0.200000,-5.002158165,-0.155060172,0.998122692,0.039290808,-0.021860225,0.998101950,ros2_odometer_state
M19C_S1_lab_hard_floor_B2_U020_R2,784.074928466,4.412499333,command,0.200000,-5.002158165,-0.155060172,0.998122692,0.039290808,-0.021860225,0.998101950,ros2_odometer_state
M19C_S1_lab_hard_floor_B2_U020_R2,784.077581497,4.415152364,command,0.200000,-5.002158165,-0.155060172,0.998122692,0.039301742,-0.021872440,0.998095334,ros2_odometer_state
M19C_S1_lab_hard_floor_B2_U020_R2,784.079520260,4.417091127,command,0.200000,-5.002158165,-0.155060172,0.998122692,0.039308675,-0.021883888,0.998076499,ros2_odometer_state
M19C_S1_lab_hard_floor_B2_U020_R2,784.081562515,4.419133382,command,0.200000,-5.002158165,-0.155060172,0.998076499,0.039306242,-0.021892115,0.998068631,ros2_odometer_state
M19C_S1_lab_hard_floor_B2_U020_R2,784.083483966,4.421054833,command,0.200000,-5.002158165,-0.155060172,0.998076499,0.039302491,-0.021893360,0.998069882,ros2_odometer_state
M19C_S1_lab_hard_floor_B2_U020_R2,784.085599152,4.423170019,command,0.200000,-5.002158165,-0.155060172,0.998076499,0.039306261,-0.021888113,0.998064339,ros2_odometer_state
M19C_S1_lab_hard_floor_B2_U020_R2,784.088188661,4.425759528,command,0.200000,-5.002158165,-0.155060172,0.998076499,0.039306570,-0.021880202,0.998059750,ros2_odometer_state
M19C_S1_lab_hard_floor_B2_U020_R2,784.092345654,4.429916521,command,0.200000,-5.002158165,-0.155060172,0.998076499,0.039308157,-0.021881064,0.998048186,ros2_odometer_state
M19C_S1_lab_hard_floor_B2_U020_R2,784.093431233,4.431002100,command,0.200000,-5.002158165,-0.155060172,0.998076499,0.039309058,-0.021886686,0.998046994,ros2_odometer_state
M19C_S1_lab_hard_floor_B2_U020_R2,784.094304803,4.431875670,command,0.200000,-5.002158165,-0.155060172,0.998076499,0.039316200,-0.021884928,0.998049259,ros2_odometer_state
M19C_S1_lab_hard_floor_B2_U020_R2,784.094822423,4.432393290,command,0.200000,-5.002158165,-0.155060172,0.998076499,0.039316200,-0.021884928,0.998049259,ros2_odometer_state
M19C_S1_lab_hard_floor_B2_U020_R2,784.097602691,4.435173558,command,0.200000,-5.002158165,-0.155060172,0.998076499,0.039338868,-0.021880150,0.998060644,ros2_odometer_state
M19C_S1_lab_hard_floor_B2_U020_R2,784.100144005,4.437714872,command,0.200000,-5.002158165,-0.155060172,0.998076499,0.039345857,-0.021872886,0.998061955,ros2_odometer_state
M19C_S1_lab_hard_floor_B2_U020_R2,784.101652256,4.439223123,command,0.200000,-5.002158165,-0.155060172,0.998061955,0.039349735,-0.021866364,0.998063505,ros2_odometer_state
M19C_S1_lab_hard_floor_B2_U020_R2,784.103577611,4.441148478,command,0.200000,-5.002158165,-0.155060172,0.998061955,0.039363779,-0.021859163,0.998059511,ros2_odometer_state
M19C_S1_lab_hard_floor_B2_U020_R2,784.105564984,4.443135851,command,0.200000,-5.002158165,-0.155060172,0.998061955,0.039367747,-0.021846965,0.998059928,ros2_odometer_state
M19C_S1_lab_hard_floor_B2_U020_R2,784.108157085,4.445727952,command,0.200000,-5.002158165,-0.155060172,0.998061955,0.039379995,-0.021841843,0.998066962,ros2_odometer_state
M19C_S1_lab_hard_floor_B2_U020_R2,784.109573556,4.447144423,command,0.200000,-5.002158165,-0.155060172,0.998061955,0.039392177,-0.021840289,0.998071671,ros2_odometer_state
M19C_S1_lab_hard_floor_B2_U020_R2,784.111651428,4.449222295,command,0.200000,-5.002158165,-0.155060172,0.998061955,0.039402116,-0.021834819,0.998080730,ros2_odometer_state
M19C_S1_lab_hard_floor_B2_U020_R2,784.113540046,4.451110913,command,0.200000,-5.002158165,-0.155060172,0.998061955,0.039402116,-0.021834819,0.998080730,ros2_odometer_state
M19C_S1_lab_hard_floor_B2_U020_R2,784.115600190,4.453171057,command,0.200000,-5.002158165,-0.155060172,0.998061955,0.039399523,-0.021822067,0.998087704,ros2_odometer_state
M19C_S1_lab_hard_floor_B2_U020_R2,784.117548618,4.455119485,command,0.200000,-5.002158165,-0.155060172,0.998061955,0.039399523,-0.021822067,0.998087704,ros2_odometer_state
M19C_S1_lab_hard_floor_B2_U020_R2,784.119809281,4.457380148,command,0.200000,-5.002158165,-0.155060172,0.998061955,0.039400596,-0.021790814,0.998097241,ros2_odometer_state
M19C_S1_lab_hard_floor_B2_U020_R2,784.121763501,4.459334368,command,0.200000,-5.002158165,-0.155060172,0.998097241,0.039396014,-0.021773785,0.998108864,ros2_odometer_state
M19C_S1_lab_hard_floor_B2_U020_R2,784.124959401,4.462530268,command,0.200000,-5.002158165,-0.155060172,0.998097241,0.039395973,-0.021765498,0.998119473,ros2_odometer_state
M19C_S1_lab_hard_floor_B2_U020_R2,784.125877261,4.463448128,command,0.200000,-5.002158165,-0.155060172,0.998097241,0.039393920,-0.021748804,0.998127937,ros2_odometer_state
M19C_S1_lab_hard_floor_B2_U020_R2,784.127535246,4.465106113,command,0.200000,-5.002158165,-0.155060172,0.998097241,0.039393920,-0.021748804,0.998127937,ros2_odometer_state
M19C_S1_lab_hard_floor_B2_U020_R2,784.129641855,4.467212722,command,0.200000,-5.002158165,-0.155060172,0.998097241,0.039397076,-0.021722896,0.998138607,ros2_odometer_state
M19C_S1_lab_hard_floor_B2_U020_R2,784.131641901,4.469212768,command,0.200000,-5.002158165,-0.155060172,0.998097241,0.039394885,-0.021715065,0.998142242,ros2_odometer_state
M19C_S1_lab_hard_floor_B2_U020_R2,784.133616954,4.471187821,command,0.200000,-5.002158165,-0.155060172,0.998097241,0.039385024,-0.021695578,0.998155594,ros2_odometer_state
M19C_S1_lab_hard_floor_B2_U020_R2,784.135579526,4.473150393,command,0.200000,-5.002158165,-0.155060172,0.998097241,0.039388642,-0.021676973,0.998162091,ros2_odometer_state
M19C_S1_lab_hard_floor_B2_U020_R2,784.137627222,4.475198089,command,0.200000,-5.002158165,-0.155060172,0.998097241,0.039399073,-0.021664048,0.998165250,ros2_odometer_state
M19C_S1_lab_hard_floor_B2_U020_R2,784.138993227,4.476564094,command,0.200000,-5.002158165,-0.155060172,0.998097241,0.039399073,-0.021664048,0.998165250,ros2_odometer_state
M19C_S1_lab_hard_floor_B2_U020_R2,784.141029082,4.478599949,command,0.200000,-5.002158165,-0.155060172,0.998167336,0.039395634,-0.021641968,0.998167336,ros2_odometer_state
M19C_S1_lab_hard_floor_B2_U020_R2,784.142996294,4.480567161,command,0.200000,-5.002158165,-0.155060172,0.998167336,0.039392684,-0.021629591,0.998171389,ros2_odometer_state
M19C_S1_lab_hard_floor_B2_U020_R2,784.145776914,4.483347781,command,0.200000,-5.002158165,-0.155060172,0.998167336,0.039384149,-0.021591516,0.998186171,ros2_odometer_state
M19C_S1_lab_hard_floor_B2_U020_R2,784.148356662,4.485927529,command,0.200000,-5.002158165,-0.155060172,0.998167336,0.039375715,-0.021570152,0.998192608,ros2_odometer_state
M19C_S1_lab_hard_floor_B2_U020_R2,784.149722316,4.487293183,command,0.200000,-5.002158165,-0.155060172,0.998167336,0.039370824,-0.021547752,0.998199642,ros2_odometer_state
M19C_S1_lab_hard_floor_B2_U020_R2,784.151885792,4.489456659,command,0.200000,-5.002158165,-0.155060172,0.998167336,0.039368704,-0.021532184,0.998205602,ros2_odometer_state
M19C_S1_lab_hard_floor_B2_U020_R2,784.152921352,4.490492219,command,0.200000,-5.002158165,-0.155060172,0.998167336,0.039368704,-0.021532184,0.998205602,ros2_odometer_state
M19C_S1_lab_hard_floor_B2_U020_R2,784.155750806,4.493321673,command,0.200000,-5.002158165,-0.155060172,0.998167336,0.039363712,-0.021500286,0.998226166,ros2_odometer_state
M19C_S1_lab_hard_floor_B2_U020_R2,784.157629823,4.495200690,command,0.200000,-5.002158165,-0.155060172,0.998167336,0.039362799,-0.021478591,0.998240054,ros2_odometer_state
M19C_S1_lab_hard_floor_B2_U020_R2,784.159638317,4.497209184,command,0.200000,-5.002158165,-0.155060172,0.998167336,0.039360646,-0.021449763,0.998246491,ros2_odometer_state
M19C_S1_lab_hard_floor_B2_U020_R2,784.161680380,4.499251247,command,0.200000,-5.002158165,-0.155060172,0.998246491,0.039355993,-0.021430574,0.998252094,ros2_odometer_state
M19C_S1_lab_hard_floor_B2_U020_R2,784.163660265,4.501231132,command,0.200000,-5.002158165,-0.155060172,0.998246491,0.039351314,-0.021412231,0.998260379,ros2_odometer_state
M19C_S1_lab_hard_floor_B2_U020_R2,784.166253358,4.503824225,command,0.200000,-5.002158165,-0.155060172,0.998246491,0.039349023,-0.021384472,0.998260796,ros2_odometer_state
M19C_S1_lab_hard_floor_B2_U020_R2,784.168343647,4.505914514,command,0.200000,-5.002158165,-0.155060172,0.998246491,0.039345309,-0.021358056,0.998264313,ros2_odometer_state
M19C_S1_lab_hard_floor_B2_U020_R2,784.169927805,4.507498672,command,0.200000,-5.002158165,-0.155060172,0.998246491,0.039339334,-0.021331502,0.998274267,ros2_odometer_state
M19C_S1_lab_hard_floor_B2_U020_R2,784.171672608,4.509243475,command,0.200000,-5.002158165,-0.155060172,0.998246491,0.039332341,-0.021306619,0.998283744,ros2_odometer_state
M19C_S1_lab_hard_floor_B2_U020_R2,784.173635469,4.511206336,command,0.200000,-5.002158165,-0.155060172,0.998246491,0.039324995,-0.021282999,0.998294055,ros2_odometer_state
M19C_S1_lab_hard_floor_B2_U020_R2,784.175691900,4.513262767,command,0.200000,-5.002158165,-0.155060172,0.998246491,0.039325263,-0.021258617,0.998297691,ros2_odometer_state
M19C_S1_lab_hard_floor_B2_U020_R2,784.177687370,4.515258237,command,0.200000,-5.002158165,-0.155060172,0.998246491,0.039320849,-0.021235639,0.998303533,ros2_odometer_state
M19C_S1_lab_hard_floor_B2_U020_R2,784.179781051,4.517351918,command,0.200000,-5.002158165,-0.155060172,0.998246491,0.039311059,-0.021210525,0.998305023,ros2_odometer_state
M19C_S1_lab_hard_floor_B2_U020_R2,784.181192562,4.518763429,command,0.200000,-5.002158165,-0.155060172,0.998305023,0.039311059,-0.021210525,0.998305023,ros2_odometer_state
M19C_S1_lab_hard_floor_B2_U020_R2,784.183723477,4.521294344,command,0.200000,-5.002158165,-0.155060172,0.998305023,0.039299201,-0.021157831,0.998318017,ros2_odometer_state
M19C_S1_lab_hard_floor_B2_U020_R2,784.185666464,4.523237331,command,0.200000,-5.002158165,-0.155060172,0.998305023,0.039292105,-0.021125069,0.998321235,ros2_odometer_state
M19C_S1_lab_hard_floor_B2_U020_R2,784.188309543,4.525880410,command,0.200000,-5.002158165,-0.155060172,0.998305023,0.039284829,-0.021094820,0.998323143,ros2_odometer_state
M19C_S1_lab_hard_floor_B2_U020_R2,784.189700765,4.527271632,command,0.200000,-5.002158165,-0.155060172,0.998305023,0.039285529,-0.021062240,0.998322904,ros2_odometer_state
M19C_S1_lab_hard_floor_B2_U020_R2,784.191789614,4.529360481,command,0.200000,-5.002158165,-0.155060172,0.998305023,0.039286587,-0.021031825,0.998319328,ros2_odometer_state
M19C_S1_lab_hard_floor_B2_U020_R2,784.193712377,4.531283244,command,0.200000,-5.002158165,-0.155060172,0.998305023,0.039281927,-0.021005042,0.998318136,ros2_odometer_state
M19C_S1_lab_hard_floor_B2_U020_R2,784.195699590,4.533270457,command,0.200000,-5.002158165,-0.155060172,0.998305023,0.039282877,-0.020976959,0.998316705,ros2_odometer_state
M19C_S1_lab_hard_floor_B2_U020_R2,784.197672242,4.535243109,command,0.200000,-5.002158165,-0.155060172,0.998305023,0.039283033,-0.020949494,0.998317361,ros2_odometer_state
M19C_S1_lab_hard_floor_B2_U020_R2,784.199741763,4.537312630,command,0.200000,-5.002158165,-0.155060172,0.998305023,0.039275423,-0.020926405,0.998327613,ros2_odometer_state
M19C_S1_lab_hard_floor_B2_U020_R2,784.202180770,4.539751637,command,0.200000,-5.002158165,-0.155060172,0.998327613,0.039260361,-0.020904653,0.998327076,ros2_odometer_state
M19C_S1_lab_hard_floor_B2_U020_R2,784.203784160,4.541355027,command,0.200000,-5.002158165,-0.155060172,0.998327613,0.039255310,-0.020874700,0.998321176,ros2_odometer_state
M19C_S1_lab_hard_floor_B2_U020_R2,784.205723979,4.543294846,command,0.200000,-5.002158165,-0.155060172,0.998327613,0.039250560,-0.020849423,0.998323798,ros2_odometer_state
M19C_S1_lab_hard_floor_B2_U020_R2,784.208405651,4.545976518,command,0.200000,-5.002158165,-0.155060172,0.998327613,0.039244682,-0.020822771,0.998320222,ros2_odometer_state
M19C_S1_lab_hard_floor_B2_U020_R2,784.209804618,4.547375485,command,0.200000,-5.002158165,-0.155060172,0.998327613,0.039241709,-0.020794773,0.998315632,ros2_odometer_state
M19C_S1_lab_hard_floor_B2_U020_R2,784.212511571,4.550082438,command,0.200000,-5.002158165,-0.155060172,0.998327613,0.039233390,-0.020772895,0.998320282,ros2_odometer_state
M19C_S1_lab_hard_floor_B2_U020_R2,784.213069289,4.550640156,command,0.200000,-5.002158165,-0.155060172,0.998327613,0.039233390,-0.020772895,0.998320282,ros2_odometer_state
M19C_S1_lab_hard_floor_B2_U020_R2,784.216280293,4.553851160,command,0.200000,-5.002158165,-0.155060172,0.998327613,0.039218154,-0.020720704,0.998320222,ros2_odometer_state
M19C_S1_lab_hard_floor_B2_U020_R2,784.217777728,4.555348595,command,0.200000,-5.002158165,-0.155060172,0.998327613,0.039212357,-0.020691570,0.998324156,ros2_odometer_state
M19C_S1_lab_hard_floor_B2_U020_R2,784.219747404,4.557318271,command,0.200000,-5.002158165,-0.155060172,0.998327613,0.039216276,-0.020666081,0.998332202,ros2_odometer_state
M19C_S1_lab_hard_floor_B2_U020_R2,784.221927521,4.559498388,command,0.200000,-5.002158165,-0.155060172,0.998332202,0.039216276,-0.020666081,0.998332202,ros2_odometer_state
M19C_S1_lab_hard_floor_B2_U020_R2,784.223161521,4.560732388,command,0.200000,-5.002158165,-0.155060172,0.998332202,0.039216176,-0.020645062,0.998337269,ros2_odometer_state
M19C_S1_lab_hard_floor_B2_U020_R2,784.225749141,4.563320008,command,0.200000,-5.002158165,-0.155060172,0.998332202,0.039201148,-0.020581942,0.998343885,ros2_odometer_state
M19C_S1_lab_hard_floor_B2_U020_R2,784.228409789,4.565980656,command,0.200000,-5.002158165,-0.155060172,0.998332202,0.039190244,-0.020550650,0.998344302,ros2_odometer_state
M19C_S1_lab_hard_floor_B2_U020_R2,784.229809363,4.567380230,command,0.200000,-5.002158165,-0.155060172,0.998332202,0.039189544,-0.020515054,0.998348713,ros2_odometer_state
M19C_S1_lab_hard_floor_B2_U020_R2,784.231887524,4.569458391,command,0.200000,-5.002158165,-0.155060172,0.998332202,0.039189380,-0.020480685,0.998364210,ros2_odometer_state
M19C_S1_lab_hard_floor_B2_U020_R2,784.233767437,4.571338304,command,0.200000,-5.002158165,-0.155060172,0.998332202,0.039191313,-0.020454632,0.998377800,ros2_odometer_state
M19C_S1_lab_hard_floor_B2_U020_R2,784.235802396,4.573373263,command,0.200000,-5.002158165,-0.155060172,0.998332202,0.039194528,-0.020426063,0.998382866,ros2_odometer_state
M19C_S1_lab_hard_floor_B2_U020_R2,784.237759624,4.575330491,command,0.200000,-5.002158165,-0.155060172,0.998332202,0.039190806,-0.020400878,0.998392403,ros2_odometer_state
M19C_S1_lab_hard_floor_B2_U020_R2,784.239862874,4.577433741,command,0.200000,-5.002158165,-0.155060172,0.998332202,0.039188825,-0.020371746,0.998403966,ros2_odometer_state
M19C_S1_lab_hard_floor_B2_U020_R2,784.241854759,4.579425626,command,0.200000,-5.002158165,-0.155060172,0.998403966,0.039192710,-0.020337662,0.998413146,ros2_odometer_state
M19C_S1_lab_hard_floor_B2_U020_R2,784.243741296,4.581312163,command,0.200000,-5.002158165,-0.155060172,0.998403966,0.039200637,-0.020301145,0.998424828,ros2_odometer_state
M19C_S1_lab_hard_floor_B2_U020_R2,784.245056419,4.582627286,command,0.200000,-5.002158165,-0.155060172,0.998403966,0.039200637,-0.020301145,0.998424828,ros2_odometer_state
M19C_S1_lab_hard_floor_B2_U020_R2,784.248550507,4.586121374,command,0.200000,-5.002158165,-0.155060172,0.998403966,0.039213959,-0.020218605,0.998439491,ros2_odometer_state
M19C_S1_lab_hard_floor_B2_U020_R2,784.251065389,4.588636256,command,0.200000,-5.002158165,-0.155060172,0.998403966,0.039219767,-0.020178903,0.998452187,ros2_odometer_state
M19C_S1_lab_hard_floor_B2_U020_R2,784.251384473,4.588955340,command,0.200000,-5.002158165,-0.155060172,0.998403966,0.039219767,-0.020178903,0.998452187,ros2_odometer_state
M19C_S1_lab_hard_floor_B2_U020_R2,784.253493547,4.591064414,command,0.200000,-5.002158165,-0.155060172,0.998403966,0.039216127,-0.020145664,0.998468578,ros2_odometer_state
M19C_S1_lab_hard_floor_B2_U020_R2,784.255808069,4.593378936,command,0.200000,-5.002158165,-0.155060172,0.998403966,0.039222796,-0.020083852,0.998493433,ros2_odometer_state
M19C_S1_lab_hard_floor_B2_U020_R2,784.257791794,4.595362661,command,0.200000,-5.002158165,-0.155060172,0.998403966,0.039224744,-0.020049835,0.998502970,ros2_odometer_state
M19C_S1_lab_hard_floor_B2_U020_R2,784.259967527,4.597538394,command,0.200000,-5.002158165,-0.155060172,0.998403966,0.039229371,-0.020011431,0.998520970,ros2_odometer_state
M19C_S1_lab_hard_floor_B2_U020_R2,784.261940435,4.599511302,command,0.200000,-5.002158165,-0.155060172,0.998520970,0.039228063,-0.019976456,0.998544157,ros2_odometer_state
M19C_S1_lab_hard_floor_B2_U020_R2,784.263232197,4.600803064,command,0.200000,-5.002158165,-0.155060172,0.998520970,0.039228063,-0.019976456,0.998544157,ros2_odometer_state
M19C_S1_lab_hard_floor_B2_U020_R2,784.266111349,4.603682216,command,0.200000,-5.002158165,-0.155060172,0.998520970,0.039238013,-0.019912424,0.998566926,ros2_odometer_state
M19C_S1_lab_hard_floor_B2_U020_R2,784.268552820,4.606123687,command,0.200000,-5.002158165,-0.155060172,0.998520970,0.039247032,-0.019874241,0.998579144,ros2_odometer_state
M19C_S1_lab_hard_floor_B2_U020_R2,784.269876328,4.607447195,command,0.200000,-5.002158165,-0.155060172,0.998520970,0.039261784,-0.019839590,0.998595357,ros2_odometer_state
M19C_S1_lab_hard_floor_B2_U020_R2,784.271909719,4.609480586,command,0.200000,-5.002158165,-0.155060172,0.998520970,0.039262168,-0.019809496,0.998611152,ros2_odometer_state
M19C_S1_lab_hard_floor_B2_U020_R2,784.273888355,4.611459222,command,0.200000,-5.002158165,-0.155060172,0.998520970,0.039263688,-0.019775877,0.998634934,ros2_odometer_state
M19C_S1_lab_hard_floor_B2_U020_R2,784.275854480,4.613425347,command,0.200000,-5.002158165,-0.155060172,0.998520970,0.039264325,-0.019740047,0.998651564,ros2_odometer_state
M19C_S1_lab_hard_floor_B2_U020_R2,784.278131144,4.615702011,command,0.200000,-5.002158165,-0.155060172,0.998520970,0.039265051,-0.019704577,0.998662591,ros2_odometer_state
M19C_S1_lab_hard_floor_B2_U020_R2,784.279925870,4.617496737,command,0.200000,-5.002158165,-0.155060172,0.998520970,0.039269388,-0.019671727,0.998679161,ros2_odometer_state
M19C_S1_lab_hard_floor_B2_U020_R2,784.281996991,4.619567858,command,0.200000,-5.002158165,-0.155060172,0.998679161,0.039276987,-0.019636080,0.998699486,ros2_odometer_state
M19C_S1_lab_hard_floor_B2_U020_R2,784.284114609,4.621685476,command,0.200000,-5.002158165,-0.155060172,0.998679161,0.039276484,-0.019601174,0.998718917,ros2_odometer_state
M19C_S1_lab_hard_floor_B2_U020_R2,784.285952280,4.623523147,command,0.200000,-5.002158165,-0.155060172,0.998679161,0.039272044,-0.019567981,0.998735726,ros2_odometer_state
M19C_S1_lab_hard_floor_B2_U020_R2,784.288652673,4.626223540,command,0.200000,-5.002158165,-0.155060172,0.998679161,0.039275542,-0.019538583,0.998755157,ros2_odometer_state
M19C_S1_lab_hard_floor_B2_U020_R2,784.289202230,4.626773097,command,0.200000,-5.002158165,-0.155060172,0.998679161,0.039275542,-0.019538583,0.998755157,ros2_odometer_state
M19C_S1_lab_hard_floor_B2_U020_R2,784.291929120,4.629499987,command,0.200000,-5.002158165,-0.155060172,0.998679161,0.039277919,-0.019467762,0.998797834,ros2_odometer_state
M19C_S1_lab_hard_floor_B2_U020_R2,784.293178001,4.630748868,command,0.200000,-5.002158165,-0.155060172,0.998679161,0.039277919,-0.019467762,0.998797834,ros2_odometer_state
M19C_S1_lab_hard_floor_B2_U020_R2,784.295887610,4.633458477,command,0.200000,-5.002158165,-0.155060172,0.998679161,0.039296225,-0.019385004,0.998824418,ros2_odometer_state
M19C_S1_lab_hard_floor_B2_U020_R2,784.297154763,4.634725630,command,0.200000,-5.002158165,-0.155060172,0.998679161,0.039296225,-0.019385004,0.998824418,ros2_odometer_state
M19C_S1_lab_hard_floor_B2_U020_R2,784.300035963,4.637606830,command,0.200000,-5.002158165,-0.155060172,0.998679161,0.039312158,-0.019324282,0.998859286,ros2_odometer_state
M19C_S1_lab_hard_floor_B2_U020_R2,784.301931781,4.639502648,command,0.200000,-5.002158165,-0.155060172,0.998859286,0.039320670,-0.019290399,0.998880208,ros2_odometer_state
M19C_S1_lab_hard_floor_B2_U020_R2,784.303983221,4.641554088,command,0.200000,-5.002158165,-0.155060172,0.998859286,0.039334834,-0.019254284,0.998899460,ros2_odometer_state
M19C_S1_lab_hard_floor_B2_U020_R2,784.306004227,4.643575094,command,0.200000,-5.002158165,-0.155060172,0.998859286,0.039341450,-0.019212263,0.998914003,ros2_odometer_state
M19C_S1_lab_hard_floor_B2_U020_R2,784.308529893,4.646100760,command,0.200000,-5.002158165,-0.155060172,0.998859286,0.039349176,-0.019167140,0.998929262,ros2_odometer_state
M19C_S1_lab_hard_floor_B2_U020_R2,784.310067041,4.647637908,command,0.200000,-5.002158165,-0.155060172,0.998859286,0.039356519,-0.019126317,0.998946428,ros2_odometer_state
M19C_S1_lab_hard_floor_B2_U020_R2,784.311970635,4.649541502,command,0.200000,-5.002158165,-0.155060172,0.998859286,0.039362736,-0.019095160,0.998966098,ros2_odometer_state
M19C_S1_lab_hard_floor_B2_U020_R2,784.313932663,4.651503530,command,0.200000,-5.002158165,-0.155060172,0.998859286,0.039369058,-0.019062916,0.998989582,ros2_odometer_state
M19C_S1_lab_hard_floor_B2_U020_R2,784.315985607,4.653556474,command,0.200000,-5.002158165,-0.155060172,0.998859286,0.039370582,-0.019028254,0.999002278,ros2_odometer_state
M19C_S1_lab_hard_floor_B2_U020_R2,784.317458560,4.655029427,command,0.200000,-5.002158165,-0.155060172,0.998859286,0.039370582,-0.019028254,0.999002278,ros2_odometer_state
M19C_S1_lab_hard_floor_B2_U020_R2,784.319985186,4.657556053,command,0.200000,-5.002158165,-0.155060172,0.998859286,0.039383236,-0.018942753,0.999034226,ros2_odometer_state
M19C_S1_lab_hard_floor_B2_U020_R2,784.322084436,4.659655303,command,0.200000,-5.002158165,-0.155060172,0.999034226,0.039394222,-0.018902842,0.999054909,ros2_odometer_state
M19C_S1_lab_hard_floor_B2_U020_R2,784.324100898,4.661671765,command,0.200000,-5.002158165,-0.155060172,0.999034226,0.039395619,-0.018865071,0.999075592,ros2_odometer_state
M19C_S1_lab_hard_floor_B2_U020_R2,784.326056430,4.663627297,command,0.200000,-5.002158165,-0.155060172,0.999034226,0.039394915,-0.018831383,0.999092460,ros2_odometer_state
M19C_S1_lab_hard_floor_B2_U020_R2,784.328790552,4.666361419,command,0.200000,-5.002158165,-0.155060172,0.999034226,0.039394259,-0.018799119,0.999105990,ros2_odometer_state
M19C_S1_lab_hard_floor_B2_U020_R2,784.330690434,4.668261301,command,0.200000,-5.002158165,-0.155060172,0.999034226,0.039396510,-0.018766483,0.999121726,ros2_odometer_state
M19C_S1_lab_hard_floor_B2_U020_R2,784.332054295,4.669625162,command,0.200000,-5.002158165,-0.155060172,0.999034226,0.039406221,-0.018734980,0.999136627,ros2_odometer_state
M19C_S1_lab_hard_floor_B2_U020_R2,784.333998595,4.671569462,command,0.200000,-5.002158165,-0.155060172,0.999034226,0.039404519,-0.018701132,0.999150157,ros2_odometer_state
M19C_S1_lab_hard_floor_B2_U020_R2,784.335988464,4.673559331,command,0.200000,-5.002158165,-0.155060172,0.999034226,0.039401207,-0.018665219,0.999165535,ros2_odometer_state
M19C_S1_lab_hard_floor_B2_U020_R2,784.337967005,4.675537872,command,0.200000,-5.002158165,-0.155060172,0.999034226,0.039412331,-0.018633442,0.999179721,ros2_odometer_state
M19C_S1_lab_hard_floor_B2_U020_R2,784.340059118,4.677629985,command,0.200000,-5.002158165,-0.155060172,0.999034226,0.039424706,-0.018599046,0.999195933,ros2_odometer_state
M19C_S1_lab_hard_floor_B2_U020_R2,784.342082301,4.679653168,command,0.200000,-5.002158165,-0.155060172,0.999195933,0.039434280,-0.018563284,0.999214828,ros2_odometer_state
M19C_S1_lab_hard_floor_B2_U020_R2,784.344069130,4.681639997,command,0.200000,-5.002158165,-0.155060172,0.999195933,0.039440263,-0.018531423,0.999229312,ros2_odometer_state
M19C_S1_lab_hard_floor_B2_U020_R2,784.345986453,4.683557320,command,0.200000,-5.002158165,-0.155060172,0.999195933,0.039447010,-0.018504368,0.999243379,ros2_odometer_state
M19C_S1_lab_hard_floor_B2_U020_R2,784.348796610,4.686367477,command,0.200000,-5.002158165,-0.155060172,0.999195933,0.039457411,-0.018473830,0.999259531,ros2_odometer_state
M19C_S1_lab_hard_floor_B2_U020_R2,784.350453858,4.688024725,command,0.200000,-5.002158165,-0.155060172,0.999195933,0.039454170,-0.018440912,0.999270201,ros2_odometer_state
M19C_S1_lab_hard_floor_B2_U020_R2,784.352393389,4.689964256,command,0.200000,-5.002158165,-0.155060172,0.999195933,0.039455034,-0.018410988,0.999286294,ros2_odometer_state
M19C_S1_lab_hard_floor_B2_U020_R2,784.354120689,4.691691556,command,0.200000,-5.002158165,-0.155060172,0.999195933,0.039461412,-0.018382080,0.999306738,ros2_odometer_state
M19C_S1_lab_hard_floor_B2_U020_R2,784.356564048,4.694134915,command,0.200000,-5.002158165,-0.155060172,0.999195933,0.039469421,-0.018346028,0.999328613,ros2_odometer_state
M19C_S1_lab_hard_floor_B2_U020_R2,784.358009192,4.695580059,command,0.200000,-5.002158165,-0.155060172,0.999195933,0.039479971,-0.018315155,0.999343753,ros2_odometer_state
M19C_S1_lab_hard_floor_B2_U020_R2,784.360140858,4.697711725,command,0.200000,-5.002158165,-0.155060172,0.999195933,0.039486345,-0.018292530,0.999361157,ros2_odometer_state
M19C_S1_lab_hard_floor_B2_U020_R2,784.362207051,4.699777918,command,0.200000,-5.002158165,-0.155060172,0.999361157,0.039489370,-0.018268891,0.999378324,ros2_odometer_state
M19C_S1_lab_hard_floor_B2_U020_R2,784.363978640,4.701549507,command,0.200000,-5.002158165,-0.155060172,0.999361157,0.039486006,-0.018242011,0.999392271,ros2_odometer_state
M19C_S1_lab_hard_floor_B2_U020_R2,784.366344427,4.703915294,command,0.200000,-5.002158165,-0.155060172,0.999361157,0.039483644,-0.018224195,0.999405622,ros2_odometer_state
M19C_S1_lab_hard_floor_B2_U020_R2,784.368693479,4.706264346,command,0.200000,-5.002158165,-0.155060172,0.999361157,0.039490912,-0.018204508,0.999421358,ros2_odometer_state
M19C_S1_lab_hard_floor_B2_U020_R2,784.369592938,4.707163805,command,0.200000,-5.002158165,-0.155060172,0.999361157,0.039490912,-0.018204508,0.999421358,ros2_odometer_state
M19C_S1_lab_hard_floor_B2_U020_R2,784.372106955,4.709677822,command,0.200000,-5.002158165,-0.155060172,0.999361157,0.039499369,-0.018169910,0.999459326,ros2_odometer_state
M19C_S1_lab_hard_floor_B2_U020_R2,784.374021014,4.711591881,command,0.200000,-5.002158165,-0.155060172,0.999361157,0.039499011,-0.018149415,0.999466181,ros2_odometer_state
M19C_S1_lab_hard_floor_B2_U020_R2,784.375996258,4.713567125,command,0.200000,-5.002158165,-0.155060172,0.999361157,0.039505582,-0.018130826,0.999472499,ros2_odometer_state
M19C_S1_lab_hard_floor_B2_U020_R2,784.378016689,4.715587556,command,0.200000,-5.002158165,-0.155060172,0.999361157,0.039512035,-0.018109301,0.999482334,ros2_odometer_state
M19C_S1_lab_hard_floor_B2_U020_R2,784.380059456,4.717630323,command,0.200000,-5.002158165,-0.155060172,0.999361157,0.039514631,-0.018078828,0.999492824,ros2_odometer_state
M19C_S1_lab_hard_floor_B2_U020_R2,784.382050862,4.719621729,command,0.200000,-5.002158165,-0.155060172,0.999492824,0.039515965,-0.018051080,0.999503076,ros2_odometer_state
M19C_S1_lab_hard_floor_B2_U020_R2,784.384160896,4.721731763,command,0.200000,-5.002158165,-0.155060172,0.999492824,0.039515007,-0.018032575,0.999512672,ros2_odometer_state
M19C_S1_lab_hard_floor_B2_U020_R2,784.385391311,4.722962178,command,0.200000,-5.002158165,-0.155060172,0.999492824,0.039515007,-0.018032575,0.999512672,ros2_odometer_state
M19C_S1_lab_hard_floor_B2_U020_R2,784.388825493,4.726396360,command,0.200000,-5.002158165,-0.155060172,0.999492824,0.039517727,-0.017991195,0.999539137,ros2_odometer_state
M19C_S1_lab_hard_floor_B2_U020_R2,784.389352649,4.726923516,command,0.200000,-5.002158165,-0.155060172,0.999492824,0.039517727,-0.017991195,0.999539137,ros2_odometer_state
M19C_S1_lab_hard_floor_B2_U020_R2,784.392137174,4.729708041,command,0.200000,-5.002158165,-0.155060172,0.999492824,0.039520796,-0.017942313,0.999557197,ros2_odometer_state
M19C_S1_lab_hard_floor_B2_U020_R2,784.394023135,4.731594002,command,0.200000,-5.002158165,-0.155060172,0.999492824,0.039518539,-0.017920785,0.999553621,ros2_odometer_state
M19C_S1_lab_hard_floor_B2_U020_R2,784.396075119,4.733645986,command,0.200000,-5.002158165,-0.155060172,0.999492824,0.039522782,-0.017904097,0.999554992,ros2_odometer_state
M19C_S1_lab_hard_floor_B2_U020_R2,784.397326399,4.734897266,command,0.200000,-5.002158165,-0.155060172,0.999492824,0.039522782,-0.017904097,0.999554992,ros2_odometer_state
M19C_S1_lab_hard_floor_B2_U020_R2,784.400084170,4.737655037,command,0.200000,-5.002158165,-0.155060172,0.999492824,0.039537314,-0.017882207,0.999570072,ros2_odometer_state
M19C_S1_lab_hard_floor_B2_U020_R2,784.402181724,4.739752591,command,0.200000,-5.002158165,-0.155060172,0.999570072,0.039543200,-0.017864957,0.999572992,ros2_odometer_state
M19C_S1_lab_hard_floor_B2_U020_R2,784.404083430,4.741654297,command,0.200000,-5.002158165,-0.155060172,0.999570072,0.039545234,-0.017846879,0.999579549,ros2_odometer_state
M19C_S1_lab_hard_floor_B2_U020_R2,784.406053010,4.743623877,command,0.200000,-5.002158165,-0.155060172,0.999570072,0.039550230,-0.017833438,0.999581754,ros2_odometer_state
M19C_S1_lab_hard_floor_B2_U020_R2,784.408911969,4.746482836,command,0.200000,-5.002158165,-0.155060172,0.999570072,0.039555386,-0.017819991,0.999584019,ros2_odometer_state
M19C_S1_lab_hard_floor_B2_U020_R2,784.409444982,4.747015849,command,0.200000,-5.002158165,-0.155060172,0.999570072,0.039555386,-0.017819991,0.999584019,ros2_odometer_state
M19C_S1_lab_hard_floor_B2_U020_R2,784.412250243,4.749821110,command,0.200000,-5.002158165,-0.155060172,0.999570072,0.039560243,-0.017803969,0.999601841,ros2_odometer_state
M19C_S1_lab_hard_floor_B2_U020_R2,784.413460498,4.751031365,command,0.200000,-5.002158165,-0.155060172,0.999570072,0.039560243,-0.017803969,0.999601841,ros2_odometer_state
M19C_S1_lab_hard_floor_B2_U020_R2,784.416121753,4.753692620,command,0.200000,-5.002158165,-0.155060172,0.999570072,0.039560594,-0.017802358,0.999610841,ros2_odometer_state
M19C_S1_lab_hard_floor_B2_U020_R2,784.418162217,4.755733084,command,0.200000,-5.002158165,-0.155060172,0.999570072,0.039559748,-0.017815715,0.999623656,ros2_odometer_state
M19C_S1_lab_hard_floor_B2_U020_R2,784.420267002,4.757837869,command,0.200000,-5.002158165,-0.155060172,0.999570072,0.039557405,-0.017840678,0.999642372,ros2_odometer_state
M19C_S1_lab_hard_floor_B2_U020_R2,784.422221318,4.759792185,command,0.200000,-5.002158165,-0.155060172,0.999642372,0.039562423,-0.017870871,0.999669492,ros2_odometer_state
M19C_S1_lab_hard_floor_B2_U020_R2,784.424139953,4.761710820,command,0.200000,-5.002158165,-0.155060172,0.999642372,0.039563004,-0.017900737,0.999712884,ros2_odometer_state
M19C_S1_lab_hard_floor_B2_U020_R2,784.426110749,4.763681616,command,0.200000,-5.002158165,-0.155060172,0.999642372,0.039560586,-0.017933389,0.999759257,ros2_odometer_state
M19C_S1_lab_hard_floor_B2_U020_R2,784.428728707,4.766299574,command,0.200000,-5.002158165,-0.155060172,0.999642372,0.039562412,-0.017967572,0.999803364,ros2_odometer_state
M19C_S1_lab_hard_floor_B2_U020_R2,784.430145690,4.767716557,command,0.200000,-5.002158165,-0.155060172,0.999642372,0.039568041,-0.018001180,0.999845624,ros2_odometer_state
M19C_S1_lab_hard_floor_B2_U020_R2,784.432310638,4.769881505,command,0.200000,-5.002158165,-0.155060172,0.999642372,0.039569553,-0.018034097,0.999885619,ros2_odometer_state
M19C_S1_lab_hard_floor_B2_U020_R2,784.434117301,4.771688168,command,0.200000,-5.002158165,-0.155060172,0.999642372,0.039567851,-0.018057674,0.999926388,ros2_odometer_state
M19C_S1_lab_hard_floor_B2_U020_R2,784.436168900,4.773739767,command,0.200000,-5.002158165,-0.155060172,0.999642372,0.039565098,-0.018076157,0.999955535,ros2_odometer_state
M19C_S1_lab_hard_floor_B2_U020_R2,784.438104463,4.775675330,command,0.200000,-5.002158165,-0.155060172,0.999642372,0.039559800,-0.018087868,0.999973476,ros2_odometer_state
M19C_S1_lab_hard_floor_B2_U020_R2,784.440159487,4.777730354,command,0.200000,-5.002158165,-0.155060172,0.999642372,0.039554469,-0.018104728,0.999985039,ros2_odometer_state
M19C_S1_lab_hard_floor_B2_U020_R2,784.442187470,4.779758337,command,0.200000,-5.002158165,-0.155060172,0.999985039,0.039555829,-0.018111303,0.999986231,ros2_odometer_state
M19C_S1_lab_hard_floor_B2_U020_R2,784.444144218,4.781715085,command,0.200000,-5.002158165,-0.155060172,0.999985039,0.039552607,-0.018111570,0.999979854,ros2_odometer_state
M19C_S1_lab_hard_floor_B2_U020_R2,784.446154184,4.783725051,command,0.200000,-5.002158165,-0.155060172,0.999985039,0.039540783,-0.018113207,0.999964297,ros2_odometer_state
M19C_S1_lab_hard_floor_B2_U020_R2,784.448747725,4.786318592,command,0.200000,-5.002158165,-0.155060172,0.999985039,0.039530363,-0.018106312,0.999938786,ros2_odometer_state
M19C_S1_lab_hard_floor_B2_U020_R2,784.450193093,4.787763960,command,0.200000,-5.002158165,-0.155060172,0.999985039,0.039525129,-0.018097255,0.999904454,ros2_odometer_state
M19C_S1_lab_hard_floor_B2_U020_R2,784.452237941,4.789808808,command,0.200000,-5.002158165,-0.155060172,0.999985039,0.039523993,-0.018083991,0.999869347,ros2_odometer_state
M19C_S1_lab_hard_floor_B2_U020_R2,784.454349735,4.791920602,command,0.200000,-5.002158165,-0.155060172,0.999985039,0.039522156,-0.018065955,0.999842644,ros2_odometer_state
M19C_S1_lab_hard_floor_B2_U020_R2,784.456203503,4.793774370,command,0.200000,-5.002158165,-0.155060172,0.999985039,0.039515659,-0.018050786,0.999821126,ros2_odometer_state
M19C_S1_lab_hard_floor_B2_U020_R2,784.458539913,4.796110780,command,0.200000,-5.002158165,-0.155060172,0.999985039,0.039509758,-0.018033557,0.999793828,ros2_odometer_state
M19C_S1_lab_hard_floor_B2_U020_R2,784.460273901,4.797844768,command,0.200000,-5.002158165,-0.155060172,0.999985039,0.039506372,-0.018020099,0.999762297,ros2_odometer_state
M19C_S1_lab_hard_floor_B2_U020_R2,784.462195735,4.799766602,command,0.200000,-5.002158165,-0.155060172,0.999762297,0.039511230,-0.018005077,0.999735653,ros2_odometer_state
M19C_S1_lab_hard_floor_B2_U020_R2,784.464301929,4.801872796,command,0.200000,-5.002158165,-0.155060172,0.999762297,0.039516408,-0.017987216,0.999717116,ros2_odometer_state
M19C_S1_lab_hard_floor_B2_U020_R2,784.466257269,4.803828136,command,0.200000,-5.002158165,-0.155060172,0.999762297,0.039516609,-0.017966516,0.999696016,ros2_odometer_state
M19C_S1_lab_hard_floor_B2_U020_R2,784.468802936,4.806373803,command,0.200000,-5.002158165,-0.155060172,0.999762297,0.039518703,-0.017946063,0.999676704,ros2_odometer_state
M19C_S1_lab_hard_floor_B2_U020_R2,784.470434231,4.808005098,command,0.200000,-5.002158165,-0.155060172,0.999762297,0.039521243,-0.017931338,0.999668896,ros2_odometer_state
M19C_S1_lab_hard_floor_B2_U020_R2,784.472283967,4.809854834,command,0.200000,-5.002158165,-0.155060172,0.999762297,0.039522454,-0.017916862,0.999663651,ros2_odometer_state
M19C_S1_lab_hard_floor_B2_U020_R2,784.474196074,4.811766941,command,0.200000,-5.002158165,-0.155060172,0.999762297,0.039533399,-0.017908771,0.999658585,ros2_odometer_state
M19C_S1_lab_hard_floor_B2_U020_R2,784.476250873,4.813821740,command,0.200000,-5.002158165,-0.155060172,0.999762297,0.039549284,-0.017905962,0.999657273,ros2_odometer_state
M19C_S1_lab_hard_floor_B2_U020_R2,784.478159556,4.815730423,command,0.200000,-5.002158165,-0.155060172,0.999762297,0.039555542,-0.017904889,0.999655008,ros2_odometer_state
M19C_S1_lab_hard_floor_B2_U020_R2,784.480231380,4.817802247,command,0.200000,-5.002158165,-0.155060172,0.999762297,0.039557293,-0.017909409,0.999664545,ros2_odometer_state
M19C_S1_lab_hard_floor_B2_U020_R2,784.482258851,4.819829718,command,0.200000,-5.002158165,-0.155060172,0.999664545,0.039557859,-0.017907131,0.999680638,ros2_odometer_state
M19C_S1_lab_hard_floor_B2_U020_R2,784.484213007,4.821783874,command,0.200000,-5.002158165,-0.155060172,0.999664545,0.039553605,-0.017894596,0.999692738,ros2_odometer_state
M19C_S1_lab_hard_floor_B2_U020_R2,784.486244510,4.823815377,command,0.200000,-5.002158165,-0.155060172,0.999664545,0.039547578,-0.017892806,0.999694586,ros2_odometer_state
M19C_S1_lab_hard_floor_B2_U020_R2,784.488277165,4.825848032,command,0.200000,-5.002158165,-0.155060172,0.999664545,0.039547578,-0.017892806,0.999694586,ros2_odometer_state
M19C_S1_lab_hard_floor_B2_U020_R2,784.490276698,4.827847565,command,0.200000,-5.002158165,-0.155060172,0.999664545,0.039549984,-0.017893692,0.999710739,ros2_odometer_state
M19C_S1_lab_hard_floor_B2_U020_R2,784.492332106,4.829902973,command,0.200000,-5.002158165,-0.155060172,0.999664545,0.039548375,-0.017895211,0.999712646,ros2_odometer_state
M19C_S1_lab_hard_floor_B2_U020_R2,784.494232980,4.831803847,command,0.200000,-5.002158165,-0.155060172,0.999664545,0.039549734,-0.017896272,0.999716878,ros2_odometer_state
M19C_S1_lab_hard_floor_B2_U020_R2,784.496263651,4.833834518,command,0.200000,-5.002158165,-0.155060172,0.999664545,0.039554175,-0.017897019,0.999713600,ros2_odometer_state
M19C_S1_lab_hard_floor_B2_U020_R2,784.498190574,4.835761441,command,0.200000,-5.002158165,-0.155060172,0.999664545,0.039554790,-0.017899077,0.999706864,ros2_odometer_state
M19C_S1_lab_hard_floor_B2_U020_R2,784.500362690,4.837933557,command,0.200000,-5.002158165,-0.155060172,0.999664545,0.039553337,-0.017901877,0.999691010,ros2_odometer_state
M19C_S1_lab_hard_floor_B2_U020_R2,784.502266540,4.839837407,command,0.200000,-5.002158165,-0.155060172,0.999691010,0.039556131,-0.017903563,0.999677479,ros2_odometer_state
M19C_S1_lab_hard_floor_B2_U020_R2,784.504793614,4.842364481,command,0.200000,-5.002158165,-0.155060172,0.999691010,0.039555244,-0.017903648,0.999660730,ros2_odometer_state
M19C_S1_lab_hard_floor_B2_U020_R2,784.506238214,4.843809081,command,0.200000,-5.002158165,-0.155060172,0.999691010,0.039548859,-0.017904988,0.999625742,ros2_odometer_state
M19C_S1_lab_hard_floor_B2_U020_R2,784.509018834,4.846589701,command,0.200000,-5.002158165,-0.155060172,0.999691010,0.039543923,-0.017912744,0.999590755,ros2_odometer_state
M19C_S1_lab_hard_floor_B2_U020_R2,784.510962814,4.848533681,command,0.200000,-5.002158165,-0.155060172,0.999691010,0.039536852,-0.017919121,0.999560714,ros2_odometer_state
M19C_S1_lab_hard_floor_B2_U020_R2,784.511662137,4.849233004,command,0.200000,-5.002158165,-0.155060172,0.999691010,0.039536852,-0.017919121,0.999560714,ros2_odometer_state
M19C_S1_lab_hard_floor_B2_U020_R2,784.513599300,4.851170167,command,0.200000,-5.002158165,-0.155060172,0.999691010,0.039535005,-0.017920636,0.999529660,ros2_odometer_state
M19C_S1_lab_hard_floor_B2_U020_R2,784.516455699,4.854026566,command,0.200000,-5.002158165,-0.155060172,0.999691010,0.039547130,-0.017945113,0.999469161,ros2_odometer_state
M19C_S1_lab_hard_floor_B2_U020_R2,784.518663081,4.856233948,command,0.200000,-5.002158165,-0.155060172,0.999691010,0.039553966,-0.017967606,0.999438107,ros2_odometer_state
M19C_S1_lab_hard_floor_B2_U020_R2,784.519813750,4.857384617,command,0.200000,-5.002158165,-0.155060172,0.999691010,0.039553966,-0.017967606,0.999438107,ros2_odometer_state
M19C_S1_lab_hard_floor_B2_U020_R2,784.521686815,4.859257682,command,0.200000,-5.002158165,-0.155060172,0.999409974,0.039550405,-0.017993627,0.999409974,ros2_odometer_state
M19C_S1_lab_hard_floor_B2_U020_R2,784.524427657,4.861998524,command,0.200000,-5.002158165,-0.155060172,0.999409974,0.039556991,-0.018040113,0.999345720,ros2_odometer_state
M19C_S1_lab_hard_floor_B2_U020_R2,784.526582333,4.864153200,command,0.200000,-5.002158165,-0.155060172,0.999409974,0.039566875,-0.018059500,0.999327719,ros2_odometer_state
M19C_S1_lab_hard_floor_B2_U020_R2,784.529013499,4.866584366,command,0.200000,-5.002158165,-0.155060172,0.999409974,0.039573353,-0.018075798,0.999318123,ros2_odometer_state
M19C_S1_lab_hard_floor_B2_U020_R2,784.529660052,4.867230919,command,0.200000,-5.002158165,-0.155060172,0.999409974,0.039573353,-0.018075798,0.999318123,ros2_odometer_state
M19C_S1_lab_hard_floor_B2_U020_R2,784.531702532,4.869273399,command,0.200000,-5.002158165,-0.155060172,0.999409974,0.039574523,-0.018090554,0.999311805,ros2_odometer_state
M19C_S1_lab_hard_floor_B2_U020_R2,784.534469007,4.872039874,command,0.200000,-5.002158165,-0.155060172,0.999409974,0.039571557,-0.018108638,0.999306977,ros2_odometer_state
M19C_S1_lab_hard_floor_B2_U020_R2,784.535649853,4.873220720,command,0.200000,-5.002158165,-0.155060172,0.999409974,0.039571557,-0.018108638,0.999306977,ros2_odometer_state
M19C_S1_lab_hard_floor_B2_U020_R2,784.538610544,4.876181411,command,0.200000,-5.002158165,-0.155060172,0.999409974,0.039579868,-0.018136889,0.999292314,ros2_odometer_state
M19C_S1_lab_hard_floor_B2_U020_R2,784.540682721,4.878253588,command,0.200000,-5.002158165,-0.155060172,0.999409974,0.039585032,-0.018147832,0.999301195,ros2_odometer_state
M19C_S1_lab_hard_floor_B2_U020_R2,784.542622028,4.880192895,command,0.200000,-5.002158165,-0.155060172,0.999301195,0.039586138,-0.018150603,0.999312580,ros2_odometer_state
M19C_S1_lab_hard_floor_B2_U020_R2,784.543752920,4.881323787,command,0.200000,-5.002158165,-0.155060172,0.999301195,0.039586138,-0.018150603,0.999312580,ros2_odometer_state
M19C_S1_lab_hard_floor_B2_U020_R2,784.546001647,4.883572514,command,0.200000,-5.002158165,-0.155060172,0.999301195,0.039578680,-0.018161407,0.999326766,ros2_odometer_state
M19C_S1_lab_hard_floor_B2_U020_R2,784.548278344,4.885849211,command,0.200000,-5.002158165,-0.155060172,0.999301195,0.039574429,-0.018171201,0.999341667,ros2_odometer_state
M19C_S1_lab_hard_floor_B2_U020_R2,784.550606402,4.888177269,command,0.200000,-5.002158165,-0.155060172,0.999301195,0.039582577,-0.018183330,0.999357462,ros2_odometer_state
M19C_S1_lab_hard_floor_B2_U020_R2,784.552678163,4.890249030,command,0.200000,-5.002158165,-0.155060172,0.999301195,0.039581310,-0.018186236,0.999361157,ros2_odometer_state
M19C_S1_lab_hard_floor_B2_U020_R2,784.554643039,4.892213906,command,0.200000,-5.002158165,-0.155060172,0.999301195,0.039580114,-0.018184157,0.999361634,ros2_odometer_state
M19C_S1_lab_hard_floor_B2_U020_R2,784.556508584,4.894079451,command,0.200000,-5.002158165,-0.155060172,0.999301195,0.039578609,-0.018185560,0.999362230,ros2_odometer_state
M19C_S1_lab_hard_floor_B2_U020_R2,784.557629683,4.895200550,command,0.200000,-5.002158165,-0.155060172,0.999301195,0.039578609,-0.018185560,0.999362230,ros2_odometer_state
M19C_S1_lab_hard_floor_B2_U020_R2,784.560758285,4.898329152,command,0.200000,-5.002158165,-0.155060172,0.999301195,0.039580941,-0.018198101,0.999371529,ros2_odometer_state
M19C_S1_lab_hard_floor_B2_U020_R2,784.562758842,4.900329709,command,0.200000,-5.002158165,-0.155060172,0.999371529,0.039587036,-0.018204855,0.999371707,ros2_odometer_state
M19C_S1_lab_hard_floor_B2_U020_R2,784.564776681,4.902347548,command,0.200000,-5.002158165,-0.155060172,0.999371529,0.039587572,-0.018212965,0.999360681,ros2_odometer_state
M19C_S1_lab_hard_floor_B2_U020_R2,784.566861530,4.904432397,command,0.200000,-5.002158165,-0.155060172,0.999371529,0.039594959,-0.018226529,0.999350429,ros2_odometer_state
M19C_S1_lab_hard_floor_B2_U020_R2,784.569129490,4.906700357,command,0.200000,-5.002158165,-0.155060172,0.999371529,0.039608125,-0.018230006,0.999341011,ros2_odometer_state
M19C_S1_lab_hard_floor_B2_U020_R2,784.570746129,4.908316996,command,0.200000,-5.002158165,-0.155060172,0.999371529,0.039612133,-0.018237596,0.999329507,ros2_odometer_state
M19C_S1_lab_hard_floor_B2_U020_R2,784.571868796,4.909439663,command,0.200000,-5.002158165,-0.155060172,0.999371529,0.039612133,-0.018237596,0.999329507,ros2_odometer_state
M19C_S1_lab_hard_floor_B2_U020_R2,784.574419903,4.911990770,command,0.200000,-5.002158165,-0.155060172,0.999371529,0.039612431,-0.018253924,0.999328852,ros2_odometer_state
M19C_S1_lab_hard_floor_B2_U020_R2,784.576497488,4.914068355,command,0.200000,-5.002158165,-0.155060172,0.999371529,0.039617542,-0.018254109,0.999318779,ros2_odometer_state
M19C_S1_lab_hard_floor_B2_U020_R2,784.578728615,4.916299482,command,0.200000,-5.002158165,-0.155060172,0.999371529,0.039623231,-0.018260702,0.999312580,ros2_odometer_state
M19C_S1_lab_hard_floor_B2_U020_R2,784.579919285,4.917490152,command,0.200000,-5.002158165,-0.155060172,0.999371529,0.039623231,-0.018260702,0.999312580,ros2_odometer_state
M19C_S1_lab_hard_floor_B2_U020_R2,784.582523514,4.920094381,command,0.200000,-5.002158165,-0.155060172,0.999297857,0.039629232,-0.018290127,0.999282598,ros2_odometer_state
M19C_S1_lab_hard_floor_B2_U020_R2,784.584391299,4.921962166,command,0.200000,-5.002158165,-0.155060172,0.999297857,0.039620660,-0.018305877,0.999270678,ros2_odometer_state
M19C_S1_lab_hard_floor_B2_U020_R2,784.586666011,4.924236878,command,0.200000,-5.002158165,-0.155060172,0.999297857,0.039619714,-0.018320855,0.999263942,ros2_odometer_state
M19C_S1_lab_hard_floor_B2_U020_R2,784.589122139,4.926693006,command,0.200000,-5.002158165,-0.155060172,0.999297857,0.039626550,-0.018337168,0.999259830,ros2_odometer_state
M19C_S1_lab_hard_floor_B2_U020_R2,784.590727801,4.928298668,command,0.200000,-5.002158165,-0.155060172,0.999297857,0.039634045,-0.018348744,0.999258637,ros2_odometer_state
M19C_S1_lab_hard_floor_B2_U020_R2,784.592770472,4.930341339,command,0.200000,-5.002158165,-0.155060172,0.999297857,0.039642669,-0.018361200,0.999259949,ros2_odometer_state
M19C_S1_lab_hard_floor_B2_U020_R2,784.594562638,4.932133505,command,0.200000,-5.002158165,-0.155060172,0.999297857,0.039651979,-0.018378114,0.999258339,ros2_odometer_state
M19C_S1_lab_hard_floor_B2_U020_R2,784.596626110,4.934196977,command,0.200000,-5.002158165,-0.155060172,0.999297857,0.039653588,-0.018400166,0.999253690,ros2_odometer_state
M19C_S1_lab_hard_floor_B2_U020_R2,784.598512103,4.936082970,command,0.200000,-5.002158165,-0.155060172,0.999297857,0.039647225,-0.018422589,0.999252379,ros2_odometer_state
M19C_S1_lab_hard_floor_B2_U020_R2,784.600577688,4.938148555,command,0.200000,-5.002158165,-0.155060172,0.999297857,0.039649792,-0.018438317,0.999255419,ros2_odometer_state
M19C_S1_lab_hard_floor_B2_U020_R2,784.602584454,4.940155321,command,0.200000,-5.002158165,-0.155060172,0.999255419,0.039652433,-0.018454123,0.999261558,ros2_odometer_state
M19C_S1_lab_hard_floor_B2_U020_R2,784.604797532,4.942368399,command,0.200000,-5.002158165,-0.155060172,0.999255419,0.039650567,-0.018474687,0.999271691,ros2_odometer_state
M19C_S1_lab_hard_floor_B2_U020_R2,784.606613794,4.944184661,command,0.200000,-5.002158165,-0.155060172,0.999255419,0.039650582,-0.018497568,0.999279439,ros2_odometer_state
M19C_S1_lab_hard_floor_B2_U020_R2,784.609102243,4.946673110,command,0.200000,-5.002158165,-0.155060172,0.999255419,0.039650813,-0.018518608,0.999278903,ros2_odometer_state
M19C_S1_lab_hard_floor_B2_U020_R2,784.610943722,4.948514589,command,0.200000,-5.002158165,-0.155060172,0.999255419,0.039644640,-0.018538093,0.999277949,ros2_odometer_state
M19C_S1_lab_hard_floor_B2_U020_R2,784.612611915,4.950182782,command,0.200000,-5.002158165,-0.155060172,0.999255419,0.039644640,-0.018538093,0.999277949,ros2_odometer_state
M19C_S1_lab_hard_floor_B2_U020_R2,784.616444000,4.954014867,command,0.200000,-5.002158165,-0.155060172,0.999255419,0.039645877,-0.018550353,0.999280274,ros2_odometer_state
M19C_S1_lab_hard_floor_B2_U020_R2,784.617496553,4.955067420,command,0.200000,-5.002158165,-0.155060172,0.999255419,0.039645586,-0.018562520,0.999281883,ros2_odometer_state
M19C_S1_lab_hard_floor_B2_U020_R2,784.618518705,4.956089572,command,0.200000,-5.002158165,-0.155060172,0.999255419,0.039645266,-0.018582353,0.999281704,ros2_odometer_state
M19C_S1_lab_hard_floor_B2_U020_R2,784.620695621,4.958266488,command,0.200000,-5.002158165,-0.155060172,0.999255419,0.039636675,-0.018624196,0.999269187,ros2_odometer_state
M19C_S1_lab_hard_floor_B2_U020_R2,784.621937717,4.959508584,command,0.200000,-5.002158165,-0.155060172,0.999269187,0.039636675,-0.018624196,0.999269187,ros2_odometer_state
M19C_S1_lab_hard_floor_B2_U020_R2,784.623821183,4.961392050,command,0.200000,-5.002158165,-0.155060172,0.999269187,0.039636362,-0.018640427,0.999257386,ros2_odometer_state
M19C_S1_lab_hard_floor_B2_U020_R2,784.626672621,4.964243488,command,0.200000,-5.002158165,-0.155060172,0.999269187,0.039637465,-0.018673172,0.999239743,ros2_odometer_state
M19C_S1_lab_hard_floor_B2_U020_R2,784.629265330,4.966836197,command,0.200000,-5.002158165,-0.155060172,0.999269187,0.039638147,-0.018689126,0.999234676,ros2_odometer_state
M19C_S1_lab_hard_floor_B2_U020_R2,784.630621799,4.968192666,command,0.200000,-5.002158165,-0.155060172,0.999269187,0.039639436,-0.018701816,0.999224007,ros2_odometer_state
M19C_S1_lab_hard_floor_B2_U020_R2,784.632753722,4.970324589,command,0.200000,-5.002158165,-0.155060172,0.999269187,0.039636638,-0.018717004,0.999213576,ros2_odometer_state
M19C_S1_lab_hard_floor_B2_U020_R2,784.634997553,4.972568420,command,0.200000,-5.002158165,-0.155060172,0.999269187,0.039630912,-0.018735871,0.999204934,ros2_odometer_state
M19C_S1_lab_hard_floor_B2_U020_R2,784.637187558,4.974758425,command,0.200000,-5.002158165,-0.155060172,0.999269187,0.039629202,-0.018756259,0.999193668,ros2_odometer_state
M19C_S1_lab_hard_floor_B2_U020_R2,784.638708161,4.976279028,command,0.200000,-5.002158165,-0.155060172,0.999269187,0.039624900,-0.018780736,0.999181509,ros2_odometer_state
M19C_S1_lab_hard_floor_B2_U020_R2,784.640695534,4.978266401,command,0.200000,-5.002158165,-0.155060172,0.999269187,0.039615970,-0.018802986,0.999171495,ros2_odometer_state
M19C_S1_lab_hard_floor_B2_U020_R2,784.642633114,4.980203981,command,0.200000,-5.002158165,-0.155060172,0.999171495,0.039613284,-0.018820051,0.999162674,ros2_odometer_state
M19C_S1_lab_hard_floor_B2_U020_R2,784.644656296,4.982227163,command,0.200000,-5.002158165,-0.155060172,0.999171495,0.039612383,-0.018840702,0.999151289,ros2_odometer_state
M19C_S1_lab_hard_floor_B2_U020_R2,784.646699352,4.984270219,command,0.200000,-5.002158165,-0.155060172,0.999171495,0.039611842,-0.018866694,0.999145269,ros2_odometer_state
M19C_S1_lab_hard_floor_B2_U020_R2,784.649445058,4.987015925,command,0.200000,-5.002158165,-0.155060172,0.999171495,0.039613806,-0.018890407,0.999140263,ros2_odometer_state
M19C_S1_lab_hard_floor_B2_U020_R2,784.650787478,4.988358345,command,0.200000,-5.002158165,-0.155060172,0.999171495,0.039612193,-0.018903274,0.999128282,ros2_odometer_state
M19C_S1_lab_hard_floor_B2_U020_R2,784.652798276,4.990369143,command,0.200000,-5.002158165,-0.155060172,0.999171495,0.039604582,-0.018926566,0.999126256,ros2_odometer_state
M19C_S1_lab_hard_floor_B2_U020_R2,784.654691214,4.992262081,command,0.200000,-5.002158165,-0.155060172,0.999171495,0.039595798,-0.018952219,0.999120295,ros2_odometer_state
M19C_S1_lab_hard_floor_B2_U020_R2,784.655859739,4.993430606,command,0.200000,-5.002158165,-0.155060172,0.999171495,0.039595798,-0.018952219,0.999120295,ros2_odometer_state
M19C_S1_lab_hard_floor_B2_U020_R2,784.658631047,4.996201914,command,0.200000,-5.002158165,-0.155060172,0.999171495,0.039592955,-0.018992957,0.999110878,ros2_odometer_state
M19C_S1_lab_hard_floor_B2_U020_R2,784.660681463,4.998252330,command,0.200000,-5.002158165,-0.155060172,0.999171495,0.039581787,-0.019020133,0.999103665,ros2_odometer_state
M19C_S1_lab_hard_floor_B2_U020_R2,784.662661860,5.000232727,command,0.200000,-5.002158165,-0.155060172,0.999103665,0.039576542,-0.019042598,0.999093533,ros2_odometer_state
M19C_S1_lab_hard_floor_B2_U020_R2,784.665478481,5.003049348,command,0.200000,-5.002158165,-0.155060172,0.999103665,0.039577335,-0.019068092,0.999088049,ros2_odometer_state
M19C_S1_lab_hard_floor_B2_U020_R2,784.666615133,5.004186000,command,0.200000,-5.002158165,-0.155060172,0.999103665,0.039577927,-0.019094482,0.999079049,ros2_odometer_state
M19C_S1_lab_hard_floor_B2_U020_R2,784.669352328,5.006923195,command,0.200000,-5.002158165,-0.155060172,0.999103665,0.039581988,-0.019120358,0.999065518,ros2_odometer_state
M19C_S1_lab_hard_floor_B2_U020_R2,784.670722781,5.008293648,command,0.200000,-5.002158165,-0.155060172,0.999103665,0.039578740,-0.019153507,0.999058902,ros2_odometer_state
M19C_S1_lab_hard_floor_B2_U020_R2,784.672866448,5.010437315,command,0.200000,-5.002158165,-0.155060172,0.999103665,0.039570335,-0.019188125,0.999051273,ros2_odometer_state
M19C_S1_lab_hard_floor_B2_U020_R2,784.674577491,5.012148358,command,0.200000,-5.002158165,-0.155060172,0.999103665,0.039560460,-0.019220382,0.999043822,ros2_odometer_state
M19C_S1_lab_hard_floor_B2_U020_R2,784.677169271,5.014740138,command,0.200000,-5.002158165,-0.155060172,0.999103665,0.039553665,-0.019254230,0.999041259,ros2_odometer_state
M19C_S1_lab_hard_floor_B2_U020_R2,784.678117084,5.015687951,command,0.200000,-5.002158165,-0.155060172,0.999103665,0.039553665,-0.019254230,0.999041259,ros2_odometer_state
M19C_S1_lab_hard_floor_B2_U020_R2,784.681261174,5.018832041,command,0.200000,-5.002158165,-0.155060172,0.999103665,0.039541330,-0.019321455,0.999020457,ros2_odometer_state
M19C_S1_lab_hard_floor_B2_U020_R2,784.682759856,5.020330723,command,0.200000,-5.002158165,-0.155060172,0.999020457,0.039538898,-0.019357178,0.999013722,ros2_odometer_state
M19C_S1_lab_hard_floor_B2_U020_R2,784.684768735,5.022339602,command,0.200000,-5.002158165,-0.155060172,0.999020457,0.039532930,-0.019397557,0.999019325,ros2_odometer_state
M19C_S1_lab_hard_floor_B2_U020_R2,784.686931635,5.024502502,command,0.200000,-5.002158165,-0.155060172,0.999020457,0.039527938,-0.019440763,0.999027908,ros2_odometer_state
M19C_S1_lab_hard_floor_B2_U020_R2,784.689308559,5.026879426,command,0.200000,-5.002158165,-0.155060172,0.999020457,0.039521921,-0.019486239,0.999041498,ros2_odometer_state
M19C_S1_lab_hard_floor_B2_U020_R2,784.690714342,5.028285209,command,0.200000,-5.002158165,-0.155060172,0.999020457,0.039510295,-0.019534586,0.999058843,ros2_odometer_state
M19C_S1_lab_hard_floor_B2_U020_R2,784.692845656,5.030416523,command,0.200000,-5.002158165,-0.155060172,0.999020457,0.039499722,-0.019584028,0.999079704,ros2_odometer_state
M19C_S1_lab_hard_floor_B2_U020_R2,784.694617661,5.032188528,command,0.200000,-5.002158165,-0.155060172,0.999020457,0.039490048,-0.019639349,0.999102831,ros2_odometer_state
M19C_S1_lab_hard_floor_B2_U020_R2,784.696591882,5.034162749,command,0.200000,-5.002158165,-0.155060172,0.999020457,0.039483182,-0.019694664,0.999131143,ros2_odometer_state
M19C_S1_lab_hard_floor_B2_U020_R2,784.698536693,5.036107560,command,0.200000,-5.002158165,-0.155060172,0.999020457,0.039473563,-0.019741934,0.999154806,ros2_odometer_state
M19C_S1_lab_hard_floor_B2_U020_R2,784.700664616,5.038235483,command,0.200000,-5.002158165,-0.155060172,0.999020457,0.039460286,-0.019796683,0.999171972,ros2_odometer_state
M19C_S1_lab_hard_floor_B2_U020_R2,784.702685527,5.040256394,command,0.200000,-5.002158165,-0.155060172,0.999171972,0.039451458,-0.019849660,0.999186575,ros2_odometer_state
M19C_S1_lab_hard_floor_B2_U020_R2,784.704124175,5.041695042,command,0.200000,-5.002158165,-0.155060172,0.999171972,0.039451458,-0.019849660,0.999186575,ros2_odometer_state
M19C_S1_lab_hard_floor_B2_U020_R2,784.706912123,5.044482990,command,0.200000,-5.002158165,-0.155060172,0.999171972,0.039434597,-0.019936213,0.999225974,ros2_odometer_state
M19C_S1_lab_hard_floor_B2_U020_R2,784.709227957,5.046798824,command,0.200000,-5.002158165,-0.155060172,0.999171972,0.039427668,-0.019974720,0.999240696,ros2_odometer_state
M19C_S1_lab_hard_floor_B2_U020_R2,784.710672781,5.048243648,command,0.200000,-5.002158165,-0.155060172,0.999171972,0.039424956,-0.020013198,0.999256849,ros2_odometer_state
M19C_S1_lab_hard_floor_B2_U020_R2,784.712758782,5.050329649,command,0.200000,-5.002158165,-0.155060172,0.999171972,0.039430991,-0.020049941,0.999264598,ros2_odometer_state
M19C_S1_lab_hard_floor_B2_U020_R2,784.714740811,5.052311678,command,0.200000,-5.002158165,-0.155060172,0.999171972,0.039429795,-0.020080926,0.999262691,ros2_odometer_state
M19C_S1_lab_hard_floor_B2_U020_R2,784.717195178,5.054766045,command,0.200000,-5.002158165,-0.155060172,0.999171972,0.039420918,-0.020105470,0.999261856,ros2_odometer_state
M19C_S1_lab_hard_floor_B2_U020_R2,784.718771592,5.056342459,command,0.200000,-5.002158165,-0.155060172,0.999171972,0.039420418,-0.020135405,0.999265134,ros2_odometer_state
M19C_S1_lab_hard_floor_B2_U020_R2,784.720802294,5.058373161,command,0.200000,-5.002158165,-0.155060172,0.999171972,0.039424032,-0.020159837,0.999265194,ros2_odometer_state
M19C_S1_lab_hard_floor_B2_U020_R2,784.722050439,5.059621306,command,0.200000,-5.002158165,-0.155060172,0.999265194,0.039424032,-0.020159837,0.999265194,ros2_odometer_state
M19C_S1_lab_hard_floor_B2_U020_R2,784.724741231,5.062312098,command,0.200000,-5.002158165,-0.155060172,0.999265194,0.039423011,-0.020197712,0.999273837,ros2_odometer_state
M19C_S1_lab_hard_floor_B2_U020_R2,784.726774078,5.064344945,command,0.200000,-5.002158165,-0.155060172,0.999265194,0.039429203,-0.020220783,0.999267042,ros2_odometer_state
M19C_S1_lab_hard_floor_B2_U020_R2,784.729298017,5.066868884,command,0.200000,-5.002158165,-0.155060172,0.999265194,0.039432477,-0.020233074,0.999256074,ros2_odometer_state
M19C_S1_lab_hard_floor_B2_U020_R2,784.730783514,5.068354381,command,0.200000,-5.002158165,-0.155060172,0.999265194,0.039426886,-0.020242259,0.999257803,ros2_odometer_state
M19C_S1_lab_hard_floor_B2_U020_R2,784.733096340,5.070667207,command,0.200000,-5.002158165,-0.155060172,0.999265194,0.039422173,-0.020255804,0.999266565,ros2_odometer_state
M19C_S1_lab_hard_floor_B2_U020_R2,784.735185637,5.072756504,command,0.200000,-5.002158165,-0.155060172,0.999265194,0.039425492,-0.020269031,0.999273121,ros2_odometer_state
M19C_S1_lab_hard_floor_B2_U020_R2,784.736985419,5.074556286,command,0.200000,-5.002158165,-0.155060172,0.999265194,0.039422907,-0.020284368,0.999268651,ros2_odometer_state
M19C_S1_lab_hard_floor_B2_U020_R2,784.738850132,5.076420999,command,0.200000,-5.002158165,-0.155060172,0.999265194,0.039419401,-0.020310067,0.999265254,ros2_odometer_state
M19C_S1_lab_hard_floor_B2_U020_R2,784.740041154,5.077612021,command,0.200000,-5.002158165,-0.155060172,0.999265194,0.039419401,-0.020310067,0.999265254,ros2_odometer_state
M19C_S1_lab_hard_floor_B2_U020_R2,784.742818094,5.080388961,command,0.200000,-5.002158165,-0.155060172,0.999265552,0.039426450,-0.020350700,0.999266863,ros2_odometer_state
M19C_S1_lab_hard_floor_B2_U020_R2,784.744807259,5.082378126,command,0.200000,-5.002158165,-0.155060172,0.999265552,0.039431393,-0.020367280,0.999270499,ros2_odometer_state
M19C_S1_lab_hard_floor_B2_U020_R2,784.746054988,5.083625855,command,0.200000,-5.002158165,-0.155060172,0.999265552,0.039431393,-0.020367280,0.999270499,ros2_odometer_state
M19C_S1_lab_hard_floor_B2_U020_R2,784.748724147,5.086295014,command,0.200000,-5.002158165,-0.155060172,0.999265552,0.039432112,-0.020388728,0.999270260,ros2_odometer_state
M19C_S1_lab_hard_floor_B2_U020_R2,784.750127178,5.087698045,command,0.200000,-5.002158165,-0.155060172,0.999265552,0.039433159,-0.020413702,0.999264359,ros2_odometer_state
M19C_S1_lab_hard_floor_B2_U020_R2,784.753636850,5.091207717,command,0.200000,-5.002158165,-0.155060172,0.999265552,0.039441992,-0.020470079,0.999258578,ros2_odometer_state
M19C_S1_lab_hard_floor_B2_U020_R2,784.754692827,5.092263694,command,0.200000,-5.002158165,-0.155060172,0.999265552,0.039441992,-0.020470079,0.999258578,ros2_odometer_state
M19C_S1_lab_hard_floor_B2_U020_R2,784.756570980,5.094141847,command,0.200000,-5.002158165,-0.155060172,0.999265552,0.039440591,-0.020493865,0.999257267,ros2_odometer_state
M19C_S1_lab_hard_floor_B2_U020_R2,784.759134504,5.096705371,command,0.200000,-5.002158165,-0.155060172,0.999265552,0.039430190,-0.020543689,0.999236405,ros2_odometer_state
M19C_S1_lab_hard_floor_B2_U020_R2,784.761166455,5.098737322,command,0.200000,-5.002158165,-0.155060172,0.999265552,0.039426811,-0.020560322,0.999219358,ros2_odometer_state
M19C_S1_lab_hard_floor_B2_U020_R2,784.762985213,5.100556080,command,0.200000,-5.002158165,-0.155060172,0.999219358,0.039424445,-0.020582836,0.999198318,ros2_odometer_state
M19C_S1_lab_hard_floor_B2_U020_R2,784.764833253,5.102404120,command,0.200000,-5.002158165,-0.155060172,0.999219358,0.039425157,-0.020606387,0.999185443,ros2_odometer_state
M19C_S1_lab_hard_floor_B2_U020_R2,784.767051771,5.104622638,command,0.200000,-5.002158165,-0.155060172,0.999219358,0.039422028,-0.020630933,0.999166071,ros2_odometer_state
M19C_S1_lab_hard_floor_B2_U020_R2,784.769522651,5.107093518,command,0.200000,-5.002158165,-0.155060172,0.999219358,0.039417155,-0.020659277,0.999140143,ros2_odometer_state
M19C_S1_lab_hard_floor_B2_U020_R2,784.771073496,5.108644363,command,0.200000,-5.002158165,-0.155060172,0.999219358,0.039412331,-0.020680064,0.999114752,ros2_odometer_state
M19C_S1_lab_hard_floor_B2_U020_R2,784.772905919,5.110476786,command,0.200000,-5.002158165,-0.155060172,0.999219358,0.039410494,-0.020696666,0.999082923,ros2_odometer_state
M19C_S1_lab_hard_floor_B2_U020_R2,784.775206936,5.112777803,command,0.200000,-5.002158165,-0.155060172,0.999219358,0.039411709,-0.020715032,0.999050319,ros2_odometer_state
M19C_S1_lab_hard_floor_B2_U020_R2,784.776906010,5.114476877,command,0.200000,-5.002158165,-0.155060172,0.999219358,0.039417278,-0.020737210,0.999024034,ros2_odometer_state
M19C_S1_lab_hard_floor_B2_U020_R2,784.779053230,5.116624097,command,0.200000,-5.002158165,-0.155060172,0.999219358,0.039420195,-0.020761510,0.998995721,ros2_odometer_state
M19C_S1_lab_hard_floor_B2_U020_R2,784.781211009,5.118781876,command,0.200000,-5.002158165,-0.155060172,0.999219358,0.039420221,-0.020781167,0.998968065,ros2_odometer_state
M19C_S1_lab_hard_floor_B2_U020_R2,784.782262666,5.119833533,command,0.200000,-5.002158165,-0.155060172,0.998968065,0.039420221,-0.020781167,0.998968065,ros2_odometer_state
M19C_S1_lab_hard_floor_B2_U020_R2,784.784163092,5.121733959,command,0.200000,-5.002158165,-0.155060172,0.998968065,0.039418347,-0.020803140,0.998948336,ros2_odometer_state
M19C_S1_lab_hard_floor_B2_U020_R2,784.786144417,5.123715284,command,0.200000,-5.002158165,-0.155060172,0.998968065,0.039424967,-0.020824322,0.998923540,ros2_odometer_state
M19C_S1_lab_hard_floor_B2_U020_R2,784.789640905,5.127211772,command,0.200000,-5.002158165,-0.155060172,0.998968065,0.039431706,-0.020861199,0.998869300,ros2_odometer_state
M19C_S1_lab_hard_floor_B2_U020_R2,784.790992605,5.128563472,command,0.200000,-5.002158165,-0.155060172,0.998968065,0.039433889,-0.020883439,0.998850942,ros2_odometer_state
M19C_S1_lab_hard_floor_B2_U020_R2,784.792240462,5.129811329,command,0.200000,-5.002158165,-0.155060172,0.998968065,0.039433889,-0.020883439,0.998850942,ros2_odometer_state
M19C_S1_lab_hard_floor_B2_U020_R2,784.794131575,5.131702442,command,0.200000,-5.002158165,-0.155060172,0.998968065,0.039431114,-0.020902049,0.998834550,ros2_odometer_state
M19C_S1_lab_hard_floor_B2_U020_R2,784.796136229,5.133707096,command,0.200000,-5.002158165,-0.155060172,0.998968065,0.039432433,-0.020927845,0.998818040,ros2_odometer_state
M19C_S1_lab_hard_floor_B2_U020_R2,784.798900497,5.136471364,command,0.200000,-5.002158165,-0.155060172,0.998968065,0.039437771,-0.020986525,0.998786688,ros2_odometer_state
M19C_S1_lab_hard_floor_B2_U020_R2,784.801034436,5.138605303,command,0.200000,-5.002158165,-0.155060172,0.998968065,0.039447259,-0.021004932,0.998764992,ros2_odometer_state
M19C_S1_lab_hard_floor_B2_U020_R2,784.807844108,5.145414975,command,0.200000,-5.002158165,-0.155060172,0.998764992,0.039447259,-0.021004932,0.998764992,ros2_odometer_state
M19C_S1_lab_hard_floor_B2_U020_R2,784.809141375,5.146712242,command,0.200000,-5.002158165,-0.155060172,0.998764992,0.039453313,-0.021026853,0.998752892,ros2_odometer_state
M19C_S1_lab_hard_floor_B2_U020_R2,784.810118180,5.147689047,command,0.200000,-5.002158165,-0.155060172,0.998764992,0.039457981,-0.021046085,0.998744190,ros2_odometer_state
M19C_S1_lab_hard_floor_B2_U020_R2,784.811580189,5.149151056,command,0.200000,-5.002158165,-0.155060172,0.998764992,0.039456174,-0.021062795,0.998740315,ros2_odometer_state
M19C_S1_lab_hard_floor_B2_U020_R2,784.812632998,5.150203865,command,0.200000,-5.002158165,-0.155060172,0.998764992,0.039458118,-0.021088969,0.998735070,ros2_odometer_state
M19C_S1_lab_hard_floor_B2_U020_R2,784.813532745,5.151103612,command,0.200000,-5.002158165,-0.155060172,0.998764992,0.039458044,-0.021107275,0.998724699,ros2_odometer_state
M19C_S1_lab_hard_floor_B2_U020_R2,784.814519055,5.152089922,command,0.200000,-5.002158165,-0.155060172,0.998764992,0.039451029,-0.021114871,0.998713076,ros2_odometer_state
M19C_S1_lab_hard_floor_B2_U020_R2,784.816588256,5.154159123,command,0.200000,-5.002158165,-0.155060172,0.998764992,0.039451718,-0.021125900,0.998707235,ros2_odometer_state
M19C_S1_lab_hard_floor_B2_U020_R2,784.818993405,5.156564272,command,0.200000,-5.002158165,-0.155060172,0.998764992,0.039449412,-0.021142796,0.998701692,ros2_odometer_state
M19C_S1_lab_hard_floor_B2_U020_R2,784.820522297,5.158093164,command,0.200000,-5.002158165,-0.155060172,0.998764992,0.039443336,-0.021159321,0.998703718,ros2_odometer_state
M19C_S1_lab_hard_floor_B2_U020_R2,784.823965086,5.161535953,command,0.200000,-5.002158165,-0.155060172,0.998702705,0.039442852,-0.021170298,0.998702705,ros2_odometer_state
M19C_S1_lab_hard_floor_B2_U020_R2,784.825203023,5.162773890,command,0.200000,-5.002158165,-0.155060172,0.998702705,0.039440367,-0.021178985,0.998705745,ros2_odometer_state
M19C_S1_lab_hard_floor_B2_U020_R2,784.826166964,5.163737831,command,0.200000,-5.002158165,-0.155060172,0.998702705,0.039439581,-0.021186356,0.998707950,ros2_odometer_state
M19C_S1_lab_hard_floor_B2_U020_R2,784.830374103,5.167944970,command,0.200000,-5.002158165,-0.155060172,0.998702705,0.039438199,-0.021219661,0.998700261,ros2_odometer_state
M19C_S1_lab_hard_floor_B2_U020_R2,784.831941940,5.169512807,command,0.200000,-5.002158165,-0.155060172,0.998702705,0.039440475,-0.021233343,0.998705328,ros2_odometer_state
M19C_S1_lab_hard_floor_B2_U020_R2,784.832383653,5.169954520,command,0.200000,-5.002158165,-0.155060172,0.998702705,0.039440475,-0.021233343,0.998705328,ros2_odometer_state
M19C_S1_lab_hard_floor_B2_U020_R2,784.834601372,5.172172239,command,0.200000,-5.002158165,-0.155060172,0.998702705,0.039442621,-0.021243243,0.998710096,ros2_odometer_state
M19C_S1_lab_hard_floor_B2_U020_R2,784.838187047,5.175757914,command,0.200000,-5.002158165,-0.155060172,0.998702705,0.039451145,-0.021264113,0.998723626,ros2_odometer_state
M19C_S1_lab_hard_floor_B2_U020_R2,784.838633688,5.176204555,command,0.200000,-5.002158165,-0.155060172,0.998702705,0.039451145,-0.021264113,0.998723626,ros2_odometer_state
M19C_S1_lab_hard_floor_B2_U020_R2,784.840484320,5.178055187,command,0.200000,-5.002158165,-0.155060172,0.998702705,0.039454233,-0.021277234,0.998725116,ros2_odometer_state
M19C_S1_lab_hard_floor_B2_U020_R2,784.843317358,5.180888225,command,0.200000,-5.002158165,-0.155060172,0.998723984,0.039457574,-0.021309430,0.998729527,ros2_odometer_state
M19C_S1_lab_hard_floor_B2_U020_R2,784.845023473,5.182594340,command,0.200000,-5.002158165,-0.155060172,0.998723984,0.039463706,-0.021328136,0.998738408,ros2_odometer_state
M19C_S1_lab_hard_floor_B2_U020_R2,784.846251744,5.183822611,command,0.200000,-5.002158165,-0.155060172,0.998723984,0.039463706,-0.021328136,0.998738408,ros2_odometer_state
M19C_S1_lab_hard_floor_B2_U020_R2,784.851461643,5.189032510,command,0.200000,-5.002158165,-0.155060172,0.998723984,0.039466243,-0.021348899,0.998751998,ros2_odometer_state
M19C_S1_lab_hard_floor_B2_U020_R2,784.852748541,5.190319408,command,0.200000,-5.002158165,-0.155060172,0.998723984,0.039465915,-0.021369629,0.998763025,ros2_odometer_state
M19C_S1_lab_hard_floor_B2_U020_R2,784.853601598,5.191172465,command,0.200000,-5.002158165,-0.155060172,0.998723984,0.039471794,-0.021387257,0.998771667,ros2_odometer_state
M19C_S1_lab_hard_floor_B2_U020_R2,784.854630182,5.192201049,command,0.200000,-5.002158165,-0.155060172,0.998723984,0.039469317,-0.021393526,0.998784363,ros2_odometer_state
M19C_S1_lab_hard_floor_B2_U020_R2,784.857010242,5.194581109,command,0.200000,-5.002158165,-0.155060172,0.998723984,0.039472174,-0.021411596,0.998813927,ros2_odometer_state
M19C_S1_lab_hard_floor_B2_U020_R2,784.858965550,5.196536417,command,0.200000,-5.002158165,-0.155060172,0.998723984,0.039472166,-0.021427790,0.998831272,ros2_odometer_state
M19C_S1_lab_hard_floor_B2_U020_R2,784.860358148,5.197929015,command,0.200000,-5.002158165,-0.155060172,0.998723984,0.039472166,-0.021427790,0.998831272,ros2_odometer_state
M19C_S1_lab_hard_floor_B2_U020_R2,784.862379475,5.199950342,command,0.200000,-5.002158165,-0.155060172,0.998858690,0.039465986,-0.021436259,0.998858690,ros2_odometer_state
M19C_S1_lab_hard_floor_B2_U020_R2,784.865081756,5.202652623,command,0.200000,-5.002158165,-0.155060172,0.998858690,0.039464276,-0.021453818,0.998887897,ros2_odometer_state
M19C_S1_lab_hard_floor_B2_U020_R2,784.867141068,5.204711935,command,0.200000,-5.002158165,-0.155060172,0.998858690,0.039456181,-0.021464214,0.998893380,ros2_odometer_state
M19C_S1_lab_hard_floor_B2_U020_R2,784.869002612,5.206573479,command,0.200000,-5.002158165,-0.155060172,0.998858690,0.039456181,-0.021464214,0.998893380,ros2_odometer_state
M19C_S1_lab_hard_floor_B2_U020_R2,784.870383594,5.207954461,command,0.200000,-5.002158165,-0.155060172,0.998858690,0.039455116,-0.021467760,0.998909116,ros2_odometer_state
M19C_S1_lab_hard_floor_B2_U020_R2,784.873202423,5.210773290,command,0.200000,-5.002158165,-0.155060172,0.998858690,0.039458763,-0.021480417,0.998926103,ros2_odometer_state
M19C_S1_lab_hard_floor_B2_U020_R2,784.874328483,5.211899350,command,0.200000,-5.002158165,-0.155060172,0.998858690,0.039458763,-0.021480417,0.998926103,ros2_odometer_state
M19C_S1_lab_hard_floor_B2_U020_R2,784.877158865,5.214729732,command,0.200000,-5.002158165,-0.155060172,0.998858690,0.039460070,-0.021477137,0.998927772,ros2_odometer_state
M19C_S1_lab_hard_floor_B2_U020_R2,784.878935190,5.216506057,command,0.200000,-5.002158165,-0.155060172,0.998858690,0.039464246,-0.021484040,0.998931706,ros2_odometer_state
M19C_S1_lab_hard_floor_B2_U020_R2,784.881493113,5.219063980,command,0.200000,-5.002158165,-0.155060172,0.998858690,0.039470356,-0.021490194,0.998935103,ros2_odometer_state
M19C_S1_lab_hard_floor_B2_U020_R2,784.883531689,5.221102556,command,0.200000,-5.002158165,-0.155060172,0.998935103,0.039474513,-0.021495882,0.998936117,ros2_odometer_state
M19C_S1_lab_hard_floor_B2_U020_R2,784.884509615,5.222080482,command,0.200000,-5.002158165,-0.155060172,0.998935103,0.039474513,-0.021495882,0.998936117,ros2_odometer_state
M19C_S1_lab_hard_floor_B2_U020_R2,784.887019248,5.224590115,command,0.200000,-5.002158165,-0.155060172,0.998935103,0.039475463,-0.021497495,0.998939514,ros2_odometer_state
M19C_S1_lab_hard_floor_B2_U020_R2,784.889807580,5.227378447,command,0.200000,-5.002158165,-0.155060172,0.998935103,0.039478209,-0.021501807,0.998938680,ros2_odometer_state
M19C_S1_lab_hard_floor_B2_U020_R2,784.890411540,5.227982407,command,0.200000,-5.002158165,-0.155060172,0.998935103,0.039478209,-0.021501807,0.998938680,ros2_odometer_state
M19C_S1_lab_hard_floor_B2_U020_R2,784.892369728,5.229940595,command,0.200000,-5.002158165,-0.155060172,0.998935103,0.039485808,-0.021509239,0.998934746,ros2_odometer_state
M19C_S1_lab_hard_floor_B2_U020_R2,784.894986406,5.232557273,command,0.200000,-5.002158165,-0.155060172,0.998935103,0.039488543,-0.021517392,0.998924553,ros2_odometer_state
M19C_S1_lab_hard_floor_B2_U020_R2,784.897135065,5.234705932,command,0.200000,-5.002158165,-0.155060172,0.998935103,0.039484087,-0.021518297,0.998914719,ros2_odometer_state
M19C_S1_lab_hard_floor_B2_U020_R2,784.899595673,5.237166540,command,0.200000,-5.002158165,-0.155060172,0.998935103,0.039485577,-0.021522852,0.998904824,ros2_odometer_state
M19C_S1_lab_hard_floor_B2_U020_R2,784.902488073,5.240058940,command,0.200000,-5.002158165,-0.155060172,0.998935103,0.039481312,-0.021527059,0.998897135,ros2_odometer_state
M19C_S1_lab_hard_floor_B2_U020_R2,784.905008523,5.242579390,command,0.200000,-5.002158165,-0.155060172,0.998897135,0.039478302,-0.021532122,0.998896182,ros2_odometer_state
M19C_S1_lab_hard_floor_B2_U020_R2,784.905508638,5.243079505,command,0.200000,-5.002158165,-0.155060172,0.998897135,0.039478302,-0.021532122,0.998896182,ros2_odometer_state
M19C_S1_lab_hard_floor_B2_U020_R2,784.907155550,5.244726417,command,0.200000,-5.002158165,-0.155060172,0.998897135,0.039477557,-0.021533087,0.998898745,ros2_odometer_state
M19C_S1_lab_hard_floor_B2_U020_R2,784.910040335,5.247611202,command,0.200000,-5.002158165,-0.155060172,0.998897135,0.039479177,-0.021541415,0.998888552,ros2_odometer_state
M19C_S1_lab_hard_floor_B2_U020_R2,784.910652038,5.248222905,command,0.200000,-5.002158165,-0.155060172,0.998897135,0.039479177,-0.021541415,0.998888552,ros2_odometer_state
M19C_S1_lab_hard_floor_B2_U020_R2,784.913484084,5.251054951,command,0.200000,-5.002158165,-0.155060172,0.998897135,0.039470185,-0.021560254,0.998874903,ros2_odometer_state
M19C_S1_lab_hard_floor_B2_U020_R2,784.917448078,5.255018945,command,0.200000,-5.002158165,-0.155060172,0.998897135,0.039468784,-0.021568028,0.998868525,ros2_odometer_state
M19C_S1_lab_hard_floor_B2_U020_R2,784.918714079,5.256284946,command,0.200000,-5.002158165,-0.155060172,0.998897135,0.039469738,-0.021571698,0.998865485,ros2_odometer_state
M19C_S1_lab_hard_floor_B2_U020_R2,784.919612066,5.257182933,command,0.200000,-5.002158165,-0.155060172,0.998897135,0.039465763,-0.021566574,0.998864293,ros2_odometer_state
M19C_S1_lab_hard_floor_B2_U020_R2,784.921226881,5.258797748,command,0.200000,-5.002158165,-0.155060172,0.998897135,0.039465588,-0.021563811,0.998855293,ros2_odometer_state
M19C_S1_lab_hard_floor_B2_U020_R2,784.923602173,5.261173040,command,0.200000,-5.002158165,-0.155060172,0.998855293,0.039467368,-0.021567766,0.998844802,ros2_odometer_state
M19C_S1_lab_hard_floor_B2_U020_R2,784.925241789,5.262812656,command,0.200000,-5.002158165,-0.155060172,0.998855293,0.039465677,-0.021564055,0.998833060,ros2_odometer_state
M19C_S1_lab_hard_floor_B2_U020_R2,784.927280556,5.264851423,command,0.200000,-5.002158165,-0.155060172,0.998855293,0.039462749,-0.021563539,0.998826981,ros2_odometer_state
M19C_S1_lab_hard_floor_B2_U020_R2,784.930166972,5.267737839,command,0.200000,-5.002158165,-0.155060172,0.998855293,0.039453726,-0.021565108,0.998819947,ros2_odometer_state
M19C_S1_lab_hard_floor_B2_U020_R2,784.930481897,5.268052764,command,0.200000,-5.002158165,-0.155060172,0.998855293,0.039453726,-0.021565108,0.998819947,ros2_odometer_state
M19C_S1_lab_hard_floor_B2_U020_R2,784.933287734,5.270858601,command,0.200000,-5.002158165,-0.155060172,0.998855293,0.039446920,-0.021564219,0.998808265,ros2_odometer_state
M19C_S1_lab_hard_floor_B2_U020_R2,784.935383527,5.272954394,command,0.200000,-5.002158165,-0.155060172,0.998855293,0.039441947,-0.021559054,0.998800337,ros2_odometer_state
M19C_S1_lab_hard_floor_B2_U020_R2,784.937178829,5.274749696,command,0.200000,-5.002158165,-0.155060172,0.998855293,0.039435949,-0.021550139,0.998792708,ros2_odometer_state
M19C_S1_lab_hard_floor_B2_U020_R2,784.939072822,5.276643689,command,0.200000,-5.002158165,-0.155060172,0.998855293,0.039434265,-0.021547463,0.998792291,ros2_odometer_state
M19C_S1_lab_hard_floor_B2_U020_R2,784.940423115,5.277993982,command,0.200000,-5.002158165,-0.155060172,0.998855293,0.039434265,-0.021547463,0.998792291,ros2_odometer_state
M19C_S1_lab_hard_floor_B2_U020_R2,784.943174870,5.280745737,command,0.200000,-5.002158165,-0.155060172,0.998783588,0.039432164,-0.021536291,0.998780072,ros2_odometer_state
M19C_S1_lab_hard_floor_B2_U020_R2,784.945446414,5.283017281,command,0.200000,-5.002158165,-0.155060172,0.998783588,0.039436202,-0.021533925,0.998772979,ros2_odometer_state
M19C_S1_lab_hard_floor_B2_U020_R2,784.947078925,5.284649792,command,0.200000,-5.002158165,-0.155060172,0.998783588,0.039435282,-0.021526560,0.998774707,ros2_odometer_state
M19C_S1_lab_hard_floor_B2_U020_R2,784.949089148,5.286660015,command,0.200000,-5.002158165,-0.155060172,0.998783588,0.039435282,-0.021526560,0.998774707,ros2_odometer_state
M19C_S1_lab_hard_floor_B2_U020_R2,784.950479218,5.288050085,command,0.200000,-5.002158165,-0.155060172,0.998783588,0.039432269,-0.021518277,0.998779714,ros2_odometer_state
M19C_S1_lab_hard_floor_B2_U020_R2,784.954765240,5.292336107,command,0.200000,-5.002158165,-0.155060172,0.998783588,0.039434586,-0.021497075,0.998784840,ros2_odometer_state
M19C_S1_lab_hard_floor_B2_U020_R2,784.955623737,5.293194604,command,0.200000,-5.002158165,-0.155060172,0.998783588,0.039435167,-0.021488873,0.998791337,ros2_odometer_state
M19C_S1_lab_hard_floor_B2_U020_R2,784.957302587,5.294873454,command,0.200000,-5.002158165,-0.155060172,0.998783588,0.039436251,-0.021482307,0.998798490,ros2_odometer_state
M19C_S1_lab_hard_floor_B2_U020_R2,784.958427398,5.295998265,command,0.200000,-5.002158165,-0.155060172,0.998783588,0.039436251,-0.021482307,0.998798490,ros2_odometer_state
M19C_S1_lab_hard_floor_B2_U020_R2,784.960473046,5.298043913,command,0.200000,-5.002158165,-0.155060172,0.998783588,0.039426047,-0.021479027,0.998805046,ros2_odometer_state
M19C_S1_lab_hard_floor_B2_U020_R2,784.962485892,5.300056759,command,0.200000,-5.002158165,-0.155060172,0.998809159,0.039420821,-0.021472001,0.998809159,ros2_odometer_state
M19C_S1_lab_hard_floor_B2_U020_R2,784.965188045,5.302758912,command,0.200000,-5.002158165,-0.155060172,0.998809159,0.039421070,-0.021454439,0.998821616,ros2_odometer_state
M19C_S1_lab_hard_floor_B2_U020_R2,784.967623820,5.305194687,command,0.200000,-5.002158165,-0.155060172,0.998809159,0.039426338,-0.021445170,0.998833120,ros2_odometer_state
M19C_S1_lab_hard_floor_B2_U020_R2,784.969881059,5.307451926,command,0.200000,-5.002158165,-0.155060172,0.998809159,0.039427042,-0.021432104,0.998855889,ros2_odometer_state
M19C_S1_lab_hard_floor_B2_U020_R2,784.970462138,5.308033005,command,0.200000,-5.002158165,-0.155060172,0.998809159,0.039427042,-0.021432104,0.998855889,ros2_odometer_state
M19C_S1_lab_hard_floor_B2_U020_R2,784.972505737,5.310076604,command,0.200000,-5.002158165,-0.155060172,0.998809159,0.039430387,-0.021418465,0.998871684,ros2_odometer_state
M19C_S1_lab_hard_floor_B2_U020_R2,784.974546745,5.312117612,command,0.200000,-5.002158165,-0.155060172,0.998809159,0.039434612,-0.021411432,0.998891830,ros2_odometer_state
M19C_S1_lab_hard_floor_B2_U020_R2,784.976446402,5.314017269,command,0.200000,-5.002158165,-0.155060172,0.998809159,0.039440203,-0.021406775,0.998910427,ros2_odometer_state
M19C_S1_lab_hard_floor_B2_U020_R2,784.979208398,5.316779265,command,0.200000,-5.002158165,-0.155060172,0.998809159,0.039434418,-0.021383742,0.998934329,ros2_odometer_state
M19C_S1_lab_hard_floor_B2_U020_R2,784.980507776,5.318078643,command,0.200000,-5.002158165,-0.155060172,0.998809159,0.039434418,-0.021383742,0.998934329,ros2_odometer_state
M19C_S1_lab_hard_floor_B2_U020_R2,784.984199376,5.321770243,command,0.200000,-5.002158165,-0.155060172,0.998947322,0.039426155,-0.021358464,0.998959661,ros2_odometer_state
M19C_S1_lab_hard_floor_B2_U020_R2,784.984529020,5.322099887,command,0.200000,-5.002158165,-0.155060172,0.998947322,0.039426155,-0.021358464,0.998959661,ros2_odometer_state
M19C_S1_lab_hard_floor_B2_U020_R2,784.986728466,5.324299333,command,0.200000,-5.002158165,-0.155060172,0.998947322,0.039424334,-0.021343689,0.998969316,ros2_odometer_state
M19C_S1_lab_hard_floor_B2_U020_R2,784.990097717,5.327668584,command,0.200000,-5.002158165,-0.155060172,0.998947322,0.039421547,-0.021322759,0.999000609,ros2_odometer_state
M19C_S1_lab_hard_floor_B2_U020_R2,784.990512037,5.328082904,command,0.200000,-5.002158165,-0.155060172,0.998947322,0.039421547,-0.021322759,0.999000609,ros2_odometer_state
M19C_S1_lab_hard_floor_B2_U020_R2,784.993381940,5.330952807,command,0.200000,-5.002158165,-0.155060172,0.998947322,0.039416634,-0.021303616,0.999036133,ros2_odometer_state
M19C_S1_lab_hard_floor_B2_U020_R2,784.995133080,5.332703947,command,0.200000,-5.002158165,-0.155060172,0.998947322,0.039416116,-0.021291263,0.999045730,ros2_odometer_state
M19C_S1_lab_hard_floor_B2_U020_R2,784.996527983,5.334098850,command,0.200000,-5.002158165,-0.155060172,0.998947322,0.039416116,-0.021291263,0.999045730,ros2_odometer_state
M19C_S1_lab_hard_floor_B2_U020_R2,784.999171189,5.336742056,command,0.200000,-5.002158165,-0.155060172,0.998947322,0.039417230,-0.021278607,0.999061763,ros2_odometer_state
M19C_S1_lab_hard_floor_B2_U020_R2,785.001491567,5.339062434,command,0.200000,-5.002158165,-0.155060172,0.998947322,0.039416119,-0.021265576,0.999074280,ros2_odometer_state
M19C_S1_lab_hard_floor_B2_U020_R2,785.002575098,5.340145965,command,0.200000,-5.002158165,-0.155060172,0.999074280,0.039416119,-0.021265576,0.999074280,ros2_odometer_state
M19C_S1_lab_hard_floor_B2_U020_R2,785.004534470,5.342105337,command,0.200000,-5.002158165,-0.155060172,0.999074280,0.039416295,-0.021249518,0.999084592,ros2_odometer_state
M19C_S1_lab_hard_floor_B2_U020_R2,785.007199597,5.344770464,command,0.200000,-5.002158165,-0.155060172,0.999074280,0.039417222,-0.021217322,0.999103189,ros2_odometer_state
M19C_S1_lab_hard_floor_B2_U020_R2,785.009961593,5.347532460,command,0.200000,-5.002158165,-0.155060172,0.999074280,0.039425641,-0.021204818,0.999109864,ros2_odometer_state
M19C_S1_lab_hard_floor_B2_U020_R2,785.010568208,5.348139075,command,0.200000,-5.002158165,-0.155060172,0.999074280,0.039425641,-0.021204818,0.999109864,ros2_odometer_state
M19C_S1_lab_hard_floor_B2_U020_R2,785.012586527,5.350157394,command,0.200000,-5.002158165,-0.155060172,0.999074280,0.039425675,-0.021189028,0.999120235,ros2_odometer_state
M19C_S1_lab_hard_floor_B2_U020_R2,785.014522378,5.352093245,command,0.200000,-5.002158165,-0.155060172,0.999074280,0.039422523,-0.021173622,0.999134302,ros2_odometer_state
M19C_S1_lab_hard_floor_B2_U020_R2,785.016539000,5.354109867,command,0.200000,-5.002158165,-0.155060172,0.999074280,0.039415989,-0.021159178,0.999140263,ros2_odometer_state
M19C_S1_lab_hard_floor_B2_U020_R2,785.018587624,5.356158491,command,0.200000,-5.002158165,-0.155060172,0.999074280,0.039411280,-0.021147722,0.999146879,ros2_odometer_state
M19C_S1_lab_hard_floor_B2_U020_R2,785.021435542,5.359006409,command,0.200000,-5.002158165,-0.155060172,0.999074280,0.039434522,-0.021121228,0.999170661,ros2_odometer_state
M19C_S1_lab_hard_floor_B2_U020_R2,785.024733270,5.362304137,command,0.200000,-5.002158165,-0.155060172,0.999170661,0.039443590,-0.021110209,0.999172747,ros2_odometer_state
M19C_S1_lab_hard_floor_B2_U020_R2,785.026085163,5.363656030,command,0.200000,-5.002158165,-0.155060172,0.999170661,0.039447170,-0.021098759,0.999166071,ros2_odometer_state
M19C_S1_lab_hard_floor_B2_U020_R2,785.026504187,5.364075054,command,0.200000,-5.002158165,-0.155060172,0.999170661,0.039447170,-0.021098759,0.999166071,ros2_odometer_state
M19C_S1_lab_hard_floor_B2_U020_R2,785.029194116,5.366764983,command,0.200000,-5.002158165,-0.155060172,0.999170661,0.039448548,-0.021082953,0.999164224,ros2_odometer_state
M19C_S1_lab_hard_floor_B2_U020_R2,785.030631196,5.368202063,command,0.200000,-5.002158165,-0.155060172,0.999170661,0.039452307,-0.021071162,0.999170065,ros2_odometer_state
M19C_S1_lab_hard_floor_B2_U020_R2,785.032798960,5.370369827,command,0.200000,-5.002158165,-0.155060172,0.999170661,0.039458990,-0.021055186,0.999180794,ros2_odometer_state
M19C_S1_lab_hard_floor_B2_U020_R2,785.035408501,5.372979368,command,0.200000,-5.002158165,-0.155060172,0.999170661,0.039472468,-0.021020703,0.999182343,ros2_odometer_state
M19C_S1_lab_hard_floor_B2_U020_R2,785.037395842,5.374966709,command,0.200000,-5.002158165,-0.155060172,0.999170661,0.039468236,-0.021003047,0.999181867,ros2_odometer_state
M19C_S1_lab_hard_floor_B2_U020_R2,785.039337230,5.376908097,command,0.200000,-5.002158165,-0.155060172,0.999170661,0.039461751,-0.020979835,0.999190152,ros2_odometer_state
M19C_S1_lab_hard_floor_B2_U020_R2,785.040667905,5.378238772,command,0.200000,-5.002158165,-0.155060172,0.999170661,0.039461751,-0.020979835,0.999190152,ros2_odometer_state
M19C_S1_lab_hard_floor_B2_U020_R2,785.043413548,5.380984415,command,0.200000,-5.002158165,-0.155060172,0.999200463,0.039455969,-0.020946341,0.999202192,ros2_odometer_state
M19C_S1_lab_hard_floor_B2_U020_R2,785.045531550,5.383102417,command,0.200000,-5.002158165,-0.155060172,0.999200463,0.039453097,-0.020927336,0.999201238,ros2_odometer_state
M19C_S1_lab_hard_floor_B2_U020_R2,785.046634217,5.384205084,command,0.200000,-5.002158165,-0.155060172,0.999200463,0.039453097,-0.020927336,0.999201238,ros2_odometer_state
M19C_S1_lab_hard_floor_B2_U020_R2,785.050135217,5.387706084,command,0.200000,-5.002158165,-0.155060172,0.999200463,0.039466370,-0.020896247,0.999210298,ros2_odometer_state
M19C_S1_lab_hard_floor_B2_U020_R2,785.050744713,5.388315580,command,0.200000,-5.002158165,-0.155060172,0.999200463,0.039466370,-0.020896247,0.999210298,ros2_odometer_state
M19C_S1_lab_hard_floor_B2_U020_R2,785.053398384,5.390969251,command,0.200000,-5.002158165,-0.155060172,0.999200463,0.039460085,-0.020851735,0.999201477,ros2_odometer_state
M19C_S1_lab_hard_floor_B2_U020_R2,785.055930610,5.393501477,command,0.200000,-5.002158165,-0.155060172,0.999200463,0.039455988,-0.020833019,0.999207199,ros2_odometer_state
M19C_S1_lab_hard_floor_B2_U020_R2,785.057412012,5.394982879,command,0.200000,-5.002158165,-0.155060172,0.999200463,0.039457105,-0.020819321,0.999216259,ros2_odometer_state
M19C_S1_lab_hard_floor_B2_U020_R2,785.059374424,5.396945291,command,0.200000,-5.002158165,-0.155060172,0.999200463,0.039462369,-0.020801080,0.999218345,ros2_odometer_state
M19C_S1_lab_hard_floor_B2_U020_R2,785.061400551,5.398971418,command,0.200000,-5.002158165,-0.155060172,0.999200463,0.039473269,-0.020786017,0.999219179,ros2_odometer_state
M19C_S1_lab_hard_floor_B2_U020_R2,785.063423798,5.400994665,command,0.200000,-5.002158165,-0.155060172,0.999219179,0.039476097,-0.020774039,0.999227226,ros2_odometer_state
M19C_S1_lab_hard_floor_B2_U020_R2,785.065488230,5.403059097,command,0.200000,-5.002158165,-0.155060172,0.999219179,0.039472230,-0.020761982,0.999232233,ros2_odometer_state
M19C_S1_lab_hard_floor_B2_U020_R2,785.067411024,5.404981891,command,0.200000,-5.002158165,-0.155060172,0.999219179,0.039472647,-0.020751743,0.999235094,ros2_odometer_state
M19C_S1_lab_hard_floor_B2_U020_R2,785.069307482,5.406878349,command,0.200000,-5.002158165,-0.155060172,0.999219179,0.039472647,-0.020751743,0.999235094,ros2_odometer_state
M19C_S1_lab_hard_floor_B2_U020_R2,785.071680726,5.409251593,command,0.200000,-5.002158165,-0.155060172,0.999219179,0.039474167,-0.020729097,0.999238253,ros2_odometer_state
M19C_S1_lab_hard_floor_B2_U020_R2,785.073552095,5.411122962,command,0.200000,-5.002158165,-0.155060172,0.999219179,0.039479077,-0.020714900,0.999241769,ros2_odometer_state
M19C_S1_lab_hard_floor_B2_U020_R2,785.074702380,5.412273247,command,0.200000,-5.002158165,-0.155060172,0.999219179,0.039479077,-0.020714900,0.999241769,ros2_odometer_state
M19C_S1_lab_hard_floor_B2_U020_R2,785.077846886,5.415417753,command,0.200000,-5.002158165,-0.155060172,0.999219179,0.039486218,-0.020678636,0.999258041,ros2_odometer_state
M19C_S1_lab_hard_floor_B2_U020_R2,785.079641292,5.417212159,command,0.200000,-5.002158165,-0.155060172,0.999219179,0.039484762,-0.020667817,0.999261677,ros2_odometer_state
M19C_S1_lab_hard_floor_B2_U020_R2,785.080850459,5.418421326,command,0.200000,-5.002158165,-0.155060172,0.999219179,0.039484762,-0.020667817,0.999261677,ros2_odometer_state
M19C_S1_lab_hard_floor_B2_U020_R2,785.083614566,5.421185433,command,0.200000,-5.002158165,-0.155060172,0.999263763,0.039483387,-0.020647358,0.999264359,ros2_odometer_state
M19C_S1_lab_hard_floor_B2_U020_R2,785.085458990,5.423029857,command,0.200000,-5.002158165,-0.155060172,0.999263763,0.039482608,-0.020644203,0.999270320,ros2_odometer_state
M19C_S1_lab_hard_floor_B2_U020_R2,785.087429818,5.425000685,command,0.200000,-5.002158165,-0.155060172,0.999263763,0.039484460,-0.020639289,0.999278247,ros2_odometer_state
M19C_S1_lab_hard_floor_B2_U020_R2,785.090055392,5.427626259,command,0.200000,-5.002158165,-0.155060172,0.999263763,0.039478626,-0.020622803,0.999284267,ros2_odometer_state
M19C_S1_lab_hard_floor_B2_U020_R2,785.091465783,5.429036650,command,0.200000,-5.002158165,-0.155060172,0.999263763,0.039468970,-0.020600839,0.999290109,ros2_odometer_state
M19C_S1_lab_hard_floor_B2_U020_R2,785.093496390,5.431067257,command,0.200000,-5.002158165,-0.155060172,0.999263763,0.039470736,-0.020579481,0.999301553,ros2_odometer_state
M19C_S1_lab_hard_floor_B2_U020_R2,785.095445938,5.433016805,command,0.200000,-5.002158165,-0.155060172,0.999263763,0.039474618,-0.020560365,0.999308705,ros2_odometer_state
M19C_S1_lab_hard_floor_B2_U020_R2,785.097439199,5.435010066,command,0.200000,-5.002158165,-0.155060172,0.999263763,0.039482620,-0.020544698,0.999319971,ros2_odometer_state
M19C_S1_lab_hard_floor_B2_U020_R2,785.098736210,5.436307077,command,0.200000,-5.002158165,-0.155060172,0.999263763,0.039482620,-0.020544698,0.999319971,ros2_odometer_state
M19C_S1_lab_hard_floor_B2_U020_R2,785.101481852,5.439052719,command,0.200000,-5.002158165,-0.155060172,0.999263763,0.039485667,-0.020512251,0.999345601,ros2_odometer_state
M19C_S1_lab_hard_floor_B2_U020_R2,785.103505707,5.441076574,command,0.200000,-5.002158165,-0.155060172,0.999345601,0.039484657,-0.020497495,0.999360979,ros2_odometer_state
M19C_S1_lab_hard_floor_B2_U020_R2,785.105512921,5.443083788,command,0.200000,-5.002158165,-0.155060172,0.999345601,0.039495103,-0.020482574,0.999370694,ros2_odometer_state
M19C_S1_lab_hard_floor_B2_U020_R2,785.107468581,5.445039448,command,0.200000,-5.002158165,-0.155060172,0.999345601,0.039507780,-0.020464540,0.999376059,ros2_odometer_state
M19C_S1_lab_hard_floor_B2_U020_R2,785.110136076,5.447706943,command,0.200000,-5.002158165,-0.155060172,0.999345601,0.039514385,-0.020449385,0.999384999,ros2_odometer_state
M19C_S1_lab_hard_floor_B2_U020_R2,785.111583141,5.449154008,command,0.200000,-5.002158165,-0.155060172,0.999345601,0.039510690,-0.020433586,0.999395728,ros2_odometer_state
M19C_S1_lab_hard_floor_B2_U020_R2,785.113682870,5.451253737,command,0.200000,-5.002158165,-0.155060172,0.999345601,0.039509654,-0.020420184,0.999408126,ros2_odometer_state
M19C_S1_lab_hard_floor_B2_U020_R2,785.114880261,5.452451128,command,0.200000,-5.002158165,-0.155060172,0.999345601,0.039509654,-0.020420184,0.999408126,ros2_odometer_state
M19C_S1_lab_hard_floor_B2_U020_R2,785.117594638,5.455165505,command,0.200000,-5.002158165,-0.155060172,0.999345601,0.039512597,-0.020399021,0.999427736,ros2_odometer_state
M19C_S1_lab_hard_floor_B2_U020_R2,785.119509721,5.457080588,command,0.200000,-5.002158165,-0.155060172,0.999345601,0.039508995,-0.020387758,0.999441028,ros2_odometer_state
M19C_S1_lab_hard_floor_B2_U020_R2,785.121550792,5.459121659,command,0.200000,-5.002158165,-0.155060172,0.999345601,0.039508309,-0.020375235,0.999458611,ros2_odometer_state
M19C_S1_lab_hard_floor_B2_U020_R2,785.122887804,5.460458671,command,0.200000,-5.002158165,-0.155060172,0.999458611,0.039508309,-0.020375235,0.999458611,ros2_odometer_state
M19C_S1_lab_hard_floor_B2_U020_R2,785.125543907,5.463114774,command,0.200000,-5.002158165,-0.155060172,0.999458611,0.039512675,-0.020344459,0.999475241,ros2_odometer_state
M19C_S1_lab_hard_floor_B2_U020_R2,785.127660533,5.465231400,command,0.200000,-5.002158165,-0.155060172,0.999458611,0.039514795,-0.020331414,0.999486744,ros2_odometer_state
M19C_S1_lab_hard_floor_B2_U020_R2,785.129632162,5.467203029,command,0.200000,-5.002158165,-0.155060172,0.999458611,0.039514795,-0.020331414,0.999486744,ros2_odometer_state
M19C_S1_lab_hard_floor_B2_U020_R2,785.130977846,5.468548713,command,0.200000,-5.002158165,-0.155060172,0.999458611,0.039516911,-0.020315493,0.999499023,ros2_odometer_state
M19C_S1_lab_hard_floor_B2_U020_R2,785.133555930,5.471126797,command,0.200000,-5.002158165,-0.155060172,0.999458611,0.039502092,-0.020298909,0.999511123,ros2_odometer_state
M19C_S1_lab_hard_floor_B2_U020_R2,785.135556136,5.473127003,command,0.200000,-5.002158165,-0.155060172,0.999458611,0.039502412,-0.020290170,0.999517620,ros2_odometer_state
M19C_S1_lab_hard_floor_B2_U020_R2,785.137552278,5.475123145,command,0.200000,-5.002158165,-0.155060172,0.999458611,0.039509177,-0.020272998,0.999525487,ros2_odometer_state
M19C_S1_lab_hard_floor_B2_U020_R2,785.139575076,5.477145943,command,0.200000,-5.002158165,-0.155060172,0.999458611,0.039518550,-0.020260260,0.999534607,ros2_odometer_state
M19C_S1_lab_hard_floor_B2_U020_R2,785.141592434,5.479163301,command,0.200000,-5.002158165,-0.155060172,0.999458611,0.039528668,-0.020254361,0.999542654,ros2_odometer_state
M19C_S1_lab_hard_floor_B2_U020_R2,785.143623425,5.481194292,command,0.200000,-5.002158165,-0.155060172,0.999542654,0.039526522,-0.020245999,0.999548733,ros2_odometer_state
M19C_S1_lab_hard_floor_B2_U020_R2,785.145567629,5.483138496,command,0.200000,-5.002158165,-0.155060172,0.999542654,0.039523296,-0.020236369,0.999559879,ros2_odometer_state
M19C_S1_lab_hard_floor_B2_U020_R2,785.147608124,5.485178991,command,0.200000,-5.002158165,-0.155060172,0.999542654,0.039523311,-0.020224579,0.999569952,ros2_odometer_state
M19C_S1_lab_hard_floor_B2_U020_R2,785.149519174,5.487090041,command,0.200000,-5.002158165,-0.155060172,0.999542654,0.039523311,-0.020224579,0.999569952,ros2_odometer_state
M19C_S1_lab_hard_floor_B2_U020_R2,785.151641273,5.489212140,command,0.200000,-5.002158165,-0.155060172,0.999542654,0.039522648,-0.020213457,0.999578416,ros2_odometer_state
M19C_S1_lab_hard_floor_B2_U020_R2,785.153731338,5.491302205,command,0.200000,-5.002158165,-0.155060172,0.999542654,0.039523456,-0.020203557,0.999581277,ros2_odometer_state
M19C_S1_lab_hard_floor_B2_U020_R2,785.155567857,5.493138724,command,0.200000,-5.002158165,-0.155060172,0.999542654,0.039526924,-0.020197578,0.999588907,ros2_odometer_state
M19C_S1_lab_hard_floor_B2_U020_R2,785.157580544,5.495151411,command,0.200000,-5.002158165,-0.155060172,0.999542654,0.039525449,-0.020190269,0.999591947,ros2_odometer_state
M19C_S1_lab_hard_floor_B2_U020_R2,785.159576493,5.497147360,command,0.200000,-5.002158165,-0.155060172,0.999542654,0.039525449,-0.020190269,0.999591947,ros2_odometer_state
M19C_S1_lab_hard_floor_B2_U020_R2,785.161647454,5.499218321,command,0.200000,-5.002158165,-0.155060172,0.999542654,0.039514795,-0.020176385,0.999600530,ros2_odometer_state
M19C_S1_lab_hard_floor_B2_U020_R2,785.163715694,5.501286561,command,0.200000,-5.002158165,-0.155060172,0.999600530,0.039517242,-0.020170609,0.999599397,ros2_odometer_state
M19C_S1_lab_hard_floor_B2_U020_R2,785.165682938,5.503253805,command,0.200000,-5.002158165,-0.155060172,0.999600530,0.039516106,-0.020156853,0.999601722,ros2_odometer_state
M19C_S1_lab_hard_floor_B2_U020_R2,785.167622854,5.505193721,command,0.200000,-5.002158165,-0.155060172,0.999600530,0.039517608,-0.020144239,0.999605060,ros2_odometer_state
M19C_S1_lab_hard_floor_B2_U020_R2,785.169522256,5.507093123,command,0.200000,-5.002158165,-0.155060172,0.999600530,0.039517608,-0.020144239,0.999605060,ros2_odometer_state
M19C_S1_lab_hard_floor_B2_U020_R2,785.170905541,5.508476408,command,0.200000,-5.002158165,-0.155060172,0.999600530,0.039517608,-0.020144239,0.999605060,ros2_odometer_state
M19C_S1_lab_hard_floor_B2_U020_R2,785.172913203,5.510484070,command,0.200000,-5.002158165,-0.155060172,0.999600530,0.039506562,-0.020121560,0.999598503,ros2_odometer_state
M19C_S1_lab_hard_floor_B2_U020_R2,785.174859935,5.512430802,command,0.200000,-5.002158165,-0.155060172,0.999600530,0.039506562,-0.020121560,0.999598503,ros2_odometer_state
M19C_S1_lab_hard_floor_B2_U020_R2,785.177635307,5.515206174,command,0.200000,-5.002158165,-0.155060172,0.999600530,0.039511479,-0.020082325,0.999600887,ros2_odometer_state
M19C_S1_lab_hard_floor_B2_U020_R2,785.179611864,5.517182731,command,0.200000,-5.002158165,-0.155060172,0.999600530,0.039509915,-0.020065453,0.999599576,ros2_odometer_state
M19C_S1_lab_hard_floor_B2_U020_R2,785.183574962,5.521145829,command,0.200000,-5.002158165,-0.155060172,0.999600530,0.039509915,-0.020065453,0.999599576,ros2_odometer_state
M19C_S1_lab_hard_floor_B2_U020_R2,785.184898021,5.522468888,command,0.200000,-5.002158165,-0.155060172,0.999599576,0.039506488,-0.020055518,0.999598384,ros2_odometer_state
M19C_S1_lab_hard_floor_B2_U020_R2,785.185228754,5.522799621,command,0.200000,-5.002158165,-0.155060172,0.999599576,0.039506488,-0.020055518,0.999598384,ros2_odometer_state
M19C_S1_lab_hard_floor_B2_U020_R2,785.187739315,5.525310182,command,0.200000,-5.002158165,-0.155060172,0.999599576,0.039509475,-0.020032344,0.999590456,ros2_odometer_state
M19C_S1_lab_hard_floor_B2_U020_R2,785.190307255,5.527878122,command,0.200000,-5.002158165,-0.155060172,0.999599576,0.039512772,-0.020028280,0.999593318,ros2_odometer_state
M19C_S1_lab_hard_floor_B2_U020_R2,785.191714574,5.529285441,command,0.200000,-5.002158165,-0.155060172,0.999599576,0.039514497,-0.020023210,0.999597192,ros2_odometer_state
M19C_S1_lab_hard_floor_B2_U020_R2,785.193856929,5.531427796,command,0.200000,-5.002158165,-0.155060172,0.999599576,0.039512638,-0.020020600,0.999591947,ros2_odometer_state
M19C_S1_lab_hard_floor_B2_U020_R2,785.195672456,5.533243323,command,0.200000,-5.002158165,-0.155060172,0.999599576,0.039505970,-0.020017168,0.999587059,ros2_odometer_state
M19C_S1_lab_hard_floor_B2_U020_R2,785.197736600,5.535307467,command,0.200000,-5.002158165,-0.155060172,0.999599576,0.039495554,-0.020011974,0.999580920,ros2_odometer_state
M19C_S1_lab_hard_floor_B2_U020_R2,785.199673795,5.537244662,command,0.200000,-5.002158165,-0.155060172,0.999599576,0.039484598,-0.020007778,0.999577880,ros2_odometer_state
M19C_S1_lab_hard_floor_B2_U020_R2,785.201686865,5.539257732,command,0.200000,-5.002158165,-0.155060172,0.999599576,0.039477304,-0.020002615,0.999570549,ros2_odometer_state
M19C_S1_lab_hard_floor_B2_U020_R2,785.203896295,5.541467162,command,0.200000,-5.002158165,-0.155060172,0.999570549,0.039475124,-0.020000095,0.999567270,ros2_odometer_state
M19C_S1_lab_hard_floor_B2_U020_R2,785.205671916,5.543242783,command,0.200000,-5.002158165,-0.155060172,0.999570549,0.039470531,-0.019992877,0.999567091,ros2_odometer_state
M19C_S1_lab_hard_floor_B2_U020_R2,785.207658585,5.545229452,command,0.200000,-5.002158165,-0.155060172,0.999570549,0.039473008,-0.019993031,0.999566555,ros2_odometer_state
M19C_S1_lab_hard_floor_B2_U020_R2,785.210285343,5.547856210,command,0.200000,-5.002158165,-0.155060172,0.999570549,0.039476935,-0.019994808,0.999562502,ros2_odometer_state
M19C_S1_lab_hard_floor_B2_U020_R2,785.211026652,5.548597519,command,0.200000,-5.002158165,-0.155060172,0.999570549,0.039476935,-0.019994808,0.999562502,ros2_odometer_state
M19C_S1_lab_hard_floor_B2_U020_R2,785.213755718,5.551326585,command,0.200000,-5.002158165,-0.155060172,0.999570549,0.039481904,-0.020000890,0.999567211,ros2_odometer_state
M19C_S1_lab_hard_floor_B2_U020_R2,785.215819414,5.553390281,command,0.200000,-5.002158165,-0.155060172,0.999570549,0.039483279,-0.020001123,0.999570847,ros2_odometer_state
M19C_S1_lab_hard_floor_B2_U020_R2,785.217801859,5.555372726,command,0.200000,-5.002158165,-0.155060172,0.999570549,0.039478309,-0.019998472,0.999570847,ros2_odometer_state
M19C_S1_lab_hard_floor_B2_U020_R2,785.219737903,5.557308770,command,0.200000,-5.002158165,-0.155060172,0.999570549,0.039479397,-0.019997977,0.999576032,ros2_odometer_state
M19C_S1_lab_hard_floor_B2_U020_R2,785.221723900,5.559294767,command,0.200000,-5.002158165,-0.155060172,0.999570549,0.039481673,-0.019995069,0.999580801,ros2_odometer_state
M19C_S1_lab_hard_floor_B2_U020_R2,785.223740234,5.561311101,command,0.200000,-5.002158165,-0.155060172,0.999580801,0.039472941,-0.019995170,0.999583542,ros2_odometer_state
M19C_S1_lab_hard_floor_B2_U020_R2,785.225706262,5.563277129,command,0.200000,-5.002158165,-0.155060172,0.999580801,0.039467089,-0.020001965,0.999586046,ros2_odometer_state
M19C_S1_lab_hard_floor_B2_U020_R2,785.227686019,5.565256886,command,0.200000,-5.002158165,-0.155060172,0.999580801,0.039466660,-0.020005573,0.999588192,ros2_odometer_state
M19C_S1_lab_hard_floor_B2_U020_R2,785.230331690,5.567902557,command,0.200000,-5.002158165,-0.155060172,0.999580801,0.039467599,-0.020001132,0.999589205,ros2_odometer_state
M19C_S1_lab_hard_floor_B2_U020_R2,785.231052486,5.568623353,command,0.200000,-5.002158165,-0.155060172,0.999580801,0.039467599,-0.020001132,0.999589205,ros2_odometer_state
M19C_S1_lab_hard_floor_B2_U020_R2,785.234096572,5.571667439,command,0.200000,-5.002158165,-0.155060172,0.999580801,0.039469562,-0.019998176,0.999590814,ros2_odometer_state
M19C_S1_lab_hard_floor_B2_U020_R2,785.235789406,5.573360273,command,0.200000,-5.002158165,-0.155060172,0.999580801,0.039470430,-0.020000190,0.999592483,ros2_odometer_state
M19C_S1_lab_hard_floor_B2_U020_R2,785.237773387,5.575344254,command,0.200000,-5.002158165,-0.155060172,0.999580801,0.039468788,-0.019998457,0.999590456,ros2_odometer_state
M19C_S1_lab_hard_floor_B2_U020_R2,785.239761880,5.577332747,command,0.200000,-5.002158165,-0.155060172,0.999580801,0.039463613,-0.020003926,0.999586940,ros2_odometer_state
M19C_S1_lab_hard_floor_B2_U020_R2,785.241818920,5.579389787,command,0.200000,-5.002158165,-0.155060172,0.999580801,0.039452508,-0.020005496,0.999582827,ros2_odometer_state
M19C_S1_lab_hard_floor_B2_U020_R2,785.243788469,5.581359336,command,0.200000,-5.002158165,-0.155060172,0.999582827,0.039446786,-0.020004403,0.999582291,ros2_odometer_state
M19C_S1_lab_hard_floor_B2_U020_R2,785.246501470,5.584072337,command,0.200000,-5.002158165,-0.155060172,0.999582827,0.039449807,-0.020009805,0.999581635,ros2_odometer_state
M19C_S1_lab_hard_floor_B2_U020_R2,785.247466404,5.585037271,command,0.200000,-5.002158165,-0.155060172,0.999582827,0.039449807,-0.020009805,0.999581635,ros2_odometer_state
M19C_S1_lab_hard_floor_B2_U020_R2,785.249715611,5.587286478,command,0.200000,-5.002158165,-0.155060172,0.999582827,0.039454948,-0.020010585,0.999585271,ros2_odometer_state
M19C_S1_lab_hard_floor_B2_U020_R2,785.251314201,5.588885068,command,0.200000,-5.002158165,-0.155060172,0.999582827,0.039463464,-0.020009652,0.999591172,ros2_odometer_state
M19C_S1_lab_hard_floor_B2_U020_R2,785.253244900,5.590815767,command,0.200000,-5.002158165,-0.155060172,0.999582827,0.039475374,-0.020007478,0.999594569,ros2_odometer_state
M19C_S1_lab_hard_floor_B2_U020_R2,785.255232209,5.592803076,command,0.200000,-5.002158165,-0.155060172,0.999582827,0.039479192,-0.020007385,0.999596536,ros2_odometer_state
M19C_S1_lab_hard_floor_B2_U020_R2,785.257208926,5.594779793,command,0.200000,-5.002158165,-0.155060172,0.999582827,0.039471582,-0.020005556,0.999597788,ros2_odometer_state
M19C_S1_lab_hard_floor_B2_U020_R2,785.259059590,5.596630457,command,0.200000,-5.002158165,-0.155060172,0.999582827,0.039463721,-0.020003641,0.999603808,ros2_odometer_state
M19C_S1_lab_hard_floor_B2_U020_R2,785.261070100,5.598640967,command,0.200000,-5.002158165,-0.155060172,0.999582827,0.039466158,-0.020002060,0.999608457,ros2_odometer_state
M19C_S1_lab_hard_floor_B2_U020_R2,785.263110212,5.600681079,command,0.200000,-5.002158165,-0.155060172,0.999609411,0.039467666,-0.020007897,0.999609411,ros2_odometer_state
M19C_S1_lab_hard_floor_B2_U020_R2,785.265128594,5.602699461,command,0.200000,-5.002158165,-0.155060172,0.999609411,0.039465491,-0.020017441,0.999612629,ros2_odometer_state
M19C_S1_lab_hard_floor_B2_U020_R2,785.267868284,5.605439151,command,0.200000,-5.002158165,-0.155060172,0.999609411,0.039455276,-0.020022918,0.999613523,ros2_odometer_state
M19C_S1_lab_hard_floor_B2_U020_R2,785.269674243,5.607245110,command,0.200000,-5.002158165,-0.155060172,0.999609411,0.039455276,-0.020022918,0.999613523,ros2_odometer_state
M19C_S1_lab_hard_floor_B2_U020_R2,785.271859735,5.609430602,command,0.200000,-5.002158165,-0.155060172,0.999609411,0.039455894,-0.020021025,0.999619186,ros2_odometer_state
M19C_S1_lab_hard_floor_B2_U020_R2,785.273867141,5.611438008,command,0.200000,-5.002158165,-0.155060172,0.999609411,0.039463211,-0.020022452,0.999618471,ros2_odometer_state
M19C_S1_lab_hard_floor_B2_U020_R2,785.275787088,5.613357955,command,0.200000,-5.002158165,-0.155060172,0.999609411,0.039470382,-0.020029405,0.999621630,ros2_odometer_state
M19C_S1_lab_hard_floor_B2_U020_R2,785.277074338,5.614645205,command,0.200000,-5.002158165,-0.155060172,0.999609411,0.039470382,-0.020029405,0.999621630,ros2_odometer_state
M19C_S1_lab_hard_floor_B2_U020_R2,785.279215829,5.616786696,command,0.200000,-5.002158165,-0.155060172,0.999609411,0.039464418,-0.020036353,0.999621451,ros2_odometer_state
M19C_S1_lab_hard_floor_B2_U020_R2,785.281106175,5.618677042,command,0.200000,-5.002158165,-0.155060172,0.999609411,0.039463524,-0.020039724,0.999618113,ros2_odometer_state
M19C_S1_lab_hard_floor_B2_U020_R2,785.283133389,5.620704256,command,0.200000,-5.002158165,-0.155060172,0.999611259,0.039461944,-0.020041725,0.999611259,ros2_odometer_state
M19C_S1_lab_hard_floor_B2_U020_R2,785.285955419,5.623526286,command,0.200000,-5.002158165,-0.155060172,0.999611259,0.039444331,-0.020063462,0.999602258,ros2_odometer_state
M19C_S1_lab_hard_floor_B2_U020_R2,785.287829252,5.625400119,command,0.200000,-5.002158165,-0.155060172,0.999611259,0.039443363,-0.020069188,0.999602973,ros2_odometer_state
M19C_S1_lab_hard_floor_B2_U020_R2,785.289770415,5.627341282,command,0.200000,-5.002158165,-0.155060172,0.999611259,0.039443363,-0.020069188,0.999602973,ros2_odometer_state
M19C_S1_lab_hard_floor_B2_U020_R2,785.291847808,5.629418675,command,0.200000,-5.002158165,-0.155060172,0.999611259,0.039448291,-0.020092309,0.999587417,ros2_odometer_state
M19C_S1_lab_hard_floor_B2_U020_R2,785.293124114,5.630694981,command,0.200000,-5.002158165,-0.155060172,0.999611259,0.039448291,-0.020092309,0.999587417,ros2_odometer_state
M19C_S1_lab_hard_floor_B2_U020_R2,785.295092990,5.632663857,command,0.200000,-5.002158165,-0.155060172,0.999611259,0.039450377,-0.020095333,0.999581695,ros2_odometer_state
M19C_S1_lab_hard_floor_B2_U020_R2,785.297857194,5.635428061,command,0.200000,-5.002158165,-0.155060172,0.999611259,0.039453294,-0.020114532,0.999576926,ros2_odometer_state
M19C_S1_lab_hard_floor_B2_U020_R2,785.299142331,5.636713198,command,0.200000,-5.002158165,-0.155060172,0.999611259,0.039453294,-0.020114532,0.999576926,ros2_odometer_state
M19C_S1_lab_hard_floor_B2_U020_R2,785.301891814,5.639462681,command,0.200000,-5.002158165,-0.155060172,0.999611259,0.039464105,-0.020133156,0.999557972,ros2_odometer_state
M19C_S1_lab_hard_floor_B2_U020_R2,785.303937590,5.641508457,command,0.200000,-5.002158165,-0.155060172,0.999557972,0.039462391,-0.020140732,0.999553323,ros2_odometer_state
M19C_S1_lab_hard_floor_B2_U020_R2,785.305078690,5.642649557,command,0.200000,-5.002158165,-0.155060172,0.999557972,0.039462391,-0.020140732,0.999553323,ros2_odometer_state
M19C_S1_lab_hard_floor_B2_U020_R2,785.307059663,5.644630530,command,0.200000,-5.002158165,-0.155060172,0.999557972,0.039455205,-0.020156983,0.999552071,ros2_odometer_state
M19C_S1_lab_hard_floor_B2_U020_R2,785.309720438,5.647291305,command,0.200000,-5.002158165,-0.155060172,0.999557972,0.039443262,-0.020174164,0.999547064,ros2_odometer_state
M19C_S1_lab_hard_floor_B2_U020_R2,785.311364342,5.648935209,command,0.200000,-5.002158165,-0.155060172,0.999557972,0.039447192,-0.020191660,0.999535739,ros2_odometer_state
M19C_S1_lab_hard_floor_B2_U020_R2,785.313921434,5.651492301,command,0.200000,-5.002158165,-0.155060172,0.999557972,0.039451249,-0.020224681,0.999520481,ros2_odometer_state
M19C_S1_lab_hard_floor_B2_U020_R2,785.315916199,5.653487066,command,0.200000,-5.002158165,-0.155060172,0.999557972,0.039445478,-0.020234454,0.999517918,ros2_odometer_state
M19C_S1_lab_hard_floor_B2_U020_R2,785.317993336,5.655564203,command,0.200000,-5.002158165,-0.155060172,0.999557972,0.039439548,-0.020232512,0.999514461,ros2_odometer_state
M19C_S1_lab_hard_floor_B2_U020_R2,785.319906658,5.657477525,command,0.200000,-5.002158165,-0.155060172,0.999557972,0.039430991,-0.020232292,0.999510169,ros2_odometer_state
M19C_S1_lab_hard_floor_B2_U020_R2,785.321919248,5.659490115,command,0.200000,-5.002158165,-0.155060172,0.999557972,0.039415106,-0.020239262,0.999506414,ros2_odometer_state
M19C_S1_lab_hard_floor_B2_U020_R2,785.323894653,5.661465520,command,0.200000,-5.002158165,-0.155060172,0.999506414,0.039402947,-0.020248195,0.999504209,ros2_odometer_state
M19C_S1_lab_hard_floor_B2_U020_R2,785.325851401,5.663422268,command,0.200000,-5.002158165,-0.155060172,0.999506414,0.039406165,-0.020255834,0.999505639,ros2_odometer_state
M19C_S1_lab_hard_floor_B2_U020_R2,785.327848439,5.665419306,command,0.200000,-5.002158165,-0.155060172,0.999506414,0.039416589,-0.020267805,0.999504149,ros2_odometer_state
M19C_S1_lab_hard_floor_B2_U020_R2,785.330502622,5.668073489,command,0.200000,-5.002158165,-0.155060172,0.999506414,0.039422587,-0.020282054,0.999497354,ros2_odometer_state
M19C_S1_lab_hard_floor_B2_U020_R2,785.333314987,5.670885854,command,0.200000,-5.002158165,-0.155060172,0.999506414,0.039410461,-0.020293722,0.999493718,ros2_odometer_state
M19C_S1_lab_hard_floor_B2_U020_R2,785.334199789,5.671770656,command,0.200000,-5.002158165,-0.155060172,0.999506414,0.039402895,-0.020303370,0.999488711,ros2_odometer_state
M19C_S1_lab_hard_floor_B2_U020_R2,785.335342522,5.672913389,command,0.200000,-5.002158165,-0.155060172,0.999506414,0.039402895,-0.020303370,0.999488711,ros2_odometer_state
M19C_S1_lab_hard_floor_B2_U020_R2,785.337202338,5.674773205,command,0.200000,-5.002158165,-0.155060172,0.999506414,0.039400287,-0.020312995,0.999487817,ros2_odometer_state
M19C_S1_lab_hard_floor_B2_U020_R2,785.339905931,5.677476798,command,0.200000,-5.002158165,-0.155060172,0.999506414,0.039395865,-0.020318698,0.999483943,ros2_odometer_state
M19C_S1_lab_hard_floor_B2_U020_R2,785.341219262,5.678790129,command,0.200000,-5.002158165,-0.155060172,0.999506414,0.039396480,-0.020325910,0.999482453,ros2_odometer_state
M19C_S1_lab_hard_floor_B2_U020_R2,785.343982602,5.681553469,command,0.200000,-5.002158165,-0.155060172,0.999481678,0.039400619,-0.020349018,0.999475360,ros2_odometer_state
M19C_S1_lab_hard_floor_B2_U020_R2,785.345184664,5.682755531,command,0.200000,-5.002158165,-0.155060172,0.999481678,0.039400619,-0.020349018,0.999475360,ros2_odometer_state
M19C_S1_lab_hard_floor_B2_U020_R2,785.347167141,5.684738008,command,0.200000,-5.002158165,-0.155060172,0.999481678,0.039407674,-0.020364091,0.999468863,ros2_odometer_state
M19C_S1_lab_hard_floor_B2_U020_R2,785.349892655,5.687463522,command,0.200000,-5.002158165,-0.155060172,0.999481678,0.039412376,-0.020375185,0.999470353,ros2_odometer_state
M19C_S1_lab_hard_floor_B2_U020_R2,785.352103845,5.689674712,command,0.200000,-5.002158165,-0.155060172,0.999481678,0.039407708,-0.020396026,0.999468684,ros2_odometer_state
M19C_S1_lab_hard_floor_B2_U020_R2,785.353429529,5.691000396,command,0.200000,-5.002158165,-0.155060172,0.999481678,0.039407708,-0.020396026,0.999468684,ros2_odometer_state
M19C_S1_lab_hard_floor_B2_U020_R2,785.355219262,5.692790129,command,0.200000,-5.002158165,-0.155060172,0.999481678,0.039402142,-0.020401981,0.999470115,ros2_odometer_state
M19C_S1_lab_hard_floor_B2_U020_R2,785.358098222,5.695669089,command,0.200000,-5.002158165,-0.155060172,0.999481678,0.039401088,-0.020414423,0.999461710,ros2_odometer_state
M19C_S1_lab_hard_floor_B2_U020_R2,785.359984503,5.697555370,command,0.200000,-5.002158165,-0.155060172,0.999481678,0.039397858,-0.020430507,0.999461949,ros2_odometer_state
M19C_S1_lab_hard_floor_B2_U020_R2,785.361971780,5.699542647,command,0.200000,-5.002158165,-0.155060172,0.999481678,0.039393932,-0.020447303,0.999459326,ros2_odometer_state
M19C_S1_lab_hard_floor_B2_U020_R2,785.364252637,5.701823504,command,0.200000,-5.002158165,-0.155060172,0.999459326,0.039385784,-0.020462295,0.999454200,ros2_odometer_state
M19C_S1_lab_hard_floor_B2_U020_R2,785.365270885,5.702841752,command,0.200000,-5.002158165,-0.155060172,0.999459326,0.039385784,-0.020462295,0.999454200,ros2_odometer_state
M19C_S1_lab_hard_floor_B2_U020_R2,785.367223888,5.704794755,command,0.200000,-5.002158165,-0.155060172,0.999459326,0.039380930,-0.020477632,0.999455988,ros2_odometer_state
M19C_S1_lab_hard_floor_B2_U020_R2,785.369858999,5.707429866,command,0.200000,-5.002158165,-0.155060172,0.999459326,0.039378263,-0.020493239,0.999464512,ros2_odometer_state
M19C_S1_lab_hard_floor_B2_U020_R2,785.371603131,5.709173998,command,0.200000,-5.002158165,-0.155060172,0.999459326,0.039381754,-0.020506620,0.999462724,ros2_odometer_state
M19C_S1_lab_hard_floor_B2_U020_R2,785.373355967,5.710926834,command,0.200000,-5.002158165,-0.155060172,0.999459326,0.039384648,-0.020512883,0.999455929,ros2_odometer_state
M19C_S1_lab_hard_floor_B2_U020_R2,785.376313458,5.713884325,command,0.200000,-5.002158165,-0.155060172,0.999459326,0.039393749,-0.020544445,0.999451637,ros2_odometer_state
M19C_S1_lab_hard_floor_B2_U020_R2,785.378172282,5.715743149,command,0.200000,-5.002158165,-0.155060172,0.999459326,0.039387040,-0.020559046,0.999444008,ros2_odometer_state
M19C_S1_lab_hard_floor_B2_U020_R2,785.380176712,5.717747579,command,0.200000,-5.002158165,-0.155060172,0.999459326,0.039377455,-0.020574763,0.999443293,ros2_odometer_state
M19C_S1_lab_hard_floor_B2_U020_R2,785.382247128,5.719817995,command,0.200000,-5.002158165,-0.155060172,0.999459326,0.039370764,-0.020588212,0.999446809,ros2_odometer_state
M19C_S1_lab_hard_floor_B2_U020_R2,785.384980066,5.722550933,command,0.200000,-5.002158165,-0.155060172,0.999446809,0.039365344,-0.020600755,0.999451876,ros2_odometer_state
M19C_S1_lab_hard_floor_B2_U020_R2,785.385492950,5.723063817,command,0.200000,-5.002158165,-0.155060172,0.999446809,0.039365344,-0.020600755,0.999451876,ros2_odometer_state
M19C_S1_lab_hard_floor_B2_U020_R2,785.387326141,5.724897008,command,0.200000,-5.002158165,-0.155060172,0.999446809,0.039362468,-0.020616125,0.999448299,ros2_odometer_state
M19C_S1_lab_hard_floor_B2_U020_R2,785.390208141,5.727779008,command,0.200000,-5.002158165,-0.155060172,0.999446809,0.039365526,-0.020627551,0.999441385,ros2_odometer_state
M19C_S1_lab_hard_floor_B2_U020_R2,785.391409116,5.728979983,command,0.200000,-5.002158165,-0.155060172,0.999446809,0.039370175,-0.020636594,0.999438047,ros2_odometer_state
M19C_S1_lab_hard_floor_B2_U020_R2,785.393379689,5.730950556,command,0.200000,-5.002158165,-0.155060172,0.999446809,0.039370202,-0.020643365,0.999440253,ros2_odometer_state
M19C_S1_lab_hard_floor_B2_U020_R2,785.395302195,5.732873062,command,0.200000,-5.002158165,-0.155060172,0.999446809,0.039366812,-0.020652412,0.999438763,ros2_odometer_state
M19C_S1_lab_hard_floor_B2_U020_R2,785.397305025,5.734875892,command,0.200000,-5.002158165,-0.155060172,0.999446809,0.039375417,-0.020664439,0.999435604,ros2_odometer_state
M19C_S1_lab_hard_floor_B2_U020_R2,785.400121423,5.737692290,command,0.200000,-5.002158165,-0.155060172,0.999446809,0.039374784,-0.020687718,0.999444008,ros2_odometer_state
M19C_S1_lab_hard_floor_B2_U020_R2,785.402214912,5.739785779,command,0.200000,-5.002158165,-0.155060172,0.999446809,0.039369818,-0.020705827,0.999444485,ros2_odometer_state
M19C_S1_lab_hard_floor_B2_U020_R2,785.403345804,5.740916671,command,0.200000,-5.002158165,-0.155060172,0.999444485,0.039369818,-0.020705827,0.999444485,ros2_odometer_state
M19C_S1_lab_hard_floor_B2_U020_R2,785.406035348,5.743606215,command,0.200000,-5.002158165,-0.155060172,0.999444485,0.039375525,-0.020730395,0.999439836,ros2_odometer_state
M19C_S1_lab_hard_floor_B2_U020_R2,785.407341319,5.744912186,command,0.200000,-5.002158165,-0.155060172,0.999444485,0.039375525,-0.020730395,0.999439836,ros2_odometer_state
M19C_S1_lab_hard_floor_B2_U020_R2,785.409926219,5.747497086,command,0.200000,-5.002158165,-0.155060172,0.999444485,0.039379805,-0.020744067,0.999439776,ros2_odometer_state
M19C_S1_lab_hard_floor_B2_U020_R2,785.412378091,5.749948958,command,0.200000,-5.002158165,-0.155060172,0.999444485,0.039385341,-0.020757727,0.999436259,ros2_odometer_state
M19C_S1_lab_hard_floor_B2_U020_R2,785.414200242,5.751771109,command,0.200000,-5.002158165,-0.155060172,0.999444485,0.039372798,-0.020765066,0.999440134,ros2_odometer_state
M19C_S1_lab_hard_floor_B2_U020_R2,785.416416360,5.753987227,command,0.200000,-5.002158165,-0.155060172,0.999444485,0.039368007,-0.020770570,0.999443233,ros2_odometer_state
M19C_S1_lab_hard_floor_B2_U020_R2,785.417608214,5.755179081,command,0.200000,-5.002158165,-0.155060172,0.999444485,0.039368007,-0.020770570,0.999443233,ros2_odometer_state
M19C_S1_lab_hard_floor_B2_U020_R2,785.420253437,5.757824304,command,0.200000,-5.002158165,-0.155060172,0.999444485,0.039376032,-0.020786079,0.999440730,ros2_odometer_state
M19C_S1_lab_hard_floor_B2_U020_R2,785.421509550,5.759080417,command,0.200000,-5.002158165,-0.155060172,0.999444485,0.039376032,-0.020786079,0.999440730,ros2_odometer_state
M19C_S1_lab_hard_floor_B2_U020_R2,785.423552541,5.761123408,command,0.200000,-5.002158165,-0.155060172,0.999431610,0.039376337,-0.020788733,0.999431610,ros2_odometer_state
M19C_S1_lab_hard_floor_B2_U020_R2,785.426177283,5.763748150,command,0.200000,-5.002158165,-0.155060172,0.999431610,0.039384604,-0.020822963,0.999427438,ros2_odometer_state
M19C_S1_lab_hard_floor_B2_U020_R2,785.427329200,5.764900067,command,0.200000,-5.002158165,-0.155060172,0.999431610,0.039384604,-0.020822963,0.999427438,ros2_odometer_state
M19C_S1_lab_hard_floor_B2_U020_R2,785.430741844,5.768312711,command,0.200000,-5.002158165,-0.155060172,0.999431610,0.039383825,-0.020830873,0.999420106,ros2_odometer_state
M19C_S1_lab_hard_floor_B2_U020_R2,785.432278544,5.769849411,command,0.200000,-5.002158165,-0.155060172,0.999431610,0.039382085,-0.020838294,0.999414742,ros2_odometer_state
M19C_S1_lab_hard_floor_B2_U020_R2,785.434211323,5.771782190,command,0.200000,-5.002158165,-0.155060172,0.999431610,0.039373595,-0.020849485,0.999402523,ros2_odometer_state
M19C_S1_lab_hard_floor_B2_U020_R2,785.435533774,5.773104641,command,0.200000,-5.002158165,-0.155060172,0.999431610,0.039373595,-0.020849485,0.999402523,ros2_odometer_state
M19C_S1_lab_hard_floor_B2_U020_R2,785.438178837,5.775749704,command,0.200000,-5.002158165,-0.155060172,0.999431610,0.039360054,-0.020877371,0.999384165,ros2_odometer_state
M19C_S1_lab_hard_floor_B2_U020_R2,785.439349667,5.776920534,command,0.200000,-5.002158165,-0.155060172,0.999431610,0.039360054,-0.020877371,0.999384165,ros2_odometer_state
M19C_S1_lab_hard_floor_B2_U020_R2,785.442709445,5.780280312,command,0.200000,-5.002158165,-0.155060172,0.999431610,0.039371815,-0.020889349,0.999378383,ros2_odometer_state
M19C_S1_lab_hard_floor_B2_U020_R2,785.443502372,5.781073239,command,0.200000,-5.002158165,-0.155060172,0.999378383,0.039371815,-0.020889349,0.999378383,ros2_odometer_state
M19C_S1_lab_hard_floor_B2_U020_R2,785.446109641,5.783680508,command,0.200000,-5.002158165,-0.155060172,0.999378383,0.039363343,-0.020900011,0.999359250,ros2_odometer_state
M19C_S1_lab_hard_floor_B2_U020_R2,785.448194586,5.785765453,command,0.200000,-5.002158165,-0.155060172,0.999378383,0.039361134,-0.020917745,0.999354541,ros2_odometer_state
M19C_S1_lab_hard_floor_B2_U020_R2,785.450013409,5.787584276,command,0.200000,-5.002158165,-0.155060172,0.999378383,0.039361134,-0.020917745,0.999354541,ros2_odometer_state
M19C_S1_lab_hard_floor_B2_U020_R2,785.452262616,5.789833483,command,0.200000,-5.002158165,-0.155060172,0.999378383,0.039361954,-0.020937772,0.999340892,ros2_odometer_state
M19C_S1_lab_hard_floor_B2_U020_R2,785.454394635,5.791965502,command,0.200000,-5.002158165,-0.155060172,0.999378383,0.039361078,-0.020949248,0.999333441,ros2_odometer_state
M19C_S1_lab_hard_floor_B2_U020_R2,785.456442299,5.794013166,command,0.200000,-5.002158165,-0.155060172,0.999378383,0.039359882,-0.020960553,0.999328136,ros2_odometer_state
M19C_S1_lab_hard_floor_B2_U020_R2,785.458183678,5.795754545,command,0.200000,-5.002158165,-0.155060172,0.999378383,0.039356884,-0.020967996,0.999325454,ros2_odometer_state
M19C_S1_lab_hard_floor_B2_U020_R2,785.459387917,5.796958784,command,0.200000,-5.002158165,-0.155060172,0.999378383,0.039356884,-0.020967996,0.999325454,ros2_odometer_state
M19C_S1_lab_hard_floor_B2_U020_R2,785.461444381,5.799015248,command,0.200000,-5.002158165,-0.155060172,0.999378383,0.039355051,-0.020975292,0.999326289,ros2_odometer_state
M19C_S1_lab_hard_floor_B2_U020_R2,785.464321805,5.801892672,command,0.200000,-5.002158165,-0.155060172,0.999326289,0.039354261,-0.020987637,0.999323010,ros2_odometer_state
M19C_S1_lab_hard_floor_B2_U020_R2,785.466503170,5.804074037,command,0.200000,-5.002158165,-0.155060172,0.999326289,0.039353237,-0.020997055,0.999316096,ros2_odometer_state
M19C_S1_lab_hard_floor_B2_U020_R2,785.468204676,5.805775543,command,0.200000,-5.002158165,-0.155060172,0.999326289,0.039347444,-0.021007905,0.999308884,ros2_odometer_state
M19C_S1_lab_hard_floor_B2_U020_R2,785.470094061,5.807664928,command,0.200000,-5.002158165,-0.155060172,0.999326289,0.039347444,-0.021007905,0.999308884,ros2_odometer_state
M19C_S1_lab_hard_floor_B2_U020_R2,785.471526853,5.809097720,command,0.200000,-5.002158165,-0.155060172,0.999326289,0.039353412,-0.021017242,0.999305904,ros2_odometer_state
M19C_S1_lab_hard_floor_B2_U020_R2,785.474520537,5.812091404,command,0.200000,-5.002158165,-0.155060172,0.999326289,0.039346721,-0.021044225,0.999307513,ros2_odometer_state
M19C_S1_lab_hard_floor_B2_U020_R2,785.476423299,5.813994166,command,0.200000,-5.002158165,-0.155060172,0.999326289,0.039347395,-0.021046082,0.999305844,ros2_odometer_state
M19C_S1_lab_hard_floor_B2_U020_R2,785.477556175,5.815127042,command,0.200000,-5.002158165,-0.155060172,0.999326289,0.039347395,-0.021046082,0.999305844,ros2_odometer_state
M19C_S1_lab_hard_floor_B2_U020_R2,785.479474297,5.817045164,command,0.200000,-5.002158165,-0.155060172,0.999326289,0.039353464,-0.021051273,0.999302804,ros2_odometer_state
M19C_S1_lab_hard_floor_B2_U020_R2,785.481532425,5.819103292,command,0.200000,-5.002158165,-0.155060172,0.999326289,0.039360709,-0.021055460,0.999303937,ros2_odometer_state
M19C_S1_lab_hard_floor_B2_U020_R2,785.484070604,5.821641471,command,0.200000,-5.002158165,-0.155060172,0.999305964,0.039365668,-0.021055082,0.999305964,ros2_odometer_state
M19C_S1_lab_hard_floor_B2_U020_R2,785.485888723,5.823459590,command,0.200000,-5.002158165,-0.155060172,0.999305964,0.039366756,-0.021057170,0.999309361,ros2_odometer_state
M19C_S1_lab_hard_floor_B2_U020_R2,785.489259158,5.826830025,command,0.200000,-5.002158165,-0.155060172,0.999305964,0.039360136,-0.021076301,0.999304533,ros2_odometer_state
M19C_S1_lab_hard_floor_B2_U020_R2,785.490308030,5.827878897,command,0.200000,-5.002158165,-0.155060172,0.999305964,0.039360136,-0.021076301,0.999304533,ros2_odometer_state
M19C_S1_lab_hard_floor_B2_U020_R2,785.491738966,5.829309833,command,0.200000,-5.002158165,-0.155060172,0.999305964,0.039358161,-0.021074176,0.999303997,ros2_odometer_state
M19C_S1_lab_hard_floor_B2_U020_R2,785.493841160,5.831412027,command,0.200000,-5.002158165,-0.155060172,0.999305964,0.039356422,-0.021075347,0.999306321,ros2_odometer_state
M19C_S1_lab_hard_floor_B2_U020_R2,785.496316520,5.833887387,command,0.200000,-5.002158165,-0.155060172,0.999305964,0.039357569,-0.021082873,0.999310255,ros2_odometer_state
M19C_S1_lab_hard_floor_B2_U020_R2,785.498279508,5.835850375,command,0.200000,-5.002158165,-0.155060172,0.999305964,0.039358933,-0.021083688,0.999314189,ros2_odometer_state
M19C_S1_lab_hard_floor_B2_U020_R2,785.499470146,5.837041013,command,0.200000,-5.002158165,-0.155060172,0.999305964,0.039358933,-0.021083688,0.999314189,ros2_odometer_state
M19C_S1_lab_hard_floor_B2_U020_R2,785.501494161,5.839065028,command,0.200000,-5.002158165,-0.155060172,0.999305964,0.039355565,-0.021084826,0.999315143,ros2_odometer_state
M19C_S1_lab_hard_floor_B2_U020_R2,785.504400802,5.841971669,command,0.200000,-5.002158165,-0.155060172,0.999317884,0.039365966,-0.021093583,0.999323606,ros2_odometer_state
M19C_S1_lab_hard_floor_B2_U020_R2,785.506248074,5.843818941,command,0.200000,-5.002158165,-0.155060172,0.999317884,0.039370283,-0.021087753,0.999328613,ros2_odometer_state
M19C_S1_lab_hard_floor_B2_U020_R2,785.508268088,5.845838955,command,0.200000,-5.002158165,-0.155060172,0.999317884,0.039369095,-0.021081008,0.999333084,ros2_odometer_state
M19C_S1_lab_hard_floor_B2_U020_R2,785.510788186,5.848359053,command,0.200000,-5.002158165,-0.155060172,0.999317884,0.039367091,-0.021081014,0.999344230,ros2_odometer_state
M19C_S1_lab_hard_floor_B2_U020_R2,785.512368471,5.849939338,command,0.200000,-5.002158165,-0.155060172,0.999317884,0.039366163,-0.021089267,0.999356568,ros2_odometer_state
M19C_S1_lab_hard_floor_B2_U020_R2,785.514300835,5.851871702,command,0.200000,-5.002158165,-0.155060172,0.999317884,0.039366372,-0.021090472,0.999364138,ros2_odometer_state
M19C_S1_lab_hard_floor_B2_U020_R2,785.516925256,5.854496123,command,0.200000,-5.002158165,-0.155060172,0.999317884,0.039366584,-0.021089548,0.999372065,ros2_odometer_state
M19C_S1_lab_hard_floor_B2_U020_R2,785.518235963,5.855806830,command,0.200000,-5.002158165,-0.155060172,0.999317884,0.039362565,-0.021094872,0.999379754,ros2_odometer_state
M19C_S1_lab_hard_floor_B2_U020_R2,785.520280011,5.857850878,command,0.200000,-5.002158165,-0.155060172,0.999317884,0.039364576,-0.021097783,0.999389112,ros2_odometer_state
M19C_S1_lab_hard_floor_B2_U020_R2,785.521556764,5.859127631,command,0.200000,-5.002158165,-0.155060172,0.999317884,0.039364576,-0.021097783,0.999389112,ros2_odometer_state
M19C_S1_lab_hard_floor_B2_U020_R2,785.524393675,5.861964542,command,0.200000,-5.002158165,-0.155060172,0.999402225,0.039365154,-0.021102650,0.999422371,ros2_odometer_state
M19C_S1_lab_hard_floor_B2_U020_R2,785.526306805,5.863877672,command,0.200000,-5.002158165,-0.155060172,0.999402225,0.039368838,-0.021112265,0.999437690,ros2_odometer_state
M19C_S1_lab_hard_floor_B2_U020_R2,785.528224351,5.865795218,command,0.200000,-5.002158165,-0.155060172,0.999402225,0.039364785,-0.021113614,0.999452114,ros2_odometer_state
M19C_S1_lab_hard_floor_B2_U020_R2,785.530143402,5.867714269,command,0.200000,-5.002158165,-0.155060172,0.999402225,0.039364785,-0.021113614,0.999452114,ros2_odometer_state
M19C_S1_lab_hard_floor_B2_U020_R2,785.532649547,5.870220414,command,0.200000,-5.002158165,-0.155060172,0.999402225,0.039361075,-0.021110695,0.999469697,ros2_odometer_state
M19C_S1_lab_hard_floor_B2_U020_R2,785.533704628,5.871275495,command,0.200000,-5.002158165,-0.155060172,0.999402225,0.039363772,-0.021102425,0.999488294,ros2_odometer_state
M19C_S1_lab_hard_floor_B2_U020_R2,785.536510945,5.874081812,command,0.200000,-5.002158165,-0.155060172,0.999402225,0.039377362,-0.021096792,0.999523878,ros2_odometer_state
M19C_S1_lab_hard_floor_B2_U020_R2,785.537541193,5.875112060,command,0.200000,-5.002158165,-0.155060172,0.999402225,0.039377362,-0.021096792,0.999523878,ros2_odometer_state
M19C_S1_lab_hard_floor_B2_U020_R2,785.541874482,5.879445349,command,0.200000,-5.002158165,-0.155060172,0.999402225,0.039365161,-0.021102149,0.999564946,ros2_odometer_state
M19C_S1_lab_hard_floor_B2_U020_R2,785.542714962,5.880285829,command,0.200000,-5.002158165,-0.155060172,0.999402225,0.039360624,-0.021110151,0.999586105,ros2_odometer_state
M19C_S1_lab_hard_floor_B2_U020_R2,785.543909121,5.881479988,command,0.200000,-5.002158165,-0.155060172,0.999586105,0.039360624,-0.021110151,0.999586105,ros2_odometer_state
M19C_S1_lab_hard_floor_B2_U020_R2,785.546274781,5.883845648,command,0.200000,-5.002158165,-0.155060172,0.999586105,0.039361253,-0.021108942,0.999611020,ros2_odometer_state
M19C_S1_lab_hard_floor_B2_U020_R2,785.548605943,5.886176810,command,0.200000,-5.002158165,-0.155060172,0.999586105,0.039358277,-0.021115819,0.999650002,ros2_odometer_state
M19C_S1_lab_hard_floor_B2_U020_R2,785.551169659,5.888740526,command,0.200000,-5.002158165,-0.155060172,0.999586105,0.039349571,-0.021111136,0.999676883,ros2_odometer_state
M19C_S1_lab_hard_floor_B2_U020_R2,785.551672878,5.889243745,command,0.200000,-5.002158165,-0.155060172,0.999586105,0.039349571,-0.021111136,0.999676883,ros2_odometer_state
M19C_S1_lab_hard_floor_B2_U020_R2,785.553700925,5.891271792,command,0.200000,-5.002158165,-0.155060172,0.999586105,0.039352320,-0.021113185,0.999699593,ros2_odometer_state
M19C_S1_lab_hard_floor_B2_U020_R2,785.555571750,5.893142617,command,0.200000,-5.002158165,-0.155060172,0.999586105,0.039359681,-0.021118185,0.999718606,ros2_odometer_state
M19C_S1_lab_hard_floor_B2_U020_R2,785.557765307,5.895336174,command,0.200000,-5.002158165,-0.155060172,0.999586105,0.039359648,-0.021116192,0.999738097,ros2_odometer_state
M19C_S1_lab_hard_floor_B2_U020_R2,785.560487749,5.898058616,command,0.200000,-5.002158165,-0.155060172,0.999586105,0.039361861,-0.021107301,0.999782205,ros2_odometer_state
M19C_S1_lab_hard_floor_B2_U020_R2,785.563272081,5.900842948,command,0.200000,-5.002158165,-0.155060172,0.999586105,0.039373726,-0.021107631,0.999802589,ros2_odometer_state
M19C_S1_lab_hard_floor_B2_U020_R2,785.563949835,5.901520702,command,0.200000,-5.002158165,-0.155060172,0.999802589,0.039373726,-0.021107631,0.999802589,ros2_odometer_state
M19C_S1_lab_hard_floor_B2_U020_R2,785.565811444,5.903382311,command,0.200000,-5.002158165,-0.155060172,0.999802589,0.039379314,-0.021103775,0.999821365,ros2_odometer_state
M19C_S1_lab_hard_floor_B2_U020_R2,785.567796865,5.905367732,command,0.200000,-5.002158165,-0.155060172,0.999802589,0.039382402,-0.021096157,0.999834239,ros2_odometer_state
M19C_S1_lab_hard_floor_B2_U020_R2,785.570252352,5.907823219,command,0.200000,-5.002158165,-0.155060172,0.999802589,0.039384566,-0.021093959,0.999848306,ros2_odometer_state
M19C_S1_lab_hard_floor_B2_U020_R2,785.572523385,5.910094252,command,0.200000,-5.002158165,-0.155060172,0.999802589,0.039384302,-0.021089854,0.999878883,ros2_odometer_state
M19C_S1_lab_hard_floor_B2_U020_R2,785.574435875,5.912006742,command,0.200000,-5.002158165,-0.155060172,0.999802589,0.039382260,-0.021089418,0.999892116,ros2_odometer_state
M19C_S1_lab_hard_floor_B2_U020_R2,785.575800568,5.913371435,command,0.200000,-5.002158165,-0.155060172,0.999802589,0.039382260,-0.021089418,0.999892116,ros2_odometer_state
M19C_S1_lab_hard_floor_B2_U020_R2,785.577973292,5.915544159,command,0.200000,-5.002158165,-0.155060172,0.999802589,0.039383046,-0.021084502,0.999900222,ros2_odometer_state
M19C_S1_lab_hard_floor_B2_U020_R2,785.579899831,5.917470698,command,0.200000,-5.002158165,-0.155060172,0.999802589,0.039382339,-0.021076843,0.999909222,ros2_odometer_state
M19C_S1_lab_hard_floor_B2_U020_R2,785.582653218,5.920224085,command,0.200000,-5.002158165,-0.155060172,0.999802589,0.039379057,-0.021073041,0.999937952,ros2_odometer_state
M19C_S1_lab_hard_floor_B2_U020_R2,785.584622799,5.922193666,command,0.200000,-5.002158165,-0.155060172,0.999937952,0.039366648,-0.021074058,0.999949813,ros2_odometer_state
M19C_S1_lab_hard_floor_B2_U020_R2,785.586529593,5.924100460,command,0.200000,-5.002158165,-0.155060172,0.999937952,0.039357845,-0.021067213,0.999958754,ros2_odometer_state
M19C_S1_lab_hard_floor_B2_U020_R2,785.588552615,5.926123482,command,0.200000,-5.002158165,-0.155060172,0.999937952,0.039357822,-0.021065507,0.999968410,ros2_odometer_state
M19C_S1_lab_hard_floor_B2_U020_R2,785.591078473,5.928649340,command,0.200000,-5.002158165,-0.155060172,0.999937952,0.039352883,-0.021061847,0.999981701,ros2_odometer_state
M19C_S1_lab_hard_floor_B2_U020_R2,785.593088215,5.930659082,command,0.200000,-5.002158165,-0.155060172,0.999937952,0.039354786,-0.021054540,0.999993622,ros2_odometer_state
M19C_S1_lab_hard_floor_B2_U020_R2,785.594852828,5.932423695,command,0.200000,-5.002158165,-0.155060172,0.999937952,0.039360695,-0.021054529,0.999996901,ros2_odometer_state
M19C_S1_lab_hard_floor_B2_U020_R2,785.596947693,5.934518560,command,0.200000,-5.002158165,-0.155060172,0.999937952,0.039358076,-0.021048948,1.000002861,ros2_odometer_state
M19C_S1_lab_hard_floor_B2_U020_R2,785.598452328,5.936023195,command,0.200000,-5.002158165,-0.155060172,0.999937952,0.039351869,-0.021035247,1.000009656,ros2_odometer_state
M19C_S1_lab_hard_floor_B2_U020_R2,785.600416148,5.937987015,command,0.200000,-5.002158165,-0.155060172,0.999937952,0.039349999,-0.021026600,1.000018597,ros2_odometer_state
M19C_S1_lab_hard_floor_B2_U020_R2,785.602808785,5.940379652,command,0.200000,-5.002158165,-0.155060172,0.999937952,0.039354816,-0.021028139,1.000027895,ros2_odometer_state
M19C_S1_lab_hard_floor_B2_U020_R2,785.604783486,5.942354353,command,0.200000,-5.002158165,-0.155060172,1.000027895,0.039359592,-0.021022726,1.000036120,ros2_odometer_state
M19C_S1_lab_hard_floor_B2_U020_R2,785.606440830,5.944011697,command,0.200000,-5.002158165,-0.155060172,1.000027895,0.039360471,-0.021015782,1.000040770,ros2_odometer_state
M19C_S1_lab_hard_floor_B2_U020_R2,785.608478733,5.946049600,command,0.200000,-5.002158165,-0.155060172,1.000027895,0.039352782,-0.021007907,1.000038028,ros2_odometer_state
M19C_S1_lab_hard_floor_B2_U020_R2,785.611678826,5.949249693,command,0.200000,-5.002158165,-0.155060172,1.000027895,0.039349113,-0.021002546,1.000043154,ros2_odometer_state
M19C_S1_lab_hard_floor_B2_U020_R2,785.612348516,5.949919383,command,0.200000,-5.002158165,-0.155060172,1.000027895,0.039349113,-0.021002546,1.000043154,ros2_odometer_state
M19C_S1_lab_hard_floor_B2_U020_R2,785.614929192,5.952500059,command,0.200000,-5.002158165,-0.155060172,1.000027895,0.039343104,-0.020989878,1.000044703,ros2_odometer_state
M19C_S1_lab_hard_floor_B2_U020_R2,785.615798538,5.953369405,command,0.200000,-5.002158165,-0.155060172,1.000027895,0.039343104,-0.020989878,1.000044703,ros2_odometer_state
M19C_S1_lab_hard_floor_B2_U020_R2,785.620811469,5.958382336,command,0.200000,-5.002158165,-0.155060172,1.000027895,0.039344460,-0.020971337,1.000044584,ros2_odometer_state
M19C_S1_lab_hard_floor_B2_U020_R2,785.621764818,5.959335685,command,0.200000,-5.002158165,-0.155060172,1.000027895,0.039341282,-0.020957913,1.000042915,ros2_odometer_state
M19C_S1_lab_hard_floor_B2_U020_R2,785.622621939,5.960192806,command,0.200000,-5.002158165,-0.155060172,1.000027895,0.039339766,-0.020947546,1.000036836,ros2_odometer_state
M19C_S1_lab_hard_floor_B2_U020_R2,785.624674531,5.962245398,command,0.200000,-5.002158165,-0.155060172,1.000036836,0.039338425,-0.020936312,1.000035882,ros2_odometer_state
M19C_S1_lab_hard_floor_B2_U020_R2,785.626762580,5.964333447,command,0.200000,-5.002158165,-0.155060172,1.000036836,0.039337344,-0.020926127,1.000034571,ros2_odometer_state
M19C_S1_lab_hard_floor_B2_U020_R2,785.628500247,5.966071114,command,0.200000,-5.002158165,-0.155060172,1.000036836,0.039336398,-0.020915182,1.000031948,ros2_odometer_state
M19C_S1_lab_hard_floor_B2_U020_R2,785.631151038,5.968721905,command,0.200000,-5.002158165,-0.155060172,1.000036836,0.039332092,-0.020900566,1.000033736,ros2_odometer_state
M19C_S1_lab_hard_floor_B2_U020_R2,785.632639832,5.970210699,command,0.200000,-5.002158165,-0.155060172,1.000036836,0.039328534,-0.020890085,1.000035882,ros2_odometer_state
M19C_S1_lab_hard_floor_B2_U020_R2,785.634625125,5.972195992,command,0.200000,-5.002158165,-0.155060172,1.000036836,0.039334636,-0.020885509,1.000032663,ros2_odometer_state
M19C_S1_lab_hard_floor_B2_U020_R2,785.636574673,5.974145540,command,0.200000,-5.002158165,-0.155060172,1.000036836,0.039343011,-0.020878311,1.000024557,ros2_odometer_state
M19C_S1_lab_hard_floor_B2_U020_R2,785.638560190,5.976131057,command,0.200000,-5.002158165,-0.155060172,1.000036836,0.039343569,-0.020867178,1.000016451,ros2_odometer_state
M19C_S1_lab_hard_floor_B2_U020_R2,785.639732108,5.977302975,command,0.200000,-5.002158165,-0.155060172,1.000036836,0.039343569,-0.020867178,1.000016451,ros2_odometer_state
M19C_S1_lab_hard_floor_B2_U020_R2,785.642657821,5.980228688,command,0.200000,-5.002158165,-0.155060172,1.000036836,0.039341230,-0.020842755,1.000020146,ros2_odometer_state
M19C_S1_lab_hard_floor_B2_U020_R2,785.644642858,5.982213725,command,0.200000,-5.002158165,-0.155060172,1.000020146,0.039337393,-0.020827740,1.000024676,ros2_odometer_state
M19C_S1_lab_hard_floor_B2_U020_R2,785.646578134,5.984149001,command,0.200000,-5.002158165,-0.155060172,1.000020146,0.039333694,-0.020814300,1.000022769,ros2_odometer_state
M19C_S1_lab_hard_floor_B2_U020_R2,785.648329306,5.985900173,command,0.200000,-5.002158165,-0.155060172,1.000020146,0.039333694,-0.020814300,1.000022769,ros2_odometer_state
M19C_S1_lab_hard_floor_B2_U020_R2,785.650553168,5.988124035,command,0.200000,-5.002158165,-0.155060172,1.000020146,0.039335273,-0.020800920,1.000018954,ros2_odometer_state
M19C_S1_lab_hard_floor_B2_U020_R2,785.651958471,5.989529338,command,0.200000,-5.002158165,-0.155060172,1.000020146,0.039342035,-0.020788996,1.000012994,ros2_odometer_state
M19C_S1_lab_hard_floor_B2_U020_R2,785.654627822,5.992198689,command,0.200000,-5.002158165,-0.155060172,1.000020146,0.039347772,-0.020765649,1.000015974,ros2_odometer_state
M19C_S1_lab_hard_floor_B2_U020_R2,785.656635708,5.994206575,command,0.200000,-5.002158165,-0.155060172,1.000020146,0.039350577,-0.020749951,1.000021815,ros2_odometer_state
M19C_S1_lab_hard_floor_B2_U020_R2,785.657739527,5.995310394,command,0.200000,-5.002158165,-0.155060172,1.000020146,0.039350577,-0.020749951,1.000021815,ros2_odometer_state
M19C_S1_lab_hard_floor_B2_U020_R2,785.659732661,5.997303528,command,0.200000,-5.002158165,-0.155060172,1.000020146,0.039354835,-0.020735992,1.000031352,ros2_odometer_state
M19C_S1_lab_hard_floor_B2_U020_R2,785.662833709,6.000404576,command,0.200000,-5.002158165,-0.155060172,1.000020146,0.039346904,-0.020715136,1.000037193,ros2_odometer_state
M19C_S1_lab_hard_floor_B2_U020_R2,785.664707510,6.002278377,command,0.200000,-5.002158165,-0.155060172,1.000037193,0.039347470,-0.020702247,1.000046372,ros2_odometer_state
M19C_S1_lab_hard_floor_B2_U020_R2,785.666768742,6.004339609,command,0.200000,-5.002158165,-0.155060172,1.000037193,0.039350409,-0.020691277,1.000056267,ros2_odometer_state
M19C_S1_lab_hard_floor_B2_U020_R2,785.668645007,6.006215874,command,0.200000,-5.002158165,-0.155060172,1.000037193,0.039354064,-0.020681983,1.000059962,ros2_odometer_state
M19C_S1_lab_hard_floor_B2_U020_R2,785.671110703,6.008681570,command,0.200000,-5.002158165,-0.155060172,1.000037193,0.039354522,-0.020673785,1.000060558,ros2_odometer_state
M19C_S1_lab_hard_floor_B2_U020_R2,785.672218426,6.009789293,command,0.200000,-5.002158165,-0.155060172,1.000037193,0.039354522,-0.020673785,1.000060558,ros2_odometer_state
M19C_S1_lab_hard_floor_B2_U020_R2,785.673925404,6.011496271,command,0.200000,-5.002158165,-0.155060172,1.000037193,0.039358098,-0.020664912,1.000063896,ros2_odometer_state
M19C_S1_lab_hard_floor_B2_U020_R2,785.676903984,6.014474851,command,0.200000,-5.002158165,-0.155060172,1.000037193,0.039367024,-0.020660603,1.000082612,ros2_odometer_state
M19C_S1_lab_hard_floor_B2_U020_R2,785.677820595,6.015391462,command,0.200000,-5.002158165,-0.155060172,1.000037193,0.039367024,-0.020660603,1.000082612,ros2_odometer_state
M19C_S1_lab_hard_floor_B2_U020_R2,785.679773183,6.017344050,command,0.200000,-5.002158165,-0.155060172,1.000037193,0.039372217,-0.020653095,1.000093222,ros2_odometer_state
M19C_S1_lab_hard_floor_B2_U020_R2,785.684169802,6.021740669,command,0.200000,-5.002158165,-0.155060172,1.000037193,0.039376702,-0.020641984,1.000105381,ros2_odometer_state
M19C_S1_lab_hard_floor_B2_U020_R2,785.685182577,6.022753444,command,0.200000,-5.002158165,-0.155060172,1.000113368,0.039377794,-0.020632710,1.000113368,ros2_odometer_state
M19C_S1_lab_hard_floor_B2_U020_R2,785.686195353,6.023766220,command,0.200000,-5.002158165,-0.155060172,1.000113368,0.039375287,-0.020626392,1.000126600,ros2_odometer_state
M19C_S1_lab_hard_floor_B2_U020_R2,785.687751573,6.025322440,command,0.200000,-5.002158165,-0.155060172,1.000113368,0.039377980,-0.020620110,1.000145435,ros2_odometer_state
M19C_S1_lab_hard_floor_B2_U020_R2,785.691150809,6.028721676,command,0.200000,-5.002158165,-0.155060172,1.000113368,0.039380569,-0.020599004,1.000164747,ros2_odometer_state
M19C_S1_lab_hard_floor_B2_U020_R2,785.692632467,6.030203334,command,0.200000,-5.002158165,-0.155060172,1.000113368,0.039385330,-0.020590918,1.000184178,ros2_odometer_state
M19C_S1_lab_hard_floor_B2_U020_R2,785.694582719,6.032153586,command,0.200000,-5.002158165,-0.155060172,1.000113368,0.039386231,-0.020582369,1.000200748,ros2_odometer_state
M19C_S1_lab_hard_floor_B2_U020_R2,785.695778317,6.033349184,command,0.200000,-5.002158165,-0.155060172,1.000113368,0.039386231,-0.020582369,1.000200748,ros2_odometer_state
M19C_S1_lab_hard_floor_B2_U020_R2,785.697793979,6.035364846,command,0.200000,-5.002158165,-0.155060172,1.000113368,0.039392963,-0.020570247,1.000208020,ros2_odometer_state
M19C_S1_lab_hard_floor_B2_U020_R2,785.700858546,6.038429413,command,0.200000,-5.002158165,-0.155060172,1.000113368,0.039388601,-0.020556431,1.000229478,ros2_odometer_state
M19C_S1_lab_hard_floor_B2_U020_R2,785.702751228,6.040322095,command,0.200000,-5.002158165,-0.155060172,1.000113368,0.039388653,-0.020548750,1.000248075,ros2_odometer_state
M19C_S1_lab_hard_floor_B2_U020_R2,785.704727593,6.042298460,command,0.200000,-5.002158165,-0.155060172,1.000248075,0.039391302,-0.020542528,1.000256538,ros2_odometer_state
M19C_S1_lab_hard_floor_B2_U020_R2,785.706816186,6.044387053,command,0.200000,-5.002158165,-0.155060172,1.000248075,0.039391607,-0.020533049,1.000264525,ros2_odometer_state
M19C_S1_lab_hard_floor_B2_U020_R2,785.708748805,6.046319672,command,0.200000,-5.002158165,-0.155060172,1.000248075,0.039395388,-0.020518506,1.000276566,ros2_odometer_state
M19C_S1_lab_hard_floor_B2_U020_R2,785.710449287,6.048020154,command,0.200000,-5.002158165,-0.155060172,1.000248075,0.039395388,-0.020518506,1.000276566,ros2_odometer_state
M19C_S1_lab_hard_floor_B2_U020_R2,785.713400250,6.050971117,command,0.200000,-5.002158165,-0.155060172,1.000248075,0.039395992,-0.020485103,1.000307083,ros2_odometer_state
M19C_S1_lab_hard_floor_B2_U020_R2,785.714577991,6.052148858,command,0.200000,-5.002158165,-0.155060172,1.000248075,0.039395992,-0.020485103,1.000307083,ros2_odometer_state
M19C_S1_lab_hard_floor_B2_U020_R2,785.716606294,6.054177161,command,0.200000,-5.002158165,-0.155060172,1.000248075,0.039390918,-0.020470418,1.000319242,ros2_odometer_state
M19C_S1_lab_hard_floor_B2_U020_R2,785.718404988,6.055975855,command,0.200000,-5.002158165,-0.155060172,1.000248075,0.039390333,-0.020461384,1.000331283,ros2_odometer_state
M19C_S1_lab_hard_floor_B2_U020_R2,785.720786361,6.058357228,command,0.200000,-5.002158165,-0.155060172,1.000248075,0.039390910,-0.020434825,1.000347137,ros2_odometer_state
M19C_S1_lab_hard_floor_B2_U020_R2,785.722759557,6.060330424,command,0.200000,-5.002158165,-0.155060172,1.000248075,0.039389003,-0.020422440,1.000348806,ros2_odometer_state
M19C_S1_lab_hard_floor_B2_U020_R2,785.724789012,6.062359879,command,0.200000,-5.002158165,-0.155060172,1.000348806,0.039392743,-0.020413825,1.000357270,ros2_odometer_state
M19C_S1_lab_hard_floor_B2_U020_R2,785.726738016,6.064308883,command,0.200000,-5.002158165,-0.155060172,1.000348806,0.039397538,-0.020404745,1.000367045,ros2_odometer_state
M19C_S1_lab_hard_floor_B2_U020_R2,785.728754190,6.066325057,command,0.200000,-5.002158165,-0.155060172,1.000348806,0.039394855,-0.020392856,1.000377178,ros2_odometer_state
M19C_S1_lab_hard_floor_B2_U020_R2,785.730519411,6.068090278,command,0.200000,-5.002158165,-0.155060172,1.000348806,0.039394855,-0.020392856,1.000377178,ros2_odometer_state
M19C_S1_lab_hard_floor_B2_U020_R2,785.732867182,6.070438049,command,0.200000,-5.002158165,-0.155060172,1.000348806,0.039391492,-0.020363022,1.000385404,ros2_odometer_state
M19C_S1_lab_hard_floor_B2_U020_R2,785.734782936,6.072353803,command,0.200000,-5.002158165,-0.155060172,1.000348806,0.039393239,-0.020347297,1.000390887,ros2_odometer_state
M19C_S1_lab_hard_floor_B2_U020_R2,785.736843464,6.074414331,command,0.200000,-5.002158165,-0.155060172,1.000348806,0.039402969,-0.020329822,1.000397444,ros2_odometer_state
M19C_S1_lab_hard_floor_B2_U020_R2,785.738722833,6.076293700,command,0.200000,-5.002158165,-0.155060172,1.000348806,0.039401576,-0.020315515,1.000398874,ros2_odometer_state
M19C_S1_lab_hard_floor_B2_U020_R2,785.740802498,6.078373365,command,0.200000,-5.002158165,-0.155060172,1.000348806,0.039395098,-0.020304913,1.000401139,ros2_odometer_state
M19C_S1_lab_hard_floor_B2_U020_R2,785.742765775,6.080336642,command,0.200000,-5.002158165,-0.155060172,1.000348806,0.039398182,-0.020292467,1.000403166,ros2_odometer_state
M19C_S1_lab_hard_floor_B2_U020_R2,785.744823647,6.082394514,command,0.200000,-5.002158165,-0.155060172,1.000403166,0.039403711,-0.020280354,1.000404954,ros2_odometer_state
M19C_S1_lab_hard_floor_B2_U020_R2,785.747006867,6.084577734,command,0.200000,-5.002158165,-0.155060172,1.000403166,0.039405409,-0.020273643,1.000408769,ros2_odometer_state
M19C_S1_lab_hard_floor_B2_U020_R2,785.748810361,6.086381228,command,0.200000,-5.002158165,-0.155060172,1.000403166,0.039407708,-0.020264801,1.000414014,ros2_odometer_state
M19C_S1_lab_hard_floor_B2_U020_R2,785.750609439,6.088180306,command,0.200000,-5.002158165,-0.155060172,1.000403166,0.039407708,-0.020264801,1.000414014,ros2_odometer_state
M19C_S1_lab_hard_floor_B2_U020_R2,785.752047735,6.089618602,command,0.200000,-5.002158165,-0.155060172,1.000403166,0.039412003,-0.020253237,1.000410438,ros2_odometer_state
M19C_S1_lab_hard_floor_B2_U020_R2,785.758174213,6.095745080,command,0.200000,-5.002158165,-0.155060172,1.000403166,0.039413925,-0.020222418,1.000416160,ros2_odometer_state
M19C_S1_lab_hard_floor_B2_U020_R2,785.759094665,6.096665532,command,0.200000,-5.002158165,-0.155060172,1.000403166,0.039412040,-0.020216189,1.000413656,ros2_odometer_state
M19C_S1_lab_hard_floor_B2_U020_R2,785.760111280,6.097682147,command,0.200000,-5.002158165,-0.155060172,1.000403166,0.039410844,-0.020216526,1.000409961,ros2_odometer_state
M19C_S1_lab_hard_floor_B2_U020_R2,785.760427261,6.097998128,command,0.200000,-5.002158165,-0.155060172,1.000403166,0.039410844,-0.020216526,1.000409961,ros2_odometer_state
M19C_S1_lab_hard_floor_B2_U020_R2,785.762790777,6.100361644,command,0.200000,-5.002158165,-0.155060172,1.000403166,0.039417375,-0.020206679,1.000414133,ros2_odometer_state
M19C_S1_lab_hard_floor_B2_U020_R2,785.764792742,6.102363609,command,0.200000,-5.002158165,-0.155060172,1.000414133,0.039414208,-0.020201117,1.000420570,ros2_odometer_state
M19C_S1_lab_hard_floor_B2_U020_R2,785.766886296,6.104457163,command,0.200000,-5.002158165,-0.155060172,1.000414133,0.039418787,-0.020190343,1.000428557,ros2_odometer_state
M19C_S1_lab_hard_floor_B2_U020_R2,785.767922368,6.105493235,command,0.200000,-5.002158165,-0.155060172,1.000414133,0.039418787,-0.020190343,1.000428557,ros2_odometer_state
M19C_S1_lab_hard_floor_B2_U020_R2,785.771348421,6.108919288,command,0.200000,-5.002158165,-0.155060172,1.000414133,0.039434593,-0.020160986,1.000445724,ros2_odometer_state
M19C_S1_lab_hard_floor_B2_U020_R2,785.773171436,6.110742303,command,0.200000,-5.002158165,-0.155060172,1.000414133,0.039432745,-0.020155387,1.000453949,ros2_odometer_state
M19C_S1_lab_hard_floor_B2_U020_R2,785.774031917,6.111602784,command,0.200000,-5.002158165,-0.155060172,1.000414133,0.039432745,-0.020155387,1.000453949,ros2_odometer_state
M19C_S1_lab_hard_floor_B2_U020_R2,785.776755127,6.114325994,command,0.200000,-5.002158165,-0.155060172,1.000414133,0.039439078,-0.020145671,1.000459909,ros2_odometer_state
M19C_S1_lab_hard_floor_B2_U020_R2,785.778820199,6.116391066,command,0.200000,-5.002158165,-0.155060172,1.000414133,0.039436109,-0.020144945,1.000460863,ros2_odometer_state
M19C_S1_lab_hard_floor_B2_U020_R2,785.781209348,6.118780215,command,0.200000,-5.002158165,-0.155060172,1.000414133,0.039436579,-0.020139858,1.000459433,ros2_odometer_state
M19C_S1_lab_hard_floor_B2_U020_R2,785.783063532,6.120634399,command,0.200000,-5.002158165,-0.155060172,1.000414133,0.039439172,-0.020134091,1.000465989,ros2_odometer_state
M19C_S1_lab_hard_floor_B2_U020_R2,785.784118869,6.121689736,command,0.200000,-5.002158165,-0.155060172,1.000465989,0.039439172,-0.020134091,1.000465989,ros2_odometer_state
M19C_S1_lab_hard_floor_B2_U020_R2,785.785988766,6.123559633,command,0.200000,-5.002158165,-0.155060172,1.000465989,0.039449885,-0.020134922,1.000480652,ros2_odometer_state
M19C_S1_lab_hard_floor_B2_U020_R2,785.788139249,6.125710116,command,0.200000,-5.002158165,-0.155060172,1.000465989,0.039457846,-0.020128794,1.000490189,ros2_odometer_state
M19C_S1_lab_hard_floor_B2_U020_R2,785.790617010,6.128187877,command,0.200000,-5.002158165,-0.155060172,1.000465989,0.039462503,-0.020119213,1.000498176,ros2_odometer_state
M19C_S1_lab_hard_floor_B2_U020_R2,785.792861417,6.130432284,command,0.200000,-5.002158165,-0.155060172,1.000465989,0.039459918,-0.020103078,1.000505447,ros2_odometer_state
M19C_S1_lab_hard_floor_B2_U020_R2,785.794261247,6.131832114,command,0.200000,-5.002158165,-0.155060172,1.000465989,0.039459918,-0.020103078,1.000505447,ros2_odometer_state
M19C_S1_lab_hard_floor_B2_U020_R2,785.796031268,6.133602135,command,0.200000,-5.002158165,-0.155060172,1.000465989,0.039457362,-0.020090520,1.000499129,ros2_odometer_state
M19C_S1_lab_hard_floor_B2_U020_R2,785.798090036,6.135660903,command,0.200000,-5.002158165,-0.155060172,1.000465989,0.039459173,-0.020082269,1.000498533,ros2_odometer_state
M19C_S1_lab_hard_floor_B2_U020_R2,785.800103906,6.137674773,command,0.200000,-5.002158165,-0.155060172,1.000465989,0.039461955,-0.020073298,1.000498652,ros2_odometer_state
M19C_S1_lab_hard_floor_B2_U020_R2,785.802723912,6.140294779,command,0.200000,-5.002158165,-0.155060172,1.000465989,0.039464843,-0.020070300,1.000507355,ros2_odometer_state
M19C_S1_lab_hard_floor_B2_U020_R2,785.806627104,6.144197971,command,0.200000,-5.002158165,-0.155060172,1.000517249,0.039469026,-0.020060040,1.000517726,ros2_odometer_state
M19C_S1_lab_hard_floor_B2_U020_R2,785.808854390,6.146425257,command,0.200000,-5.002158165,-0.155060172,1.000517249,0.039475724,-0.020051384,1.000524640,ros2_odometer_state
M19C_S1_lab_hard_floor_B2_U020_R2,785.809162210,6.146733077,command,0.200000,-5.002158165,-0.155060172,1.000517249,0.039475724,-0.020051384,1.000524640,ros2_odometer_state
M19C_S1_lab_hard_floor_B2_U020_R2,785.813062906,6.150633773,command,0.200000,-5.002158165,-0.155060172,1.000517249,0.039481729,-0.020031817,1.000549793,ros2_odometer_state
M19C_S1_lab_hard_floor_B2_U020_R2,785.814282345,6.151853212,command,0.200000,-5.002158165,-0.155060172,1.000517249,0.039483011,-0.020024184,1.000552654,ros2_odometer_state
M19C_S1_lab_hard_floor_B2_U020_R2,785.815162763,6.152733630,command,0.200000,-5.002158165,-0.155060172,1.000517249,0.039476287,-0.020020373,1.000562906,ros2_odometer_state
M19C_S1_lab_hard_floor_B2_U020_R2,785.818532750,6.156103617,command,0.200000,-5.002158165,-0.155060172,1.000517249,0.039476287,-0.020020373,1.000562906,ros2_odometer_state
M19C_S1_lab_hard_floor_B2_U020_R2,785.819692123,6.157262990,command,0.200000,-5.002158165,-0.155060172,1.000517249,0.039467674,-0.020012140,1.000576377,ros2_odometer_state
M19C_S1_lab_hard_floor_B2_U020_R2,785.822471911,6.160042778,command,0.200000,-5.002158165,-0.155060172,1.000517249,0.039465092,-0.020000275,1.000588536,ros2_odometer_state
M19C_S1_lab_hard_floor_B2_U020_R2,785.824073285,6.161644152,command,0.200000,-5.002158165,-0.155060172,1.000517249,0.039462682,-0.019994823,1.000597239,ros2_odometer_state
M19C_S1_lab_hard_floor_B2_U020_R2,785.825345527,6.162916394,command,0.200000,-5.002158165,-0.155060172,1.000605702,0.039462108,-0.019986821,1.000605702,ros2_odometer_state
M19C_S1_lab_hard_floor_B2_U020_R2,785.826936757,6.164507624,command,0.200000,-5.002158165,-0.155060172,1.000605702,0.039465517,-0.019985944,1.000613928,ros2_odometer_state
M19C_S1_lab_hard_floor_B2_U020_R2,785.828299338,6.165870205,command,0.200000,-5.002158165,-0.155060172,1.000605702,0.039472781,-0.019985925,1.000628352,ros2_odometer_state
M19C_S1_lab_hard_floor_B2_U020_R2,785.830930544,6.168501411,command,0.200000,-5.002158165,-0.155060172,1.000605702,0.039481007,-0.019981384,1.000644088,ros2_odometer_state
M19C_S1_lab_hard_floor_B2_U020_R2,785.835065744,6.172636611,command,0.200000,-5.002158165,-0.155060172,1.000605702,0.039485630,-0.019971205,1.000668049,ros2_odometer_state
M19C_S1_lab_hard_floor_B2_U020_R2,785.835408958,6.172979825,command,0.200000,-5.002158165,-0.155060172,1.000605702,0.039485630,-0.019971205,1.000668049,ros2_odometer_state
M19C_S1_lab_hard_floor_B2_U020_R2,785.837599347,6.175170214,command,0.200000,-5.002158165,-0.155060172,1.000605702,0.039490677,-0.019975001,1.000672817,ros2_odometer_state
M19C_S1_lab_hard_floor_B2_U020_R2,785.839555103,6.177125970,command,0.200000,-5.002158165,-0.155060172,1.000605702,0.039491922,-0.019975234,1.000682235,ros2_odometer_state
M19C_S1_lab_hard_floor_B2_U020_R2,785.840946229,6.178517096,command,0.200000,-5.002158165,-0.155060172,1.000605702,0.039487854,-0.019970480,1.000694871,ros2_odometer_state
M19C_S1_lab_hard_floor_B2_U020_R2,785.843256879,6.180827746,command,0.200000,-5.002158165,-0.155060172,1.000605702,0.039480112,-0.019960107,1.000704169,ros2_odometer_state
M19C_S1_lab_hard_floor_B2_U020_R2,785.845349216,6.182920083,command,0.200000,-5.002158165,-0.155060172,1.000704169,0.039473571,-0.019954072,1.000706792,ros2_odometer_state
M19C_S1_lab_hard_floor_B2_U020_R2,785.847189352,6.184760219,command,0.200000,-5.002158165,-0.155060172,1.000704169,0.039472081,-0.019957032,1.000706315,ros2_odometer_state
M19C_S1_lab_hard_floor_B2_U020_R2,785.849285241,6.186856108,command,0.200000,-5.002158165,-0.155060172,1.000704169,0.039469510,-0.019956987,1.000709295,ros2_odometer_state
M19C_S1_lab_hard_floor_B2_U020_R2,785.850825365,6.188396232,command,0.200000,-5.002158165,-0.155060172,1.000704169,0.039469510,-0.019956987,1.000709295,ros2_odometer_state
M19C_S1_lab_hard_floor_B2_U020_R2,785.853253491,6.190824358,command,0.200000,-5.002158165,-0.155060172,1.000704169,0.039461125,-0.019949621,1.000710130,ros2_odometer_state
M19C_S1_lab_hard_floor_B2_U020_R2,785.854391423,6.191962290,command,0.200000,-5.002158165,-0.155060172,1.000704169,0.039461125,-0.019949621,1.000710130,ros2_odometer_state
M19C_S1_lab_hard_floor_B2_U020_R2,785.856385005,6.193955872,command,0.200000,-5.002158165,-0.155060172,1.000704169,0.039466497,-0.019949360,1.000713825,ros2_odometer_state
M19C_S1_lab_hard_floor_B2_U020_R2,785.859152568,6.196723435,command,0.200000,-5.002158165,-0.155060172,1.000704169,0.039471582,-0.019947538,1.000722647,ros2_odometer_state
M19C_S1_lab_hard_floor_B2_U020_R2,785.860363495,6.197934362,command,0.200000,-5.002158165,-0.155060172,1.000704169,0.039471582,-0.019947538,1.000722647,ros2_odometer_state
M19C_S1_lab_hard_floor_B2_U020_R2,785.862392534,6.199963401,command,0.200000,-5.002158165,-0.155060172,1.000704169,0.039480492,-0.019950012,1.000721097,ros2_odometer_state
M19C_S1_lab_hard_floor_B2_U020_R2,785.865090335,6.202661202,command,0.200000,-5.002158165,-0.155060172,1.000710845,0.039486460,-0.019959429,1.000700593,ros2_odometer_state
M19C_S1_lab_hard_floor_B2_U020_R2,785.866868900,6.204439767,command,0.200000,-5.002158165,-0.155060172,1.000710845,0.039490122,-0.019955954,1.000698686,ros2_odometer_state
M19C_S1_lab_hard_floor_B2_U020_R2,785.868820944,6.206391811,command,0.200000,-5.002158165,-0.155060172,1.000710845,0.039488085,-0.019943459,1.000704885,ros2_odometer_state
M19C_S1_lab_hard_floor_B2_U020_R2,785.871445302,6.209016169,command,0.200000,-5.002158165,-0.155060172,1.000710845,0.039484844,-0.019939918,1.000714660,ros2_odometer_state
M19C_S1_lab_hard_floor_B2_U020_R2,785.872967409,6.210538276,command,0.200000,-5.002158165,-0.155060172,1.000710845,0.039479725,-0.019940957,1.000720024,ros2_odometer_state
M19C_S1_lab_hard_floor_B2_U020_R2,785.874227618,6.211798485,command,0.200000,-5.002158165,-0.155060172,1.000710845,0.039479725,-0.019940957,1.000720024,ros2_odometer_state
M19C_S1_lab_hard_floor_B2_U020_R2,785.876963404,6.214534271,command,0.200000,-5.002158165,-0.155060172,1.000710845,0.039474834,-0.019945385,1.000721812,ros2_odometer_state
M19C_S1_lab_hard_floor_B2_U020_R2,785.879119712,6.216690579,command,0.200000,-5.002158165,-0.155060172,1.000710845,0.039475750,-0.019946704,1.000721931,ros2_odometer_state
M19C_S1_lab_hard_floor_B2_U020_R2,785.881376312,6.218947179,command,0.200000,-5.002158165,-0.155060172,1.000710845,0.039477982,-0.019948147,1.000722647,ros2_odometer_state
M19C_S1_lab_hard_floor_B2_U020_R2,785.884381804,6.221952671,command,0.200000,-5.002158165,-0.155060172,1.000710845,0.039477240,-0.019946156,1.000723124,ros2_odometer_state
M19C_S1_lab_hard_floor_B2_U020_R2,785.884820030,6.222390897,command,0.200000,-5.002158165,-0.155060172,1.000723124,0.039477240,-0.019946156,1.000723124,ros2_odometer_state
M19C_S1_lab_hard_floor_B2_U020_R2,785.886379738,6.223950605,command,0.200000,-5.002158165,-0.155060172,1.000723124,0.039471760,-0.019946696,1.000723124,ros2_odometer_state
M19C_S1_lab_hard_floor_B2_U020_R2,785.889136741,6.226707608,command,0.200000,-5.002158165,-0.155060172,1.000723124,0.039470207,-0.019941172,1.000723839,ros2_odometer_state
M19C_S1_lab_hard_floor_B2_U020_R2,785.891652871,6.229223738,command,0.200000,-5.002158165,-0.155060172,1.000723124,0.039466482,-0.019937748,1.000718594,ros2_odometer_state
M19C_S1_lab_hard_floor_B2_U020_R2,785.892394308,6.229965175,command,0.200000,-5.002158165,-0.155060172,1.000723124,0.039466482,-0.019937748,1.000718594,ros2_odometer_state
M19C_S1_lab_hard_floor_B2_U020_R2,785.895288564,6.232859431,command,0.200000,-5.002158165,-0.155060172,1.000723124,0.039482363,-0.019940957,1.000707746,ros2_odometer_state
M19C_S1_lab_hard_floor_B2_U020_R2,785.896850097,6.234420964,command,0.200000,-5.002158165,-0.155060172,1.000723124,0.039482363,-0.019940957,1.000707746,ros2_odometer_state
M19C_S1_lab_hard_floor_B2_U020_R2,785.899027781,6.236598648,command,0.200000,-5.002158165,-0.155060172,1.000723124,0.039485060,-0.019935669,1.000701427,ros2_odometer_state
M19C_S1_lab_hard_floor_B2_U020_R2,785.901820018,6.239390885,command,0.200000,-5.002158165,-0.155060172,1.000723124,0.039483387,-0.019934710,1.000705600,ros2_odometer_state
M19C_S1_lab_hard_floor_B2_U020_R2,785.903085603,6.240656470,command,0.200000,-5.002158165,-0.155060172,1.000723124,0.039479431,-0.019937020,1.000708818,ros2_odometer_state
M19C_S1_lab_hard_floor_B2_U020_R2,785.905225398,6.242796265,command,0.200000,-5.002158165,-0.155060172,1.000707150,0.039479282,-0.019927330,1.000701904,ros2_odometer_state
M19C_S1_lab_hard_floor_B2_U020_R2,785.906856054,6.244426921,command,0.200000,-5.002158165,-0.155060172,1.000707150,0.039479282,-0.019927330,1.000701904,ros2_odometer_state
M19C_S1_lab_hard_floor_B2_U020_R2,785.909198257,6.246769124,command,0.200000,-5.002158165,-0.155060172,1.000707150,0.039465751,-0.019932378,1.000692964,ros2_odometer_state
M19C_S1_lab_hard_floor_B2_U020_R2,785.911658832,6.249229699,command,0.200000,-5.002158165,-0.155060172,1.000707150,0.039460879,-0.019933298,1.000689507,ros2_odometer_state
M19C_S1_lab_hard_floor_B2_U020_R2,785.913206412,6.250777279,command,0.200000,-5.002158165,-0.155060172,1.000707150,0.039463300,-0.019939940,1.000682473,ros2_odometer_state
M19C_S1_lab_hard_floor_B2_U020_R2,785.917816415,6.255387282,command,0.200000,-5.002158165,-0.155060172,1.000707150,0.039466199,-0.019942652,1.000675678,ros2_odometer_state
M19C_S1_lab_hard_floor_B2_U020_R2,785.920018421,6.257589288,command,0.200000,-5.002158165,-0.155060172,1.000707150,0.039460953,-0.019951411,1.000674009,ros2_odometer_state
M19C_S1_lab_hard_floor_B2_U020_R2,785.921447148,6.259018015,command,0.200000,-5.002158165,-0.155060172,1.000707150,0.039458908,-0.019958708,1.000675559,ros2_odometer_state
M19C_S1_lab_hard_floor_B2_U020_R2,785.922571672,6.260142539,command,0.200000,-5.002158165,-0.155060172,1.000707150,0.039460655,-0.019958457,1.000674486,ros2_odometer_state
M19C_S1_lab_hard_floor_B2_U020_R2,785.923504700,6.261075567,command,0.200000,-5.002158165,-0.155060172,1.000707150,0.039456729,-0.019958239,1.000665069,ros2_odometer_state
M19C_S1_lab_hard_floor_B2_U020_R2,785.924475042,6.262045909,command,0.200000,-5.002158165,-0.155060172,1.000665069,0.039456729,-0.019958239,1.000665069,ros2_odometer_state
M19C_S1_lab_hard_floor_B2_U020_R2,785.926390733,6.263961600,command,0.200000,-5.002158165,-0.155060172,1.000665069,0.039453175,-0.019960482,1.000661135,ros2_odometer_state
M19C_S1_lab_hard_floor_B2_U020_R2,785.929973880,6.267544747,command,0.200000,-5.002158165,-0.155060172,1.000665069,0.039465152,-0.019969812,1.000665069,ros2_odometer_state
M19C_S1_lab_hard_floor_B2_U020_R2,785.932801798,6.270372665,command,0.200000,-5.002158165,-0.155060172,1.000665069,0.039462622,-0.019969566,1.000664949,ros2_odometer_state
M19C_S1_lab_hard_floor_B2_U020_R2,785.933798156,6.271369023,command,0.200000,-5.002158165,-0.155060172,1.000665069,0.039460544,-0.019971428,1.000661373,ros2_odometer_state
M19C_S1_lab_hard_floor_B2_U020_R2,785.934565642,6.272136509,command,0.200000,-5.002158165,-0.155060172,1.000665069,0.039460544,-0.019971428,1.000661373,ros2_odometer_state
M19C_S1_lab_hard_floor_B2_U020_R2,785.936300398,6.273871265,command,0.200000,-5.002158165,-0.155060172,1.000665069,0.039461367,-0.019979043,1.000662684,ros2_odometer_state
M19C_S1_lab_hard_floor_B2_U020_R2,785.938288987,6.275859854,command,0.200000,-5.002158165,-0.155060172,1.000665069,0.039457988,-0.019985177,1.000661731,ros2_odometer_state
M19C_S1_lab_hard_floor_B2_U020_R2,785.941053638,6.278624505,command,0.200000,-5.002158165,-0.155060172,1.000665069,0.039459117,-0.019995689,1.000660658,ros2_odometer_state
M19C_S1_lab_hard_floor_B2_U020_R2,785.944068859,6.281639726,command,0.200000,-5.002158165,-0.155060172,1.000665069,0.039456703,-0.020001717,1.000666738,ros2_odometer_state
M19C_S1_lab_hard_floor_B2_U020_R2,785.944507756,6.282078623,command,0.200000,-5.002158165,-0.155060172,1.000666738,0.039456703,-0.020001717,1.000666738,ros2_odometer_state
M19C_S1_lab_hard_floor_B2_U020_R2,785.947036751,6.284607618,command,0.200000,-5.002158165,-0.155060172,1.000666738,0.039460961,-0.020009723,1.000674725,ros2_odometer_state
M19C_S1_lab_hard_floor_B2_U020_R2,785.949024892,6.286595759,command,0.200000,-5.002158165,-0.155060172,1.000666738,0.039455783,-0.020016521,1.000674129,ros2_odometer_state
M19C_S1_lab_hard_floor_B2_U020_R2,785.950910501,6.288481368,command,0.200000,-5.002158165,-0.155060172,1.000666738,0.039455783,-0.020016521,1.000674129,ros2_odometer_state
M19C_S1_lab_hard_floor_B2_U020_R2,785.953145596,6.290716463,command,0.200000,-5.002158165,-0.155060172,1.000666738,0.039452929,-0.020023394,1.000682831,ros2_odometer_state
M19C_S1_lab_hard_floor_B2_U020_R2,785.955229965,6.292800832,command,0.200000,-5.002158165,-0.155060172,1.000666738,0.039452646,-0.020028729,1.000687122,ros2_odometer_state
M19C_S1_lab_hard_floor_B2_U020_R2,785.957120278,6.294691145,command,0.200000,-5.002158165,-0.155060172,1.000666738,0.039451789,-0.020028329,1.000683308,ros2_odometer_state
M19C_S1_lab_hard_floor_B2_U020_R2,785.959540276,6.297111143,command,0.200000,-5.002158165,-0.155060172,1.000666738,0.039451521,-0.020028694,1.000686646,ros2_odometer_state
M19C_S1_lab_hard_floor_B2_U020_R2,785.961162419,6.298733286,command,0.200000,-5.002158165,-0.155060172,1.000666738,0.039450854,-0.020036869,1.000694752,ros2_odometer_state
M19C_S1_lab_hard_floor_B2_U020_R2,785.963108735,6.300679602,command,0.200000,-5.002158165,-0.155060172,1.000666738,0.039455086,-0.020043943,1.000693917,ros2_odometer_state
M19C_S1_lab_hard_floor_B2_U020_R2,785.965153391,6.302724258,command,0.200000,-5.002158165,-0.155060172,1.000693917,0.039456446,-0.020045755,1.000685334,ros2_odometer_state
M19C_S1_lab_hard_floor_B2_U020_R2,785.967669968,6.305240835,command,0.200000,-5.002158165,-0.155060172,1.000693917,0.039448574,-0.020050205,1.000683546,ros2_odometer_state
M19C_S1_lab_hard_floor_B2_U020_R2,785.969242029,6.306812896,command,0.200000,-5.002158165,-0.155060172,1.000693917,0.039439920,-0.020053944,1.000691056,ros2_odometer_state
M19C_S1_lab_hard_floor_B2_U020_R2,785.971776208,6.309347075,command,0.200000,-5.002158165,-0.155060172,1.000693917,0.039440516,-0.020062009,1.000702262,ros2_odometer_state
M19C_S1_lab_hard_floor_B2_U020_R2,785.972597520,6.310168387,command,0.200000,-5.002158165,-0.155060172,1.000693917,0.039440516,-0.020062009,1.000702262,ros2_odometer_state
M19C_S1_lab_hard_floor_B2_U020_R2,785.974405846,6.311976713,command,0.200000,-5.002158165,-0.155060172,1.000693917,0.039445877,-0.020062855,1.000708222,ros2_odometer_state
M19C_S1_lab_hard_floor_B2_U020_R2,785.976379747,6.313950614,command,0.200000,-5.002158165,-0.155060172,1.000693917,0.039449360,-0.020069707,1.000709891,ros2_odometer_state
M19C_S1_lab_hard_floor_B2_U020_R2,785.978368368,6.315939235,command,0.200000,-5.002158165,-0.155060172,1.000693917,0.039453160,-0.020076711,1.000708938,ros2_odometer_state
M19C_S1_lab_hard_floor_B2_U020_R2,785.980404383,6.317975250,command,0.200000,-5.002158165,-0.155060172,1.000693917,0.039451215,-0.020085257,1.000707269,ros2_odometer_state
M19C_S1_lab_hard_floor_B2_U020_R2,785.982436302,6.320007169,command,0.200000,-5.002158165,-0.155060172,1.000693917,0.039448641,-0.020097166,1.000703812,ros2_odometer_state
M19C_S1_lab_hard_floor_B2_U020_R2,785.985521510,6.323092377,command,0.200000,-5.002158165,-0.155060172,1.000701666,0.039443057,-0.020112315,1.000711083,ros2_odometer_state
M19C_S1_lab_hard_floor_B2_U020_R2,785.986440170,6.324011037,command,0.200000,-5.002158165,-0.155060172,1.000701666,0.039443057,-0.020112315,1.000711083,ros2_odometer_state
M19C_S1_lab_hard_floor_B2_U020_R2,785.988386933,6.325957800,command,0.200000,-5.002158165,-0.155060172,1.000701666,0.039448064,-0.020121422,1.000714898,ros2_odometer_state
M19C_S1_lab_hard_floor_B2_U020_R2,785.991056541,6.328627408,command,0.200000,-5.002158165,-0.155060172,1.000701666,0.039451282,-0.020121796,1.000715852,ros2_odometer_state
M19C_S1_lab_hard_floor_B2_U020_R2,785.992448563,6.330019430,command,0.200000,-5.002158165,-0.155060172,1.000701666,0.039448794,-0.020126468,1.000711918,ros2_odometer_state
M19C_S1_lab_hard_floor_B2_U020_R2,785.994532196,6.332103063,command,0.200000,-5.002158165,-0.155060172,1.000701666,0.039446343,-0.020132957,1.000708461,ros2_odometer_state
M19C_S1_lab_hard_floor_B2_U020_R2,785.996410093,6.333980960,command,0.200000,-5.002158165,-0.155060172,1.000701666,0.039449058,-0.020140802,1.000708580,ros2_odometer_state
M19C_S1_lab_hard_floor_B2_U020_R2,785.998539840,6.336110707,command,0.200000,-5.002158165,-0.155060172,1.000701666,0.039447103,-0.020147810,1.000703096,ros2_odometer_state
M19C_S1_lab_hard_floor_B2_U020_R2,786.000543853,6.338114720,command,0.200000,-5.002158165,-0.155060172,1.000701666,0.039442677,-0.020158211,1.000698686,ros2_odometer_state
M19C_S1_lab_hard_floor_B2_U020_R2,786.002601469,6.340172336,command,0.200000,-5.002158165,-0.155060172,1.000701666,0.039431904,-0.020170743,1.000704527,ros2_odometer_state
M19C_S1_lab_hard_floor_B2_U020_R2,786.005534447,6.343105314,command,0.200000,-5.002158165,-0.155060172,1.000711560,0.039423130,-0.020172600,1.000710487,ros2_odometer_state
M19C_S1_lab_hard_floor_B2_U020_R2,786.006538614,6.344109481,command,0.200000,-5.002158165,-0.155060172,1.000711560,0.039423130,-0.020172600,1.000710487,ros2_odometer_state
M19C_S1_lab_hard_floor_B2_U020_R2,786.008427264,6.345998131,command,0.200000,-5.002158165,-0.155060172,1.000711560,0.039417136,-0.020175209,1.000709176,ros2_odometer_state
M19C_S1_lab_hard_floor_B2_U020_R2,786.011520184,6.349091051,command,0.200000,-5.002158165,-0.155060172,1.000711560,0.039405353,-0.020177253,1.000708342,ros2_odometer_state
M19C_S1_lab_hard_floor_B2_U020_R2,786.012781353,6.350352220,command,0.200000,-5.002158165,-0.155060172,1.000711560,0.039400376,-0.020185467,1.000706315,ros2_odometer_state
M19C_S1_lab_hard_floor_B2_U020_R2,786.014621360,6.352192227,command,0.200000,-5.002158165,-0.155060172,1.000711560,0.039407142,-0.020202391,1.000702858,ros2_odometer_state
M19C_S1_lab_hard_floor_B2_U020_R2,786.017648358,6.355219225,command,0.200000,-5.002158165,-0.155060172,1.000711560,0.039404072,-0.020216836,1.000677705,ros2_odometer_state
M19C_S1_lab_hard_floor_B2_U020_R2,786.018500487,6.356071354,command,0.200000,-5.002158165,-0.155060172,1.000711560,0.039404072,-0.020216836,1.000677705,ros2_odometer_state
M19C_S1_lab_hard_floor_B2_U020_R2,786.020473364,6.358044231,command,0.200000,-5.002158165,-0.155060172,1.000711560,0.039402928,-0.020219812,1.000669837,ros2_odometer_state
M19C_S1_lab_hard_floor_B2_U020_R2,786.022530212,6.360101079,command,0.200000,-5.002158165,-0.155060172,1.000711560,0.039406229,-0.020223090,1.000669599,ros2_odometer_state
M19C_S1_lab_hard_floor_B2_U020_R2,786.024595092,6.362165959,command,0.200000,-5.002158165,-0.155060172,1.000663638,0.039406884,-0.020222113,1.000663638,ros2_odometer_state
M19C_S1_lab_hard_floor_B2_U020_R2,786.026482429,6.364053296,command,0.200000,-5.002158165,-0.155060172,1.000663638,0.039406117,-0.020230489,1.000664473,ros2_odometer_state
M19C_S1_lab_hard_floor_B2_U020_R2,786.028459082,6.366029949,command,0.200000,-5.002158165,-0.155060172,1.000663638,0.039400809,-0.020237278,1.000666499,ros2_odometer_state
M19C_S1_lab_hard_floor_B2_U020_R2,786.031090864,6.368661731,command,0.200000,-5.002158165,-0.155060172,1.000663638,0.039397709,-0.020249682,1.000661731,ros2_odometer_state
M19C_S1_lab_hard_floor_B2_U020_R2,786.032502695,6.370073562,command,0.200000,-5.002158165,-0.155060172,1.000663638,0.039396081,-0.020256044,1.000653744,ros2_odometer_state
M19C_S1_lab_hard_floor_B2_U020_R2,786.034615865,6.372186732,command,0.200000,-5.002158165,-0.155060172,1.000663638,0.039391749,-0.020255297,1.000643134,ros2_odometer_state
M19C_S1_lab_hard_floor_B2_U020_R2,786.036508995,6.374079862,command,0.200000,-5.002158165,-0.155060172,1.000663638,0.039391138,-0.020262813,1.000636816,ros2_odometer_state
M19C_S1_lab_hard_floor_B2_U020_R2,786.038512881,6.376083748,command,0.200000,-5.002158165,-0.155060172,1.000663638,0.039390750,-0.020271474,1.000632048,ros2_odometer_state
M19C_S1_lab_hard_floor_B2_U020_R2,786.040481533,6.378052400,command,0.200000,-5.002158165,-0.155060172,1.000663638,0.039380763,-0.020278780,1.000627041,ros2_odometer_state
M19C_S1_lab_hard_floor_B2_U020_R2,786.042545005,6.380115872,command,0.200000,-5.002158165,-0.155060172,1.000663638,0.039376933,-0.020281354,1.000624418,ros2_odometer_state
M19C_S1_lab_hard_floor_B2_U020_R2,786.045471807,6.383042674,command,0.200000,-5.002158165,-0.155060172,1.000621080,0.039389104,-0.020302139,1.000615716,ros2_odometer_state
M19C_S1_lab_hard_floor_B2_U020_R2,786.046509415,6.384080282,command,0.200000,-5.002158165,-0.155060172,1.000621080,0.039389104,-0.020302139,1.000615716,ros2_odometer_state
M19C_S1_lab_hard_floor_B2_U020_R2,786.049324565,6.386895432,command,0.200000,-5.002158165,-0.155060172,1.000621080,0.039392974,-0.020322865,1.000604510,ros2_odometer_state
M19C_S1_lab_hard_floor_B2_U020_R2,786.051176573,6.388747440,command,0.200000,-5.002158165,-0.155060172,1.000621080,0.039392974,-0.020322865,1.000604510,ros2_odometer_state
M19C_S1_lab_hard_floor_B2_U020_R2,786.052605108,6.390175975,command,0.200000,-5.002158165,-0.155060172,1.000621080,0.039389577,-0.020335075,1.000601888,ros2_odometer_state
M19C_S1_lab_hard_floor_B2_U020_R2,786.054602082,6.392172949,command,0.200000,-5.002158165,-0.155060172,1.000621080,0.039390270,-0.020349821,1.000601888,ros2_odometer_state
M19C_S1_lab_hard_floor_B2_U020_R2,786.056541005,6.394111872,command,0.200000,-5.002158165,-0.155060172,1.000621080,0.039400302,-0.020361399,1.000606179,ros2_odometer_state
M19C_S1_lab_hard_floor_B2_U020_R2,786.058534330,6.396105197,command,0.200000,-5.002158165,-0.155060172,1.000621080,0.039397381,-0.020370046,1.000607610,ros2_odometer_state
M19C_S1_lab_hard_floor_B2_U020_R2,786.060537640,6.398108507,command,0.200000,-5.002158165,-0.155060172,1.000621080,0.039393399,-0.020378107,1.000608325,ros2_odometer_state
M19C_S1_lab_hard_floor_B2_U020_R2,786.062557015,6.400127882,command,0.200000,-5.002158165,-0.155060172,1.000621080,0.039390277,-0.020388193,1.000606060,ros2_odometer_state
M19C_S1_lab_hard_floor_B2_U020_R2,786.064701034,6.402271901,command,0.200000,-5.002158165,-0.155060172,1.000605822,0.039383668,-0.020396003,1.000605822,ros2_odometer_state
M19C_S1_lab_hard_floor_B2_U020_R2,786.066593844,6.404164711,command,0.200000,-5.002158165,-0.155060172,1.000605822,0.039381143,-0.020409655,1.000611305,ros2_odometer_state
M19C_S1_lab_hard_floor_B2_U020_R2,786.068632355,6.406203222,command,0.200000,-5.002158165,-0.155060172,1.000605822,0.039380830,-0.020418171,1.000615120,ros2_odometer_state
M19C_S1_lab_hard_floor_B2_U020_R2,786.071906722,6.409477589,command,0.200000,-5.002158165,-0.155060172,1.000605822,0.039390333,-0.020444486,1.000609279,ros2_odometer_state
M19C_S1_lab_hard_floor_B2_U020_R2,786.072666848,6.410237715,command,0.200000,-5.002158165,-0.155060172,1.000605822,0.039390333,-0.020444486,1.000609279,ros2_odometer_state
M19C_S1_lab_hard_floor_B2_U020_R2,786.074630188,6.412201055,command,0.200000,-5.002158165,-0.155060172,1.000605822,0.039393656,-0.020458104,1.000614762,ros2_odometer_state
M19C_S1_lab_hard_floor_B2_U020_R2,786.076573847,6.414144714,command,0.200000,-5.002158165,-0.155060172,1.000605822,0.039394364,-0.020466197,1.000620723,ros2_odometer_state
M19C_S1_lab_hard_floor_B2_U020_R2,786.079315874,6.416886741,command,0.200000,-5.002158165,-0.155060172,1.000605822,0.039391875,-0.020475319,1.000607491,ros2_odometer_state
M19C_S1_lab_hard_floor_B2_U020_R2,786.081365585,6.418936452,command,0.200000,-5.002158165,-0.155060172,1.000605822,0.039386038,-0.020488391,1.000606537,ros2_odometer_state
M19C_S1_lab_hard_floor_B2_U020_R2,786.084806199,6.422377066,command,0.200000,-5.002158165,-0.155060172,1.000605822,0.039385010,-0.020502919,1.000604391,ros2_odometer_state
M19C_S1_lab_hard_floor_B2_U020_R2,786.085440816,6.423011683,command,0.200000,-5.002158165,-0.155060172,1.000604391,0.039385010,-0.020502919,1.000604391,ros2_odometer_state
M19C_S1_lab_hard_floor_B2_U020_R2,786.089381897,6.426952764,command,0.200000,-5.002158165,-0.155060172,1.000604391,0.039383546,-0.020526102,1.000600338,ros2_odometer_state
M19C_S1_lab_hard_floor_B2_U020_R2,786.090281388,6.427852255,command,0.200000,-5.002158165,-0.155060172,1.000604391,0.039382908,-0.020527402,1.000595212,ros2_odometer_state
M19C_S1_lab_hard_floor_B2_U020_R2,786.091276402,6.428847269,command,0.200000,-5.002158165,-0.155060172,1.000604391,0.039382908,-0.020527402,1.000595212,ros2_odometer_state
M19C_S1_lab_hard_floor_B2_U020_R2,786.092709418,6.430280285,command,0.200000,-5.002158165,-0.155060172,1.000604391,0.039383937,-0.020533308,1.000588417,ros2_odometer_state
M19C_S1_lab_hard_floor_B2_U020_R2,786.094645013,6.432215880,command,0.200000,-5.002158165,-0.155060172,1.000604391,0.039386164,-0.020539822,1.000589490,ros2_odometer_state
M19C_S1_lab_hard_floor_B2_U020_R2,786.098032153,6.435603020,command,0.200000,-5.002158165,-0.155060172,1.000604391,0.039381083,-0.020546697,1.000586152,ros2_odometer_state
M19C_S1_lab_hard_floor_B2_U020_R2,786.098636560,6.436207427,command,0.200000,-5.002158165,-0.155060172,1.000604391,0.039381083,-0.020546697,1.000586152,ros2_odometer_state
M19C_S1_lab_hard_floor_B2_U020_R2,786.100596029,6.438166896,command,0.200000,-5.002158165,-0.155060172,1.000604391,0.039383028,-0.020550949,1.000581384,ros2_odometer_state
M19C_S1_lab_hard_floor_B2_U020_R2,786.102780241,6.440351108,command,0.200000,-5.002158165,-0.155060172,1.000604391,0.039384883,-0.020560462,1.000571251,ros2_odometer_state
M19C_S1_lab_hard_floor_B2_U020_R2,786.104746622,6.442317489,command,0.200000,-5.002158165,-0.155060172,1.000566602,0.039387997,-0.020570548,1.000566602,ros2_odometer_state
M19C_S1_lab_hard_floor_B2_U020_R2,786.106621863,6.444192730,command,0.200000,-5.002158165,-0.155060172,1.000566602,0.039384738,-0.020578269,1.000571132,ros2_odometer_state
M19C_S1_lab_hard_floor_B2_U020_R2,786.108609940,6.446180807,command,0.200000,-5.002158165,-0.155060172,1.000566602,0.039384510,-0.020576127,1.000576019,ros2_odometer_state
M19C_S1_lab_hard_floor_B2_U020_R2,786.112041849,6.449612716,command,0.200000,-5.002158165,-0.155060172,1.000566602,0.039385054,-0.020594353,1.000574350,ros2_odometer_state
M19C_S1_lab_hard_floor_B2_U020_R2,786.113466769,6.451037636,command,0.200000,-5.002158165,-0.155060172,1.000566602,0.039380811,-0.020603795,1.000570893,ros2_odometer_state
M19C_S1_lab_hard_floor_B2_U020_R2,786.115589219,6.453160086,command,0.200000,-5.002158165,-0.155060172,1.000566602,0.039376684,-0.020613262,1.000566959,ros2_odometer_state
M19C_S1_lab_hard_floor_B2_U020_R2,786.117434603,6.455005470,command,0.200000,-5.002158165,-0.155060172,1.000566602,0.039370582,-0.020617919,1.000569344,ros2_odometer_state
M19C_S1_lab_hard_floor_B2_U020_R2,786.118658490,6.456229357,command,0.200000,-5.002158165,-0.155060172,1.000566602,0.039370582,-0.020617919,1.000569344,ros2_odometer_state
M19C_S1_lab_hard_floor_B2_U020_R2,786.122772698,6.460343565,command,0.200000,-5.002158165,-0.155060172,1.000566602,0.039369557,-0.020631550,1.000578284,ros2_odometer_state
M19C_S1_lab_hard_floor_B2_U020_R2,786.123191594,6.460762461,command,0.200000,-5.002158165,-0.155060172,1.000566602,0.039369557,-0.020631550,1.000578284,ros2_odometer_state
M19C_S1_lab_hard_floor_B2_U020_R2,786.125817232,6.463388099,command,0.200000,-5.002158165,-0.155060172,1.000578165,0.039365679,-0.020652186,1.000571012,ros2_odometer_state
M19C_S1_lab_hard_floor_B2_U020_R2,786.126808023,6.464378890,command,0.200000,-5.002158165,-0.155060172,1.000578165,0.039365679,-0.020652186,1.000571012,ros2_odometer_state
M19C_S1_lab_hard_floor_B2_U020_R2,786.128658911,6.466229778,command,0.200000,-5.002158165,-0.155060172,1.000578165,0.039365862,-0.020658951,1.000565648,ros2_odometer_state
M19C_S1_lab_hard_floor_B2_U020_R2,786.131288869,6.468859736,command,0.200000,-5.002158165,-0.155060172,1.000578165,0.039366793,-0.020670487,1.000563979,ros2_odometer_state
M19C_S1_lab_hard_floor_B2_U020_R2,786.133476250,6.471047117,command,0.200000,-5.002158165,-0.155060172,1.000578165,0.039364908,-0.020683713,1.000559688,ros2_odometer_state
M19C_S1_lab_hard_floor_B2_U020_R2,786.135515529,6.473086396,command,0.200000,-5.002158165,-0.155060172,1.000578165,0.039365113,-0.020689648,1.000553489,ros2_odometer_state
M19C_S1_lab_hard_floor_B2_U020_R2,786.137475989,6.475046856,command,0.200000,-5.002158165,-0.155060172,1.000578165,0.039361678,-0.020694304,1.000543833,ros2_odometer_state
M19C_S1_lab_hard_floor_B2_U020_R2,786.139415041,6.476985908,command,0.200000,-5.002158165,-0.155060172,1.000578165,0.039361209,-0.020709351,1.000536561,ros2_odometer_state
M19C_S1_lab_hard_floor_B2_U020_R2,786.141447152,6.479018019,command,0.200000,-5.002158165,-0.155060172,1.000578165,0.039368436,-0.020723015,1.000534415,ros2_odometer_state
M19C_S1_lab_hard_floor_B2_U020_R2,786.143443805,6.481014672,command,0.200000,-5.002158165,-0.155060172,1.000578165,0.039369732,-0.020727005,1.000523925,ros2_odometer_state
M19C_S1_lab_hard_floor_B2_U020_R2,786.144793874,6.482364741,command,0.200000,-5.002158165,-0.155060172,1.000523925,0.039369732,-0.020727005,1.000523925,ros2_odometer_state
M19C_S1_lab_hard_floor_B2_U020_R2,786.147492731,6.485063598,command,0.200000,-5.002158165,-0.155060172,1.000523925,0.039370887,-0.020749226,1.000509858,ros2_odometer_state
M19C_S1_lab_hard_floor_B2_U020_R2,786.148709322,6.486280189,command,0.200000,-5.002158165,-0.155060172,1.000523925,0.039370887,-0.020749226,1.000509858,ros2_odometer_state
M19C_S1_lab_hard_floor_B2_U020_R2,786.152345911,6.489916778,command,0.200000,-5.002158165,-0.155060172,1.000523925,0.039366502,-0.020774934,1.000501394,ros2_odometer_state
M19C_S1_lab_hard_floor_B2_U020_R2,786.153779375,6.491350242,command,0.200000,-5.002158165,-0.155060172,1.000523925,0.039365511,-0.020779036,1.000493407,ros2_odometer_state
M19C_S1_lab_hard_floor_B2_U020_R2,786.154912283,6.492483150,command,0.200000,-5.002158165,-0.155060172,1.000523925,0.039365511,-0.020779036,1.000493407,ros2_odometer_state
M19C_S1_lab_hard_floor_B2_U020_R2,786.157524320,6.495095187,command,0.200000,-5.002158165,-0.155060172,1.000523925,0.039361607,-0.020783365,1.000486851,ros2_odometer_state
M19C_S1_lab_hard_floor_B2_U020_R2,786.159527278,6.497098145,command,0.200000,-5.002158165,-0.155060172,1.000523925,0.039362375,-0.020790868,1.000485778,ros2_odometer_state
M19C_S1_lab_hard_floor_B2_U020_R2,786.161115596,6.498686463,command,0.200000,-5.002158165,-0.155060172,1.000523925,0.039362375,-0.020790868,1.000485778,ros2_odometer_state
M19C_S1_lab_hard_floor_B2_U020_R2,786.163842518,6.501413385,command,0.200000,-5.002158165,-0.155060172,1.000523925,0.039347704,-0.020807263,1.000477433,ros2_odometer_state
M19C_S1_lab_hard_floor_B2_U020_R2,786.166265876,6.503836743,command,0.200000,-5.002158165,-0.155060172,1.000477433,0.039342493,-0.020811986,1.000463486,ros2_odometer_state
M19C_S1_lab_hard_floor_B2_U020_R2,786.167671114,6.505241981,command,0.200000,-5.002158165,-0.155060172,1.000477433,0.039339136,-0.020822283,1.000460029,ros2_odometer_state
M19C_S1_lab_hard_floor_B2_U020_R2,786.169531763,6.507102630,command,0.200000,-5.002158165,-0.155060172,1.000477433,0.039337851,-0.020833500,1.000468373,ros2_odometer_state
M19C_S1_lab_hard_floor_B2_U020_R2,786.172246332,6.509817199,command,0.200000,-5.002158165,-0.155060172,1.000477433,0.039336354,-0.020840691,1.000466824,ros2_odometer_state
M19C_S1_lab_hard_floor_B2_U020_R2,786.172788785,6.510359652,command,0.200000,-5.002158165,-0.155060172,1.000477433,0.039336354,-0.020840691,1.000466824,ros2_odometer_state
M19C_S1_lab_hard_floor_B2_U020_R2,786.175840776,6.513411643,command,0.200000,-5.002158165,-0.155060172,1.000477433,0.039336670,-0.020841366,1.000468493,ros2_odometer_state
M19C_S1_lab_hard_floor_B2_U020_R2,786.177691536,6.515262403,command,0.200000,-5.002158165,-0.155060172,1.000477433,0.039326914,-0.020843744,1.000468612,ros2_odometer_state
M19C_S1_lab_hard_floor_B2_U020_R2,786.179646172,6.517217039,command,0.200000,-5.002158165,-0.155060172,1.000477433,0.039321270,-0.020846026,1.000466228,ros2_odometer_state
M19C_S1_lab_hard_floor_B2_U020_R2,786.182320996,6.519891863,command,0.200000,-5.002158165,-0.155060172,1.000477433,0.039324395,-0.020851998,1.000460505,ros2_odometer_state
M19C_S1_lab_hard_floor_B2_U020_R2,786.182924379,6.520495246,command,0.200000,-5.002158165,-0.155060172,1.000477433,0.039324395,-0.020851998,1.000460505,ros2_odometer_state
M19C_S1_lab_hard_floor_B2_U020_R2,786.186456292,6.524027159,command,0.200000,-5.002158165,-0.155060172,1.000462055,0.039328214,-0.020864062,1.000464797,ros2_odometer_state
M19C_S1_lab_hard_floor_B2_U020_R2,786.187128766,6.524699633,command,0.200000,-5.002158165,-0.155060172,1.000462055,0.039328214,-0.020864062,1.000464797,ros2_odometer_state
M19C_S1_lab_hard_floor_B2_U020_R2,786.189099691,6.526670558,command,0.200000,-5.002158165,-0.155060172,1.000462055,0.039329406,-0.020868585,1.000462890,ros2_odometer_state
M19C_S1_lab_hard_floor_B2_U020_R2,786.192182531,6.529753398,command,0.200000,-5.002158165,-0.155060172,1.000462055,0.039327059,-0.020867592,1.000461817,ros2_odometer_state
M19C_S1_lab_hard_floor_B2_U020_R2,786.192941408,6.530512275,command,0.200000,-5.002158165,-0.155060172,1.000462055,0.039327059,-0.020867592,1.000461817,ros2_odometer_state
M19C_S1_lab_hard_floor_B2_U020_R2,786.195027665,6.532598532,command,0.200000,-5.002158165,-0.155060172,1.000462055,0.039327718,-0.020871298,1.000463128,ros2_odometer_state
M19C_S1_lab_hard_floor_B2_U020_R2,786.198065159,6.535636026,command,0.200000,-5.002158165,-0.155060172,1.000462055,0.039341435,-0.020879377,1.000465035,ros2_odometer_state
M19C_S1_lab_hard_floor_B2_U020_R2,786.198896456,6.536467323,command,0.200000,-5.002158165,-0.155060172,1.000462055,0.039341435,-0.020879377,1.000465035,ros2_odometer_state
M19C_S1_lab_hard_floor_B2_U020_R2,786.201796696,6.539367563,command,0.200000,-5.002158165,-0.155060172,1.000462055,0.039344780,-0.020889087,1.000472546,ros2_odometer_state
M19C_S1_lab_hard_floor_B2_U020_R2,786.202853441,6.540424308,command,0.200000,-5.002158165,-0.155060172,1.000462055,0.039344780,-0.020889087,1.000472546,ros2_odometer_state
M19C_S1_lab_hard_floor_B2_U020_R2,786.204931538,6.542502405,command,0.200000,-5.002158165,-0.155060172,1.000476122,0.039346632,-0.020898115,1.000476122,ros2_odometer_state
M19C_S1_lab_hard_floor_B2_U020_R2,786.206843132,6.544413999,command,0.200000,-5.002158165,-0.155060172,1.000476122,0.039345164,-0.020903122,1.000473619,ros2_odometer_state
M19C_S1_lab_hard_floor_B2_U020_R2,786.208865035,6.546435902,command,0.200000,-5.002158165,-0.155060172,1.000476122,0.039340653,-0.020904656,1.000465989,ros2_odometer_state
M19C_S1_lab_hard_floor_B2_U020_R2,786.213142193,6.550713060,command,0.200000,-5.002158165,-0.155060172,1.000476122,0.039337460,-0.020911753,1.000468373,ros2_odometer_state
M19C_S1_lab_hard_floor_B2_U020_R2,786.214660524,6.552231391,command,0.200000,-5.002158165,-0.155060172,1.000476122,0.039337061,-0.020913316,1.000474811,ros2_odometer_state
M19C_S1_lab_hard_floor_B2_U020_R2,786.215293477,6.552864344,command,0.200000,-5.002158165,-0.155060172,1.000476122,0.039337061,-0.020913316,1.000474811,ros2_odometer_state
M19C_S1_lab_hard_floor_B2_U020_R2,786.218144339,6.555715206,command,0.200000,-5.002158165,-0.155060172,1.000476122,0.039340857,-0.020910617,1.000478268,ros2_odometer_state
M19C_S1_lab_hard_floor_B2_U020_R2,786.218920210,6.556491077,command,0.200000,-5.002158165,-0.155060172,1.000476122,0.039340857,-0.020910617,1.000478268,ros2_odometer_state
M19C_S1_lab_hard_floor_B2_U020_R2,786.221652604,6.559223471,command,0.200000,-5.002158165,-0.155060172,1.000476122,0.039336205,-0.020911930,1.000488639,ros2_odometer_state
M19C_S1_lab_hard_floor_B2_U020_R2,786.223737069,6.561307936,command,0.200000,-5.002158165,-0.155060172,1.000476122,0.039324544,-0.020910123,1.000492811,ros2_odometer_state
M19C_S1_lab_hard_floor_B2_U020_R2,786.225767740,6.563338607,command,0.200000,-5.002158165,-0.155060172,1.000492811,0.039324544,-0.020910123,1.000492811,ros2_odometer_state
M19C_S1_lab_hard_floor_B2_U020_R2,786.226889831,6.564460698,command,0.200000,-5.002158165,-0.155060172,1.000492811,0.039324544,-0.020910123,1.000492811,ros2_odometer_state
M19C_S1_lab_hard_floor_B2_U020_R2,786.229649810,6.567220677,command,0.200000,-5.002158165,-0.155060172,1.000492811,0.039326817,-0.020940166,1.000508785,ros2_odometer_state
M19C_S1_lab_hard_floor_B2_U020_R2,786.232356924,6.569927791,command,0.200000,-5.002158165,-0.155060172,1.000492811,0.039326817,-0.020940166,1.000508785,ros2_odometer_state
M19C_S1_lab_hard_floor_B2_U020_R2,786.233734289,6.571305156,command,0.200000,-5.002158165,-0.155060172,1.000492811,0.039323397,-0.020941028,1.000511408,ros2_odometer_state
M19C_S1_lab_hard_floor_B2_U020_R2,786.235778913,6.573349780,command,0.200000,-5.002158165,-0.155060172,1.000492811,0.039323397,-0.020941028,1.000511408,ros2_odometer_state
M19C_S1_lab_hard_floor_B2_U020_R2,786.237718284,6.575289151,command,0.200000,-5.002158165,-0.155060172,1.000492811,0.039318323,-0.020941345,1.000522971,ros2_odometer_state
M19C_S1_lab_hard_floor_B2_U020_R2,786.239742075,6.577312942,command,0.200000,-5.002158165,-0.155060172,1.000492811,0.039320465,-0.020952076,1.000515699,ros2_odometer_state
M19C_S1_lab_hard_floor_B2_U020_R2,786.240924456,6.578495323,command,0.200000,-5.002158165,-0.155060172,1.000492811,0.039320465,-0.020952076,1.000515699,ros2_odometer_state
M19C_S1_lab_hard_floor_B2_U020_R2,786.243859002,6.581429869,command,0.200000,-5.002158165,-0.155060172,1.000492811,0.039311800,-0.020961689,1.000513792,ros2_odometer_state
M19C_S1_lab_hard_floor_B2_U020_R2,786.245866632,6.583437499,command,0.200000,-5.002158165,-0.155060172,1.000513792,0.039310496,-0.020967470,1.000509381,ros2_odometer_state
M19C_S1_lab_hard_floor_B2_U020_R2,786.248465613,6.586036480,command,0.200000,-5.002158165,-0.155060172,1.000513792,0.039312642,-0.020964446,1.000508785,ros2_odometer_state
M19C_S1_lab_hard_floor_B2_U020_R2,786.249287277,6.586858144,command,0.200000,-5.002158165,-0.155060172,1.000513792,0.039312642,-0.020964446,1.000508785,ros2_odometer_state
M19C_S1_lab_hard_floor_B2_U020_R2,786.254675647,6.592246514,command,0.200000,-5.002158165,-0.155060172,1.000513792,0.039312214,-0.020973602,1.000503421,ros2_odometer_state
M19C_S1_lab_hard_floor_B2_U020_R2,786.255677062,6.593247929,command,0.200000,-5.002158165,-0.155060172,1.000513792,0.039316256,-0.020968866,1.000497222,ros2_odometer_state
M19C_S1_lab_hard_floor_B2_U020_R2,786.256561320,6.594132187,command,0.200000,-5.002158165,-0.155060172,1.000513792,0.039318878,-0.020956663,1.000497699,ros2_odometer_state
M19C_S1_lab_hard_floor_B2_U020_R2,786.257748534,6.595319401,command,0.200000,-5.002158165,-0.155060172,1.000513792,0.039321367,-0.020957291,1.000497341,ros2_odometer_state
M19C_S1_lab_hard_floor_B2_U020_R2,786.259793350,6.597364217,command,0.200000,-5.002158165,-0.155060172,1.000513792,0.039324243,-0.020959033,1.000492692,ros2_odometer_state
M19C_S1_lab_hard_floor_B2_U020_R2,786.261862134,6.599433001,command,0.200000,-5.002158165,-0.155060172,1.000513792,0.039321881,-0.020952687,1.000487804,ros2_odometer_state
M19C_S1_lab_hard_floor_B2_U020_R2,786.263779296,6.601350163,command,0.200000,-5.002158165,-0.155060172,1.000513792,0.039317973,-0.020944666,1.000481486,ros2_odometer_state
M19C_S1_lab_hard_floor_B2_U020_R2,786.265128469,6.602699336,command,0.200000,-5.002158165,-0.155060172,1.000481486,0.039317973,-0.020944666,1.000481486,ros2_odometer_state
M19C_S1_lab_hard_floor_B2_U020_R2,786.267877888,6.605448755,command,0.200000,-5.002158165,-0.155060172,1.000481486,0.039315548,-0.020936562,1.000475764,ros2_odometer_state
M19C_S1_lab_hard_floor_B2_U020_R2,786.270216410,6.607787277,command,0.200000,-5.002158165,-0.155060172,1.000481486,0.039322067,-0.020931680,1.000477672,ros2_odometer_state
M19C_S1_lab_hard_floor_B2_U020_R2,786.272615352,6.610186219,command,0.200000,-5.002158165,-0.155060172,1.000481486,0.039321896,-0.020929579,1.000476837,ros2_odometer_state
M19C_S1_lab_hard_floor_B2_U020_R2,786.274160820,6.611731687,command,0.200000,-5.002158165,-0.155060172,1.000481486,0.039321825,-0.020931343,1.000473261,ros2_odometer_state
M19C_S1_lab_hard_floor_B2_U020_R2,786.275897975,6.613468842,command,0.200000,-5.002158165,-0.155060172,1.000481486,0.039321996,-0.020934176,1.000469565,ros2_odometer_state
M19C_S1_lab_hard_floor_B2_U020_R2,786.277789057,6.615359924,command,0.200000,-5.002158165,-0.155060172,1.000481486,0.039320953,-0.020933177,1.000470877,ros2_odometer_state
M19C_S1_lab_hard_floor_B2_U020_R2,786.279797935,6.617368802,command,0.200000,-5.002158165,-0.155060172,1.000481486,0.039322753,-0.020924952,1.000470757,ros2_odometer_state
M19C_S1_lab_hard_floor_B2_U020_R2,786.282420565,6.619991432,command,0.200000,-5.002158165,-0.155060172,1.000481486,0.039328959,-0.020920251,1.000469208,ros2_odometer_state
M19C_S1_lab_hard_floor_B2_U020_R2,786.283305559,6.620876426,command,0.200000,-5.002158165,-0.155060172,1.000481486,0.039328959,-0.020920251,1.000469208,ros2_odometer_state
M19C_S1_lab_hard_floor_B2_U020_R2,786.285216385,6.622787252,command,0.200000,-5.002158165,-0.155060172,1.000466228,0.039332643,-0.020916726,1.000466228,ros2_odometer_state
M19C_S1_lab_hard_floor_B2_U020_R2,786.287967372,6.625538239,command,0.200000,-5.002158165,-0.155060172,1.000466228,0.039345846,-0.020911014,1.000467181,ros2_odometer_state
M19C_S1_lab_hard_floor_B2_U020_R2,786.289887479,6.627458346,command,0.200000,-5.002158165,-0.155060172,1.000466228,0.039349608,-0.020899991,1.000464082,ros2_odometer_state
M19C_S1_lab_hard_floor_B2_U020_R2,786.292411641,6.629982508,command,0.200000,-5.002158165,-0.155060172,1.000466228,0.039347526,-0.020899754,1.000465631,ros2_odometer_state
M19C_S1_lab_hard_floor_B2_U020_R2,786.293973077,6.631543944,command,0.200000,-5.002158165,-0.155060172,1.000466228,0.039343499,-0.020905584,1.000469923,ros2_odometer_state
M19C_S1_lab_hard_floor_B2_U020_R2,786.296115785,6.633686652,command,0.200000,-5.002158165,-0.155060172,1.000466228,0.039345741,-0.020909099,1.000480771,ros2_odometer_state
M19C_S1_lab_hard_floor_B2_U020_R2,786.297885805,6.635456672,command,0.200000,-5.002158165,-0.155060172,1.000466228,0.039349493,-0.020907857,1.000483990,ros2_odometer_state
M19C_S1_lab_hard_floor_B2_U020_R2,786.299229090,6.636799957,command,0.200000,-5.002158165,-0.155060172,1.000466228,0.039349493,-0.020907857,1.000483990,ros2_odometer_state
M19C_S1_lab_hard_floor_B2_U020_R2,786.301852264,6.639423131,command,0.200000,-5.002158165,-0.155060172,1.000466228,0.039353937,-0.020905770,1.000485182,ros2_odometer_state
M19C_S1_lab_hard_floor_B2_U020_R2,786.303887479,6.641458346,command,0.200000,-5.002158165,-0.155060172,1.000466228,0.039357122,-0.020908987,1.000489354,ros2_odometer_state
M19C_S1_lab_hard_floor_B2_U020_R2,786.305876292,6.643447159,command,0.200000,-5.002158165,-0.155060172,1.000489354,0.039357767,-0.020905649,1.000491142,ros2_odometer_state
M19C_S1_lab_hard_floor_B2_U020_R2,786.307853457,6.645424324,command,0.200000,-5.002158165,-0.155060172,1.000489354,0.039348505,-0.020901779,1.000485897,ros2_odometer_state
M19C_S1_lab_hard_floor_B2_U020_R2,786.309831934,6.647402801,command,0.200000,-5.002158165,-0.155060172,1.000489354,0.039346073,-0.020900538,1.000481486,ros2_odometer_state
M19C_S1_lab_hard_floor_B2_U020_R2,786.312365184,6.649936051,command,0.200000,-5.002158165,-0.155060172,1.000489354,0.039354358,-0.020890037,1.000482917,ros2_odometer_state
M19C_S1_lab_hard_floor_B2_U020_R2,786.313838073,6.651408940,command,0.200000,-5.002158165,-0.155060172,1.000489354,0.039353352,-0.020885492,1.000487804,ros2_odometer_state
M19C_S1_lab_hard_floor_B2_U020_R2,786.315861640,6.653432507,command,0.200000,-5.002158165,-0.155060172,1.000489354,0.039346527,-0.020887632,1.000488043,ros2_odometer_state
M19C_S1_lab_hard_floor_B2_U020_R2,786.317844309,6.655415176,command,0.200000,-5.002158165,-0.155060172,1.000489354,0.039349336,-0.020888435,1.000492454,ros2_odometer_state
M19C_S1_lab_hard_floor_B2_U020_R2,786.321191895,6.658762762,command,0.200000,-5.002158165,-0.155060172,1.000489354,0.039356437,-0.020883979,1.000503540,ros2_odometer_state
M19C_S1_lab_hard_floor_B2_U020_R2,786.321550501,6.659121368,command,0.200000,-5.002158165,-0.155060172,1.000489354,0.039356437,-0.020883979,1.000503540,ros2_odometer_state
M19C_S1_lab_hard_floor_B2_U020_R2,786.323911393,6.661482260,command,0.200000,-5.002158165,-0.155060172,1.000489354,0.039366368,-0.020876162,1.000507355,ros2_odometer_state
M19C_S1_lab_hard_floor_B2_U020_R2,786.325921903,6.663492770,command,0.200000,-5.002158165,-0.155060172,1.000507355,0.039359700,-0.020877207,1.000512838,ros2_odometer_state
M19C_S1_lab_hard_floor_B2_U020_R2,786.327820632,6.665391499,command,0.200000,-5.002158165,-0.155060172,1.000507355,0.039352484,-0.020873383,1.000519395,ros2_odometer_state
M19C_S1_lab_hard_floor_B2_U020_R2,786.329783813,6.667354680,command,0.200000,-5.002158165,-0.155060172,1.000507355,0.039353207,-0.020877777,1.000526547,ros2_odometer_state
M19C_S1_lab_hard_floor_B2_U020_R2,786.332738263,6.670309130,command,0.200000,-5.002158165,-0.155060172,1.000507355,0.039355069,-0.020873338,1.000527620,ros2_odometer_state
M19C_S1_lab_hard_floor_B2_U020_R2,786.333237963,6.670808830,command,0.200000,-5.002158165,-0.155060172,1.000507355,0.039355069,-0.020873338,1.000527620,ros2_odometer_state
M19C_S1_lab_hard_floor_B2_U020_R2,786.335221656,6.672792523,command,0.200000,-5.002158165,-0.155060172,1.000507355,0.039347097,-0.020856215,1.000527859,ros2_odometer_state
M19C_S1_lab_hard_floor_B2_U020_R2,786.338249902,6.675820769,command,0.200000,-5.002158165,-0.155060172,1.000507355,0.039354298,-0.020843105,1.000540495,ros2_odometer_state
M19C_S1_lab_hard_floor_B2_U020_R2,786.339984273,6.677555140,command,0.200000,-5.002158165,-0.155060172,1.000507355,0.039353985,-0.020841386,1.000548482,ros2_odometer_state
M19C_S1_lab_hard_floor_B2_U020_R2,786.342017312,6.679588179,command,0.200000,-5.002158165,-0.155060172,1.000507355,0.039352849,-0.020830488,1.000550151,ros2_odometer_state
M19C_S1_lab_hard_floor_B2_U020_R2,786.344000045,6.681570912,command,0.200000,-5.002158165,-0.155060172,1.000507355,0.039355058,-0.020818574,1.000545382,ros2_odometer_state
M19C_S1_lab_hard_floor_B2_U020_R2,786.346286982,6.683857849,command,0.200000,-5.002158165,-0.155060172,1.000545382,0.039351549,-0.020815261,1.000554204,ros2_odometer_state
M19C_S1_lab_hard_floor_B2_U020_R2,786.347222410,6.684793277,command,0.200000,-5.002158165,-0.155060172,1.000545382,0.039351549,-0.020815261,1.000554204,ros2_odometer_state
M19C_S1_lab_hard_floor_B2_U020_R2,786.350248736,6.687819603,command,0.200000,-5.002158165,-0.155060172,1.000545382,0.039342541,-0.020805657,1.000563741,ros2_odometer_state
M19C_S1_lab_hard_floor_B2_U020_R2,786.352222540,6.689793407,command,0.200000,-5.002158165,-0.155060172,1.000545382,0.039342541,-0.020805657,1.000563741,ros2_odometer_state
M19C_S1_lab_hard_floor_B2_U020_R2,786.353999474,6.691570341,command,0.200000,-5.002158165,-0.155060172,1.000545382,0.039344095,-0.020802442,1.000571132,ros2_odometer_state
M19C_S1_lab_hard_floor_B2_U020_R2,786.356077762,6.693648629,command,0.200000,-5.002158165,-0.155060172,1.000545382,0.039352778,-0.020799590,1.000581980,ros2_odometer_state
M19C_S1_lab_hard_floor_B2_U020_R2,786.357623262,6.695194129,command,0.200000,-5.002158165,-0.155060172,1.000545382,0.039357770,-0.020796383,1.000579834,ros2_odometer_state
M19C_S1_lab_hard_floor_B2_U020_R2,786.359226109,6.696796976,command,0.200000,-5.002158165,-0.155060172,1.000545382,0.039354820,-0.020790773,1.000581026,ros2_odometer_state
M19C_S1_lab_hard_floor_B2_U020_R2,786.361232234,6.698803101,command,0.200000,-5.002158165,-0.155060172,1.000545382,0.039350893,-0.020788005,1.000584483,ros2_odometer_state
M19C_S1_lab_hard_floor_B2_U020_R2,786.364062648,6.701633515,command,0.200000,-5.002158165,-0.155060172,1.000545382,0.039343894,-0.020781735,1.000590682,ros2_odometer_state
M19C_S1_lab_hard_floor_B2_U020_R2,786.365449390,6.703020257,command,0.200000,-5.002158165,-0.155060172,1.000590682,0.039343894,-0.020781735,1.000590682,ros2_odometer_state
M19C_S1_lab_hard_floor_B2_U020_R2,786.368084885,6.705655752,command,0.200000,-5.002158165,-0.155060172,1.000590682,0.039343815,-0.020775016,1.000589967,ros2_odometer_state
M19C_S1_lab_hard_floor_B2_U020_R2,786.369891579,6.707462446,command,0.200000,-5.002158165,-0.155060172,1.000590682,0.039341897,-0.020768307,1.000588655,ros2_odometer_state
M19C_S1_lab_hard_floor_B2_U020_R2,786.372810892,6.710381759,command,0.200000,-5.002158165,-0.155060172,1.000590682,0.039338656,-0.020760477,1.000590563,ros2_odometer_state
M19C_S1_lab_hard_floor_B2_U020_R2,786.373299583,6.710870450,command,0.200000,-5.002158165,-0.155060172,1.000590682,0.039338656,-0.020760477,1.000590563,ros2_odometer_state
M19C_S1_lab_hard_floor_B2_U020_R2,786.376202128,6.713772995,command,0.200000,-5.002158165,-0.155060172,1.000590682,0.039340667,-0.020754747,1.000585437,ros2_odometer_state
M19C_S1_lab_hard_floor_B2_U020_R2,786.377972341,6.715543208,command,0.200000,-5.002158165,-0.155060172,1.000590682,0.039338775,-0.020758718,1.000582576,ros2_odometer_state
M19C_S1_lab_hard_floor_B2_U020_R2,786.379944161,6.717515028,command,0.200000,-5.002158165,-0.155060172,1.000590682,0.039339632,-0.020759955,1.000584841,ros2_odometer_state
M19C_S1_lab_hard_floor_B2_U020_R2,786.381952944,6.719523811,command,0.200000,-5.002158165,-0.155060172,1.000590682,0.039334271,-0.020762861,1.000593424,ros2_odometer_state
M19C_S1_lab_hard_floor_B2_U020_R2,786.383999903,6.721570770,command,0.200000,-5.002158165,-0.155060172,1.000590682,0.039325267,-0.020762442,1.000596523,ros2_odometer_state
M19C_S1_lab_hard_floor_B2_U020_R2,786.385270896,6.722841763,command,0.200000,-5.002158165,-0.155060172,1.000596523,0.039325267,-0.020762442,1.000596523,ros2_odometer_state
M19C_S1_lab_hard_floor_B2_U020_R2,786.387948312,6.725519179,command,0.200000,-5.002158165,-0.155060172,1.000596523,0.039304636,-0.020743897,1.000598073,ros2_odometer_state
M19C_S1_lab_hard_floor_B2_U020_R2,786.389891652,6.727462519,command,0.200000,-5.002158165,-0.155060172,1.000596523,0.039310206,-0.020742977,1.000604868,ros2_odometer_state
M19C_S1_lab_hard_floor_B2_U020_R2,786.392533099,6.730103966,command,0.200000,-5.002158165,-0.155060172,1.000596523,0.039318115,-0.020737179,1.000612140,ros2_odometer_state
M19C_S1_lab_hard_floor_B2_U020_R2,786.393958946,6.731529813,command,0.200000,-5.002158165,-0.155060172,1.000596523,0.039317641,-0.020732896,1.000616789,ros2_odometer_state
M19C_S1_lab_hard_floor_B2_U020_R2,786.395954127,6.733524994,command,0.200000,-5.002158165,-0.155060172,1.000596523,0.039309930,-0.020729959,1.000623226,ros2_odometer_state
M19C_S1_lab_hard_floor_B2_U020_R2,786.397946557,6.735517424,command,0.200000,-5.002158165,-0.155060172,1.000596523,0.039302260,-0.020724030,1.000630498,ros2_odometer_state
M19C_S1_lab_hard_floor_B2_U020_R2,786.400059503,6.737630370,command,0.200000,-5.002158165,-0.155060172,1.000596523,0.039291888,-0.020718951,1.000637412,ros2_odometer_state
M19C_S1_lab_hard_floor_B2_U020_R2,786.402026907,6.739597774,command,0.200000,-5.002158165,-0.155060172,1.000596523,0.039288566,-0.020718062,1.000640869,ros2_odometer_state
M19C_S1_lab_hard_floor_B2_U020_R2,786.403982215,6.741553082,command,0.200000,-5.002158165,-0.155060172,1.000596523,0.039291754,-0.020720769,1.000645518,ros2_odometer_state
M19C_S1_lab_hard_floor_B2_U020_R2,786.406022199,6.743593066,command,0.200000,-5.002158165,-0.155060172,1.000645518,0.039296240,-0.020716457,1.000654578,ros2_odometer_state
M19C_S1_lab_hard_floor_B2_U020_R2,786.407930849,6.745501716,command,0.200000,-5.002158165,-0.155060172,1.000645518,0.039294470,-0.020710614,1.000663877,ros2_odometer_state
M19C_S1_lab_hard_floor_B2_U020_R2,786.409980464,6.747551331,command,0.200000,-5.002158165,-0.155060172,1.000645518,0.039290778,-0.020703739,1.000670910,ros2_odometer_state
M19C_S1_lab_hard_floor_B2_U020_R2,786.412594038,6.750164905,command,0.200000,-5.002158165,-0.155060172,1.000645518,0.039286826,-0.020696145,1.000678897,ros2_odometer_state
M19C_S1_lab_hard_floor_B2_U020_R2,786.413979404,6.751550271,command,0.200000,-5.002158165,-0.155060172,1.000645518,0.039280910,-0.020690212,1.000689507,ros2_odometer_state
M19C_S1_lab_hard_floor_B2_U020_R2,786.415992154,6.753563021,command,0.200000,-5.002158165,-0.155060172,1.000645518,0.039279617,-0.020687269,1.000706315,ros2_odometer_state
M19C_S1_lab_hard_floor_B2_U020_R2,786.417963751,6.755534618,command,0.200000,-5.002158165,-0.155060172,1.000645518,0.039281838,-0.020681567,1.000718117,ros2_odometer_state
M19C_S1_lab_hard_floor_B2_U020_R2,786.419983157,6.757554024,command,0.200000,-5.002158165,-0.155060172,1.000645518,0.039284259,-0.020674199,1.000725031,ros2_odometer_state
M19C_S1_lab_hard_floor_B2_U020_R2,786.422061606,6.759632473,command,0.200000,-5.002158165,-0.155060172,1.000645518,0.039285716,-0.020666253,1.000733018,ros2_odometer_state
M19C_S1_lab_hard_floor_B2_U020_R2,786.424569479,6.762140346,command,0.200000,-5.002158165,-0.155060172,1.000645518,0.039287467,-0.020663913,1.000744700,ros2_odometer_state
M19C_S1_lab_hard_floor_B2_U020_R2,786.426346604,6.763917471,command,0.200000,-5.002158165,-0.155060172,1.000744700,0.039285712,-0.020664249,1.000757098,ros2_odometer_state
M19C_S1_lab_hard_floor_B2_U020_R2,786.427956555,6.765527422,command,0.200000,-5.002158165,-0.155060172,1.000744700,0.039281342,-0.020663226,1.000772238,ros2_odometer_state
M19C_S1_lab_hard_floor_B2_U020_R2,786.429328928,6.766899795,command,0.200000,-5.002158165,-0.155060172,1.000744700,0.039281342,-0.020663226,1.000772238,ros2_odometer_state
M19C_S1_lab_hard_floor_B2_U020_R2,786.432656321,6.770227188,command,0.200000,-5.002158165,-0.155060172,1.000744700,0.039276727,-0.020665534,1.000798583,ros2_odometer_state
M19C_S1_lab_hard_floor_B2_U020_R2,786.434245439,6.771816306,command,0.200000,-5.002158165,-0.155060172,1.000744700,0.039271526,-0.020660810,1.000812292,ros2_odometer_state
M19C_S1_lab_hard_floor_B2_U020_R2,786.436318608,6.773889475,command,0.200000,-5.002158165,-0.155060172,1.000744700,0.039274625,-0.020655567,1.000836253,ros2_odometer_state
M19C_S1_lab_hard_floor_B2_U020_R2,786.438382016,6.775952883,command,0.200000,-5.002158165,-0.155060172,1.000744700,0.039274678,-0.020655330,1.000853419,ros2_odometer_state
M19C_S1_lab_hard_floor_B2_U020_R2,786.440081026,6.777651893,command,0.200000,-5.002158165,-0.155060172,1.000744700,0.039275106,-0.020654252,1.000863552,ros2_odometer_state
M19C_S1_lab_hard_floor_B2_U020_R2,786.441249519,6.778820386,command,0.200000,-5.002158165,-0.155060172,1.000744700,0.039275106,-0.020654252,1.000863552,ros2_odometer_state
M19C_S1_lab_hard_floor_B2_U020_R2,786.444370376,6.781941243,command,0.200000,-5.002158165,-0.155060172,1.000744700,0.039276671,-0.020647740,1.000892043,ros2_odometer_state
M19C_S1_lab_hard_floor_B2_U020_R2,786.445449746,6.783020613,command,0.200000,-5.002158165,-0.155060172,1.000892043,0.039276671,-0.020647740,1.000892043,ros2_odometer_state
M19C_S1_lab_hard_floor_B2_U020_R2,786.447386782,6.784957649,command,0.200000,-5.002158165,-0.155060172,1.000892043,0.039282523,-0.020648923,1.000921369,ros2_odometer_state
M19C_S1_lab_hard_floor_B2_U020_R2,786.449453038,6.787023905,command,0.200000,-5.002158165,-0.155060172,1.000892043,0.039281536,-0.020653373,1.000945568,ros2_odometer_state
M19C_S1_lab_hard_floor_B2_U020_R2,786.452703756,6.790274623,command,0.200000,-5.002158165,-0.155060172,1.000892043,0.039283127,-0.020653198,1.000973463,ros2_odometer_state
M19C_S1_lab_hard_floor_B2_U020_R2,786.454520787,6.792091654,command,0.200000,-5.002158165,-0.155060172,1.000892043,0.039279640,-0.020654840,1.000991464,ros2_odometer_state
M19C_S1_lab_hard_floor_B2_U020_R2,786.456484799,6.794055666,command,0.200000,-5.002158165,-0.155060172,1.000892043,0.039282225,-0.020661879,1.001009226,ros2_odometer_state
M19C_S1_lab_hard_floor_B2_U020_R2,786.458401898,6.795972765,command,0.200000,-5.002158165,-0.155060172,1.000892043,0.039284479,-0.020662433,1.001022696,ros2_odometer_state
M19C_S1_lab_hard_floor_B2_U020_R2,786.460399159,6.797970026,command,0.200000,-5.002158165,-0.155060172,1.000892043,0.039288327,-0.020665174,1.001045585,ros2_odometer_state
M19C_S1_lab_hard_floor_B2_U020_R2,786.462208574,6.799779441,command,0.200000,-5.002158165,-0.155060172,1.000892043,0.039295658,-0.020658370,1.001073718,ros2_odometer_state
M19C_S1_lab_hard_floor_B2_U020_R2,786.464114024,6.801684891,command,0.200000,-5.002158165,-0.155060172,1.000892043,0.039300103,-0.020650221,1.001098275,ros2_odometer_state
M19C_S1_lab_hard_floor_B2_U020_R2,786.466671531,6.804242398,command,0.200000,-5.002158165,-0.155060172,1.001098275,0.039298646,-0.020648144,1.001110435,ros2_odometer_state
M19C_S1_lab_hard_floor_B2_U020_R2,786.468420975,6.805991842,command,0.200000,-5.002158165,-0.155060172,1.001098275,0.039300423,-0.020640431,1.001121521,ros2_odometer_state
M19C_S1_lab_hard_floor_B2_U020_R2,786.470036878,6.807607745,command,0.200000,-5.002158165,-0.155060172,1.001098275,0.039310865,-0.020635217,1.001138687,ros2_odometer_state
M19C_S1_lab_hard_floor_B2_U020_R2,786.472701077,6.810271944,command,0.200000,-5.002158165,-0.155060172,1.001098275,0.039322615,-0.020626295,1.001157284,ros2_odometer_state
M19C_S1_lab_hard_floor_B2_U020_R2,786.474142093,6.811712960,command,0.200000,-5.002158165,-0.155060172,1.001098275,0.039328411,-0.020617848,1.001169086,ros2_odometer_state
M19C_S1_lab_hard_floor_B2_U020_R2,786.476387556,6.813958423,command,0.200000,-5.002158165,-0.155060172,1.001098275,0.039332010,-0.020619493,1.001179695,ros2_odometer_state
M19C_S1_lab_hard_floor_B2_U020_R2,786.478066918,6.815637785,command,0.200000,-5.002158165,-0.155060172,1.001098275,0.039344274,-0.020616725,1.001195669,ros2_odometer_state
M19C_S1_lab_hard_floor_B2_U020_R2,786.480080788,6.817651655,command,0.200000,-5.002158165,-0.155060172,1.001098275,0.039356094,-0.020611160,1.001210690,ros2_odometer_state
M19C_S1_lab_hard_floor_B2_U020_R2,786.482096226,6.819667093,command,0.200000,-5.002158165,-0.155060172,1.001098275,0.039362423,-0.020604696,1.001221180,ros2_odometer_state
M19C_S1_lab_hard_floor_B2_U020_R2,786.484149618,6.821720485,command,0.200000,-5.002158165,-0.155060172,1.001098275,0.039365124,-0.020592347,1.001230001,ros2_odometer_state
M19C_S1_lab_hard_floor_B2_U020_R2,786.486098942,6.823669809,command,0.200000,-5.002158165,-0.155060172,1.001230001,0.039372038,-0.020584080,1.001239777,ros2_odometer_state
M19C_S1_lab_hard_floor_B2_U020_R2,786.488179887,6.825750754,command,0.200000,-5.002158165,-0.155060172,1.001230001,0.039378215,-0.020576557,1.001244307,ros2_odometer_state
M19C_S1_lab_hard_floor_B2_U020_R2,786.489448928,6.827019795,command,0.200000,-5.002158165,-0.155060172,1.001230001,0.039378215,-0.020576557,1.001244307,ros2_odometer_state
M19C_S1_lab_hard_floor_B2_U020_R2,786.492788130,6.830358997,command,0.200000,-5.002158165,-0.155060172,1.001230001,0.039387241,-0.020559134,1.001249552,ros2_odometer_state
M19C_S1_lab_hard_floor_B2_U020_R2,786.494111413,6.831682280,command,0.200000,-5.002158165,-0.155060172,1.001230001,0.039385837,-0.020549869,1.001262546,ros2_odometer_state
M19C_S1_lab_hard_floor_B2_U020_R2,786.496160357,6.833731224,command,0.200000,-5.002158165,-0.155060172,1.001230001,0.039377861,-0.020541919,1.001270413,ros2_odometer_state
M19C_S1_lab_hard_floor_B2_U020_R2,786.498019405,6.835590272,command,0.200000,-5.002158165,-0.155060172,1.001230001,0.039374843,-0.020542538,1.001267910,ros2_odometer_state
M19C_S1_lab_hard_floor_B2_U020_R2,786.499994234,6.837565101,command,0.200000,-5.002158165,-0.155060172,1.001230001,0.039375070,-0.020536873,1.001265764,ros2_odometer_state
M19C_S1_lab_hard_floor_B2_U020_R2,786.502014728,6.839585595,command,0.200000,-5.002158165,-0.155060172,1.001230001,0.039380319,-0.020526748,1.001258135,ros2_odometer_state
M19C_S1_lab_hard_floor_B2_U020_R2,786.504142203,6.841713070,command,0.200000,-5.002158165,-0.155060172,1.001230001,0.039385580,-0.020522757,1.001256347,ros2_odometer_state
M19C_S1_lab_hard_floor_B2_U020_R2,786.506075910,6.843646777,command,0.200000,-5.002158165,-0.155060172,1.001256347,0.039386444,-0.020517686,1.001260996,ros2_odometer_state
M19C_S1_lab_hard_floor_B2_U020_R2,786.508059923,6.845630790,command,0.200000,-5.002158165,-0.155060172,1.001256347,0.039388474,-0.020502996,1.001256943,ros2_odometer_state
M19C_S1_lab_hard_floor_B2_U020_R2,786.510086882,6.847657749,command,0.200000,-5.002158165,-0.155060172,1.001256347,0.039392099,-0.020485671,1.001250505,ros2_odometer_state
M19C_S1_lab_hard_floor_B2_U020_R2,786.513064725,6.850635592,command,0.200000,-5.002158165,-0.155060172,1.001256347,0.039395783,-0.020476354,1.001253724,ros2_odometer_state
M19C_S1_lab_hard_floor_B2_U020_R2,786.513449060,6.851019927,command,0.200000,-5.002158165,-0.155060172,1.001256347,0.039395783,-0.020476354,1.001253724,ros2_odometer_state
M19C_S1_lab_hard_floor_B2_U020_R2,786.516182926,6.853753793,command,0.200000,-5.002158165,-0.155060172,1.001256347,0.039413013,-0.020472012,1.001246572,ros2_odometer_state
M19C_S1_lab_hard_floor_B2_U020_R2,786.518051063,6.855621930,command,0.200000,-5.002158165,-0.155060172,1.001256347,0.039416444,-0.020467088,1.001240611,ros2_odometer_state
M19C_S1_lab_hard_floor_B2_U020_R2,786.520169161,6.857740028,command,0.200000,-5.002158165,-0.155060172,1.001256347,0.039414372,-0.020464070,1.001232386,ros2_odometer_state
M19C_S1_lab_hard_floor_B2_U020_R2,786.522145142,6.859716009,command,0.200000,-5.002158165,-0.155060172,1.001256347,0.039414372,-0.020464070,1.001232386,ros2_odometer_state
M19C_S1_lab_hard_floor_B2_U020_R2,786.524131459,6.861702326,command,0.200000,-5.002158165,-0.155060172,1.001256347,0.039408993,-0.020459538,1.001232028,ros2_odometer_state
M19C_S1_lab_hard_floor_B2_U020_R2,786.527251004,6.864821871,command,0.200000,-5.002158165,-0.155060172,1.001232028,0.039415326,-0.020451119,1.001225591,ros2_odometer_state
M19C_S1_lab_hard_floor_B2_U020_R2,786.527629899,6.865200766,command,0.200000,-5.002158165,-0.155060172,1.001232028,0.039415326,-0.020451119,1.001225591,ros2_odometer_state
M19C_S1_lab_hard_floor_B2_U020_R2,786.529452626,6.867023493,command,0.200000,-5.002158165,-0.155060172,1.001232028,0.039413862,-0.020451911,1.001224875,ros2_odometer_state
M19C_S1_lab_hard_floor_B2_U020_R2,786.532841014,6.870411881,command,0.200000,-5.002158165,-0.155060172,1.001232028,0.039420314,-0.020456264,1.001224756,ros2_odometer_state
M19C_S1_lab_hard_floor_B2_U020_R2,786.534274221,6.871845088,command,0.200000,-5.002158165,-0.155060172,1.001232028,0.039425809,-0.020463357,1.001219630,ros2_odometer_state
M19C_S1_lab_hard_floor_B2_U020_R2,786.536307644,6.873878511,command,0.200000,-5.002158165,-0.155060172,1.001232028,0.039423194,-0.020460632,1.001212001,ros2_odometer_state
M19C_S1_lab_hard_floor_B2_U020_R2,786.538169285,6.875740152,command,0.200000,-5.002158165,-0.155060172,1.001232028,0.039423630,-0.020459937,1.001211047,ros2_odometer_state
M19C_S1_lab_hard_floor_B2_U020_R2,786.540802571,6.878373438,command,0.200000,-5.002158165,-0.155060172,1.001232028,0.039428886,-0.020460429,1.001219511,ros2_odometer_state
M19C_S1_lab_hard_floor_B2_U020_R2,786.542087293,6.879658160,command,0.200000,-5.002158165,-0.155060172,1.001232028,0.039429441,-0.020450929,1.001220345,ros2_odometer_state
M19C_S1_lab_hard_floor_B2_U020_R2,786.544254257,6.881825124,command,0.200000,-5.002158165,-0.155060172,1.001232028,0.039425440,-0.020447256,1.001215696,ros2_odometer_state
M19C_S1_lab_hard_floor_B2_U020_R2,786.546361187,6.883932054,command,0.200000,-5.002158165,-0.155060172,1.001215696,0.039422620,-0.020444164,1.001217723,ros2_odometer_state
M19C_S1_lab_hard_floor_B2_U020_R2,786.548172457,6.885743324,command,0.200000,-5.002158165,-0.155060172,1.001215696,0.039419733,-0.020440105,1.001217961,ros2_odometer_state
M19C_S1_lab_hard_floor_B2_U020_R2,786.550203480,6.887774347,command,0.200000,-5.002158165,-0.155060172,1.001215696,0.039419897,-0.020436930,1.001217484,ros2_odometer_state
M19C_S1_lab_hard_floor_B2_U020_R2,786.552831454,6.890402321,command,0.200000,-5.002158165,-0.155060172,1.001215696,0.039422717,-0.020432517,1.001215100,ros2_odometer_state
M19C_S1_lab_hard_floor_B2_U020_R2,786.554167698,6.891738565,command,0.200000,-5.002158165,-0.155060172,1.001215696,0.039420944,-0.020427343,1.001206279,ros2_odometer_state
M19C_S1_lab_hard_floor_B2_U020_R2,786.556328006,6.893898873,command,0.200000,-5.002158165,-0.155060172,1.001215696,0.039420098,-0.020419324,1.001205444,ros2_odometer_state
M19C_S1_lab_hard_floor_B2_U020_R2,786.558134604,6.895705471,command,0.200000,-5.002158165,-0.155060172,1.001215696,0.039418578,-0.020414723,1.001210451,ros2_odometer_state
M19C_S1_lab_hard_floor_B2_U020_R2,786.560195036,6.897765903,command,0.200000,-5.002158165,-0.155060172,1.001215696,0.039412912,-0.020408574,1.001210451,ros2_odometer_state
M19C_S1_lab_hard_floor_B2_U020_R2,786.562129064,6.899699931,command,0.200000,-5.002158165,-0.155060172,1.001215696,0.039412469,-0.020399367,1.001217246,ros2_odometer_state
M19C_S1_lab_hard_floor_B2_U020_R2,786.564186775,6.901757642,command,0.200000,-5.002158165,-0.155060172,1.001215696,0.039409287,-0.020391485,1.001225591,ros2_odometer_state
M19C_S1_lab_hard_floor_B2_U020_R2,786.566647159,6.904218026,command,0.200000,-5.002158165,-0.155060172,1.001225591,0.039404955,-0.020381378,1.001226544,ros2_odometer_state
M19C_S1_lab_hard_floor_B2_U020_R2,786.568272790,6.905843657,command,0.200000,-5.002158165,-0.155060172,1.001225591,0.039406274,-0.020371554,1.001222134,ros2_odometer_state
M19C_S1_lab_hard_floor_B2_U020_R2,786.570353735,6.907924602,command,0.200000,-5.002158165,-0.155060172,1.001225591,0.039408792,-0.020366117,1.001224518,ros2_odometer_state
M19C_S1_lab_hard_floor_B2_U020_R2,786.572892042,6.910462909,command,0.200000,-5.002158165,-0.155060172,1.001225591,0.039411437,-0.020365836,1.001230955,ros2_odometer_state
M19C_S1_lab_hard_floor_B2_U020_R2,786.574564331,6.912135198,command,0.200000,-5.002158165,-0.155060172,1.001225591,0.039414857,-0.020365458,1.001238346,ros2_odometer_state
M19C_S1_lab_hard_floor_B2_U020_R2,786.575528560,6.913099427,command,0.200000,-5.002158165,-0.155060172,1.001225591,0.039414857,-0.020365458,1.001238346,ros2_odometer_state
M19C_S1_lab_hard_floor_B2_U020_R2,786.578492195,6.916063062,command,0.200000,-5.002158165,-0.155060172,1.001225591,0.039413631,-0.020360814,1.001241326,ros2_odometer_state
M19C_S1_lab_hard_floor_B2_U020_R2,786.580393933,6.917964800,command,0.200000,-5.002158165,-0.155060172,1.001225591,0.039411355,-0.020362083,1.001250744,ros2_odometer_state
M19C_S1_lab_hard_floor_B2_U020_R2,786.582113488,6.919684355,command,0.200000,-5.002158165,-0.155060172,1.001225591,0.039412692,-0.020366579,1.001254082,ros2_odometer_state
M19C_S1_lab_hard_floor_B2_U020_R2,786.583588041,6.921158908,command,0.200000,-5.002158165,-0.155060172,1.001225591,0.039414041,-0.020371566,1.001257658,ros2_odometer_state
M19C_S1_lab_hard_floor_B2_U020_R2,786.586372661,6.923943528,command,0.200000,-5.002158165,-0.155060172,1.001263738,0.039394028,-0.020367349,1.001272321,ros2_odometer_state
M19C_S1_lab_hard_floor_B2_U020_R2,786.588277727,6.925848594,command,0.200000,-5.002158165,-0.155060172,1.001263738,0.039395411,-0.020357229,1.001275301,ros2_odometer_state
M19C_S1_lab_hard_floor_B2_U020_R2,786.590141032,6.927711899,command,0.200000,-5.002158165,-0.155060172,1.001263738,0.039399642,-0.020352390,1.001284361,ros2_odometer_state
M19C_S1_lab_hard_floor_B2_U020_R2,786.593108379,6.930679246,command,0.200000,-5.002158165,-0.155060172,1.001263738,0.039399892,-0.020346478,1.001299739,ros2_odometer_state
M19C_S1_lab_hard_floor_B2_U020_R2,786.593770517,6.931341384,command,0.200000,-5.002158165,-0.155060172,1.001263738,0.039399892,-0.020346478,1.001299739,ros2_odometer_state
M19C_S1_lab_hard_floor_B2_U020_R2,786.595690751,6.933261618,command,0.200000,-5.002158165,-0.155060172,1.001263738,0.039401166,-0.020341424,1.001310587,ros2_odometer_state
M19C_S1_lab_hard_floor_B2_U020_R2,786.597600682,6.935171549,command,0.200000,-5.002158165,-0.155060172,1.001263738,0.039401513,-0.020337880,1.001313567,ros2_odometer_state
M19C_S1_lab_hard_floor_B2_U020_R2,786.600306035,6.937876902,command,0.200000,-5.002158165,-0.155060172,1.001263738,0.039397050,-0.020339483,1.001329660,ros2_odometer_state
M19C_S1_lab_hard_floor_B2_U020_R2,786.602254078,6.939824945,command,0.200000,-5.002158165,-0.155060172,1.001263738,0.039398462,-0.020324921,1.001329422,ros2_odometer_state
M19C_S1_lab_hard_floor_B2_U020_R2,786.604317295,6.941888162,command,0.200000,-5.002158165,-0.155060172,1.001263738,0.039391633,-0.020313952,1.001323581,ros2_odometer_state
M19C_S1_lab_hard_floor_B2_U020_R2,786.606338429,6.943909296,command,0.200000,-5.002158165,-0.155060172,1.001323581,0.039382026,-0.020312624,1.001330376,ros2_odometer_state
M19C_S1_lab_hard_floor_B2_U020_R2,786.608212262,6.945783129,command,0.200000,-5.002158165,-0.155060172,1.001323581,0.039372083,-0.020312890,1.001336217,ros2_odometer_state
M19C_S1_lab_hard_floor_B2_U020_R2,786.610161074,6.947731941,command,0.200000,-5.002158165,-0.155060172,1.001323581,0.039366029,-0.020308768,1.001328111,ros2_odometer_state
M19C_S1_lab_hard_floor_B2_U020_R2,786.612898908,6.950469775,command,0.200000,-5.002158165,-0.155060172,1.001323581,0.039362416,-0.020307425,1.001323462,ros2_odometer_state
M19C_S1_lab_hard_floor_B2_U020_R2,786.614742564,6.952313431,command,0.200000,-5.002158165,-0.155060172,1.001323581,0.039361347,-0.020313250,1.001326799,ros2_odometer_state
M19C_S1_lab_hard_floor_B2_U020_R2,786.616675951,6.954246818,command,0.200000,-5.002158165,-0.155060172,1.001323581,0.039351746,-0.020319521,1.001330256,ros2_odometer_state
M19C_S1_lab_hard_floor_B2_U020_R2,786.618692957,6.956263824,command,0.200000,-5.002158165,-0.155060172,1.001323581,0.039341420,-0.020324361,1.001331449,ros2_odometer_state
M19C_S1_lab_hard_floor_B2_U020_R2,786.621577677,6.959148544,command,0.200000,-5.002158165,-0.155060172,1.001323581,0.039340381,-0.020326171,1.001334906,ros2_odometer_state
M19C_S1_lab_hard_floor_B2_U020_R2,786.622557171,6.960128038,command,0.200000,-5.002158165,-0.155060172,1.001323581,0.039341990,-0.020326329,1.001341820,ros2_odometer_state
M19C_S1_lab_hard_floor_B2_U020_R2,786.623644765,6.961215632,command,0.200000,-5.002158165,-0.155060172,1.001323581,0.039341990,-0.020326329,1.001341820,ros2_odometer_state
M19C_S1_lab_hard_floor_B2_U020_R2,786.625702701,6.963273568,command,0.200000,-5.002158165,-0.155060172,1.001344323,0.039338905,-0.020321386,1.001344323,ros2_odometer_state
M19C_S1_lab_hard_floor_B2_U020_R2,786.628541020,6.966111887,command,0.200000,-5.002158165,-0.155060172,1.001344323,0.039335474,-0.020323165,1.001347542,ros2_odometer_state
M19C_S1_lab_hard_floor_B2_U020_R2,786.629939570,6.967510437,command,0.200000,-5.002158165,-0.155060172,1.001344323,0.039327141,-0.020330204,1.001346350,ros2_odometer_state
M19C_S1_lab_hard_floor_B2_U020_R2,786.632298254,6.969869121,command,0.200000,-5.002158165,-0.155060172,1.001344323,0.039324883,-0.020334154,1.001344323,ros2_odometer_state
M19C_S1_lab_hard_floor_B2_U020_R2,786.633836617,6.971407484,command,0.200000,-5.002158165,-0.155060172,1.001344323,0.039320894,-0.020329336,1.001343966,ros2_odometer_state
M19C_S1_lab_hard_floor_B2_U020_R2,786.636439535,6.974010402,command,0.200000,-5.002158165,-0.155060172,1.001344323,0.039313823,-0.020331448,1.001348376,ros2_odometer_state
M19C_S1_lab_hard_floor_B2_U020_R2,786.638302679,6.975873546,command,0.200000,-5.002158165,-0.155060172,1.001344323,0.039309066,-0.020323912,1.001350522,ros2_odometer_state
M19C_S1_lab_hard_floor_B2_U020_R2,786.640363175,6.977934042,command,0.200000,-5.002158165,-0.155060172,1.001344323,0.039300550,-0.020317819,1.001346350,ros2_odometer_state
M19C_S1_lab_hard_floor_B2_U020_R2,786.642305202,6.979876069,command,0.200000,-5.002158165,-0.155060172,1.001344323,0.039298199,-0.020318437,1.001342654,ros2_odometer_state
M19C_S1_lab_hard_floor_B2_U020_R2,786.644337377,6.981908244,command,0.200000,-5.002158165,-0.155060172,1.001344323,0.039304491,-0.020320302,1.001340032,ros2_odometer_state
M19C_S1_lab_hard_floor_B2_U020_R2,786.645736888,6.983307755,command,0.200000,-5.002158165,-0.155060172,1.001340032,0.039304491,-0.020320302,1.001340032,ros2_odometer_state
M19C_S1_lab_hard_floor_B2_U020_R2,786.647638114,6.985208981,command,0.200000,-5.002158165,-0.155060172,1.001340032,0.039307073,-0.020326300,1.001346707,ros2_odometer_state
M19C_S1_lab_hard_floor_B2_U020_R2,786.650409005,6.987979872,command,0.200000,-5.002158165,-0.155060172,1.001340032,0.039301794,-0.020323090,1.001347780,ros2_odometer_state
M19C_S1_lab_hard_floor_B2_U020_R2,786.653082421,6.990653288,command,0.200000,-5.002158165,-0.155060172,1.001340032,0.039300617,-0.020322448,1.001339197,ros2_odometer_state
M19C_S1_lab_hard_floor_B2_U020_R2,786.654487500,6.992058367,command,0.200000,-5.002158165,-0.155060172,1.001340032,0.039302677,-0.020317618,1.001325488,ros2_odometer_state
M19C_S1_lab_hard_floor_B2_U020_R2,786.656562332,6.994133199,command,0.200000,-5.002158165,-0.155060172,1.001340032,0.039307915,-0.020325471,1.001319528,ros2_odometer_state
M19C_S1_lab_hard_floor_B2_U020_R2,786.657769995,6.995340862,command,0.200000,-5.002158165,-0.155060172,1.001340032,0.039307915,-0.020325471,1.001319528,ros2_odometer_state
M19C_S1_lab_hard_floor_B2_U020_R2,786.660707389,6.998278256,command,0.200000,-5.002158165,-0.155060172,1.001340032,0.039312530,-0.020310998,1.001298428,ros2_odometer_state
M19C_S1_lab_hard_floor_B2_U020_R2,786.662677386,7.000248253,command,0.200000,-5.002158165,-0.155060172,1.001340032,0.039312605,-0.020297520,1.001290441,ros2_odometer_state
M19C_S1_lab_hard_floor_B2_U020_R2,786.664747642,7.002318509,command,0.200000,-5.002158165,-0.155060172,1.001340032,0.039313603,-0.020299789,1.001285911,ros2_odometer_state
M19C_S1_lab_hard_floor_B2_U020_R2,786.665931272,7.003502139,command,0.200000,-5.002158165,-0.155060172,1.001285911,0.039313603,-0.020299789,1.001285911,ros2_odometer_state
M19C_S1_lab_hard_floor_B2_U020_R2,786.668770647,7.006341514,command,0.200000,-5.002158165,-0.155060172,1.001285911,0.039304983,-0.020285387,1.001277685,ros2_odometer_state
M19C_S1_lab_hard_floor_B2_U020_R2,786.670672192,7.008243059,command,0.200000,-5.002158165,-0.155060172,1.001285911,0.039305184,-0.020283712,1.001274943,ros2_odometer_state
M19C_S1_lab_hard_floor_B2_U020_R2,786.673059517,7.010630384,command,0.200000,-5.002158165,-0.155060172,1.001285911,0.039296031,-0.020282462,1.001273870,ros2_odometer_state
M19C_S1_lab_hard_floor_B2_U020_R2,786.674729438,7.012300305,command,0.200000,-5.002158165,-0.155060172,1.001285911,0.039283197,-0.020279868,1.001271129,ros2_odometer_state
M19C_S1_lab_hard_floor_B2_U020_R2,786.676797870,7.014368737,command,0.200000,-5.002158165,-0.155060172,1.001285911,0.039282627,-0.020279974,1.001266599,ros2_odometer_state
M19C_S1_lab_hard_floor_B2_U020_R2,786.677715538,7.015286405,command,0.200000,-5.002158165,-0.155060172,1.001285911,0.039282627,-0.020279974,1.001266599,ros2_odometer_state
M19C_S1_lab_hard_floor_B2_U020_R2,786.681570120,7.019140987,command,0.200000,-5.002158165,-0.155060172,1.001285911,0.039288308,-0.020274715,1.001280546,ros2_odometer_state
M19C_S1_lab_hard_floor_B2_U020_R2,786.682030938,7.019601805,command,0.200000,-5.002158165,-0.155060172,1.001285911,0.039288308,-0.020274715,1.001280546,ros2_odometer_state
M19C_S1_lab_hard_floor_B2_U020_R2,786.684878184,7.022449051,command,0.200000,-5.002158165,-0.155060172,1.001285911,0.039272387,-0.020277349,1.001271605,ros2_odometer_state
M19C_S1_lab_hard_floor_B2_U020_R2,786.686574762,7.024145629,command,0.200000,-5.002158165,-0.155060172,1.001271605,0.039264668,-0.020280734,1.001275897,ros2_odometer_state
M19C_S1_lab_hard_floor_B2_U020_R2,786.688419058,7.025989925,command,0.200000,-5.002158165,-0.155060172,1.001271605,0.039262664,-0.020280758,1.001276016,ros2_odometer_state
M19C_S1_lab_hard_floor_B2_U020_R2,786.690399935,7.027970802,command,0.200000,-5.002158165,-0.155060172,1.001271605,0.039263733,-0.020286838,1.001278758,ros2_odometer_state
M19C_S1_lab_hard_floor_B2_U020_R2,786.693004740,7.030575607,command,0.200000,-5.002158165,-0.155060172,1.001271605,0.039268289,-0.020291502,1.001279950,ros2_odometer_state
M19C_S1_lab_hard_floor_B2_U020_R2,786.694490302,7.032061169,command,0.200000,-5.002158165,-0.155060172,1.001271605,0.039271779,-0.020295966,1.001282215,ros2_odometer_state
M19C_S1_lab_hard_floor_B2_U020_R2,786.696459882,7.034030749,command,0.200000,-5.002158165,-0.155060172,1.001271605,0.039271213,-0.020296581,1.001288652,ros2_odometer_state
M19C_S1_lab_hard_floor_B2_U020_R2,786.698366292,7.035937159,command,0.200000,-5.002158165,-0.155060172,1.001271605,0.039267592,-0.020300807,1.001291752,ros2_odometer_state
M19C_S1_lab_hard_floor_B2_U020_R2,786.700439781,7.038010648,command,0.200000,-5.002158165,-0.155060172,1.001271605,0.039272476,-0.020304373,1.001291394,ros2_odometer_state
M19C_S1_lab_hard_floor_B2_U020_R2,786.702735102,7.040305969,command,0.200000,-5.002158165,-0.155060172,1.001271605,0.039273594,-0.020301828,1.001296043,ros2_odometer_state
M19C_S1_lab_hard_floor_B2_U020_R2,786.704446625,7.042017492,command,0.200000,-5.002158165,-0.155060172,1.001271605,0.039275695,-0.020300109,1.001303673,ros2_odometer_state
M19C_S1_lab_hard_floor_B2_U020_R2,786.706483184,7.044054051,command,0.200000,-5.002158165,-0.155060172,1.001303673,0.039283101,-0.020305047,1.001309514,ros2_odometer_state
M19C_S1_lab_hard_floor_B2_U020_R2,786.708437916,7.046008783,command,0.200000,-5.002158165,-0.155060172,1.001303673,0.039280359,-0.020315727,1.001312852,ros2_odometer_state
M19C_S1_lab_hard_floor_B2_U020_R2,786.710374855,7.047945722,command,0.200000,-5.002158165,-0.155060172,1.001303673,0.039278738,-0.020321570,1.001316905,ros2_odometer_state
M19C_S1_lab_hard_floor_B2_U020_R2,786.713007405,7.050578272,command,0.200000,-5.002158165,-0.155060172,1.001303673,0.039281178,-0.020315388,1.001318097,ros2_odometer_state
M19C_S1_lab_hard_floor_B2_U020_R2,786.714809971,7.052380838,command,0.200000,-5.002158165,-0.155060172,1.001303673,0.039287269,-0.020308975,1.001315713,ros2_odometer_state
M19C_S1_lab_hard_floor_B2_U020_R2,786.716899556,7.054470423,command,0.200000,-5.002158165,-0.155060172,1.001303673,0.039287377,-0.020311421,1.001315236,ros2_odometer_state
M19C_S1_lab_hard_floor_B2_U020_R2,786.718754637,7.056325504,command,0.200000,-5.002158165,-0.155060172,1.001303673,0.039284002,-0.020316305,1.001314402,ros2_odometer_state
M19C_S1_lab_hard_floor_B2_U020_R2,786.720532018,7.058102885,command,0.200000,-5.002158165,-0.155060172,1.001303673,0.039281953,-0.020317741,1.001315713,ros2_odometer_state
M19C_S1_lab_hard_floor_B2_U020_R2,786.722805258,7.060376125,command,0.200000,-5.002158165,-0.155060172,1.001303673,0.039280184,-0.020313451,1.001314640,ros2_odometer_state
M19C_S1_lab_hard_floor_B2_U020_R2,786.723934966,7.061505833,command,0.200000,-5.002158165,-0.155060172,1.001303673,0.039280184,-0.020313451,1.001314640,ros2_odometer_state
M19C_S1_lab_hard_floor_B2_U020_R2,786.726564220,7.064135087,command,0.200000,-5.002158165,-0.155060172,1.001320958,0.039281219,-0.020314118,1.001326680,ros2_odometer_state
M19C_S1_lab_hard_floor_B2_U020_R2,786.728517928,7.066088795,command,0.200000,-5.002158165,-0.155060172,1.001320958,0.039277483,-0.020313075,1.001335382,ros2_odometer_state
M19C_S1_lab_hard_floor_B2_U020_R2,786.730441363,7.068012230,command,0.200000,-5.002158165,-0.155060172,1.001320958,0.039269298,-0.020316049,1.001336694,ros2_odometer_state
M19C_S1_lab_hard_floor_B2_U020_R2,786.733556300,7.071127167,command,0.200000,-5.002158165,-0.155060172,1.001320958,0.039268516,-0.020316046,1.001340747,ros2_odometer_state
M19C_S1_lab_hard_floor_B2_U020_R2,786.734010749,7.071581616,command,0.200000,-5.002158165,-0.155060172,1.001320958,0.039268516,-0.020316046,1.001340747,ros2_odometer_state
M19C_S1_lab_hard_floor_B2_U020_R2,786.736618211,7.074189078,command,0.200000,-5.002158165,-0.155060172,1.001320958,0.039285511,-0.020306392,1.001346111,ros2_odometer_state
M19C_S1_lab_hard_floor_B2_U020_R2,786.738672178,7.076243045,command,0.200000,-5.002158165,-0.155060172,1.001320958,0.039285094,-0.020311490,1.001345992,ros2_odometer_state
M19C_S1_lab_hard_floor_B2_U020_R2,786.740483865,7.078054732,command,0.200000,-5.002158165,-0.155060172,1.001320958,0.039275013,-0.020318449,1.001346827,ros2_odometer_state
M19C_S1_lab_hard_floor_B2_U020_R2,786.742463686,7.080034553,command,0.200000,-5.002158165,-0.155060172,1.001320958,0.039271563,-0.020319927,1.001347303,ros2_odometer_state
M19C_S1_lab_hard_floor_B2_U020_R2,786.744550007,7.082120874,command,0.200000,-5.002158165,-0.155060172,1.001320958,0.039275676,-0.020325525,1.001344919,ros2_odometer_state
M19C_S1_lab_hard_floor_B2_U020_R2,786.746665577,7.084236444,command,0.200000,-5.002158165,-0.155060172,1.001344919,0.039282188,-0.020329578,1.001343131,ros2_odometer_state
M19C_S1_lab_hard_floor_B2_U020_R2,786.748510705,7.086081572,command,0.200000,-5.002158165,-0.155060172,1.001344919,0.039283149,-0.020328132,1.001347780,ros2_odometer_state
M19C_S1_lab_hard_floor_B2_U020_R2,786.750670725,7.088241592,command,0.200000,-5.002158165,-0.155060172,1.001344919,0.039283648,-0.020333221,1.001352429,ros2_odometer_state
M19C_S1_lab_hard_floor_B2_U020_R2,786.753183206,7.090754073,command,0.200000,-5.002158165,-0.155060172,1.001344919,0.039294392,-0.020340512,1.001355052,ros2_odometer_state
M19C_S1_lab_hard_floor_B2_U020_R2,786.755271959,7.092842826,command,0.200000,-5.002158165,-0.155060172,1.001344919,0.039294392,-0.020340512,1.001355052,ros2_odometer_state
M19C_S1_lab_hard_floor_B2_U020_R2,786.758079940,7.095650807,command,0.200000,-5.002158165,-0.155060172,1.001344919,0.039304532,-0.020345576,1.001357317,ros2_odometer_state
M19C_S1_lab_hard_floor_B2_U020_R2,786.759004072,7.096574939,command,0.200000,-5.002158165,-0.155060172,1.001344919,0.039309975,-0.020348329,1.001356721,ros2_odometer_state
M19C_S1_lab_hard_floor_B2_U020_R2,786.760546020,7.098116887,command,0.200000,-5.002158165,-0.155060172,1.001344919,0.039309300,-0.020357050,1.001361728,ros2_odometer_state
M19C_S1_lab_hard_floor_B2_U020_R2,786.761962459,7.099533326,command,0.200000,-5.002158165,-0.155060172,1.001344919,0.039299265,-0.020363672,1.001361012,ros2_odometer_state
M19C_S1_lab_hard_floor_B2_U020_R2,786.764725959,7.102296826,command,0.200000,-5.002158165,-0.155060172,1.001344919,0.039295889,-0.020363256,1.001349568,ros2_odometer_state
M19C_S1_lab_hard_floor_B2_U020_R2,786.766854617,7.104425484,command,0.200000,-5.002158165,-0.155060172,1.001349568,0.039297767,-0.020362739,1.001342535,ros2_odometer_state
M19C_S1_lab_hard_floor_B2_U020_R2,786.768682688,7.106253555,command,0.200000,-5.002158165,-0.155060172,1.001349568,0.039298922,-0.020369001,1.001340032,ros2_odometer_state
M19C_S1_lab_hard_floor_B2_U020_R2,786.770616875,7.108187742,command,0.200000,-5.002158165,-0.155060172,1.001349568,0.039294839,-0.020369690,1.001337171,ros2_odometer_state
M19C_S1_lab_hard_floor_B2_U020_R2,786.773342293,7.110913160,command,0.200000,-5.002158165,-0.155060172,1.001349568,0.039297644,-0.020369940,1.001326919,ros2_odometer_state
M19C_S1_lab_hard_floor_B2_U020_R2,786.774003023,7.111573890,command,0.200000,-5.002158165,-0.155060172,1.001349568,0.039297644,-0.020369940,1.001326919,ros2_odometer_state
M19C_S1_lab_hard_floor_B2_U020_R2,786.776876959,7.114447826,command,0.200000,-5.002158165,-0.155060172,1.001349568,0.039293084,-0.020388905,1.001307130,ros2_odometer_state
M19C_S1_lab_hard_floor_B2_U020_R2,786.778981968,7.116552835,command,0.200000,-5.002158165,-0.155060172,1.001349568,0.039287608,-0.020403225,1.001307011,ros2_odometer_state
M19C_S1_lab_hard_floor_B2_U020_R2,786.780894619,7.118465486,command,0.200000,-5.002158165,-0.155060172,1.001349568,0.039288290,-0.020415060,1.001301289,ros2_odometer_state
M19C_S1_lab_hard_floor_B2_U020_R2,786.783176051,7.120746918,command,0.200000,-5.002158165,-0.155060172,1.001349568,0.039288249,-0.020420086,1.001297355,ros2_odometer_state
M19C_S1_lab_hard_floor_B2_U020_R2,786.785392425,7.122963292,command,0.200000,-5.002158165,-0.155060172,1.001349568,0.039287899,-0.020422127,1.001294136,ros2_odometer_state
M19C_S1_lab_hard_floor_B2_U020_R2,786.786075268,7.123646135,command,0.200000,-5.002158165,-0.155060172,1.001294136,0.039287899,-0.020422127,1.001294136,ros2_odometer_state
M19C_S1_lab_hard_floor_B2_U020_R2,786.788909042,7.126479909,command,0.200000,-5.002158165,-0.155060172,1.001294136,0.039286256,-0.020434989,1.001282215,ros2_odometer_state
M19C_S1_lab_hard_floor_B2_U020_R2,786.790769562,7.128340429,command,0.200000,-5.002158165,-0.155060172,1.001294136,0.039282091,-0.020440295,1.001281023,ros2_odometer_state
M19C_S1_lab_hard_floor_B2_U020_R2,786.793319453,7.130890320,command,0.200000,-5.002158165,-0.155060172,1.001294136,0.039279759,-0.020446096,1.001277804,ros2_odometer_state
M19C_S1_lab_hard_floor_B2_U020_R2,786.794705107,7.132275974,command,0.200000,-5.002158165,-0.155060172,1.001294136,0.039282050,-0.020450033,1.001274347,ros2_odometer_state
M19C_S1_lab_hard_floor_B2_U020_R2,786.795972325,7.133543192,command,0.200000,-5.002158165,-0.155060172,1.001294136,0.039282050,-0.020450033,1.001274347,ros2_odometer_state
M19C_S1_lab_hard_floor_B2_U020_R2,786.797941969,7.135512836,command,0.200000,-5.002158165,-0.155060172,1.001294136,0.039284579,-0.020452468,1.001273274,ros2_odometer_state
M19C_S1_lab_hard_floor_B2_U020_R2,786.800680571,7.138251438,command,0.200000,-5.002158165,-0.155060172,1.001294136,0.039291460,-0.020464720,1.001266837,ros2_odometer_state
M19C_S1_lab_hard_floor_B2_U020_R2,786.804529329,7.142100196,command,0.200000,-5.002158165,-0.155060172,1.001294136,0.039289664,-0.020465473,1.001261592,ros2_odometer_state
M19C_S1_lab_hard_floor_B2_U020_R2,786.805399507,7.142970374,command,0.200000,-5.002158165,-0.155060172,1.001294136,0.039290059,-0.020471551,1.001258731,ros2_odometer_state
M19C_S1_lab_hard_floor_B2_U020_R2,786.808610896,7.146181763,command,0.200000,-5.002158165,-0.155060172,1.001258731,0.039289594,-0.020477226,1.001258850,ros2_odometer_state
M19C_S1_lab_hard_floor_B2_U020_R2,786.809014527,7.146585394,command,0.200000,-5.002158165,-0.155060172,1.001258731,0.039289594,-0.020477226,1.001258850,ros2_odometer_state
M19C_S1_lab_hard_floor_B2_U020_R2,786.810292625,7.147863492,command,0.200000,-5.002158165,-0.155060172,1.001258731,0.039288919,-0.020476503,1.001254678,ros2_odometer_state
M19C_S1_lab_hard_floor_B2_U020_R2,786.813482349,7.151053216,command,0.200000,-5.002158165,-0.155060172,1.001258731,0.039292451,-0.020490928,1.001250267,ros2_odometer_state
M19C_S1_lab_hard_floor_B2_U020_R2,786.815009992,7.152580859,command,0.200000,-5.002158165,-0.155060172,1.001258731,0.039290559,-0.020497801,1.001241922,ros2_odometer_state
M19C_S1_lab_hard_floor_B2_U020_R2,786.818890655,7.156461522,command,0.200000,-5.002158165,-0.155060172,1.001258731,0.039289676,-0.020504029,1.001236677,ros2_odometer_state
M19C_S1_lab_hard_floor_B2_U020_R2,786.819613339,7.157184206,command,0.200000,-5.002158165,-0.155060172,1.001258731,0.039289676,-0.020504029,1.001236677,ros2_odometer_state
M19C_S1_lab_hard_floor_B2_U020_R2,786.820775816,7.158346683,command,0.200000,-5.002158165,-0.155060172,1.001258731,0.039279476,-0.020511193,1.001230240,ros2_odometer_state
M19C_S1_lab_hard_floor_B2_U020_R2,786.823082818,7.160653685,command,0.200000,-5.002158165,-0.155060172,1.001258731,0.039272942,-0.020514084,1.001229048,ros2_odometer_state
M19C_S1_lab_hard_floor_B2_U020_R2,786.824339891,7.161910758,command,0.200000,-5.002158165,-0.155060172,1.001258731,0.039266560,-0.020512344,1.001231670,ros2_odometer_state
M19C_S1_lab_hard_floor_B2_U020_R2,786.826845204,7.164416071,command,0.200000,-5.002158165,-0.155060172,1.001231670,0.039250445,-0.020524075,1.001231790,ros2_odometer_state
M19C_S1_lab_hard_floor_B2_U020_R2,786.828841473,7.166412340,command,0.200000,-5.002158165,-0.155060172,1.001231670,0.039248779,-0.020524623,1.001232028,ros2_odometer_state
M19C_S1_lab_hard_floor_B2_U020_R2,786.833028932,7.170599799,command,0.200000,-5.002158165,-0.155060172,1.001231670,0.039252020,-0.020527486,1.001234293,ros2_odometer_state
M19C_S1_lab_hard_floor_B2_U020_R2,786.833478582,7.171049449,command,0.200000,-5.002158165,-0.155060172,1.001231670,0.039252020,-0.020527486,1.001234293,ros2_odometer_state
M19C_S1_lab_hard_floor_B2_U020_R2,786.834997073,7.172567940,command,0.200000,-5.002158165,-0.155060172,1.001231670,0.039251078,-0.020528758,1.001230478,ros2_odometer_state
M19C_S1_lab_hard_floor_B2_U020_R2,786.836918171,7.174489038,command,0.200000,-5.002158165,-0.155060172,1.001231670,0.039250735,-0.020534988,1.001225114,ros2_odometer_state
M19C_S1_lab_hard_floor_B2_U020_R2,786.839078607,7.176649474,command,0.200000,-5.002158165,-0.155060172,1.001231670,0.039248757,-0.020543359,1.001220107,ros2_odometer_state
M19C_S1_lab_hard_floor_B2_U020_R2,786.840320479,7.177891346,command,0.200000,-5.002158165,-0.155060172,1.001231670,0.039241865,-0.020549791,1.001216292,ros2_odometer_state
M19C_S1_lab_hard_floor_B2_U020_R2,786.841995809,7.179566676,command,0.200000,-5.002158165,-0.155060172,1.001231670,0.039234035,-0.020553112,1.001213312,ros2_odometer_state
M19C_S1_lab_hard_floor_B2_U020_R2,786.845196669,7.182767536,command,0.200000,-5.002158165,-0.155060172,1.001231670,0.039227612,-0.020558430,1.001216769,ros2_odometer_state
M19C_S1_lab_hard_floor_B2_U020_R2,786.846268007,7.183838874,command,0.200000,-5.002158165,-0.155060172,1.001216769,0.039227612,-0.020558430,1.001216769,ros2_odometer_state
M19C_S1_lab_hard_floor_B2_U020_R2,786.848862411,7.186433278,command,0.200000,-5.002158165,-0.155060172,1.001216769,0.039238233,-0.020581348,1.001224637,ros2_odometer_state
M19C_S1_lab_hard_floor_B2_U020_R2,786.851378829,7.188949696,command,0.200000,-5.002158165,-0.155060172,1.001216769,0.039231390,-0.020585114,1.001225114,ros2_odometer_state
M19C_S1_lab_hard_floor_B2_U020_R2,786.853798443,7.191369310,command,0.200000,-5.002158165,-0.155060172,1.001216769,0.039231390,-0.020585114,1.001225114,ros2_odometer_state
M19C_S1_lab_hard_floor_B2_U020_R2,786.855644819,7.193215686,command,0.200000,-5.002158165,-0.155060172,1.001216769,0.039230749,-0.020588737,1.001228094,ros2_odometer_state
M19C_S1_lab_hard_floor_B2_U020_R2,786.861541080,7.199111947,command,0.200000,-5.002158165,-0.155060172,1.001216769,0.039230004,-0.020601554,1.001231313,ros2_odometer_state
M19C_S1_lab_hard_floor_B2_U020_R2,786.862877836,7.200448703,command,0.200000,-5.002158165,-0.155060172,1.001216769,0.039223023,-0.020606870,1.001227260,ros2_odometer_state
M19C_S1_lab_hard_floor_B2_U020_R2,786.864344037,7.201914904,command,0.200000,-5.002158165,-0.155060172,1.001216769,0.039224785,-0.020603450,1.001226902,ros2_odometer_state
M19C_S1_lab_hard_floor_B2_U020_R2,786.865374989,7.202945856,command,0.200000,-5.002158165,-0.155060172,1.001216769,0.039223496,-0.020603549,1.001222968,ros2_odometer_state
M19C_S1_lab_hard_floor_B2_U020_R2,786.866586236,7.204157103,command,0.200000,-5.002158165,-0.155060172,1.001216769,0.039228432,-0.020610692,1.001230836,ros2_odometer_state
M19C_S1_lab_hard_floor_B2_U020_R2,786.867505024,7.205075891,command,0.200000,-5.002158165,-0.155060172,1.001230836,0.039230067,-0.020618550,1.001231551,ros2_odometer_state
M19C_S1_lab_hard_floor_B2_U020_R2,786.869074429,7.206645296,command,0.200000,-5.002158165,-0.155060172,1.001230836,0.039228607,-0.020620694,1.001231074,ros2_odometer_state
M19C_S1_lab_hard_floor_B2_U020_R2,786.871009096,7.208579963,command,0.200000,-5.002158165,-0.155060172,1.001230836,0.039229136,-0.020620210,1.001236796,ros2_odometer_state
M19C_S1_lab_hard_floor_B2_U020_R2,786.873544234,7.211115101,command,0.200000,-5.002158165,-0.155060172,1.001230836,0.039234377,-0.020620357,1.001240849,ros2_odometer_state
M19C_S1_lab_hard_floor_B2_U020_R2,786.875290222,7.212861089,command,0.200000,-5.002158165,-0.155060172,1.001230836,0.039242059,-0.020620817,1.001236439,ros2_odometer_state
M19C_S1_lab_hard_floor_B2_U020_R2,786.876690180,7.214261047,command,0.200000,-5.002158165,-0.155060172,1.001230836,0.039242059,-0.020620817,1.001236439,ros2_odometer_state
M19C_S1_lab_hard_floor_B2_U020_R2,786.878514635,7.216085502,command,0.200000,-5.002158165,-0.155060172,1.001230836,0.039248638,-0.020619730,1.001233459,ros2_odometer_state
M19C_S1_lab_hard_floor_B2_U020_R2,786.880301585,7.217872452,command,0.200000,-5.002158165,-0.155060172,1.001230836,0.039245490,-0.020616796,1.001230359,ros2_odometer_state
M19C_S1_lab_hard_floor_B2_U020_R2,786.882994297,7.220565164,command,0.200000,-5.002158165,-0.155060172,1.001230836,0.039234579,-0.020608261,1.001230478,ros2_odometer_state
M19C_S1_lab_hard_floor_B2_U020_R2,786.884970182,7.222541049,command,0.200000,-5.002158165,-0.155060172,1.001230836,0.039235231,-0.020608595,1.001230597,ros2_odometer_state
M19C_S1_lab_hard_floor_B2_U020_R2,786.887294016,7.224864883,command,0.200000,-5.002158165,-0.155060172,1.001230597,0.039234322,-0.020613572,1.001227140,ros2_odometer_state
M19C_S1_lab_hard_floor_B2_U020_R2,786.889199178,7.226770045,command,0.200000,-5.002158165,-0.155060172,1.001230597,0.039234541,-0.020620385,1.001220345,ros2_odometer_state
M19C_S1_lab_hard_floor_B2_U020_R2,786.890281556,7.227852423,command,0.200000,-5.002158165,-0.155060172,1.001230597,0.039234541,-0.020620385,1.001220345,ros2_odometer_state
M19C_S1_lab_hard_floor_B2_U020_R2,786.893664664,7.231235531,command,0.200000,-5.002158165,-0.155060172,1.001230597,0.039215110,-0.020621670,1.001212239,ros2_odometer_state
M19C_S1_lab_hard_floor_B2_U020_R2,786.894183884,7.231754751,command,0.200000,-5.002158165,-0.155060172,1.001230597,0.039215110,-0.020621670,1.001212239,ros2_odometer_state
M19C_S1_lab_hard_floor_B2_U020_R2,786.896639083,7.234209950,command,0.200000,-5.002158165,-0.155060172,1.001230597,0.039209772,-0.020620367,1.001206875,ros2_odometer_state
M19C_S1_lab_hard_floor_B2_U020_R2,786.899140525,7.236711392,command,0.200000,-5.002158165,-0.155060172,1.001230597,0.039205644,-0.020617213,1.001207829,ros2_odometer_state
M19C_S1_lab_hard_floor_B2_U020_R2,786.901784947,7.239355814,command,0.200000,-5.002158165,-0.155060172,1.001230597,0.039204478,-0.020621153,1.001210213,ros2_odometer_state
M19C_S1_lab_hard_floor_B2_U020_R2,786.903200458,7.240771325,command,0.200000,-5.002158165,-0.155060172,1.001230597,0.039204866,-0.020629345,1.001206756,ros2_odometer_state
M19C_S1_lab_hard_floor_B2_U020_R2,786.904492797,7.242063664,command,0.200000,-5.002158165,-0.155060172,1.001230597,0.039201293,-0.020632271,1.001201510,ros2_odometer_state
M19C_S1_lab_hard_floor_B2_U020_R2,786.907053728,7.244624595,command,0.200000,-5.002158165,-0.155060172,1.001195908,0.039195750,-0.020639800,1.001195192,ros2_odometer_state
M19C_S1_lab_hard_floor_B2_U020_R2,786.908965738,7.246536605,command,0.200000,-5.002158165,-0.155060172,1.001195908,0.039193776,-0.020645317,1.001193881,ros2_odometer_state
M19C_S1_lab_hard_floor_B2_U020_R2,786.910953400,7.248524267,command,0.200000,-5.002158165,-0.155060172,1.001195908,0.039199058,-0.020650977,1.001186728,ros2_odometer_state
M19C_S1_lab_hard_floor_B2_U020_R2,786.912830113,7.250400980,command,0.200000,-5.002158165,-0.155060172,1.001195908,0.039199058,-0.020650977,1.001186728,ros2_odometer_state
M19C_S1_lab_hard_floor_B2_U020_R2,786.916515888,7.254086755,command,0.200000,-5.002158165,-0.155060172,1.001195908,0.039197885,-0.020658547,1.001178026,ros2_odometer_state
M19C_S1_lab_hard_floor_B2_U020_R2,786.917445204,7.255016071,command,0.200000,-5.002158165,-0.155060172,1.001195908,0.039198559,-0.020664880,1.001174688,ros2_odometer_state
M19C_S1_lab_hard_floor_B2_U020_R2,786.918294165,7.255865032,command,0.200000,-5.002158165,-0.155060172,1.001195908,0.039198559,-0.020664880,1.001174688,ros2_odometer_state
M19C_S1_lab_hard_floor_B2_U020_R2,786.921005822,7.258576689,command,0.200000,-5.002158165,-0.155060172,1.001195908,0.039197501,-0.020667342,1.001170635,ros2_odometer_state
M19C_S1_lab_hard_floor_B2_U020_R2,786.922157387,7.259728254,command,0.200000,-5.002158165,-0.155060172,1.001195908,0.039197501,-0.020667342,1.001170635,ros2_odometer_state
M19C_S1_lab_hard_floor_B2_U020_R2,786.925014138,7.262585005,command,0.200000,-5.002158165,-0.155060172,1.001195908,0.039210916,-0.020679276,1.001166463,ros2_odometer_state
M19C_S1_lab_hard_floor_B2_U020_R2,786.927081226,7.264652093,command,0.200000,-5.002158165,-0.155060172,1.001166463,0.039213195,-0.020680886,1.001164794,ros2_odometer_state
M19C_S1_lab_hard_floor_B2_U020_R2,786.929877111,7.267447978,command,0.200000,-5.002158165,-0.155060172,1.001166463,0.039214786,-0.020685885,1.001167059,ros2_odometer_state
M19C_S1_lab_hard_floor_B2_U020_R2,786.930200739,7.267771606,command,0.200000,-5.002158165,-0.155060172,1.001166463,0.039214786,-0.020685885,1.001167059,ros2_odometer_state
M19C_S1_lab_hard_floor_B2_U020_R2,786.933826064,7.271396931,command,0.200000,-5.002158165,-0.155060172,1.001166463,0.039227407,-0.020686351,1.001169562,ros2_odometer_state
M19C_S1_lab_hard_floor_B2_U020_R2,786.935059552,7.272630419,command,0.200000,-5.002158165,-0.155060172,1.001166463,0.039234243,-0.020692399,1.001164794,ros2_odometer_state
M19C_S1_lab_hard_floor_B2_U020_R2,786.936276079,7.273846946,command,0.200000,-5.002158165,-0.155060172,1.001166463,0.039234243,-0.020692399,1.001164794,ros2_odometer_state
M19C_S1_lab_hard_floor_B2_U020_R2,786.939759991,7.277330858,command,0.200000,-5.002158165,-0.155060172,1.001166463,0.039237473,-0.020701695,1.001166224,ros2_odometer_state
M19C_S1_lab_hard_floor_B2_U020_R2,786.940337805,7.277908672,command,0.200000,-5.002158165,-0.155060172,1.001166463,0.039237473,-0.020701695,1.001166224,ros2_odometer_state
M19C_S1_lab_hard_floor_B2_U020_R2,786.943043606,7.280614473,command,0.200000,-5.002158165,-0.155060172,1.001166463,0.039240126,-0.020710349,1.001153231,ros2_odometer_state
M19C_S1_lab_hard_floor_B2_U020_R2,786.945101318,7.282672185,command,0.200000,-5.002158165,-0.155060172,1.001166463,0.039248340,-0.020713691,1.001159072,ros2_odometer_state
M19C_S1_lab_hard_floor_B2_U020_R2,786.947060754,7.284631621,command,0.200000,-5.002158165,-0.155060172,1.001159072,0.039252114,-0.020712089,1.001163006,ros2_odometer_state
M19C_S1_lab_hard_floor_B2_U020_R2,786.949139267,7.286710134,command,0.200000,-5.002158165,-0.155060172,1.001159072,0.039248120,-0.020708997,1.001160860,ros2_odometer_state
M19C_S1_lab_hard_floor_B2_U020_R2,786.951471230,7.289042097,command,0.200000,-5.002158165,-0.155060172,1.001159072,0.039243262,-0.020713562,1.001155138,ros2_odometer_state
M19C_S1_lab_hard_floor_B2_U020_R2,786.953723189,7.291294056,command,0.200000,-5.002158165,-0.155060172,1.001159072,0.039244879,-0.020720201,1.001147628,ros2_odometer_state
M19C_S1_lab_hard_floor_B2_U020_R2,786.954534261,7.292105128,command,0.200000,-5.002158165,-0.155060172,1.001159072,0.039244879,-0.020720201,1.001147628,ros2_odometer_state
M19C_S1_lab_hard_floor_B2_U020_R2,786.957072279,7.294643146,command,0.200000,-5.002158165,-0.155060172,1.001159072,0.039246801,-0.020717802,1.001144886,ros2_odometer_state
M19C_S1_lab_hard_floor_B2_U020_R2,786.958961505,7.296532372,command,0.200000,-5.002158165,-0.155060172,1.001159072,0.039242450,-0.020712206,1.001151085,ros2_odometer_state
M19C_S1_lab_hard_floor_B2_U020_R2,786.961115476,7.298686343,command,0.200000,-5.002158165,-0.155060172,1.001159072,0.039242812,-0.020708892,1.001153469,ros2_odometer_state
M19C_S1_lab_hard_floor_B2_U020_R2,786.963190949,7.300761816,command,0.200000,-5.002158165,-0.155060172,1.001159072,0.039239608,-0.020707173,1.001158834,ros2_odometer_state
M19C_S1_lab_hard_floor_B2_U020_R2,786.965322104,7.302892971,command,0.200000,-5.002158165,-0.155060172,1.001159072,0.039232433,-0.020703427,1.001164913,ros2_odometer_state
M19C_S1_lab_hard_floor_B2_U020_R2,786.968502899,7.306073766,command,0.200000,-5.002158165,-0.155060172,1.001164913,0.039229650,-0.020703139,1.001163840,ros2_odometer_state
M19C_S1_lab_hard_floor_B2_U020_R2,786.969499226,7.307070093,command,0.200000,-5.002158165,-0.155060172,1.001164913,0.039237641,-0.020708524,1.001161098,ros2_odometer_state
M19C_S1_lab_hard_floor_B2_U020_R2,786.971179771,7.308750638,command,0.200000,-5.002158165,-0.155060172,1.001164913,0.039237354,-0.020707540,1.001155853,ros2_odometer_state
M19C_S1_lab_hard_floor_B2_U020_R2,786.973690141,7.311261008,command,0.200000,-5.002158165,-0.155060172,1.001164913,0.039227542,-0.020705746,1.001153827,ros2_odometer_state
M19C_S1_lab_hard_floor_B2_U020_R2,786.975230841,7.312801708,command,0.200000,-5.002158165,-0.155060172,1.001164913,0.039231818,-0.020711038,1.001156330,ros2_odometer_state
M19C_S1_lab_hard_floor_B2_U020_R2,786.977253319,7.314824186,command,0.200000,-5.002158165,-0.155060172,1.001164913,0.039234299,-0.020711975,1.001157641,ros2_odometer_state
M19C_S1_lab_hard_floor_B2_U020_R2,786.979701255,7.317272122,command,0.200000,-5.002158165,-0.155060172,1.001164913,0.039228112,-0.020714711,1.001155019,ros2_odometer_state
M19C_S1_lab_hard_floor_B2_U020_R2,786.980700333,7.318271200,command,0.200000,-5.002158165,-0.155060172,1.001164913,0.039228112,-0.020714711,1.001155019,ros2_odometer_state
M19C_S1_lab_hard_floor_B2_U020_R2,786.983190222,7.320761089,command,0.200000,-5.002158165,-0.155060172,1.001164913,0.039233472,-0.020717878,1.001155376,ros2_odometer_state
M19C_S1_lab_hard_floor_B2_U020_R2,786.985231549,7.322802416,command,0.200000,-5.002158165,-0.155060172,1.001164913,0.039233707,-0.020717192,1.001150727,ros2_odometer_state
M19C_S1_lab_hard_floor_B2_U020_R2,786.986366633,7.323937500,command,0.200000,-5.002158165,-0.155060172,1.001150727,0.039233707,-0.020717192,1.001150727,ros2_odometer_state
M19C_S1_lab_hard_floor_B2_U020_R2,786.989044146,7.326615013,command,0.200000,-5.002158165,-0.155060172,1.001150727,0.039221480,-0.020716112,1.001155496,ros2_odometer_state
M19C_S1_lab_hard_floor_B2_U020_R2,786.991173540,7.328744407,command,0.200000,-5.002158165,-0.155060172,1.001150727,0.039217208,-0.020715874,1.001161814,ros2_odometer_state
M19C_S1_lab_hard_floor_B2_U020_R2,786.993245493,7.330816360,command,0.200000,-5.002158165,-0.155060172,1.001150727,0.039217208,-0.020715874,1.001161814,ros2_odometer_state
M19C_S1_lab_hard_floor_B2_U020_R2,786.994601545,7.332172412,command,0.200000,-5.002158165,-0.155060172,1.001150727,0.039218821,-0.020722015,1.001164794,ros2_odometer_state
M19C_S1_lab_hard_floor_B2_U020_R2,786.997467929,7.335038796,command,0.200000,-5.002158165,-0.155060172,1.001150727,0.039224926,-0.020725057,1.001163125,ros2_odometer_state
M19C_S1_lab_hard_floor_B2_U020_R2,786.999050198,7.336621065,command,0.200000,-5.002158165,-0.155060172,1.001150727,0.039230440,-0.020727906,1.001160264,ros2_odometer_state
M19C_S1_lab_hard_floor_B2_U020_R2,787.001066469,7.338637336,command,0.200000,-5.002158165,-0.155060172,1.001150727,0.039237011,-0.020735525,1.001154542,ros2_odometer_state
M19C_S1_lab_hard_floor_B2_U020_R2,787.003075955,7.340646822,command,0.200000,-5.002158165,-0.155060172,1.001150727,0.039245851,-0.020746561,1.001159668,ros2_odometer_state
M19C_S1_lab_hard_floor_B2_U020_R2,787.005103073,7.342673940,command,0.200000,-5.002158165,-0.155060172,1.001150727,0.039254881,-0.020752490,1.001163363,ros2_odometer_state
M19C_S1_lab_hard_floor_B2_U020_R2,787.007126640,7.344697507,command,0.200000,-5.002158165,-0.155060172,1.001163363,0.039258633,-0.020745961,1.001159191,ros2_odometer_state
M19C_S1_lab_hard_floor_B2_U020_R2,787.008506246,7.346077113,command,0.200000,-5.002158165,-0.155060172,1.001163363,0.039258633,-0.020745961,1.001159191,ros2_odometer_state
M19C_S1_lab_hard_floor_B2_U020_R2,787.010319916,7.347890783,command,0.200000,-5.002158165,-0.155060172,1.001163363,0.039255325,-0.020742748,1.001154542,ros2_odometer_state
M19C_S1_lab_hard_floor_B2_U020_R2,787.013111897,7.350682764,command,0.200000,-5.002158165,-0.155060172,1.001163363,0.039249111,-0.020750524,1.001149297,ros2_odometer_state
M19C_S1_lab_hard_floor_B2_U020_R2,787.014948416,7.352519283,command,0.200000,-5.002158165,-0.155060172,1.001163363,0.039247751,-0.020757360,1.001142740,ros2_odometer_state
M19C_S1_lab_hard_floor_B2_U020_R2,787.019487472,7.357058339,command,0.200000,-5.002158165,-0.155060172,1.001163363,0.039245583,-0.020753814,1.001145244,ros2_odometer_state
M19C_S1_lab_hard_floor_B2_U020_R2,787.020518712,7.358089579,command,0.200000,-5.002158165,-0.155060172,1.001163363,0.039244257,-0.020751774,1.001147389,ros2_odometer_state
M19C_S1_lab_hard_floor_B2_U020_R2,787.021438076,7.359008943,command,0.200000,-5.002158165,-0.155060172,1.001163363,0.039246071,-0.020751929,1.001143336,ros2_odometer_state
M19C_S1_lab_hard_floor_B2_U020_R2,787.023129822,7.360700689,command,0.200000,-5.002158165,-0.155060172,1.001163363,0.039245579,-0.020755092,1.001140356,ros2_odometer_state
M19C_S1_lab_hard_floor_B2_U020_R2,787.025345428,7.362916295,command,0.200000,-5.002158165,-0.155060172,1.001163363,0.039244931,-0.020756666,1.001138687,ros2_odometer_state
M19C_S1_lab_hard_floor_B2_U020_R2,787.026485536,7.364056403,command,0.200000,-5.002158165,-0.155060172,1.001138687,0.039244931,-0.020756666,1.001138687,ros2_odometer_state
M19C_S1_lab_hard_floor_B2_U020_R2,787.033233894,7.370804761,command,0.200000,-5.002158165,-0.155060172,1.001138687,0.039237760,-0.020752674,1.001133442,ros2_odometer_state
M19C_S1_lab_hard_floor_B2_U020_R2,787.034136649,7.371707516,command,0.200000,-5.002158165,-0.155060172,1.001138687,0.039236892,-0.020756243,1.001128554,ros2_odometer_state
M19C_S1_lab_hard_floor_B2_U020_R2,787.035187026,7.372757893,command,0.200000,-5.002158165,-0.155060172,1.001138687,0.039235871,-0.020757308,1.001128316,ros2_odometer_state
M19C_S1_lab_hard_floor_B2_U020_R2,787.036106838,7.373677705,command,0.200000,-5.002158165,-0.155060172,1.001138687,0.039235141,-0.020757455,1.001130581,ros2_odometer_state
M19C_S1_lab_hard_floor_B2_U020_R2,787.036454627,7.374025494,command,0.200000,-5.002158165,-0.155060172,1.001138687,0.039235141,-0.020757455,1.001130581,ros2_odometer_state
M19C_S1_lab_hard_floor_B2_U020_R2,787.038470610,7.376041477,command,0.200000,-5.002158165,-0.155060172,1.001138687,0.039230235,-0.020752944,1.001131177,ros2_odometer_state
M19C_S1_lab_hard_floor_B2_U020_R2,787.041992347,7.379563214,command,0.200000,-5.002158165,-0.155060172,1.001138687,0.039216969,-0.020753091,1.001120925,ros2_odometer_state
M19C_S1_lab_hard_floor_B2_U020_R2,787.042752056,7.380322923,command,0.200000,-5.002158165,-0.155060172,1.001138687,0.039216969,-0.020753091,1.001120925,ros2_odometer_state
M19C_S1_lab_hard_floor_B2_U020_R2,787.044638145,7.382209012,command,0.200000,-5.002158165,-0.155060172,1.001138687,0.039216269,-0.020749249,1.001123786,ros2_odometer_state
M19C_S1_lab_hard_floor_B2_U020_R2,787.046662096,7.384232963,command,0.200000,-5.002158165,-0.155060172,1.001132846,0.039218057,-0.020748390,1.001132846,ros2_odometer_state
M19C_S1_lab_hard_floor_B2_U020_R2,787.048671486,7.386242353,command,0.200000,-5.002158165,-0.155060172,1.001132846,0.039223012,-0.020745777,1.001132011,ros2_odometer_state
M19C_S1_lab_hard_floor_B2_U020_R2,787.050907381,7.388478248,command,0.200000,-5.002158165,-0.155060172,1.001132846,0.039229564,-0.020747459,1.001124859,ros2_odometer_state
M19C_S1_lab_hard_floor_B2_U020_R2,787.053207406,7.390778273,command,0.200000,-5.002158165,-0.155060172,1.001132846,0.039227862,-0.020744527,1.001124263,ros2_odometer_state
M19C_S1_lab_hard_floor_B2_U020_R2,787.054864111,7.392434978,command,0.200000,-5.002158165,-0.155060172,1.001132846,0.039225552,-0.020740964,1.001130104,ros2_odometer_state
M19C_S1_lab_hard_floor_B2_U020_R2,787.057308590,7.394879457,command,0.200000,-5.002158165,-0.155060172,1.001132846,0.039217949,-0.020720778,1.001132488,ros2_odometer_state
M19C_S1_lab_hard_floor_B2_U020_R2,787.058422553,7.395993420,command,0.200000,-5.002158165,-0.155060172,1.001132846,0.039217949,-0.020720778,1.001132488,ros2_odometer_state
M19C_S1_lab_hard_floor_B2_U020_R2,787.060396550,7.397967417,command,0.200000,-5.002158165,-0.155060172,1.001132846,0.039213493,-0.020718388,1.001129866,ros2_odometer_state
M19C_S1_lab_hard_floor_B2_U020_R2,787.063316087,7.400886954,command,0.200000,-5.002158165,-0.155060172,1.001132846,0.039209619,-0.020717856,1.001132369,ros2_odometer_state
M19C_S1_lab_hard_floor_B2_U020_R2,787.064536070,7.402106937,command,0.200000,-5.002158165,-0.155060172,1.001132846,0.039209619,-0.020717856,1.001132369,ros2_odometer_state
M19C_S1_lab_hard_floor_B2_U020_R2,787.066575446,7.404146313,command,0.200000,-5.002158165,-0.155060172,1.001131177,0.039207622,-0.020720514,1.001131177,ros2_odometer_state
M19C_S1_lab_hard_floor_B2_U020_R2,787.069239677,7.406810544,command,0.200000,-5.002158165,-0.155060172,1.001131177,0.039207734,-0.020718738,1.001128197,ros2_odometer_state
M19C_S1_lab_hard_floor_B2_U020_R2,787.070409259,7.407980126,command,0.200000,-5.002158165,-0.155060172,1.001131177,0.039207734,-0.020718738,1.001128197,ros2_odometer_state
M19C_S1_lab_hard_floor_B2_U020_R2,787.073087251,7.410658118,command,0.200000,-5.002158165,-0.155060172,1.001131177,0.039209362,-0.020718744,1.001132607,ros2_odometer_state
M19C_S1_lab_hard_floor_B2_U020_R2,787.075386284,7.412957151,command,0.200000,-5.002158165,-0.155060172,1.001131177,0.039203126,-0.020722527,1.001135349,ros2_odometer_state
M19C_S1_lab_hard_floor_B2_U020_R2,787.076604283,7.414175150,command,0.200000,-5.002158165,-0.155060172,1.001131177,0.039203126,-0.020722527,1.001135349,ros2_odometer_state
M19C_S1_lab_hard_floor_B2_U020_R2,787.079339430,7.416910297,command,0.200000,-5.002158165,-0.155060172,1.001131177,0.039203074,-0.020728460,1.001143217,ros2_odometer_state
M19C_S1_lab_hard_floor_B2_U020_R2,787.081282385,7.418853252,command,0.200000,-5.002158165,-0.155060172,1.001131177,0.039211031,-0.020720767,1.001141667,ros2_odometer_state
M19C_S1_lab_hard_floor_B2_U020_R2,787.083290015,7.420860882,command,0.200000,-5.002158165,-0.155060172,1.001131177,0.039214589,-0.020717714,1.001143217,ros2_odometer_state
M19C_S1_lab_hard_floor_B2_U020_R2,787.084530671,7.422101538,command,0.200000,-5.002158165,-0.155060172,1.001131177,0.039214589,-0.020717714,1.001143217,ros2_odometer_state
M19C_S1_lab_hard_floor_B2_U020_R2,787.087600038,7.425170905,command,0.200000,-5.002158165,-0.155060172,1.001147270,0.039207824,-0.020723443,1.001144767,ros2_odometer_state
M19C_S1_lab_hard_floor_B2_U020_R2,787.089266215,7.426837082,command,0.200000,-5.002158165,-0.155060172,1.001147270,0.039203405,-0.020719489,1.001147866,ros2_odometer_state
M19C_S1_lab_hard_floor_B2_U020_R2,787.090455317,7.428026184,command,0.200000,-5.002158165,-0.155060172,1.001147270,0.039203405,-0.020719489,1.001147866,ros2_odometer_state
M19C_S1_lab_hard_floor_B2_U020_R2,787.093943421,7.431514288,command,0.200000,-5.002158165,-0.155060172,1.001147270,0.039206389,-0.020720273,1.001154780,ros2_odometer_state
M19C_S1_lab_hard_floor_B2_U020_R2,787.095448183,7.433019050,command,0.200000,-5.002158165,-0.155060172,1.001147270,0.039201006,-0.020719057,1.001163363,ros2_odometer_state
M19C_S1_lab_hard_floor_B2_U020_R2,787.097417988,7.434988855,command,0.200000,-5.002158165,-0.155060172,1.001147270,0.039196331,-0.020714879,1.001165271,ros2_odometer_state
M19C_S1_lab_hard_floor_B2_U020_R2,787.099354703,7.436925570,command,0.200000,-5.002158165,-0.155060172,1.001147270,0.039196700,-0.020709425,1.001168251,ros2_odometer_state
M19C_S1_lab_hard_floor_B2_U020_R2,787.101400095,7.438970962,command,0.200000,-5.002158165,-0.155060172,1.001147270,0.039199919,-0.020708656,1.001172900,ros2_odometer_state
M19C_S1_lab_hard_floor_B2_U020_R2,787.102698513,7.440269380,command,0.200000,-5.002158165,-0.155060172,1.001147270,0.039199919,-0.020708656,1.001172900,ros2_odometer_state
M19C_S1_lab_hard_floor_B2_U020_R2,787.105418171,7.442989038,command,0.200000,-5.002158165,-0.155060172,1.001147270,0.039199762,-0.020695737,1.001182556,ros2_odometer_state
M19C_S1_lab_hard_floor_B2_U020_R2,787.107669010,7.445239877,command,0.200000,-5.002158165,-0.155060172,1.001182556,0.039207082,-0.020699529,1.001180887,ros2_odometer_state
M19C_S1_lab_hard_floor_B2_U020_R2,787.108757628,7.446328495,command,0.200000,-5.002158165,-0.155060172,1.001182556,0.039207082,-0.020699529,1.001180887,ros2_odometer_state
M19C_S1_lab_hard_floor_B2_U020_R2,787.110744970,7.448315837,command,0.200000,-5.002158165,-0.155060172,1.001182556,0.039212152,-0.020697640,1.001183271,ros2_odometer_state
M19C_S1_lab_hard_floor_B2_U020_R2,787.113128134,7.450699001,command,0.200000,-5.002158165,-0.155060172,1.001182556,0.039206937,-0.020689806,1.001187325,ros2_odometer_state
M19C_S1_lab_hard_floor_B2_U020_R2,787.115447648,7.453018515,command,0.200000,-5.002158165,-0.155060172,1.001182556,0.039211165,-0.020682596,1.001210690,ros2_odometer_state
M19C_S1_lab_hard_floor_B2_U020_R2,787.116608525,7.454179392,command,0.200000,-5.002158165,-0.155060172,1.001182556,0.039211165,-0.020682596,1.001210690,ros2_odometer_state
M19C_S1_lab_hard_floor_B2_U020_R2,787.118662269,7.456233136,command,0.200000,-5.002158165,-0.155060172,1.001182556,0.039216883,-0.020682195,1.001211286,ros2_odometer_state
M19C_S1_lab_hard_floor_B2_U020_R2,787.120533446,7.458104313,command,0.200000,-5.002158165,-0.155060172,1.001182556,0.039224766,-0.020678440,1.001204133,ros2_odometer_state
M19C_S1_lab_hard_floor_B2_U020_R2,787.122473041,7.460043908,command,0.200000,-5.002158165,-0.155060172,1.001182556,0.039230254,-0.020677160,1.001203060,ros2_odometer_state
M19C_S1_lab_hard_floor_B2_U020_R2,787.125373058,7.462943925,command,0.200000,-5.002158165,-0.155060172,1.001182556,0.039227337,-0.020669183,1.001209140,ros2_odometer_state
M19C_S1_lab_hard_floor_B2_U020_R2,787.127312557,7.464883424,command,0.200000,-5.002158165,-0.155060172,1.001209140,0.039232556,-0.020662643,1.001210213,ros2_odometer_state
M19C_S1_lab_hard_floor_B2_U020_R2,787.129511843,7.467082710,command,0.200000,-5.002158165,-0.155060172,1.001209140,0.039226238,-0.020655090,1.001210690,ros2_odometer_state
M19C_S1_lab_hard_floor_B2_U020_R2,787.130749747,7.468320614,command,0.200000,-5.002158165,-0.155060172,1.001209140,0.039226238,-0.020655090,1.001210690,ros2_odometer_state
M19C_S1_lab_hard_floor_B2_U020_R2,787.134209209,7.471780076,command,0.200000,-5.002158165,-0.155060172,1.001209140,0.039220620,-0.020649806,1.001204491,ros2_odometer_state
M19C_S1_lab_hard_floor_B2_U020_R2,787.134608169,7.472179036,command,0.200000,-5.002158165,-0.155060172,1.001209140,0.039220620,-0.020649806,1.001204491,ros2_odometer_state
M19C_S1_lab_hard_floor_B2_U020_R2,787.137397173,7.474968040,command,0.200000,-5.002158165,-0.155060172,1.001209140,0.039223988,-0.020644322,1.001198292,ros2_odometer_state
M19C_S1_lab_hard_floor_B2_U020_R2,787.138899504,7.476470371,command,0.200000,-5.002158165,-0.155060172,1.001209140,0.039223988,-0.020644322,1.001198292,ros2_odometer_state
M19C_S1_lab_hard_floor_B2_U020_R2,787.140539567,7.478110434,command,0.200000,-5.002158165,-0.155060172,1.001209140,0.039217692,-0.020639934,1.001197577,ros2_odometer_state
M19C_S1_lab_hard_floor_B2_U020_R2,787.142835464,7.480406331,command,0.200000,-5.002158165,-0.155060172,1.001209140,0.039217822,-0.020637879,1.001198173,ros2_odometer_state
M19C_S1_lab_hard_floor_B2_U020_R2,787.145564178,7.483135045,command,0.200000,-5.002158165,-0.155060172,1.001209140,0.039223488,-0.020634109,1.001198649,ros2_odometer_state
M19C_S1_lab_hard_floor_B2_U020_R2,787.147469052,7.485039919,command,0.200000,-5.002158165,-0.155060172,1.001198649,0.039220884,-0.020625865,1.001204729,ros2_odometer_state
M19C_S1_lab_hard_floor_B2_U020_R2,787.148754574,7.486325441,command,0.200000,-5.002158165,-0.155060172,1.001198649,0.039220884,-0.020625865,1.001204729,ros2_odometer_state
M19C_S1_lab_hard_floor_B2_U020_R2,787.150784733,7.488355600,command,0.200000,-5.002158165,-0.155060172,1.001198649,0.039214283,-0.020626096,1.001206160,ros2_odometer_state
M19C_S1_lab_hard_floor_B2_U020_R2,787.155129478,7.492700345,command,0.200000,-5.002158165,-0.155060172,1.001198649,0.039208084,-0.020636342,1.001204729,ros2_odometer_state
M19C_S1_lab_hard_floor_B2_U020_R2,787.156220944,7.493791811,command,0.200000,-5.002158165,-0.155060172,1.001198649,0.039206676,-0.020634420,1.001202703,ros2_odometer_state
M19C_S1_lab_hard_floor_B2_U020_R2,787.156855529,7.494426396,command,0.200000,-5.002158165,-0.155060172,1.001198649,0.039206676,-0.020634420,1.001202703,ros2_odometer_state
M19C_S1_lab_hard_floor_B2_U020_R2,787.158854679,7.496425546,command,0.200000,-5.002158165,-0.155060172,1.001198649,0.039204996,-0.020628568,1.001202583,ros2_odometer_state
M19C_S1_lab_hard_floor_B2_U020_R2,787.160836676,7.498407543,command,0.200000,-5.002158165,-0.155060172,1.001198649,0.039209198,-0.020623349,1.001197696,ros2_odometer_state
M19C_S1_lab_hard_floor_B2_U020_R2,787.163383207,7.500954074,command,0.200000,-5.002158165,-0.155060172,1.001198649,0.039208204,-0.020614689,1.001193881,ros2_odometer_state
M19C_S1_lab_hard_floor_B2_U020_R2,787.164819807,7.502390674,command,0.200000,-5.002158165,-0.155060172,1.001198649,0.039208204,-0.020614689,1.001193881,ros2_odometer_state
M19C_S1_lab_hard_floor_B2_U020_R2,787.167619083,7.505189950,command,0.200000,-5.002158165,-0.155060172,1.001199126,0.039217442,-0.020612888,1.001197100,ros2_odometer_state
M19C_S1_lab_hard_floor_B2_U020_R2,787.168852763,7.506423630,command,0.200000,-5.002158165,-0.155060172,1.001199126,0.039217442,-0.020612888,1.001197100,ros2_odometer_state
M19C_S1_lab_hard_floor_B2_U020_R2,787.170811143,7.508382010,command,0.200000,-5.002158165,-0.155060172,1.001199126,0.039223682,-0.020606132,1.001191974,ros2_odometer_state
M19C_S1_lab_hard_floor_B2_U020_R2,787.174026596,7.511597463,command,0.200000,-5.002158165,-0.155060172,1.001199126,0.039228082,-0.020583550,1.001203537,ros2_odometer_state
M19C_S1_lab_hard_floor_B2_U020_R2,787.175898125,7.513468992,command,0.200000,-5.002158165,-0.155060172,1.001199126,0.039221406,-0.020572796,1.001202464,ros2_odometer_state
M19C_S1_lab_hard_floor_B2_U020_R2,787.176783151,7.514354018,command,0.200000,-5.002158165,-0.155060172,1.001199126,0.039221406,-0.020572796,1.001202464,ros2_odometer_state
M19C_S1_lab_hard_floor_B2_U020_R2,787.179484568,7.517055435,command,0.200000,-5.002158165,-0.155060172,1.001199126,0.039217431,-0.020571481,1.001203060,ros2_odometer_state
M19C_S1_lab_hard_floor_B2_U020_R2,787.181844916,7.519415783,command,0.200000,-5.002158165,-0.155060172,1.001199126,0.039215256,-0.020563703,1.001201987,ros2_odometer_state
M19C_S1_lab_hard_floor_B2_U020_R2,787.184181199,7.521752066,command,0.200000,-5.002158165,-0.155060172,1.001199126,0.039212532,-0.020557435,1.001200914,ros2_odometer_state
M19C_S1_lab_hard_floor_B2_U020_R2,787.184872810,7.522443677,command,0.200000,-5.002158165,-0.155060172,1.001199126,0.039212532,-0.020557435,1.001200914,ros2_odometer_state
M19C_S1_lab_hard_floor_B2_U020_R2,787.188432980,7.526003847,command,0.200000,-5.002158165,-0.155060172,1.001200080,0.039210647,-0.020550709,1.001203895,ros2_odometer_state
M19C_S1_lab_hard_floor_B2_U020_R2,787.188788930,7.526359797,command,0.200000,-5.002158165,-0.155060172,1.001200080,0.039210647,-0.020550709,1.001203895,ros2_odometer_state
M19C_S1_lab_hard_floor_B2_U020_R2,787.190658890,7.528229757,command,0.200000,-5.002158165,-0.155060172,1.001200080,0.039211415,-0.020549867,1.001204371,ros2_odometer_state
M19C_S1_lab_hard_floor_B2_U020_R2,787.194202420,7.531773287,command,0.200000,-5.002158165,-0.155060172,1.001200080,0.039213091,-0.020541655,1.001200199,ros2_odometer_state
M19C_S1_lab_hard_floor_B2_U020_R2,787.195969337,7.533540204,command,0.200000,-5.002158165,-0.155060172,1.001200080,0.039213803,-0.020543434,1.001208425,ros2_odometer_state
M19C_S1_lab_hard_floor_B2_U020_R2,787.197521301,7.535092168,command,0.200000,-5.002158165,-0.155060172,1.001200080,0.039211903,-0.020545119,1.001215339,ros2_odometer_state
M19C_S1_lab_hard_floor_B2_U020_R2,787.199432287,7.537003154,command,0.200000,-5.002158165,-0.155060172,1.001200080,0.039214227,-0.020538848,1.001213908,ros2_odometer_state
M19C_S1_lab_hard_floor_B2_U020_R2,787.201444365,7.539015232,command,0.200000,-5.002158165,-0.155060172,1.001200080,0.039216258,-0.020536995,1.001212716,ros2_odometer_state
M19C_S1_lab_hard_floor_B2_U020_R2,787.203411194,7.540982061,command,0.200000,-5.002158165,-0.155060172,1.001200080,0.039208081,-0.020538729,1.001220703,ros2_odometer_state
M19C_S1_lab_hard_floor_B2_U020_R2,787.204719085,7.542289952,command,0.200000,-5.002158165,-0.155060172,1.001200080,0.039208081,-0.020538729,1.001220703,ros2_odometer_state
M19C_S1_lab_hard_floor_B2_U020_R2,787.207509049,7.545079916,command,0.200000,-5.002158165,-0.155060172,1.001229167,0.039210215,-0.020527529,1.001236320,ros2_odometer_state
M19C_S1_lab_hard_floor_B2_U020_R2,787.209448548,7.547019415,command,0.200000,-5.002158165,-0.155060172,1.001229167,0.039216831,-0.020523453,1.001237035,ros2_odometer_state
M19C_S1_lab_hard_floor_B2_U020_R2,787.210669428,7.548240295,command,0.200000,-5.002158165,-0.155060172,1.001229167,0.039216831,-0.020523453,1.001237035,ros2_odometer_state
M19C_S1_lab_hard_floor_B2_U020_R2,787.214277024,7.551847891,command,0.200000,-5.002158165,-0.155060172,1.001229167,0.039210860,-0.020525627,1.001241207,ros2_odometer_state
M19C_S1_lab_hard_floor_B2_U020_R2,787.214793908,7.552364775,command,0.200000,-5.002158165,-0.155060172,1.001229167,0.039210860,-0.020525627,1.001241207,ros2_odometer_state
M19C_S1_lab_hard_floor_B2_U020_R2,787.217590017,7.555160884,command,0.200000,-5.002158165,-0.155060172,1.001229167,0.039208516,-0.020516375,1.001241684,ros2_odometer_state
M19C_S1_lab_hard_floor_B2_U020_R2,787.218740493,7.556311360,command,0.200000,-5.002158165,-0.155060172,1.001229167,0.039208516,-0.020516375,1.001241684,ros2_odometer_state
M19C_S1_lab_hard_floor_B2_U020_R2,787.220817598,7.558388465,command,0.200000,-5.002158165,-0.155060172,1.001229167,0.039210267,-0.020511186,1.001250148,ros2_odometer_state
M19C_S1_lab_hard_floor_B2_U020_R2,787.222754665,7.560325532,command,0.200000,-5.002158165,-0.155060172,1.001229167,0.039209180,-0.020512562,1.001255751,ros2_odometer_state
M19C_S1_lab_hard_floor_B2_U020_R2,787.224768888,7.562339755,command,0.200000,-5.002158165,-0.155060172,1.001229167,0.039204169,-0.020511528,1.001254201,ros2_odometer_state
M19C_S1_lab_hard_floor_B2_U020_R2,787.226783270,7.564354137,command,0.200000,-5.002158165,-0.155060172,1.001256824,0.039205134,-0.020500744,1.001256824,ros2_odometer_state
M19C_S1_lab_hard_floor_B2_U020_R2,787.228751346,7.566322213,command,0.200000,-5.002158165,-0.155060172,1.001256824,0.039209843,-0.020491274,1.001258135,ros2_odometer_state
M19C_S1_lab_hard_floor_B2_U020_R2,787.230702718,7.568273585,command,0.200000,-5.002158165,-0.155060172,1.001256824,0.039209396,-0.020492719,1.001262426,ros2_odometer_state
M19C_S1_lab_hard_floor_B2_U020_R2,787.234138980,7.571709847,command,0.200000,-5.002158165,-0.155060172,1.001256824,0.039206035,-0.020487741,1.001263618,ros2_odometer_state
M19C_S1_lab_hard_floor_B2_U020_R2,787.234762300,7.572333167,command,0.200000,-5.002158165,-0.155060172,1.001256824,0.039206035,-0.020487741,1.001263618,ros2_odometer_state
M19C_S1_lab_hard_floor_B2_U020_R2,787.237552008,7.575122875,command,0.200000,-5.002158165,-0.155060172,1.001256824,0.039211582,-0.020480335,1.001267791,ros2_odometer_state
M19C_S1_lab_hard_floor_B2_U020_R2,787.238957215,7.576528082,command,0.200000,-5.002158165,-0.155060172,1.001256824,0.039211582,-0.020480335,1.001267791,ros2_odometer_state
M19C_S1_lab_hard_floor_B2_U020_R2,787.240812775,7.578383642,command,0.200000,-5.002158165,-0.155060172,1.001256824,0.039213810,-0.020475823,1.001269817,ros2_odometer_state
M19C_S1_lab_hard_floor_B2_U020_R2,787.242714321,7.580285188,command,0.200000,-5.002158165,-0.155060172,1.001256824,0.039212193,-0.020469336,1.001267314,ros2_odometer_state
M19C_S1_lab_hard_floor_B2_U020_R2,787.245606049,7.583176916,command,0.200000,-5.002158165,-0.155060172,1.001256824,0.039201796,-0.020465266,1.001259089,ros2_odometer_state
M19C_S1_lab_hard_floor_B2_U020_R2,787.247956284,7.585527151,command,0.200000,-5.002158165,-0.155060172,1.001259089,0.039207313,-0.020465795,1.001268387,ros2_odometer_state
M19C_S1_lab_hard_floor_B2_U020_R2,787.248974884,7.586545751,command,0.200000,-5.002158165,-0.155060172,1.001259089,0.039207313,-0.020465795,1.001268387,ros2_odometer_state
M19C_S1_lab_hard_floor_B2_U020_R2,787.250917744,7.588488611,command,0.200000,-5.002158165,-0.155060172,1.001259089,0.039211877,-0.020453913,1.001270294,ros2_odometer_state
M19C_S1_lab_hard_floor_B2_U020_R2,787.254469081,7.592039948,command,0.200000,-5.002158165,-0.155060172,1.001259089,0.039212577,-0.020461267,1.001273513,ros2_odometer_state
M19C_S1_lab_hard_floor_B2_U020_R2,787.254980781,7.592551648,command,0.200000,-5.002158165,-0.155060172,1.001259089,0.039212577,-0.020461267,1.001273513,ros2_odometer_state
M19C_S1_lab_hard_floor_B2_U020_R2,787.257018301,7.594589168,command,0.200000,-5.002158165,-0.155060172,1.001259089,0.039211307,-0.020465357,1.001274228,ros2_odometer_state
M19C_S1_lab_hard_floor_B2_U020_R2,787.258837699,7.596408566,command,0.200000,-5.002158165,-0.155060172,1.001259089,0.039218426,-0.020466404,1.001271129,ros2_odometer_state
M19C_S1_lab_hard_floor_B2_U020_R2,787.260843889,7.598414756,command,0.200000,-5.002158165,-0.155060172,1.001259089,0.039228696,-0.020472199,1.001262069,ros2_odometer_state
M19C_S1_lab_hard_floor_B2_U020_R2,787.262864352,7.600435219,command,0.200000,-5.002158165,-0.155060172,1.001259089,0.039226703,-0.020475615,1.001260042,ros2_odometer_state
M19C_S1_lab_hard_floor_B2_U020_R2,787.266152735,7.603723602,command,0.200000,-5.002158165,-0.155060172,1.001259089,0.039216857,-0.020468865,1.001263380,ros2_odometer_state
M19C_S1_lab_hard_floor_B2_U020_R2,787.266915517,7.604486384,command,0.200000,-5.002158165,-0.155060172,1.001263380,0.039216857,-0.020468865,1.001263380,ros2_odometer_state
M19C_S1_lab_hard_floor_B2_U020_R2,787.269547427,7.607118294,command,0.200000,-5.002158165,-0.155060172,1.001263380,0.039206658,-0.020452065,1.001259208,ros2_odometer_state
M19C_S1_lab_hard_floor_B2_U020_R2,787.270795476,7.608366343,command,0.200000,-5.002158165,-0.155060172,1.001263380,0.039206658,-0.020452065,1.001259208,ros2_odometer_state
M19C_S1_lab_hard_floor_B2_U020_R2,787.273403897,7.610974764,command,0.200000,-5.002158165,-0.155060172,1.001263380,0.039210044,-0.020446235,1.001258373,ros2_odometer_state
M19C_S1_lab_hard_floor_B2_U020_R2,787.274898899,7.612469766,command,0.200000,-5.002158165,-0.155060172,1.001263380,0.039210025,-0.020440711,1.001258492,ros2_odometer_state
M19C_S1_lab_hard_floor_B2_U020_R2,787.277662847,7.615233714,command,0.200000,-5.002158165,-0.155060172,1.001263380,0.039207060,-0.020431612,1.001262546,ros2_odometer_state
M19C_S1_lab_hard_floor_B2_U020_R2,787.279567113,7.617137980,command,0.200000,-5.002158165,-0.155060172,1.001263380,0.039208952,-0.020424290,1.001263022,ros2_odometer_state
M19C_S1_lab_hard_floor_B2_U020_R2,787.280818905,7.618389772,command,0.200000,-5.002158165,-0.155060172,1.001263380,0.039208952,-0.020424290,1.001263022,ros2_odometer_state
M19C_S1_lab_hard_floor_B2_U020_R2,787.283757739,7.621328606,command,0.200000,-5.002158165,-0.155060172,1.001263380,0.039200906,-0.020418990,1.001264334,ros2_odometer_state
M19C_S1_lab_hard_floor_B2_U020_R2,787.285028829,7.622599696,command,0.200000,-5.002158165,-0.155060172,1.001263380,0.039200906,-0.020418990,1.001264334,ros2_odometer_state
M19C_S1_lab_hard_floor_B2_U020_R2,787.287715045,7.625285912,command,0.200000,-5.002158165,-0.155060172,1.001262784,0.039208964,-0.020431846,1.001266599,ros2_odometer_state
M19C_S1_lab_hard_floor_B2_U020_R2,787.291537306,7.629108173,command,0.200000,-5.002158165,-0.155060172,1.001262784,0.039208964,-0.020431846,1.001266599,ros2_odometer_state
M19C_S1_lab_hard_floor_B2_U020_R2,787.292551585,7.630122452,command,0.200000,-5.002158165,-0.155060172,1.001262784,0.039210856,-0.020426348,1.001268268,ros2_odometer_state
M19C_S1_lab_hard_floor_B2_U020_R2,787.294053147,7.631624014,command,0.200000,-5.002158165,-0.155060172,1.001262784,0.039213378,-0.020429568,1.001266956,ros2_odometer_state
M19C_S1_lab_hard_floor_B2_U020_R2,787.295249802,7.632820669,command,0.200000,-5.002158165,-0.155060172,1.001262784,0.039213378,-0.020429568,1.001266956,ros2_odometer_state
M19C_S1_lab_hard_floor_B2_U020_R2,787.297080113,7.634650980,command,0.200000,-5.002158165,-0.155060172,1.001262784,0.039221302,-0.020433888,1.001272559,ros2_odometer_state
M19C_S1_lab_hard_floor_B2_U020_R2,787.298957722,7.636528589,command,0.200000,-5.002158165,-0.155060172,1.001262784,0.039216954,-0.020433271,1.001270413,ros2_odometer_state
M19C_S1_lab_hard_floor_B2_U020_R2,787.301700036,7.639270903,command,0.200000,-5.002158165,-0.155060172,1.001262784,0.039214578,-0.020429775,1.001271248,ros2_odometer_state
M19C_S1_lab_hard_floor_B2_U020_R2,787.303627599,7.641198466,command,0.200000,-5.002158165,-0.155060172,1.001262784,0.039221831,-0.020421043,1.001271844,ros2_odometer_state
M19C_S1_lab_hard_floor_B2_U020_R2,787.304903617,7.642474484,command,0.200000,-5.002158165,-0.155060172,1.001262784,0.039221831,-0.020421043,1.001271844,ros2_odometer_state
M19C_S1_lab_hard_floor_B2_U020_R2,787.307711054,7.645281921,command,0.200000,-5.002158165,-0.155060172,1.001267314,0.039227922,-0.020418944,1.001268268,ros2_odometer_state
M19C_S1_lab_hard_floor_B2_U020_R2,787.309645209,7.647216076,command,0.200000,-5.002158165,-0.155060172,1.001267314,0.039235715,-0.020419180,1.001270652,ros2_odometer_state
M19C_S1_lab_hard_floor_B2_U020_R2,787.310868809,7.648439676,command,0.200000,-5.002158165,-0.155060172,1.001267314,0.039235715,-0.020419180,1.001270652,ros2_odometer_state
M19C_S1_lab_hard_floor_B2_U020_R2,787.314260780,7.651831647,command,0.200000,-5.002158165,-0.155060172,1.001267314,0.039231021,-0.020431647,1.001264930,ros2_odometer_state
M19C_S1_lab_hard_floor_B2_U020_R2,787.314922758,7.652493625,command,0.200000,-5.002158165,-0.155060172,1.001267314,0.039231021,-0.020431647,1.001264930,ros2_odometer_state
M19C_S1_lab_hard_floor_B2_U020_R2,787.316994903,7.654565770,command,0.200000,-5.002158165,-0.155060172,1.001267314,0.039232906,-0.020436903,1.001267195,ros2_odometer_state
M19C_S1_lab_hard_floor_B2_U020_R2,787.318949155,7.656520022,command,0.200000,-5.002158165,-0.155060172,1.001267314,0.039234437,-0.020432860,1.001264572,ros2_odometer_state
M19C_S1_lab_hard_floor_B2_U020_R2,787.322035386,7.659606253,command,0.200000,-5.002158165,-0.155060172,1.001267314,0.039236892,-0.020424189,1.001271009,ros2_odometer_state
M19C_S1_lab_hard_floor_B2_U020_R2,787.323045058,7.660615925,command,0.200000,-5.002158165,-0.155060172,1.001267314,0.039236892,-0.020424189,1.001271009,ros2_odometer_state
M19C_S1_lab_hard_floor_B2_U020_R2,787.325101138,7.662672005,command,0.200000,-5.002158165,-0.155060172,1.001267314,0.039241243,-0.020427227,1.001271129,ros2_odometer_state
M19C_S1_lab_hard_floor_B2_U020_R2,787.327077406,7.664648273,command,0.200000,-5.002158165,-0.155060172,1.001270413,0.039249886,-0.020428667,1.001270413,ros2_odometer_state
M19C_S1_lab_hard_floor_B2_U020_R2,787.329669475,7.667240342,command,0.200000,-5.002158165,-0.155060172,1.001270413,0.039246812,-0.020427693,1.001271605,ros2_odometer_state
M19C_S1_lab_hard_floor_B2_U020_R2,787.330991670,7.668562537,command,0.200000,-5.002158165,-0.155060172,1.001270413,0.039246812,-0.020427693,1.001271605,ros2_odometer_state
M19C_S1_lab_hard_floor_B2_U020_R2,787.334283798,7.671854665,command,0.200000,-5.002158165,-0.155060172,1.001270413,0.039242398,-0.020427542,1.001283050,ros2_odometer_state
M19C_S1_lab_hard_floor_B2_U020_R2,787.335691533,7.673262400,command,0.200000,-5.002158165,-0.155060172,1.001270413,0.039246533,-0.020429963,1.001281500,ros2_odometer_state
M19C_S1_lab_hard_floor_B2_U020_R2,787.338013735,7.675584602,command,0.200000,-5.002158165,-0.155060172,1.001270413,0.039249528,-0.020430295,1.001277924,ros2_odometer_state
M19C_S1_lab_hard_floor_B2_U020_R2,787.339342427,7.676913294,command,0.200000,-5.002158165,-0.155060172,1.001270413,0.039249528,-0.020430295,1.001277924,ros2_odometer_state
M19C_S1_lab_hard_floor_B2_U020_R2,787.341067934,7.678638801,command,0.200000,-5.002158165,-0.155060172,1.001270413,0.039246436,-0.020426152,1.001280427,ros2_odometer_state
M19C_S1_lab_hard_floor_B2_U020_R2,787.343195633,7.680766500,command,0.200000,-5.002158165,-0.155060172,1.001270413,0.039235551,-0.020425938,1.001278758,ros2_odometer_state
M19C_S1_lab_hard_floor_B2_U020_R2,787.348554753,7.686125620,command,0.200000,-5.002158165,-0.155060172,1.001270413,0.039230205,-0.020425182,1.001273751,ros2_odometer_state
M19C_S1_lab_hard_floor_B2_U020_R2,787.350302533,7.687873400,command,0.200000,-5.002158165,-0.155060172,1.001276493,0.039225791,-0.020420246,1.001276493,ros2_odometer_state
M19C_S1_lab_hard_floor_B2_U020_R2,787.351617304,7.689188171,command,0.200000,-5.002158165,-0.155060172,1.001276493,0.039225601,-0.020417444,1.001278758,ros2_odometer_state
M19C_S1_lab_hard_floor_B2_U020_R2,787.352609054,7.690179921,command,0.200000,-5.002158165,-0.155060172,1.001276493,0.039221000,-0.020412860,1.001277804,ros2_odometer_state
M19C_S1_lab_hard_floor_B2_U020_R2,787.353855631,7.691426498,command,0.200000,-5.002158165,-0.155060172,1.001276493,0.039212774,-0.020417720,1.001274109,ros2_odometer_state
M19C_S1_lab_hard_floor_B2_U020_R2,787.356353136,7.693924003,command,0.200000,-5.002158165,-0.155060172,1.001276493,0.039204977,-0.020428097,1.001271844,ros2_odometer_state
M19C_S1_lab_hard_floor_B2_U020_R2,787.357346326,7.694917193,command,0.200000,-5.002158165,-0.155060172,1.001276493,0.039204977,-0.020428097,1.001271844,ros2_odometer_state
M19C_S1_lab_hard_floor_B2_U020_R2,787.359883705,7.697454572,command,0.200000,-5.002158165,-0.155060172,1.001276493,0.039205927,-0.020420842,1.001268864,ros2_odometer_state
M19C_S1_lab_hard_floor_B2_U020_R2,787.362120432,7.699691299,command,0.200000,-5.002158165,-0.155060172,1.001276493,0.039202873,-0.020418700,1.001272202,ros2_odometer_state
M19C_S1_lab_hard_floor_B2_U020_R2,787.364922589,7.702493456,command,0.200000,-5.002158165,-0.155060172,1.001276493,0.039199412,-0.020422906,1.001275897,ros2_odometer_state
M19C_S1_lab_hard_floor_B2_U020_R2,787.365293643,7.702864510,command,0.200000,-5.002158165,-0.155060172,1.001276493,0.039199412,-0.020422906,1.001275897,ros2_odometer_state
M19C_S1_lab_hard_floor_B2_U020_R2,787.367369596,7.704940463,command,0.200000,-5.002158165,-0.155060172,1.001270771,0.039196972,-0.020424036,1.001270771,ros2_odometer_state
M19C_S1_lab_hard_floor_B2_U020_R2,787.369245509,7.706816376,command,0.200000,-5.002158165,-0.155060172,1.001270771,0.039199218,-0.020424839,1.001266837,ros2_odometer_state
M19C_S1_lab_hard_floor_B2_U020_R2,787.372218968,7.709789835,command,0.200000,-5.002158165,-0.155060172,1.001270771,0.039198019,-0.020442352,1.001260757,ros2_odometer_state
M19C_S1_lab_hard_floor_B2_U020_R2,787.375429621,7.713000488,command,0.200000,-5.002158165,-0.155060172,1.001270771,0.039202116,-0.020451680,1.001269698,ros2_odometer_state
M19C_S1_lab_hard_floor_B2_U020_R2,787.376552577,7.714123444,command,0.200000,-5.002158165,-0.155060172,1.001270771,0.039194282,-0.020456593,1.001266360,ros2_odometer_state
M19C_S1_lab_hard_floor_B2_U020_R2,787.377235579,7.714806446,command,0.200000,-5.002158165,-0.155060172,1.001270771,0.039194282,-0.020456593,1.001266360,ros2_odometer_state
M19C_S1_lab_hard_floor_B2_U020_R2,787.380281745,7.717852612,command,0.200000,-5.002158165,-0.155060172,1.001270771,0.039188873,-0.020463133,1.001264691,ros2_odometer_state
M19C_S1_lab_hard_floor_B2_U020_R2,787.381217590,7.718788457,command,0.200000,-5.002158165,-0.155060172,1.001270771,0.039188873,-0.020463133,1.001264691,ros2_odometer_state
M19C_S1_lab_hard_floor_B2_U020_R2,787.383183810,7.720754677,command,0.200000,-5.002158165,-0.155060172,1.001270771,0.039193176,-0.020464683,1.001273870,ros2_odometer_state
M19C_S1_lab_hard_floor_B2_U020_R2,787.385196400,7.722767267,command,0.200000,-5.002158165,-0.155060172,1.001270771,0.039198067,-0.020470349,1.001272798,ros2_odometer_state
M19C_S1_lab_hard_floor_B2_U020_R2,787.388620789,7.726191656,command,0.200000,-5.002158165,-0.155060172,1.001266241,0.039191525,-0.020477904,1.001264453,ros2_odometer_state
M19C_S1_lab_hard_floor_B2_U020_R2,787.389293360,7.726864227,command,0.200000,-5.002158165,-0.155060172,1.001266241,0.039191525,-0.020477904,1.001264453,ros2_odometer_state
M19C_S1_lab_hard_floor_B2_U020_R2,787.392080732,7.729651599,command,0.200000,-5.002158165,-0.155060172,1.001266241,0.039185327,-0.020472480,1.001264811,ros2_odometer_state
M19C_S1_lab_hard_floor_B2_U020_R2,787.393679578,7.731250445,command,0.200000,-5.002158165,-0.155060172,1.001266241,0.039185327,-0.020472480,1.001264811,ros2_odometer_state
M19C_S1_lab_hard_floor_B2_U020_R2,787.396044694,7.733615561,command,0.200000,-5.002158165,-0.155060172,1.001266241,0.039187275,-0.020471357,1.001260757,ros2_odometer_state
M19C_S1_lab_hard_floor_B2_U020_R2,787.398098150,7.735669017,command,0.200000,-5.002158165,-0.155060172,1.001266241,0.039188668,-0.020472119,1.001256824,ros2_odometer_state
M19C_S1_lab_hard_floor_B2_U020_R2,787.400089331,7.737660198,command,0.200000,-5.002158165,-0.155060172,1.001266241,0.039190609,-0.020474894,1.001257539,ros2_odometer_state
M19C_S1_lab_hard_floor_B2_U020_R2,787.402299273,7.739870140,command,0.200000,-5.002158165,-0.155060172,1.001266241,0.039190397,-0.020476401,1.001257896,ros2_odometer_state
M19C_S1_lab_hard_floor_B2_U020_R2,787.404072142,7.741643009,command,0.200000,-5.002158165,-0.155060172,1.001266241,0.039198723,-0.020475052,1.001248956,ros2_odometer_state
M19C_S1_lab_hard_floor_B2_U020_R2,787.405271932,7.742842799,command,0.200000,-5.002158165,-0.155060172,1.001266241,0.039198723,-0.020475052,1.001248956,ros2_odometer_state
M19C_S1_lab_hard_floor_B2_U020_R2,787.408015559,7.745586426,command,0.200000,-5.002158165,-0.155060172,1.001243234,0.039193451,-0.020472659,1.001244187,ros2_odometer_state
M19C_S1_lab_hard_floor_B2_U020_R2,787.409135986,7.746706853,command,0.200000,-5.002158165,-0.155060172,1.001243234,0.039193451,-0.020472659,1.001244187,ros2_odometer_state
M19C_S1_lab_hard_floor_B2_U020_R2,787.411431052,7.749001919,command,0.200000,-5.002158165,-0.155060172,1.001243234,0.039201789,-0.020465242,1.001248956,ros2_odometer_state
M19C_S1_lab_hard_floor_B2_U020_R2,787.415138876,7.752709743,command,0.200000,-5.002158165,-0.155060172,1.001243234,0.039207008,-0.020463293,1.001249194,ros2_odometer_state
M19C_S1_lab_hard_floor_B2_U020_R2,787.415505290,7.753076157,command,0.200000,-5.002158165,-0.155060172,1.001243234,0.039207008,-0.020463293,1.001249194,ros2_odometer_state
M19C_S1_lab_hard_floor_B2_U020_R2,787.418059725,7.755630592,command,0.200000,-5.002158165,-0.155060172,1.001243234,0.039203595,-0.020451507,1.001233816,ros2_odometer_state
M19C_S1_lab_hard_floor_B2_U020_R2,787.420068251,7.757639118,command,0.200000,-5.002158165,-0.155060172,1.001243234,0.039204031,-0.020451501,1.001232386,ros2_odometer_state
M19C_S1_lab_hard_floor_B2_U020_R2,787.422207118,7.759777985,command,0.200000,-5.002158165,-0.155060172,1.001243234,0.039209690,-0.020459393,1.001227736,ros2_odometer_state
M19C_S1_lab_hard_floor_B2_U020_R2,787.423221846,7.760792713,command,0.200000,-5.002158165,-0.155060172,1.001243234,0.039209690,-0.020459393,1.001227736,ros2_odometer_state
M19C_S1_lab_hard_floor_B2_U020_R2,787.426034019,7.763604886,command,0.200000,-5.002158165,-0.155060172,1.001243234,0.039218288,-0.020464391,1.001233459,ros2_odometer_state
M19C_S1_lab_hard_floor_B2_U020_R2,787.428236536,7.765807403,command,0.200000,-5.002158165,-0.155060172,1.001233459,0.039221123,-0.020458400,1.001235723,ros2_odometer_state
M19C_S1_lab_hard_floor_B2_U020_R2,787.430097217,7.767668084,command,0.200000,-5.002158165,-0.155060172,1.001233459,0.039221775,-0.020459248,1.001235366,ros2_odometer_state
M19C_S1_lab_hard_floor_B2_U020_R2,787.432093710,7.769664577,command,0.200000,-5.002158165,-0.155060172,1.001233459,0.039218601,-0.020461032,1.001235843,ros2_odometer_state
M19C_S1_lab_hard_floor_B2_U020_R2,787.434572399,7.772143266,command,0.200000,-5.002158165,-0.155060172,1.001233459,0.039216939,-0.020460926,1.001244545,ros2_odometer_state
M19C_S1_lab_hard_floor_B2_U020_R2,787.436122891,7.773693758,command,0.200000,-5.002158165,-0.155060172,1.001233459,0.039221615,-0.020458605,1.001244187,ros2_odometer_state
M19C_S1_lab_hard_floor_B2_U020_R2,787.438185403,7.775756270,command,0.200000,-5.002158165,-0.155060172,1.001233459,0.039217722,-0.020463504,1.001238227,ros2_odometer_state
M19C_S1_lab_hard_floor_B2_U020_R2,787.440440467,7.778011334,command,0.200000,-5.002158165,-0.155060172,1.001233459,0.039214101,-0.020464865,1.001238227,ros2_odometer_state
M19C_S1_lab_hard_floor_B2_U020_R2,787.442130932,7.779701799,command,0.200000,-5.002158165,-0.155060172,1.001233459,0.039219204,-0.020460390,1.001247048,ros2_odometer_state
M19C_S1_lab_hard_floor_B2_U020_R2,787.444129634,7.781700501,command,0.200000,-5.002158165,-0.155060172,1.001233459,0.039220847,-0.020460613,1.001250386,ros2_odometer_state
M19C_S1_lab_hard_floor_B2_U020_R2,787.446589154,7.784160021,command,0.200000,-5.002158165,-0.155060172,1.001233459,0.039224934,-0.020467309,1.001248598,ros2_odometer_state
M19C_S1_lab_hard_floor_B2_U020_R2,787.448312996,7.785883863,command,0.200000,-5.002158165,-0.155060172,1.001248598,0.039230477,-0.020467274,1.001249313,ros2_odometer_state
M19C_S1_lab_hard_floor_B2_U020_R2,787.450180077,7.787750944,command,0.200000,-5.002158165,-0.155060172,1.001248598,0.039232861,-0.020471297,1.001242042,ros2_odometer_state
M19C_S1_lab_hard_floor_B2_U020_R2,787.451363931,7.788934798,command,0.200000,-5.002158165,-0.155060172,1.001248598,0.039232861,-0.020471297,1.001242042,ros2_odometer_state
M19C_S1_lab_hard_floor_B2_U020_R2,787.453854108,7.791424975,command,0.200000,-5.002158165,-0.155060172,1.001248598,0.039230511,-0.020474141,1.001238823,ros2_odometer_state
M19C_S1_lab_hard_floor_B2_U020_R2,787.455250418,7.792821285,command,0.200000,-5.002158165,-0.155060172,1.001248598,0.039226133,-0.020476991,1.001236439,ros2_odometer_state
M19C_S1_lab_hard_floor_B2_U020_R2,787.458180804,7.795751671,command,0.200000,-5.002158165,-0.155060172,1.001248598,0.039223820,-0.020492736,1.001240730,ros2_odometer_state
M19C_S1_lab_hard_floor_B2_U020_R2,787.459460950,7.797031817,command,0.200000,-5.002158165,-0.155060172,1.001248598,0.039223820,-0.020492736,1.001240730,ros2_odometer_state
M19C_S1_lab_hard_floor_B2_U020_R2,787.461241499,7.798812366,command,0.200000,-5.002158165,-0.155060172,1.001248598,0.039221592,-0.020496633,1.001237273,ros2_odometer_state
M19C_S1_lab_hard_floor_B2_U020_R2,787.463235272,7.800806139,command,0.200000,-5.002158165,-0.155060172,1.001248598,0.039227374,-0.020496955,1.001241446,ros2_odometer_state
M19C_S1_lab_hard_floor_B2_U020_R2,787.466363426,7.803934293,command,0.200000,-5.002158165,-0.155060172,1.001248598,0.039236043,-0.020505734,1.001242161,ros2_odometer_state
M19C_S1_lab_hard_floor_B2_U020_R2,787.468204489,7.805775356,command,0.200000,-5.002158165,-0.155060172,1.001242161,0.039232645,-0.020504668,1.001241326,ros2_odometer_state
M19C_S1_lab_hard_floor_B2_U020_R2,787.470082578,7.807653445,command,0.200000,-5.002158165,-0.155060172,1.001242161,0.039226126,-0.020504903,1.001240849,ros2_odometer_state
M19C_S1_lab_hard_floor_B2_U020_R2,787.471178621,7.808749488,command,0.200000,-5.002158165,-0.155060172,1.001242161,0.039226126,-0.020504903,1.001240849,ros2_odometer_state
M19C_S1_lab_hard_floor_B2_U020_R2,787.473818083,7.811388950,command,0.200000,-5.002158165,-0.155060172,1.001242161,0.039226595,-0.020513145,1.001241684,ros2_odometer_state
M19C_S1_lab_hard_floor_B2_U020_R2,787.475530086,7.813100953,command,0.200000,-5.002158165,-0.155060172,1.001242161,0.039227504,-0.020522151,1.001238227,ros2_odometer_state
M19C_S1_lab_hard_floor_B2_U020_R2,787.477359053,7.814929920,command,0.200000,-5.002158165,-0.155060172,1.001242161,0.039232589,-0.020531097,1.001238823,ros2_odometer_state
M19C_S1_lab_hard_floor_B2_U020_R2,787.479550882,7.817121749,command,0.200000,-5.002158165,-0.155060172,1.001242161,0.039236568,-0.020536710,1.001238465,ros2_odometer_state
M19C_S1_lab_hard_floor_B2_U020_R2,787.482340142,7.819911009,command,0.200000,-5.002158165,-0.155060172,1.001242161,0.039237097,-0.020547949,1.001237392,ros2_odometer_state
M19C_S1_lab_hard_floor_B2_U020_R2,787.484268633,7.821839500,command,0.200000,-5.002158165,-0.155060172,1.001242161,0.039239071,-0.020553317,1.001236081,ros2_odometer_state
M19C_S1_lab_hard_floor_B2_U020_R2,787.485364260,7.822935127,command,0.200000,-5.002158165,-0.155060172,1.001242161,0.039239071,-0.020553317,1.001236081,ros2_odometer_state
M19C_S1_lab_hard_floor_B2_U020_R2,787.488263669,7.825834536,command,0.200000,-5.002158165,-0.155060172,1.001245141,0.039236192,-0.020551007,1.001251459,ros2_odometer_state
M19C_S1_lab_hard_floor_B2_U020_R2,787.490247522,7.827818389,command,0.200000,-5.002158165,-0.155060172,1.001245141,0.039240897,-0.020547844,1.001250386,ros2_odometer_state
M19C_S1_lab_hard_floor_B2_U020_R2,787.492232655,7.829803522,command,0.200000,-5.002158165,-0.155060172,1.001245141,0.039246492,-0.020546628,1.001244783,ros2_odometer_state
M19C_S1_lab_hard_floor_B2_U020_R2,787.494767185,7.832338052,command,0.200000,-5.002158165,-0.155060172,1.001245141,0.039245233,-0.020549912,1.001245379,ros2_odometer_state
M19C_S1_lab_hard_floor_B2_U020_R2,787.495371625,7.832942492,command,0.200000,-5.002158165,-0.155060172,1.001245141,0.039245233,-0.020549912,1.001245379,ros2_odometer_state
M19C_S1_lab_hard_floor_B2_U020_R2,787.498358333,7.835929200,command,0.200000,-5.002158165,-0.155060172,1.001245141,0.039245579,-0.020549256,1.001246929,ros2_odometer_state
M19C_S1_lab_hard_floor_B2_U020_R2,787.500803420,7.838374287,command,0.200000,-5.002158165,-0.155060172,1.001245141,0.039243374,-0.020553354,1.001253963,ros2_odometer_state
M19C_S1_lab_hard_floor_B2_U020_R2,787.502295030,7.839865897,command,0.200000,-5.002158165,-0.155060172,1.001245141,0.039241433,-0.020548703,1.001249671,ros2_odometer_state
M19C_S1_lab_hard_floor_B2_U020_R2,787.504996479,7.842567346,command,0.200000,-5.002158165,-0.155060172,1.001245141,0.039244838,-0.020546259,1.001246929,ros2_odometer_state
M19C_S1_lab_hard_floor_B2_U020_R2,787.505498866,7.843069733,command,0.200000,-5.002158165,-0.155060172,1.001245141,0.039244838,-0.020546259,1.001246929,ros2_odometer_state
M19C_S1_lab_hard_floor_B2_U020_R2,787.508186331,7.845757198,command,0.200000,-5.002158165,-0.155060172,1.001245379,0.039242409,-0.020545786,1.001245141,ros2_odometer_state
M19C_S1_lab_hard_floor_B2_U020_R2,787.509412554,7.846983421,command,0.200000,-5.002158165,-0.155060172,1.001245379,0.039242409,-0.020545786,1.001245141,ros2_odometer_state
M19C_S1_lab_hard_floor_B2_U020_R2,787.511307636,7.848878503,command,0.200000,-5.002158165,-0.155060172,1.001245379,0.039247535,-0.020551223,1.001244783,ros2_odometer_state
M19C_S1_lab_hard_floor_B2_U020_R2,787.513998524,7.851569391,command,0.200000,-5.002158165,-0.155060172,1.001245379,0.039247155,-0.020552997,1.001249194,ros2_odometer_state
M19C_S1_lab_hard_floor_B2_U020_R2,787.515482326,7.853053193,command,0.200000,-5.002158165,-0.155060172,1.001245379,0.039244361,-0.020552469,1.001248837,ros2_odometer_state
M19C_S1_lab_hard_floor_B2_U020_R2,787.517467875,7.855038742,command,0.200000,-5.002158165,-0.155060172,1.001245379,0.039249051,-0.020554584,1.001246095,ros2_odometer_state
M19C_S1_lab_hard_floor_B2_U020_R2,787.520435766,7.858006633,command,0.200000,-5.002158165,-0.155060172,1.001245379,0.039258614,-0.020568036,1.001242757,ros2_odometer_state
M19C_S1_lab_hard_floor_B2_U020_R2,787.521343418,7.858914285,command,0.200000,-5.002158165,-0.155060172,1.001245379,0.039258614,-0.020568036,1.001242757,ros2_odometer_state
M19C_S1_lab_hard_floor_B2_U020_R2,787.523297446,7.860868313,command,0.200000,-5.002158165,-0.155060172,1.001245379,0.039257854,-0.020568330,1.001237273,ros2_odometer_state
M19C_S1_lab_hard_floor_B2_U020_R2,787.525426488,7.862997355,command,0.200000,-5.002158165,-0.155060172,1.001245379,0.039256398,-0.020566231,1.001237273,ros2_odometer_state
M19C_S1_lab_hard_floor_B2_U020_R2,787.527399301,7.864970168,command,0.200000,-5.002158165,-0.155060172,1.001240730,0.039255112,-0.020566158,1.001240730,ros2_odometer_state
M19C_S1_lab_hard_floor_B2_U020_R2,787.529357297,7.866928164,command,0.200000,-5.002158165,-0.155060172,1.001240730,0.039257716,-0.020569963,1.001237035,ros2_odometer_state
M19C_S1_lab_hard_floor_B2_U020_R2,787.531317309,7.868888176,command,0.200000,-5.002158165,-0.155060172,1.001240730,0.039261572,-0.020575810,1.001234293,ros2_odometer_state
M19C_S1_lab_hard_floor_B2_U020_R2,787.534818501,7.872389368,command,0.200000,-5.002158165,-0.155060172,1.001240730,0.039261363,-0.020580169,1.001235843,ros2_odometer_state
M19C_S1_lab_hard_floor_B2_U020_R2,787.536304607,7.873875474,command,0.200000,-5.002158165,-0.155060172,1.001240730,0.039259948,-0.020585088,1.001231313,ros2_odometer_state
M19C_S1_lab_hard_floor_B2_U020_R2,787.537367016,7.874937883,command,0.200000,-5.002158165,-0.155060172,1.001240730,0.039259948,-0.020585088,1.001231313,ros2_odometer_state
M19C_S1_lab_hard_floor_B2_U020_R2,787.539317876,7.876888743,command,0.200000,-5.002158165,-0.155060172,1.001240730,0.039257720,-0.020595431,1.001224041,ros2_odometer_state
M19C_S1_lab_hard_floor_B2_U020_R2,787.541338819,7.878909686,command,0.200000,-5.002158165,-0.155060172,1.001240730,0.039258834,-0.020599563,1.001213431,ros2_odometer_state
M19C_S1_lab_hard_floor_B2_U020_R2,787.543324496,7.880895363,command,0.200000,-5.002158165,-0.155060172,1.001240730,0.039263800,-0.020600183,1.001207113,ros2_odometer_state
M19C_S1_lab_hard_floor_B2_U020_R2,787.545367967,7.882938834,command,0.200000,-5.002158165,-0.155060172,1.001240730,0.039267913,-0.020600803,1.001206994,ros2_odometer_state
M19C_S1_lab_hard_floor_B2_U020_R2,787.547393422,7.884964289,command,0.200000,-5.002158165,-0.155060172,1.001209378,0.039263975,-0.020601468,1.001209378,ros2_odometer_state
M19C_S1_lab_hard_floor_B2_U020_R2,787.549463390,7.887034257,command,0.200000,-5.002158165,-0.155060172,1.001209378,0.039260902,-0.020597879,1.001212001,ros2_odometer_state
M19C_S1_lab_hard_floor_B2_U020_R2,787.554287194,7.891858061,command,0.200000,-5.002158165,-0.155060172,1.001209378,0.039266169,-0.020590965,1.001210690,ros2_odometer_state
M19C_S1_lab_hard_floor_B2_U020_R2,787.555517609,7.893088476,command,0.200000,-5.002158165,-0.155060172,1.001209378,0.039269917,-0.020599971,1.001203418,ros2_odometer_state
M19C_S1_lab_hard_floor_B2_U020_R2,787.556736537,7.894307404,command,0.200000,-5.002158165,-0.155060172,1.001209378,0.039267380,-0.020610226,1.001198888,ros2_odometer_state
M19C_S1_lab_hard_floor_B2_U020_R2,787.557804962,7.895375829,command,0.200000,-5.002158165,-0.155060172,1.001209378,0.039266285,-0.020611621,1.001193285,ros2_odometer_state
M19C_S1_lab_hard_floor_B2_U020_R2,787.559375039,7.896945906,command,0.200000,-5.002158165,-0.155060172,1.001209378,0.039260779,-0.020614304,1.001195192,ros2_odometer_state
M19C_S1_lab_hard_floor_B2_U020_R2,787.561421327,7.898992194,command,0.200000,-5.002158165,-0.155060172,1.001209378,0.039260358,-0.020621477,1.001192927,ros2_odometer_state
M19C_S1_lab_hard_floor_B2_U020_R2,787.563353498,7.900924365,command,0.200000,-5.002158165,-0.155060172,1.001209378,0.039260324,-0.020618754,1.001189828,ros2_odometer_state
M19C_S1_lab_hard_floor_B2_U020_R2,787.566342574,7.903913441,command,0.200000,-5.002158165,-0.155060172,1.001209378,0.039254427,-0.020619322,1.001184702,ros2_odometer_state
M19C_S1_lab_hard_floor_B2_U020_R2,787.568504610,7.906075477,command,0.200000,-5.002158165,-0.155060172,1.001184702,0.039254826,-0.020624092,1.001182318,ros2_odometer_state
M19C_S1_lab_hard_floor_B2_U020_R2,787.569513801,7.907084668,command,0.200000,-5.002158165,-0.155060172,1.001184702,0.039254826,-0.020624092,1.001182318,ros2_odometer_state
M19C_S1_lab_hard_floor_B2_U020_R2,787.571385362,7.908956229,command,0.200000,-5.002158165,-0.155060172,1.001184702,0.039260663,-0.020626731,1.001181960,ros2_odometer_state
M19C_S1_lab_hard_floor_B2_U020_R2,787.574014424,7.911585291,command,0.200000,-5.002158165,-0.155060172,1.001184702,0.039260313,-0.020620709,1.001178384,ros2_odometer_state
M19C_S1_lab_hard_floor_B2_U020_R2,787.575428815,7.912999682,command,0.200000,-5.002158165,-0.155060172,1.001184702,0.039251134,-0.020617759,1.001178861,ros2_odometer_state
M19C_S1_lab_hard_floor_B2_U020_R2,787.577417820,7.914988687,command,0.200000,-5.002158165,-0.155060172,1.001184702,0.039245367,-0.020623341,1.001178026,ros2_odometer_state
M19C_S1_lab_hard_floor_B2_U020_R2,787.579407210,7.916978077,command,0.200000,-5.002158165,-0.155060172,1.001184702,0.039243981,-0.020627452,1.001176476,ros2_odometer_state
M19C_S1_lab_hard_floor_B2_U020_R2,787.582427967,7.919998834,command,0.200000,-5.002158165,-0.155060172,1.001184702,0.039249960,-0.020624893,1.001170397,ros2_odometer_state
M19C_S1_lab_hard_floor_B2_U020_R2,787.584558418,7.922129285,command,0.200000,-5.002158165,-0.155060172,1.001184702,0.039247360,-0.020626109,1.001172781,ros2_odometer_state
M19C_S1_lab_hard_floor_B2_U020_R2,787.586879948,7.924450815,command,0.200000,-5.002158165,-0.155060172,1.001184702,0.039243400,-0.020624986,1.001177192,ros2_odometer_state
M19C_S1_lab_hard_floor_B2_U020_R2,787.587535525,7.925106392,command,0.200000,-5.002158165,-0.155060172,1.001177192,0.039243400,-0.020624986,1.001177192,ros2_odometer_state
M19C_S1_lab_hard_floor_B2_U020_R2,787.589441839,7.927012706,command,0.200000,-5.002158165,-0.155060172,1.001177192,0.039236695,-0.020628978,1.001181364,ros2_odometer_state
M19C_S1_lab_hard_floor_B2_U020_R2,787.591432637,7.929003504,command,0.200000,-5.002158165,-0.155060172,1.001177192,0.039231095,-0.020627391,1.001175642,ros2_odometer_state
M19C_S1_lab_hard_floor_B2_U020_R2,787.594069187,7.931640054,command,0.200000,-5.002158165,-0.155060172,1.001177192,0.039230742,-0.020628933,1.001169562,ros2_odometer_state
M19C_S1_lab_hard_floor_B2_U020_R2,787.596387133,7.933958000,command,0.200000,-5.002158165,-0.155060172,1.001177192,0.039223146,-0.020631582,1.001173973,ros2_odometer_state
M19C_S1_lab_hard_floor_B2_U020_R2,787.598366986,7.935937853,command,0.200000,-5.002158165,-0.155060172,1.001177192,0.039212584,-0.020629786,1.001173258,ros2_odometer_state
M19C_S1_lab_hard_floor_B2_U020_R2,787.600276564,7.937847431,command,0.200000,-5.002158165,-0.155060172,1.001177192,0.039208665,-0.020630181,1.001175642,ros2_odometer_state
M19C_S1_lab_hard_floor_B2_U020_R2,787.602271938,7.939842805,command,0.200000,-5.002158165,-0.155060172,1.001177192,0.039212056,-0.020631077,1.001181126,ros2_odometer_state
M19C_S1_lab_hard_floor_B2_U020_R2,787.604356563,7.941927430,command,0.200000,-5.002158165,-0.155060172,1.001177192,0.039215617,-0.020634091,1.001180887,ros2_odometer_state
M19C_S1_lab_hard_floor_B2_U020_R2,787.605573602,7.943144469,command,0.200000,-5.002158165,-0.155060172,1.001177192,0.039215617,-0.020634091,1.001180887,ros2_odometer_state
M19C_S1_lab_hard_floor_B2_U020_R2,787.608594360,7.946165227,command,0.200000,-5.002158165,-0.155060172,1.001180172,0.039212674,-0.020639984,1.001178384,ros2_odometer_state
M19C_S1_lab_hard_floor_B2_U020_R2,787.610202390,7.947773257,command,0.200000,-5.002158165,-0.155060172,1.001180172,0.039216045,-0.020646267,1.001173496,ros2_odometer_state
M19C_S1_lab_hard_floor_B2_U020_R2,787.611443398,7.949014265,command,0.200000,-5.002158165,-0.155060172,1.001180172,0.039216045,-0.020646267,1.001173496,ros2_odometer_state
M19C_S1_lab_hard_floor_B2_U020_R2,787.614827594,7.952398461,command,0.200000,-5.002158165,-0.155060172,1.001180172,0.039216384,-0.020639934,1.001173973,ros2_odometer_state
M19C_S1_lab_hard_floor_B2_U020_R2,787.616234976,7.953805843,command,0.200000,-5.002158165,-0.155060172,1.001180172,0.039214700,-0.020638557,1.001172304,ros2_odometer_state
M19C_S1_lab_hard_floor_B2_U020_R2,787.618213453,7.955784320,command,0.200000,-5.002158165,-0.155060172,1.001180172,0.039209172,-0.020635342,1.001178980,ros2_odometer_state
M19C_S1_lab_hard_floor_B2_U020_R2,787.620360545,7.957931412,command,0.200000,-5.002158165,-0.155060172,1.001180172,0.039207704,-0.020639312,1.001177192,ros2_odometer_state
M19C_S1_lab_hard_floor_B2_U020_R2,787.622410960,7.959981827,command,0.200000,-5.002158165,-0.155060172,1.001180172,0.039212760,-0.020646455,1.001176119,ros2_odometer_state
M19C_S1_lab_hard_floor_B2_U020_R2,787.624318906,7.961889773,command,0.200000,-5.002158165,-0.155060172,1.001180172,0.039215248,-0.020645274,1.001178026,ros2_odometer_state
M19C_S1_lab_hard_floor_B2_U020_R2,787.625506889,7.963077756,command,0.200000,-5.002158165,-0.155060172,1.001180172,0.039215248,-0.020645274,1.001178026,ros2_odometer_state
M19C_S1_lab_hard_floor_B2_U020_R2,787.627530199,7.965101066,command,0.200000,-5.002158165,-0.155060172,1.001180291,0.039218765,-0.020646000,1.001180291,ros2_odometer_state
M19C_S1_lab_hard_floor_B2_U020_R2,787.630343877,7.967914744,command,0.200000,-5.002158165,-0.155060172,1.001180291,0.039226566,-0.020642508,1.001182556,ros2_odometer_state
M19C_S1_lab_hard_floor_B2_U020_R2,787.632344818,7.969915685,command,0.200000,-5.002158165,-0.155060172,1.001180291,0.039225459,-0.020640071,1.001183987,ros2_odometer_state
M19C_S1_lab_hard_floor_B2_U020_R2,787.634128120,7.971698987,command,0.200000,-5.002158165,-0.155060172,1.001180291,0.039225459,-0.020640071,1.001183987,ros2_odometer_state
M19C_S1_lab_hard_floor_B2_U020_R2,787.636642681,7.974213548,command,0.200000,-5.002158165,-0.155060172,1.001180291,0.039222423,-0.020635057,1.001189590,ros2_odometer_state
M19C_S1_lab_hard_floor_B2_U020_R2,787.638433983,7.976004850,command,0.200000,-5.002158165,-0.155060172,1.001180291,0.039223790,-0.020638512,1.001189351,ros2_odometer_state
M19C_S1_lab_hard_floor_B2_U020_R2,787.640406283,7.977977150,command,0.200000,-5.002158165,-0.155060172,1.001180291,0.039223727,-0.020639986,1.001185298,ros2_odometer_state
M19C_S1_lab_hard_floor_B2_U020_R2,787.642451323,7.980022190,command,0.200000,-5.002158165,-0.155060172,1.001180291,0.039225444,-0.020640146,1.001180053,ros2_odometer_state
M19C_S1_lab_hard_floor_B2_U020_R2,787.644544332,7.982115199,command,0.200000,-5.002158165,-0.155060172,1.001180291,0.039227620,-0.020643266,1.001182437,ros2_odometer_state
M19C_S1_lab_hard_floor_B2_U020_R2,787.645568916,7.983139783,command,0.200000,-5.002158165,-0.155060172,1.001180291,0.039227620,-0.020643266,1.001182437,ros2_odometer_state
M19C_S1_lab_hard_floor_B2_U020_R2,787.648585321,7.986156188,command,0.200000,-5.002158165,-0.155060172,1.001185656,0.039231595,-0.020650275,1.001188755,ros2_odometer_state
M19C_S1_lab_hard_floor_B2_U020_R2,787.650531221,7.988102088,command,0.200000,-5.002158165,-0.155060172,1.001185656,0.039231952,-0.020649059,1.001190305,ros2_odometer_state
M19C_S1_lab_hard_floor_B2_U020_R2,787.653125530,7.990696397,command,0.200000,-5.002158165,-0.155060172,1.001185656,0.039231911,-0.020646432,1.001187682,ros2_odometer_state
M19C_S1_lab_hard_floor_B2_U020_R2,787.654240037,7.991810904,command,0.200000,-5.002158165,-0.155060172,1.001185656,0.039231911,-0.020646432,1.001187682,ros2_odometer_state
M19C_S1_lab_hard_floor_B2_U020_R2,787.656535326,7.994106193,command,0.200000,-5.002158165,-0.155060172,1.001185656,0.039239027,-0.020646708,1.001190066,ros2_odometer_state
M19C_S1_lab_hard_floor_B2_U020_R2,787.657638121,7.995208988,command,0.200000,-5.002158165,-0.155060172,1.001185656,0.039239027,-0.020646708,1.001190066,ros2_odometer_state
M19C_S1_lab_hard_floor_B2_U020_R2,787.659735642,7.997306509,command,0.200000,-5.002158165,-0.155060172,1.001185656,0.039244846,-0.020644201,1.001191854,ros2_odometer_state
M19C_S1_lab_hard_floor_B2_U020_R2,787.661581794,7.999152661,command,0.200000,-5.002158165,-0.155060172,1.001185656,0.039240979,-0.020643162,1.001192093,ros2_odometer_state
M19C_S1_lab_hard_floor_B2_U020_R2,787.664378511,8.001949378,command,0.200000,-5.002158165,-0.155060172,1.001185656,0.039229903,-0.020644573,1.001176596,ros2_odometer_state
M19C_S1_lab_hard_floor_B2_U020_R2,787.665771973,8.003342840,command,0.200000,-5.002158165,-0.155060172,1.001185656,0.039229903,-0.020644573,1.001176596,ros2_odometer_state
M19C_S1_lab_hard_floor_B2_U020_R2,787.667633197,8.005204064,command,0.200000,-5.002158165,-0.155060172,1.001173019,0.039224479,-0.020648701,1.001173019,ros2_odometer_state
M19C_S1_lab_hard_floor_B2_U020_R2,787.670376088,8.007946955,command,0.200000,-5.002158165,-0.155060172,1.001173019,0.039220940,-0.020644791,1.001170874,ros2_odometer_state
M19C_S1_lab_hard_floor_B2_U020_R2,787.671550853,8.009121720,command,0.200000,-5.002158165,-0.155060172,1.001173019,0.039220940,-0.020644791,1.001170874,ros2_odometer_state
M19C_S1_lab_hard_floor_B2_U020_R2,787.674185836,8.011756703,command,0.200000,-5.002158165,-0.155060172,1.001173019,0.039210960,-0.020639753,1.001167536,ros2_odometer_state
M19C_S1_lab_hard_floor_B2_U020_R2,787.676654188,8.014225055,command,0.200000,-5.002158165,-0.155060172,1.001173019,0.039195798,-0.020640954,1.001176953,ros2_odometer_state
M19C_S1_lab_hard_floor_B2_U020_R2,787.678501683,8.016072550,command,0.200000,-5.002158165,-0.155060172,1.001173019,0.039199073,-0.020636823,1.001176834,ros2_odometer_state
M19C_S1_lab_hard_floor_B2_U020_R2,787.680311994,8.017882861,command,0.200000,-5.002158165,-0.155060172,1.001173019,0.039200138,-0.020632396,1.001183867,ros2_odometer_state
M19C_S1_lab_hard_floor_B2_U020_R2,787.682308103,8.019878970,command,0.200000,-5.002158165,-0.155060172,1.001173019,0.039189570,-0.020630086,1.001185656,ros2_odometer_state
M19C_S1_lab_hard_floor_B2_U020_R2,787.684303445,8.021874312,command,0.200000,-5.002158165,-0.155060172,1.001173019,0.039184600,-0.020637767,1.001183748,ros2_odometer_state
M19C_S1_lab_hard_floor_B2_U020_R2,787.686593806,8.024164673,command,0.200000,-5.002158165,-0.155060172,1.001173019,0.039182413,-0.020639712,1.001178622,ros2_odometer_state
M19C_S1_lab_hard_floor_B2_U020_R2,787.687793757,8.025364624,command,0.200000,-5.002158165,-0.155060172,1.001178622,0.039182413,-0.020639712,1.001178622,ros2_odometer_state
M19C_S1_lab_hard_floor_B2_U020_R2,787.690533351,8.028104218,command,0.200000,-5.002158165,-0.155060172,1.001178622,0.039173614,-0.020631658,1.001181126,ros2_odometer_state
M19C_S1_lab_hard_floor_B2_U020_R2,787.692469970,8.030040837,command,0.200000,-5.002158165,-0.155060172,1.001178622,0.039174683,-0.020631511,1.001190066,ros2_odometer_state
M19C_S1_lab_hard_floor_B2_U020_R2,787.694227734,8.031798601,command,0.200000,-5.002158165,-0.155060172,1.001178622,0.039174683,-0.020631511,1.001190066,ros2_odometer_state
M19C_S1_lab_hard_floor_B2_U020_R2,787.695657742,8.033228609,command,0.200000,-5.002158165,-0.155060172,1.001178622,0.039176676,-0.020636562,1.001187682,ros2_odometer_state
M19C_S1_lab_hard_floor_B2_U020_R2,787.698493084,8.036063951,command,0.200000,-5.002158165,-0.155060172,1.001178622,0.039187912,-0.020637250,1.001184106,ros2_odometer_state
M19C_S1_lab_hard_floor_B2_U020_R2,787.700446856,8.038017723,command,0.200000,-5.002158165,-0.155060172,1.001178622,0.039187655,-0.020635933,1.001177669,ros2_odometer_state
M19C_S1_lab_hard_floor_B2_U020_R2,787.702459638,8.040030505,command,0.200000,-5.002158165,-0.155060172,1.001178622,0.039183393,-0.020639004,1.001173854,ros2_odometer_state
M19C_S1_lab_hard_floor_B2_U020_R2,787.704404290,8.041975157,command,0.200000,-5.002158165,-0.155060172,1.001178622,0.039187293,-0.020642152,1.001170516,ros2_odometer_state
M19C_S1_lab_hard_floor_B2_U020_R2,787.705769303,8.043340170,command,0.200000,-5.002158165,-0.155060172,1.001178622,0.039187293,-0.020642152,1.001170516,ros2_odometer_state
M19C_S1_lab_hard_floor_B2_U020_R2,787.708689896,8.046260763,command,0.200000,-5.002158165,-0.155060172,1.001171112,0.039193906,-0.020641224,1.001175761,ros2_odometer_state
M19C_S1_lab_hard_floor_B2_U020_R2,787.710005339,8.047576206,command,0.200000,-5.002158165,-0.155060172,1.001171112,0.039193906,-0.020641224,1.001175761,ros2_odometer_state
M19C_S1_lab_hard_floor_B2_U020_R2,787.712689316,8.050260183,command,0.200000,-5.002158165,-0.155060172,1.001171112,0.039186776,-0.020633519,1.001182556,ros2_odometer_state
M19C_S1_lab_hard_floor_B2_U020_R2,787.715060256,8.052631123,command,0.200000,-5.002158165,-0.155060172,1.001171112,0.039178330,-0.020634368,1.001172304,ros2_odometer_state
M19C_S1_lab_hard_floor_B2_U020_R2,787.716664446,8.054235313,command,0.200000,-5.002158165,-0.155060172,1.001171112,0.039182775,-0.020633820,1.001169920,ros2_odometer_state
M19C_S1_lab_hard_floor_B2_U020_R2,787.718479333,8.056050200,command,0.200000,-5.002158165,-0.155060172,1.001171112,0.039182171,-0.020626927,1.001173854,ros2_odometer_state
M19C_S1_lab_hard_floor_B2_U020_R2,787.720863873,8.058434740,command,0.200000,-5.002158165,-0.155060172,1.001171112,0.039169122,-0.020626077,1.001180053,ros2_odometer_state
M19C_S1_lab_hard_floor_B2_U020_R2,787.722022126,8.059592993,command,0.200000,-5.002158165,-0.155060172,1.001171112,0.039169122,-0.020626077,1.001180053,ros2_odometer_state
M19C_S1_lab_hard_floor_B2_U020_R2,787.724853820,8.062424687,command,0.200000,-5.002158165,-0.155060172,1.001171112,0.039158855,-0.020622890,1.001191020,ros2_odometer_state
M19C_S1_lab_hard_floor_B2_U020_R2,787.726193072,8.063763939,command,0.200000,-5.002158165,-0.155060172,1.001171112,0.039154448,-0.020615282,1.001194119,ros2_odometer_state
M19C_S1_lab_hard_floor_B2_U020_R2,787.728779445,8.066350312,command,0.200000,-5.002158165,-0.155060172,1.001193404,0.039143838,-0.020609671,1.001194954,ros2_odometer_state
M19C_S1_lab_hard_floor_B2_U020_R2,787.730491255,8.068062122,command,0.200000,-5.002158165,-0.155060172,1.001193404,0.039148457,-0.020612186,1.001195192,ros2_odometer_state
M19C_S1_lab_hard_floor_B2_U020_R2,787.732500549,8.070071416,command,0.200000,-5.002158165,-0.155060172,1.001193404,0.039153650,-0.020606577,1.001201391,ros2_odometer_state
M19C_S1_lab_hard_floor_B2_U020_R2,787.735097514,8.072668381,command,0.200000,-5.002158165,-0.155060172,1.001193404,0.039160188,-0.020604542,1.001201153,ros2_odometer_state
M19C_S1_lab_hard_floor_B2_U020_R2,787.736683304,8.074254171,command,0.200000,-5.002158165,-0.155060172,1.001193404,0.039162915,-0.020595808,1.001207232,ros2_odometer_state
M19C_S1_lab_hard_floor_B2_U020_R2,787.738600818,8.076171685,command,0.200000,-5.002158165,-0.155060172,1.001193404,0.039160158,-0.020588864,1.001215935,ros2_odometer_state
M19C_S1_lab_hard_floor_B2_U020_R2,787.739774400,8.077345267,command,0.200000,-5.002158165,-0.155060172,1.001193404,0.039160158,-0.020588864,1.001215935,ros2_odometer_state
M19C_S1_lab_hard_floor_B2_U020_R2,787.743058784,8.080629651,command,0.200000,-5.002158165,-0.155060172,1.001193404,0.039158229,-0.020593716,1.001200676,ros2_odometer_state
M19C_S1_lab_hard_floor_B2_U020_R2,787.744034213,8.081605080,command,0.200000,-5.002158165,-0.155060172,1.001193404,0.039158229,-0.020593716,1.001200676,ros2_odometer_state
M19C_S1_lab_hard_floor_B2_U020_R2,787.745946832,8.083517699,command,0.200000,-5.002158165,-0.155060172,1.001193404,0.039160680,-0.020596007,1.001202464,ros2_odometer_state
M19C_S1_lab_hard_floor_B2_U020_R2,787.747894363,8.085465230,command,0.200000,-5.002158165,-0.155060172,1.001208186,0.039160207,-0.020589095,1.001208186,ros2_odometer_state
M19C_S1_lab_hard_floor_B2_U020_R2,787.750642246,8.088213113,command,0.200000,-5.002158165,-0.155060172,1.001208186,0.039161574,-0.020578979,1.001218319,ros2_odometer_state
M19C_S1_lab_hard_floor_B2_U020_R2,787.751901719,8.089472586,command,0.200000,-5.002158165,-0.155060172,1.001208186,0.039161574,-0.020578979,1.001218319,ros2_odometer_state
M19C_S1_lab_hard_floor_B2_U020_R2,787.755032369,8.092603236,command,0.200000,-5.002158165,-0.155060172,1.001208186,0.039161637,-0.020582614,1.001227856,ros2_odometer_state
M19C_S1_lab_hard_floor_B2_U020_R2,787.757224134,8.094795001,command,0.200000,-5.002158165,-0.155060172,1.001208186,0.039161481,-0.020580323,1.001229286,ros2_odometer_state
M19C_S1_lab_hard_floor_B2_U020_R2,787.758228205,8.095799072,command,0.200000,-5.002158165,-0.155060172,1.001208186,0.039157048,-0.020580377,1.001230240,ros2_odometer_state
M19C_S1_lab_hard_floor_B2_U020_R2,787.760655019,8.098225886,command,0.200000,-5.002158165,-0.155060172,1.001208186,0.039154019,-0.020581184,1.001229763,ros2_odometer_state
M19C_S1_lab_hard_floor_B2_U020_R2,787.761963390,8.099534257,command,0.200000,-5.002158165,-0.155060172,1.001208186,0.039154019,-0.020581184,1.001229763,ros2_odometer_state
M19C_S1_lab_hard_floor_B2_U020_R2,787.764681480,8.102252347,command,0.200000,-5.002158165,-0.155060172,1.001208186,0.039147295,-0.020577539,1.001229525,ros2_odometer_state
M19C_S1_lab_hard_floor_B2_U020_R2,787.766954368,8.104525235,command,0.200000,-5.002158165,-0.155060172,1.001208186,0.039145615,-0.020574056,1.001228452,ros2_odometer_state
M19C_S1_lab_hard_floor_B2_U020_R2,787.767886724,8.105457591,command,0.200000,-5.002158165,-0.155060172,1.001228452,0.039145615,-0.020574056,1.001228452,ros2_odometer_state
M19C_S1_lab_hard_floor_B2_U020_R2,787.770560876,8.108131743,command,0.200000,-5.002158165,-0.155060172,1.001228452,0.039153535,-0.020577101,1.001233220,ros2_odometer_state
M19C_S1_lab_hard_floor_B2_U020_R2,787.772680510,8.110251377,command,0.200000,-5.002158165,-0.155060172,1.001228452,0.039156165,-0.020576440,1.001227498,ros2_odometer_state
M19C_S1_lab_hard_floor_B2_U020_R2,787.775112637,8.112683504,command,0.200000,-5.002158165,-0.155060172,1.001228452,0.039156165,-0.020576440,1.001227498,ros2_odometer_state
M19C_S1_lab_hard_floor_B2_U020_R2,787.777211822,8.114782689,command,0.200000,-5.002158165,-0.155060172,1.001228452,0.039154965,-0.020575954,1.001227736,ros2_odometer_state
M19C_S1_lab_hard_floor_B2_U020_R2,787.778729225,8.116300092,command,0.200000,-5.002158165,-0.155060172,1.001228452,0.039155114,-0.020569643,1.001228929,ros2_odometer_state
M19C_S1_lab_hard_floor_B2_U020_R2,787.780834203,8.118405070,command,0.200000,-5.002158165,-0.155060172,1.001228452,0.039163794,-0.020561466,1.001224041,ros2_odometer_state
M19C_S1_lab_hard_floor_B2_U020_R2,787.782657378,8.120228245,command,0.200000,-5.002158165,-0.155060172,1.001228452,0.039170761,-0.020557640,1.001227736,ros2_odometer_state
M19C_S1_lab_hard_floor_B2_U020_R2,787.784824502,8.122395369,command,0.200000,-5.002158165,-0.155060172,1.001228452,0.039174743,-0.020557990,1.001233459,ros2_odometer_state
M19C_S1_lab_hard_floor_B2_U020_R2,787.786636189,8.124207056,command,0.200000,-5.002158165,-0.155060172,1.001228452,0.039171711,-0.020556102,1.001232505,ros2_odometer_state
M19C_S1_lab_hard_floor_B2_U020_R2,787.789914076,8.127484943,command,0.200000,-5.002158165,-0.155060172,1.001232505,0.039165109,-0.020554654,1.001232386,ros2_odometer_state
M19C_S1_lab_hard_floor_B2_U020_R2,787.790762141,8.128333008,command,0.200000,-5.002158165,-0.155060172,1.001232505,0.039166797,-0.020557409,1.001232624,ros2_odometer_state
M19C_S1_lab_hard_floor_B2_U020_R2,787.792762923,8.130333790,command,0.200000,-5.002158165,-0.155060172,1.001232505,0.039170355,-0.020555744,1.001230836,ros2_odometer_state
M19C_S1_lab_hard_floor_B2_U020_R2,787.795212042,8.132782909,command,0.200000,-5.002158165,-0.155060172,1.001232505,0.039173536,-0.020545324,1.001229167,ros2_odometer_state
M19C_S1_lab_hard_floor_B2_U020_R2,787.796065483,8.133636350,command,0.200000,-5.002158165,-0.155060172,1.001232505,0.039173536,-0.020545324,1.001229167,ros2_odometer_state
M19C_S1_lab_hard_floor_B2_U020_R2,787.798784149,8.136355016,command,0.200000,-5.002158165,-0.155060172,1.001232505,0.039173570,-0.020537663,1.001222849,ros2_odometer_state
M19C_S1_lab_hard_floor_B2_U020_R2,787.800695327,8.138266194,command,0.200000,-5.002158165,-0.155060172,1.001232505,0.039170556,-0.020538883,1.001219749,ros2_odometer_state
M19C_S1_lab_hard_floor_B2_U020_R2,787.804806815,8.142377682,command,0.200000,-5.002158165,-0.155060172,1.001232505,0.039166950,-0.020534946,1.001222610,ros2_odometer_state
M19C_S1_lab_hard_floor_B2_U020_R2,787.805777348,8.143348215,command,0.200000,-5.002158165,-0.155060172,1.001232505,0.039165117,-0.020531226,1.001216292,ros2_odometer_state
M19C_S1_lab_hard_floor_B2_U020_R2,787.806130706,8.143701573,command,0.200000,-5.002158165,-0.155060172,1.001232505,0.039165117,-0.020531226,1.001216292,ros2_odometer_state
M19C_S1_lab_hard_floor_B2_U020_R2,787.808731095,8.146301962,command,0.200000,-5.002158165,-0.155060172,1.001211405,0.039162215,-0.020524075,1.001211405,ros2_odometer_state
M19C_S1_lab_hard_floor_B2_U020_R2,787.810028585,8.147599452,command,0.200000,-5.002158165,-0.155060172,1.001211405,0.039157271,-0.020517323,1.001208425,ros2_odometer_state
M19C_S1_lab_hard_floor_B2_U020_R2,787.813174404,8.150745271,command,0.200000,-5.002158165,-0.155060172,1.001211405,0.039172340,-0.020506047,1.001213670,ros2_odometer_state
M19C_S1_lab_hard_floor_B2_U020_R2,787.815400986,8.152971853,command,0.200000,-5.002158165,-0.155060172,1.001211405,0.039180636,-0.020507919,1.001216650,ros2_odometer_state
M19C_S1_lab_hard_floor_B2_U020_R2,787.816430818,8.154001685,command,0.200000,-5.002158165,-0.155060172,1.001211405,0.039180636,-0.020507919,1.001216650,ros2_odometer_state
M19C_S1_lab_hard_floor_B2_U020_R2,787.819480857,8.157051724,command,0.200000,-5.002158165,-0.155060172,1.001211405,0.039173950,-0.020499749,1.001214504,ros2_odometer_state
M19C_S1_lab_hard_floor_B2_U020_R2,787.819988876,8.157559743,command,0.200000,-5.002158165,-0.155060172,1.001211405,0.039173950,-0.020499749,1.001214504,ros2_odometer_state
M19C_S1_lab_hard_floor_B2_U020_R2,787.823505301,8.161076168,command,0.200000,-5.002158165,-0.155060172,1.001211405,0.039175794,-0.020494156,1.001224160,ros2_odometer_state
M19C_S1_lab_hard_floor_B2_U020_R2,787.824101004,8.161671871,command,0.200000,-5.002158165,-0.155060172,1.001211405,0.039175794,-0.020494156,1.001224160,ros2_odometer_state
M19C_S1_lab_hard_floor_B2_U020_R2,787.827115009,8.164685876,command,0.200000,-5.002158165,-0.155060172,1.001211405,0.039171260,-0.020483967,1.001216173,ros2_odometer_state
M19C_S1_lab_hard_floor_B2_U020_R2,787.828927528,8.166498395,command,0.200000,-5.002158165,-0.155060172,1.001216173,0.039170578,-0.020489451,1.001218557,ros2_odometer_state
M19C_S1_lab_hard_floor_B2_U020_R2,787.831232577,8.168803444,command,0.200000,-5.002158165,-0.155060172,1.001216173,0.039170578,-0.020489451,1.001218557,ros2_odometer_state
M19C_S1_lab_hard_floor_B2_U020_R2,787.832354221,8.169925088,command,0.200000,-5.002158165,-0.155060172,1.001216173,0.039168201,-0.020492049,1.001222134,ros2_odometer_state
M19C_S1_lab_hard_floor_B2_U020_R2,787.835166714,8.172737581,command,0.200000,-5.002158165,-0.155060172,1.001216173,0.039170194,-0.020493366,1.001220107,ros2_odometer_state
M19C_S1_lab_hard_floor_B2_U020_R2,787.836987137,8.174558004,command,0.200000,-5.002158165,-0.155060172,1.001216173,0.039175671,-0.020500766,1.001215696,ros2_odometer_state
M19C_S1_lab_hard_floor_B2_U020_R2,787.838790279,8.176361146,command,0.200000,-5.002158165,-0.155060172,1.001216173,0.039177649,-0.020499280,1.001216769,ros2_odometer_state
M19C_S1_lab_hard_floor_B2_U020_R2,787.840275457,8.177846324,command,0.200000,-5.002158165,-0.155060172,1.001216173,0.039176054,-0.020492224,1.001221657,ros2_odometer_state
M19C_S1_lab_hard_floor_B2_U020_R2,787.842113288,8.179684155,command,0.200000,-5.002158165,-0.155060172,1.001216173,0.039176468,-0.020492235,1.001220703,ros2_odometer_state
M19C_S1_lab_hard_floor_B2_U020_R2,787.844926549,8.182497416,command,0.200000,-5.002158165,-0.155060172,1.001216173,0.039172243,-0.020493047,1.001226425,ros2_odometer_state
M19C_S1_lab_hard_floor_B2_U020_R2,787.846107907,8.183678774,command,0.200000,-5.002158165,-0.155060172,1.001216173,0.039172243,-0.020493047,1.001226425,ros2_odometer_state
M19C_S1_lab_hard_floor_B2_U020_R2,787.848153971,8.185724838,command,0.200000,-5.002158165,-0.155060172,1.001228690,0.039169930,-0.020491844,1.001228690,ros2_odometer_state
M19C_S1_lab_hard_floor_B2_U020_R2,787.850909726,8.188480593,command,0.200000,-5.002158165,-0.155060172,1.001228690,0.039166834,-0.020487562,1.001231790,ros2_odometer_state
M19C_S1_lab_hard_floor_B2_U020_R2,787.853134708,8.190705575,command,0.200000,-5.002158165,-0.155060172,1.001228690,0.039170563,-0.020482041,1.001232266,ros2_odometer_state
M19C_S1_lab_hard_floor_B2_U020_R2,787.855494000,8.193064867,command,0.200000,-5.002158165,-0.155060172,1.001228690,0.039174479,-0.020474648,1.001232386,ros2_odometer_state
M19C_S1_lab_hard_floor_B2_U020_R2,787.856831332,8.194402199,command,0.200000,-5.002158165,-0.155060172,1.001228690,0.039180286,-0.020482451,1.001236916,ros2_odometer_state
M19C_S1_lab_hard_floor_B2_U020_R2,787.858663787,8.196234654,command,0.200000,-5.002158165,-0.155060172,1.001228690,0.039181549,-0.020488966,1.001238227,ros2_odometer_state
M19C_S1_lab_hard_floor_B2_U020_R2,787.860784989,8.198355856,command,0.200000,-5.002158165,-0.155060172,1.001228690,0.039182529,-0.020481572,1.001238942,ros2_odometer_state
M19C_S1_lab_hard_floor_B2_U020_R2,787.862722761,8.200293628,command,0.200000,-5.002158165,-0.155060172,1.001228690,0.039188366,-0.020477096,1.001239896,ros2_odometer_state
M19C_S1_lab_hard_floor_B2_U020_R2,787.865490356,8.203061223,command,0.200000,-5.002158165,-0.155060172,1.001228690,0.039189290,-0.020478480,1.001239419,ros2_odometer_state
M19C_S1_lab_hard_floor_B2_U020_R2,787.866144654,8.203715521,command,0.200000,-5.002158165,-0.155060172,1.001228690,0.039189290,-0.020478480,1.001239419,ros2_odometer_state
M19C_S1_lab_hard_floor_B2_U020_R2,787.868085689,8.205656556,command,0.200000,-5.002158165,-0.155060172,1.001240015,0.039187800,-0.020478280,1.001240015,ros2_odometer_state
M19C_S1_lab_hard_floor_B2_U020_R2,787.870833508,8.208404375,command,0.200000,-5.002158165,-0.155060172,1.001240015,0.039188739,-0.020477654,1.001247764,ros2_odometer_state
M19C_S1_lab_hard_floor_B2_U020_R2,787.872753902,8.210324769,command,0.200000,-5.002158165,-0.155060172,1.001240015,0.039190356,-0.020476822,1.001250148,ros2_odometer_state
M19C_S1_lab_hard_floor_B2_U020_R2,787.875333267,8.212904134,command,0.200000,-5.002158165,-0.155060172,1.001240015,0.039189938,-0.020472934,1.001251817,ros2_odometer_state
M19C_S1_lab_hard_floor_B2_U020_R2,787.876793163,8.214364030,command,0.200000,-5.002158165,-0.155060172,1.001240015,0.039192371,-0.020467946,1.001258254,ros2_odometer_state
M19C_S1_lab_hard_floor_B2_U020_R2,787.878801209,8.216372076,command,0.200000,-5.002158165,-0.155060172,1.001240015,0.039197598,-0.020458056,1.001257420,ros2_odometer_state
M19C_S1_lab_hard_floor_B2_U020_R2,787.880020041,8.217590908,command,0.200000,-5.002158165,-0.155060172,1.001240015,0.039197598,-0.020458056,1.001257420,ros2_odometer_state
M19C_S1_lab_hard_floor_B2_U020_R2,787.882750995,8.220321862,command,0.200000,-5.002158165,-0.155060172,1.001240015,0.039194647,-0.020451620,1.001257420,ros2_odometer_state
M19C_S1_lab_hard_floor_B2_U020_R2,787.884835012,8.222405879,command,0.200000,-5.002158165,-0.155060172,1.001240015,0.039199717,-0.020446682,1.001264215,ros2_odometer_state
M19C_S1_lab_hard_floor_B2_U020_R2,787.886826161,8.224397028,command,0.200000,-5.002158165,-0.155060172,1.001240015,0.039206114,-0.020445980,1.001269937,ros2_odometer_state
M19C_S1_lab_hard_floor_B2_U020_R2,787.889062184,8.226633051,command,0.200000,-5.002158165,-0.155060172,1.001269937,0.039199598,-0.020440133,1.001271248,ros2_odometer_state
M19C_S1_lab_hard_floor_B2_U020_R2,787.890797067,8.228367934,command,0.200000,-5.002158165,-0.155060172,1.001269937,0.039197713,-0.020435730,1.001267672,ros2_odometer_state
M19C_S1_lab_hard_floor_B2_U020_R2,787.892816666,8.230387533,command,0.200000,-5.002158165,-0.155060172,1.001269937,0.039206680,-0.020436851,1.001267195,ros2_odometer_state
M19C_S1_lab_hard_floor_B2_U020_R2,787.895871120,8.233441987,command,0.200000,-5.002158165,-0.155060172,1.001269937,0.039208595,-0.020440495,1.001269102,ros2_odometer_state
M19C_S1_lab_hard_floor_B2_U020_R2,787.897294792,8.234865659,command,0.200000,-5.002158165,-0.155060172,1.001269937,0.039211798,-0.020447088,1.001271129,ros2_odometer_state
M19C_S1_lab_hard_floor_B2_U020_R2,787.898142121,8.235712988,command,0.200000,-5.002158165,-0.155060172,1.001269937,0.039211798,-0.020447088,1.001271129,ros2_odometer_state
M19C_S1_lab_hard_floor_B2_U020_R2,787.900216057,8.237786924,command,0.200000,-5.002158165,-0.155060172,1.001269937,0.039216898,-0.020452362,1.001270294,ros2_odometer_state
M19C_S1_lab_hard_floor_B2_U020_R2,787.903000069,8.240570936,command,0.200000,-5.002158165,-0.155060172,1.001269937,0.039209198,-0.020449720,1.001271248,ros2_odometer_state
M19C_S1_lab_hard_floor_B2_U020_R2,787.904844717,8.242415584,command,0.200000,-5.002158165,-0.155060172,1.001269937,0.039206054,-0.020448036,1.001263022,ros2_odometer_state
M19C_S1_lab_hard_floor_B2_U020_R2,787.906843835,8.244414702,command,0.200000,-5.002158165,-0.155060172,1.001269937,0.039202761,-0.020445328,1.001261711,ros2_odometer_state
M19C_S1_lab_hard_floor_B2_U020_R2,787.908901323,8.246472190,command,0.200000,-5.002158165,-0.155060172,1.001261711,0.039206650,-0.020444892,1.001266956,ros2_odometer_state
M19C_S1_lab_hard_floor_B2_U020_R2,787.910498569,8.248069436,command,0.200000,-5.002158165,-0.155060172,1.001261711,0.039206650,-0.020444892,1.001266956,ros2_odometer_state
M19C_S1_lab_hard_floor_B2_U020_R2,787.912486806,8.250057673,command,0.200000,-5.002158165,-0.155060172,1.001261711,0.039209347,-0.020446982,1.001270056,ros2_odometer_state
M19C_S1_lab_hard_floor_B2_U020_R2,787.917191693,8.254762560,command,0.200000,-5.002158165,-0.155060172,1.001261711,0.039212652,-0.020440809,1.001274943,ros2_odometer_state
M19C_S1_lab_hard_floor_B2_U020_R2,787.918277463,8.255848330,command,0.200000,-5.002158165,-0.155060172,1.001261711,0.039211456,-0.020440044,1.001274705,ros2_odometer_state
M19C_S1_lab_hard_floor_B2_U020_R2,787.919195643,8.256766510,command,0.200000,-5.002158165,-0.155060172,1.001261711,0.039212555,-0.020444985,1.001275659,ros2_odometer_state
M19C_S1_lab_hard_floor_B2_U020_R2,787.921083748,8.258654615,command,0.200000,-5.002158165,-0.155060172,1.001261711,0.039214607,-0.020445716,1.001272440,ros2_odometer_state
M19C_S1_lab_hard_floor_B2_U020_R2,787.922143821,8.259714688,command,0.200000,-5.002158165,-0.155060172,1.001261711,0.039214607,-0.020445716,1.001272440,ros2_odometer_state
M19C_S1_lab_hard_floor_B2_U020_R2,787.924967707,8.262538574,command,0.200000,-5.002158165,-0.155060172,1.001261711,0.039213292,-0.020447247,1.001259685,ros2_odometer_state
M19C_S1_lab_hard_floor_B2_U020_R2,787.927590241,8.265161108,command,0.200000,-5.002158165,-0.155060172,1.001261711,0.039218057,-0.020452885,1.001263976,ros2_odometer_state
M19C_S1_lab_hard_floor_B2_U020_R2,787.929079739,8.266650606,command,0.200000,-5.002158165,-0.155060172,1.001263976,0.039218057,-0.020452885,1.001263976,ros2_odometer_state
M19C_S1_lab_hard_floor_B2_U020_R2,787.930107779,8.267678646,command,0.200000,-5.002158165,-0.155060172,1.001263976,0.039216567,-0.020456698,1.001260757,ros2_odometer_state
M19C_S1_lab_hard_floor_B2_U020_R2,787.933382402,8.270953269,command,0.200000,-5.002158165,-0.155060172,1.001263976,0.039228387,-0.020454418,1.001257062,ros2_odometer_state
M19C_S1_lab_hard_floor_B2_U020_R2,787.935540854,8.273111721,command,0.200000,-5.002158165,-0.155060172,1.001263976,0.039237238,-0.020461513,1.001257062,ros2_odometer_state
M19C_S1_lab_hard_floor_B2_U020_R2,787.936919979,8.274490846,command,0.200000,-5.002158165,-0.155060172,1.001263976,0.039239451,-0.020463493,1.001257896,ros2_odometer_state
M19C_S1_lab_hard_floor_B2_U020_R2,787.938947706,8.276518573,command,0.200000,-5.002158165,-0.155060172,1.001263976,0.039232451,-0.020456409,1.001250982,ros2_odometer_state
M19C_S1_lab_hard_floor_B2_U020_R2,787.940934951,8.278505818,command,0.200000,-5.002158165,-0.155060172,1.001263976,0.039240722,-0.020459384,1.001254797,ros2_odometer_state
M19C_S1_lab_hard_floor_B2_U020_R2,787.942862418,8.280433285,command,0.200000,-5.002158165,-0.155060172,1.001263976,0.039247788,-0.020456014,1.001257420,ros2_odometer_state
M19C_S1_lab_hard_floor_B2_U020_R2,787.944853247,8.282424114,command,0.200000,-5.002158165,-0.155060172,1.001263976,0.039248038,-0.020449258,1.001254797,ros2_odometer_state
M19C_S1_lab_hard_floor_B2_U020_R2,787.946969362,8.284540229,command,0.200000,-5.002158165,-0.155060172,1.001263976,0.039252236,-0.020447079,1.001251698,ros2_odometer_state
M19C_S1_lab_hard_floor_B2_U020_R2,787.948561968,8.286132835,command,0.200000,-5.002158165,-0.155060172,1.001251698,0.039252236,-0.020447079,1.001251698,ros2_odometer_state
M19C_S1_lab_hard_floor_B2_U020_R2,787.951635975,8.289206842,command,0.200000,-5.002158165,-0.155060172,1.001251698,0.039260767,-0.020449230,1.001243472,ros2_odometer_state
M19C_S1_lab_hard_floor_B2_U020_R2,787.952186428,8.289757295,command,0.200000,-5.002158165,-0.155060172,1.001251698,0.039260767,-0.020449230,1.001243472,ros2_odometer_state
M19C_S1_lab_hard_floor_B2_U020_R2,787.954864292,8.292435159,command,0.200000,-5.002158165,-0.155060172,1.001251698,0.039263181,-0.020446377,1.001234531,ros2_odometer_state
M19C_S1_lab_hard_floor_B2_U020_R2,787.956319037,8.293889904,command,0.200000,-5.002158165,-0.155060172,1.001251698,0.039259404,-0.020445675,1.001230359,ros2_odometer_state
M19C_S1_lab_hard_floor_B2_U020_R2,787.959209645,8.296780512,command,0.200000,-5.002158165,-0.155060172,1.001251698,0.039251436,-0.020455200,1.001230359,ros2_odometer_state
M19C_S1_lab_hard_floor_B2_U020_R2,787.960290295,8.297861162,command,0.200000,-5.002158165,-0.155060172,1.001251698,0.039251436,-0.020455200,1.001230359,ros2_odometer_state
M19C_S1_lab_hard_floor_B2_U020_R2,787.963083940,8.300654807,command,0.200000,-5.002158165,-0.155060172,1.001251698,0.039262421,-0.020454839,1.001232266,ros2_odometer_state
M19C_S1_lab_hard_floor_B2_U020_R2,787.964236689,8.301807556,command,0.200000,-5.002158165,-0.155060172,1.001251698,0.039262421,-0.020454839,1.001232266,ros2_odometer_state
M19C_S1_lab_hard_floor_B2_U020_R2,787.968476981,8.306047848,command,0.200000,-5.002158165,-0.155060172,1.001251698,0.039260134,-0.020447848,1.001229525,ros2_odometer_state
M19C_S1_lab_hard_floor_B2_U020_R2,787.969430458,8.307001325,command,0.200000,-5.002158165,-0.155060172,1.001229525,0.039261591,-0.020446507,1.001231432,ros2_odometer_state
M19C_S1_lab_hard_floor_B2_U020_R2,787.971122908,8.308693775,command,0.200000,-5.002158165,-0.155060172,1.001229525,0.039261218,-0.020444909,1.001230478,ros2_odometer_state
M19C_S1_lab_hard_floor_B2_U020_R2,787.973136682,8.310707549,command,0.200000,-5.002158165,-0.155060172,1.001229525,0.039261937,-0.020447807,1.001229405,ros2_odometer_state
M19C_S1_lab_hard_floor_B2_U020_R2,787.975592554,8.313163421,command,0.200000,-5.002158165,-0.155060172,1.001229525,0.039266653,-0.020447236,1.001226544,ros2_odometer_state
M19C_S1_lab_hard_floor_B2_U020_R2,787.976385353,8.313956220,command,0.200000,-5.002158165,-0.155060172,1.001229525,0.039266653,-0.020447236,1.001226544,ros2_odometer_state
M19C_S1_lab_hard_floor_B2_U020_R2,787.978279314,8.315850181,command,0.200000,-5.002158165,-0.155060172,1.001229525,0.039266303,-0.020448230,1.001223803,ros2_odometer_state
M19C_S1_lab_hard_floor_B2_U020_R2,787.980212093,8.317782960,command,0.200000,-5.002158165,-0.155060172,1.001229525,0.039262459,-0.020447560,1.001223683,ros2_odometer_state
M19C_S1_lab_hard_floor_B2_U020_R2,787.983688868,8.321259735,command,0.200000,-5.002158165,-0.155060172,1.001229525,0.039242059,-0.020439742,1.001230836,ros2_odometer_state
M19C_S1_lab_hard_floor_B2_U020_R2,787.985102555,8.322673422,command,0.200000,-5.002158165,-0.155060172,1.001229525,0.039234769,-0.020442519,1.001227498,ros2_odometer_state
M19C_S1_lab_hard_floor_B2_U020_R2,787.986269449,8.323840316,command,0.200000,-5.002158165,-0.155060172,1.001229525,0.039234769,-0.020442519,1.001227498,ros2_odometer_state
M19C_S1_lab_hard_floor_B2_U020_R2,787.989106775,8.326677642,command,0.200000,-5.002158165,-0.155060172,1.001213908,0.039233640,-0.020449284,1.001201510,ros2_odometer_state
M19C_S1_lab_hard_floor_B2_U020_R2,787.990996352,8.328567219,command,0.200000,-5.002158165,-0.155060172,1.001213908,0.039238051,-0.020445392,1.001201987,ros2_odometer_state
M19C_S1_lab_hard_floor_B2_U020_R2,787.993007726,8.330578593,command,0.200000,-5.002158165,-0.155060172,1.001213908,0.039243694,-0.020441819,1.001208782,ros2_odometer_state
M19C_S1_lab_hard_floor_B2_U020_R2,787.994862934,8.332433801,command,0.200000,-5.002158165,-0.155060172,1.001213908,0.039243694,-0.020441819,1.001208782,ros2_odometer_state
M19C_S1_lab_hard_floor_B2_U020_R2,787.996309967,8.333880834,command,0.200000,-5.002158165,-0.155060172,1.001213908,0.039238770,-0.020439195,1.001209617,ros2_odometer_state
M19C_S1_lab_hard_floor_B2_U020_R2,787.999091099,8.336661966,command,0.200000,-5.002158165,-0.155060172,1.001213908,0.039240021,-0.020443657,1.001215696,ros2_odometer_state
M19C_S1_lab_hard_floor_B2_U020_R2,788.001033670,8.338604537,command,0.200000,-5.002158165,-0.155060172,1.001213908,0.039241228,-0.020452883,1.001222968,ros2_odometer_state
M19C_S1_lab_hard_floor_B2_U020_R2,788.002181299,8.339752166,command,0.200000,-5.002158165,-0.155060172,1.001213908,0.039241228,-0.020452883,1.001222968,ros2_odometer_state
M19C_S1_lab_hard_floor_B2_U020_R2,788.004874267,8.342445134,command,0.200000,-5.002158165,-0.155060172,1.001213908,0.039232530,-0.020457210,1.001222730,ros2_odometer_state
M19C_S1_lab_hard_floor_B2_U020_R2,788.006974189,8.344545056,command,0.200000,-5.002158165,-0.155060172,1.001213908,0.039222360,-0.020458054,1.001230240,ros2_odometer_state
M19C_S1_lab_hard_floor_B2_U020_R2,788.009084767,8.346655634,command,0.200000,-5.002158165,-0.155060172,1.001230240,0.039215744,-0.020457851,1.001235366,ros2_odometer_state
M19C_S1_lab_hard_floor_B2_U020_R2,788.011054027,8.348624894,command,0.200000,-5.002158165,-0.155060172,1.001230240,0.039213441,-0.020455588,1.001237750,ros2_odometer_state
M19C_S1_lab_hard_floor_B2_U020_R2,788.012225209,8.349796076,command,0.200000,-5.002158165,-0.155060172,1.001230240,0.039213441,-0.020455588,1.001237750,ros2_odometer_state
M19C_S1_lab_hard_floor_B2_U020_R2,788.015606652,8.353177519,command,0.200000,-5.002158165,-0.155060172,1.001230240,0.039205540,-0.020465620,1.001243949,ros2_odometer_state
M19C_S1_lab_hard_floor_B2_U020_R2,788.017166585,8.354737452,command,0.200000,-5.002158165,-0.155060172,1.001230240,0.039211914,-0.020466819,1.001250267,ros2_odometer_state
M19C_S1_lab_hard_floor_B2_U020_R2,788.018315558,8.355886425,command,0.200000,-5.002158165,-0.155060172,1.001230240,0.039211914,-0.020466819,1.001250267,ros2_odometer_state
M19C_S1_lab_hard_floor_B2_U020_R2,788.020352149,8.357923016,command,0.200000,-5.002158165,-0.155060172,1.001230240,0.039218664,-0.020472083,1.001255274,ros2_odometer_state
M19C_S1_lab_hard_floor_B2_U020_R2,788.022991963,8.360562830,command,0.200000,-5.002158165,-0.155060172,1.001230240,0.039215874,-0.020487087,1.001254082,ros2_odometer_state
M19C_S1_lab_hard_floor_B2_U020_R2,788.025058091,8.362628958,command,0.200000,-5.002158165,-0.155060172,1.001230240,0.039213378,-0.020492801,1.001249671,ros2_odometer_state
M19C_S1_lab_hard_floor_B2_U020_R2,788.026978902,8.364549769,command,0.200000,-5.002158165,-0.155060172,1.001230240,0.039210502,-0.020492967,1.001240969,ros2_odometer_state
M19C_S1_lab_hard_floor_B2_U020_R2,788.028298057,8.365868924,command,0.200000,-5.002158165,-0.155060172,1.001240969,0.039210502,-0.020492967,1.001240969,ros2_odometer_state
M19C_S1_lab_hard_floor_B2_U020_R2,788.030288599,8.367859466,command,0.200000,-5.002158165,-0.155060172,1.001240969,0.039208181,-0.020489503,1.001239538,ros2_odometer_state
M19C_S1_lab_hard_floor_B2_U020_R2,788.032307621,8.369878488,command,0.200000,-5.002158165,-0.155060172,1.001240969,0.039205324,-0.020485692,1.001243353,ros2_odometer_state
M19C_S1_lab_hard_floor_B2_U020_R2,788.035654119,8.373224986,command,0.200000,-5.002158165,-0.155060172,1.001240969,0.039193124,-0.020481307,1.001243591,ros2_odometer_state
M19C_S1_lab_hard_floor_B2_U020_R2,788.036517353,8.374088220,command,0.200000,-5.002158165,-0.155060172,1.001240969,0.039193124,-0.020481307,1.001243591,ros2_odometer_state
M19C_S1_lab_hard_floor_B2_U020_R2,788.038547128,8.376117995,command,0.200000,-5.002158165,-0.155060172,1.001240969,0.039193958,-0.020477338,1.001249075,ros2_odometer_state
M19C_S1_lab_hard_floor_B2_U020_R2,788.041475081,8.379045948,command,0.200000,-5.002158165,-0.155060172,1.001240969,0.039190564,-0.020474406,1.001250148,ros2_odometer_state
M19C_S1_lab_hard_floor_B2_U020_R2,788.043137546,8.380708413,command,0.200000,-5.002158165,-0.155060172,1.001240969,0.039184909,-0.020477597,1.001246691,ros2_odometer_state
M19C_S1_lab_hard_floor_B2_U020_R2,788.044356121,8.381926988,command,0.200000,-5.002158165,-0.155060172,1.001240969,0.039184909,-0.020477597,1.001246691,ros2_odometer_state
M19C_S1_lab_hard_floor_B2_U020_R2,788.046352039,8.383922906,command,0.200000,-5.002158165,-0.155060172,1.001240969,0.039181445,-0.020476306,1.001253009,ros2_odometer_state
M19C_S1_lab_hard_floor_B2_U020_R2,788.049288505,8.386859372,command,0.200000,-5.002158165,-0.155060172,1.001255870,0.039191011,-0.020476559,1.001252055,ros2_odometer_state
M19C_S1_lab_hard_floor_B2_U020_R2,788.050461510,8.388032377,command,0.200000,-5.002158165,-0.155060172,1.001255870,0.039191011,-0.020476559,1.001252055,ros2_odometer_state
M19C_S1_lab_hard_floor_B2_U020_R2,788.055956380,8.393527247,command,0.200000,-5.002158165,-0.155060172,1.001255870,0.039189838,-0.020470999,1.001250267,ros2_odometer_state
M19C_S1_lab_hard_floor_B2_U020_R2,788.057041254,8.394612121,command,0.200000,-5.002158165,-0.155060172,1.001255870,0.039186515,-0.020472303,1.001248956,ros2_odometer_state
M19C_S1_lab_hard_floor_B2_U020_R2,788.057887719,8.395458586,command,0.200000,-5.002158165,-0.155060172,1.001255870,0.039188493,-0.020477379,1.001247168,ros2_odometer_state
M19C_S1_lab_hard_floor_B2_U020_R2,788.059210874,8.396781741,command,0.200000,-5.002158165,-0.155060172,1.001255870,0.039186344,-0.020477338,1.001249433,ros2_odometer_state
M19C_S1_lab_hard_floor_B2_U020_R2,788.061255466,8.398826333,command,0.200000,-5.002158165,-0.155060172,1.001255870,0.039175823,-0.020473083,1.001250863,ros2_odometer_state
M19C_S1_lab_hard_floor_B2_U020_R2,788.062370997,8.399941864,command,0.200000,-5.002158165,-0.155060172,1.001255870,0.039175823,-0.020473083,1.001250863,ros2_odometer_state
M19C_S1_lab_hard_floor_B2_U020_R2,788.065165954,8.402736821,command,0.200000,-5.002158165,-0.155060172,1.001255870,0.039173912,-0.020476984,1.001248121,ros2_odometer_state
M19C_S1_lab_hard_floor_B2_U020_R2,788.067116557,8.404687424,command,0.200000,-5.002158165,-0.155060172,1.001255870,0.039172728,-0.020481437,1.001245022,ros2_odometer_state
M19C_S1_lab_hard_floor_B2_U020_R2,788.068361726,8.405932593,command,0.200000,-5.002158165,-0.155060172,1.001245022,0.039172728,-0.020481437,1.001245022,ros2_odometer_state
M19C_S1_lab_hard_floor_B2_U020_R2,788.071759330,8.409330197,command,0.200000,-5.002158165,-0.155060172,1.001245022,0.039165292,-0.020477587,1.001239777,ros2_odometer_state
M19C_S1_lab_hard_floor_B2_U020_R2,788.073144952,8.410715819,command,0.200000,-5.002158165,-0.155060172,1.001245022,0.039159242,-0.020475628,1.001235127,ros2_odometer_state
M19C_S1_lab_hard_floor_B2_U020_R2,788.075655001,8.413225868,command,0.200000,-5.002158165,-0.155060172,1.001245022,0.039153721,-0.020476000,1.001225471,ros2_odometer_state
M19C_S1_lab_hard_floor_B2_U020_R2,788.077509601,8.415080468,command,0.200000,-5.002158165,-0.155060172,1.001245022,0.039151110,-0.020483239,1.001225233,ros2_odometer_state
M19C_S1_lab_hard_floor_B2_U020_R2,788.079303079,8.416873946,command,0.200000,-5.002158165,-0.155060172,1.001245022,0.039145764,-0.020489382,1.001224875,ros2_odometer_state
M19C_S1_lab_hard_floor_B2_U020_R2,788.081055755,8.418626622,command,0.200000,-5.002158165,-0.155060172,1.001245022,0.039139464,-0.020494426,1.001224041,ros2_odometer_state
M19C_S1_lab_hard_floor_B2_U020_R2,788.083125179,8.420696046,command,0.200000,-5.002158165,-0.155060172,1.001245022,0.039140131,-0.020491717,1.001223803,ros2_odometer_state
M19C_S1_lab_hard_floor_B2_U020_R2,788.085286287,8.422857154,command,0.200000,-5.002158165,-0.155060172,1.001245022,0.039150722,-0.020489091,1.001221538,ros2_odometer_state
M19C_S1_lab_hard_floor_B2_U020_R2,788.087127191,8.424698058,command,0.200000,-5.002158165,-0.155060172,1.001245022,0.039161343,-0.020490319,1.001215816,ros2_odometer_state
M19C_S1_lab_hard_floor_B2_U020_R2,788.089313996,8.426884863,command,0.200000,-5.002158165,-0.155060172,1.001215816,0.039166857,-0.020493044,1.001210451,ros2_odometer_state
M19C_S1_lab_hard_floor_B2_U020_R2,788.090411703,8.427982570,command,0.200000,-5.002158165,-0.155060172,1.001215816,0.039166857,-0.020493044,1.001210451,ros2_odometer_state
M19C_S1_lab_hard_floor_B2_U020_R2,788.093118560,8.430689427,command,0.200000,-5.002158165,-0.155060172,1.001215816,0.039164308,-0.020493498,1.001207709,ros2_odometer_state
M19C_S1_lab_hard_floor_B2_U020_R2,788.095677475,8.433248342,command,0.200000,-5.002158165,-0.155060172,1.001215816,0.039158165,-0.020490630,1.001203537,ros2_odometer_state
M19C_S1_lab_hard_floor_B2_U020_R2,788.097275009,8.434845876,command,0.200000,-5.002158165,-0.155060172,1.001215816,0.039159354,-0.020490956,1.001203418,ros2_odometer_state
M19C_S1_lab_hard_floor_B2_U020_R2,788.098420654,8.435991521,command,0.200000,-5.002158165,-0.155060172,1.001215816,0.039159354,-0.020490956,1.001203418,ros2_odometer_state
M19C_S1_lab_hard_floor_B2_U020_R2,788.100399899,8.437970766,command,0.200000,-5.002158165,-0.155060172,1.001215816,0.039158422,-0.020494441,1.001205564,ros2_odometer_state
M19C_S1_lab_hard_floor_B2_U020_R2,788.103171910,8.440742777,command,0.200000,-5.002158165,-0.155060172,1.001215816,0.039164506,-0.020497387,1.001205206,ros2_odometer_state
M19C_S1_lab_hard_floor_B2_U020_R2,788.105113554,8.442684421,command,0.200000,-5.002158165,-0.155060172,1.001215816,0.039168082,-0.020493800,1.001206636,ros2_odometer_state
M19C_S1_lab_hard_floor_B2_U020_R2,788.107116512,8.444687379,command,0.200000,-5.002158165,-0.155060172,1.001215816,0.039161783,-0.020496493,1.001207232,ros2_odometer_state
M19C_S1_lab_hard_floor_B2_U020_R2,788.109187664,8.446758531,command,0.200000,-5.002158165,-0.155060172,1.001207232,0.039156809,-0.020499425,1.001202941,ros2_odometer_state
M19C_S1_lab_hard_floor_B2_U020_R2,788.110557349,8.448128216,command,0.200000,-5.002158165,-0.155060172,1.001207232,0.039156809,-0.020499425,1.001202941,ros2_odometer_state
M19C_S1_lab_hard_floor_B2_U020_R2,788.113093800,8.450664667,command,0.200000,-5.002158165,-0.155060172,1.001207232,0.039172787,-0.020507276,1.001213074,ros2_odometer_state
M19C_S1_lab_hard_floor_B2_U020_R2,788.115675532,8.453246399,command,0.200000,-5.002158165,-0.155060172,1.001207232,0.039178181,-0.020517213,1.001211762,ros2_odometer_state
M19C_S1_lab_hard_floor_B2_U020_R2,788.116455338,8.454026205,command,0.200000,-5.002158165,-0.155060172,1.001207232,0.039178181,-0.020517213,1.001211762,ros2_odometer_state
M19C_S1_lab_hard_floor_B2_U020_R2,788.119281752,8.456852619,command,0.200000,-5.002158165,-0.155060172,1.001207232,0.039171048,-0.020513492,1.001216650,ros2_odometer_state
M19C_S1_lab_hard_floor_B2_U020_R2,788.121193026,8.458763893,command,0.200000,-5.002158165,-0.155060172,1.001207232,0.039175406,-0.020514945,1.001217246,ros2_odometer_state
M19C_S1_lab_hard_floor_B2_U020_R2,788.123432537,8.461003404,command,0.200000,-5.002158165,-0.155060172,1.001207232,0.039175406,-0.020514945,1.001217246,ros2_odometer_state
M19C_S1_lab_hard_floor_B2_U020_R2,788.124573830,8.462144697,command,0.200000,-5.002158165,-0.155060172,1.001207232,0.039179258,-0.020520680,1.001212597,ros2_odometer_state
M19C_S1_lab_hard_floor_B2_U020_R2,788.127500311,8.465071178,command,0.200000,-5.002158165,-0.155060172,1.001207232,0.039176576,-0.020520253,1.001212955,ros2_odometer_state
M19C_S1_lab_hard_floor_B2_U020_R2,788.129271196,8.466842063,command,0.200000,-5.002158165,-0.155060172,1.001212955,0.039180230,-0.020518964,1.001213431,ros2_odometer_state
M19C_S1_lab_hard_floor_B2_U020_R2,788.131186951,8.468757818,command,0.200000,-5.002158165,-0.155060172,1.001212955,0.039184757,-0.020523764,1.001216769,ros2_odometer_state
M19C_S1_lab_hard_floor_B2_U020_R2,788.133156115,8.470726982,command,0.200000,-5.002158165,-0.155060172,1.001212955,0.039185882,-0.020520961,1.001221061,ros2_odometer_state
M19C_S1_lab_hard_floor_B2_U020_R2,788.135815547,8.473386414,command,0.200000,-5.002158165,-0.155060172,1.001212955,0.039182995,-0.020526389,1.001222134,ros2_odometer_state
M19C_S1_lab_hard_floor_B2_U020_R2,788.137242674,8.474813541,command,0.200000,-5.002158165,-0.155060172,1.001212955,0.039174348,-0.020526867,1.001221538,ros2_odometer_state
M19C_S1_lab_hard_floor_B2_U020_R2,788.139199870,8.476770737,command,0.200000,-5.002158165,-0.155060172,1.001212955,0.039171822,-0.020528512,1.001221418,ros2_odometer_state
M19C_S1_lab_hard_floor_B2_U020_R2,788.141192363,8.478763230,command,0.200000,-5.002158165,-0.155060172,1.001212955,0.039177682,-0.020530930,1.001213551,ros2_odometer_state
M19C_S1_lab_hard_floor_B2_U020_R2,788.142456061,8.480026928,command,0.200000,-5.002158165,-0.155060172,1.001212955,0.039177682,-0.020530930,1.001213551,ros2_odometer_state
M19C_S1_lab_hard_floor_B2_U020_R2,788.145430864,8.483001731,command,0.200000,-5.002158165,-0.155060172,1.001212955,0.039189722,-0.020541072,1.001204610,ros2_odometer_state
M19C_S1_lab_hard_floor_B2_U020_R2,788.147692008,8.485262875,command,0.200000,-5.002158165,-0.155060172,1.001212955,0.039192207,-0.020544643,1.001204848,ros2_odometer_state
M19C_S1_lab_hard_floor_B2_U020_R2,788.149404874,8.486975741,command,0.200000,-5.002158165,-0.155060172,1.001204848,0.039191559,-0.020544121,1.001207590,ros2_odometer_state
M19C_S1_lab_hard_floor_B2_U020_R2,788.151340566,8.488911433,command,0.200000,-5.002158165,-0.155060172,1.001204848,0.039194912,-0.020538114,1.001208901,ros2_odometer_state
M19C_S1_lab_hard_floor_B2_U020_R2,788.153270689,8.490841556,command,0.200000,-5.002158165,-0.155060172,1.001204848,0.039197113,-0.020532884,1.001212120,ros2_odometer_state
M19C_S1_lab_hard_floor_B2_U020_R2,788.155111688,8.492682555,command,0.200000,-5.002158165,-0.155060172,1.001204848,0.039197113,-0.020532884,1.001212120,ros2_odometer_state
M19C_S1_lab_hard_floor_B2_U020_R2,788.157282077,8.494852944,command,0.200000,-5.002158165,-0.155060172,1.001204848,0.039201099,-0.020535097,1.001210570,ros2_odometer_state
M19C_S1_lab_hard_floor_B2_U020_R2,788.158581103,8.496151970,command,0.200000,-5.002158165,-0.155060172,1.001204848,0.039201099,-0.020535097,1.001210570,ros2_odometer_state
M19C_S1_lab_hard_floor_B2_U020_R2,788.161229942,8.498800809,command,0.200000,-5.002158165,-0.155060172,1.001204848,0.039208572,-0.020541254,1.001220703,ros2_odometer_state
M19C_S1_lab_hard_floor_B2_U020_R2,788.163224931,8.500795798,stop,0.200000,-5.002158165,-0.155060172,1.001204848,0.039211482,-0.020543113,1.001219869,ros2_odometer_state
M19C_S1_lab_hard_floor_B2_U020_R2,788.165262547,8.502833414,stop,0.200000,-5.002158165,-0.155060172,1.001204848,0.039217394,-0.020544672,1.001222491,ros2_odometer_state
M19C_S1_lab_hard_floor_B2_U020_R2,788.167330851,8.504901718,stop,0.200000,-5.002158165,-0.155060172,1.001204848,0.039222278,-0.020545619,1.001223326,ros2_odometer_state
M19C_S1_lab_hard_floor_B2_U020_R2,788.169453429,8.507024296,stop,0.200000,-5.002158165,-0.155060172,1.001223326,0.039228268,-0.020551406,1.001216412,ros2_odometer_state
M19C_S1_lab_hard_floor_B2_U020_R2,788.170558336,8.508129203,stop,0.200000,-5.002158165,-0.155060172,1.001223326,0.039228268,-0.020551406,1.001216412,ros2_odometer_state
M19C_S1_lab_hard_floor_B2_U020_R2,788.173297259,8.510868126,stop,0.200000,-5.002158165,-0.155060172,1.001223326,0.039229620,-0.020553045,1.001213551,ros2_odometer_state
M19C_S1_lab_hard_floor_B2_U020_R2,788.176116344,8.513687211,stop,0.200000,-5.002158165,-0.155060172,1.001223326,0.039235733,-0.020551872,1.001208782,ros2_odometer_state
M19C_S1_lab_hard_floor_B2_U020_R2,788.176747953,8.514318820,stop,0.200000,-5.002158165,-0.155060172,1.001223326,0.039235733,-0.020551872,1.001208782,ros2_odometer_state
M19C_S1_lab_hard_floor_B2_U020_R2,788.179454522,8.517025389,stop,0.200000,-5.002158165,-0.155060172,1.001223326,0.039239421,-0.020547360,1.001193404,ros2_odometer_state
M19C_S1_lab_hard_floor_B2_U020_R2,788.181444679,8.519015546,stop,0.200000,-5.002158165,-0.155060172,1.001223326,0.039242290,-0.020548081,1.001189709,ros2_odometer_state
M19C_S1_lab_hard_floor_B2_U020_R2,788.183428724,8.520999591,stop,0.200000,-5.002158165,-0.155060172,1.001223326,0.039241880,-0.020550121,1.001196504,ros2_odometer_state
M19C_S1_lab_hard_floor_B2_U020_R2,788.185615689,8.523186556,stop,0.200000,-5.002158165,-0.155060172,1.001223326,0.039241239,-0.020546688,1.001196265,ros2_odometer_state
M19C_S1_lab_hard_floor_B2_U020_R2,788.188730402,8.526301269,stop,0.200000,-5.002158165,-0.155060172,1.001223326,0.039241239,-0.020546688,1.001196265,ros2_odometer_state
M19C_S1_lab_hard_floor_B2_U020_R2,788.189813100,8.527383967,stop,0.200000,-5.002158165,-0.155060172,1.001199126,0.039245520,-0.020550657,1.001199126,ros2_odometer_state
M19C_S1_lab_hard_floor_B2_U020_R2,788.190954169,8.528525036,stop,0.200000,-5.002158165,-0.155060172,1.001199126,0.039239913,-0.020560289,1.001197219,ros2_odometer_state
M19C_S1_lab_hard_floor_B2_U020_R2,788.192560599,8.530131466,stop,0.200000,-5.002158165,-0.155060172,1.001199126,0.039238408,-0.020556461,1.001188636,ros2_odometer_state
M19C_S1_lab_hard_floor_B2_U020_R2,788.195256032,8.532826899,stop,0.200000,-5.002158165,-0.155060172,1.001199126,0.039243866,-0.020546110,1.001186132,ros2_odometer_state
M19C_S1_lab_hard_floor_B2_U020_R2,788.196615253,8.534186120,stop,0.200000,-5.002158165,-0.155060172,1.001199126,0.039244149,-0.020546377,1.001190782,ros2_odometer_state
M19C_S1_lab_hard_floor_B2_U020_R2,788.198699366,8.536270233,stop,0.200000,-5.002158165,-0.155060172,1.001199126,0.039242044,-0.020541107,1.001197457,ros2_odometer_state
M19C_S1_lab_hard_floor_B2_U020_R2,788.200595823,8.538166690,stop,0.200000,-5.002158165,-0.155060172,1.001199126,0.039244499,-0.020539043,1.001199007,ros2_odometer_state
M19C_S1_lab_hard_floor_B2_U020_R2,788.202631870,8.540202737,stop,0.200000,-5.002158165,-0.155060172,1.001199126,0.039241776,-0.020540219,1.001194954,ros2_odometer_state
M19C_S1_lab_hard_floor_B2_U020_R2,788.204596715,8.542167582,stop,0.200000,-5.002158165,-0.155060172,1.001199126,0.039238613,-0.020540988,1.001187563,ros2_odometer_state
M19C_S1_lab_hard_floor_B2_U020_R2,788.206616089,8.544186956,stop,0.200000,-5.002158165,-0.155060172,1.001199126,0.039237428,-0.020542823,1.001185656,ros2_odometer_state
M19C_S1_lab_hard_floor_B2_U020_R2,788.209484937,8.547055804,stop,0.200000,-5.002158165,-0.155060172,1.001184106,0.039247997,-0.020541282,1.001181722,ros2_odometer_state
M19C_S1_lab_hard_floor_B2_U020_R2,788.210600276,8.548171143,stop,0.200000,-5.002158165,-0.155060172,1.001184106,0.039247997,-0.020541282,1.001181722,ros2_odometer_state
M19C_S1_lab_hard_floor_B2_U020_R2,788.213341662,8.550912529,stop,0.200000,-5.002158165,-0.155060172,1.001184106,0.039256521,-0.020538710,1.001177669,ros2_odometer_state
M19C_S1_lab_hard_floor_B2_U020_R2,788.215963524,8.553534391,stop,0.200000,-5.002158165,-0.155060172,1.001184106,0.039255552,-0.020539584,1.001178265,ros2_odometer_state
M19C_S1_lab_hard_floor_B2_U020_R2,788.217529409,8.555100276,stop,0.200000,-5.002158165,-0.155060172,1.001184106,0.039256062,-0.020539673,1.001173019,ros2_odometer_state
M19C_S1_lab_hard_floor_B2_U020_R2,788.219402250,8.556973117,stop,0.200000,-5.002158165,-0.155060172,1.001184106,0.039258104,-0.020536836,1.001167417,ros2_odometer_state
M19C_S1_lab_hard_floor_B2_U020_R2,788.221348502,8.558919369,stop,0.200000,-5.002158165,-0.155060172,1.001184106,0.039259050,-0.020534743,1.001166940,ros2_odometer_state
M19C_S1_lab_hard_floor_B2_U020_R2,788.223441127,8.561011994,stop,0.200000,-5.002158165,-0.155060172,1.001184106,0.039263885,-0.020535637,1.001168251,ros2_odometer_state
M19C_S1_lab_hard_floor_B2_U020_R2,788.225540120,8.563110987,stop,0.200000,-5.002158165,-0.155060172,1.001184106,0.039263885,-0.020535637,1.001168251,ros2_odometer_state
M19C_S1_lab_hard_floor_B2_U020_R2,788.227005809,8.564576676,stop,0.200000,-5.002158165,-0.155060172,1.001184106,0.039260883,-0.020537382,1.001176596,ros2_odometer_state
M19C_S1_lab_hard_floor_B2_U020_R2,788.229698458,8.567269325,stop,0.200000,-5.002158165,-0.155060172,1.001177192,0.039260641,-0.020536520,1.001178861,ros2_odometer_state
M19C_S1_lab_hard_floor_B2_U020_R2,788.231601764,8.569172631,stop,0.200000,-5.002158165,-0.155060172,1.001177192,0.039261479,-0.020543836,1.001179457,ros2_odometer_state
M19C_S1_lab_hard_floor_B2_U020_R2,788.233509614,8.571080481,stop,0.200000,-5.002158165,-0.155060172,1.001177192,0.039263956,-0.020551777,1.001173735,ros2_odometer_state
M19C_S1_lab_hard_floor_B2_U020_R2,788.235272979,8.572843846,stop,0.200000,-5.002158165,-0.155060172,1.001177192,0.039263956,-0.020551777,1.001173735,ros2_odometer_state
M19C_S1_lab_hard_floor_B2_U020_R2,788.237585900,8.575156767,stop,0.200000,-5.002158165,-0.155060172,1.001177192,0.039262243,-0.020547068,1.001179814,ros2_odometer_state
M19C_S1_lab_hard_floor_B2_U020_R2,788.239506327,8.577077194,stop,0.200000,-5.002158165,-0.155060172,1.001177192,0.039255336,-0.020548897,1.001183391,ros2_odometer_state
M19C_S1_lab_hard_floor_B2_U020_R2,788.240861004,8.578431871,stop,0.200000,-5.002158165,-0.155060172,1.001177192,0.039255336,-0.020548897,1.001183391,ros2_odometer_state
M19C_S1_lab_hard_floor_B2_U020_R2,788.243558740,8.581129607,stop,0.200000,-5.002158165,-0.155060172,1.001177192,0.039258257,-0.020573447,1.001190066,ros2_odometer_state
M19C_S1_lab_hard_floor_B2_U020_R2,788.245710440,8.583281307,stop,0.200000,-5.002158165,-0.155060172,1.001177192,0.039256588,-0.020572299,1.001187444,ros2_odometer_state
M19C_S1_lab_hard_floor_B2_U020_R2,788.247665076,8.585235943,stop,0.200000,-5.002158165,-0.155060172,1.001177192,0.039253689,-0.020570131,1.001192093,ros2_odometer_state
M19C_S1_lab_hard_floor_B2_U020_R2,788.248984263,8.586555130,stop,0.200000,-5.002158165,-0.155060172,1.001192093,0.039253689,-0.020570131,1.001192093,ros2_odometer_state
M19C_S1_lab_hard_floor_B2_U020_R2,788.250906034,8.588476901,stop,0.200000,-5.002158165,-0.155060172,1.001192093,0.039254121,-0.020571277,1.001190066,ros2_odometer_state
M19C_S1_lab_hard_floor_B2_U020_R2,788.253744544,8.591315411,stop,0.200000,-5.002158165,-0.155060172,1.001192093,0.039255541,-0.020575337,1.001189590,ros2_odometer_state
M19C_S1_lab_hard_floor_B2_U020_R2,788.255378976,8.592949843,stop,0.200000,-5.002158165,-0.155060172,1.001192093,0.039254170,-0.020573936,1.001193166,ros2_odometer_state
M19C_S1_lab_hard_floor_B2_U020_R2,788.256808983,8.594379850,stop,0.200000,-5.002158165,-0.155060172,1.001192093,0.039250717,-0.020578900,1.001196027,ros2_odometer_state
M19C_S1_lab_hard_floor_B2_U020_R2,788.259466910,8.597037777,stop,0.200000,-5.002158165,-0.155060172,1.001192093,0.039249331,-0.020580489,1.001203895,ros2_odometer_state
M19C_S1_lab_hard_floor_B2_U020_R2,788.260700814,8.598271681,stop,0.200000,-5.002158165,-0.155060172,1.001192093,0.039249331,-0.020580489,1.001203895,ros2_odometer_state
M19C_S1_lab_hard_floor_B2_U020_R2,788.263809767,8.601380634,stop,0.200000,-5.002158165,-0.155060172,1.001192093,0.039257120,-0.020579077,1.001200676,ros2_odometer_state
M19C_S1_lab_hard_floor_B2_U020_R2,788.265591564,8.603162431,stop,0.200000,-5.002158165,-0.155060172,1.001192093,0.039258167,-0.020584946,1.001193047,ros2_odometer_state
M19C_S1_lab_hard_floor_B2_U020_R2,788.267835172,8.605406039,stop,0.200000,-5.002158165,-0.155060172,1.001192093,0.039261989,-0.020589547,1.001192093,ros2_odometer_state
M19C_S1_lab_hard_floor_B2_U020_R2,788.268971984,8.606542851,stop,0.200000,-5.002158165,-0.155060172,1.001192093,0.039261989,-0.020589547,1.001192093,ros2_odometer_state
M19C_S1_lab_hard_floor_B2_U020_R2,788.270923164,8.608494031,stop,0.200000,-5.002158165,-0.155060172,1.001192093,0.039267465,-0.020591179,1.001200914,ros2_odometer_state
M19C_S1_lab_hard_floor_B2_U020_R2,788.273485375,8.611056242,stop,0.200000,-5.002158165,-0.155060172,1.001192093,0.039272394,-0.020590547,1.001205206,ros2_odometer_state
M19C_S1_lab_hard_floor_B2_U020_R2,788.275344935,8.612915802,stop,0.200000,-5.002158165,-0.155060172,1.001192093,0.039272394,-0.020590547,1.001205206,ros2_odometer_state
M19C_S1_lab_hard_floor_B2_U020_R2,788.276807360,8.614378227,stop,0.200000,-5.002158165,-0.155060172,1.001192093,0.039273940,-0.020588350,1.001202464,ros2_odometer_state
M19C_S1_lab_hard_floor_B2_U020_R2,788.278834351,8.616405218,stop,0.200000,-5.002158165,-0.155060172,1.001192093,0.039270412,-0.020587955,1.001199007,ros2_odometer_state
M19C_S1_lab_hard_floor_B2_U020_R2,788.281497750,8.619068617,stop,0.200000,-5.002158165,-0.155060172,1.001192093,0.039268743,-0.020585120,1.001200676,ros2_odometer_state
M19C_S1_lab_hard_floor_B2_U020_R2,788.283672171,8.621243038,stop,0.200000,-5.002158165,-0.155060172,1.001192093,0.039263319,-0.020587169,1.001208663,ros2_odometer_state
M19C_S1_lab_hard_floor_B2_U020_R2,788.285100546,8.622671413,stop,0.200000,-5.002158165,-0.155060172,1.001192093,0.039263319,-0.020587169,1.001208663,ros2_odometer_state
M19C_S1_lab_hard_floor_B2_U020_R2,788.286892328,8.624463195,stop,0.200000,-5.002158165,-0.155060172,1.001192093,0.039262924,-0.020584295,1.001209140,ros2_odometer_state
M19C_S1_lab_hard_floor_B2_U020_R2,788.289651731,8.627222598,stop,0.200000,-5.002158165,-0.155060172,1.001204491,0.039268572,-0.020571215,1.001207232,ros2_odometer_state
M19C_S1_lab_hard_floor_B2_U020_R2,788.291738628,8.629309495,stop,0.200000,-5.002158165,-0.155060172,1.001204491,0.039267261,-0.020572787,1.001211524,ros2_odometer_state
M19C_S1_lab_hard_floor_B2_U020_R2,788.293474152,8.631045019,stop,0.200000,-5.002158165,-0.155060172,1.001204491,0.039266385,-0.020576859,1.001215935,ros2_odometer_state
M19C_S1_lab_hard_floor_B2_U020_R2,788.296151408,8.633722275,stop,0.200000,-5.002158165,-0.155060172,1.001204491,0.039271463,-0.020578995,1.001219749,ros2_odometer_state
M19C_S1_lab_hard_floor_B2_U020_R2,788.297541094,8.635111961,stop,0.200000,-5.002158165,-0.155060172,1.001204491,0.039272834,-0.020579485,1.001223087,ros2_odometer_state
M19C_S1_lab_hard_floor_B2_U020_R2,788.299857920,8.637428787,stop,0.200000,-5.002158165,-0.155060172,1.001204491,0.039267898,-0.020576544,1.001221180,ros2_odometer_state
M19C_S1_lab_hard_floor_B2_U020_R2,788.301505696,8.639076563,stop,0.200000,-5.002158165,-0.155060172,1.001204491,0.039265387,-0.020580444,1.001218081,ros2_odometer_state
M19C_S1_lab_hard_floor_B2_U020_R2,788.303559760,8.641130627,stop,0.200000,-5.002158165,-0.155060172,1.001204491,0.039265722,-0.020578066,1.001220465,ros2_odometer_state
M19C_S1_lab_hard_floor_B2_U020_R2,788.305528732,8.643099599,stop,0.200000,-5.002158165,-0.155060172,1.001204491,0.039268702,-0.020567786,1.001227975,ros2_odometer_state
M19C_S1_lab_hard_floor_B2_U020_R2,788.307498601,8.645069468,stop,0.200000,-5.002158165,-0.155060172,1.001204491,0.039266683,-0.020563658,1.001230359,ros2_odometer_state
M19C_S1_lab_hard_floor_B2_U020_R2,788.309585754,8.647156621,stop,0.200000,-5.002158165,-0.155060172,1.001230359,0.039260488,-0.020568311,1.001230836,ros2_odometer_state
M19C_S1_lab_hard_floor_B2_U020_R2,788.311562566,8.649133433,stop,0.200000,-5.002158165,-0.155060172,1.001230359,0.039253172,-0.020576928,1.001226425,ros2_odometer_state
M19C_S1_lab_hard_floor_B2_U020_R2,788.313470033,8.651040900,stop,0.200000,-5.002158165,-0.155060172,1.001230359,0.039251313,-0.020582236,1.001225471,ros2_odometer_state
M19C_S1_lab_hard_floor_B2_U020_R2,788.316202971,8.653773838,stop,0.200000,-5.002158165,-0.155060172,1.001230359,0.039253011,-0.020585239,1.001225233,ros2_odometer_state
M19C_S1_lab_hard_floor_B2_U020_R2,788.317753975,8.655324842,stop,0.200000,-5.002158165,-0.155060172,1.001230359,0.039253011,-0.020585239,1.001225233,ros2_odometer_state
M19C_S1_lab_hard_floor_B2_U020_R2,788.318975526,8.656546393,stop,0.200000,-5.002158165,-0.155060172,1.001230359,0.039258987,-0.020590348,1.001223445,ros2_odometer_state
M19C_S1_lab_hard_floor_B2_U020_R2,788.321703184,8.659274051,stop,0.200000,-5.002158165,-0.155060172,1.001230359,0.039260525,-0.020590400,1.001226306,ros2_odometer_state
M19C_S1_lab_hard_floor_B2_U020_R2,788.322883710,8.660454577,stop,0.200000,-5.002158165,-0.155060172,1.001230359,0.039260525,-0.020590400,1.001226306,ros2_odometer_state
M19C_S1_lab_hard_floor_B2_U020_R2,788.324812969,8.662383836,stop,0.200000,-5.002158165,-0.155060172,1.001230359,0.039259788,-0.020584295,1.001228333,ros2_odometer_state
M19C_S1_lab_hard_floor_B2_U020_R2,788.327559764,8.665130631,stop,0.200000,-5.002158165,-0.155060172,1.001230359,0.039263949,-0.020562805,1.001228929,ros2_odometer_state
M19C_S1_lab_hard_floor_B2_U020_R2,788.330082198,8.667653065,stop,0.200000,-5.002158165,-0.155060172,1.001228929,0.039257273,-0.020558869,1.001233697,ros2_odometer_state
M19C_S1_lab_hard_floor_B2_U020_R2,788.330939479,8.668510346,stop,0.200000,-5.002158165,-0.155060172,1.001228929,0.039257273,-0.020558869,1.001233697,ros2_odometer_state
M19C_S1_lab_hard_floor_B2_U020_R2,788.332875298,8.670446165,stop,0.200000,-5.002158165,-0.155060172,1.001228929,0.039253403,-0.020566525,1.001242757,ros2_odometer_state
M19C_S1_lab_hard_floor_B2_U020_R2,788.335507721,8.673078588,stop,0.200000,-5.002158165,-0.155060172,1.001228929,0.039256603,-0.020570533,1.001238942,ros2_odometer_state
M19C_S1_lab_hard_floor_B2_U020_R2,788.336902847,8.674473714,stop,0.200000,-5.002158165,-0.155060172,1.001228929,0.039256714,-0.020567436,1.001228571,ros2_odometer_state
M19C_S1_lab_hard_floor_B2_U020_R2,788.339752398,8.677323265,stop,0.200000,-5.002158165,-0.155060172,1.001228929,0.039259344,-0.020560082,1.001218319,ros2_odometer_state
M19C_S1_lab_hard_floor_B2_U020_R2,788.340872729,8.678443596,stop,0.200000,-5.002158165,-0.155060172,1.001228929,0.039259344,-0.020560082,1.001218319,ros2_odometer_state
M19C_S1_lab_hard_floor_B2_U020_R2,788.343603875,8.681174742,stop,0.200000,-5.002158165,-0.155060172,1.001228929,0.039264046,-0.020555355,1.001217246,ros2_odometer_state
M19C_S1_lab_hard_floor_B2_U020_R2,788.345770807,8.683341674,stop,0.200000,-5.002158165,-0.155060172,1.001228929,0.039261319,-0.020546561,1.001217246,ros2_odometer_state
M19C_S1_lab_hard_floor_B2_U020_R2,788.347638912,8.685209779,stop,0.200000,-5.002158165,-0.155060172,1.001228929,0.039260834,-0.020538898,1.001224160,ros2_odometer_state
M19C_S1_lab_hard_floor_B2_U020_R2,788.349664399,8.687235266,stop,0.200000,-5.002158165,-0.155060172,1.001224160,0.039265025,-0.020537116,1.001231313,ros2_odometer_state
M19C_S1_lab_hard_floor_B2_U020_R2,788.351575321,8.689146188,stop,0.200000,-5.002158165,-0.155060172,1.001224160,0.039269242,-0.020532001,1.001228690,ros2_odometer_state
M19C_S1_lab_hard_floor_B2_U020_R2,788.352887596,8.690458463,stop,0.200000,-5.002158165,-0.155060172,1.001224160,0.039269242,-0.020532001,1.001228690,ros2_odometer_state
M19C_S1_lab_hard_floor_B2_U020_R2,788.356555514,8.694126381,stop,0.200000,-5.002158165,-0.155060172,1.001224160,0.039292395,-0.020540770,1.001235962,ros2_odometer_state
M19C_S1_lab_hard_floor_B2_U020_R2,788.356996204,8.694567071,stop,0.200000,-5.002158165,-0.155060172,1.001224160,0.039292395,-0.020540770,1.001235962,ros2_odometer_state
M19C_S1_lab_hard_floor_B2_U020_R2,788.358990969,8.696561836,stop,0.200000,-5.002158165,-0.155060172,1.001224160,0.039291866,-0.020539705,1.001238704,ros2_odometer_state
M19C_S1_lab_hard_floor_B2_U020_R2,788.361621375,8.699192242,stop,0.200000,-5.002158165,-0.155060172,1.001224160,0.039285641,-0.020526947,1.001233339,ros2_odometer_state
M19C_S1_lab_hard_floor_B2_U020_R2,788.363666575,8.701237442,stop,0.200000,-5.002158165,-0.155060172,1.001224160,0.039285578,-0.020527640,1.001241565,ros2_odometer_state
M19C_S1_lab_hard_floor_B2_U020_R2,788.364886142,8.702457009,stop,0.200000,-5.002158165,-0.155060172,1.001224160,0.039285578,-0.020527640,1.001241565,ros2_odometer_state
M19C_S1_lab_hard_floor_B2_U020_R2,788.366948654,8.704519521,stop,0.200000,-5.002158165,-0.155060172,1.001224160,0.039292779,-0.020530874,1.001245379,ros2_odometer_state
M19C_S1_lab_hard_floor_B2_U020_R2,788.368986813,8.706557680,stop,0.200000,-5.002158165,-0.155060172,1.001240849,0.039292850,-0.020539764,1.001240849,ros2_odometer_state
M19C_S1_lab_hard_floor_B2_U020_R2,788.371635652,8.709206519,stop,0.200000,-5.002158165,-0.155060172,1.001240849,0.039284203,-0.020535432,1.001245975,ros2_odometer_state
M19C_S1_lab_hard_floor_B2_U020_R2,788.372935095,8.710505962,stop,0.200000,-5.002158165,-0.155060172,1.001240849,0.039284203,-0.020535432,1.001245975,ros2_odometer_state
M19C_S1_lab_hard_floor_B2_U020_R2,788.375598046,8.713168913,stop,0.200000,-5.002158165,-0.155060172,1.001240849,0.039284438,-0.020540262,1.001250863,ros2_odometer_state
M19C_S1_lab_hard_floor_B2_U020_R2,788.378044477,8.715615344,stop,0.200000,-5.002158165,-0.155060172,1.001240849,0.039281767,-0.020530771,1.001264095,ros2_odometer_state
M19C_S1_lab_hard_floor_B2_U020_R2,788.379026691,8.716597558,stop,0.200000,-5.002158165,-0.155060172,1.001240849,0.039281767,-0.020530771,1.001264095,ros2_odometer_state
M19C_S1_lab_hard_floor_B2_U020_R2,788.381925076,8.719495943,stop,0.200000,-5.002158165,-0.155060172,1.001240849,0.039282776,-0.020526301,1.001265526,ros2_odometer_state
M19C_S1_lab_hard_floor_B2_U020_R2,788.383143363,8.720714230,stop,0.200000,-5.002158165,-0.155060172,1.001240849,0.039282776,-0.020526301,1.001265526,ros2_odometer_state
M19C_S1_lab_hard_floor_B2_U020_R2,788.384984299,8.722555166,stop,0.200000,-5.002158165,-0.155060172,1.001240849,0.039282758,-0.020521913,1.001262069,ros2_odometer_state
M19C_S1_lab_hard_floor_B2_U020_R2,788.386983609,8.724554476,stop,0.200000,-5.002158165,-0.155060172,1.001240849,0.039286647,-0.020519840,1.001261592,ros2_odometer_state
M19C_S1_lab_hard_floor_B2_U020_R2,788.389022504,8.726593371,stop,0.200000,-5.002158165,-0.155060172,1.001267672,0.039290544,-0.020525767,1.001267672,ros2_odometer_state
M19C_S1_lab_hard_floor_B2_U020_R2,788.390979572,8.728550439,stop,0.200000,-5.002158165,-0.155060172,1.001267672,0.039286632,-0.020520087,1.001271844,ros2_odometer_state
M19C_S1_lab_hard_floor_B2_U020_R2,788.393010051,8.730580918,stop,0.200000,-5.002158165,-0.155060172,1.001267672,0.039289415,-0.020515105,1.001271367,ros2_odometer_state
M19C_S1_lab_hard_floor_B2_U020_R2,788.395583111,8.733153978,stop,0.200000,-5.002158165,-0.155060172,1.001267672,0.039293494,-0.020519191,1.001270890,ros2_odometer_state
M19C_S1_lab_hard_floor_B2_U020_R2,788.397875776,8.735446643,stop,0.200000,-5.002158165,-0.155060172,1.001267672,0.039287344,-0.020507853,1.001283169,ros2_odometer_state
M19C_S1_lab_hard_floor_B2_U020_R2,788.399093871,8.736664738,stop,0.200000,-5.002158165,-0.155060172,1.001267672,0.039287344,-0.020507853,1.001283169,ros2_odometer_state
M19C_S1_lab_hard_floor_B2_U020_R2,788.400994649,8.738565516,stop,0.200000,-5.002158165,-0.155060172,1.001267672,0.039288681,-0.020504219,1.001278162,ros2_odometer_state
M19C_S1_lab_hard_floor_B2_U020_R2,788.403860072,8.741430939,stop,0.200000,-5.002158165,-0.155060172,1.001267672,0.039294269,-0.020499611,1.001273751,ros2_odometer_state
M19C_S1_lab_hard_floor_B2_U020_R2,788.405000117,8.742570984,stop,0.200000,-5.002158165,-0.155060172,1.001267672,0.039294269,-0.020499611,1.001273751,ros2_odometer_state
M19C_S1_lab_hard_floor_B2_U020_R2,788.407013603,8.744584470,stop,0.200000,-5.002158165,-0.155060172,1.001267672,0.039297592,-0.020496260,1.001274705,ros2_odometer_state
M19C_S1_lab_hard_floor_B2_U020_R2,788.410606446,8.748177313,stop,0.200000,-5.002158165,-0.155060172,1.001279593,0.039299723,-0.020493580,1.001283646,ros2_odometer_state
M19C_S1_lab_hard_floor_B2_U020_R2,788.411331147,8.748902014,stop,0.200000,-5.002158165,-0.155060172,1.001279593,0.039299723,-0.020493580,1.001283646,ros2_odometer_state
M19C_S1_lab_hard_floor_B2_U020_R2,788.413051981,8.750622848,stop,0.200000,-5.002158165,-0.155060172,1.001279593,0.039292756,-0.020493595,1.001281977,ros2_odometer_state
M19C_S1_lab_hard_floor_B2_U020_R2,788.415684884,8.753255751,stop,0.200000,-5.002158165,-0.155060172,1.001279593,0.039294753,-0.020494992,1.001281619,ros2_odometer_state
M19C_S1_lab_hard_floor_B2_U020_R2,788.417954028,8.755524895,stop,0.200000,-5.002158165,-0.155060172,1.001279593,0.039295822,-0.020484542,1.001281381,ros2_odometer_state
M19C_S1_lab_hard_floor_B2_U020_R2,788.419891191,8.757462058,stop,0.200000,-5.002158165,-0.155060172,1.001279593,0.039300971,-0.020478422,1.001285553,ros2_odometer_state
M19C_S1_lab_hard_floor_B2_U020_R2,788.422051883,8.759622750,stop,0.200000,-5.002158165,-0.155060172,1.001279593,0.039302740,-0.020475199,1.001291394,ros2_odometer_state
M19C_S1_lab_hard_floor_B2_U020_R2,788.423153846,8.760724713,stop,0.200000,-5.002158165,-0.155060172,1.001279593,0.039302740,-0.020475199,1.001291394,ros2_odometer_state
M19C_S1_lab_hard_floor_B2_U020_R2,788.425026783,8.762597650,stop,0.200000,-5.002158165,-0.155060172,1.001279593,0.039302088,-0.020472324,1.001291871,ros2_odometer_state
M19C_S1_lab_hard_floor_B2_U020_R2,788.427061262,8.764632129,stop,0.200000,-5.002158165,-0.155060172,1.001279593,0.039307296,-0.020472620,1.001290202,ros2_odometer_state
M19C_S1_lab_hard_floor_B2_U020_R2,788.429969183,8.767540050,stop,0.200000,-5.002158165,-0.155060172,1.001289010,0.039313372,-0.020469451,1.001291394,ros2_odometer_state
M19C_S1_lab_hard_floor_B2_U020_R2,788.431110603,8.768681470,stop,0.200000,-5.002158165,-0.155060172,1.001289010,0.039313372,-0.020469451,1.001291394,ros2_odometer_state
M19C_S1_lab_hard_floor_B2_U020_R2,788.433076055,8.770646922,stop,0.200000,-5.002158165,-0.155060172,1.001289010,0.039311592,-0.020464566,1.001293540,ros2_odometer_state
M19C_S1_lab_hard_floor_B2_U020_R2,788.435742687,8.773313554,stop,0.200000,-5.002158165,-0.155060172,1.001289010,0.039313793,-0.020468682,1.001294255,ros2_odometer_state
M19C_S1_lab_hard_floor_B2_U020_R2,788.437284283,8.774855150,stop,0.200000,-5.002158165,-0.155060172,1.001289010,0.039318863,-0.020470059,1.001286983,ros2_odometer_state
M19C_S1_lab_hard_floor_B2_U020_R2,788.439908641,8.777479508,stop,0.200000,-5.002158165,-0.155060172,1.001289010,0.039327063,-0.020459719,1.001291156,ros2_odometer_state
M19C_S1_lab_hard_floor_B2_U020_R2,788.441773289,8.779344156,stop,0.200000,-5.002158165,-0.155060172,1.001289010,0.039332330,-0.020458113,1.001287818,ros2_odometer_state
M19C_S1_lab_hard_floor_B2_U020_R2,788.443820505,8.781391372,stop,0.200000,-5.002158165,-0.155060172,1.001289010,0.039332118,-0.020463802,1.001288176,ros2_odometer_state
M19C_S1_lab_hard_floor_B2_U020_R2,788.446258071,8.783828938,stop,0.200000,-5.002158165,-0.155060172,1.001289010,0.039326064,-0.020474156,1.001286387,ros2_odometer_state
M19C_S1_lab_hard_floor_B2_U020_R2,788.449266604,8.786837471,stop,0.200000,-5.002158165,-0.155060172,1.001289010,0.039321363,-0.020472432,1.001284361,ros2_odometer_state
M19C_S1_lab_hard_floor_B2_U020_R2,788.450218705,8.787789572,stop,0.200000,-5.002158165,-0.155060172,1.001284361,0.039325040,-0.020468129,1.001281977,ros2_odometer_state
M19C_S1_lab_hard_floor_B2_U020_R2,788.451084723,8.788655590,stop,0.200000,-5.002158165,-0.155060172,1.001284361,0.039325040,-0.020468129,1.001281977,ros2_odometer_state
M19C_S1_lab_hard_floor_B2_U020_R2,788.453107970,8.790678837,stop,0.200000,-5.002158165,-0.155060172,1.001284361,0.039323170,-0.020465288,1.001276374,ros2_odometer_state
M19C_S1_lab_hard_floor_B2_U020_R2,788.456520582,8.794091449,stop,0.200000,-5.002158165,-0.155060172,1.001284361,0.039313283,-0.020469293,1.001287580,ros2_odometer_state
M19C_S1_lab_hard_floor_B2_U020_R2,788.457953790,8.795524657,stop,0.200000,-5.002158165,-0.155060172,1.001284361,0.039316200,-0.020471467,1.001284361,ros2_odometer_state
M19C_S1_lab_hard_floor_B2_U020_R2,788.459959308,8.797530175,stop,0.200000,-5.002158165,-0.155060172,1.001284361,0.039311137,-0.020478031,1.001275539,ros2_odometer_state
M19C_S1_lab_hard_floor_B2_U020_R2,788.461114777,8.798685644,stop,0.200000,-5.002158165,-0.155060172,1.001284361,0.039311137,-0.020478031,1.001275539,ros2_odometer_state
M19C_S1_lab_hard_floor_B2_U020_R2,788.463928358,8.801499225,stop,0.200000,-5.002158165,-0.155060172,1.001284361,0.039289754,-0.020486975,1.001266837,ros2_odometer_state
M19C_S1_lab_hard_floor_B2_U020_R2,788.466089466,8.803660333,stop,0.200000,-5.002158165,-0.155060172,1.001284361,0.039287146,-0.020491859,1.001267672,ros2_odometer_state
M19C_S1_lab_hard_floor_B2_U020_R2,788.467132610,8.804703477,stop,0.200000,-5.002158165,-0.155060172,1.001284361,0.039287146,-0.020491859,1.001267672,ros2_odometer_state
M19C_S1_lab_hard_floor_B2_U020_R2,788.470253820,8.807824687,stop,0.200000,-5.002158165,-0.155060172,1.001267433,0.039272040,-0.020528065,1.001279593,ros2_odometer_state
M19C_S1_lab_hard_floor_B2_U020_R2,788.471224673,8.808795540,stop,0.200000,-5.002158165,-0.155060172,1.001267433,0.039272040,-0.020528065,1.001279593,ros2_odometer_state
M19C_S1_lab_hard_floor_B2_U020_R2,788.473258672,8.810829539,stop,0.200000,-5.002158165,-0.155060172,1.001267433,0.039273586,-0.020548452,1.001294136,ros2_odometer_state
M19C_S1_lab_hard_floor_B2_U020_R2,788.475751569,8.813322436,stop,0.200000,-5.002158165,-0.155060172,1.001267433,0.039277900,-0.020577032,1.001308918,ros2_odometer_state
M19C_S1_lab_hard_floor_B2_U020_R2,788.478223793,8.815794660,stop,0.200000,-5.002158165,-0.155060172,1.001267433,0.039264657,-0.020649584,1.001355410,ros2_odometer_state
M19C_S1_lab_hard_floor_B2_U020_R2,788.479406335,8.816977202,stop,0.200000,-5.002158165,-0.155060172,1.001267433,0.039264657,-0.020649584,1.001355410,ros2_odometer_state
M19C_S1_lab_hard_floor_B2_U020_R2,788.481284872,8.818855739,stop,0.200000,-5.002158165,-0.155060172,1.001267433,0.039267879,-0.020688474,1.001391172,ros2_odometer_state
M19C_S1_lab_hard_floor_B2_U020_R2,788.484256732,8.821827599,stop,0.200000,-5.002158165,-0.155060172,1.001267433,0.039274387,-0.020801580,1.001488209,ros2_odometer_state
M19C_S1_lab_hard_floor_B2_U020_R2,788.485283652,8.822854519,stop,0.200000,-5.002158165,-0.155060172,1.001267433,0.039274387,-0.020801580,1.001488209,ros2_odometer_state
M19C_S1_lab_hard_floor_B2_U020_R2,788.487284145,8.824855012,stop,0.200000,-5.002158165,-0.155060172,1.001267433,0.039274499,-0.020864660,1.001544952,ros2_odometer_state
M19C_S1_lab_hard_floor_B2_U020_R2,788.489397187,8.826968054,stop,0.200000,-5.002158165,-0.155060172,1.001617312,0.039277952,-0.020938722,1.001617312,ros2_odometer_state
M19C_S1_lab_hard_floor_B2_U020_R2,788.491234379,8.828805246,stop,0.200000,-5.002158165,-0.155060172,1.001617312,0.039288219,-0.021021796,1.001699567,ros2_odometer_state
M19C_S1_lab_hard_floor_B2_U020_R2,788.493302683,8.830873550,stop,0.200000,-5.002158165,-0.155060172,1.001617312,0.039294157,-0.021111993,1.001787543,ros2_odometer_state
M19C_S1_lab_hard_floor_B2_U020_R2,788.496651581,8.834222448,stop,0.200000,-5.002158165,-0.155060172,1.001617312,0.039319314,-0.021290740,1.001975179,ros2_odometer_state
M19C_S1_lab_hard_floor_B2_U020_R2,788.498012690,8.835583557,stop,0.200000,-5.002158165,-0.155060172,1.001617312,0.039328653,-0.021371681,1.002077222,ros2_odometer_state
M19C_S1_lab_hard_floor_B2_U020_R2,788.499184608,8.836755475,stop,0.200000,-5.002158165,-0.155060172,1.001617312,0.039328653,-0.021371681,1.002077222,ros2_odometer_state
M19C_S1_lab_hard_floor_B2_U020_R2,788.501162637,8.838733504,stop,0.200000,-5.002158165,-0.155060172,1.001617312,0.039333515,-0.021456849,1.002194762,ros2_odometer_state
M19C_S1_lab_hard_floor_B2_U020_R2,788.503160986,8.840731853,stop,0.200000,-5.002158165,-0.155060172,1.001617312,0.039335590,-0.021542843,1.002313852,ros2_odometer_state
M19C_S1_lab_hard_floor_B2_U020_R2,788.505168936,8.842739803,stop,0.200000,-5.002158165,-0.155060172,1.001617312,0.039336003,-0.021623036,1.002428651,ros2_odometer_state
M19C_S1_lab_hard_floor_B2_U020_R2,788.507187735,8.844758602,stop,0.200000,-5.002158165,-0.155060172,1.001617312,0.039329354,-0.021697666,1.002552032,ros2_odometer_state
M19C_S1_lab_hard_floor_B2_U020_R2,788.510700447,8.848271314,stop,0.200000,-5.002158165,-0.155060172,1.002693057,0.039287265,-0.021880979,1.002836823,ros2_odometer_state
M19C_S1_lab_hard_floor_B2_U020_R2,788.511541856,8.849112723,stop,0.200000,-5.002158165,-0.155060172,1.002693057,0.039287265,-0.021880979,1.002836823,ros2_odometer_state
M19C_S1_lab_hard_floor_B2_U020_R2,788.513248930,8.850819797,stop,0.200000,-5.002158165,-0.155060172,1.002693057,0.039262600,-0.021989090,1.002961636,ros2_odometer_state
M19C_S1_lab_hard_floor_B2_U020_R2,788.515882056,8.853452923,stop,0.200000,-5.002158165,-0.155060172,1.002693057,0.039239258,-0.022107687,1.003073215,ros2_odometer_state
M19C_S1_lab_hard_floor_B2_U020_R2,788.517319520,8.854890387,stop,0.200000,-5.002158165,-0.155060172,1.002693057,0.039212849,-0.022249814,1.003191113,ros2_odometer_state
M19C_S1_lab_hard_floor_B2_U020_R2,788.519353583,8.856924450,stop,0.200000,-5.002158165,-0.155060172,1.002693057,0.039184675,-0.022411488,1.003306150,ros2_odometer_state
M19C_S1_lab_hard_floor_B2_U020_R2,788.521280442,8.858851309,stop,0.200000,-5.002158165,-0.155060172,1.002693057,0.039161514,-0.022582917,1.003409028,ros2_odometer_state
M19C_S1_lab_hard_floor_B2_U020_R2,788.523261959,8.860832826,stop,0.200000,-5.002158165,-0.155060172,1.002693057,0.039131783,-0.022741988,1.003493428,ros2_odometer_state
M19C_S1_lab_hard_floor_B2_U020_R2,788.525244244,8.862815111,stop,0.200000,-5.002158165,-0.155060172,1.002693057,0.039095506,-0.022892997,1.003573418,ros2_odometer_state
M19C_S1_lab_hard_floor_B2_U020_R2,788.527273155,8.864844022,stop,0.200000,-5.002158165,-0.155060172,1.002693057,0.039060455,-0.023040205,1.003658056,ros2_odometer_state
M19C_S1_lab_hard_floor_B2_U020_R2,788.530328154,8.867899021,stop,0.200000,-5.002158165,-0.155060172,1.003743052,0.038997401,-0.023341995,1.003813982,ros2_odometer_state
M19C_S1_lab_hard_floor_B2_U020_R2,788.531464166,8.869035033,stop,0.200000,-5.002158165,-0.155060172,1.003743052,0.038997401,-0.023341995,1.003813982,ros2_odometer_state
M19C_S1_lab_hard_floor_B2_U020_R2,788.533342383,8.870913250,stop,0.200000,-5.002158165,-0.155060172,1.003743052,0.038961660,-0.023488602,1.003867865,ros2_odometer_state
M19C_S1_lab_hard_floor_B2_U020_R2,788.535869809,8.873440676,stop,0.200000,-5.002158165,-0.155060172,1.003743052,0.038920078,-0.023629826,1.003916383,ros2_odometer_state
M19C_S1_lab_hard_floor_B2_U020_R2,788.538110536,8.875681403,stop,0.200000,-5.002158165,-0.155060172,1.003743052,0.038860001,-0.023893148,1.004019618,ros2_odometer_state
M19C_S1_lab_hard_floor_B2_U020_R2,788.539320855,8.876891722,stop,0.200000,-5.002158165,-0.155060172,1.003743052,0.038860001,-0.023893148,1.004019618,ros2_odometer_state
M19C_S1_lab_hard_floor_B2_U020_R2,788.541492011,8.879062878,stop,0.200000,-5.002158165,-0.155060172,1.003743052,0.038838215,-0.024021517,1.004058003,ros2_odometer_state
M19C_S1_lab_hard_floor_B2_U020_R2,788.543300754,8.880871621,stop,0.200000,-5.002158165,-0.155060172,1.003743052,0.038806774,-0.024151526,1.004088283,ros2_odometer_state
M19C_S1_lab_hard_floor_B2_U020_R2,788.546444716,8.884015583,stop,0.200000,-5.002158165,-0.155060172,1.003743052,0.038742293,-0.024379155,1.004170418,ros2_odometer_state
M19C_S1_lab_hard_floor_B2_U020_R2,788.547466227,8.885037094,stop,0.200000,-5.002158165,-0.155060172,1.003743052,0.038742293,-0.024379155,1.004170418,ros2_odometer_state
M19C_S1_lab_hard_floor_B2_U020_R2,788.549482690,8.887053557,stop,0.200000,-5.002158165,-0.155060172,1.004223704,0.038718868,-0.024473671,1.004223704,ros2_odometer_state
M19C_S1_lab_hard_floor_B2_U020_R2,788.551402732,8.888973599,stop,0.200000,-5.002158165,-0.155060172,1.004223704,0.038688209,-0.024555249,1.004281998,ros2_odometer_state
M19C_S1_lab_hard_floor_B2_U020_R2,788.553385177,8.890956044,stop,0.200000,-5.002158165,-0.155060172,1.004223704,0.038665172,-0.024627499,1.004342318,ros2_odometer_state
M19C_S1_lab_hard_floor_B2_U020_R2,788.556758780,8.894329647,stop,0.200000,-5.002158165,-0.155060172,1.004223704,0.038617972,-0.024735574,1.004486680,ros2_odometer_state
M19C_S1_lab_hard_floor_B2_U020_R2,788.557298545,8.894869412,stop,0.200000,-5.002158165,-0.155060172,1.004223704,0.038617972,-0.024735574,1.004486680,ros2_odometer_state
M19C_S1_lab_hard_floor_B2_U020_R2,788.560079165,8.897650032,stop,0.200000,-5.002158165,-0.155060172,1.004223704,0.038581267,-0.024768598,1.004648805,ros2_odometer_state
M19C_S1_lab_hard_floor_B2_U020_R2,788.562109708,8.899680575,stop,0.200000,-5.002158165,-0.155060172,1.004223704,0.038566504,-0.024770819,1.004722953,ros2_odometer_state
M19C_S1_lab_hard_floor_B2_U020_R2,788.564160796,8.901731663,stop,0.200000,-5.002158165,-0.155060172,1.004223704,0.038554244,-0.024761893,1.004781604,ros2_odometer_state
M19C_S1_lab_hard_floor_B2_U020_R2,788.566348433,8.903919300,stop,0.200000,-5.002158165,-0.155060172,1.004223704,0.038545191,-0.024745416,1.004832149,ros2_odometer_state
M19C_S1_lab_hard_floor_B2_U020_R2,788.567607746,8.905178613,stop,0.200000,-5.002158165,-0.155060172,1.004223704,0.038545191,-0.024745416,1.004832149,ros2_odometer_state
M19C_S1_lab_hard_floor_B2_U020_R2,788.569409896,8.906980763,stop,0.200000,-5.002158165,-0.155060172,1.004876256,0.038541626,-0.024731662,1.004876256,ros2_odometer_state
M19C_S1_lab_hard_floor_B2_U020_R2,788.571293041,8.908863908,stop,0.200000,-5.002158165,-0.155060172,1.004876256,0.038544737,-0.024713770,1.004910946,ros2_odometer_state
M19C_S1_lab_hard_floor_B2_U020_R2,788.573550249,8.911121116,stop,0.200000,-5.002158165,-0.155060172,1.004876256,0.038547792,-0.024696238,1.004935026,ros2_odometer_state
M19C_S1_lab_hard_floor_B2_U020_R2,788.575960999,8.913531866,stop,0.200000,-5.002158165,-0.155060172,1.004876256,0.038545124,-0.024695350,1.004950285,ros2_odometer_state
M19C_S1_lab_hard_floor_B2_U020_R2,788.578819286,8.916390153,stop,0.200000,-5.002158165,-0.155060172,1.004876256,0.038543250,-0.024719620,1.004959941,ros2_odometer_state
M19C_S1_lab_hard_floor_B2_U020_R2,788.579445102,8.917015969,stop,0.200000,-5.002158165,-0.155060172,1.004876256,0.038543250,-0.024719620,1.004959941,ros2_odometer_state
M19C_S1_lab_hard_floor_B2_U020_R2,788.585342227,8.922913094,stop,0.200000,-5.002158165,-0.155060172,1.004876256,0.038554344,-0.024774194,1.004950523,ros2_odometer_state
M19C_S1_lab_hard_floor_B2_U020_R2,788.586232054,8.923802921,stop,0.200000,-5.002158165,-0.155060172,1.004876256,0.038558293,-0.024807293,1.004935145,ros2_odometer_state
M19C_S1_lab_hard_floor_B2_U020_R2,788.587061910,8.924632777,stop,0.200000,-5.002158165,-0.155060172,1.004876256,0.038567264,-0.024842091,1.004920602,ros2_odometer_state
M19C_S1_lab_hard_floor_B2_U020_R2,788.587563145,8.925134012,stop,0.200000,-5.002158165,-0.155060172,1.004876256,0.038567264,-0.024842091,1.004920602,ros2_odometer_state
M19C_S1_lab_hard_floor_B2_U020_R2,788.589425138,8.926996005,stop,0.200000,-5.002158165,-0.155060172,1.004911065,0.038576253,-0.024889151,1.004911065,ros2_odometer_state
M19C_S1_lab_hard_floor_B2_U020_R2,788.592331683,8.929902550,stop,0.200000,-5.002158165,-0.155060172,1.004911065,0.038592789,-0.025005698,1.004861832,ros2_odometer_state
M19C_S1_lab_hard_floor_B2_U020_R2,788.594269870,8.931840737,stop,0.200000,-5.002158165,-0.155060172,1.004911065,0.038596816,-0.025067732,1.004823565,ros2_odometer_state
M19C_S1_lab_hard_floor_B2_U020_R2,788.596897652,8.934468519,stop,0.200000,-5.002158165,-0.155060172,1.004911065,0.038595658,-0.025139399,1.004786372,ros2_odometer_state
M19C_S1_lab_hard_floor_B2_U020_R2,788.597408200,8.934979067,stop,0.200000,-5.002158165,-0.155060172,1.004911065,0.038595658,-0.025139399,1.004786372,ros2_odometer_state
M19C_S1_lab_hard_floor_B2_U020_R2,788.599578204,8.937149071,stop,0.200000,-5.002158165,-0.155060172,1.004911065,0.038602293,-0.025213327,1.004745126,ros2_odometer_state
M19C_S1_lab_hard_floor_B2_U020_R2,788.601495079,8.939065946,stop,0.200000,-5.002158165,-0.155060172,1.004911065,0.038609095,-0.025292862,1.004696965,ros2_odometer_state
M19C_S1_lab_hard_floor_B2_U020_R2,788.604219888,8.941790755,stop,0.200000,-5.002158165,-0.155060172,1.004911065,0.038617123,-0.025445966,1.004591346,ros2_odometer_state
M19C_S1_lab_hard_floor_B2_U020_R2,788.606190525,8.943761392,stop,0.200000,-5.002158165,-0.155060172,1.004911065,0.038619056,-0.025513658,1.004530668,ros2_odometer_state
M19C_S1_lab_hard_floor_B2_U020_R2,788.608270126,8.945840993,stop,0.200000,-5.002158165,-0.155060172,1.004911065,0.038616914,-0.025580758,1.004470825,ros2_odometer_state
M19C_S1_lab_hard_floor_B2_U020_R2,788.609490397,8.947061264,stop,0.200000,-5.002158165,-0.155060172,1.004470825,0.038616914,-0.025580758,1.004470825,ros2_odometer_state
M19C_S1_lab_hard_floor_B2_U020_R2,788.611381575,8.948952442,stop,0.200000,-5.002158165,-0.155060172,1.004470825,0.038613237,-0.025649054,1.004400849,ros2_odometer_state
M19C_S1_lab_hard_floor_B2_U020_R2,788.613567932,8.951138799,stop,0.200000,-5.002158165,-0.155060172,1.004470825,0.038614314,-0.025710134,1.004331112,ros2_odometer_state
M19C_S1_lab_hard_floor_B2_U020_R2,788.617019138,8.954590005,stop,0.200000,-5.002158165,-0.155060172,1.004470825,0.038616586,-0.025832066,1.004196405,ros2_odometer_state
M19C_S1_lab_hard_floor_B2_U020_R2,788.617382768,8.954953635,stop,0.200000,-5.002158165,-0.155060172,1.004470825,0.038616586,-0.025832066,1.004196405,ros2_odometer_state
M19C_S1_lab_hard_floor_B2_U020_R2,788.620280992,8.957851859,stop,0.200000,-5.002158165,-0.155060172,1.004470825,0.038624518,-0.025953654,1.004079342,ros2_odometer_state
M19C_S1_lab_hard_floor_B2_U020_R2,788.622441812,8.960012679,stop,0.200000,-5.002158165,-0.155060172,1.004470825,0.038617652,-0.026014568,1.004019737,ros2_odometer_state
M19C_S1_lab_hard_floor_B2_U020_R2,788.623531903,8.961102770,stop,0.200000,-5.002158165,-0.155060172,1.004470825,0.038617652,-0.026014568,1.004019737,ros2_odometer_state
M19C_S1_lab_hard_floor_B2_U020_R2,788.625521164,8.963092031,stop,0.200000,-5.002158165,-0.155060172,1.004470825,0.038610704,-0.026074212,1.003966212,ros2_odometer_state
M19C_S1_lab_hard_floor_B2_U020_R2,788.628354650,8.965925517,stop,0.200000,-5.002158165,-0.155060172,1.004470825,0.038588338,-0.026161771,1.003824353,ros2_odometer_state
M19C_S1_lab_hard_floor_B2_U020_R2,788.630300742,8.967871609,stop,0.200000,-5.002158165,-0.155060172,1.003824353,0.038576595,-0.026199574,1.003749967,ros2_odometer_state
M19C_S1_lab_hard_floor_B2_U020_R2,788.631389488,8.968960355,stop,0.200000,-5.002158165,-0.155060172,1.003824353,0.038576595,-0.026199574,1.003749967,ros2_odometer_state
M19C_S1_lab_hard_floor_B2_U020_R2,788.633425919,8.970996786,stop,0.200000,-5.002158165,-0.155060172,1.003824353,0.038563378,-0.026234470,1.003664136,ros2_odometer_state
M19C_S1_lab_hard_floor_B2_U020_R2,788.636035396,8.973606263,stop,0.200000,-5.002158165,-0.155060172,1.003824353,0.038544718,-0.026263298,1.003564000,ros2_odometer_state
M19C_S1_lab_hard_floor_B2_U020_R2,788.637450907,8.975021774,stop,0.200000,-5.002158165,-0.155060172,1.003824353,0.038522325,-0.026269136,1.003453016,ros2_odometer_state
M19C_S1_lab_hard_floor_B2_U020_R2,788.640269865,8.977840732,stop,0.200000,-5.002158165,-0.155060172,1.003824353,0.038485672,-0.026238631,1.003220558,ros2_odometer_state
M19C_S1_lab_hard_floor_B2_U020_R2,788.642612068,8.980182935,stop,0.200000,-5.002158165,-0.155060172,1.003824353,0.038472190,-0.026187737,1.003117442,ros2_odometer_state
M19C_S1_lab_hard_floor_B2_U020_R2,788.643562729,8.981133596,stop,0.200000,-5.002158165,-0.155060172,1.003824353,0.038472190,-0.026187737,1.003117442,ros2_odometer_state
M19C_S1_lab_hard_floor_B2_U020_R2,788.645623321,8.983194188,stop,0.200000,-5.002158165,-0.155060172,1.003824353,0.038454380,-0.026118835,1.002990961,ros2_odometer_state
M19C_S1_lab_hard_floor_B2_U020_R2,788.647478209,8.985049076,stop,0.200000,-5.002158165,-0.155060172,1.003824353,0.038436774,-0.026035208,1.002852082,ros2_odometer_state
M19C_S1_lab_hard_floor_B2_U020_R2,788.649592531,8.987163398,stop,0.200000,-5.002158165,-0.155060172,1.002711296,0.038420618,-0.025940092,1.002711296,ros2_odometer_state
M19C_S1_lab_hard_floor_B2_U020_R2,788.651415994,8.988986861,stop,0.200000,-5.002158165,-0.155060172,1.002711296,0.038395319,-0.025833447,1.002549529,ros2_odometer_state
M19C_S1_lab_hard_floor_B2_U020_R2,788.653405031,8.990975898,stop,0.200000,-5.002158165,-0.155060172,1.002711296,0.038367402,-0.025709718,1.002377391,ros2_odometer_state
M19C_S1_lab_hard_floor_B2_U020_R2,788.656078799,8.993649666,stop,0.200000,-5.002158165,-0.155060172,1.002711296,0.038338363,-0.025575118,1.002195239,ros2_odometer_state
M19C_S1_lab_hard_floor_B2_U020_R2,788.658230243,8.995801110,stop,0.200000,-5.002158165,-0.155060172,1.002711296,0.038277790,-0.025330583,1.001811385,ros2_odometer_state
M19C_S1_lab_hard_floor_B2_U020_R2,788.660222704,8.997793571,stop,0.200000,-5.002158165,-0.155060172,1.002711296,0.038239174,-0.025206940,1.001612663,ros2_odometer_state
M19C_S1_lab_hard_floor_B2_U020_R2,788.661692969,8.999263836,stop,0.200000,-5.002158165,-0.155060172,1.002711296,0.038239174,-0.025206940,1.001612663,ros2_odometer_state
M19C_S1_lab_hard_floor_B2_U020_R2,788.664962664,9.002533531,stop,0.200000,-5.002158165,-0.155060172,1.002711296,0.038169999,-0.024947237,1.001233459,ros2_odometer_state
M19C_S1_lab_hard_floor_B2_U020_R2,788.665792233,9.003363100,stop,0.200000,-5.002158165,-0.155060172,1.002711296,0.038169999,-0.024947237,1.001233459,ros2_odometer_state
M19C_S1_lab_hard_floor_B2_U020_R2,788.667486954,9.005057821,stop,0.200000,-5.002158165,-0.155060172,1.002711296,0.038130593,-0.024815116,1.001024008,ros2_odometer_state
M19C_S1_lab_hard_floor_B2_U020_R2,788.670231925,9.007802792,stop,0.200000,-5.002158165,-0.155060172,1.000796676,0.038058635,-0.024586337,1.000552654,ros2_odometer_state
M19C_S1_lab_hard_floor_B2_U020_R2,788.671460741,9.009031608,stop,0.200000,-5.002158165,-0.155060172,1.000796676,0.038058635,-0.024586337,1.000552654,ros2_odometer_state
M19C_S1_lab_hard_floor_B2_U020_R2,788.674206511,9.011777378,stop,0.200000,-5.002158165,-0.155060172,1.000796676,0.037976306,-0.024325127,1.000090599,ros2_odometer_state
M19C_S1_lab_hard_floor_B2_U020_R2,788.676252831,9.013823698,stop,0.200000,-5.002158165,-0.155060172,1.000796676,0.037976306,-0.024325127,1.000090599,ros2_odometer_state
M19C_S1_lab_hard_floor_B2_U020_R2,788.679247571,9.016818438,stop,0.200000,-5.002158165,-0.155060172,1.000796676,0.037925396,-0.024032442,0.999694824,ros2_odometer_state
M19C_S1_lab_hard_floor_B2_U020_R2,788.679746311,9.017317178,stop,0.200000,-5.002158165,-0.155060172,1.000796676,0.037925396,-0.024032442,0.999694824,ros2_odometer_state
M19C_S1_lab_hard_floor_B2_U020_R2,788.681532684,9.019103551,stop,0.200000,-5.002158165,-0.155060172,1.000796676,0.037915252,-0.023861906,0.999535084,ros2_odometer_state
M19C_S1_lab_hard_floor_B2_U020_R2,788.683604765,9.021175632,stop,0.200000,-5.002158165,-0.155060172,1.000796676,0.037914719,-0.023682406,0.999404848,ros2_odometer_state
M19C_S1_lab_hard_floor_B2_U020_R2,788.686344839,9.023915706,stop,0.200000,-5.002158165,-0.155060172,1.000796676,0.037918366,-0.023294846,0.999172032,ros2_odometer_state
M19C_S1_lab_hard_floor_B2_U020_R2,788.687542294,9.025113161,stop,0.200000,-5.002158165,-0.155060172,1.000796676,0.037918366,-0.023294846,0.999172032,ros2_odometer_state
M19C_S1_lab_hard_floor_B2_U020_R2,788.689561924,9.027132791,stop,0.200000,-5.002158165,-0.155060172,0.999075651,0.037917159,-0.023103554,0.999075651,ros2_odometer_state
M19C_S1_lab_hard_floor_B2_U020_R2,788.691507888,9.029078755,stop,0.200000,-5.002158165,-0.155060172,0.999075651,0.037914760,-0.022900291,0.998996913,ros2_odometer_state
M19C_S1_lab_hard_floor_B2_U020_R2,788.693489469,9.031060336,stop,0.200000,-5.002158165,-0.155060172,0.999075651,0.037916895,-0.022693379,0.998932779,ros2_odometer_state
M19C_S1_lab_hard_floor_B2_U020_R2,788.696942499,9.034513366,stop,0.200000,-5.002158165,-0.155060172,0.999075651,0.037927315,-0.022288239,0.998857558,ros2_odometer_state
M19C_S1_lab_hard_floor_B2_U020_R2,788.698234453,9.035805320,stop,0.200000,-5.002158165,-0.155060172,0.999075651,0.037913878,-0.022082150,0.998840630,ros2_odometer_state
M19C_S1_lab_hard_floor_B2_U020_R2,788.699548200,9.037119067,stop,0.200000,-5.002158165,-0.155060172,0.999075651,0.037913878,-0.022082150,0.998840630,ros2_odometer_state
M19C_S1_lab_hard_floor_B2_U020_R2,788.701552790,9.039123657,stop,0.200000,-5.002158165,-0.155060172,0.999075651,0.037904322,-0.021875942,0.998847783,ros2_odometer_state
M19C_S1_lab_hard_floor_B2_U020_R2,788.703484929,9.041055796,stop,0.200000,-5.002158165,-0.155060172,0.999075651,0.037897382,-0.021675590,0.998865485,ros2_odometer_state
M19C_S1_lab_hard_floor_B2_U020_R2,788.705496591,9.043067458,stop,0.200000,-5.002158165,-0.155060172,0.999075651,0.037889913,-0.021476839,0.998883665,ros2_odometer_state
M19C_S1_lab_hard_floor_B2_U020_R2,788.707780392,9.045351259,stop,0.200000,-5.002158165,-0.155060172,0.999075651,0.037876159,-0.021277538,0.998908877,ros2_odometer_state
M19C_S1_lab_hard_floor_B2_U020_R2,788.710302410,9.047873277,stop,0.200000,-5.002158165,-0.155060172,0.998941183,0.037820619,-0.020914800,0.998980403,ros2_odometer_state
M19C_S1_lab_hard_floor_B2_U020_R2,788.711489496,9.049060363,stop,0.200000,-5.002158165,-0.155060172,0.998941183,0.037820619,-0.020914800,0.998980403,ros2_odometer_state
M19C_S1_lab_hard_floor_B2_U020_R2,788.713510982,9.051081849,stop,0.200000,-5.002158165,-0.155060172,0.998941183,0.037784446,-0.020742361,0.999038458,ros2_odometer_state
M19C_S1_lab_hard_floor_B2_U020_R2,788.716223248,9.053794115,stop,0.200000,-5.002158165,-0.155060172,0.998941183,0.037733641,-0.020574832,0.999100566,ros2_odometer_state
M19C_S1_lab_hard_floor_B2_U020_R2,788.718499720,9.056070587,stop,0.200000,-5.002158165,-0.155060172,0.998941183,0.037625108,-0.020244164,0.999241352,ros2_odometer_state
M19C_S1_lab_hard_floor_B2_U020_R2,788.720502870,9.058073737,stop,0.200000,-5.002158165,-0.155060172,0.998941183,0.037576038,-0.020091906,0.999316096,ros2_odometer_state
M19C_S1_lab_hard_floor_B2_U020_R2,788.722447074,9.060017941,stop,0.200000,-5.002158165,-0.155060172,0.998941183,0.037534297,-0.019954098,0.999392927,ros2_odometer_state
M19C_S1_lab_hard_floor_B2_U020_R2,788.723584238,9.061155105,stop,0.200000,-5.002158165,-0.155060172,0.998941183,0.037534297,-0.019954098,0.999392927,ros2_odometer_state
M19C_S1_lab_hard_floor_B2_U020_R2,788.726351481,9.063922348,stop,0.200000,-5.002158165,-0.155060172,0.998941183,0.037465271,-0.019684415,0.999562442,ros2_odometer_state
M19C_S1_lab_hard_floor_B2_U020_R2,788.728421386,9.065992253,stop,0.200000,-5.002158165,-0.155060172,0.998941183,0.037427809,-0.019557256,0.999671757,ros2_odometer_state
M19C_S1_lab_hard_floor_B2_U020_R2,788.730488154,9.068059021,stop,0.200000,-5.002158165,-0.155060172,0.999671757,0.037389189,-0.019433180,0.999783516,ros2_odometer_state
M19C_S1_lab_hard_floor_B2_U020_R2,788.732417189,9.069988056,stop,0.200000,-5.002158165,-0.155060172,0.999671757,0.037349727,-0.019309921,0.999888480,ros2_odometer_state
M19C_S1_lab_hard_floor_B2_U020_R2,788.734387058,9.071957925,stop,0.200000,-5.002158165,-0.155060172,0.999671757,0.037301324,-0.019193534,0.999994874,ros2_odometer_state
M19C_S1_lab_hard_floor_B2_U020_R2,788.737020216,9.074591083,stop,0.200000,-5.002158165,-0.155060172,0.999671757,0.037247390,-0.019086955,1.000106692,ros2_odometer_state
M19C_S1_lab_hard_floor_B2_U020_R2,788.737780949,9.075351816,stop,0.200000,-5.002158165,-0.155060172,0.999671757,0.037247390,-0.019086955,1.000106692,ros2_odometer_state
M19C_S1_lab_hard_floor_B2_U020_R2,788.739696192,9.077267059,stop,0.200000,-5.002158165,-0.155060172,0.999671757,0.037196606,-0.018997038,1.000220180,ros2_odometer_state
M19C_S1_lab_hard_floor_B2_U020_R2,788.742548687,9.080119554,stop,0.200000,-5.002158165,-0.155060172,0.999671757,0.037097890,-0.018859593,1.000416636,ros2_odometer_state
M19C_S1_lab_hard_floor_B2_U020_R2,788.743569782,9.081140649,stop,0.200000,-5.002158165,-0.155060172,0.999671757,0.037097890,-0.018859593,1.000416636,ros2_odometer_state
M19C_S1_lab_hard_floor_B2_U020_R2,788.745571908,9.083142775,stop,0.200000,-5.002158165,-0.155060172,0.999671757,0.037043978,-0.018806530,1.000504613,ros2_odometer_state
M19C_S1_lab_hard_floor_B2_U020_R2,788.748393618,9.085964485,stop,0.200000,-5.002158165,-0.155060172,0.999671757,0.036941659,-0.018708395,1.000667214,ros2_odometer_state
M19C_S1_lab_hard_floor_B2_U020_R2,788.750454530,9.088025397,stop,0.200000,-5.002158165,-0.155060172,1.000667214,0.036909446,-0.018671038,1.000755429,ros2_odometer_state
M19C_S1_lab_hard_floor_B2_U020_R2,788.752542419,9.090113286,stop,0.200000,-5.002158165,-0.155060172,1.000667214,0.036886543,-0.018641770,1.000848174,ros2_odometer_state
M19C_S1_lab_hard_floor_B2_U020_R2,788.755208794,9.092779661,stop,0.200000,-5.002158165,-0.155060172,1.000667214,0.036864139,-0.018612728,1.000934839,ros2_odometer_state
M19C_S1_lab_hard_floor_B2_U020_R2,788.758243344,9.095814211,stop,0.200000,-5.002158165,-0.155060172,1.000667214,0.036845755,-0.018586295,1.001019239,ros2_odometer_state
M19C_S1_lab_hard_floor_B2_U020_R2,788.759154036,9.096724903,stop,0.200000,-5.002158165,-0.155060172,1.000667214,0.036839396,-0.018566472,1.001107335,ros2_odometer_state
M19C_S1_lab_hard_floor_B2_U020_R2,788.759825614,9.097396481,stop,0.200000,-5.002158165,-0.155060172,1.000667214,0.036839396,-0.018566472,1.001107335,ros2_odometer_state
M19C_S1_lab_hard_floor_B2_U020_R2,788.762624379,9.100195246,stop,0.200000,-5.002158165,-0.155060172,1.000667214,0.036835734,-0.018513393,1.001288414,ros2_odometer_state
M19C_S1_lab_hard_floor_B2_U020_R2,788.763830089,9.101400956,stop,0.200000,-5.002158165,-0.155060172,1.000667214,0.036835734,-0.018513393,1.001288414,ros2_odometer_state
M19C_S1_lab_hard_floor_B2_U020_R2,788.765884857,9.103455724,stop,0.200000,-5.002158165,-0.155060172,1.000667214,0.036842927,-0.018476455,1.001390576,ros2_odometer_state
M19C_S1_lab_hard_floor_B2_U020_R2,788.768626340,9.106197207,stop,0.200000,-5.002158165,-0.155060172,1.000667214,0.036855917,-0.018425990,1.001617908,ros2_odometer_state
M19C_S1_lab_hard_floor_B2_U020_R2,788.770593840,9.108164707,stop,0.200000,-5.002158165,-0.155060172,1.001617908,0.036866475,-0.018405078,1.001731157,ros2_odometer_state
M19C_S1_lab_hard_floor_B2_U020_R2,788.771812864,9.109383731,stop,0.200000,-5.002158165,-0.155060172,1.001617908,0.036866475,-0.018405078,1.001731157,ros2_odometer_state
M19C_S1_lab_hard_floor_B2_U020_R2,788.773702985,9.111273852,stop,0.200000,-5.002158165,-0.155060172,1.001617908,0.036872827,-0.018379129,1.001839280,ros2_odometer_state
M19C_S1_lab_hard_floor_B2_U020_R2,788.777141071,9.114711938,stop,0.200000,-5.002158165,-0.155060172,1.001617908,0.036879167,-0.018328257,1.002063751,ros2_odometer_state
M19C_S1_lab_hard_floor_B2_U020_R2,788.778534213,9.116105080,stop,0.200000,-5.002158165,-0.155060172,1.001617908,0.036875520,-0.018312130,1.002178073,ros2_odometer_state
M19C_S1_lab_hard_floor_B2_U020_R2,788.779705042,9.117275909,stop,0.200000,-5.002158165,-0.155060172,1.001617908,0.036875520,-0.018312130,1.002178073,ros2_odometer_state
M19C_S1_lab_hard_floor_B2_U020_R2,788.781714464,9.119285331,stop,0.200000,-5.002158165,-0.155060172,1.001617908,0.036864467,-0.018286388,1.002283216,ros2_odometer_state
M19C_S1_lab_hard_floor_B2_U020_R2,788.784567439,9.122138306,stop,0.200000,-5.002158165,-0.155060172,1.001617908,0.036837511,-0.018210003,1.002477407,ros2_odometer_state
M19C_S1_lab_hard_floor_B2_U020_R2,788.786848872,9.124419739,stop,0.200000,-5.002158165,-0.155060172,1.001617908,0.036807708,-0.018155426,1.002575517,ros2_odometer_state
M19C_S1_lab_hard_floor_B2_U020_R2,788.788557642,9.126128509,stop,0.200000,-5.002158165,-0.155060172,1.001617908,0.036782701,-0.018098533,1.002677441,ros2_odometer_state
M19C_S1_lab_hard_floor_B2_U020_R2,788.790626490,9.128197357,stop,0.200000,-5.002158165,-0.155060172,1.002677441,0.036763284,-0.018030394,1.002768993,ros2_odometer_state
M19C_S1_lab_hard_floor_B2_U020_R2,788.792632104,9.130202971,stop,0.200000,-5.002158165,-0.155060172,1.002677441,0.036734533,-0.017943583,1.002861023,ros2_odometer_state
M19C_S1_lab_hard_floor_B2_U020_R2,788.793877881,9.131448748,stop,0.200000,-5.002158165,-0.155060172,1.002677441,0.036734533,-0.017943583,1.002861023,ros2_odometer_state
M19C_S1_lab_hard_floor_B2_U020_R2,788.796420284,9.133991151,stop,0.200000,-5.002158165,-0.155060172,1.002677441,0.036702316,-0.017845768,1.002955556,ros2_odometer_state
M19C_S1_lab_hard_floor_B2_U020_R2,788.798822169,9.136393036,stop,0.200000,-5.002158165,-0.155060172,1.002677441,0.036656283,-0.017619886,1.003110766,ros2_odometer_state
M19C_S1_lab_hard_floor_B2_U020_R2,788.800865896,9.138436763,stop,0.200000,-5.002158165,-0.155060172,1.002677441,0.036638796,-0.017490946,1.003175259,ros2_odometer_state
M19C_S1_lab_hard_floor_B2_U020_R2,788.801912465,9.139483332,stop,0.200000,-5.002158165,-0.155060172,1.002677441,0.036638796,-0.017490946,1.003175259,ros2_odometer_state
M19C_S1_lab_hard_floor_B2_U020_R2,788.804452020,9.142022887,stop,0.200000,-5.002158165,-0.155060172,1.002677441,0.036622450,-0.017346529,1.003240228,ros2_odometer_state
M19C_S1_lab_hard_floor_B2_U020_R2,788.806564262,9.144135129,stop,0.200000,-5.002158165,-0.155060172,1.002677441,0.036600195,-0.017031875,1.003389955,ros2_odometer_state
M19C_S1_lab_hard_floor_B2_U020_R2,788.809855686,9.147426553,stop,0.200000,-5.002158165,-0.155060172,1.002677441,0.036592267,-0.016852593,1.003452301,ros2_odometer_state
M19C_S1_lab_hard_floor_B2_U020_R2,788.810177394,9.147748261,stop,0.200000,-5.002158165,-0.155060172,1.003452301,0.036592267,-0.016852593,1.003452301,ros2_odometer_state
M19C_S1_lab_hard_floor_B2_U020_R2,788.811971864,9.149542731,stop,0.200000,-5.002158165,-0.155060172,1.003452301,0.036597047,-0.016664034,1.003512621,ros2_odometer_state
M19C_S1_lab_hard_floor_B2_U020_R2,788.814487705,9.152058572,stop,0.200000,-5.002158165,-0.155060172,1.003452301,0.036600702,-0.016275087,1.003636003,ros2_odometer_state
M19C_S1_lab_hard_floor_B2_U020_R2,788.819767207,9.157338074,stop,0.200000,-5.002158165,-0.155060172,1.003452301,0.036591716,-0.016067075,1.003688693,ros2_odometer_state
M19C_S1_lab_hard_floor_B2_U020_R2,788.820672586,9.158243453,stop,0.200000,-5.002158165,-0.155060172,1.003452301,0.036591716,-0.016067075,1.003688693,ros2_odometer_state
M19C_S1_lab_hard_floor_B2_U020_R2,788.822440782,9.160011649,stop,0.200000,-5.002158165,-0.155060172,1.003452301,0.036586698,-0.015843207,1.003737569,ros2_odometer_state
M19C_S1_lab_hard_floor_B2_U020_R2,788.824144017,9.161714884,stop,0.200000,-5.002158165,-0.155060172,1.003452301,0.036581751,-0.015604005,1.003791928,ros2_odometer_state
M19C_S1_lab_hard_floor_B2_U020_R2,788.825132791,9.162703658,stop,0.200000,-5.002158165,-0.155060172,1.003452301,0.036571182,-0.015351473,1.003852606,ros2_odometer_state
M19C_S1_lab_hard_floor_B2_U020_R2,788.826543022,9.164113889,stop,0.200000,-5.002158165,-0.155060172,1.003452301,0.036556233,-0.015091267,1.003911972,ros2_odometer_state
M19C_S1_lab_hard_floor_B2_U020_R2,788.827948580,9.165519447,stop,0.200000,-5.002158165,-0.155060172,1.003452301,0.036540207,-0.014812229,1.003969073,ros2_odometer_state
M19C_S1_lab_hard_floor_B2_U020_R2,788.832123655,9.169694522,stop,0.200000,-5.002158165,-0.155060172,1.004021525,0.036520332,-0.014221980,1.004071116,ros2_odometer_state
M19C_S1_lab_hard_floor_B2_U020_R2,788.834111348,9.171682215,stop,0.200000,-5.002158165,-0.155060172,1.004021525,0.036511734,-0.013918182,1.004119396,ros2_odometer_state
M19C_S1_lab_hard_floor_B2_U020_R2,788.837163498,9.174734365,stop,0.200000,-5.002158165,-0.155060172,1.004021525,0.036495235,-0.013599896,1.004165769,ros2_odometer_state
M19C_S1_lab_hard_floor_B2_U020_R2,788.839040787,9.176611654,stop,0.200000,-5.002158165,-0.155060172,1.004021525,0.036478944,-0.013267303,1.004209161,ros2_odometer_state
M19C_S1_lab_hard_floor_B2_U020_R2,788.840517709,9.178088576,stop,0.200000,-5.002158165,-0.155060172,1.004021525,0.036457971,-0.012930672,1.004260421,ros2_odometer_state
M19C_S1_lab_hard_floor_B2_U020_R2,788.841411439,9.178982306,stop,0.200000,-5.002158165,-0.155060172,1.004021525,0.036427017,-0.012584522,1.004315257,ros2_odometer_state
M19C_S1_lab_hard_floor_B2_U020_R2,788.842907338,9.180478205,stop,0.200000,-5.002158165,-0.155060172,1.004021525,0.036427017,-0.012584522,1.004315257,ros2_odometer_state
M19C_S1_lab_hard_floor_B2_U020_R2,788.844320961,9.181891828,stop,0.200000,-5.002158165,-0.155060172,1.004021525,0.036398560,-0.012230703,1.004370570,ros2_odometer_state
M19C_S1_lab_hard_floor_B2_U020_R2,788.846815457,9.184386324,stop,0.200000,-5.002158165,-0.155060172,1.004021525,0.036359102,-0.011520443,1.004474640,ros2_odometer_state
M19C_S1_lab_hard_floor_B2_U020_R2,788.848066450,9.185637317,stop,0.200000,-5.002158165,-0.155060172,1.004021525,0.036359102,-0.011520443,1.004474640,ros2_odometer_state
M19C_S1_lab_hard_floor_B2_U020_R2,788.849967900,9.187538767,stop,0.200000,-5.002158165,-0.155060172,1.004529834,0.036341038,-0.011162938,1.004529834,ros2_odometer_state
M19C_S1_lab_hard_floor_B2_U020_R2,788.852700710,9.190271577,stop,0.200000,-5.002158165,-0.155060172,1.004529834,0.036309201,-0.010452806,1.004634500,ros2_odometer_state
M19C_S1_lab_hard_floor_B2_U020_R2,788.855007264,9.192578131,stop,0.200000,-5.002158165,-0.155060172,1.004529834,0.036290191,-0.010089206,1.004672885,ros2_odometer_state
M19C_S1_lab_hard_floor_B2_U020_R2,788.858453862,9.196024729,stop,0.200000,-5.002158165,-0.155060172,1.004529834,0.036271442,-0.009736291,1.004704475,ros2_odometer_state
M19C_S1_lab_hard_floor_B2_U020_R2,788.859391402,9.196962269,stop,0.200000,-5.002158165,-0.155060172,1.004529834,0.036252167,-0.009395967,1.004737616,ros2_odometer_state
M19C_S1_lab_hard_floor_B2_U020_R2,788.860076709,9.197647576,stop,0.200000,-5.002158165,-0.155060172,1.004529834,0.036252167,-0.009395967,1.004737616,ros2_odometer_state
M19C_S1_lab_hard_floor_B2_U020_R2,788.862827664,9.200398531,stop,0.200000,-5.002158165,-0.155060172,1.004529834,0.036207769,-0.008783278,1.004803181,ros2_odometer_state
M19C_S1_lab_hard_floor_B2_U020_R2,788.863970876,9.201541743,stop,0.200000,-5.002158165,-0.155060172,1.004529834,0.036207769,-0.008783278,1.004803181,ros2_odometer_state
M19C_S1_lab_hard_floor_B2_U020_R2,788.866098863,9.203669730,stop,0.200000,-5.002158165,-0.155060172,1.004529834,0.036182523,-0.008492462,1.004818559,ros2_odometer_state
M19C_S1_lab_hard_floor_B2_U020_R2,788.868044122,9.205614989,stop,0.200000,-5.002158165,-0.155060172,1.004529834,0.036155764,-0.008228348,1.004826784,ros2_odometer_state
M19C_S1_lab_hard_floor_B2_U020_R2,788.870879304,9.208450171,stop,0.200000,-5.002158165,-0.155060172,1.004832506,0.036086734,-0.007750139,1.004833937,ros2_odometer_state
M19C_S1_lab_hard_floor_B2_U020_R2,788.871888464,9.209459331,stop,0.200000,-5.002158165,-0.155060172,1.004832506,0.036086734,-0.007750139,1.004833937,ros2_odometer_state
M19C_S1_lab_hard_floor_B2_U020_R2,788.873990369,9.211561236,stop,0.200000,-5.002158165,-0.155060172,1.004832506,0.036062688,-0.007517964,1.004827380,ros2_odometer_state
M19C_S1_lab_hard_floor_B2_U020_R2,788.877283905,9.214854772,stop,0.200000,-5.002158165,-0.155060172,1.004832506,0.036006834,-0.007060179,1.004796028,ros2_odometer_state
M19C_S1_lab_hard_floor_B2_U020_R2,788.878673335,9.216244202,stop,0.200000,-5.002158165,-0.155060172,1.004832506,0.035979155,-0.006825427,1.004787445,ros2_odometer_state
M19C_S1_lab_hard_floor_B2_U020_R2,788.880019435,9.217590302,stop,0.200000,-5.002158165,-0.155060172,1.004832506,0.035979155,-0.006825427,1.004787445,ros2_odometer_state
M19C_S1_lab_hard_floor_B2_U020_R2,788.882670450,9.220241317,stop,0.200000,-5.002158165,-0.155060172,1.004832506,0.035940822,-0.006340375,1.004748344,ros2_odometer_state
M19C_S1_lab_hard_floor_B2_U020_R2,788.884676576,9.222247443,stop,0.200000,-5.002158165,-0.155060172,1.004832506,0.035919707,-0.006090427,1.004736066,ros2_odometer_state
M19C_S1_lab_hard_floor_B2_U020_R2,788.886015444,9.223586311,stop,0.200000,-5.002158165,-0.155060172,1.004832506,0.035919707,-0.006090427,1.004736066,ros2_odometer_state
M19C_S1_lab_hard_floor_B2_U020_R2,788.889178447,9.226749314,stop,0.200000,-5.002158165,-0.155060172,1.004832506,0.035899770,-0.005573039,1.004716516,ros2_odometer_state
M19C_S1_lab_hard_floor_B2_U020_R2,788.890130068,9.227700935,stop,0.200000,-5.002158165,-0.155060172,1.004716516,0.035899770,-0.005573039,1.004716516,ros2_odometer_state
M19C_S1_lab_hard_floor_B2_U020_R2,788.892100737,9.229671604,stop,0.200000,-5.002158165,-0.155060172,1.004716516,0.035891227,-0.005310373,1.004710674,ros2_odometer_state
M19C_S1_lab_hard_floor_B2_U020_R2,788.894038988,9.231609855,stop,0.200000,-5.002158165,-0.155060172,1.004716516,0.035884812,-0.005048902,1.004716635,ros2_odometer_state
M19C_S1_lab_hard_floor_B2_U020_R2,788.897612119,9.235182986,stop,0.200000,-5.002158165,-0.155060172,1.004716516,0.035894565,-0.004513288,1.004727960,ros2_odometer_state
M19C_S1_lab_hard_floor_B2_U020_R2,788.899627877,9.237198744,stop,0.200000,-5.002158165,-0.155060172,1.004716516,0.035901502,-0.004232028,1.004741549,ros2_odometer_state
M19C_S1_lab_hard_floor_B2_U020_R2,788.901879005,9.239449872,stop,0.200000,-5.002158165,-0.155060172,1.004716516,0.035901427,-0.003946469,1.004781008,ros2_odometer_state
M19C_S1_lab_hard_floor_B2_U020_R2,788.902311982,9.239882849,stop,0.200000,-5.002158165,-0.155060172,1.004716516,0.035901427,-0.003946469,1.004781008,ros2_odometer_state
M19C_S1_lab_hard_floor_B2_U020_R2,788.904780333,9.242351200,stop,0.200000,-5.002158165,-0.155060172,1.004716516,0.035901107,-0.003379463,1.004893541,ros2_odometer_state
M19C_S1_lab_hard_floor_B2_U020_R2,788.905977788,9.243548655,stop,0.200000,-5.002158165,-0.155060172,1.004716516,0.035901107,-0.003379463,1.004893541,ros2_odometer_state
M19C_S1_lab_hard_floor_B2_U020_R2,788.908768168,9.246339035,stop,0.200000,-5.002158165,-0.155060172,1.004716516,0.035891596,-0.002832970,1.005012035,ros2_odometer_state
M19C_S1_lab_hard_floor_B2_U020_R2,788.910943453,9.248514320,stop,0.200000,-5.002158165,-0.155060172,1.005012035,0.035882473,-0.002575865,1.005062461,ros2_odometer_state
M19C_S1_lab_hard_floor_B2_U020_R2,788.914854165,9.252425032,stop,0.200000,-5.002158165,-0.155060172,1.005012035,0.035882473,-0.002575865,1.005062461,ros2_odometer_state
M19C_S1_lab_hard_floor_B2_U020_R2,788.915968128,9.253538995,stop,0.200000,-5.002158165,-0.155060172,1.005012035,0.035866696,-0.002330705,1.005109072,ros2_odometer_state
M19C_S1_lab_hard_floor_B2_U020_R2,788.917030249,9.254601116,stop,0.200000,-5.002158165,-0.155060172,1.005012035,0.035852700,-0.002090743,1.005148172,ros2_odometer_state
M19C_S1_lab_hard_floor_B2_U020_R2,788.918098643,9.255669510,stop,0.200000,-5.002158165,-0.155060172,1.005012035,0.035828348,-0.001850627,1.005179763,ros2_odometer_state
M19C_S1_lab_hard_floor_B2_U020_R2,788.920125410,9.257696277,stop,0.200000,-5.002158165,-0.155060172,1.005012035,0.035809550,-0.001606104,1.005214572,ros2_odometer_state
M19C_S1_lab_hard_floor_B2_U020_R2,788.922759688,9.260330555,stop,0.200000,-5.002158165,-0.155060172,1.005012035,0.035731327,-0.001118100,1.005311489,ros2_odometer_state
M19C_S1_lab_hard_floor_B2_U020_R2,788.924223809,9.261794676,stop,0.200000,-5.002158165,-0.155060172,1.005012035,0.035731327,-0.001118100,1.005311489,ros2_odometer_state
M19C_S1_lab_hard_floor_B2_U020_R2,788.926749091,9.264319958,stop,0.200000,-5.002158165,-0.155060172,1.005012035,0.035662733,-0.000661490,1.005387664,ros2_odometer_state
M19C_S1_lab_hard_floor_B2_U020_R2,788.928090647,9.265661514,stop,0.200000,-5.002158165,-0.155060172,1.005012035,0.035662733,-0.000661490,1.005387664,ros2_odometer_state
M19C_S1_lab_hard_floor_B2_U020_R2,788.931018217,9.268589084,stop,0.200000,-5.002158165,-0.155060172,1.005422235,0.035620272,-0.000228920,1.005451441,ros2_odometer_state
M19C_S1_lab_hard_floor_B2_U020_R2,788.933667856,9.271238723,stop,0.200000,-5.002158165,-0.155060172,1.005422235,0.035603080,-0.000016622,1.005466700,ros2_odometer_state
M19C_S1_lab_hard_floor_B2_U020_R2,788.934130434,9.271701301,stop,0.200000,-5.002158165,-0.155060172,1.005422235,0.035603080,-0.000016622,1.005466700,ros2_odometer_state
M19C_S1_lab_hard_floor_B2_U020_R2,788.936647619,9.274218486,stop,0.200000,-5.002158165,-0.155060172,1.005422235,0.035596386,0.000192881,1.005471826,ros2_odometer_state
M19C_S1_lab_hard_floor_B2_U020_R2,788.938027193,9.275598060,stop,0.200000,-5.002158165,-0.155060172,1.005422235,0.035595026,0.000403291,1.005479455,ros2_odometer_state
M19C_S1_lab_hard_floor_B2_U020_R2,788.940844423,9.278415290,stop,0.200000,-5.002158165,-0.155060172,1.005422235,0.035604388,0.000813353,1.005514622,ros2_odometer_state
M19C_S1_lab_hard_floor_B2_U020_R2,788.941998099,9.279568966,stop,0.200000,-5.002158165,-0.155060172,1.005422235,0.035604388,0.000813353,1.005514622,ros2_odometer_state
M19C_S1_lab_hard_floor_B2_U020_R2,788.944167208,9.281738075,stop,0.200000,-5.002158165,-0.155060172,1.005422235,0.035614941,0.001008290,1.005538106,ros2_odometer_state
M19C_S1_lab_hard_floor_B2_U020_R2,788.946046929,9.283617796,stop,0.200000,-5.002158165,-0.155060172,1.005422235,0.035617843,0.001191767,1.005562186,ros2_odometer_state
M19C_S1_lab_hard_floor_B2_U020_R2,788.948819612,9.286390479,stop,0.200000,-5.002158165,-0.155060172,1.005422235,0.035609145,0.001516360,1.005620122,ros2_odometer_state
M19C_S1_lab_hard_floor_B2_U020_R2,788.950803017,9.288373884,stop,0.200000,-5.002158165,-0.155060172,1.005620122,0.035607260,0.001671049,1.005655766,ros2_odometer_state
M19C_S1_lab_hard_floor_B2_U020_R2,788.951991352,9.289562219,stop,0.200000,-5.002158165,-0.155060172,1.005620122,0.035607260,0.001671049,1.005655766,ros2_odometer_state
M19C_S1_lab_hard_floor_B2_U020_R2,788.954733794,9.292304661,stop,0.200000,-5.002158165,-0.155060172,1.005620122,0.035596743,0.001968747,1.005762339,ros2_odometer_state
M19C_S1_lab_hard_floor_B2_U020_R2,788.957373321,9.294944188,stop,0.200000,-5.002158165,-0.155060172,1.005620122,0.035586521,0.002111411,1.005818725,ros2_odometer_state
M19C_S1_lab_hard_floor_B2_U020_R2,788.958776415,9.296347282,stop,0.200000,-5.002158165,-0.155060172,1.005620122,0.035578497,0.002256193,1.005876184,ros2_odometer_state
M19C_S1_lab_hard_floor_B2_U020_R2,788.961108762,9.298679629,stop,0.200000,-5.002158165,-0.155060172,1.005620122,0.035576042,0.002402943,1.005929112,ros2_odometer_state
M19C_S1_lab_hard_floor_B2_U020_R2,788.962212261,9.299783128,stop,0.200000,-5.002158165,-0.155060172,1.005620122,0.035576042,0.002402943,1.005929112,ros2_odometer_state
M19C_S1_lab_hard_floor_B2_U020_R2,788.964116975,9.301687842,stop,0.200000,-5.002158165,-0.155060172,1.005620122,0.035567664,0.002548080,1.005991578,ros2_odometer_state
M19C_S1_lab_hard_floor_B2_U020_R2,788.967496690,9.305067557,stop,0.200000,-5.002158165,-0.155060172,1.005620122,0.035554279,0.002870146,1.006100774,ros2_odometer_state
M19C_S1_lab_hard_floor_B2_U020_R2,788.969117457,9.306688324,stop,0.200000,-5.002158165,-0.155060172,1.005620122,0.035545111,0.003038976,1.006151080,ros2_odometer_state
M19C_S1_lab_hard_floor_B2_U020_R2,788.970164186,9.307735053,stop,0.200000,-5.002158165,-0.155060172,1.006151080,0.035545111,0.003038976,1.006151080,ros2_odometer_state
M19C_S1_lab_hard_floor_B2_U020_R2,788.972893796,9.310464663,stop,0.200000,-5.002158165,-0.155060172,1.006151080,0.035527818,0.003383152,1.006248713,ros2_odometer_state
M19C_S1_lab_hard_floor_B2_U020_R2,788.974798670,9.312369537,stop,0.200000,-5.002158165,-0.155060172,1.006151080,0.035511266,0.003555045,1.006292105,ros2_odometer_state
M19C_S1_lab_hard_floor_B2_U020_R2,788.977496374,9.315067241,stop,0.200000,-5.002158165,-0.155060172,1.006151080,0.035506170,0.003727925,1.006328464,ros2_odometer_state
M19C_S1_lab_hard_floor_B2_U020_R2,788.979209209,9.316780076,stop,0.200000,-5.002158165,-0.155060172,1.006151080,0.035496771,0.003902978,1.006359816,ros2_odometer_state
M19C_S1_lab_hard_floor_B2_U020_R2,788.982199629,9.319770496,stop,0.200000,-5.002158165,-0.155060172,1.006151080,0.035496771,0.003902978,1.006359816,ros2_odometer_state
M19C_S1_lab_hard_floor_B2_U020_R2,788.983174259,9.320745126,stop,0.200000,-5.002158165,-0.155060172,1.006151080,0.035486121,0.004078351,1.006395340,ros2_odometer_state
M19C_S1_lab_hard_floor_B2_U020_R2,788.984178138,9.321749005,stop,0.200000,-5.002158165,-0.155060172,1.006151080,0.035477318,0.004257455,1.006431222,ros2_odometer_state
M19C_S1_lab_hard_floor_B2_U020_R2,788.986842946,9.324413813,stop,0.200000,-5.002158165,-0.155060172,1.006151080,0.035463888,0.004622251,1.006503582,ros2_odometer_state
M19C_S1_lab_hard_floor_B2_U020_R2,788.988851152,9.326422019,stop,0.200000,-5.002158165,-0.155060172,1.006151080,0.035464074,0.004794942,1.006538272,ros2_odometer_state
M19C_S1_lab_hard_floor_B2_U020_R2,788.990854749,9.328425616,stop,0.200000,-5.002158165,-0.155060172,1.006538272,0.035466623,0.004957281,1.006569147,ros2_odometer_state
M19C_S1_lab_hard_floor_B2_U020_R2,788.992835274,9.330406141,stop,0.200000,-5.002158165,-0.155060172,1.006538272,0.035473760,0.005119578,1.006592989,ros2_odometer_state
M19C_S1_lab_hard_floor_B2_U020_R2,788.994770678,9.332341545,stop,0.200000,-5.002158165,-0.155060172,1.006538272,0.035483167,0.005277415,1.006614685,ros2_odometer_state
M19C_S1_lab_hard_floor_B2_U020_R2,788.997448478,9.335019345,stop,0.200000,-5.002158165,-0.155060172,1.006538272,0.035486192,0.005437094,1.006632090,ros2_odometer_state
M19C_S1_lab_hard_floor_B2_U020_R2,788.998873973,9.336444840,stop,0.200000,-5.002158165,-0.155060172,1.006538272,0.035491858,0.005589198,1.006658435,ros2_odometer_state
M19C_S1_lab_hard_floor_B2_U020_R2,789.000921733,9.338492600,stop,0.200000,-5.002158165,-0.155060172,1.006538272,0.035506777,0.005737833,1.006681561,ros2_odometer_state
M19C_S1_lab_hard_floor_B2_U020_R2,789.002861040,9.340431907,stop,0.200000,-5.002158165,-0.155060172,1.006538272,0.035520237,0.005896423,1.006692052,ros2_odometer_state
M19C_S1_lab_hard_floor_B2_U020_R2,789.005070950,9.342641817,stop,0.200000,-5.002158165,-0.155060172,1.006538272,0.035533544,0.006048807,1.006702662,ros2_odometer_state
M19C_S1_lab_hard_floor_B2_U020_R2,789.006116142,9.343687009,stop,0.200000,-5.002158165,-0.155060172,1.006538272,0.035533544,0.006048807,1.006702662,ros2_odometer_state
M19C_S1_lab_hard_floor_B2_U020_R2,789.009007487,9.346578354,stop,0.200000,-5.002158165,-0.155060172,1.006538272,0.035552867,0.006363823,1.006712914,ros2_odometer_state
M19C_S1_lab_hard_floor_B2_U020_R2,789.011443965,9.349014832,stop,0.200000,-5.002158165,-0.155060172,1.006712914,0.035560574,0.006519440,1.006711364,ros2_odometer_state
M19C_S1_lab_hard_floor_B2_U020_R2,789.012484806,9.350055673,stop,0.200000,-5.002158165,-0.155060172,1.006712914,0.035560574,0.006519440,1.006711364,ros2_odometer_state
M19C_S1_lab_hard_floor_B2_U020_R2,789.014203241,9.351774108,stop,0.200000,-5.002158165,-0.155060172,1.006712914,0.035569832,0.006687297,1.006707430,ros2_odometer_state
M19C_S1_lab_hard_floor_B2_U020_R2,789.017616781,9.355187648,stop,0.200000,-5.002158165,-0.155060172,1.006712914,0.035602193,0.007030340,1.006681204,ros2_odometer_state
M19C_S1_lab_hard_floor_B2_U020_R2,789.018218853,9.355789720,stop,0.200000,-5.002158165,-0.155060172,1.006712914,0.035602193,0.007030340,1.006681204,ros2_odometer_state
M19C_S1_lab_hard_floor_B2_U020_R2,789.021006897,9.358577764,stop,0.200000,-5.002158165,-0.155060172,1.006712914,0.035620384,0.007360360,1.006643295,ros2_odometer_state
M19C_S1_lab_hard_floor_B2_U020_R2,789.022969917,9.360540784,stop,0.200000,-5.002158165,-0.155060172,1.006712914,0.035623934,0.007524217,1.006618738,ros2_odometer_state
M19C_S1_lab_hard_floor_B2_U020_R2,789.025269655,9.362840522,stop,0.200000,-5.002158165,-0.155060172,1.006712914,0.035635795,0.007682624,1.006594062,ros2_odometer_state
M19C_S1_lab_hard_floor_B2_U020_R2,789.026977881,9.364548748,stop,0.200000,-5.002158165,-0.155060172,1.006712914,0.035644133,0.007837442,1.006566405,ros2_odometer_state
M19C_S1_lab_hard_floor_B2_U020_R2,789.028208553,9.365779420,stop,0.200000,-5.002158165,-0.155060172,1.006712914,0.035644133,0.007837442,1.006566405,ros2_odometer_state
M19C_S1_lab_hard_floor_B2_U020_R2,789.031305377,9.368876244,stop,0.200000,-5.002158165,-0.155060172,1.006536365,0.035645973,0.008146332,1.006509662,ros2_odometer_state
M19C_S1_lab_hard_floor_B2_U020_R2,789.032938688,9.370509555,stop,0.200000,-5.002158165,-0.155060172,1.006536365,0.035648096,0.008296090,1.006482601,ros2_odometer_state
M19C_S1_lab_hard_floor_B2_U020_R2,789.034179537,9.371750404,stop,0.200000,-5.002158165,-0.155060172,1.006536365,0.035648096,0.008296090,1.006482601,ros2_odometer_state
M19C_S1_lab_hard_floor_B2_U020_R2,789.037625239,9.375196106,stop,0.200000,-5.002158165,-0.155060172,1.006536365,0.035656601,0.008556590,1.006433725,ros2_odometer_state
M19C_S1_lab_hard_floor_B2_U020_R2,789.038426038,9.375996905,stop,0.200000,-5.002158165,-0.155060172,1.006536365,0.035656601,0.008556590,1.006433725,ros2_odometer_state
M19C_S1_lab_hard_floor_B2_U020_R2,789.040327840,9.377898707,stop,0.200000,-5.002158165,-0.155060172,1.006536365,0.035656828,0.008687018,1.006415248,ros2_odometer_state
M19C_S1_lab_hard_floor_B2_U020_R2,789.043014632,9.380585499,stop,0.200000,-5.002158165,-0.155060172,1.006536365,0.035655729,0.008937819,1.006382465,ros2_odometer_state
M19C_S1_lab_hard_floor_B2_U020_R2,789.045704336,9.383275203,stop,0.200000,-5.002158165,-0.155060172,1.006536365,0.035651904,0.009062621,1.006371737,ros2_odometer_state
M19C_S1_lab_hard_floor_B2_U020_R2,789.046437133,9.384008000,stop,0.200000,-5.002158165,-0.155060172,1.006536365,0.035651904,0.009062621,1.006371737,ros2_odometer_state
M19C_S1_lab_hard_floor_B2_U020_R2,789.049155607,9.386726474,stop,0.200000,-5.002158165,-0.155060172,1.006536365,0.035653915,0.009320902,1.006370068,ros2_odometer_state
M19C_S1_lab_hard_floor_B2_U020_R2,789.051192454,9.388763321,stop,0.200000,-5.002158165,-0.155060172,1.006370068,0.035661679,0.009462112,1.006360888,ros2_odometer_state
M19C_S1_lab_hard_floor_B2_U020_R2,789.052267791,9.389838658,stop,0.200000,-5.002158165,-0.155060172,1.006370068,0.035661679,0.009462112,1.006360888,ros2_odometer_state
M19C_S1_lab_hard_floor_B2_U020_R2,789.055078653,9.392649520,stop,0.200000,-5.002158165,-0.155060172,1.006370068,0.035685662,0.009788715,1.006386995,ros2_odometer_state
M19C_S1_lab_hard_floor_B2_U020_R2,789.056965862,9.394536729,stop,0.200000,-5.002158165,-0.155060172,1.006370068,0.035685662,0.009788715,1.006386995,ros2_odometer_state
M19C_S1_lab_hard_floor_B2_U020_R2,789.058380733,9.395951600,stop,0.200000,-5.002158165,-0.155060172,1.006370068,0.035692941,0.009965624,1.006407261,ros2_odometer_state
M19C_S1_lab_hard_floor_B2_U020_R2,789.060374858,9.397945725,stop,0.200000,-5.002158165,-0.155060172,1.006370068,0.035708074,0.010155024,1.006420135,ros2_odometer_state
M19C_S1_lab_hard_floor_B2_U020_R2,789.063135190,9.400706057,stop,0.200000,-5.002158165,-0.155060172,1.006370068,0.035749249,0.010526345,1.006430745,ros2_odometer_state
M19C_S1_lab_hard_floor_B2_U020_R2,789.065160356,9.402731223,stop,0.200000,-5.002158165,-0.155060172,1.006370068,0.035768401,0.010707645,1.006432652,ros2_odometer_state
M19C_S1_lab_hard_floor_B2_U020_R2,789.066341394,9.403912261,stop,0.200000,-5.002158165,-0.155060172,1.006370068,0.035768401,0.010707645,1.006432652,ros2_odometer_state
M19C_S1_lab_hard_floor_B2_U020_R2,789.068368417,9.405939284,stop,0.200000,-5.002158165,-0.155060172,1.006370068,0.035795081,0.010875838,1.006426573,ros2_odometer_state
M19C_S1_lab_hard_floor_B2_U020_R2,789.070400304,9.407971171,stop,0.200000,-5.002158165,-0.155060172,1.006417036,0.035818446,0.011037649,1.006417036,ros2_odometer_state
M19C_S1_lab_hard_floor_B2_U020_R2,789.072330843,9.409901710,stop,0.200000,-5.002158165,-0.155060172,1.006417036,0.035836302,0.011205813,1.006407261,ros2_odometer_state
M19C_S1_lab_hard_floor_B2_U020_R2,789.075031652,9.412602519,stop,0.200000,-5.002158165,-0.155060172,1.006417036,0.035876695,0.011544075,1.006399035,ros2_odometer_state
M19C_S1_lab_hard_floor_B2_U020_R2,789.077625705,9.415196572,stop,0.200000,-5.002158165,-0.155060172,1.006417036,0.035898693,0.011714040,1.006402850,ros2_odometer_state
M19C_S1_lab_hard_floor_B2_U020_R2,789.079066977,9.416637844,stop,0.200000,-5.002158165,-0.155060172,1.006417036,0.035924502,0.011881524,1.006399870,ros2_odometer_state
M19C_S1_lab_hard_floor_B2_U020_R2,789.081170162,9.418741029,stop,0.200000,-5.002158165,-0.155060172,1.006417036,0.035947137,0.012051355,1.006387591,ros2_odometer_state
M19C_S1_lab_hard_floor_B2_U020_R2,789.082313087,9.419883954,stop,0.200000,-5.002158165,-0.155060172,1.006417036,0.035947137,0.012051355,1.006387591,ros2_odometer_state
M19C_S1_lab_hard_floor_B2_U020_R2,789.084356654,9.421927521,stop,0.200000,-5.002158165,-0.155060172,1.006417036,0.035971649,0.012229240,1.006376743,ros2_odometer_state
M19C_S1_lab_hard_floor_B2_U020_R2,789.087496328,9.425067195,stop,0.200000,-5.002158165,-0.155060172,1.006417036,0.036036361,0.012615055,1.006363511,ros2_odometer_state
M19C_S1_lab_hard_floor_B2_U020_R2,789.088547825,9.426118692,stop,0.200000,-5.002158165,-0.155060172,1.006417036,0.036036361,0.012615055,1.006363511,ros2_odometer_state
M19C_S1_lab_hard_floor_B2_U020_R2,789.090512893,9.428083760,stop,0.200000,-5.002158165,-0.155060172,1.006345391,0.036064319,0.012820001,1.006345391,ros2_odometer_state
M19C_S1_lab_hard_floor_B2_U020_R2,789.092481930,9.430052797,stop,0.200000,-5.002158165,-0.155060172,1.006345391,0.036090720,0.013014214,1.006318688,ros2_odometer_state
M19C_S1_lab_hard_floor_B2_U020_R2,789.094441334,9.432012201,stop,0.200000,-5.002158165,-0.155060172,1.006345391,0.036115665,0.013200986,1.006285191,ros2_odometer_state
M19C_S1_lab_hard_floor_B2_U020_R2,789.098194696,9.435765563,stop,0.200000,-5.002158165,-0.155060172,1.006345391,0.036151681,0.013547217,1.006195664,ros2_odometer_state
M19C_S1_lab_hard_floor_B2_U020_R2,789.098507316,9.436078183,stop,0.200000,-5.002158165,-0.155060172,1.006345391,0.036151681,0.013547217,1.006195664,ros2_odometer_state
M19C_S1_lab_hard_floor_B2_U020_R2,789.101105625,9.438676492,stop,0.200000,-5.002158165,-0.155060172,1.006345391,0.036189027,0.013858042,1.006108642,ros2_odometer_state
M19C_S1_lab_hard_floor_B2_U020_R2,789.103507414,9.441078281,stop,0.200000,-5.002158165,-0.155060172,1.006345391,0.036200117,0.014010004,1.006066680,ros2_odometer_state
M19C_S1_lab_hard_floor_B2_U020_R2,789.104482780,9.442053647,stop,0.200000,-5.002158165,-0.155060172,1.006345391,0.036200117,0.014010004,1.006066680,ros2_odometer_state
M19C_S1_lab_hard_floor_B2_U020_R2,789.106488810,9.444059677,stop,0.200000,-5.002158165,-0.155060172,1.006345391,0.036213353,0.014160953,1.006022215,ros2_odometer_state
M19C_S1_lab_hard_floor_B2_U020_R2,789.109106064,9.446676931,stop,0.200000,-5.002158165,-0.155060172,1.006345391,0.036231417,0.014450157,1.005921721,ros2_odometer_state
M19C_S1_lab_hard_floor_B2_U020_R2,789.111373704,9.448944571,stop,0.200000,-5.002158165,-0.155060172,1.005921721,0.036243722,0.014592515,1.005852818,ros2_odometer_state
M19C_S1_lab_hard_floor_B2_U020_R2,789.112457778,9.450028645,stop,0.200000,-5.002158165,-0.155060172,1.005921721,0.036243722,0.014592515,1.005852818,ros2_odometer_state
M19C_S1_lab_hard_floor_B2_U020_R2,789.114455935,9.452026802,stop,0.200000,-5.002158165,-0.155060172,1.005921721,0.036258806,0.014734544,1.005776286,ros2_odometer_state
M19C_S1_lab_hard_floor_B2_U020_R2,789.117727903,9.455298770,stop,0.200000,-5.002158165,-0.155060172,1.005921721,0.036288146,0.015029472,1.005611062,ros2_odometer_state
M19C_S1_lab_hard_floor_B2_U020_R2,789.119225721,9.456796588,stop,0.200000,-5.002158165,-0.155060172,1.005921721,0.036302529,0.015180930,1.005527854,ros2_odometer_state
M19C_S1_lab_hard_floor_B2_U020_R2,789.120457289,9.458028156,stop,0.200000,-5.002158165,-0.155060172,1.005921721,0.036302529,0.015180930,1.005527854,ros2_odometer_state
M19C_S1_lab_hard_floor_B2_U020_R2,789.122371411,9.459942278,stop,0.200000,-5.002158165,-0.155060172,1.005921721,0.036310103,0.015327140,1.005444884,ros2_odometer_state
M19C_S1_lab_hard_floor_B2_U020_R2,789.124326399,9.461897266,stop,0.200000,-5.002158165,-0.155060172,1.005921721,0.036317538,0.015465113,1.005372643,ros2_odometer_state
M19C_S1_lab_hard_floor_B2_U020_R2,789.126370830,9.463941697,stop,0.200000,-5.002158165,-0.155060172,1.005921721,0.036322523,0.015593158,1.005308747,ros2_odometer_state
M19C_S1_lab_hard_floor_B2_U020_R2,789.129290752,9.466861619,stop,0.200000,-5.002158165,-0.155060172,1.005921721,0.036324650,0.015809262,1.005153894,ros2_odometer_state
M19C_S1_lab_hard_floor_B2_U020_R2,789.131297294,9.468868161,stop,0.200000,-5.002158165,-0.155060172,1.005153894,0.036317751,0.015903182,1.005083561,ros2_odometer_state
M19C_S1_lab_hard_floor_B2_U020_R2,789.133178423,9.470749290,stop,0.200000,-5.002158165,-0.155060172,1.005153894,0.036304601,0.015995748,1.005023837,ros2_odometer_state
M19C_S1_lab_hard_floor_B2_U020_R2,789.135181637,9.472752504,stop,0.200000,-5.002158165,-0.155060172,1.005153894,0.036297914,0.016085684,1.004972100,ros2_odometer_state
M19C_S1_lab_hard_floor_B2_U020_R2,789.137764937,9.475335804,stop,0.200000,-5.002158165,-0.155060172,1.005153894,0.036294580,0.016173415,1.004933596,ros2_odometer_state
M19C_S1_lab_hard_floor_B2_U020_R2,789.139281220,9.476852087,stop,0.200000,-5.002158165,-0.155060172,1.005153894,0.036288377,0.016264938,1.004905701,ros2_odometer_state
M19C_S1_lab_hard_floor_B2_U020_R2,789.141246064,9.478816931,stop,0.200000,-5.002158165,-0.155060172,1.005153894,0.036278289,0.016352769,1.004879117,ros2_odometer_state
M19C_S1_lab_hard_floor_B2_U020_R2,789.142352347,9.479923214,stop,0.200000,-5.002158165,-0.155060172,1.005153894,0.036278289,0.016352769,1.004879117,ros2_odometer_state
M19C_S1_lab_hard_floor_B2_U020_R2,789.144357385,9.481928252,stop,0.200000,-5.002158165,-0.155060172,1.005153894,0.036270466,0.016451975,1.004860044,ros2_odometer_state
M19C_S1_lab_hard_floor_B2_U020_R2,789.147137333,9.484708200,stop,0.200000,-5.002158165,-0.155060172,1.005153894,0.036266748,0.016650593,1.004861355,ros2_odometer_state
M19C_S1_lab_hard_floor_B2_U020_R2,789.149137635,9.486708502,stop,0.200000,-5.002158165,-0.155060172,1.005153894,0.036272552,0.016750958,1.004870296,ros2_odometer_state
M19C_S1_lab_hard_floor_B2_U020_R2,789.151208723,9.488779590,stop,0.200000,-5.002158165,-0.155060172,1.004870296,0.036272738,0.016855078,1.004880071,ros2_odometer_state
M19C_S1_lab_hard_floor_B2_U020_R2,789.153165695,9.490736562,stop,0.200000,-5.002158165,-0.155060172,1.004870296,0.036270358,0.016958190,1.004880190,ros2_odometer_state
M19C_S1_lab_hard_floor_B2_U020_R2,789.155058857,9.492629724,stop,0.200000,-5.002158165,-0.155060172,1.004870296,0.036269300,0.017059550,1.004879475,ros2_odometer_state
M19C_S1_lab_hard_floor_B2_U020_R2,789.157040118,9.494610985,stop,0.200000,-5.002158165,-0.155060172,1.004870296,0.036269300,0.017059550,1.004879475,ros2_odometer_state
M19C_S1_lab_hard_floor_B2_U020_R2,789.159356528,9.496927395,stop,0.200000,-5.002158165,-0.155060172,1.004870296,0.036271881,0.017266704,1.004882574,ros2_odometer_state
M19C_S1_lab_hard_floor_B2_U020_R2,789.160773415,9.498344282,stop,0.200000,-5.002158165,-0.155060172,1.004870296,0.036271881,0.017266704,1.004882574,ros2_odometer_state
M19C_S1_lab_hard_floor_B2_U020_R2,789.163447535,9.501018402,stop,0.200000,-5.002158165,-0.155060172,1.004870296,0.036274400,0.017473489,1.004920483,ros2_odometer_state
M19C_S1_lab_hard_floor_B2_U020_R2,789.164676991,9.502247858,stop,0.200000,-5.002158165,-0.155060172,1.004870296,0.036274400,0.017473489,1.004920483,ros2_odometer_state
M19C_S1_lab_hard_floor_B2_U020_R2,789.166649163,9.504220030,stop,0.200000,-5.002158165,-0.155060172,1.004870296,0.036279190,0.017574443,1.004953265,ros2_odometer_state
M19C_S1_lab_hard_floor_B2_U020_R2,789.168973446,9.506544313,stop,0.200000,-5.002158165,-0.155060172,1.004870296,0.036276322,0.017681887,1.004986286,ros2_odometer_state
M19C_S1_lab_hard_floor_B2_U020_R2,789.170699785,9.508270652,stop,0.200000,-5.002158165,-0.155060172,1.005027890,0.036274213,0.017788880,1.005027890,ros2_odometer_state
M19C_S1_lab_hard_floor_B2_U020_R2,789.172646900,9.510217767,stop,0.200000,-5.002158165,-0.155060172,1.005027890,0.036271110,0.017892808,1.005080700,ros2_odometer_state
M19C_S1_lab_hard_floor_B2_U020_R2,789.174647682,9.512218549,stop,0.200000,-5.002158165,-0.155060172,1.005027890,0.036272895,0.018003661,1.005137444,ros2_odometer_state
M19C_S1_lab_hard_floor_B2_U020_R2,789.177208421,9.514779288,stop,0.200000,-5.002158165,-0.155060172,1.005027890,0.036281619,0.018118996,1.005190015,ros2_odometer_state
M19C_S1_lab_hard_floor_B2_U020_R2,789.178732577,9.516303444,stop,0.200000,-5.002158165,-0.155060172,1.005027890,0.036286190,0.018227521,1.005252719,ros2_odometer_state
M19C_S1_lab_hard_floor_B2_U020_R2,789.180714318,9.518285185,stop,0.200000,-5.002158165,-0.155060172,1.005027890,0.036286019,0.018333461,1.005322337,ros2_odometer_state
M19C_S1_lab_hard_floor_B2_U020_R2,789.182713051,9.520283918,stop,0.200000,-5.002158165,-0.155060172,1.005027890,0.036274444,0.018436182,1.005393028,ros2_odometer_state
M19C_S1_lab_hard_floor_B2_U020_R2,789.184684200,9.522255067,stop,0.200000,-5.002158165,-0.155060172,1.005027890,0.036266044,0.018536437,1.005464673,ros2_odometer_state
M19C_S1_lab_hard_floor_B2_U020_R2,789.186715703,9.524286570,stop,0.200000,-5.002158165,-0.155060172,1.005027890,0.036261410,0.018644840,1.005532384,ros2_odometer_state
M19C_S1_lab_hard_floor_B2_U020_R2,789.190766068,9.528336935,stop,0.200000,-5.002158165,-0.155060172,1.005027890,0.036246981,0.018865701,1.005671620,ros2_odometer_state
M19C_S1_lab_hard_floor_B2_U020_R2,789.191795228,9.529366095,stop,0.200000,-5.002158165,-0.155060172,1.005671620,0.036240004,0.018982535,1.005736709,ros2_odometer_state
M19C_S1_lab_hard_floor_B2_U020_R2,789.192729728,9.530300595,stop,0.200000,-5.002158165,-0.155060172,1.005671620,0.036240004,0.018982535,1.005736709,ros2_odometer_state
M19C_S1_lab_hard_floor_B2_U020_R2,789.195379943,9.532950810,stop,0.200000,-5.002158165,-0.155060172,1.005671620,0.036244381,0.019244391,1.005882382,ros2_odometer_state
M19C_S1_lab_hard_floor_B2_U020_R2,789.198659047,9.536229914,stop,0.200000,-5.002158165,-0.155060172,1.005671620,0.036236569,0.019373212,1.005967975,ros2_odometer_state
M19C_S1_lab_hard_floor_B2_U020_R2,789.199619916,9.537190783,stop,0.200000,-5.002158165,-0.155060172,1.005671620,0.036220897,0.019497126,1.006060362,ros2_odometer_state
M19C_S1_lab_hard_floor_B2_U020_R2,789.201409106,9.538979973,stop,0.200000,-5.002158165,-0.155060172,1.005671620,0.036202468,0.019625207,1.006146789,ros2_odometer_state
M19C_S1_lab_hard_floor_B2_U020_R2,789.203363070,9.540933937,stop,0.200000,-5.002158165,-0.155060172,1.005671620,0.036188357,0.019752221,1.006242037,ros2_odometer_state
M19C_S1_lab_hard_floor_B2_U020_R2,789.204576909,9.542147776,stop,0.200000,-5.002158165,-0.155060172,1.005671620,0.036188357,0.019752221,1.006242037,ros2_odometer_state
M19C_S1_lab_hard_floor_B2_U020_R2,789.207329656,9.544900523,stop,0.200000,-5.002158165,-0.155060172,1.005671620,0.036160965,0.020017758,1.006444335,ros2_odometer_state
M19C_S1_lab_hard_floor_B2_U020_R2,789.209390536,9.546961403,stop,0.200000,-5.002158165,-0.155060172,1.005671620,0.036138501,0.020159367,1.006567478,ros2_odometer_state
M19C_S1_lab_hard_floor_B2_U020_R2,789.211389781,9.548960648,stop,0.200000,-5.002158165,-0.155060172,1.006567478,0.036115352,0.020298751,1.006691813,ros2_odometer_state
M19C_S1_lab_hard_floor_B2_U020_R2,789.213388867,9.550959734,stop,0.200000,-5.002158165,-0.155060172,1.006567478,0.036095023,0.020444389,1.006819725,ros2_odometer_state
M19C_S1_lab_hard_floor_B2_U020_R2,789.214504142,9.552075009,stop,0.200000,-5.002158165,-0.155060172,1.006567478,0.036095023,0.020444389,1.006819725,ros2_odometer_state
M19C_S1_lab_hard_floor_B2_U020_R2,789.218166013,9.555736880,stop,0.200000,-5.002158165,-0.155060172,1.006567478,0.036063854,0.020763846,1.007083535,ros2_odometer_state
M19C_S1_lab_hard_floor_B2_U020_R2,789.218971676,9.556542543,stop,0.200000,-5.002158165,-0.155060172,1.006567478,0.036063854,0.020763846,1.007083535,ros2_odometer_state
M19C_S1_lab_hard_floor_B2_U020_R2,789.220910919,9.558481786,stop,0.200000,-5.002158165,-0.155060172,1.006567478,0.036041558,0.020950064,1.007209301,ros2_odometer_state
M19C_S1_lab_hard_floor_B2_U020_R2,789.223425737,9.560996604,stop,0.200000,-5.002158165,-0.155060172,1.006567478,0.036006488,0.021389475,1.007441998,ros2_odometer_state
M19C_S1_lab_hard_floor_B2_U020_R2,789.225487705,9.563058572,stop,0.200000,-5.002158165,-0.155060172,1.006567478,0.035995074,0.021639498,1.007547140,ros2_odometer_state
M19C_S1_lab_hard_floor_B2_U020_R2,789.227359874,9.564930741,stop,0.200000,-5.002158165,-0.155060172,1.006567478,0.035985790,0.021898266,1.007647276,ros2_odometer_state
M19C_S1_lab_hard_floor_B2_U020_R2,789.229389617,9.566960484,stop,0.200000,-5.002158165,-0.155060172,1.006567478,0.035974644,0.022166919,1.007746458,ros2_odometer_state
M19C_S1_lab_hard_floor_B2_U020_R2,789.231429664,9.569000531,stop,0.200000,-5.002158165,-0.155060172,1.007746458,0.035954960,0.022442879,1.007847428,ros2_odometer_state
M19C_S1_lab_hard_floor_B2_U020_R2,789.233420429,9.570991296,stop,0.200000,-5.002158165,-0.155060172,1.007746458,0.035931077,0.022710958,1.007947206,ros2_odometer_state
M19C_S1_lab_hard_floor_B2_U020_R2,789.235409659,9.572980526,stop,0.200000,-5.002158165,-0.155060172,1.007746458,0.035909683,0.022980437,1.008043766,ros2_odometer_state
M19C_S1_lab_hard_floor_B2_U020_R2,789.237934589,9.575505456,stop,0.200000,-5.002158165,-0.155060172,1.007746458,0.035887618,0.023258977,1.008128524,ros2_odometer_state
M19C_S1_lab_hard_floor_B2_U020_R2,789.239444631,9.577015498,stop,0.200000,-5.002158165,-0.155060172,1.007746458,0.035866443,0.023527011,1.008208275,ros2_odometer_state
M19C_S1_lab_hard_floor_B2_U020_R2,789.241503463,9.579074330,stop,0.200000,-5.002158165,-0.155060172,1.007746458,0.035846174,0.023784457,1.008272886,ros2_odometer_state
M19C_S1_lab_hard_floor_B2_U020_R2,789.244355094,9.581925961,stop,0.200000,-5.002158165,-0.155060172,1.007746458,0.035815816,0.024044823,1.008323908,ros2_odometer_state
M19C_S1_lab_hard_floor_B2_U020_R2,789.244968846,9.582539713,stop,0.200000,-5.002158165,-0.155060172,1.007746458,0.035815816,0.024044823,1.008323908,ros2_odometer_state
M19C_S1_lab_hard_floor_B2_U020_R2,789.246709746,9.584280613,stop,0.200000,-5.002158165,-0.155060172,1.007746458,0.035792742,0.024303142,1.008368015,ros2_odometer_state
M19C_S1_lab_hard_floor_B2_U020_R2,789.248754849,9.586325716,stop,0.200000,-5.002158165,-0.155060172,1.007746458,0.035775088,0.024544595,1.008411169,ros2_odometer_state
M19C_S1_lab_hard_floor_B2_U020_R2,789.250988792,9.588559659,stop,0.200000,-5.002158165,-0.155060172,1.008457541,0.035752941,0.024778824,1.008457541,ros2_odometer_state
M19C_S1_lab_hard_floor_B2_U020_R2,789.252803902,9.590374769,stop,0.200000,-5.002158165,-0.155060172,1.008457541,0.035729062,0.025010698,1.008488297,ros2_odometer_state
M19C_S1_lab_hard_floor_B2_U020_R2,789.254889647,9.592460514,stop,0.200000,-5.002158165,-0.155060172,1.008457541,0.035708714,0.025225190,1.008502841,ros2_odometer_state
M19C_S1_lab_hard_floor_B2_U020_R2,789.257406385,9.594977252,stop,0.200000,-5.002158165,-0.155060172,1.008457541,0.035686832,0.025433436,1.008503079,ros2_odometer_state
M19C_S1_lab_hard_floor_B2_U020_R2,789.258815816,9.596386683,stop,0.200000,-5.002158165,-0.155060172,1.008457541,0.035661198,0.025621843,1.008498669,ros2_odometer_state
M19C_S1_lab_hard_floor_B2_U020_R2,789.260808405,9.598379272,stop,0.200000,-5.002158165,-0.155060172,1.008457541,0.035631772,0.025793485,1.008488297,ros2_odometer_state
M19C_S1_lab_hard_floor_B2_U020_R2,789.262762433,9.600333300,stop,0.200000,-5.002158165,-0.155060172,1.008457541,0.035603181,0.025958899,1.008458614,ros2_odometer_state
M19C_S1_lab_hard_floor_B2_U020_R2,789.264713005,9.602283872,stop,0.200000,-5.002158165,-0.155060172,1.008457541,0.035587143,0.026113732,1.008422017,ros2_odometer_state
M19C_S1_lab_hard_floor_B2_U020_R2,789.266762013,9.604332880,stop,0.200000,-5.002158165,-0.155060172,1.008457541,0.035566591,0.026258947,1.008380651,ros2_odometer_state
M19C_S1_lab_hard_floor_B2_U020_R2,789.268751594,9.606322461,stop,0.200000,-5.002158165,-0.155060172,1.008457541,0.035536118,0.026391868,1.008341551,ros2_odometer_state
M19C_S1_lab_hard_floor_B2_U020_R2,789.271540118,9.609110985,stop,0.200000,-5.002158165,-0.155060172,1.008295774,0.035456870,0.026620874,1.008229256,ros2_odometer_state
M19C_S1_lab_hard_floor_B2_U020_R2,789.272690755,9.610261622,stop,0.200000,-5.002158165,-0.155060172,1.008295774,0.035456870,0.026620874,1.008229256,ros2_odometer_state
M19C_S1_lab_hard_floor_B2_U020_R2,789.274657231,9.612228098,stop,0.200000,-5.002158165,-0.155060172,1.008295774,0.035413112,0.026722614,1.008154273,ros2_odometer_state
M19C_S1_lab_hard_floor_B2_U020_R2,789.278082837,9.615653704,stop,0.200000,-5.002158165,-0.155060172,1.008295774,0.035325173,0.026887750,1.008026719,ros2_odometer_state
M19C_S1_lab_hard_floor_B2_U020_R2,789.279732373,9.617303240,stop,0.200000,-5.002158165,-0.155060172,1.008295774,0.035272382,0.026953250,1.007962346,ros2_odometer_state
M19C_S1_lab_hard_floor_B2_U020_R2,789.281654495,9.619225362,stop,0.200000,-5.002158165,-0.155060172,1.008295774,0.035219815,0.027014358,1.007898569,ros2_odometer_state
M19C_S1_lab_hard_floor_B2_U020_R2,789.283524168,9.621095035,stop,0.200000,-5.002158165,-0.155060172,1.008295774,0.035160992,0.027068052,1.007846117,ros2_odometer_state
M19C_S1_lab_hard_floor_B2_U020_R2,789.285431378,9.623002245,stop,0.200000,-5.002158165,-0.155060172,1.008295774,0.035103455,0.027116267,1.007791162,ros2_odometer_state
M19C_S1_lab_hard_floor_B2_U020_R2,789.287625991,9.625196858,stop,0.200000,-5.002158165,-0.155060172,1.008295774,0.035048895,0.027150240,1.007743478,ros2_odometer_state
M19C_S1_lab_hard_floor_B2_U020_R2,789.289745146,9.627316013,stop,0.200000,-5.002158165,-0.155060172,1.008295774,0.035005379,0.027174562,1.007700920,ros2_odometer_state
M19C_S1_lab_hard_floor_B2_U020_R2,789.291611650,9.629182517,stop,0.200000,-5.002158165,-0.155060172,1.007700920,0.034957238,0.027199179,1.007658124,ros2_odometer_state
M19C_S1_lab_hard_floor_B2_U020_R2,789.293550221,9.631121088,stop,0.200000,-5.002158165,-0.155060172,1.007700920,0.034918524,0.027216416,1.007622361,ros2_odometer_state
M19C_S1_lab_hard_floor_B2_U020_R2,789.295545499,9.633116366,stop,0.200000,-5.002158165,-0.155060172,1.007700920,0.034882329,0.027224533,1.007594466,ros2_odometer_state
M19C_S1_lab_hard_floor_B2_U020_R2,789.298061693,9.635632560,stop,0.200000,-5.002158165,-0.155060172,1.007700920,0.034843165,0.027226757,1.007567167,ros2_odometer_state
M19C_S1_lab_hard_floor_B2_U020_R2,789.299772031,9.637342898,stop,0.200000,-5.002158165,-0.155060172,1.007700920,0.034816775,0.027224191,1.007549167,ros2_odometer_state
M19C_S1_lab_hard_floor_B2_U020_R2,789.301583270,9.639154137,stop,0.200000,-5.002158165,-0.155060172,1.007700920,0.034799550,0.027219474,1.007549524,ros2_odometer_state
M19C_S1_lab_hard_floor_B2_U020_R2,789.303511536,9.641082403,stop,0.200000,-5.002158165,-0.155060172,1.007700920,0.034783807,0.027210284,1.007559776,ros2_odometer_state
M19C_S1_lab_hard_floor_B2_U020_R2,789.305562368,9.643133235,stop,0.200000,-5.002158165,-0.155060172,1.007700920,0.034768708,0.027203210,1.007571459,ros2_odometer_state
M19C_S1_lab_hard_floor_B2_U020_R2,789.307536013,9.645106880,stop,0.200000,-5.002158165,-0.155060172,1.007700920,0.034761932,0.027198529,1.007594943,ros2_odometer_state
M19C_S1_lab_hard_floor_B2_U020_R2,789.308744764,9.646315631,stop,0.200000,-5.002158165,-0.155060172,1.007700920,0.034761932,0.027198529,1.007594943,ros2_odometer_state
M19C_S1_lab_hard_floor_B2_U020_R2,789.312239620,9.649810487,stop,0.200000,-5.002158165,-0.155060172,1.007627368,0.034765378,0.027188599,1.007664561,ros2_odometer_state
M19C_S1_lab_hard_floor_B2_U020_R2,789.313607161,9.651178028,stop,0.200000,-5.002158165,-0.155060172,1.007627368,0.034771048,0.027178070,1.007705212,ros2_odometer_state
M19C_S1_lab_hard_floor_B2_U020_R2,789.315617735,9.653188602,stop,0.200000,-5.002158165,-0.155060172,1.007627368,0.034768637,0.027171638,1.007744431,ros2_odometer_state
M19C_S1_lab_hard_floor_B2_U020_R2,789.318399539,9.655970406,stop,0.200000,-5.002158165,-0.155060172,1.007627368,0.034769997,0.027169025,1.007793784,ros2_odometer_state
M19C_S1_lab_hard_floor_B2_U020_R2,789.319116111,9.656686978,stop,0.200000,-5.002158165,-0.155060172,1.007627368,0.034769997,0.027169025,1.007793784,ros2_odometer_state
M19C_S1_lab_hard_floor_B2_U020_R2,789.321699955,9.659270822,stop,0.200000,-5.002158165,-0.155060172,1.007627368,0.034775004,0.027181750,1.007900000,ros2_odometer_state
M19C_S1_lab_hard_floor_B2_U020_R2,789.322764476,9.660335343,stop,0.200000,-5.002158165,-0.155060172,1.007627368,0.034775004,0.027181750,1.007900000,ros2_odometer_state
M19C_S1_lab_hard_floor_B2_U020_R2,789.325590442,9.663161309,stop,0.200000,-5.002158165,-0.155060172,1.007627368,0.034757622,0.027226686,1.008012652,ros2_odometer_state
M19C_S1_lab_hard_floor_B2_U020_R2,789.327573879,9.665144746,stop,0.200000,-5.002158165,-0.155060172,1.007627368,0.034741949,0.027262354,1.008059025,ros2_odometer_state
M19C_S1_lab_hard_floor_B2_U020_R2,789.329591814,9.667162681,stop,0.200000,-5.002158165,-0.155060172,1.007627368,0.034730583,0.027298819,1.008099079,ros2_odometer_state
M19C_S1_lab_hard_floor_B2_U020_R2,789.332309231,9.669880098,stop,0.200000,-5.002158165,-0.155060172,1.008099079,0.034717411,0.027345326,1.008134842,ros2_odometer_state
M19C_S1_lab_hard_floor_B2_U020_R2,789.332880485,9.670451352,stop,0.200000,-5.002158165,-0.155060172,1.008099079,0.034717411,0.027345326,1.008134842,ros2_odometer_state
M19C_S1_lab_hard_floor_B2_U020_R2,789.335485579,9.673056446,stop,0.200000,-5.002158165,-0.155060172,1.008099079,0.034648437,0.027447298,1.008203626,ros2_odometer_state
M19C_S1_lab_hard_floor_B2_U020_R2,789.338213173,9.675784040,stop,0.200000,-5.002158165,-0.155060172,1.008099079,0.034615930,0.027496973,1.008231759,ros2_odometer_state
M19C_S1_lab_hard_floor_B2_U020_R2,789.339534600,9.677105467,stop,0.200000,-5.002158165,-0.155060172,1.008099079,0.034584910,0.027540611,1.008264542,ros2_odometer_state
M19C_S1_lab_hard_floor_B2_U020_R2,789.341968839,9.679539706,stop,0.200000,-5.002158165,-0.155060172,1.008099079,0.034552686,0.027578596,1.008297205,ros2_odometer_state
M19C_S1_lab_hard_floor_B2_U020_R2,789.344304129,9.681874996,stop,0.200000,-5.002158165,-0.155060172,1.008099079,0.034511950,0.027609691,1.008316994,ros2_odometer_state
M19C_S1_lab_hard_floor_B2_U020_R2,789.344960955,9.682531822,stop,0.200000,-5.002158165,-0.155060172,1.008099079,0.034511950,0.027609691,1.008316994,ros2_odometer_state
M19C_S1_lab_hard_floor_B2_U020_R2,789.347913806,9.685484673,stop,0.200000,-5.002158165,-0.155060172,1.008099079,0.034440674,0.027646840,1.008338571,ros2_odometer_state
M19C_S1_lab_hard_floor_B2_U020_R2,789.349037241,9.686608108,stop,0.200000,-5.002158165,-0.155060172,1.008099079,0.034440674,0.027646840,1.008338571,ros2_odometer_state
M19C_S1_lab_hard_floor_B2_U020_R2,789.351750339,9.689321206,stop,0.200000,-5.002158165,-0.155060172,1.008347869,0.034383997,0.027670681,1.008351803,ros2_odometer_state
M19C_S1_lab_hard_floor_B2_U020_R2,789.353719087,9.691289954,stop,0.200000,-5.002158165,-0.155060172,1.008347869,0.034354381,0.027675711,1.008346319,ros2_odometer_state
M19C_S1_lab_hard_floor_B2_U020_R2,789.355656122,9.693226989,stop,0.200000,-5.002158165,-0.155060172,1.008347869,0.034326490,0.027683889,1.008341193,ros2_odometer_state
M19C_S1_lab_hard_floor_B2_U020_R2,789.358241343,9.695812210,stop,0.200000,-5.002158165,-0.155060172,1.008347869,0.034311280,0.027695617,1.008331060,ros2_odometer_state
M19C_S1_lab_hard_floor_B2_U020_R2,789.359697879,9.697268746,stop,0.200000,-5.002158165,-0.155060172,1.008347869,0.034298629,0.027704736,1.008307338,ros2_odometer_state
M19C_S1_lab_hard_floor_B2_U020_R2,789.361723590,9.699294457,stop,0.200000,-5.002158165,-0.155060172,1.008347869,0.034290254,0.027712354,1.008284807,ros2_odometer_state
M19C_S1_lab_hard_floor_B2_U020_R2,789.363630576,9.701201443,stop,0.200000,-5.002158165,-0.155060172,1.008347869,0.034280319,0.027712384,1.008261800,ros2_odometer_state
M19C_S1_lab_hard_floor_B2_U020_R2,789.365778276,9.703349143,stop,0.200000,-5.002158165,-0.155060172,1.008347869,0.034265675,0.027714727,1.008225441,ros2_odometer_state
M19C_S1_lab_hard_floor_B2_U020_R2,789.367080150,9.704651017,stop,0.200000,-5.002158165,-0.155060172,1.008347869,0.034265675,0.027714727,1.008225441,ros2_odometer_state
M19C_S1_lab_hard_floor_B2_U020_R2,789.369047619,9.706618486,stop,0.200000,-5.002158165,-0.155060172,1.008347869,0.034254409,0.027715269,1.008186579,ros2_odometer_state
M19C_S1_lab_hard_floor_B2_U020_R2,789.371766476,9.709337343,stop,0.200000,-5.002158165,-0.155060172,1.008144498,0.034249339,0.027716305,1.008100867,ros2_odometer_state
M19C_S1_lab_hard_floor_B2_U020_R2,789.374035876,9.711606743,stop,0.200000,-5.002158165,-0.155060172,1.008144498,0.034248728,0.027722765,1.008060455,ros2_odometer_state
M19C_S1_lab_hard_floor_B2_U020_R2,789.375867180,9.713438047,stop,0.200000,-5.002158165,-0.155060172,1.008144498,0.034245327,0.027728846,1.008014798,ros2_odometer_state
M19C_S1_lab_hard_floor_B2_U020_R2,789.377599375,9.715170242,stop,0.200000,-5.002158165,-0.155060172,1.008144498,0.034245327,0.027728846,1.008014798,ros2_odometer_state
M19C_S1_lab_hard_floor_B2_U020_R2,789.379100009,9.716670876,stop,0.200000,-5.002158165,-0.155060172,1.008144498,0.034239687,0.027732415,1.007965684,ros2_odometer_state
M19C_S1_lab_hard_floor_B2_U020_R2,789.381142296,9.718713163,stop,0.200000,-5.002158165,-0.155060172,1.008144498,0.034233309,0.027743524,1.007916808,ros2_odometer_state
M19C_S1_lab_hard_floor_B2_U020_R2,789.383095044,9.720665911,stop,0.200000,-5.002158165,-0.155060172,1.008144498,0.034225609,0.027755814,1.007877469,ros2_odometer_state
M19C_S1_lab_hard_floor_B2_U020_R2,789.385123539,9.722694406,stop,0.200000,-5.002158165,-0.155060172,1.008144498,0.034217730,0.027762303,1.007838011,ros2_odometer_state
M19C_S1_lab_hard_floor_B2_U020_R2,789.387070015,9.724640882,stop,0.200000,-5.002158165,-0.155060172,1.008144498,0.034213949,0.027757296,1.007802248,ros2_odometer_state
M19C_S1_lab_hard_floor_B2_U020_R2,789.389779880,9.727350747,stop,0.200000,-5.002158165,-0.155060172,1.008144498,0.034210548,0.027767897,1.007727742,ros2_odometer_state
M19C_S1_lab_hard_floor_B2_U020_R2,789.391791766,9.729362633,stop,0.200000,-5.002158165,-0.155060172,1.007727742,0.034211248,0.027776614,1.007695675,ros2_odometer_state
M19C_S1_lab_hard_floor_B2_U020_R2,789.393716929,9.731287796,stop,0.200000,-5.002158165,-0.155060172,1.007727742,0.034206759,0.027784435,1.007662535,ros2_odometer_state
M19C_S1_lab_hard_floor_B2_U020_R2,789.395718927,9.733289794,stop,0.200000,-5.002158165,-0.155060172,1.007727742,0.034205016,0.027792430,1.007628918,ros2_odometer_state
M19C_S1_lab_hard_floor_B2_U020_R2,789.398447513,9.736018380,stop,0.200000,-5.002158165,-0.155060172,1.007727742,0.034205016,0.027792430,1.007628918,ros2_odometer_state
M19C_S1_lab_hard_floor_B2_U020_R2,789.399194166,9.736765033,stop,0.200000,-5.002158165,-0.155060172,1.007727742,0.034205016,0.027792430,1.007628918,ros2_odometer_state
M19C_S1_lab_hard_floor_B2_U020_R2,789.402202923,9.739773790,stop,0.200000,-5.002158165,-0.155060172,1.007727742,0.034186251,0.027839741,1.007563353,ros2_odometer_state
M19C_S1_lab_hard_floor_B2_U020_R2,789.403143727,9.740714594,stop,0.200000,-5.002158165,-0.155060172,1.007727742,0.034186251,0.027839741,1.007563353,ros2_odometer_state
M19C_S1_lab_hard_floor_B2_U020_R2,789.405814871,9.743385738,stop,0.200000,-5.002158165,-0.155060172,1.007727742,0.034189966,0.027856261,1.007567763,ros2_odometer_state
M19C_S1_lab_hard_floor_B2_U020_R2,789.406913730,9.744484597,stop,0.200000,-5.002158165,-0.155060172,1.007727742,0.034189966,0.027856261,1.007567763,ros2_odometer_state
M19C_S1_lab_hard_floor_B2_U020_R2,789.409770865,9.747341732,stop,0.200000,-5.002158165,-0.155060172,1.007727742,0.034193482,0.027890513,1.007567883,ros2_odometer_state
M19C_S1_lab_hard_floor_B2_U020_R2,789.411826081,9.749396948,stop,0.200000,-5.002158165,-0.155060172,1.007567883,0.034206424,0.027919997,1.007574916,ros2_odometer_state
M19C_S1_lab_hard_floor_B2_U020_R2,789.414873399,9.752444266,stop,0.200000,-5.002158165,-0.155060172,1.007567883,0.034221753,0.027947584,1.007575870,ros2_odometer_state
M19C_S1_lab_hard_floor_B2_U020_R2,789.415208900,9.752779767,stop,0.200000,-5.002158165,-0.155060172,1.007567883,0.034221753,0.027947584,1.007575870,ros2_odometer_state
M19C_S1_lab_hard_floor_B2_U020_R2,789.418299932,9.755870799,stop,0.200000,-5.002158165,-0.155060172,1.007567883,0.034217194,0.028044140,1.007556319,ros2_odometer_state
M19C_S1_lab_hard_floor_B2_U020_R2,789.419773813,9.757344680,stop,0.200000,-5.002158165,-0.155060172,1.007567883,0.034214403,0.028099017,1.007547736,ros2_odometer_state
M19C_S1_lab_hard_floor_B2_U020_R2,789.421737186,9.759308053,stop,0.200000,-5.002158165,-0.155060172,1.007567883,0.034210943,0.028165923,1.007538915,ros2_odometer_state
M19C_S1_lab_hard_floor_B2_U020_R2,789.423635659,9.761206526,stop,0.200000,-5.002158165,-0.155060172,1.007567883,0.034212418,0.028231489,1.007536530,ros2_odometer_state
M19C_S1_lab_hard_floor_B2_U020_R2,789.425643961,9.763214828,stop,0.200000,-5.002158165,-0.155060172,1.007567883,0.034211207,0.028291406,1.007535458,ros2_odometer_state
M19C_S1_lab_hard_floor_B2_U020_R2,789.427643431,9.765214298,stop,0.200000,-5.002158165,-0.155060172,1.007567883,0.034201991,0.028346719,1.007533312,ros2_odometer_state
M19C_S1_lab_hard_floor_B2_U020_R2,789.429686326,9.767257193,stop,0.200000,-5.002158165,-0.155060172,1.007567883,0.034192696,0.028401721,1.007530093,ros2_odometer_state
M19C_S1_lab_hard_floor_B2_U020_R2,789.431744614,9.769315481,stop,0.200000,-5.002158165,-0.155060172,1.007530093,0.034179728,0.028458241,1.007528543,ros2_odometer_state
M19C_S1_lab_hard_floor_B2_U020_R2,789.433677970,9.771248837,stop,0.200000,-5.002158165,-0.155060172,1.007530093,0.034171231,0.028500896,1.007539511,ros2_odometer_state
M19C_S1_lab_hard_floor_B2_U020_R2,789.435638302,9.773209169,stop,0.200000,-5.002158165,-0.155060172,1.007530093,0.034168325,0.028526118,1.007556915,ros2_odometer_state
M19C_S1_lab_hard_floor_B2_U020_R2,789.438363624,9.775934491,stop,0.200000,-5.002158165,-0.155060172,1.007530093,0.034170650,0.028538888,1.007577658,ros2_odometer_state
M19C_S1_lab_hard_floor_B2_U020_R2,789.439848865,9.777419732,stop,0.200000,-5.002158165,-0.155060172,1.007530093,0.034169380,0.028539361,1.007604957,ros2_odometer_state
M19C_S1_lab_hard_floor_B2_U020_R2,789.441876624,9.779447491,stop,0.200000,-5.002158165,-0.155060172,1.007530093,0.034175985,0.028526504,1.007632375,ros2_odometer_state
M19C_S1_lab_hard_floor_B2_U020_R2,789.444036612,9.781607479,stop,0.200000,-5.002158165,-0.155060172,1.007530093,0.034180719,0.028508639,1.007661939,ros2_odometer_state
M19C_S1_lab_hard_floor_B2_U020_R2,789.445178928,9.782749795,stop,0.200000,-5.002158165,-0.155060172,1.007530093,0.034180719,0.028508639,1.007661939,ros2_odometer_state
M19C_S1_lab_hard_floor_B2_U020_R2,789.448490705,9.786061572,stop,0.200000,-5.002158165,-0.155060172,1.007530093,0.034172677,0.028443882,1.007732034,ros2_odometer_state
M19C_S1_lab_hard_floor_B2_U020_R2,789.449144874,9.786715741,stop,0.200000,-5.002158165,-0.155060172,1.007530093,0.034172677,0.028443882,1.007732034,ros2_odometer_state
M19C_S1_lab_hard_floor_B2_U020_R2,789.451886261,9.789457128,stop,0.200000,-5.002158165,-0.155060172,1.007773399,0.034185801,0.028381048,1.007818580,ros2_odometer_state
M19C_S1_lab_hard_floor_B2_U020_R2,789.453833857,9.791404724,stop,0.200000,-5.002158165,-0.155060172,1.007773399,0.034194794,0.028351603,1.007862329,ros2_odometer_state
M19C_S1_lab_hard_floor_B2_U020_R2,789.455906321,9.793477188,stop,0.200000,-5.002158165,-0.155060172,1.007773399,0.034202378,0.028327184,1.007901192,ros2_odometer_state
M19C_S1_lab_hard_floor_B2_U020_R2,789.458368881,9.795939748,stop,0.200000,-5.002158165,-0.155060172,1.007773399,0.034199595,0.028302724,1.007927656,ros2_odometer_state
M19C_S1_lab_hard_floor_B2_U020_R2,789.459951662,9.797522529,stop,0.200000,-5.002158165,-0.155060172,1.007773399,0.034191772,0.028280027,1.007947326,ros2_odometer_state
M19C_S1_lab_hard_floor_B2_U020_R2,789.461862969,9.799433836,stop,0.200000,-5.002158165,-0.155060172,1.007773399,0.034181103,0.028268633,1.007954478,ros2_odometer_state
M19C_S1_lab_hard_floor_B2_U020_R2,789.463882087,9.801452954,stop,0.200000,-5.002158165,-0.155060172,1.007773399,0.034173984,0.028262896,1.007944345,ros2_odometer_state
M19C_S1_lab_hard_floor_B2_U020_R2,789.465922134,9.803493001,stop,0.200000,-5.002158165,-0.155060172,1.007773399,0.034166470,0.028262239,1.007927895,ros2_odometer_state
M19C_S1_lab_hard_floor_B2_U020_R2,789.467850369,9.805421236,stop,0.200000,-5.002158165,-0.155060172,1.007773399,0.034158118,0.028266193,1.007906079,ros2_odometer_state
M19C_S1_lab_hard_floor_B2_U020_R2,789.469862063,9.807432930,stop,0.200000,-5.002158165,-0.155060172,1.007773399,0.034150265,0.028269852,1.007875204,ros2_odometer_state
M19C_S1_lab_hard_floor_B2_U020_R2,789.471887998,9.809458865,stop,0.200000,-5.002158165,-0.155060172,1.007875204,0.034146696,0.028275756,1.007843256,ros2_odometer_state
M19C_S1_lab_hard_floor_B2_U020_R2,789.473791304,9.811362171,stop,0.200000,-5.002158165,-0.155060172,1.007875204,0.034136541,0.028276457,1.007806659,ros2_odometer_state
M19C_S1_lab_hard_floor_B2_U020_R2,789.476081345,9.813652212,stop,0.200000,-5.002158165,-0.155060172,1.007875204,0.034126781,0.028270302,1.007767439,ros2_odometer_state
M19C_S1_lab_hard_floor_B2_U020_R2,789.478448989,9.816019856,stop,0.200000,-5.002158165,-0.155060172,1.007875204,0.034120575,0.028247995,1.007735252,ros2_odometer_state
M19C_S1_lab_hard_floor_B2_U020_R2,789.479269149,9.816840016,stop,0.200000,-5.002158165,-0.155060172,1.007875204,0.034120575,0.028247995,1.007735252,ros2_odometer_state
M19C_S1_lab_hard_floor_B2_U020_R2,789.482207343,9.819778210,stop,0.200000,-5.002158165,-0.155060172,1.007875204,0.034107067,0.028194726,1.007672191,ros2_odometer_state
M19C_S1_lab_hard_floor_B2_U020_R2,789.483849391,9.821420258,stop,0.200000,-5.002158165,-0.155060172,1.007875204,0.034110926,0.028155006,1.007646441,ros2_odometer_state
M19C_S1_lab_hard_floor_B2_U020_R2,789.486106086,9.823676953,stop,0.200000,-5.002158165,-0.155060172,1.007875204,0.034116220,0.028121084,1.007622361,ros2_odometer_state
M19C_S1_lab_hard_floor_B2_U020_R2,789.487880043,9.825450910,stop,0.200000,-5.002158165,-0.155060172,1.007875204,0.034121696,0.028094808,1.007611990,ros2_odometer_state
M19C_S1_lab_hard_floor_B2_U020_R2,789.490122978,9.827693845,stop,0.200000,-5.002158165,-0.155060172,1.007875204,0.034125824,0.028063498,1.007603288,ros2_odometer_state
M19C_S1_lab_hard_floor_B2_U020_R2,789.491235758,9.828806625,stop,0.200000,-5.002158165,-0.155060172,1.007603288,0.034125824,0.028063498,1.007603288,ros2_odometer_state
M19C_S1_lab_hard_floor_B2_U020_R2,789.493882421,9.831453288,stop,0.200000,-5.002158165,-0.155060172,1.007603288,0.034142017,0.027991816,1.007585168,ros2_odometer_state
M19C_S1_lab_hard_floor_B2_U020_R2,789.496228112,9.833798979,stop,0.200000,-5.002158165,-0.155060172,1.007603288,0.034156971,0.027966369,1.007581234,ros2_odometer_state
M19C_S1_lab_hard_floor_B2_U020_R2,789.497731114,9.835301981,stop,0.200000,-5.002158165,-0.155060172,1.007603288,0.034156971,0.027966369,1.007581234,ros2_odometer_state
M19C_S1_lab_hard_floor_B2_U020_R2,789.499285094,9.836855961,stop,0.200000,-5.002158165,-0.155060172,1.007603288,0.034167059,0.027955271,1.007578611,ros2_odometer_state
M19C_S1_lab_hard_floor_B2_U020_R2,789.501221170,9.838792037,stop,0.200000,-5.002158165,-0.155060172,1.007603288,0.034174297,0.027956897,1.007574916,ros2_odometer_state
M19C_S1_lab_hard_floor_B2_U020_R2,789.503831991,9.841402858,stop,0.200000,-5.002158165,-0.155060172,1.007603288,0.034167051,0.027953582,1.007598519,ros2_odometer_state
M19C_S1_lab_hard_floor_B2_U020_R2,789.505790019,9.843360886,stop,0.200000,-5.002158165,-0.155060172,1.007603288,0.034165636,0.027947467,1.007603049,ros2_odometer_state
M19C_S1_lab_hard_floor_B2_U020_R2,789.508213889,9.845784756,stop,0.200000,-5.002158165,-0.155060172,1.007603288,0.034162320,0.027937755,1.007613540,ros2_odometer_state
M19C_S1_lab_hard_floor_B2_U020_R2,789.509241289,9.846812156,stop,0.200000,-5.002158165,-0.155060172,1.007603288,0.034162320,0.027937755,1.007613540,ros2_odometer_state
M19C_S1_lab_hard_floor_B2_U020_R2,789.511256376,9.848827243,stop,0.200000,-5.002158165,-0.155060172,1.007621288,0.034153815,0.027932925,1.007621288,ros2_odometer_state
M19C_S1_lab_hard_floor_B2_U020_R2,789.513432556,9.851003423,stop,0.200000,-5.002158165,-0.155060172,1.007621288,0.034142099,0.027922090,1.007630229,ros2_odometer_state
M19C_S1_lab_hard_floor_B2_U020_R2,789.515970639,9.853541506,stop,0.200000,-5.002158165,-0.155060172,1.007621288,0.034109838,0.027893962,1.007649779,ros2_odometer_state
M19C_S1_lab_hard_floor_B2_U020_R2,789.518589428,9.856160295,stop,0.200000,-5.002158165,-0.155060172,1.007621288,0.034095179,0.027888387,1.007661462,ros2_odometer_state
M19C_S1_lab_hard_floor_B2_U020_R2,789.519172395,9.856743262,stop,0.200000,-5.002158165,-0.155060172,1.007621288,0.034095179,0.027888387,1.007661462,ros2_odometer_state
M19C_S1_lab_hard_floor_B2_U020_R2,789.521992889,9.859563756,stop,0.200000,-5.002158165,-0.155060172,1.007621288,0.034050167,0.027857782,1.007692575,ros2_odometer_state
M19C_S1_lab_hard_floor_B2_U020_R2,789.523952965,9.861523832,stop,0.200000,-5.002158165,-0.155060172,1.007621288,0.034039259,0.027834406,1.007696629,ros2_odometer_state
M19C_S1_lab_hard_floor_B2_U020_R2,789.525960275,9.863531142,stop,0.200000,-5.002158165,-0.155060172,1.007621288,0.034026258,0.027818313,1.007699370,ros2_odometer_state
M19C_S1_lab_hard_floor_B2_U020_R2,789.527971713,9.865542580,stop,0.200000,-5.002158165,-0.155060172,1.007621288,0.034007154,0.027802199,1.007709622,ros2_odometer_state
M19C_S1_lab_hard_floor_B2_U020_R2,789.529981775,9.867552642,stop,0.200000,-5.002158165,-0.155060172,1.007621288,0.033997580,0.027783135,1.007712245,ros2_odometer_state
M19C_S1_lab_hard_floor_B2_U020_R2,789.532040447,9.869611314,stop,0.200000,-5.002158165,-0.155060172,1.007712245,0.033994380,0.027766744,1.007703066,ros2_odometer_state
M19C_S1_lab_hard_floor_B2_U020_R2,789.534056077,9.871626944,stop,0.200000,-5.002158165,-0.155060172,1.007712245,0.033986494,0.027756898,1.007695675,ros2_odometer_state
M19C_S1_lab_hard_floor_B2_U020_R2,789.539879824,9.877450691,stop,0.200000,-5.002158165,-0.155060172,1.007712245,0.033980604,0.027747357,1.007693291,ros2_odometer_state
M19C_S1_lab_hard_floor_B2_U020_R2,789.540841269,9.878412136,stop,0.200000,-5.002158165,-0.155060172,1.007712245,0.033983380,0.027742393,1.007694721,ros2_odometer_state
M19C_S1_lab_hard_floor_B2_U020_R2,789.541992546,9.879563413,stop,0.200000,-5.002158165,-0.155060172,1.007712245,0.033990145,0.027739594,1.007694960,ros2_odometer_state
M19C_S1_lab_hard_floor_B2_U020_R2,789.542857251,9.880428118,stop,0.200000,-5.002158165,-0.155060172,1.007712245,0.033991512,0.027735312,1.007683873,ros2_odometer_state
M19C_S1_lab_hard_floor_B2_U020_R2,789.543345366,9.880916233,stop,0.200000,-5.002158165,-0.155060172,1.007712245,0.033991512,0.027735312,1.007683873,ros2_odometer_state
M19C_S1_lab_hard_floor_B2_U020_R2,789.546671863,9.884242730,stop,0.200000,-5.002158165,-0.155060172,1.007712245,0.033986732,0.027723137,1.007679224,ros2_odometer_state
M19C_S1_lab_hard_floor_B2_U020_R2,789.547455350,9.885026217,stop,0.200000,-5.002158165,-0.155060172,1.007712245,0.033986732,0.027723137,1.007679224,ros2_odometer_state
M19C_S1_lab_hard_floor_B2_U020_R2,789.550375111,9.887945978,stop,0.200000,-5.002158165,-0.155060172,1.007712245,0.033965085,0.027714355,1.007656813,ros2_odometer_state
M19C_S1_lab_hard_floor_B2_U020_R2,789.552243504,9.889814371,stop,0.200000,-5.002158165,-0.155060172,1.007656813,0.033956729,0.027714005,1.007646203,ros2_odometer_state
M19C_S1_lab_hard_floor_B2_U020_R2,789.553981395,9.891552262,stop,0.200000,-5.002158165,-0.155060172,1.007656813,0.033951830,0.027708651,1.007639289,ros2_odometer_state
M19C_S1_lab_hard_floor_B2_U020_R2,789.555962720,9.893533587,stop,0.200000,-5.002158165,-0.155060172,1.007656813,0.033945054,0.027698444,1.007634044,ros2_odometer_state
M19C_S1_lab_hard_floor_B2_U020_R2,789.558734572,9.896305439,stop,0.200000,-5.002158165,-0.155060172,1.007656813,0.033932790,0.027682381,1.007623553,ros2_odometer_state
M19C_S1_lab_hard_floor_B2_U020_R2,789.559398950,9.896969817,stop,0.200000,-5.002158165,-0.155060172,1.007656813,0.033932790,0.027682381,1.007623553,ros2_odometer_state
M19C_S1_lab_hard_floor_B2_U020_R2,789.562280982,9.899851849,stop,0.200000,-5.002158165,-0.155060172,1.007656813,0.033887934,0.027661841,1.007608652,ros2_odometer_state
M19C_S1_lab_hard_floor_B2_U020_R2,789.563384417,9.900955284,stop,0.200000,-5.002158165,-0.155060172,1.007656813,0.033887934,0.027661841,1.007608652,ros2_odometer_state
M19C_S1_lab_hard_floor_B2_U020_R2,789.565378894,9.902949761,stop,0.200000,-5.002158165,-0.155060172,1.007656813,0.033873655,0.027652068,1.007600784,ros2_odometer_state
M19C_S1_lab_hard_floor_B2_U020_R2,789.567983059,9.905553926,stop,0.200000,-5.002158165,-0.155060172,1.007656813,0.033872072,0.027642559,1.007589936,ros2_odometer_state
M19C_S1_lab_hard_floor_B2_U020_R2,789.569427692,9.906998559,stop,0.200000,-5.002158165,-0.155060172,1.007656813,0.033869799,0.027633313,1.007584929,ros2_odometer_state
M19C_S1_lab_hard_floor_B2_U020_R2,789.571994799,9.909565666,stop,0.200000,-5.002158165,-0.155060172,1.007574081,0.033855565,0.027622731,1.007565260,ros2_odometer_state
M19C_S1_lab_hard_floor_B2_U020_R2,789.573905113,9.911475980,stop,0.200000,-5.002158165,-0.155060172,1.007574081,0.033854462,0.027621318,1.007559299,ros2_odometer_state
M19C_S1_lab_hard_floor_B2_U020_R2,789.575258798,9.912829665,stop,0.200000,-5.002158165,-0.155060172,1.007574081,0.033854462,0.027621318,1.007559299,ros2_odometer_state
M19C_S1_lab_hard_floor_B2_U020_R2,789.578765814,9.916336681,stop,0.200000,-5.002158165,-0.155060172,1.007574081,0.033871938,0.027604496,1.007547140,ros2_odometer_state
M19C_S1_lab_hard_floor_B2_U020_R2,789.579479730,9.917050597,stop,0.200000,-5.002158165,-0.155060172,1.007574081,0.033871938,0.027604496,1.007547140,ros2_odometer_state
M19C_S1_lab_hard_floor_B2_U020_R2,789.582358082,9.919928949,stop,0.200000,-5.002158165,-0.155060172,1.007574081,0.033872169,0.027598627,1.007532120,ros2_odometer_state
M19C_S1_lab_hard_floor_B2_U020_R2,789.584554903,9.922125770,stop,0.200000,-5.002158165,-0.155060172,1.007574081,0.033874933,0.027598582,1.007531166,ros2_odometer_state
M19C_S1_lab_hard_floor_B2_U020_R2,789.585453114,9.923023981,stop,0.200000,-5.002158165,-0.155060172,1.007574081,0.033874933,0.027598582,1.007531166,ros2_odometer_state
M19C_S1_lab_hard_floor_B2_U020_R2,789.587324419,9.924895286,stop,0.200000,-5.002158165,-0.155060172,1.007574081,0.033874795,0.027592827,1.007533550,ros2_odometer_state
M19C_S1_lab_hard_floor_B2_U020_R2,789.589307088,9.926877955,stop,0.200000,-5.002158165,-0.155060172,1.007574081,0.033875231,0.027595632,1.007523179,ros2_odometer_state
M19C_S1_lab_hard_floor_B2_U020_R2,789.592136958,9.929707825,stop,0.200000,-5.002158165,-0.155060172,1.007513046,0.033854850,0.027603883,1.007508039,ros2_odometer_state
M19C_S1_lab_hard_floor_B2_U020_R2,789.593985798,9.931556665,stop,0.200000,-5.002158165,-0.155060172,1.007513046,0.033854015,0.027601775,1.007512689,ros2_odometer_state
M19C_S1_lab_hard_floor_B2_U020_R2,789.595223670,9.932794537,stop,0.200000,-5.002158165,-0.155060172,1.007513046,0.033854015,0.027601775,1.007512689,ros2_odometer_state
M19C_S1_lab_hard_floor_B2_U020_R2,789.597907134,9.935478001,stop,0.200000,-5.002158165,-0.155060172,1.007513046,0.033849917,0.027604667,1.007513523,ros2_odometer_state
M19C_S1_lab_hard_floor_B2_U020_R2,789.599299796,9.936870663,stop,0.200000,-5.002158165,-0.155060172,1.007513046,0.033837028,0.027611617,1.007508039,ros2_odometer_state
M19C_S1_lab_hard_floor_B2_U020_R2,789.602170660,9.939741527,stop,0.200000,-5.002158165,-0.155060172,1.007513046,0.033826042,0.027613413,1.007508397,ros2_odometer_state
M19C_S1_lab_hard_floor_B2_U020_R2,789.604085390,9.941656257,stop,0.200000,-5.002158165,-0.155060172,1.007513046,0.033820506,0.027619774,1.007503152,ros2_odometer_state
M19C_S1_lab_hard_floor_B2_U020_R2,789.606011961,9.943582828,stop,0.200000,-5.002158165,-0.155060172,1.007513046,0.033815313,0.027624765,1.007511973,ros2_odometer_state
M19C_S1_lab_hard_floor_B2_U020_R2,789.607345997,9.944916864,stop,0.200000,-5.002158165,-0.155060172,1.007513046,0.033815313,0.027624765,1.007511973,ros2_odometer_state
M19C_S1_lab_hard_floor_B2_U020_R2,789.610126073,9.947696940,stop,0.200000,-5.002158165,-0.155060172,1.007513046,0.033803087,0.027636332,1.007520676,ros2_odometer_state
M19C_S1_lab_hard_floor_B2_U020_R2,789.612342959,9.949913826,stop,0.200000,-5.002158165,-0.155060172,1.007520676,0.033797495,0.027648089,1.007519722,ros2_odometer_state
M19C_S1_lab_hard_floor_B2_U020_R2,789.614101395,9.951672262,stop,0.200000,-5.002158165,-0.155060172,1.007520676,0.033797074,0.027657958,1.007526040,ros2_odometer_state
M19C_S1_lab_hard_floor_B2_U020_R2,789.616295144,9.953866011,stop,0.200000,-5.002158165,-0.155060172,1.007520676,0.033803143,0.027665578,1.007526636,ros2_odometer_state
M19C_S1_lab_hard_floor_B2_U020_R2,789.618010059,9.955580926,stop,0.200000,-5.002158165,-0.155060172,1.007520676,0.033803143,0.027665578,1.007526636,ros2_odometer_state
M19C_S1_lab_hard_floor_B2_U020_R2,789.620477227,9.958048094,stop,0.200000,-5.002158165,-0.155060172,1.007520676,0.033798449,0.027673526,1.007522345,ros2_odometer_state
M19C_S1_lab_hard_floor_B2_U020_R2,789.621571829,9.959142696,stop,0.200000,-5.002158165,-0.155060172,1.007520676,0.033798449,0.027673526,1.007522345,ros2_odometer_state
M19C_S1_lab_hard_floor_B2_U020_R2,789.623358331,9.960929198,stop,0.200000,-5.002158165,-0.155060172,1.007520676,0.033792540,0.027681688,1.007534981,ros2_odometer_state
M19C_S1_lab_hard_floor_B2_U020_R2,789.625455148,9.963026015,stop,0.200000,-5.002158165,-0.155060172,1.007520676,0.033791997,0.027692018,1.007536292,ros2_odometer_state
M19C_S1_lab_hard_floor_B2_U020_R2,789.627404408,9.964975275,stop,0.200000,-5.002158165,-0.155060172,1.007520676,0.033796456,0.027695872,1.007537603,ros2_odometer_state
M19C_S1_lab_hard_floor_B2_U020_R2,789.629567564,9.967138431,stop,0.200000,-5.002158165,-0.155060172,1.007520676,0.033793580,0.027705530,1.007541776,ros2_odometer_state
M19C_S1_lab_hard_floor_B2_U020_R2,789.632175665,9.969746532,stop,0.200000,-5.002158165,-0.155060172,1.007545590,0.033785179,0.027724547,1.007543087,ros2_odometer_state
M19C_S1_lab_hard_floor_B2_U020_R2,789.633311069,9.970881936,stop,0.200000,-5.002158165,-0.155060172,1.007545590,0.033785179,0.027724547,1.007543087,ros2_odometer_state
M19C_S1_lab_hard_floor_B2_U020_R2,789.636088521,9.973659388,stop,0.200000,-5.002158165,-0.155060172,1.007545590,0.033794731,0.027752848,1.007552743,ros2_odometer_state
M19C_S1_lab_hard_floor_B2_U020_R2,789.638669486,9.976240353,stop,0.200000,-5.002158165,-0.155060172,1.007545590,0.033799224,0.027764762,1.007558942,ros2_odometer_state
M19C_S1_lab_hard_floor_B2_U020_R2,789.640106405,9.977677272,stop,0.200000,-5.002158165,-0.155060172,1.007545590,0.033803187,0.027781844,1.007557154,ros2_odometer_state
M19C_S1_lab_hard_floor_B2_U020_R2,789.642140724,9.979711591,stop,0.200000,-5.002158165,-0.155060172,1.007545590,0.033805821,0.027803676,1.007553339,ros2_odometer_state
M19C_S1_lab_hard_floor_B2_U020_R2,789.644144930,9.981715797,stop,0.200000,-5.002158165,-0.155060172,1.007545590,0.033806685,0.027830420,1.007551670,ros2_odometer_state
M19C_S1_lab_hard_floor_B2_U020_R2,789.646561152,9.984132019,stop,0.200000,-5.002158165,-0.155060172,1.007545590,0.033805780,0.027865451,1.007550597,ros2_odometer_state
M19C_S1_lab_hard_floor_B2_U020_R2,789.648078843,9.985649710,stop,0.200000,-5.002158165,-0.155060172,1.007545590,0.033807840,0.027911434,1.007534742,ros2_odometer_state
M19C_S1_lab_hard_floor_B2_U020_R2,789.650300113,9.987870980,stop,0.200000,-5.002158165,-0.155060172,1.007545590,0.033812307,0.027965352,1.007508278,ros2_odometer_state
M19C_S1_lab_hard_floor_B2_U020_R2,789.651528289,9.989099156,stop,0.200000,-5.002158165,-0.155060172,1.007508278,0.033812307,0.027965352,1.007508278,ros2_odometer_state
M19C_S1_lab_hard_floor_B2_U020_R2,789.653578097,9.991148964,stop,0.200000,-5.002158165,-0.155060172,1.007508278,0.033811819,0.028032079,1.007481933,ros2_odometer_state
M19C_S1_lab_hard_floor_B2_U020_R2,789.655522844,9.993093711,stop,0.200000,-5.002158165,-0.155060172,1.007508278,0.033814620,0.028097773,1.007448912,ros2_odometer_state
M19C_S1_lab_hard_floor_B2_U020_R2,789.658836541,9.996407408,stop,0.200000,-5.002158165,-0.155060172,1.007508278,0.033815857,0.028209174,1.007394195,ros2_odometer_state
M19C_S1_lab_hard_floor_B2_U020_R2,789.660443580,9.998014447,stop,0.200000,-5.002158165,-0.155060172,1.007508278,0.033812970,0.028262975,1.007372141,ros2_odometer_state
M19C_S1_lab_hard_floor_B2_U020_R2,789.661588520,9.999159387,stop,0.200000,-5.002158165,-0.155060172,1.007508278,0.033812970,0.028262975,1.007372141,ros2_odometer_state
M19C_S1_lab_hard_floor_B2_U020_R2,789.663413167,10.000984034,stop,0.200000,-5.002158165,-0.155060172,1.007508278,0.033814400,0.028301554,1.007361054,ros2_odometer_state
M19C_S1_lab_hard_floor_B2_U020_R2,789.665495648,10.003066515,stop,0.200000,-5.002158165,-0.155060172,1.007508278,0.033810623,0.028341262,1.007350564,ros2_odometer_state
M19C_S1_lab_hard_floor_B2_U020_R2,789.667492813,10.005063680,stop,0.200000,-5.002158165,-0.155060172,1.007508278,0.033809081,0.028376471,1.007345200,ros2_odometer_state
M19C_S1_lab_hard_floor_B2_U020_R2,789.670183062,10.007753929,stop,0.200000,-5.002158165,-0.155060172,1.007508278,0.033809077,0.028430229,1.007367969,ros2_odometer_state
M19C_S1_lab_hard_floor_B2_U020_R2,789.672191044,10.009761911,stop,0.200000,-5.002158165,-0.155060172,1.007367969,0.033818591,0.028457817,1.007387161,ros2_odometer_state
M19C_S1_lab_hard_floor_B2_U020_R2,789.673373106,10.010943973,stop,0.200000,-5.002158165,-0.155060172,1.007367969,0.033818591,0.028457817,1.007387161,ros2_odometer_state
M19C_S1_lab_hard_floor_B2_U020_R2,789.675377440,10.012948307,stop,0.200000,-5.002158165,-0.155060172,1.007367969,0.033822581,0.028491713,1.007420301,ros2_odometer_state
M19C_S1_lab_hard_floor_B2_U020_R2,789.678155052,10.015725919,stop,0.200000,-5.002158165,-0.155060172,1.007367969,0.033820555,0.028520908,1.007459164,ros2_odometer_state
M19C_S1_lab_hard_floor_B2_U020_R2,789.679482207,10.017053074,stop,0.200000,-5.002158165,-0.155060172,1.007367969,0.033829607,0.028552186,1.007510424,ros2_odometer_state
M19C_S1_lab_hard_floor_B2_U020_R2,789.681471757,10.019042624,stop,0.200000,-5.002158165,-0.155060172,1.007367969,0.033840366,0.028583830,1.007558227,ros2_odometer_state
M19C_S1_lab_hard_floor_B2_U020_R2,789.684231352,10.021802219,stop,0.200000,-5.002158165,-0.155060172,1.007367969,0.033845231,0.028662460,1.007656693,ros2_odometer_state
M19C_S1_lab_hard_floor_B2_U020_R2,789.686251430,10.023822297,stop,0.200000,-5.002158165,-0.155060172,1.007367969,0.033842672,0.028696030,1.007713318,ros2_odometer_state
M19C_S1_lab_hard_floor_B2_U020_R2,789.688273269,10.025844136,stop,0.200000,-5.002158165,-0.155060172,1.007367969,0.033839669,0.028726840,1.007762313,ros2_odometer_state
M19C_S1_lab_hard_floor_B2_U020_R2,789.689546662,10.027117529,stop,0.200000,-5.002158165,-0.155060172,1.007367969,0.033839669,0.028726840,1.007762313,ros2_odometer_state
M19C_S1_lab_hard_floor_B2_U020_R2,789.691488274,10.029059141,stop,0.200000,-5.002158165,-0.155060172,1.007805467,0.033832725,0.028757770,1.007805467,ros2_odometer_state
M19C_S1_lab_hard_floor_B2_U020_R2,789.694281854,10.031852721,stop,0.200000,-5.002158165,-0.155060172,1.007805467,0.033821005,0.028804408,1.007901549,ros2_odometer_state
M19C_S1_lab_hard_floor_B2_U020_R2,789.696263211,10.033834078,stop,0.200000,-5.002158165,-0.155060172,1.007805467,0.033815742,0.028834945,1.007947683,ros2_odometer_state
M19C_S1_lab_hard_floor_B2_U020_R2,789.698798222,10.036369089,stop,0.200000,-5.002158165,-0.155060172,1.007805467,0.033814088,0.028861657,1.007993340,ros2_odometer_state
M19C_S1_lab_hard_floor_B2_U020_R2,789.700308968,10.037879835,stop,0.200000,-5.002158165,-0.155060172,1.007805467,0.033812758,0.028875014,1.008033276,ros2_odometer_state
M19C_S1_lab_hard_floor_B2_U020_R2,789.702261620,10.039832487,stop,0.200000,-5.002158165,-0.155060172,1.007805467,0.033817548,0.028885083,1.008066773,ros2_odometer_state
M19C_S1_lab_hard_floor_B2_U020_R2,789.704223360,10.041794227,stop,0.200000,-5.002158165,-0.155060172,1.007805467,0.033829644,0.028901512,1.008099914,ros2_odometer_state
M19C_S1_lab_hard_floor_B2_U020_R2,789.706281264,10.043852131,stop,0.200000,-5.002158165,-0.155060172,1.007805467,0.033830751,0.028916262,1.008131027,ros2_odometer_state
M19C_S1_lab_hard_floor_B2_U020_R2,789.708310879,10.045881746,stop,0.200000,-5.002158165,-0.155060172,1.007805467,0.033832371,0.028927801,1.008143187,ros2_odometer_state
M19C_S1_lab_hard_floor_B2_U020_R2,789.710244970,10.047815837,stop,0.200000,-5.002158165,-0.155060172,1.007805467,0.033844110,0.028940823,1.008154511,ros2_odometer_state
M19C_S1_lab_hard_floor_B2_U020_R2,789.712318779,10.049889646,stop,0.200000,-5.002158165,-0.155060172,1.008154511,0.033854093,0.028952103,1.008175492,ros2_odometer_state
M19C_S1_lab_hard_floor_B2_U020_R2,789.714326249,10.051897116,stop,0.200000,-5.002158165,-0.155060172,1.008154511,0.033855367,0.028967222,1.008183599,ros2_odometer_state
M19C_S1_lab_hard_floor_B2_U020_R2,789.716265172,10.053836039,stop,0.200000,-5.002158165,-0.155060172,1.008154511,0.033855144,0.028982077,1.008185387,ros2_odometer_state
M19C_S1_lab_hard_floor_B2_U020_R2,789.718070042,10.055640909,stop,0.200000,-5.002158165,-0.155060172,1.008154511,0.033855144,0.028982077,1.008185387,ros2_odometer_state
M19C_S1_lab_hard_floor_B2_U020_R2,789.719621815,10.057192682,stop,0.200000,-5.002158165,-0.155060172,1.008154511,0.033857964,0.029003600,1.008183122,ros2_odometer_state
M19C_S1_lab_hard_floor_B2_U020_R2,789.721604292,10.059175159,stop,0.200000,-5.002158165,-0.155060172,1.008154511,0.033867314,0.029026523,1.008181572,ros2_odometer_state
M19C_S1_lab_hard_floor_B2_U020_R2,789.723477420,10.061048287,stop,0.200000,-5.002158165,-0.155060172,1.008154511,0.033878338,0.029042577,1.008191586,ros2_odometer_state
M19C_S1_lab_hard_floor_B2_U020_R2,789.726312027,10.063882894,stop,0.200000,-5.002158165,-0.155060172,1.008154511,0.033877403,0.029101402,1.008196354,ros2_odometer_state
M19C_S1_lab_hard_floor_B2_U020_R2,789.728269863,10.065840730,stop,0.200000,-5.002158165,-0.155060172,1.008154511,0.033875093,0.029132526,1.008202076,ros2_odometer_state
M19C_S1_lab_hard_floor_B2_U020_R2,789.730286933,10.067857800,stop,0.200000,-5.002158165,-0.155060172,1.008154511,0.033869594,0.029155767,1.008202672,ros2_odometer_state
M19C_S1_lab_hard_floor_B2_U020_R2,789.731747438,10.069318305,stop,0.200000,-5.002158165,-0.155060172,1.008202672,0.033869594,0.029155767,1.008202672,ros2_odometer_state
M19C_S1_lab_hard_floor_B2_U020_R2,789.733588245,10.071159112,stop,0.200000,-5.002158165,-0.155060172,1.008202672,0.033860076,0.029182723,1.008200049,ros2_odometer_state
M19C_S1_lab_hard_floor_B2_U020_R2,789.736345376,10.073916243,stop,0.200000,-5.002158165,-0.155060172,1.008202672,0.033847786,0.029242210,1.008217931,ros2_odometer_state
M19C_S1_lab_hard_floor_B2_U020_R2,789.738118117,10.075688984,stop,0.200000,-5.002158165,-0.155060172,1.008202672,0.033847786,0.029242210,1.008217931,ros2_odometer_state
M19C_S1_lab_hard_floor_B2_U020_R2,789.740460960,10.078031827,stop,0.200000,-5.002158165,-0.155060172,1.008202672,0.033832867,0.029301327,1.008247256,ros2_odometer_state
M19C_S1_lab_hard_floor_B2_U020_R2,789.742441229,10.080012096,stop,0.200000,-5.002158165,-0.155060172,1.008202672,0.033834770,0.029334668,1.008263588,ros2_odometer_state
M19C_S1_lab_hard_floor_B2_U020_R2,789.744485949,10.082056816,stop,0.200000,-5.002158165,-0.155060172,1.008202672,0.033834230,0.029372565,1.008284688,ros2_odometer_state
M19C_S1_lab_hard_floor_B2_U020_R2,789.746397575,10.083968442,stop,0.200000,-5.002158165,-0.155060172,1.008202672,0.033836655,0.029409846,1.008307099,ros2_odometer_state
M19C_S1_lab_hard_floor_B2_U020_R2,789.748442134,10.086013001,stop,0.200000,-5.002158165,-0.155060172,1.008202672,0.033845060,0.029443976,1.008325338,ros2_odometer_state
M19C_S1_lab_hard_floor_B2_U020_R2,789.750499782,10.088070649,stop,0.200000,-5.002158165,-0.155060172,1.008202672,0.033854958,0.029478448,1.008349299,ros2_odometer_state
M19C_S1_lab_hard_floor_B2_U020_R2,789.752617401,10.090188268,stop,0.200000,-5.002158165,-0.155060172,1.008349299,0.033864249,0.029514406,1.008383870,ros2_odometer_state
M19C_S1_lab_hard_floor_B2_U020_R2,789.755542186,10.093113053,stop,0.200000,-5.002158165,-0.155060172,1.008349299,0.033873670,0.029546639,1.008410573,ros2_odometer_state
M19C_S1_lab_hard_floor_B2_U020_R2,789.757447924,10.095018791,stop,0.200000,-5.002158165,-0.155060172,1.008349299,0.033877179,0.029576018,1.008436322,ros2_odometer_state
M19C_S1_lab_hard_floor_B2_U020_R2,789.758360312,10.095931179,stop,0.200000,-5.002158165,-0.155060172,1.008349299,0.033877179,0.029576018,1.008436322,ros2_odometer_state
M19C_S1_lab_hard_floor_B2_U020_R2,789.761140548,10.098711415,stop,0.200000,-5.002158165,-0.155060172,1.008349299,0.033872306,0.029632140,1.008493900,ros2_odometer_state
M19C_S1_lab_hard_floor_B2_U020_R2,789.762346323,10.099917190,stop,0.200000,-5.002158165,-0.155060172,1.008349299,0.033871271,0.029675476,1.008508325,ros2_odometer_state
M19C_S1_lab_hard_floor_B2_U020_R2,789.764493798,10.102064665,stop,0.200000,-5.002158165,-0.155060172,1.008349299,0.033872236,0.029705115,1.008528233,ros2_odometer_state
M19C_S1_lab_hard_floor_B2_U020_R2,789.766778463,10.104349330,stop,0.200000,-5.002158165,-0.155060172,1.008349299,0.033873182,0.029731544,1.008548498,ros2_odometer_state
M19C_S1_lab_hard_floor_B2_U020_R2,789.768485761,10.106056628,stop,0.200000,-5.002158165,-0.155060172,1.008349299,0.033868462,0.029758982,1.008561730,ros2_odometer_state
M19C_S1_lab_hard_floor_B2_U020_R2,789.770446605,10.108017472,stop,0.200000,-5.002158165,-0.155060172,1.008349299,0.033867650,0.029786728,1.008575916,ros2_odometer_state
M19C_S1_lab_hard_floor_B2_U020_R2,789.772460924,10.110031791,stop,0.200000,-5.002158165,-0.155060172,1.008575916,0.033864599,0.029808011,1.008593440,ros2_odometer_state
M19C_S1_lab_hard_floor_B2_U020_R2,789.774412903,10.111983770,stop,0.200000,-5.002158165,-0.155060172,1.008575916,0.033862483,0.029828660,1.008611321,ros2_odometer_state
M19C_S1_lab_hard_floor_B2_U020_R2,789.776445814,10.114016681,stop,0.200000,-5.002158165,-0.155060172,1.008575916,0.033854347,0.029853959,1.008621573,ros2_odometer_state
M19C_S1_lab_hard_floor_B2_U020_R2,789.778937111,10.116507978,stop,0.200000,-5.002158165,-0.155060172,1.008575916,0.033843525,0.029885206,1.008629799,ros2_odometer_state
M19C_S1_lab_hard_floor_B2_U020_R2,789.780488723,10.118059590,stop,0.200000,-5.002158165,-0.155060172,1.008575916,0.033847582,0.029912099,1.008637547,ros2_odometer_state
M19C_S1_lab_hard_floor_B2_U020_R2,789.782451264,10.120022131,stop,0.200000,-5.002158165,-0.155060172,1.008575916,0.033856779,0.029936150,1.008638620,ros2_odometer_state
M19C_S1_lab_hard_floor_B2_U020_R2,789.784483759,10.122054626,stop,0.200000,-5.002158165,-0.155060172,1.008575916,0.033856872,0.029958805,1.008639455,ros2_odometer_state
M19C_S1_lab_hard_floor_B2_U020_R2,789.786359383,10.123930250,stop,0.200000,-5.002158165,-0.155060172,1.008575916,0.033859845,0.029986108,1.008636832,ros2_odometer_state
M19C_S1_lab_hard_floor_B2_U020_R2,789.788697938,10.126268805,stop,0.200000,-5.002158165,-0.155060172,1.008575916,0.033864923,0.030007478,1.008631229,ros2_odometer_state
M19C_S1_lab_hard_floor_B2_U020_R2,789.790703936,10.128274803,stop,0.200000,-5.002158165,-0.155060172,1.008575916,0.033868197,0.030020196,1.008625507,ros2_odometer_state
M19C_S1_lab_hard_floor_B2_U020_R2,789.792791729,10.130362596,stop,0.200000,-5.002158165,-0.155060172,1.008625507,0.033873964,0.030041412,1.008625507,ros2_odometer_state
M19C_S1_lab_hard_floor_B2_U020_R2,789.794448082,10.132018949,stop,0.200000,-5.002158165,-0.155060172,1.008625507,0.033879526,0.030062294,1.008622646,ros2_odometer_state
M19C_S1_lab_hard_floor_B2_U020_R2,789.795670081,10.133240948,stop,0.200000,-5.002158165,-0.155060172,1.008625507,0.033879526,0.030062294,1.008622646,ros2_odometer_state
M19C_S1_lab_hard_floor_B2_U020_R2,789.799160393,10.136731260,stop,0.200000,-5.002158165,-0.155060172,1.008625507,0.033884931,0.030094085,1.008622050,ros2_odometer_state
M19C_S1_lab_hard_floor_B2_U020_R2,789.800772455,10.138343322,stop,0.200000,-5.002158165,-0.155060172,1.008625507,0.033894330,0.030104851,1.008616924,ros2_odometer_state
M19C_S1_lab_hard_floor_B2_U020_R2,789.803918498,10.141489365,stop,0.200000,-5.002158165,-0.155060172,1.008625507,0.033897165,0.030121347,1.008615613,ros2_odometer_state
M19C_S1_lab_hard_floor_B2_U020_R2,789.805264438,10.142835305,stop,0.200000,-5.002158165,-0.155060172,1.008625507,0.033901945,0.030137051,1.008615017,ros2_odometer_state
M19C_S1_lab_hard_floor_B2_U020_R2,789.806466117,10.144036984,stop,0.200000,-5.002158165,-0.155060172,1.008625507,0.033905894,0.030155245,1.008612394,ros2_odometer_state
M19C_S1_lab_hard_floor_B2_U020_R2,789.808901187,10.146472054,stop,0.200000,-5.002158165,-0.155060172,1.008625507,0.033905894,0.030155245,1.008612394,ros2_odometer_state
M19C_S1_lab_hard_floor_B2_U020_R2,789.809983533,10.147554400,stop,0.200000,-5.002158165,-0.155060172,1.008625507,0.033908933,0.030189727,1.008609176,ros2_odometer_state
M19C_S1_lab_hard_floor_B2_U020_R2,789.813399346,10.150970213,stop,0.200000,-5.002158165,-0.155060172,1.008605361,0.033905160,0.030243022,1.008606076,ros2_odometer_state
M19C_S1_lab_hard_floor_B2_U020_R2,789.814544510,10.152115377,stop,0.200000,-5.002158165,-0.155060172,1.008605361,0.033906501,0.030261986,1.008605242,ros2_odometer_state
M19C_S1_lab_hard_floor_B2_U020_R2,789.818224589,10.155795456,stop,0.200000,-5.002158165,-0.155060172,1.008605361,0.033907771,0.030285120,1.008600235,ros2_odometer_state
M19C_S1_lab_hard_floor_B2_U020_R2,789.818943209,10.156514076,stop,0.200000,-5.002158165,-0.155060172,1.008605361,0.033907771,0.030285120,1.008600235,ros2_odometer_state
M19C_S1_lab_hard_floor_B2_U020_R2,789.819895438,10.157466305,stop,0.200000,-5.002158165,-0.155060172,1.008605361,0.033910565,0.030307477,1.008595109,ros2_odometer_state
M19C_S1_lab_hard_floor_B2_U020_R2,789.823424343,10.160995210,stop,0.200000,-5.002158165,-0.155060172,1.008605361,0.033905745,0.030342411,1.008584738,ros2_odometer_state
M19C_S1_lab_hard_floor_B2_U020_R2,789.825002997,10.162573864,stop,0.200000,-5.002158165,-0.155060172,1.008605361,0.033898685,0.030361652,1.008578897,ros2_odometer_state
M19C_S1_lab_hard_floor_B2_U020_R2,789.826459981,10.164030848,stop,0.200000,-5.002158165,-0.155060172,1.008605361,0.033900179,0.030377246,1.008574843,ros2_odometer_state
M19C_S1_lab_hard_floor_B2_U020_R2,789.828642114,10.166212981,stop,0.200000,-5.002158165,-0.155060172,1.008605361,0.033904675,0.030392235,1.008570790,ros2_odometer_state
M19C_S1_lab_hard_floor_B2_U020_R2,789.834046196,10.171617063,stop,0.200000,-5.002158165,-0.155060172,1.008605361,0.033902440,0.030413566,1.008564949,ros2_odometer_state
M19C_S1_lab_hard_floor_B2_U020_R2,789.834914902,10.172485769,stop,0.200000,-5.002158165,-0.155060172,1.008564949,0.033903945,0.030433970,1.008563757,ros2_odometer_state
M19C_S1_lab_hard_floor_B2_U020_R2,789.836527253,10.174098120,stop,0.200000,-5.002158165,-0.155060172,1.008564949,0.033909649,0.030445794,1.008559585,ros2_odometer_state
M19C_S1_lab_hard_floor_B2_U020_R2,789.837959212,10.175530079,stop,0.200000,-5.002158165,-0.155060172,1.008564949,0.033918981,0.030459091,1.008551240,ros2_odometer_state
M19C_S1_lab_hard_floor_B2_U020_R2,789.840480142,10.178051009,stop,0.200000,-5.002158165,-0.155060172,1.008564949,0.033923194,0.030480176,1.008547425,ros2_odometer_state
M19C_S1_lab_hard_floor_B2_U020_R2,789.841330479,10.178901346,stop,0.200000,-5.002158165,-0.155060172,1.008564949,0.033923600,0.030494193,1.008543253,ros2_odometer_state
M19C_S1_lab_hard_floor_B2_U020_R2,789.842490428,10.180061295,stop,0.200000,-5.002158165,-0.155060172,1.008564949,0.033934705,0.030506117,1.008535147,ros2_odometer_state
M19C_S1_lab_hard_floor_B2_U020_R2,789.844692338,10.182263205,stop,0.200000,-5.002158165,-0.155060172,1.008564949,0.033941422,0.030520990,1.008528113,ros2_odometer_state
M19C_S1_lab_hard_floor_B2_U020_R2,789.846638237,10.184209104,stop,0.200000,-5.002158165,-0.155060172,1.008564949,0.033942211,0.030538447,1.008517981,ros2_odometer_state
M19C_S1_lab_hard_floor_B2_U020_R2,789.848397122,10.185967989,stop,0.200000,-5.002158165,-0.155060172,1.008564949,0.033944529,0.030557057,1.008507848,ros2_odometer_state
M19C_S1_lab_hard_floor_B2_U020_R2,789.850514196,10.188085063,stop,0.200000,-5.002158165,-0.155060172,1.008564949,0.033945113,0.030570209,1.008491755,ros2_odometer_state
M19C_S1_lab_hard_floor_B2_U020_R2,789.852598597,10.190169464,stop,0.200000,-5.002158165,-0.155060172,1.008491755,0.033954628,0.030581491,1.008477569,ros2_odometer_state
M19C_S1_lab_hard_floor_B2_U020_R2,789.854698647,10.192269514,stop,0.200000,-5.002158165,-0.155060172,1.008491755,0.033962373,0.030601013,1.008467436,ros2_odometer_state
M19C_S1_lab_hard_floor_B2_U020_R2,789.856560383,10.194131250,stop,0.200000,-5.002158165,-0.155060172,1.008491755,0.033964787,0.030625194,1.008455873,ros2_odometer_state
M19C_S1_lab_hard_floor_B2_U020_R2,789.859132963,10.196703830,stop,0.200000,-5.002158165,-0.155060172,1.008491755,0.033973951,0.030659342,1.008449674,ros2_odometer_state
M19C_S1_lab_hard_floor_B2_U020_R2,789.860677823,10.198248690,stop,0.200000,-5.002158165,-0.155060172,1.008491755,0.033985484,0.030703751,1.008452058,ros2_odometer_state
M19C_S1_lab_hard_floor_B2_U020_R2,789.862517158,10.200088025,stop,0.200000,-5.002158165,-0.155060172,1.008491755,0.033990886,0.030760841,1.008461952,ros2_odometer_state
M19C_S1_lab_hard_floor_B2_U020_R2,789.864614296,10.202185163,stop,0.200000,-5.002158165,-0.155060172,1.008491755,0.034002025,0.030817697,1.008474469,ros2_odometer_state
M19C_S1_lab_hard_floor_B2_U020_R2,789.866607525,10.204178392,stop,0.200000,-5.002158165,-0.155060172,1.008491755,0.034020461,0.030869732,1.008491874,ros2_odometer_state
M19C_S1_lab_hard_floor_B2_U020_R2,789.868562065,10.206132932,stop,0.200000,-5.002158165,-0.155060172,1.008491755,0.034040615,0.030921066,1.008509994,ros2_odometer_state
M19C_S1_lab_hard_floor_B2_U020_R2,789.870592640,10.208163507,stop,0.200000,-5.002158165,-0.155060172,1.008491755,0.034064285,0.030968299,1.008525968,ros2_odometer_state
M19C_S1_lab_hard_floor_B2_U020_R2,789.872606254,10.210177121,stop,0.200000,-5.002158165,-0.155060172,1.008525968,0.034081671,0.031007936,1.008545280,ros2_odometer_state
M19C_S1_lab_hard_floor_B2_U020_R2,789.874482935,10.212053802,stop,0.200000,-5.002158165,-0.155060172,1.008525968,0.034085032,0.031045983,1.008561611,ros2_odometer_state
M19C_S1_lab_hard_floor_B2_U020_R2,789.875877677,10.213448544,stop,0.200000,-5.002158165,-0.155060172,1.008525968,0.034085032,0.031045983,1.008561611,ros2_odometer_state
M19C_S1_lab_hard_floor_B2_U020_R2,789.879300946,10.216871813,stop,0.200000,-5.002158165,-0.155060172,1.008525968,0.034091637,0.031119129,1.008595705,ros2_odometer_state
M19C_S1_lab_hard_floor_B2_U020_R2,789.880989780,10.218560647,stop,0.200000,-5.002158165,-0.155060172,1.008525968,0.034092721,0.031140970,1.008603215,ros2_odometer_state
M19C_S1_lab_hard_floor_B2_U020_R2,789.882759641,10.220330508,stop,0.200000,-5.002158165,-0.155060172,1.008525968,0.034095008,0.031156402,1.008611321,ros2_odometer_state
M19C_S1_lab_hard_floor_B2_U020_R2,789.884568287,10.222139154,stop,0.200000,-5.002158165,-0.155060172,1.008525968,0.034098074,0.031177338,1.008614063,ros2_odometer_state
M19C_S1_lab_hard_floor_B2_U020_R2,789.885902899,10.223473766,stop,0.200000,-5.002158165,-0.155060172,1.008525968,0.034098074,0.031177338,1.008614063,ros2_odometer_state
M19C_S1_lab_hard_floor_B2_U020_R2,789.888622236,10.226193103,stop,0.200000,-5.002158165,-0.155060172,1.008525968,0.034098681,0.031195253,1.008601785,ros2_odometer_state
M19C_S1_lab_hard_floor_B2_U020_R2,789.890538983,10.228109850,stop,0.200000,-5.002158165,-0.155060172,1.008525968,0.034106892,0.031202218,1.008584976,ros2_odometer_state
M19C_S1_lab_hard_floor_B2_U020_R2,789.892661273,10.230232140,stop,0.200000,-5.002158165,-0.155060172,1.008584976,0.034119822,0.031208243,1.008573890,ros2_odometer_state
M19C_S1_lab_hard_floor_B2_U020_R2,789.894616997,10.232187864,stop,0.200000,-5.002158165,-0.155060172,1.008584976,0.034126010,0.031199735,1.008556366,ros2_odometer_state
M19C_S1_lab_hard_floor_B2_U020_R2,789.897484917,10.235055784,stop,0.200000,-5.002158165,-0.155060172,1.008584976,0.034119513,0.031196181,1.008531690,ros2_odometer_state
M19C_S1_lab_hard_floor_B2_U020_R2,789.899274522,10.236845389,stop,0.200000,-5.002158165,-0.155060172,1.008584976,0.034119513,0.031196181,1.008531690,ros2_odometer_state
M19C_S1_lab_hard_floor_B2_U020_R2,789.900938683,10.238509550,stop,0.200000,-5.002158165,-0.155060172,1.008584976,0.034108199,0.031193540,1.008514404,ros2_odometer_state
M19C_S1_lab_hard_floor_B2_U020_R2,789.902513112,10.240083979,stop,0.200000,-5.002158165,-0.155060172,1.008584976,0.034092054,0.031183580,1.008498311,ros2_odometer_state
M19C_S1_lab_hard_floor_B2_U020_R2,789.904827538,10.242398405,stop,0.200000,-5.002158165,-0.155060172,1.008584976,0.034076482,0.031164385,1.008453608,ros2_odometer_state
M19C_S1_lab_hard_floor_B2_U020_R2,789.906800607,10.244371474,stop,0.200000,-5.002158165,-0.155060172,1.008584976,0.034070633,0.031154986,1.008434653,ros2_odometer_state
M19C_S1_lab_hard_floor_B2_U020_R2,789.908764235,10.246335102,stop,0.200000,-5.002158165,-0.155060172,1.008584976,0.034068443,0.031143827,1.008419275,ros2_odometer_state
M19C_S1_lab_hard_floor_B2_U020_R2,789.911454036,10.249024903,stop,0.200000,-5.002158165,-0.155060172,1.008584976,0.034065731,0.031130137,1.008399725,ros2_odometer_state
M19C_S1_lab_hard_floor_B2_U020_R2,789.912571519,10.250142386,stop,0.200000,-5.002158165,-0.155060172,1.008399725,0.034065731,0.031130137,1.008399725,ros2_odometer_state
M19C_S1_lab_hard_floor_B2_U020_R2,789.914083258,10.251654125,stop,0.200000,-5.002158165,-0.155060172,1.008399725,0.034067720,0.031129031,1.008382916,ros2_odometer_state
M19C_S1_lab_hard_floor_B2_U020_R2,789.916230093,10.253800960,stop,0.200000,-5.002158165,-0.155060172,1.008399725,0.034069262,0.031128937,1.008376837,ros2_odometer_state
M19C_S1_lab_hard_floor_B2_U020_R2,789.919457738,10.257028605,stop,0.200000,-5.002158165,-0.155060172,1.008399725,0.034082115,0.031121094,1.008376241,ros2_odometer_state
M19C_S1_lab_hard_floor_B2_U020_R2,789.921451992,10.259022859,stop,0.200000,-5.002158165,-0.155060172,1.008399725,0.034082588,0.031123903,1.008378386,ros2_odometer_state
M19C_S1_lab_hard_floor_B2_U020_R2,789.923070263,10.260641130,stop,0.200000,-5.002158165,-0.155060172,1.008399725,0.034079622,0.031133899,1.008375645,ros2_odometer_state
M19C_S1_lab_hard_floor_B2_U020_R2,789.924847548,10.262418415,stop,0.200000,-5.002158165,-0.155060172,1.008399725,0.034083404,0.031143302,1.008379221,ros2_odometer_state
M19C_S1_lab_hard_floor_B2_U020_R2,789.926632705,10.264203572,stop,0.200000,-5.002158165,-0.155060172,1.008399725,0.034088735,0.031152919,1.008390188,ros2_odometer_state
M19C_S1_lab_hard_floor_B2_U020_R2,789.930074311,10.267645178,stop,0.200000,-5.002158165,-0.155060172,1.008399725,0.034096211,0.031163421,1.008402824,ros2_odometer_state
M19C_S1_lab_hard_floor_B2_U020_R2,789.931046669,10.268617536,stop,0.200000,-5.002158165,-0.155060172,1.008399725,0.034104075,0.031176625,1.008417130,ros2_odometer_state
M19C_S1_lab_hard_floor_B2_U020_R2,789.933242786,10.270813653,stop,0.200000,-5.002158165,-0.155060172,1.008417130,0.034104075,0.031176625,1.008417130,ros2_odometer_state
M19C_S1_lab_hard_floor_B2_U020_R2,789.934270026,10.271840893,stop,0.200000,-5.002158165,-0.155060172,1.008417130,0.034106981,0.031188561,1.008433461,ros2_odometer_state
M19C_S1_lab_hard_floor_B2_U020_R2,789.936644934,10.274215801,stop,0.200000,-5.002158165,-0.155060172,1.008417130,0.034103211,0.031223010,1.008466721,ros2_odometer_state
M19C_S1_lab_hard_floor_B2_U020_R2,789.939294989,10.276865856,stop,0.200000,-5.002158165,-0.155060172,1.008417130,0.034108981,0.031228356,1.008489013,ros2_odometer_state
M19C_S1_lab_hard_floor_B2_U020_R2,789.940626689,10.278197556,stop,0.200000,-5.002158165,-0.155060172,1.008417130,0.034110997,0.031234561,1.008505940,ros2_odometer_state
M19C_S1_lab_hard_floor_B2_U020_R2,789.942648335,10.280219202,stop,0.200000,-5.002158165,-0.155060172,1.008417130,0.034112316,0.031250190,1.008528113,ros2_odometer_state
M19C_S1_lab_hard_floor_B2_U020_R2,789.944680638,10.282251505,stop,0.200000,-5.002158165,-0.155060172,1.008417130,0.034113046,0.031268258,1.008542895,ros2_odometer_state
M19C_S1_lab_hard_floor_B2_U020_R2,789.946239035,10.283809902,stop,0.200000,-5.002158165,-0.155060172,1.008417130,0.034113046,0.031268258,1.008542895,ros2_odometer_state
M19C_S1_lab_hard_floor_B2_U020_R2,789.948106371,10.285677238,stop,0.200000,-5.002158165,-0.155060172,1.008417130,0.034119241,0.031276073,1.008565784,ros2_odometer_state
M19C_S1_lab_hard_floor_B2_U020_R2,789.951393411,10.288964278,stop,0.200000,-5.002158165,-0.155060172,1.008417130,0.034117676,0.031303242,1.008605242,ros2_odometer_state
M19C_S1_lab_hard_floor_B2_U020_R2,789.952866844,10.290437711,stop,0.200000,-5.002158165,-0.155060172,1.008605242,0.034119904,0.031306028,1.008621216,ros2_odometer_state
M19C_S1_lab_hard_floor_B2_U020_R2,789.954792647,10.292363514,stop,0.200000,-5.002158165,-0.155060172,1.008605242,0.034120001,0.031308338,1.008628726,ros2_odometer_state
M19C_S1_lab_hard_floor_B2_U020_R2,789.956842935,10.294413802,stop,0.200000,-5.002158165,-0.155060172,1.008605242,0.034117978,0.031316087,1.008634806,ros2_odometer_state
M19C_S1_lab_hard_floor_B2_U020_R2,789.959358841,10.296929708,stop,0.200000,-5.002158165,-0.155060172,1.008605242,0.034119312,0.031327482,1.008640289,ros2_odometer_state
M19C_S1_lab_hard_floor_B2_U020_R2,789.960732462,10.298303329,stop,0.200000,-5.002158165,-0.155060172,1.008605242,0.034118239,0.031335101,1.008642793,ros2_odometer_state
M19C_S1_lab_hard_floor_B2_U020_R2,789.962676954,10.300247821,stop,0.200000,-5.002158165,-0.155060172,1.008605242,0.034123309,0.031340368,1.008641124,ros2_odometer_state
M19C_S1_lab_hard_floor_B2_U020_R2,789.964104465,10.301675332,stop,0.200000,-5.002158165,-0.155060172,1.008605242,0.034123309,0.031340368,1.008641124,ros2_odometer_state
M19C_S1_lab_hard_floor_B2_U020_R2,789.968346678,10.305917545,stop,0.200000,-5.002158165,-0.155060172,1.008605242,0.034136795,0.031358849,1.008614659,ros2_odometer_state
M19C_S1_lab_hard_floor_B2_U020_R2,789.969274618,10.306845485,stop,0.200000,-5.002158165,-0.155060172,1.008605242,0.034138903,0.031371232,1.008601665,ros2_odometer_state
M19C_S1_lab_hard_floor_B2_U020_R2,789.970788949,10.308359816,stop,0.200000,-5.002158165,-0.155060172,1.008605242,0.034146618,0.031389147,1.008591890,ros2_odometer_state
M19C_S1_lab_hard_floor_B2_U020_R2,789.972868774,10.310439641,stop,0.200000,-5.002158165,-0.155060172,1.008591890,0.034155168,0.031422205,1.008583307,ros2_odometer_state
M19C_S1_lab_hard_floor_B2_U020_R2,789.974748943,10.312319810,stop,0.200000,-5.002158165,-0.155060172,1.008591890,0.034164980,0.031451348,1.008586526,ros2_odometer_state
M19C_S1_lab_hard_floor_B2_U020_R2,789.976770973,10.314341840,stop,0.200000,-5.002158165,-0.155060172,1.008591890,0.034170710,0.031488609,1.008601904,ros2_odometer_state
M19C_S1_lab_hard_floor_B2_U020_R2,789.979392291,10.316963158,stop,0.200000,-5.002158165,-0.155060172,1.008591890,0.034169383,0.031532757,1.008618712,ros2_odometer_state
M19C_S1_lab_hard_floor_B2_U020_R2,789.980817434,10.318388301,stop,0.200000,-5.002158165,-0.155060172,1.008591890,0.034167401,0.031569786,1.008634925,ros2_odometer_state
M19C_S1_lab_hard_floor_B2_U020_R2,789.982790183,10.320361050,stop,0.200000,-5.002158165,-0.155060172,1.008591890,0.034166452,0.031602051,1.008652091,ros2_odometer_state
M19C_S1_lab_hard_floor_B2_U020_R2,789.984811702,10.322382569,stop,0.200000,-5.002158165,-0.155060172,1.008591890,0.034168269,0.031636976,1.008679986,ros2_odometer_state
M19C_S1_lab_hard_floor_B2_U020_R2,789.986743617,10.324314484,stop,0.200000,-5.002158165,-0.155060172,1.008591890,0.034168106,0.031668466,1.008713961,ros2_odometer_state
M19C_S1_lab_hard_floor_B2_U020_R2,789.988772847,10.326343714,stop,0.200000,-5.002158165,-0.155060172,1.008591890,0.034158982,0.031693842,1.008739114,ros2_odometer_state
M19C_S1_lab_hard_floor_B2_U020_R2,789.990896994,10.328467861,stop,0.200000,-5.002158165,-0.155060172,1.008591890,0.034143958,0.031728558,1.008756161,ros2_odometer_state
M19C_S1_lab_hard_floor_B2_U020_R2,789.992283768,10.329854635,stop,0.200000,-5.002158165,-0.155060172,1.008756161,0.034143958,0.031728558,1.008756161,ros2_odometer_state
M19C_S1_lab_hard_floor_B2_U020_R2,789.994508462,10.332079329,stop,0.200000,-5.002158165,-0.155060172,1.008756161,0.034135584,0.031772684,1.008762836,ros2_odometer_state
M19C_S1_lab_hard_floor_B2_U020_R2,789.996827848,10.334398715,stop,0.200000,-5.002158165,-0.155060172,1.008756161,0.034123883,0.031876475,1.008722663,ros2_odometer_state
M19C_S1_lab_hard_floor_B2_U020_R2,789.999555058,10.337125925,stop,0.200000,-5.002158165,-0.155060172,1.008756161,0.034117114,0.031929556,1.008684397,ros2_odometer_state
M19C_S1_lab_hard_floor_B2_U020_R2,790.000244077,10.337814944,stop,0.200000,-5.002158165,-0.155060172,1.008756161,0.034117114,0.031929556,1.008684397,ros2_odometer_state
M19C_S1_lab_hard_floor_B2_U020_R2,790.003136381,10.340707248,stop,0.200000,-5.002158165,-0.155060172,1.008756161,0.034099732,0.032038279,1.008600712,ros2_odometer_state
M19C_S1_lab_hard_floor_B2_U020_R2,790.005102218,10.342673085,stop,0.200000,-5.002158165,-0.155060172,1.008756161,0.034088302,0.032087483,1.008555532,ros2_odometer_state
M19C_S1_lab_hard_floor_B2_U020_R2,790.006852334,10.344423201,stop,0.200000,-5.002158165,-0.155060172,1.008756161,0.034083016,0.032139927,1.008501410,ros2_odometer_state
M19C_S1_lab_hard_floor_B2_U020_R2,790.008864796,10.346435663,stop,0.200000,-5.002158165,-0.155060172,1.008756161,0.034077305,0.032200813,1.008432984,ros2_odometer_state
M19C_S1_lab_hard_floor_B2_U020_R2,790.010842313,10.348413180,stop,0.200000,-5.002158165,-0.155060172,1.008756161,0.034063596,0.032260489,1.008353949,ros2_odometer_state
M19C_S1_lab_hard_floor_B2_U020_R2,790.012936602,10.350507469,stop,0.200000,-5.002158165,-0.155060172,1.008353949,0.034056041,0.032317284,1.008279800,ros2_odometer_state
M19C_S1_lab_hard_floor_B2_U020_R2,790.014133289,10.351704156,stop,0.200000,-5.002158165,-0.155060172,1.008353949,0.034056041,0.032317284,1.008279800,ros2_odometer_state
M19C_S1_lab_hard_floor_B2_U020_R2,790.017734869,10.355305736,stop,0.200000,-5.002158165,-0.155060172,1.008353949,0.034039825,0.032415871,1.008129478,ros2_odometer_state
M19C_S1_lab_hard_floor_B2_U020_R2,790.019500985,10.357071852,stop,0.200000,-5.002158165,-0.155060172,1.008353949,0.034030881,0.032454170,1.008063436,ros2_odometer_state
M19C_S1_lab_hard_floor_B2_U020_R2,790.020140626,10.357711493,stop,0.200000,-5.002158165,-0.155060172,1.008353949,0.034030881,0.032454170,1.008063436,ros2_odometer_state
M19C_S1_lab_hard_floor_B2_U020_R2,790.022832699,10.360403566,stop,0.200000,-5.002158165,-0.155060172,1.008353949,0.034022268,0.032511346,1.007975817,ros2_odometer_state
M19C_S1_lab_hard_floor_B2_U020_R2,790.024856425,10.362427292,stop,0.200000,-5.002158165,-0.155060172,1.008353949,0.034017745,0.032525454,1.007950306,ros2_odometer_state
M19C_S1_lab_hard_floor_B2_U020_R2,790.026834326,10.364405193,stop,0.200000,-5.002158165,-0.155060172,1.008353949,0.034016874,0.032536026,1.007932067,ros2_odometer_state
M19C_S1_lab_hard_floor_B2_U020_R2,790.028832932,10.366403799,stop,0.200000,-5.002158165,-0.155060172,1.008353949,0.034012765,0.032541215,1.007920742,ros2_odometer_state
M19C_S1_lab_hard_floor_B2_U020_R2,790.030804080,10.368374947,stop,0.200000,-5.002158165,-0.155060172,1.008353949,0.034003649,0.032540597,1.007923603,ros2_odometer_state
M19C_S1_lab_hard_floor_B2_U020_R2,790.032866849,10.370437716,stop,0.200000,-5.002158165,-0.155060172,1.007923603,0.033997647,0.032540489,1.007934928,ros2_odometer_state
M19C_S1_lab_hard_floor_B2_U020_R2,790.034831149,10.372402016,stop,0.200000,-5.002158165,-0.155060172,1.007923603,0.034001708,0.032532986,1.007952929,ros2_odometer_state
M19C_S1_lab_hard_floor_B2_U020_R2,790.036790201,10.374361068,stop,0.200000,-5.002158165,-0.155060172,1.007923603,0.034010742,0.032525953,1.007984996,ros2_odometer_state
M19C_S1_lab_hard_floor_B2_U020_R2,790.039381854,10.376952721,stop,0.200000,-5.002158165,-0.155060172,1.007923603,0.034006920,0.032524165,1.008015394,ros2_odometer_state
M19C_S1_lab_hard_floor_B2_U020_R2,790.040827286,10.378398153,stop,0.200000,-5.002158165,-0.155060172,1.007923603,0.034012429,0.032526374,1.008051395,ros2_odometer_state
M19C_S1_lab_hard_floor_B2_U020_R2,790.042839076,10.380409943,stop,0.200000,-5.002158165,-0.155060172,1.007923603,0.034024477,0.032525156,1.008095980,ros2_odometer_state
M19C_S1_lab_hard_floor_B2_U020_R2,790.045019193,10.382590060,stop,0.200000,-5.002158165,-0.155060172,1.007923603,0.034027472,0.032532334,1.008135319,ros2_odometer_state
M19C_S1_lab_hard_floor_B2_U020_R2,790.046906498,10.384477365,stop,0.200000,-5.002158165,-0.155060172,1.007923603,0.034024056,0.032549005,1.008179665,ros2_odometer_state
M19C_S1_lab_hard_floor_B2_U020_R2,790.049122328,10.386693195,stop,0.200000,-5.002158165,-0.155060172,1.007923603,0.034019671,0.032568414,1.008223176,ros2_odometer_state
M19C_S1_lab_hard_floor_B2_U020_R2,790.050899837,10.388470704,stop,0.200000,-5.002158165,-0.155060172,1.007923603,0.034018219,0.032591049,1.008251429,ros2_odometer_state
M19C_S1_lab_hard_floor_B2_U020_R2,790.052947661,10.390518528,stop,0.200000,-5.002158165,-0.155060172,1.008251429,0.034014981,0.032620817,1.008283973,ros2_odometer_state
M19C_S1_lab_hard_floor_B2_U020_R2,790.054817653,10.392388520,stop,0.200000,-5.002158165,-0.155060172,1.008251429,0.034011990,0.032647941,1.008321166,ros2_odometer_state
M19C_S1_lab_hard_floor_B2_U020_R2,790.056865957,10.394436824,stop,0.200000,-5.002158165,-0.155060172,1.008251429,0.034015629,0.032673463,1.008349657,ros2_odometer_state
M19C_S1_lab_hard_floor_B2_U020_R2,790.059436713,10.397007580,stop,0.200000,-5.002158165,-0.155060172,1.008251429,0.034018554,0.032705653,1.008371353,ros2_odometer_state
M19C_S1_lab_hard_floor_B2_U020_R2,790.060846592,10.398417459,stop,0.200000,-5.002158165,-0.155060172,1.008251429,0.034016047,0.032737851,1.008388400,ros2_odometer_state
M19C_S1_lab_hard_floor_B2_U020_R2,790.062865742,10.400436609,stop,0.200000,-5.002158165,-0.155060172,1.008251429,0.034016464,0.032760210,1.008403540,ros2_odometer_state
M19C_S1_lab_hard_floor_B2_U020_R2,790.064824442,10.402395309,stop,0.200000,-5.002158165,-0.155060172,1.008251429,0.034018982,0.032780550,1.008414626,ros2_odometer_state
M19C_S1_lab_hard_floor_B2_U020_R2,790.067271577,10.404842444,stop,0.200000,-5.002158165,-0.155060172,1.008251429,0.034021568,0.032799460,1.008428097,ros2_odometer_state
M19C_S1_lab_hard_floor_B2_U020_R2,790.068919321,10.406490188,stop,0.200000,-5.002158165,-0.155060172,1.008251429,0.034027278,0.032816850,1.008436561,ros2_odometer_state
M19C_S1_lab_hard_floor_B2_U020_R2,790.071053292,10.408624159,stop,0.200000,-5.002158165,-0.155060172,1.008251429,0.034037024,0.032842860,1.008438110,ros2_odometer_state
M19C_S1_lab_hard_floor_B2_U020_R2,790.073065178,10.410636045,stop,0.200000,-5.002158165,-0.155060172,1.008438110,0.034047429,0.032862961,1.008436918,ros2_odometer_state
M19C_S1_lab_hard_floor_B2_U020_R2,790.074867392,10.412438259,stop,0.200000,-5.002158165,-0.155060172,1.008438110,0.034054037,0.032871384,1.008437395,ros2_odometer_state
M19C_S1_lab_hard_floor_B2_U020_R2,790.076869038,10.414439905,stop,0.200000,-5.002158165,-0.155060172,1.008438110,0.034065846,0.032883164,1.008432984,ros2_odometer_state
M19C_S1_lab_hard_floor_B2_U020_R2,790.079492628,10.417063495,stop,0.200000,-5.002158165,-0.155060172,1.008438110,0.034070916,0.032906279,1.008433580,ros2_odometer_state
M19C_S1_lab_hard_floor_B2_U020_R2,790.081188342,10.418759209,stop,0.200000,-5.002158165,-0.155060172,1.008438110,0.034077466,0.032934479,1.008434772,ros2_odometer_state
M19C_S1_lab_hard_floor_B2_U020_R2,790.083021245,10.420592112,stop,0.200000,-5.002158165,-0.155060172,1.008438110,0.034079649,0.032956928,1.008435726,ros2_odometer_state
M19C_S1_lab_hard_floor_B2_U020_R2,790.084929607,10.422500474,stop,0.200000,-5.002158165,-0.155060172,1.008438110,0.034080960,0.032980535,1.008432388,ros2_odometer_state
M19C_S1_lab_hard_floor_B2_U020_R2,790.086932981,10.424503848,stop,0.200000,-5.002158165,-0.155060172,1.008438110,0.034084361,0.032997932,1.008429885,ros2_odometer_state
M19C_S1_lab_hard_floor_B2_U020_R2,790.088864800,10.426435667,stop,0.200000,-5.002158165,-0.155060172,1.008438110,0.034079447,0.033014026,1.008438230,ros2_odometer_state
M19C_S1_lab_hard_floor_B2_U020_R2,790.090908495,10.428479362,stop,0.200000,-5.002158165,-0.155060172,1.008438110,0.034074318,0.033034071,1.008451700,ros2_odometer_state
M19C_S1_lab_hard_floor_B2_U020_R2,790.092981184,10.430552051,stop,0.200000,-5.002158165,-0.155060172,1.008451700,0.034068961,0.033041913,1.008466005,ros2_odometer_state
M19C_S1_lab_hard_floor_B2_U020_R2,790.094857577,10.432428444,stop,0.200000,-5.002158165,-0.155060172,1.008451700,0.034067940,0.033053186,1.008477092,ros2_odometer_state
M19C_S1_lab_hard_floor_B2_U020_R2,790.096162620,10.433733487,stop,0.200000,-5.002158165,-0.155060172,1.008451700,0.034067940,0.033053186,1.008477092,ros2_odometer_state
M19C_S1_lab_hard_floor_B2_U020_R2,790.099585121,10.437155988,stop,0.200000,-5.002158165,-0.155060172,1.008451700,0.034056947,0.033083584,1.008490324,ros2_odometer_state
M19C_S1_lab_hard_floor_B2_U020_R2,790.101069338,10.438640205,stop,0.200000,-5.002158165,-0.155060172,1.008451700,0.034051612,0.033101659,1.008506536,ros2_odometer_state
M19C_S1_lab_hard_floor_B2_U020_R2,790.102933699,10.440504566,stop,0.200000,-5.002158165,-0.155060172,1.008451700,0.034045827,0.033124354,1.008523345,ros2_odometer_state
M19C_S1_lab_hard_floor_B2_U020_R2,790.104231861,10.441802728,stop,0.200000,-5.002158165,-0.155060172,1.008451700,0.034045827,0.033124354,1.008523345,ros2_odometer_state
M19C_S1_lab_hard_floor_B2_U020_R2,790.106915325,10.444486192,stop,0.200000,-5.002158165,-0.155060172,1.008451700,0.034036465,0.033154048,1.008556366,ros2_odometer_state
M19C_S1_lab_hard_floor_B2_U020_R2,790.108963373,10.446534240,stop,0.200000,-5.002158165,-0.155060172,1.008451700,0.034030952,0.033176370,1.008570552,ros2_odometer_state
M19C_S1_lab_hard_floor_B2_U020_R2,790.110987068,10.448557935,stop,0.200000,-5.002158165,-0.155060172,1.008451700,0.034032971,0.033205822,1.008588076,ros2_odometer_state
M19C_S1_lab_hard_floor_B2_U020_R2,790.113031179,10.450602046,stop,0.200000,-5.002158165,-0.155060172,1.008588076,0.034042343,0.033228636,1.008600235,ros2_odometer_state
M19C_S1_lab_hard_floor_B2_U020_R2,790.114469571,10.452040438,stop,0.200000,-5.002158165,-0.155060172,1.008588076,0.034042343,0.033228636,1.008600235,ros2_odometer_state
M19C_S1_lab_hard_floor_B2_U020_R2,790.116362188,10.453933055,stop,0.200000,-5.002158165,-0.155060172,1.008588076,0.034051143,0.033248261,1.008607626,ros2_odometer_state
M19C_S1_lab_hard_floor_B2_U020_R2,790.118974386,10.456545253,stop,0.200000,-5.002158165,-0.155060172,1.008588076,0.034054831,0.033272058,1.008612156,ros2_odometer_state
M19C_S1_lab_hard_floor_B2_U020_R2,790.121148326,10.458719193,stop,0.200000,-5.002158165,-0.155060172,1.008588076,0.034060601,0.033331688,1.008616924,ros2_odometer_state
M19C_S1_lab_hard_floor_B2_U020_R2,790.122298579,10.459869446,stop,0.200000,-5.002158165,-0.155060172,1.008588076,0.034060601,0.033331688,1.008616924,ros2_odometer_state
M19C_S1_lab_hard_floor_B2_U020_R2,790.124972827,10.462543694,stop,0.200000,-5.002158165,-0.155060172,1.008588076,0.034073025,0.033383586,1.008611202,ros2_odometer_state
M19C_S1_lab_hard_floor_B2_U020_R2,790.126326703,10.463897570,stop,0.200000,-5.002158165,-0.155060172,1.008588076,0.034073025,0.033383586,1.008611202,ros2_odometer_state
M19C_S1_lab_hard_floor_B2_U020_R2,790.128315485,10.465886352,stop,0.200000,-5.002158165,-0.155060172,1.008588076,0.034085494,0.033401422,1.008608818,ros2_odometer_state
M19C_S1_lab_hard_floor_B2_U020_R2,790.130536435,10.468107302,stop,0.200000,-5.002158165,-0.155060172,1.008588076,0.034095142,0.033416010,1.008603811,ros2_odometer_state
M19C_S1_lab_hard_floor_B2_U020_R2,790.133102103,10.470672970,stop,0.200000,-5.002158165,-0.155060172,1.008600593,0.034099367,0.033439308,1.008600593,ros2_odometer_state
M19C_S1_lab_hard_floor_B2_U020_R2,790.134545903,10.472116770,stop,0.200000,-5.002158165,-0.155060172,1.008600593,0.034091346,0.033467036,1.008589625,ros2_odometer_state
M19C_S1_lab_hard_floor_B2_U020_R2,790.136496763,10.474067630,stop,0.200000,-5.002158165,-0.155060172,1.008600593,0.034082230,0.033493847,1.008575559,ros2_odometer_state
M19C_S1_lab_hard_floor_B2_U020_R2,790.139067358,10.476638225,stop,0.200000,-5.002158165,-0.155060172,1.008600593,0.034080602,0.033506237,1.008558989,ros2_odometer_state
M19C_S1_lab_hard_floor_B2_U020_R2,790.140581113,10.478151980,stop,0.200000,-5.002158165,-0.155060172,1.008600593,0.034076490,0.033516191,1.008549094,ros2_odometer_state
M19C_S1_lab_hard_floor_B2_U020_R2,790.142540357,10.480111224,stop,0.200000,-5.002158165,-0.155060172,1.008600593,0.034078144,0.033529736,1.008543015,ros2_odometer_state
M19C_S1_lab_hard_floor_B2_U020_R2,790.144788701,10.482359568,stop,0.200000,-5.002158165,-0.155060172,1.008600593,0.034080356,0.033544868,1.008531928,ros2_odometer_state
M19C_S1_lab_hard_floor_B2_U020_R2,790.146648581,10.484219448,stop,0.200000,-5.002158165,-0.155060172,1.008600593,0.034078129,0.033559192,1.008520722,ros2_odometer_state
M19C_S1_lab_hard_floor_B2_U020_R2,790.148582128,10.486152995,stop,0.200000,-5.002158165,-0.155060172,1.008600593,0.034081154,0.033568151,1.008508801,ros2_odometer_state
M19C_S1_lab_hard_floor_B2_U020_R2,790.150697890,10.488268757,stop,0.200000,-5.002158165,-0.155060172,1.008600593,0.034083813,0.033575479,1.008503437,ros2_odometer_state
M19C_S1_lab_hard_floor_B2_U020_R2,790.153051998,10.490622865,stop,0.200000,-5.002158165,-0.155060172,1.008497834,0.034087516,0.033578552,1.008497834,ros2_odometer_state
M19C_S1_lab_hard_floor_B2_U020_R2,790.154467989,10.492038856,stop,0.200000,-5.002158165,-0.155060172,1.008497834,0.034085184,0.033585407,1.008497477,ros2_odometer_state
M19C_S1_lab_hard_floor_B2_U020_R2,790.156693899,10.494264766,stop,0.200000,-5.002158165,-0.155060172,1.008497834,0.034086011,0.033589449,1.008501768,ros2_odometer_state
M19C_S1_lab_hard_floor_B2_U020_R2,790.159769283,10.497340150,stop,0.200000,-5.002158165,-0.155060172,1.008497834,0.034101147,0.033587646,1.008494854,ros2_odometer_state
M19C_S1_lab_hard_floor_B2_U020_R2,790.160482750,10.498053617,stop,0.200000,-5.002158165,-0.155060172,1.008497834,0.034101147,0.033587646,1.008494854,ros2_odometer_state
M19C_S1_lab_hard_floor_B2_U020_R2,790.163072643,10.500643510,stop,0.200000,-5.002158165,-0.155060172,1.008497834,0.034109551,0.033607394,1.008500457,ros2_odometer_state
M19C_S1_lab_hard_floor_B2_U020_R2,790.165093810,10.502664677,stop,0.200000,-5.002158165,-0.155060172,1.008497834,0.034112033,0.033613272,1.008505702,ros2_odometer_state
M19C_S1_lab_hard_floor_B2_U020_R2,790.167087327,10.504658194,stop,0.200000,-5.002158165,-0.155060172,1.008497834,0.034117527,0.033619266,1.008513689,ros2_odometer_state
M19C_S1_lab_hard_floor_B2_U020_R2,790.169020970,10.506591837,stop,0.200000,-5.002158165,-0.155060172,1.008497834,0.034129791,0.033635631,1.008519650,ros2_odometer_state
M19C_S1_lab_hard_floor_B2_U020_R2,790.171194527,10.508765394,stop,0.200000,-5.002158165,-0.155060172,1.008497834,0.034138437,0.033648677,1.008524179,ros2_odometer_state
M19C_S1_lab_hard_floor_B2_U020_R2,790.173442102,10.511012969,stop,0.200000,-5.002158165,-0.155060172,1.008524179,0.034149837,0.033658642,1.008528352,ros2_odometer_state
M19C_S1_lab_hard_floor_B2_U020_R2,790.175608586,10.513179453,stop,0.200000,-5.002158165,-0.155060172,1.008524179,0.034157760,0.033668429,1.008527637,ros2_odometer_state
M19C_S1_lab_hard_floor_B2_U020_R2,790.176409577,10.513980444,stop,0.200000,-5.002158165,-0.155060172,1.008524179,0.034157760,0.033668429,1.008527637,ros2_odometer_state
M19C_S1_lab_hard_floor_B2_U020_R2,790.179717962,10.517288829,stop,0.200000,-5.002158165,-0.155060172,1.008524179,0.034168515,0.033691913,1.008538246,ros2_odometer_state
M19C_S1_lab_hard_floor_B2_U020_R2,790.180663119,10.518233986,stop,0.200000,-5.002158165,-0.155060172,1.008524179,0.034168515,0.033691913,1.008538246,ros2_odometer_state
M19C_S1_lab_hard_floor_B2_U020_R2,790.182406226,10.519977093,stop,0.200000,-5.002158165,-0.155060172,1.008524179,0.034167551,0.033710502,1.008540392,ros2_odometer_state
M19C_S1_lab_hard_floor_B2_U020_R2,790.185131388,10.522702255,stop,0.200000,-5.002158165,-0.155060172,1.008524179,0.034159996,0.033745091,1.008549571,ros2_odometer_state
M19C_S1_lab_hard_floor_B2_U020_R2,790.187269231,10.524840098,stop,0.200000,-5.002158165,-0.155060172,1.008524179,0.034162086,0.033759173,1.008556843,ros2_odometer_state
M19C_S1_lab_hard_floor_B2_U020_R2,790.189180409,10.526751276,stop,0.200000,-5.002158165,-0.155060172,1.008524179,0.034165576,0.033774979,1.008566737,ros2_odometer_state
M19C_S1_lab_hard_floor_B2_U020_R2,790.191128261,10.528699128,stop,0.200000,-5.002158165,-0.155060172,1.008524179,0.034165241,0.033788305,1.008573413,ros2_odometer_state
M19C_S1_lab_hard_floor_B2_U020_R2,790.192442200,10.530013067,stop,0.200000,-5.002158165,-0.155060172,1.008573413,0.034165241,0.033788305,1.008573413,ros2_odometer_state
M19C_S1_lab_hard_floor_B2_U020_R2,790.195113120,10.532683987,stop,0.200000,-5.002158165,-0.155060172,1.008573413,0.034170981,0.033822879,1.008588076,ros2_odometer_state
M19C_S1_lab_hard_floor_B2_U020_R2,790.197113486,10.534684353,stop,0.200000,-5.002158165,-0.155060172,1.008573413,0.034170054,0.033838443,1.008592367,ros2_odometer_state
M19C_S1_lab_hard_floor_B2_U020_R2,790.199819351,10.537390218,stop,0.200000,-5.002158165,-0.155060172,1.008573413,0.034172531,0.033843879,1.008597255,ros2_odometer_state
M19C_S1_lab_hard_floor_B2_U020_R2,790.200607797,10.538178664,stop,0.200000,-5.002158165,-0.155060172,1.008573413,0.034172531,0.033843879,1.008597255,ros2_odometer_state
M19C_S1_lab_hard_floor_B2_U020_R2,790.203500070,10.541070937,stop,0.200000,-5.002158165,-0.155060172,1.008573413,0.034162998,0.033863507,1.008606553,ros2_odometer_state
M19C_S1_lab_hard_floor_B2_U020_R2,790.204635250,10.542206117,stop,0.200000,-5.002158165,-0.155060172,1.008573413,0.034162998,0.033863507,1.008606553,ros2_odometer_state
M19C_S1_lab_hard_floor_B2_U020_R2,790.206424631,10.543995498,stop,0.200000,-5.002158165,-0.155060172,1.008573413,0.034162842,0.033870433,1.008612633,ros2_odometer_state
M19C_S1_lab_hard_floor_B2_U020_R2,790.208437222,10.546008089,stop,0.200000,-5.002158165,-0.155060172,1.008573413,0.034164317,0.033874676,1.008611798,ros2_odometer_state
M19C_S1_lab_hard_floor_B2_U020_R2,790.211807432,10.549378299,stop,0.200000,-5.002158165,-0.155060172,1.008573413,0.034169625,0.033872321,1.008619785,ros2_odometer_state
M19C_S1_lab_hard_floor_B2_U020_R2,790.212708171,10.550279038,stop,0.200000,-5.002158165,-0.155060172,1.008619785,0.034169625,0.033872321,1.008619785,ros2_odometer_state
M19C_S1_lab_hard_floor_B2_U020_R2,790.215474103,10.553044970,stop,0.200000,-5.002158165,-0.155060172,1.008619785,0.034178477,0.033874508,1.008617878,ros2_odometer_state
M19C_S1_lab_hard_floor_B2_U020_R2,790.217890549,10.555461416,stop,0.200000,-5.002158165,-0.155060172,1.008619785,0.034175154,0.033885565,1.008615017,ros2_odometer_state
M19C_S1_lab_hard_floor_B2_U020_R2,790.219979302,10.557550169,stop,0.200000,-5.002158165,-0.155060172,1.008619785,0.034171175,0.033900794,1.008615971,ros2_odometer_state
M19C_S1_lab_hard_floor_B2_U020_R2,790.220534652,10.558105519,stop,0.200000,-5.002158165,-0.155060172,1.008619785,0.034171175,0.033900794,1.008615971,ros2_odometer_state
M19C_S1_lab_hard_floor_B2_U020_R2,790.222582379,10.560153246,stop,0.200000,-5.002158165,-0.155060172,1.008619785,0.034166206,0.033906516,1.008613229,ros2_odometer_state
M19C_S1_lab_hard_floor_B2_U020_R2,790.225573631,10.563144498,stop,0.200000,-5.002158165,-0.155060172,1.008619785,0.034166925,0.033897892,1.008606553,ros2_odometer_state
M19C_S1_lab_hard_floor_B2_U020_R2,790.226455842,10.564026709,stop,0.200000,-5.002158165,-0.155060172,1.008619785,0.034166925,0.033897892,1.008606553,ros2_odometer_state
M19C_S1_lab_hard_floor_B2_U020_R2,790.229534361,10.567105228,stop,0.200000,-5.002158165,-0.155060172,1.008619785,0.034166444,0.033893321,1.008593321,ros2_odometer_state
M19C_S1_lab_hard_floor_B2_U020_R2,790.230490142,10.568061009,stop,0.200000,-5.002158165,-0.155060172,1.008619785,0.034166444,0.033893321,1.008593321,ros2_odometer_state
M19C_S1_lab_hard_floor_B2_U020_R2,790.233606199,10.571177066,stop,0.200000,-5.002158165,-0.155060172,1.008591771,0.034170423,0.033911414,1.008590341,ros2_odometer_state
M19C_S1_lab_hard_floor_B2_U020_R2,790.234607358,10.572178225,stop,0.200000,-5.002158165,-0.155060172,1.008591771,0.034170423,0.033911414,1.008590341,ros2_odometer_state
M19C_S1_lab_hard_floor_B2_U020_R2,790.237340680,10.574911547,stop,0.200000,-5.002158165,-0.155060172,1.008591771,0.034174707,0.033905443,1.008568525,ros2_odometer_state
M19C_S1_lab_hard_floor_B2_U020_R2,790.239919245,10.577490112,stop,0.200000,-5.002158165,-0.155060172,1.008591771,0.034177434,0.033902291,1.008558512,ros2_odometer_state
M19C_S1_lab_hard_floor_B2_U020_R2,790.240615912,10.578186779,stop,0.200000,-5.002158165,-0.155060172,1.008591771,0.034177434,0.033902291,1.008558512,ros2_odometer_state
M19C_S1_lab_hard_floor_B2_U020_R2,790.243465430,10.581036297,stop,0.200000,-5.002158165,-0.155060172,1.008591771,0.034179132,0.033889730,1.008540869,ros2_odometer_state
M19C_S1_lab_hard_floor_B2_U020_R2,790.246070748,10.583641615,stop,0.200000,-5.002158165,-0.155060172,1.008591771,0.034172710,0.033883162,1.008538127,ros2_odometer_state
M19C_S1_lab_hard_floor_B2_U020_R2,790.246637586,10.584208453,stop,0.200000,-5.002158165,-0.155060172,1.008591771,0.034172710,0.033883162,1.008538127,ros2_odometer_state
M19C_S1_lab_hard_floor_B2_U020_R2,790.249521570,10.587092437,stop,0.200000,-5.002158165,-0.155060172,1.008591771,0.034165550,0.033887409,1.008528471,ros2_odometer_state
M19C_S1_lab_hard_floor_B2_U020_R2,790.250635341,10.588206208,stop,0.200000,-5.002158165,-0.155060172,1.008591771,0.034165550,0.033887409,1.008528471,ros2_odometer_state
M19C_S1_lab_hard_floor_B2_U020_R2,790.254018480,10.591589347,stop,0.200000,-5.002158165,-0.155060172,1.008526087,0.034162942,0.033876583,1.008520126,ros2_odometer_state
M19C_S1_lab_hard_floor_B2_U020_R2,790.255508010,10.593078877,stop,0.200000,-5.002158165,-0.155060172,1.008526087,0.034162480,0.033873342,1.008519530,ros2_odometer_state
M19C_S1_lab_hard_floor_B2_U020_R2,790.256590996,10.594161863,stop,0.200000,-5.002158165,-0.155060172,1.008526087,0.034162480,0.033873342,1.008519530,ros2_odometer_state
M19C_S1_lab_hard_floor_B2_U020_R2,790.259954007,10.597524874,stop,0.200000,-5.002158165,-0.155060172,1.008526087,0.034152601,0.033879295,1.008521795,ros2_odometer_state
M19C_S1_lab_hard_floor_B2_U020_R2,790.260707028,10.598277895,stop,0.200000,-5.002158165,-0.155060172,1.008526087,0.034152601,0.033879295,1.008521795,ros2_odometer_state
M19C_S1_lab_hard_floor_B2_U020_R2,790.263555651,10.601126518,stop,0.200000,-5.002158165,-0.155060172,1.008526087,0.034145832,0.033866849,1.008516431,ros2_odometer_state
M19C_S1_lab_hard_floor_B2_U020_R2,790.264729265,10.602300132,stop,0.200000,-5.002158165,-0.155060172,1.008526087,0.034145832,0.033866849,1.008516431,ros2_odometer_state
M19C_S1_lab_hard_floor_B2_U020_R2,790.267480219,10.605051086,stop,0.200000,-5.002158165,-0.155060172,1.008526087,0.034140538,0.033864822,1.008518696,ros2_odometer_state
M19C_S1_lab_hard_floor_B2_U020_R2,790.268715339,10.606286206,stop,0.200000,-5.002158165,-0.155060172,1.008526087,0.034140538,0.033864822,1.008518696,ros2_odometer_state
M19C_S1_lab_hard_floor_B2_U020_R2,790.270723897,10.608294764,stop,0.200000,-5.002158165,-0.155060172,1.008526087,0.034139432,0.033861686,1.008512497,ros2_odometer_state
M19C_S1_lab_hard_floor_B2_U020_R2,790.273478212,10.611049079,stop,0.200000,-5.002158165,-0.155060172,1.008510470,0.034141660,0.033855803,1.008513331,ros2_odometer_state
M19C_S1_lab_hard_floor_B2_U020_R2,790.275397679,10.612968546,stop,0.200000,-5.002158165,-0.155060172,1.008510470,0.034133643,0.033850871,1.008510351,ros2_odometer_state
M19C_S1_lab_hard_floor_B2_U020_R2,790.277385020,10.614955887,stop,0.200000,-5.002158165,-0.155060172,1.008510470,0.034126144,0.033849955,1.008513570,ros2_odometer_state
M19C_S1_lab_hard_floor_B2_U020_R2,790.279881085,10.617451952,stop,0.200000,-5.002158165,-0.155060172,1.008510470,0.034128290,0.033845063,1.008520842,ros2_odometer_state
M19C_S1_lab_hard_floor_B2_U020_R2,790.281558014,10.619128881,stop,0.200000,-5.002158165,-0.155060172,1.008510470,0.034131046,0.033839602,1.008521676,ros2_odometer_state
M19C_S1_lab_hard_floor_B2_U020_R2,790.283659120,10.621229987,stop,0.200000,-5.002158165,-0.155060172,1.008510470,0.034124654,0.033830993,1.008520126,ros2_odometer_state
M19C_S1_lab_hard_floor_B2_U020_R2,790.285564378,10.623135245,stop,0.200000,-5.002158165,-0.155060172,1.008510470,0.034114018,0.033824950,1.008518577,ros2_odometer_state
M19C_S1_lab_hard_floor_B2_U020_R2,790.287622666,10.625193533,stop,0.200000,-5.002158165,-0.155060172,1.008510470,0.034101617,0.033817224,1.008512497,ros2_odometer_state
M19C_S1_lab_hard_floor_B2_U020_R2,790.289731964,10.627302831,stop,0.200000,-5.002158165,-0.155060172,1.008510470,0.034096766,0.033808369,1.008511543,ros2_odometer_state
M19C_S1_lab_hard_floor_B2_U020_R2,790.290781061,10.628351928,stop,0.200000,-5.002158165,-0.155060172,1.008510470,0.034096766,0.033808369,1.008511543,ros2_odometer_state
M19C_S1_lab_hard_floor_B2_U020_R2,790.292783826,10.630354693,stop,0.200000,-5.002158165,-0.155060172,1.008512378,0.034101959,0.033806894,1.008512378,ros2_odometer_state
M19C_S1_lab_hard_floor_B2_U020_R2,790.295461563,10.633032430,stop,0.200000,-5.002158165,-0.155060172,1.008512378,0.034101252,0.033795282,1.008507013,ros2_odometer_state
M19C_S1_lab_hard_floor_B2_U020_R2,790.297439239,10.635010106,stop,0.200000,-5.002158165,-0.155060172,1.008512378,0.034096699,0.033782188,1.008506536,ros2_odometer_state
M19C_S1_lab_hard_floor_B2_U020_R2,790.299962025,10.637532892,stop,0.200000,-5.002158165,-0.155060172,1.008512378,0.034093764,0.033768844,1.008503318,ros2_odometer_state
M19C_S1_lab_hard_floor_B2_U020_R2,790.301502949,10.639073816,stop,0.200000,-5.002158165,-0.155060172,1.008512378,0.034090552,0.033765219,1.008500218,ros2_odometer_state
M19C_S1_lab_hard_floor_B2_U020_R2,790.303459345,10.641030212,stop,0.200000,-5.002158165,-0.155060172,1.008512378,0.034089044,0.033760622,1.008498549,ros2_odometer_state
M19C_S1_lab_hard_floor_B2_U020_R2,790.305449119,10.643019986,stop,0.200000,-5.002158165,-0.155060172,1.008512378,0.034088805,0.033748787,1.008498907,ros2_odometer_state
M19C_S1_lab_hard_floor_B2_U020_R2,790.307421579,10.644992446,stop,0.200000,-5.002158165,-0.155060172,1.008512378,0.034082636,0.033733845,1.008498073,ros2_odometer_state
M19C_S1_lab_hard_floor_B2_U020_R2,790.310304955,10.647875822,stop,0.200000,-5.002158165,-0.155060172,1.008512378,0.034074556,0.033720605,1.008488894,ros2_odometer_state
M19C_S1_lab_hard_floor_B2_U020_R2,790.311103354,10.648674221,stop,0.200000,-5.002158165,-0.155060172,1.008512378,0.034074556,0.033720605,1.008488894,ros2_odometer_state
M19C_S1_lab_hard_floor_B2_U020_R2,790.315722158,10.653293025,stop,0.200000,-5.002158165,-0.155060172,1.008481741,0.034068272,0.033699781,1.008476615,ros2_odometer_state
M19C_S1_lab_hard_floor_B2_U020_R2,790.316826105,10.654396972,stop,0.200000,-5.002158165,-0.155060172,1.008481741,0.034066670,0.033686992,1.008467913,ros2_odometer_state
M19C_S1_lab_hard_floor_B2_U020_R2,790.317733820,10.655304687,stop,0.200000,-5.002158165,-0.155060172,1.008481741,0.034064494,0.033673439,1.008458138,ros2_odometer_state
M19C_S1_lab_hard_floor_B2_U020_R2,790.319958578,10.657529445,stop,0.200000,-5.002158165,-0.155060172,1.008481741,0.034060758,0.033669323,1.008448601,ros2_odometer_state
M19C_S1_lab_hard_floor_B2_U020_R2,790.321584753,10.659155620,stop,0.200000,-5.002158165,-0.155060172,1.008481741,0.034058627,0.033659499,1.008439541,ros2_odometer_state
M19C_S1_lab_hard_floor_B2_U020_R2,790.323573407,10.661144274,stop,0.200000,-5.002158165,-0.155060172,1.008481741,0.034054831,0.033644576,1.008431792,ros2_odometer_state
M19C_S1_lab_hard_floor_B2_U020_R2,790.325483817,10.663054684,stop,0.200000,-5.002158165,-0.155060172,1.008481741,0.034056891,0.033628508,1.008430243,ros2_odometer_state
M19C_S1_lab_hard_floor_B2_U020_R2,790.327506103,10.665076970,stop,0.200000,-5.002158165,-0.155060172,1.008481741,0.034059636,0.033609606,1.008426189,ros2_odometer_state
M19C_S1_lab_hard_floor_B2_U020_R2,790.328696710,10.666267577,stop,0.200000,-5.002158165,-0.155060172,1.008481741,0.034059636,0.033609606,1.008426189,ros2_odometer_state
M19C_S1_lab_hard_floor_B2_U020_R2,790.331495506,10.669066373,stop,0.200000,-5.002158165,-0.155060172,1.008481741,0.034058295,0.033588436,1.008403897,ros2_odometer_state
M19C_S1_lab_hard_floor_B2_U020_R2,790.333540130,10.671110997,stop,0.200000,-5.002158165,-0.155060172,1.008403897,0.034062523,0.033571690,1.008393407,ros2_odometer_state
M19C_S1_lab_hard_floor_B2_U020_R2,790.335488910,10.673059777,stop,0.200000,-5.002158165,-0.155060172,1.008403897,0.034063689,0.033549525,1.008390665,ros2_odometer_state
M19C_S1_lab_hard_floor_B2_U020_R2,790.337488507,10.675059374,stop,0.200000,-5.002158165,-0.155060172,1.008403897,0.034066722,0.033530045,1.008387566,ros2_odometer_state
M19C_S1_lab_hard_floor_B2_U020_R2,790.340140386,10.677711253,stop,0.200000,-5.002158165,-0.155060172,1.008403897,0.034069795,0.033518065,1.008380771,ros2_odometer_state
M19C_S1_lab_hard_floor_B2_U020_R2,790.340715993,10.678286860,stop,0.200000,-5.002158165,-0.155060172,1.008403897,0.034069795,0.033518065,1.008380771,ros2_odometer_state
M19C_S1_lab_hard_floor_B2_U020_R2,790.344254370,10.681825237,stop,0.200000,-5.002158165,-0.155060172,1.008403897,0.034065001,0.033499599,1.008366227,ros2_odometer_state
M19C_S1_lab_hard_floor_B2_U020_R2,790.345181958,10.682752825,stop,0.200000,-5.002158165,-0.155060172,1.008403897,0.034065001,0.033499599,1.008366227,ros2_odometer_state
M19C_S1_lab_hard_floor_B2_U020_R2,790.349543344,10.687114211,stop,0.200000,-5.002158165,-0.155060172,1.008403897,0.034072172,0.033473026,1.008357644,ros2_odometer_state
M19C_S1_lab_hard_floor_B2_U020_R2,790.350427090,10.687997957,stop,0.200000,-5.002158165,-0.155060172,1.008403897,0.034069620,0.033456679,1.008348942,ros2_odometer_state
M19C_S1_lab_hard_floor_B2_U020_R2,790.350931110,10.688501977,stop,0.200000,-5.002158165,-0.155060172,1.008403897,0.034069620,0.033456679,1.008348942,ros2_odometer_state
M19C_S1_lab_hard_floor_B2_U020_R2,790.353622446,10.691193313,stop,0.200000,-5.002158165,-0.155060172,1.008348942,0.034068901,0.033446223,1.008345246,ros2_odometer_state
M19C_S1_lab_hard_floor_B2_U020_R2,790.355521656,10.693092523,stop,0.200000,-5.002158165,-0.155060172,1.008348942,0.034057166,0.033441659,1.008333683,ros2_odometer_state
M19C_S1_lab_hard_floor_B2_U020_R2,790.357526854,10.695097721,stop,0.200000,-5.002158165,-0.155060172,1.008348942,0.034056492,0.033438988,1.008325815,ros2_odometer_state
M19C_S1_lab_hard_floor_B2_U020_R2,790.360083593,10.697654460,stop,0.200000,-5.002158165,-0.155060172,1.008348942,0.034058522,0.033429939,1.008322358,ros2_odometer_state
M19C_S1_lab_hard_floor_B2_U020_R2,790.361627653,10.699198520,stop,0.200000,-5.002158165,-0.155060172,1.008348942,0.034056503,0.033419427,1.008316636,ros2_odometer_state
M19C_S1_lab_hard_floor_B2_U020_R2,790.362855221,10.700426088,stop,0.200000,-5.002158165,-0.155060172,1.008348942,0.034056503,0.033419427,1.008316636,ros2_odometer_state
