trial_id,timestamp_monotonic,t_rel,phase,command_velocity,odom_x,odom_y,odom_theta,imu_roll,imu_pitch,imu_yaw,source
M19C_S1_lab_hard_floor_B3_U050_R3,1238.124867834,0.509872853,idle,0.500000,-4.651017189,-0.179519340,-1.908554435,0.028471550,-0.055196531,-1.908561945,ros2_odometer_state
M19C_S1_lab_hard_floor_B3_U050_R3,1238.129328112,0.514333131,idle,0.500000,-4.651017189,-0.179519340,-1.908554435,0.028471550,-0.055196531,-1.908561945,ros2_odometer_state
M19C_S1_lab_hard_floor_B3_U050_R3,1238.141221441,0.526226460,idle,0.500000,-4.651633263,-0.179302841,-1.908561230,0.028473606,-0.055194840,-1.908561230,ros2_odometer_state
M19C_S1_lab_hard_floor_B3_U050_R3,1238.146465457,0.531470476,idle,0.500000,-4.651633263,-0.179302841,-1.908561230,0.028467899,-0.055193871,-1.908566117,ros2_odometer_state
M19C_S1_lab_hard_floor_B3_U050_R3,1238.155117941,0.540122960,idle,0.500000,-4.651633263,-0.179302841,-1.908561230,0.028480999,-0.055184476,-1.908560395,ros2_odometer_state
M19C_S1_lab_hard_floor_B3_U050_R3,1238.161481003,0.546486022,idle,0.500000,-4.651633263,-0.179302841,-1.908561230,0.028475037,-0.055184405,-1.908564329,ros2_odometer_state
M19C_S1_lab_hard_floor_B3_U050_R3,1238.179720273,0.564725292,idle,0.500000,-4.651633263,-0.179302841,-1.908561230,0.028498191,-0.055174813,-1.908564925,ros2_odometer_state
M19C_S1_lab_hard_floor_B3_U050_R3,1238.186057863,0.571062882,idle,0.500000,-4.651633263,-0.179302841,-1.908561230,0.028507076,-0.055100054,-1.908600450,ros2_odometer_state
M19C_S1_lab_hard_floor_B3_U050_R3,1238.188766338,0.573771357,idle,0.500000,-4.651633263,-0.179302841,-1.908561230,0.028496668,-0.055092379,-1.908607602,ros2_odometer_state
M19C_S1_lab_hard_floor_B3_U050_R3,1238.190709443,0.575714462,idle,0.500000,-4.651633263,-0.179302841,-1.908561230,0.028503083,-0.055073913,-1.908601284,ros2_odometer_state
M19C_S1_lab_hard_floor_B3_U050_R3,1238.194748299,0.579753318,idle,0.500000,-4.651633263,-0.179302841,-1.908561230,0.028504994,-0.055071320,-1.908611178,ros2_odometer_state
M19C_S1_lab_hard_floor_B3_U050_R3,1238.196913268,0.581918287,idle,0.500000,-4.651633263,-0.179302841,-1.908561230,0.028508622,-0.055065677,-1.908609390,ros2_odometer_state
M19C_S1_lab_hard_floor_B3_U050_R3,1238.199215842,0.584220861,idle,0.500000,-4.652247429,-0.179087088,-1.908565402,0.028509969,-0.055061158,-1.908605218,ros2_odometer_state
M19C_S1_lab_hard_floor_B3_U050_R3,1238.204728124,0.589733143,idle,0.500000,-4.652247429,-0.179087088,-1.908565402,0.028505059,-0.055063650,-1.908605576,ros2_odometer_state
M19C_S1_lab_hard_floor_B3_U050_R3,1238.214392929,0.599397948,idle,0.500000,-4.652247429,-0.179087088,-1.908565402,0.028497959,-0.055042416,-1.908617377,ros2_odometer_state
M19C_S1_lab_hard_floor_B3_U050_R3,1238.217780627,0.602785646,idle,0.500000,-4.652247429,-0.179087088,-1.908565402,0.028487435,-0.055041831,-1.908619881,ros2_odometer_state
M19C_S1_lab_hard_floor_B3_U050_R3,1238.220559025,0.605564044,idle,0.500000,-4.652247429,-0.179087088,-1.908565402,0.028486822,-0.055047836,-1.908620477,ros2_odometer_state
M19C_S1_lab_hard_floor_B3_U050_R3,1238.221683095,0.606688114,idle,0.500000,-4.653464317,-0.178659678,-1.908595562,0.028475890,-0.055047978,-1.908627152,ros2_odometer_state
M19C_S1_lab_hard_floor_B3_U050_R3,1238.223029252,0.608034271,idle,0.500000,-4.653464317,-0.178659678,-1.908595562,0.028471012,-0.055050347,-1.908630371,ros2_odometer_state
M19C_S1_lab_hard_floor_B3_U050_R3,1238.223965667,0.608970686,idle,0.500000,-4.653464317,-0.178659678,-1.908595562,0.028469317,-0.055052195,-1.908634663,ros2_odometer_state
M19C_S1_lab_hard_floor_B3_U050_R3,1238.225180716,0.610185735,idle,0.500000,-4.653464317,-0.178659678,-1.908595562,0.028462520,-0.055046305,-1.908637047,ros2_odometer_state
M19C_S1_lab_hard_floor_B3_U050_R3,1238.226067178,0.611072197,idle,0.500000,-4.654056072,-0.178451747,-1.908604503,0.028461382,-0.055045474,-1.908636212,ros2_odometer_state
M19C_S1_lab_hard_floor_B3_U050_R3,1238.227183568,0.612188587,idle,0.500000,-4.654056072,-0.178451747,-1.908604503,0.028470406,-0.055046391,-1.908631802,ros2_odometer_state
M19C_S1_lab_hard_floor_B3_U050_R3,1238.228149616,0.613154635,idle,0.500000,-4.654056072,-0.178451747,-1.908604503,0.028471779,-0.055048425,-1.908630610,ros2_odometer_state
M19C_S1_lab_hard_floor_B3_U050_R3,1238.229256662,0.614261681,idle,0.500000,-4.654056072,-0.178451747,-1.908604503,0.028465705,-0.055049662,-1.908628106,ros2_odometer_state
M19C_S1_lab_hard_floor_B3_U050_R3,1238.230194901,0.615199920,idle,0.500000,-4.654056072,-0.178451747,-1.908604503,0.028462309,-0.055042509,-1.908629417,ros2_odometer_state
M19C_S1_lab_hard_floor_B3_U050_R3,1238.231336956,0.616341975,idle,0.500000,-4.654056072,-0.178451747,-1.908604503,0.028459130,-0.055043995,-1.908629537,ros2_odometer_state
M19C_S1_lab_hard_floor_B3_U050_R3,1238.232508803,0.617513822,idle,0.500000,-4.654056072,-0.178451747,-1.908604503,0.028456938,-0.055044904,-1.908629656,ros2_odometer_state
M19C_S1_lab_hard_floor_B3_U050_R3,1238.233440291,0.618445310,idle,0.500000,-4.654056072,-0.178451747,-1.908604503,0.028457941,-0.055044133,-1.908629537,ros2_odometer_state
M19C_S1_lab_hard_floor_B3_U050_R3,1238.234469445,0.619474464,idle,0.500000,-4.654056072,-0.178451747,-1.908604503,0.028462939,-0.055045389,-1.908629656,ros2_odometer_state
M19C_S1_lab_hard_floor_B3_U050_R3,1238.235385316,0.620390335,idle,0.500000,-4.654056072,-0.178451747,-1.908604503,0.028469818,-0.055048522,-1.908630371,ros2_odometer_state
M19C_S1_lab_hard_floor_B3_U050_R3,1238.236541707,0.621546726,idle,0.500000,-4.654665470,-0.178237632,-1.908609390,0.028464414,-0.055046879,-1.908631921,ros2_odometer_state
M19C_S1_lab_hard_floor_B3_U050_R3,1238.237401960,0.622406979,idle,0.500000,-4.654665470,-0.178237632,-1.908609390,0.028457137,-0.055038728,-1.908630133,ros2_odometer_state
M19C_S1_lab_hard_floor_B3_U050_R3,1238.238253893,0.623258912,idle,0.500000,-4.654665470,-0.178237632,-1.908609390,0.028454419,-0.055043317,-1.908633113,ros2_odometer_state
M19C_S1_lab_hard_floor_B3_U050_R3,1238.239218789,0.624223808,idle,0.500000,-4.654665470,-0.178237632,-1.908609390,0.028452620,-0.055043906,-1.908635378,ros2_odometer_state
M19C_S1_lab_hard_floor_B3_U050_R3,1238.240113955,0.625118974,idle,0.500000,-4.654665470,-0.178237632,-1.908609390,0.028452594,-0.055040736,-1.908630729,ros2_odometer_state
M19C_S1_lab_hard_floor_B3_U050_R3,1238.241378478,0.626383497,idle,0.500000,-4.654665470,-0.178237632,-1.908609390,0.028452486,-0.055045310,-1.908623695,ros2_odometer_state
M19C_S1_lab_hard_floor_B3_U050_R3,1238.242605719,0.627610738,idle,0.500000,-4.654665470,-0.178237632,-1.908609390,0.028452612,-0.055039760,-1.908625960,ros2_odometer_state
M19C_S1_lab_hard_floor_B3_U050_R3,1238.243624826,0.628629845,idle,0.500000,-4.654665470,-0.178237632,-1.908609390,0.028449273,-0.055031281,-1.908624411,ros2_odometer_state
M19C_S1_lab_hard_floor_B3_U050_R3,1238.245172046,0.630177065,idle,0.500000,-4.654665470,-0.178237632,-1.908609390,0.028444584,-0.055033207,-1.908618212,ros2_odometer_state
M19C_S1_lab_hard_floor_B3_U050_R3,1238.246512923,0.631517942,idle,0.500000,-4.654665470,-0.178237632,-1.908609390,0.028442277,-0.055035960,-1.908611894,ros2_odometer_state
M19C_S1_lab_hard_floor_B3_U050_R3,1238.247688962,0.632693981,idle,0.500000,-4.655264854,-0.178027079,-1.908619881,0.028439691,-0.055027053,-1.908610344,ros2_odometer_state
M19C_S1_lab_hard_floor_B3_U050_R3,1238.249272152,0.634277171,idle,0.500000,-4.655264854,-0.178027079,-1.908619881,0.028440619,-0.055026285,-1.908613563,ros2_odometer_state
M19C_S1_lab_hard_floor_B3_U050_R3,1238.250487841,0.635492860,idle,0.500000,-4.655264854,-0.178027079,-1.908619881,0.028437722,-0.055032670,-1.908618093,ros2_odometer_state
M19C_S1_lab_hard_floor_B3_U050_R3,1238.251531684,0.636536703,idle,0.500000,-4.655264854,-0.178027079,-1.908619881,0.028430982,-0.055032760,-1.908617854,ros2_odometer_state
M19C_S1_lab_hard_floor_B3_U050_R3,1238.252806831,0.637811850,idle,0.500000,-4.655264854,-0.178027079,-1.908619881,0.028425515,-0.055036988,-1.908622026,ros2_odometer_state
M19C_S1_lab_hard_floor_B3_U050_R3,1238.253724014,0.638729033,idle,0.500000,-4.655264854,-0.178027079,-1.908619881,0.028427504,-0.055047505,-1.908625603,ros2_odometer_state
M19C_S1_lab_hard_floor_B3_U050_R3,1238.255065659,0.640070678,idle,0.500000,-4.655264854,-0.178027079,-1.908619881,0.028426575,-0.055053260,-1.908625484,ros2_odometer_state
M19C_S1_lab_hard_floor_B3_U050_R3,1238.255923704,0.640928723,idle,0.500000,-4.655264854,-0.178027079,-1.908619881,0.028419739,-0.055051386,-1.908621907,ros2_odometer_state
M19C_S1_lab_hard_floor_B3_U050_R3,1238.257286950,0.642291969,idle,0.500000,-4.655264854,-0.178027079,-1.908619881,0.028416907,-0.055050511,-1.908619881,ros2_odometer_state
M19C_S1_lab_hard_floor_B3_U050_R3,1238.258260710,0.643265729,idle,0.500000,-4.655264854,-0.178027079,-1.908619881,0.028417697,-0.055046909,-1.908620119,ros2_odometer_state
M19C_S1_lab_hard_floor_B3_U050_R3,1238.259526545,0.644531564,idle,0.500000,-4.655880928,-0.177810729,-1.908628106,0.028417060,-0.055047430,-1.908621073,ros2_odometer_state
M19C_S1_lab_hard_floor_B3_U050_R3,1238.260821661,0.645826680,idle,0.500000,-4.655880928,-0.177810729,-1.908628106,0.028415250,-0.055050407,-1.908623695,ros2_odometer_state
M19C_S1_lab_hard_floor_B3_U050_R3,1238.261736476,0.646741495,idle,0.500000,-4.655880928,-0.177810729,-1.908628106,0.028410150,-0.055051483,-1.908629417,ros2_odometer_state
M19C_S1_lab_hard_floor_B3_U050_R3,1238.263055400,0.648060419,idle,0.500000,-4.655880928,-0.177810729,-1.908628106,0.028409131,-0.055052187,-1.908635974,ros2_odometer_state
M19C_S1_lab_hard_floor_B3_U050_R3,1238.263944262,0.648949281,idle,0.500000,-4.655880928,-0.177810729,-1.908628106,0.028412154,-0.055056248,-1.908639431,ros2_odometer_state
M19C_S1_lab_hard_floor_B3_U050_R3,1238.265302324,0.650307343,idle,0.500000,-4.655880928,-0.177810729,-1.908628106,0.028416049,-0.055058818,-1.908645034,ros2_odometer_state
M19C_S1_lab_hard_floor_B3_U050_R3,1238.266365591,0.651370610,idle,0.500000,-4.655880928,-0.177810729,-1.908628106,0.028420102,-0.055063449,-1.908647776,ros2_odometer_state
M19C_S1_lab_hard_floor_B3_U050_R3,1238.267520606,0.652525625,idle,0.500000,-4.655880928,-0.177810729,-1.908628106,0.028424000,-0.055067673,-1.908646464,ros2_odometer_state
M19C_S1_lab_hard_floor_B3_U050_R3,1238.268768456,0.653773475,idle,0.500000,-4.655880928,-0.177810729,-1.908628106,0.028428141,-0.055067465,-1.908650041,ros2_odometer_state
M19C_S1_lab_hard_floor_B3_U050_R3,1238.269729353,0.654734372,idle,0.500000,-4.655880928,-0.177810729,-1.908628106,0.028429950,-0.055065233,-1.908649683,ros2_odometer_state
M19C_S1_lab_hard_floor_B3_U050_R3,1238.270034259,0.655039278,idle,0.500000,-4.656491756,-0.177596197,-1.908635378,0.028429950,-0.055065233,-1.908649683,ros2_odometer_state
M19C_S1_lab_hard_floor_B3_U050_R3,1238.270801965,0.655806984,idle,0.500000,-4.656491756,-0.177596197,-1.908635378,0.028429950,-0.055065233,-1.908649683,ros2_odometer_state
M19C_S1_lab_hard_floor_B3_U050_R3,1238.271811311,0.656816330,idle,0.500000,-4.656491756,-0.177596197,-1.908635378,0.028427966,-0.055057883,-1.908646107,ros2_odometer_state
M19C_S1_lab_hard_floor_B3_U050_R3,1238.272176507,0.657181526,idle,0.500000,-4.656491756,-0.177596197,-1.908635378,0.028427966,-0.055057883,-1.908646107,ros2_odometer_state
M19C_S1_lab_hard_floor_B3_U050_R3,1238.272750415,0.657755434,idle,0.500000,-4.656491756,-0.177596197,-1.908635378,0.028427966,-0.055057883,-1.908646107,ros2_odometer_state
M19C_S1_lab_hard_floor_B3_U050_R3,1238.273705775,0.658710794,idle,0.500000,-4.656491756,-0.177596197,-1.908635378,0.028426878,-0.055050284,-1.908645391,ros2_odometer_state
M19C_S1_lab_hard_floor_B3_U050_R3,1238.274019737,0.659024756,idle,0.500000,-4.656491756,-0.177596197,-1.908635378,0.028426878,-0.055050284,-1.908645391,ros2_odometer_state
M19C_S1_lab_hard_floor_B3_U050_R3,1238.274601101,0.659606120,idle,0.500000,-4.656491756,-0.177596197,-1.908635378,0.028426878,-0.055050284,-1.908645391,ros2_odometer_state
M19C_S1_lab_hard_floor_B3_U050_R3,1238.275598766,0.660603785,idle,0.500000,-4.656491756,-0.177596197,-1.908635378,0.028429056,-0.055047020,-1.908646464,ros2_odometer_state
M19C_S1_lab_hard_floor_B3_U050_R3,1238.275914649,0.660919668,idle,0.500000,-4.656491756,-0.177596197,-1.908635378,0.028429056,-0.055047020,-1.908646464,ros2_odometer_state
M19C_S1_lab_hard_floor_B3_U050_R3,1238.276427466,0.661432485,idle,0.500000,-4.657114029,-0.177377701,-1.908617854,0.028429056,-0.055047020,-1.908646464,ros2_odometer_state
M19C_S1_lab_hard_floor_B3_U050_R3,1238.276894778,0.661899797,idle,0.500000,-4.657114029,-0.177377701,-1.908617854,0.028429056,-0.055047020,-1.908646464,ros2_odometer_state
M19C_S1_lab_hard_floor_B3_U050_R3,1238.277852922,0.662857941,idle,0.500000,-4.657114029,-0.177377701,-1.908617854,0.028434096,-0.055048097,-1.908651829,ros2_odometer_state
M19C_S1_lab_hard_floor_B3_U050_R3,1238.278180261,0.663185280,idle,0.500000,-4.657114029,-0.177377701,-1.908617854,0.028434096,-0.055048097,-1.908651829,ros2_odometer_state
M19C_S1_lab_hard_floor_B3_U050_R3,1238.278751353,0.663756372,idle,0.500000,-4.657114029,-0.177377701,-1.908617854,0.028434096,-0.055048097,-1.908651829,ros2_odometer_state
M19C_S1_lab_hard_floor_B3_U050_R3,1238.279727258,0.664732277,idle,0.500000,-4.657114029,-0.177377701,-1.908617854,0.028435381,-0.055055782,-1.908658028,ros2_odometer_state
M19C_S1_lab_hard_floor_B3_U050_R3,1238.280058597,0.665063616,idle,0.500000,-4.657114029,-0.177377701,-1.908617854,0.028435381,-0.055055782,-1.908658028,ros2_odometer_state
M19C_S1_lab_hard_floor_B3_U050_R3,1238.280657113,0.665662132,idle,0.500000,-4.657114029,-0.177377701,-1.908617854,0.028435381,-0.055055782,-1.908658028,ros2_odometer_state
M19C_S1_lab_hard_floor_B3_U050_R3,1238.281676251,0.666681270,idle,0.500000,-4.657114029,-0.177377701,-1.908617854,0.028432414,-0.055056170,-1.908652902,ros2_odometer_state
M19C_S1_lab_hard_floor_B3_U050_R3,1238.282000198,0.667005217,idle,0.500000,-4.657114029,-0.177377701,-1.908617854,0.028432414,-0.055056170,-1.908652902,ros2_odometer_state
M19C_S1_lab_hard_floor_B3_U050_R3,1238.282696638,0.667701657,idle,0.500000,-4.657723427,-0.177163586,-1.908635974,0.028432414,-0.055056170,-1.908652902,ros2_odometer_state
M19C_S1_lab_hard_floor_B3_U050_R3,1238.283859013,0.668864032,idle,0.500000,-4.657723427,-0.177163586,-1.908635974,0.028428191,-0.055051759,-1.908644438,ros2_odometer_state
M19C_S1_lab_hard_floor_B3_U050_R3,1238.284333237,0.669338256,idle,0.500000,-4.657723427,-0.177163586,-1.908635974,0.028428191,-0.055051759,-1.908644438,ros2_odometer_state
M19C_S1_lab_hard_floor_B3_U050_R3,1238.284853958,0.669858977,idle,0.500000,-4.657723427,-0.177163586,-1.908635974,0.028428191,-0.055051759,-1.908644438,ros2_odometer_state
M19C_S1_lab_hard_floor_B3_U050_R3,1238.285851336,0.670856355,idle,0.500000,-4.657723427,-0.177163586,-1.908635974,0.028423818,-0.055052500,-1.908641458,ros2_odometer_state
M19C_S1_lab_hard_floor_B3_U050_R3,1238.286216180,0.671221199,idle,0.500000,-4.657723427,-0.177163586,-1.908635974,0.028423818,-0.055052500,-1.908641458,ros2_odometer_state
M19C_S1_lab_hard_floor_B3_U050_R3,1238.286690596,0.671695615,idle,0.500000,-4.657723427,-0.177163586,-1.908635974,0.028423818,-0.055052500,-1.908641458,ros2_odometer_state
M19C_S1_lab_hard_floor_B3_U050_R3,1238.287164084,0.672169103,idle,0.500000,-4.657723427,-0.177163586,-1.908635974,0.028423818,-0.055052500,-1.908641458,ros2_odometer_state
M19C_S1_lab_hard_floor_B3_U050_R3,1238.288087859,0.673092878,idle,0.500000,-4.657723427,-0.177163586,-1.908635974,0.028420856,-0.055054288,-1.908646941,ros2_odometer_state
M19C_S1_lab_hard_floor_B3_U050_R3,1238.288692967,0.673697986,idle,0.500000,-4.657723427,-0.177163586,-1.908635974,0.028420856,-0.055054288,-1.908646941,ros2_odometer_state
M19C_S1_lab_hard_floor_B3_U050_R3,1238.289659304,0.674664323,idle,0.500000,-4.658318996,-0.176954299,-1.908651829,0.028426616,-0.055051319,-1.908645749,ros2_odometer_state
M19C_S1_lab_hard_floor_B3_U050_R3,1238.289977427,0.674982446,idle,0.500000,-4.658318996,-0.176954299,-1.908651829,0.028426616,-0.055051319,-1.908645749,ros2_odometer_state
M19C_S1_lab_hard_floor_B3_U050_R3,1238.290568903,0.675573922,idle,0.500000,-4.658318996,-0.176954299,-1.908651829,0.028426616,-0.055051319,-1.908645749,ros2_odometer_state
M19C_S1_lab_hard_floor_B3_U050_R3,1238.291013014,0.676018033,idle,0.500000,-4.658318996,-0.176954299,-1.908651829,0.028426616,-0.055051319,-1.908645749,ros2_odometer_state
M19C_S1_lab_hard_floor_B3_U050_R3,1238.291930709,0.676935728,idle,0.500000,-4.658318996,-0.176954299,-1.908651829,0.028432088,-0.055047113,-1.908642054,ros2_odometer_state
M19C_S1_lab_hard_floor_B3_U050_R3,1238.292438278,0.677443297,idle,0.500000,-4.658318996,-0.176954299,-1.908651829,0.028432088,-0.055047113,-1.908642054,ros2_odometer_state
M19C_S1_lab_hard_floor_B3_U050_R3,1238.292906389,0.677911408,idle,0.500000,-4.658318996,-0.176954299,-1.908651829,0.028432088,-0.055047113,-1.908642054,ros2_odometer_state
M19C_S1_lab_hard_floor_B3_U050_R3,1238.293848213,0.678853232,idle,0.500000,-4.658318996,-0.176954299,-1.908651829,0.028434314,-0.055040706,-1.908638716,ros2_odometer_state
M19C_S1_lab_hard_floor_B3_U050_R3,1238.294812278,0.679817297,idle,0.500000,-4.658318996,-0.176954299,-1.908651829,0.028434314,-0.055040706,-1.908638716,ros2_odometer_state
M19C_S1_lab_hard_floor_B3_U050_R3,1238.296728950,0.681733969,idle,0.500000,-4.658318996,-0.176954299,-1.908651829,0.028435452,-0.055041380,-1.908636451,ros2_odometer_state
M19C_S1_lab_hard_floor_B3_U050_R3,1238.298694200,0.683699219,idle,0.500000,-4.658932209,-0.176739037,-1.908638716,0.028432027,-0.055044629,-1.908638716,ros2_odometer_state
M19C_S1_lab_hard_floor_B3_U050_R3,1238.300649114,0.685654133,idle,0.500000,-4.658932209,-0.176739037,-1.908638716,0.028425472,-0.055048209,-1.908637762,ros2_odometer_state
M19C_S1_lab_hard_floor_B3_U050_R3,1238.302632669,0.687637688,idle,0.500000,-4.658932209,-0.176739037,-1.908638716,0.028423203,-0.055049103,-1.908643126,ros2_odometer_state
M19C_S1_lab_hard_floor_B3_U050_R3,1238.305937548,0.690942567,idle,0.500000,-4.658932209,-0.176739037,-1.908638716,0.028420642,-0.055049919,-1.908646107,ros2_odometer_state
M19C_S1_lab_hard_floor_B3_U050_R3,1238.307297690,0.692302709,idle,0.500000,-4.658932209,-0.176739037,-1.908638716,0.028419396,-0.055049673,-1.908643603,ros2_odometer_state
M19C_S1_lab_hard_floor_B3_U050_R3,1238.308714794,0.693719813,idle,0.500000,-4.658932209,-0.176739037,-1.908638716,0.028420523,-0.055054694,-1.908642054,ros2_odometer_state
M19C_S1_lab_hard_floor_B3_U050_R3,1238.311568650,0.696573669,idle,0.500000,-4.658932209,-0.176739037,-1.908638716,0.028425237,-0.055061735,-1.908659101,ros2_odometer_state
M19C_S1_lab_hard_floor_B3_U050_R3,1238.313682609,0.698687628,idle,0.500000,-4.658932209,-0.176739037,-1.908638716,0.028422389,-0.055058945,-1.908665657,ros2_odometer_state
M19C_S1_lab_hard_floor_B3_U050_R3,1238.314665970,0.699670989,idle,0.500000,-4.658932209,-0.176739037,-1.908638716,0.028422389,-0.055058945,-1.908665657,ros2_odometer_state
M19C_S1_lab_hard_floor_B3_U050_R3,1238.317762555,0.702767574,idle,0.500000,-4.658932209,-0.176739037,-1.908638716,0.028432207,-0.055052333,-1.908673167,ros2_odometer_state
M19C_S1_lab_hard_floor_B3_U050_R3,1238.318767324,0.703772343,idle,0.500000,-4.659531593,-0.176528409,-1.908673167,0.028432207,-0.055052333,-1.908673167,ros2_odometer_state
M19C_S1_lab_hard_floor_B3_U050_R3,1238.321677726,0.706682745,idle,0.500000,-4.659531593,-0.176528409,-1.908673167,0.028436996,-0.055057153,-1.908680916,ros2_odometer_state
M19C_S1_lab_hard_floor_B3_U050_R3,1238.322678720,0.707683739,idle,0.500000,-4.659531593,-0.176528409,-1.908673167,0.028436996,-0.055057153,-1.908680916,ros2_odometer_state
M19C_S1_lab_hard_floor_B3_U050_R3,1238.324678819,0.709683838,idle,0.500000,-4.659531593,-0.176528409,-1.908673167,0.028429706,-0.055060536,-1.908685446,ros2_odometer_state
M19C_S1_lab_hard_floor_B3_U050_R3,1238.328000147,0.713005166,idle,0.500000,-4.659531593,-0.176528409,-1.908673167,0.028424865,-0.055063028,-1.908681154,ros2_odometer_state
M19C_S1_lab_hard_floor_B3_U050_R3,1238.328704107,0.713709126,idle,0.500000,-4.659531593,-0.176528409,-1.908673167,0.028424865,-0.055063028,-1.908681154,ros2_odometer_state
M19C_S1_lab_hard_floor_B3_U050_R3,1238.331485545,0.716490564,idle,0.500000,-4.659531593,-0.176528409,-1.908673167,0.028434705,-0.055063158,-1.908677220,ros2_odometer_state
M19C_S1_lab_hard_floor_B3_U050_R3,1238.333318054,0.718323073,idle,0.500000,-4.659531593,-0.176528409,-1.908673167,0.028435482,-0.055067170,-1.908673763,ros2_odometer_state
M19C_S1_lab_hard_floor_B3_U050_R3,1238.335310250,0.720315269,idle,0.500000,-4.659531593,-0.176528409,-1.908673167,0.028428031,-0.055066761,-1.908669233,ros2_odometer_state
M19C_S1_lab_hard_floor_B3_U050_R3,1238.337322541,0.722327560,idle,0.500000,-4.659531593,-0.176528409,-1.908673167,0.028426046,-0.055061329,-1.908667326,ros2_odometer_state
M19C_S1_lab_hard_floor_B3_U050_R3,1238.339377427,0.724382446,idle,0.500000,-4.660137177,-0.176315770,-1.908667326,0.028433664,-0.055059027,-1.908670545,ros2_odometer_state
M19C_S1_lab_hard_floor_B3_U050_R3,1238.341276082,0.726281101,idle,0.500000,-4.660137177,-0.176315770,-1.908667326,0.028443232,-0.055063922,-1.908677220,ros2_odometer_state
M19C_S1_lab_hard_floor_B3_U050_R3,1238.343695748,0.728700767,idle,0.500000,-4.660137177,-0.176315770,-1.908667326,0.028446458,-0.055065375,-1.908678770,ros2_odometer_state
M19C_S1_lab_hard_floor_B3_U050_R3,1238.345547618,0.730552637,idle,0.500000,-4.660137177,-0.176315770,-1.908667326,0.028442951,-0.055066805,-1.908677936,ros2_odometer_state
M19C_S1_lab_hard_floor_B3_U050_R3,1238.347874513,0.732879532,idle,0.500000,-4.660137177,-0.176315770,-1.908667326,0.028439473,-0.055066779,-1.908674121,ros2_odometer_state
M19C_S1_lab_hard_floor_B3_U050_R3,1238.350068827,0.735073846,idle,0.500000,-4.660137177,-0.176315770,-1.908667326,0.028439272,-0.055073552,-1.908667922,ros2_odometer_state
M19C_S1_lab_hard_floor_B3_U050_R3,1238.351974075,0.736979094,idle,0.500000,-4.660137177,-0.176315770,-1.908667326,0.028436579,-0.055074647,-1.908665299,ros2_odometer_state
M19C_S1_lab_hard_floor_B3_U050_R3,1238.352564367,0.737569386,idle,0.500000,-4.660137177,-0.176315770,-1.908667326,0.028436579,-0.055074647,-1.908665299,ros2_odometer_state
M19C_S1_lab_hard_floor_B3_U050_R3,1238.355383086,0.740388105,idle,0.500000,-4.660137177,-0.176315770,-1.908667326,0.028435821,-0.055077158,-1.908664346,ros2_odometer_state
M19C_S1_lab_hard_floor_B3_U050_R3,1238.357497909,0.742502928,idle,0.500000,-4.660137177,-0.176315770,-1.908667326,0.028440537,-0.055076566,-1.908663869,ros2_odometer_state
M19C_S1_lab_hard_floor_B3_U050_R3,1238.359368820,0.744373839,idle,0.500000,-4.660740852,-0.176103726,-1.908663869,0.028445115,-0.055074453,-1.908660650,ros2_odometer_state
M19C_S1_lab_hard_floor_B3_U050_R3,1238.361304021,0.746309040,idle,0.500000,-4.660740852,-0.176103726,-1.908663869,0.028444853,-0.055078827,-1.908659697,ros2_odometer_state
M19C_S1_lab_hard_floor_B3_U050_R3,1238.363387099,0.748392118,idle,0.500000,-4.660740852,-0.176103726,-1.908663869,0.028444095,-0.055082895,-1.908662200,ros2_odometer_state
M19C_S1_lab_hard_floor_B3_U050_R3,1238.365338077,0.750343096,idle,0.500000,-4.660740852,-0.176103726,-1.908663869,0.028445676,-0.055086125,-1.908658981,ros2_odometer_state
M19C_S1_lab_hard_floor_B3_U050_R3,1238.367999671,0.753004690,idle,0.500000,-4.660740852,-0.176103726,-1.908663869,0.028441533,-0.055087879,-1.908657670,ros2_odometer_state
M19C_S1_lab_hard_floor_B3_U050_R3,1238.368678957,0.753683976,idle,0.500000,-4.660740852,-0.176103726,-1.908663869,0.028441533,-0.055087879,-1.908657670,ros2_odometer_state
M19C_S1_lab_hard_floor_B3_U050_R3,1238.371668562,0.756673581,idle,0.500000,-4.660740852,-0.176103726,-1.908663869,0.028430071,-0.055082794,-1.908661604,ros2_odometer_state
M19C_S1_lab_hard_floor_B3_U050_R3,1238.373757816,0.758762835,idle,0.500000,-4.660740852,-0.176103726,-1.908663869,0.028425815,-0.055080201,-1.908662200,ros2_odometer_state
M19C_S1_lab_hard_floor_B3_U050_R3,1238.375445041,0.760450060,idle,0.500000,-4.660740852,-0.176103726,-1.908663869,0.028426046,-0.055084702,-1.908667564,ros2_odometer_state
M19C_S1_lab_hard_floor_B3_U050_R3,1238.377465749,0.762470768,idle,0.500000,-4.660740852,-0.176103726,-1.908663869,0.028424051,-0.055092577,-1.908667564,ros2_odometer_state
M19C_S1_lab_hard_floor_B3_U050_R3,1238.379576700,0.764581719,idle,0.500000,-4.661350250,-0.175889790,-1.908667564,0.028419496,-0.055097342,-1.908664346,ros2_odometer_state
M19C_S1_lab_hard_floor_B3_U050_R3,1238.380625856,0.765630875,idle,0.500000,-4.661350250,-0.175889790,-1.908667564,0.028419496,-0.055097342,-1.908664346,ros2_odometer_state
M19C_S1_lab_hard_floor_B3_U050_R3,1238.384255866,0.769260885,idle,0.500000,-4.661350250,-0.175889790,-1.908667564,0.028422212,-0.055089500,-1.908677816,ros2_odometer_state
M19C_S1_lab_hard_floor_B3_U050_R3,1238.384970482,0.769975501,idle,0.500000,-4.661350250,-0.175889790,-1.908667564,0.028422212,-0.055089500,-1.908677816,ros2_odometer_state
M19C_S1_lab_hard_floor_B3_U050_R3,1238.389321701,0.774326720,idle,0.500000,-4.661350250,-0.175889790,-1.908667564,0.028422419,-0.055090126,-1.908681154,ros2_odometer_state
M19C_S1_lab_hard_floor_B3_U050_R3,1238.390218723,0.775223742,idle,0.500000,-4.661350250,-0.175889790,-1.908667564,0.028424591,-0.055089757,-1.908673406,ros2_odometer_state
M19C_S1_lab_hard_floor_B3_U050_R3,1238.391431020,0.776436039,idle,0.500000,-4.661350250,-0.175889790,-1.908667564,0.028424250,-0.055087641,-1.908672333,ros2_odometer_state
M19C_S1_lab_hard_floor_B3_U050_R3,1238.393494705,0.778499724,idle,0.500000,-4.661350250,-0.175889790,-1.908667564,0.028417427,-0.055087935,-1.908666015,ros2_odometer_state
M19C_S1_lab_hard_floor_B3_U050_R3,1238.395490740,0.780495759,idle,0.500000,-4.661350250,-0.175889790,-1.908667564,0.028412156,-0.055088222,-1.908665895,ros2_odometer_state
M19C_S1_lab_hard_floor_B3_U050_R3,1238.397733376,0.782738395,idle,0.500000,-4.661350250,-0.175889790,-1.908667564,0.028416043,-0.055087805,-1.908659935,ros2_odometer_state
M19C_S1_lab_hard_floor_B3_U050_R3,1238.399730979,0.784735998,idle,0.500000,-4.661953926,-0.175677687,-1.908659935,0.028424650,-0.055091728,-1.908653736,ros2_odometer_state
M19C_S1_lab_hard_floor_B3_U050_R3,1238.400782919,0.785787938,idle,0.500000,-4.661953926,-0.175677687,-1.908659935,0.028424650,-0.055091728,-1.908653736,ros2_odometer_state
M19C_S1_lab_hard_floor_B3_U050_R3,1238.403413407,0.788418426,idle,0.500000,-4.661953926,-0.175677687,-1.908659935,0.028417980,-0.055082843,-1.908662677,ros2_odometer_state
M19C_S1_lab_hard_floor_B3_U050_R3,1238.405399874,0.790404893,idle,0.500000,-4.661953926,-0.175677687,-1.908659935,0.028412834,-0.055081431,-1.908660173,ros2_odometer_state
M19C_S1_lab_hard_floor_B3_U050_R3,1238.408053372,0.793058391,idle,0.500000,-4.661953926,-0.175677687,-1.908659935,0.028411629,-0.055080455,-1.908653855,ros2_odometer_state
M19C_S1_lab_hard_floor_B3_U050_R3,1238.409438282,0.794443301,idle,0.500000,-4.661953926,-0.175677687,-1.908659935,0.028410271,-0.055085082,-1.908655286,ros2_odometer_state
M19C_S1_lab_hard_floor_B3_U050_R3,1238.411426029,0.796431048,idle,0.500000,-4.661953926,-0.175677687,-1.908659935,0.028409971,-0.055093858,-1.908659935,ros2_odometer_state
M19C_S1_lab_hard_floor_B3_U050_R3,1238.413445649,0.798450668,idle,0.500000,-4.661953926,-0.175677687,-1.908659935,0.028410682,-0.055097226,-1.908659935,ros2_odometer_state
M19C_S1_lab_hard_floor_B3_U050_R3,1238.415391123,0.800396142,idle,0.500000,-4.661953926,-0.175677687,-1.908659935,0.028405111,-0.055096194,-1.908659935,ros2_odometer_state
M19C_S1_lab_hard_floor_B3_U050_R3,1238.417519290,0.802524309,idle,0.500000,-4.661953926,-0.175677687,-1.908659935,0.028400406,-0.055094339,-1.908662558,ros2_odometer_state
M19C_S1_lab_hard_floor_B3_U050_R3,1238.419550271,0.804555290,idle,0.500000,-4.662565231,-0.175463006,-1.908662558,0.028405860,-0.055090968,-1.908665180,ros2_odometer_state
M19C_S1_lab_hard_floor_B3_U050_R3,1238.421524641,0.806529660,idle,0.500000,-4.662565231,-0.175463006,-1.908662558,0.028401086,-0.055092547,-1.908665299,ros2_odometer_state
M19C_S1_lab_hard_floor_B3_U050_R3,1238.423858864,0.808863883,idle,0.500000,-4.662565231,-0.175463006,-1.908662558,0.028399503,-0.055092897,-1.908666611,ros2_odometer_state
M19C_S1_lab_hard_floor_B3_U050_R3,1238.425453414,0.810458433,idle,0.500000,-4.662565231,-0.175463006,-1.908662558,0.028399531,-0.055091172,-1.908666730,ros2_odometer_state
M19C_S1_lab_hard_floor_B3_U050_R3,1238.428053917,0.813058936,idle,0.500000,-4.662565231,-0.175463006,-1.908662558,0.028399929,-0.055098180,-1.908661842,ros2_odometer_state
M19C_S1_lab_hard_floor_B3_U050_R3,1238.429471917,0.814476936,idle,0.500000,-4.662565231,-0.175463006,-1.908662558,0.028396495,-0.055105314,-1.908659935,ros2_odometer_state
M19C_S1_lab_hard_floor_B3_U050_R3,1238.431459344,0.816464363,idle,0.500000,-4.662565231,-0.175463006,-1.908662558,0.028393371,-0.055113513,-1.908657432,ros2_odometer_state
M19C_S1_lab_hard_floor_B3_U050_R3,1238.433462259,0.818467278,idle,0.500000,-4.662565231,-0.175463006,-1.908662558,0.028393313,-0.055117473,-1.908662796,ros2_odometer_state
M19C_S1_lab_hard_floor_B3_U050_R3,1238.435445686,0.820450705,idle,0.500000,-4.662565231,-0.175463006,-1.908662558,0.028387710,-0.055117901,-1.908667564,ros2_odometer_state
M19C_S1_lab_hard_floor_B3_U050_R3,1238.437526364,0.822531383,idle,0.500000,-4.662565231,-0.175463006,-1.908662558,0.028392045,-0.055119440,-1.908674717,ros2_odometer_state
M19C_S1_lab_hard_floor_B3_U050_R3,1238.439546752,0.824551771,idle,0.500000,-4.663171291,-0.175250143,-1.908674717,0.028397555,-0.055122666,-1.908679485,ros2_odometer_state
M19C_S1_lab_hard_floor_B3_U050_R3,1238.441489634,0.826494653,idle,0.500000,-4.663171291,-0.175250143,-1.908674717,0.028395806,-0.055125874,-1.908678889,ros2_odometer_state
M19C_S1_lab_hard_floor_B3_U050_R3,1238.443613161,0.828618180,idle,0.500000,-4.663171291,-0.175250143,-1.908674717,0.028397700,-0.055125441,-1.908680439,ros2_odometer_state
M19C_S1_lab_hard_floor_B3_U050_R3,1238.445568395,0.830573414,idle,0.500000,-4.663171291,-0.175250143,-1.908674717,0.028400637,-0.055128701,-1.908682704,ros2_odometer_state
M19C_S1_lab_hard_floor_B3_U050_R3,1238.448201380,0.833206399,idle,0.500000,-4.663171291,-0.175250143,-1.908674717,0.028399132,-0.055134483,-1.908681750,ros2_odometer_state
M19C_S1_lab_hard_floor_B3_U050_R3,1238.448860058,0.833865077,idle,0.500000,-4.663171291,-0.175250143,-1.908674717,0.028399132,-0.055134483,-1.908681750,ros2_odometer_state
M19C_S1_lab_hard_floor_B3_U050_R3,1238.451701946,0.836706965,idle,0.500000,-4.663171291,-0.175250143,-1.908674717,0.028397420,-0.055126023,-1.908675909,ros2_odometer_state
M19C_S1_lab_hard_floor_B3_U050_R3,1238.452835744,0.837840763,idle,0.500000,-4.663171291,-0.175250143,-1.908674717,0.028397420,-0.055126023,-1.908675909,ros2_odometer_state
M19C_S1_lab_hard_floor_B3_U050_R3,1238.455593309,0.840598328,idle,0.500000,-4.663171291,-0.175250143,-1.908674717,0.028387347,-0.055126809,-1.908668280,ros2_odometer_state
M19C_S1_lab_hard_floor_B3_U050_R3,1238.457757446,0.842762465,idle,0.500000,-4.663171291,-0.175250143,-1.908674717,0.028380513,-0.055121470,-1.908670187,ros2_odometer_state
M19C_S1_lab_hard_floor_B3_U050_R3,1238.458809929,0.843814948,idle,0.500000,-4.663780689,-0.175036117,-1.908670187,0.028380513,-0.055121470,-1.908670187,ros2_odometer_state
M19C_S1_lab_hard_floor_B3_U050_R3,1238.461595655,0.846600674,idle,0.500000,-4.663780689,-0.175036117,-1.908670187,0.028399007,-0.055103600,-1.908672452,ros2_odometer_state
M19C_S1_lab_hard_floor_B3_U050_R3,1238.463649996,0.848655015,idle,0.500000,-4.663780689,-0.175036117,-1.908670187,0.028404949,-0.055101234,-1.908669591,ros2_odometer_state
M19C_S1_lab_hard_floor_B3_U050_R3,1238.465683537,0.850688556,idle,0.500000,-4.663780689,-0.175036117,-1.908670187,0.028408641,-0.055103656,-1.908671975,ros2_odometer_state
M19C_S1_lab_hard_floor_B3_U050_R3,1238.467395018,0.852400037,idle,0.500000,-4.663780689,-0.175036117,-1.908670187,0.028408641,-0.055103656,-1.908671975,ros2_odometer_state
M19C_S1_lab_hard_floor_B3_U050_R3,1238.469593396,0.854598415,idle,0.500000,-4.663780689,-0.175036117,-1.908670187,0.028413061,-0.055084772,-1.908678412,ros2_odometer_state
M19C_S1_lab_hard_floor_B3_U050_R3,1238.471588471,0.856593490,idle,0.500000,-4.663780689,-0.175036117,-1.908670187,0.028408902,-0.055080172,-1.908678055,ros2_odometer_state
M19C_S1_lab_hard_floor_B3_U050_R3,1238.472808609,0.857813628,idle,0.500000,-4.663780689,-0.175036117,-1.908670187,0.028408902,-0.055080172,-1.908678055,ros2_odometer_state
M19C_S1_lab_hard_floor_B3_U050_R3,1238.474768547,0.859773566,idle,0.500000,-4.663780689,-0.175036117,-1.908670187,0.028406035,-0.055079155,-1.908679962,ros2_odometer_state
M19C_S1_lab_hard_floor_B3_U050_R3,1238.477592994,0.862598013,idle,0.500000,-4.663780689,-0.175036117,-1.908670187,0.028399851,-0.055088043,-1.908681989,ros2_odometer_state
M19C_S1_lab_hard_floor_B3_U050_R3,1238.478871117,0.863876136,idle,0.500000,-4.664399147,-0.174818829,-1.908681989,0.028399851,-0.055088043,-1.908681989,ros2_odometer_state
M19C_S1_lab_hard_floor_B3_U050_R3,1238.481223900,0.866228919,idle,0.500000,-4.664399147,-0.174818829,-1.908681989,0.028394813,-0.055086236,-1.908683300,ros2_odometer_state
M19C_S1_lab_hard_floor_B3_U050_R3,1238.483127580,0.868132599,idle,0.500000,-4.664399147,-0.174818829,-1.908681989,0.028397966,-0.055085257,-1.908683419,ros2_odometer_state
M19C_S1_lab_hard_floor_B3_U050_R3,1238.485235107,0.870240126,idle,0.500000,-4.664399147,-0.174818829,-1.908681989,0.028401623,-0.055085175,-1.908682942,ros2_odometer_state
M19C_S1_lab_hard_floor_B3_U050_R3,1238.488311755,0.873316774,idle,0.500000,-4.664399147,-0.174818829,-1.908681989,0.028405162,-0.055090379,-1.908680439,ros2_odometer_state
M19C_S1_lab_hard_floor_B3_U050_R3,1238.488965057,0.873970076,idle,0.500000,-4.664399147,-0.174818829,-1.908681989,0.028405162,-0.055090379,-1.908680439,ros2_odometer_state
M19C_S1_lab_hard_floor_B3_U050_R3,1238.491665116,0.876670135,idle,0.500000,-4.664399147,-0.174818829,-1.908681989,0.028411817,-0.055096757,-1.908682108,ros2_odometer_state
M19C_S1_lab_hard_floor_B3_U050_R3,1238.493650014,0.878655033,idle,0.500000,-4.664399147,-0.174818829,-1.908681989,0.028410573,-0.055097867,-1.908684850,ros2_odometer_state
M19C_S1_lab_hard_floor_B3_U050_R3,1238.495172018,0.880177037,idle,0.500000,-4.664399147,-0.174818829,-1.908681989,0.028410573,-0.055097867,-1.908684850,ros2_odometer_state
M19C_S1_lab_hard_floor_B3_U050_R3,1238.496997007,0.882002026,idle,0.500000,-4.664399147,-0.174818829,-1.908681989,0.028415782,-0.055102568,-1.908687234,ros2_odometer_state
M19C_S1_lab_hard_floor_B3_U050_R3,1238.498935633,0.883940652,idle,0.500000,-4.665019512,-0.174600944,-1.908683062,0.028414924,-0.055105802,-1.908683062,ros2_odometer_state
M19C_S1_lab_hard_floor_B3_U050_R3,1238.503814453,0.888819472,idle,0.500000,-4.665019512,-0.174600944,-1.908683062,0.028418664,-0.055108234,-1.908677936,ros2_odometer_state
M19C_S1_lab_hard_floor_B3_U050_R3,1238.517533763,0.902538782,idle,0.500000,-4.665019512,-0.174600944,-1.908683062,0.028418379,-0.055105694,-1.908678174,ros2_odometer_state
M19C_S1_lab_hard_floor_B3_U050_R3,1238.518596423,0.903601442,idle,0.500000,-4.665019512,-0.174600944,-1.908683062,0.028415939,-0.055107836,-1.908681512,ros2_odometer_state
M19C_S1_lab_hard_floor_B3_U050_R3,1238.519716076,0.904721095,idle,0.500000,-4.665019512,-0.174600944,-1.908683062,0.028415130,-0.055112455,-1.908683181,ros2_odometer_state
M19C_S1_lab_hard_floor_B3_U050_R3,1238.520951798,0.905956817,idle,0.500000,-4.665019512,-0.174600944,-1.908683062,0.028419893,-0.055114128,-1.908679128,ros2_odometer_state
M19C_S1_lab_hard_floor_B3_U050_R3,1238.521858869,0.906863888,idle,0.500000,-4.665019512,-0.174600944,-1.908683062,0.028428048,-0.055117790,-1.908674717,ros2_odometer_state
M19C_S1_lab_hard_floor_B3_U050_R3,1238.522899832,0.907904851,idle,0.500000,-4.665019512,-0.174600944,-1.908683062,0.028433915,-0.055114858,-1.908680081,ros2_odometer_state
M19C_S1_lab_hard_floor_B3_U050_R3,1238.524522382,0.909527401,idle,0.500000,-4.665019512,-0.174600944,-1.908683062,0.028436931,-0.055117674,-1.908682585,ros2_odometer_state
M19C_S1_lab_hard_floor_B3_U050_R3,1238.525645108,0.910650127,idle,0.500000,-4.665019512,-0.174600944,-1.908683062,0.028427966,-0.055113535,-1.908679962,ros2_odometer_state
M19C_S1_lab_hard_floor_B3_U050_R3,1238.526542802,0.911547821,idle,0.500000,-4.665621281,-0.174389526,-1.908679962,0.028424425,-0.055111539,-1.908679485,ros2_odometer_state
M19C_S1_lab_hard_floor_B3_U050_R3,1238.527740283,0.912745302,idle,0.500000,-4.665621281,-0.174389526,-1.908679962,0.028427541,-0.055112068,-1.908674240,ros2_odometer_state
M19C_S1_lab_hard_floor_B3_U050_R3,1238.529966086,0.914971105,idle,0.500000,-4.665621281,-0.174389526,-1.908679962,0.028430011,-0.055110343,-1.908666968,ros2_odometer_state
M19C_S1_lab_hard_floor_B3_U050_R3,1238.531441367,0.916446386,idle,0.500000,-4.665621281,-0.174389526,-1.908679962,0.028428797,-0.055111766,-1.908667564,ros2_odometer_state
M19C_S1_lab_hard_floor_B3_U050_R3,1238.532372407,0.917377426,idle,0.500000,-4.665621281,-0.174389526,-1.908679962,0.028427120,-0.055111375,-1.908667207,ros2_odometer_state
M19C_S1_lab_hard_floor_B3_U050_R3,1238.533464443,0.918469462,idle,0.500000,-4.665621281,-0.174389526,-1.908679962,0.028432786,-0.055103607,-1.908672810,ros2_odometer_state
M19C_S1_lab_hard_floor_B3_U050_R3,1238.534295927,0.919300946,idle,0.500000,-4.665621281,-0.174389526,-1.908679962,0.028440576,-0.055104814,-1.908679605,ros2_odometer_state
M19C_S1_lab_hard_floor_B3_U050_R3,1238.535330746,0.920335765,idle,0.500000,-4.665621281,-0.174389526,-1.908679962,0.028445957,-0.055107329,-1.908681989,ros2_odometer_state
M19C_S1_lab_hard_floor_B3_U050_R3,1238.536193207,0.921198226,idle,0.500000,-4.665621281,-0.174389526,-1.908679962,0.028452715,-0.055099022,-1.908679962,ros2_odometer_state
M19C_S1_lab_hard_floor_B3_U050_R3,1238.538047830,0.923052849,idle,0.500000,-4.665621281,-0.174389526,-1.908679962,0.028452519,-0.055096794,-1.908686519,ros2_odometer_state
M19C_S1_lab_hard_floor_B3_U050_R3,1238.539023767,0.924028786,idle,0.500000,-4.666224003,-0.174177870,-1.908686519,0.028452519,-0.055096794,-1.908686519,ros2_odometer_state
M19C_S1_lab_hard_floor_B3_U050_R3,1238.541032442,0.926037461,idle,0.500000,-4.666224003,-0.174177870,-1.908686519,0.028451679,-0.055096380,-1.908686757,ros2_odometer_state
M19C_S1_lab_hard_floor_B3_U050_R3,1238.543792535,0.928797554,idle,0.500000,-4.666224003,-0.174177870,-1.908686519,0.028449021,-0.055099219,-1.908692002,ros2_odometer_state
M19C_S1_lab_hard_floor_B3_U050_R3,1238.546254314,0.931259333,idle,0.500000,-4.666224003,-0.174177870,-1.908686519,0.028456952,-0.055103973,-1.908701539,ros2_odometer_state
M19C_S1_lab_hard_floor_B3_U050_R3,1238.547995941,0.933000960,idle,0.500000,-4.666224003,-0.174177870,-1.908686519,0.028456952,-0.055103973,-1.908701539,ros2_odometer_state
M19C_S1_lab_hard_floor_B3_U050_R3,1238.549439317,0.934444336,idle,0.500000,-4.666224003,-0.174177870,-1.908686519,0.028466672,-0.055105679,-1.908705115,ros2_odometer_state
M19C_S1_lab_hard_floor_B3_U050_R3,1238.551072748,0.936077767,idle,0.500000,-4.666224003,-0.174177870,-1.908686519,0.028470313,-0.055101886,-1.908703685,ros2_odometer_state
M19C_S1_lab_hard_floor_B3_U050_R3,1238.554218326,0.939223345,idle,0.500000,-4.666224003,-0.174177870,-1.908686519,0.028474748,-0.055101961,-1.908701181,ros2_odometer_state
M19C_S1_lab_hard_floor_B3_U050_R3,1238.555862478,0.940867497,idle,0.500000,-4.666224003,-0.174177870,-1.908686519,0.028480669,-0.055107974,-1.908702016,ros2_odometer_state
M19C_S1_lab_hard_floor_B3_U050_R3,1238.557912467,0.942917486,idle,0.500000,-4.666224003,-0.174177870,-1.908686519,0.028473957,-0.055108313,-1.908702374,ros2_odometer_state
M19C_S1_lab_hard_floor_B3_U050_R3,1238.559114491,0.944119510,idle,0.500000,-4.666827202,-0.173966050,-1.908702374,0.028473957,-0.055108313,-1.908702374,ros2_odometer_state
M19C_S1_lab_hard_floor_B3_U050_R3,1238.561829239,0.946834258,idle,0.500000,-4.666827202,-0.173966050,-1.908702374,0.028465735,-0.055103734,-1.908697248,ros2_odometer_state
M19C_S1_lab_hard_floor_B3_U050_R3,1238.563770808,0.948775827,idle,0.500000,-4.666827202,-0.173966050,-1.908702374,0.028468469,-0.055102497,-1.908699393,ros2_odometer_state
M19C_S1_lab_hard_floor_B3_U050_R3,1238.566054181,0.951059200,idle,0.500000,-4.666827202,-0.173966050,-1.908702374,0.028478749,-0.055106994,-1.908703208,ros2_odometer_state
M19C_S1_lab_hard_floor_B3_U050_R3,1238.568500567,0.953505586,idle,0.500000,-4.666827202,-0.173966050,-1.908702374,0.028485699,-0.055111926,-1.908705473,ros2_odometer_state
M19C_S1_lab_hard_floor_B3_U050_R3,1238.569317171,0.954322190,idle,0.500000,-4.666827202,-0.173966050,-1.908702374,0.028485699,-0.055111926,-1.908705473,ros2_odometer_state
M19C_S1_lab_hard_floor_B3_U050_R3,1238.571170577,0.956175596,idle,0.500000,-4.666827202,-0.173966050,-1.908702374,0.028485607,-0.055107947,-1.908709049,ros2_odometer_state
M19C_S1_lab_hard_floor_B3_U050_R3,1238.574025522,0.959030541,idle,0.500000,-4.666827202,-0.173966050,-1.908702374,0.028489687,-0.055103187,-1.908719897,ros2_odometer_state
M19C_S1_lab_hard_floor_B3_U050_R3,1238.577323073,0.962328092,idle,0.500000,-4.666827202,-0.173966050,-1.908702374,0.028491976,-0.055102121,-1.908715725,ros2_odometer_state
M19C_S1_lab_hard_floor_B3_U050_R3,1238.577653100,0.962658119,idle,0.500000,-4.666827202,-0.173966050,-1.908702374,0.028491976,-0.055102121,-1.908715725,ros2_odometer_state
M19C_S1_lab_hard_floor_B3_U050_R3,1238.579359397,0.964364416,idle,0.500000,-4.667438507,-0.173751548,-1.908706784,0.028485812,-0.055101994,-1.908706784,ros2_odometer_state
M19C_S1_lab_hard_floor_B3_U050_R3,1238.583242824,0.968247843,idle,0.500000,-4.667438507,-0.173751548,-1.908706784,0.028484469,-0.055105604,-1.908703446,ros2_odometer_state
M19C_S1_lab_hard_floor_B3_U050_R3,1238.584642903,0.969647922,idle,0.500000,-4.667438507,-0.173751548,-1.908706784,0.028489038,-0.055110246,-1.908706069,ros2_odometer_state
M19C_S1_lab_hard_floor_B3_U050_R3,1238.585124263,0.970129282,idle,0.500000,-4.667438507,-0.173751548,-1.908706784,0.028489038,-0.055110246,-1.908706069,ros2_odometer_state
M19C_S1_lab_hard_floor_B3_U050_R3,1238.588545531,0.973550550,idle,0.500000,-4.667438507,-0.173751548,-1.908706784,0.028479099,-0.055113651,-1.908706188,ros2_odometer_state
M19C_S1_lab_hard_floor_B3_U050_R3,1238.589131598,0.974136617,idle,0.500000,-4.667438507,-0.173751548,-1.908706784,0.028479099,-0.055113651,-1.908706188,ros2_odometer_state
M19C_S1_lab_hard_floor_B3_U050_R3,1238.591802024,0.976807043,idle,0.500000,-4.667438507,-0.173751548,-1.908706784,0.028476056,-0.055109281,-1.908705950,ros2_odometer_state
M19C_S1_lab_hard_floor_B3_U050_R3,1238.594103830,0.979108849,idle,0.500000,-4.667438507,-0.173751548,-1.908706784,0.028478397,-0.055106420,-1.908700705,ros2_odometer_state
M19C_S1_lab_hard_floor_B3_U050_R3,1238.595237532,0.980242551,idle,0.500000,-4.667438507,-0.173751548,-1.908706784,0.028478397,-0.055106420,-1.908700705,ros2_odometer_state
M19C_S1_lab_hard_floor_B3_U050_R3,1238.597264608,0.982269627,idle,0.500000,-4.667438507,-0.173751548,-1.908706784,0.028478280,-0.055103984,-1.908692718,ros2_odometer_state
M19C_S1_lab_hard_floor_B3_U050_R3,1238.599287716,0.984292735,idle,0.500000,-4.668051243,-0.173536316,-1.908686757,0.028479010,-0.055097926,-1.908686757,ros2_odometer_state
M19C_S1_lab_hard_floor_B3_U050_R3,1238.601093313,0.986098332,idle,0.500000,-4.668051243,-0.173536316,-1.908686757,0.028489567,-0.055098023,-1.908690572,ros2_odometer_state
M19C_S1_lab_hard_floor_B3_U050_R3,1238.603967778,0.988972797,idle,0.500000,-4.668051243,-0.173536316,-1.908686757,0.028507885,-0.055096239,-1.908700705,ros2_odometer_state
M19C_S1_lab_hard_floor_B3_U050_R3,1238.607657086,0.992662105,idle,0.500000,-4.668051243,-0.173536316,-1.908686757,0.028514288,-0.055091344,-1.908700109,ros2_odometer_state
M19C_S1_lab_hard_floor_B3_U050_R3,1238.608046251,0.993051270,idle,0.500000,-4.668051243,-0.173536316,-1.908686757,0.028514288,-0.055091344,-1.908700109,ros2_odometer_state
M19C_S1_lab_hard_floor_B3_U050_R3,1238.609510461,0.994515480,idle,0.500000,-4.668051243,-0.173536316,-1.908686757,0.028526707,-0.055083491,-1.908702493,ros2_odometer_state
M19C_S1_lab_hard_floor_B3_U050_R3,1238.611406333,0.996411352,idle,0.500000,-4.668051243,-0.173536316,-1.908686757,0.028532822,-0.055076055,-1.908706784,ros2_odometer_state
M19C_S1_lab_hard_floor_B3_U050_R3,1238.613274971,0.998279990,idle,0.500000,-4.668051243,-0.173536316,-1.908686757,0.028532691,-0.055071808,-1.908712983,ros2_odometer_state
M19C_S1_lab_hard_floor_B3_U050_R3,1238.616171773,1.001176792,idle,0.500000,-4.668051243,-0.173536316,-1.908686757,0.028527537,-0.055071242,-1.908718467,ros2_odometer_state
M19C_S1_lab_hard_floor_B3_U050_R3,1238.658710006,1.043715025,idle,0.500000,-4.668051243,-0.173536316,-1.908686757,0.028522491,-0.055067305,-1.908719301,ros2_odometer_state
M19C_S1_lab_hard_floor_B3_U050_R3,1238.680404496,1.065409515,idle,0.500000,-4.668660164,-0.173322573,-1.908719301,0.028520985,-0.055067603,-1.908721924,ros2_odometer_state
M19C_S1_lab_hard_floor_B3_U050_R3,1238.685940299,1.070945318,idle,0.500000,-4.668660164,-0.173322573,-1.908719301,0.028503617,-0.055094279,-1.908726931,ros2_odometer_state
M19C_S1_lab_hard_floor_B3_U050_R3,1238.687952751,1.072957770,idle,0.500000,-4.668660164,-0.173322573,-1.908719301,0.028498251,-0.055100024,-1.908732295,ros2_odometer_state
M19C_S1_lab_hard_floor_B3_U050_R3,1238.689853071,1.074858090,idle,0.500000,-4.668660164,-0.173322573,-1.908719301,0.028503669,-0.055099331,-1.908734679,ros2_odometer_state
M19C_S1_lab_hard_floor_B3_U050_R3,1238.692395908,1.077400927,idle,0.500000,-4.668660164,-0.173322573,-1.908719301,0.028501879,-0.055106241,-1.908735752,ros2_odometer_state
M19C_S1_lab_hard_floor_B3_U050_R3,1238.695722292,1.080727311,idle,0.500000,-4.668660164,-0.173322573,-1.908719301,0.028496083,-0.055109169,-1.908738494,ros2_odometer_state
M19C_S1_lab_hard_floor_B3_U050_R3,1238.696907644,1.081912663,idle,0.500000,-4.668660164,-0.173322573,-1.908719301,0.028496075,-0.055098366,-1.908743262,ros2_odometer_state
M19C_S1_lab_hard_floor_B3_U050_R3,1238.698170471,1.083175490,idle,0.500000,-4.668660164,-0.173322573,-1.908719301,0.028499983,-0.055104483,-1.908734322,ros2_odometer_state
M19C_S1_lab_hard_floor_B3_U050_R3,1238.699311821,1.084316840,idle,0.500000,-4.668660164,-0.173322573,-1.908719301,0.028501842,-0.055106390,-1.908728242,ros2_odometer_state
M19C_S1_lab_hard_floor_B3_U050_R3,1238.700515446,1.085520465,idle,0.500000,-4.668660164,-0.173322573,-1.908719301,0.028508388,-0.055101950,-1.908731103,ros2_odometer_state
M19C_S1_lab_hard_floor_B3_U050_R3,1238.701782080,1.086787099,idle,0.500000,-4.669267178,-0.173109353,-1.908722401,0.028509561,-0.055098720,-1.908738494,ros2_odometer_state
M19C_S1_lab_hard_floor_B3_U050_R3,1238.702874245,1.087879264,idle,0.500000,-4.669267178,-0.173109353,-1.908722401,0.028509267,-0.055096287,-1.908743382,ros2_odometer_state
M19C_S1_lab_hard_floor_B3_U050_R3,1238.704668034,1.089673053,idle,0.500000,-4.669267178,-0.173109353,-1.908722401,0.028507961,-0.055085462,-1.908743024,ros2_odometer_state
M19C_S1_lab_hard_floor_B3_U050_R3,1238.705749606,1.090754625,idle,0.500000,-4.669267178,-0.173109353,-1.908722401,0.028510453,-0.055082694,-1.908742666,ros2_odometer_state
M19C_S1_lab_hard_floor_B3_U050_R3,1238.707845485,1.092850504,idle,0.500000,-4.669267178,-0.173109353,-1.908722401,0.028506285,-0.055082966,-1.908745289,ros2_odometer_state
M19C_S1_lab_hard_floor_B3_U050_R3,1238.709188954,1.094193973,idle,0.500000,-4.669267178,-0.173109353,-1.908722401,0.028503604,-0.055074047,-1.908743739,ros2_odometer_state
M19C_S1_lab_hard_floor_B3_U050_R3,1238.710470469,1.095475488,idle,0.500000,-4.669267178,-0.173109353,-1.908722401,0.028501809,-0.055073213,-1.908740997,ros2_odometer_state
M19C_S1_lab_hard_floor_B3_U050_R3,1238.711396420,1.096401439,idle,0.500000,-4.669267178,-0.173109353,-1.908722401,0.028509397,-0.055070020,-1.908738971,ros2_odometer_state
M19C_S1_lab_hard_floor_B3_U050_R3,1238.713928954,1.098933973,idle,0.500000,-4.669267178,-0.173109353,-1.908722401,0.028507836,-0.055055980,-1.908743382,ros2_odometer_state
M19C_S1_lab_hard_floor_B3_U050_R3,1238.715663380,1.100668399,idle,0.500000,-4.669267178,-0.173109353,-1.908722401,0.028501375,-0.055049252,-1.908746839,ros2_odometer_state
M19C_S1_lab_hard_floor_B3_U050_R3,1238.717038242,1.102043261,idle,0.500000,-4.669869900,-0.172897682,-1.908743262,0.028503515,-0.055050462,-1.908753633,ros2_odometer_state
M19C_S1_lab_hard_floor_B3_U050_R3,1238.718184873,1.103189892,idle,0.500000,-4.669869900,-0.172897682,-1.908743262,0.028503148,-0.055050731,-1.908757567,ros2_odometer_state
M19C_S1_lab_hard_floor_B3_U050_R3,1238.719888418,1.104893437,idle,0.500000,-4.669869900,-0.172897682,-1.908743262,0.028500566,-0.055047303,-1.908759475,ros2_odometer_state
M19C_S1_lab_hard_floor_B3_U050_R3,1238.721457559,1.106462578,idle,0.500000,-4.669869900,-0.172897682,-1.908743262,0.028498173,-0.055043746,-1.908761024,ros2_odometer_state
M19C_S1_lab_hard_floor_B3_U050_R3,1238.723649761,1.108654780,idle,0.500000,-4.669869900,-0.172897682,-1.908743262,0.028499875,-0.055044770,-1.908759356,ros2_odometer_state
M19C_S1_lab_hard_floor_B3_U050_R3,1238.725893100,1.110898119,idle,0.500000,-4.669869900,-0.172897682,-1.908743262,0.028497243,-0.055042330,-1.908751965,ros2_odometer_state
M19C_S1_lab_hard_floor_B3_U050_R3,1238.726844557,1.111849576,idle,0.500000,-4.669869900,-0.172897682,-1.908743262,0.028496362,-0.055040721,-1.908755898,ros2_odometer_state
M19C_S1_lab_hard_floor_B3_U050_R3,1238.727786604,1.112791623,idle,0.500000,-4.669869900,-0.172897682,-1.908743262,0.028497200,-0.055044003,-1.908758283,ros2_odometer_state
M19C_S1_lab_hard_floor_B3_U050_R3,1238.728925587,1.113930606,idle,0.500000,-4.669869900,-0.172897682,-1.908743262,0.028496915,-0.055044707,-1.908755898,ros2_odometer_state
M19C_S1_lab_hard_floor_B3_U050_R3,1238.729915188,1.114920207,idle,0.500000,-4.669869900,-0.172897682,-1.908743262,0.028496535,-0.055047277,-1.908755302,ros2_odometer_state
M19C_S1_lab_hard_floor_B3_U050_R3,1238.730774129,1.115779148,idle,0.500000,-4.670475483,-0.172685131,-1.908740997,0.028497597,-0.055048078,-1.908755422,ros2_odometer_state
M19C_S1_lab_hard_floor_B3_U050_R3,1238.731722545,1.116727564,idle,0.500000,-4.670475483,-0.172685131,-1.908740997,0.028502909,-0.055040870,-1.908745289,ros2_odometer_state
M19C_S1_lab_hard_floor_B3_U050_R3,1238.732999068,1.118004087,idle,0.500000,-4.670475483,-0.172685131,-1.908740997,0.028504567,-0.055033941,-1.908741713,ros2_odometer_state
M19C_S1_lab_hard_floor_B3_U050_R3,1238.734394315,1.119399334,idle,0.500000,-4.670475483,-0.172685131,-1.908740997,0.028504636,-0.055037208,-1.908743024,ros2_odometer_state
M19C_S1_lab_hard_floor_B3_U050_R3,1238.735763737,1.120768756,idle,0.500000,-4.670475483,-0.172685131,-1.908740997,0.028508671,-0.055040792,-1.908745527,ros2_odometer_state
M19C_S1_lab_hard_floor_B3_U050_R3,1238.737024867,1.122029886,idle,0.500000,-4.670475483,-0.172685131,-1.908740997,0.028505396,-0.055046532,-1.908742785,ros2_odometer_state
M19C_S1_lab_hard_floor_B3_U050_R3,1238.738501397,1.123506416,idle,0.500000,-4.670475483,-0.172685131,-1.908740997,0.028499497,-0.055046067,-1.908743262,ros2_odometer_state
M19C_S1_lab_hard_floor_B3_U050_R3,1238.740088843,1.125093862,idle,0.500000,-4.670475483,-0.172685131,-1.908740997,0.028491806,-0.055045545,-1.908744931,ros2_odometer_state
M19C_S1_lab_hard_floor_B3_U050_R3,1238.741555676,1.126560695,idle,0.500000,-4.670475483,-0.172685131,-1.908740997,0.028485442,-0.055053279,-1.908740759,ros2_odometer_state
M19C_S1_lab_hard_floor_B3_U050_R3,1238.742814822,1.127819841,idle,0.500000,-4.670475483,-0.172685131,-1.908740997,0.028484168,-0.055060312,-1.908734679,ros2_odometer_state
M19C_S1_lab_hard_floor_B3_U050_R3,1238.744119314,1.129124333,idle,0.500000,-4.671085358,-0.172470942,-1.908755898,0.028481191,-0.055054281,-1.908735275,ros2_odometer_state
M19C_S1_lab_hard_floor_B3_U050_R3,1238.745367804,1.130372823,idle,0.500000,-4.671085358,-0.172470942,-1.908755898,0.028476121,-0.055046197,-1.908739805,ros2_odometer_state
M19C_S1_lab_hard_floor_B3_U050_R3,1238.746513219,1.131518238,idle,0.500000,-4.671085358,-0.172470942,-1.908755898,0.028472807,-0.055038199,-1.908742070,ros2_odometer_state
M19C_S1_lab_hard_floor_B3_U050_R3,1238.750033338,1.135038357,idle,0.500000,-4.671085358,-0.172470942,-1.908755898,0.028468573,-0.055036929,-1.908746839,ros2_odometer_state
M19C_S1_lab_hard_floor_B3_U050_R3,1238.751398120,1.136403139,idle,0.500000,-4.671085358,-0.172470942,-1.908755898,0.028467199,-0.055035453,-1.908746839,ros2_odometer_state
M19C_S1_lab_hard_floor_B3_U050_R3,1238.752674290,1.137679309,idle,0.500000,-4.671085358,-0.172470942,-1.908755898,0.028464293,-0.055031046,-1.908751488,ros2_odometer_state
M19C_S1_lab_hard_floor_B3_U050_R3,1238.754149956,1.139154975,idle,0.500000,-4.671085358,-0.172470942,-1.908755898,0.028462490,-0.055031732,-1.908758402,ros2_odometer_state
M19C_S1_lab_hard_floor_B3_U050_R3,1238.755529107,1.140534126,idle,0.500000,-4.671085358,-0.172470942,-1.908755898,0.028467614,-0.055032812,-1.908756018,ros2_odometer_state
M19C_S1_lab_hard_floor_B3_U050_R3,1238.757328047,1.142333066,idle,0.500000,-4.671085358,-0.172470942,-1.908755898,0.028472707,-0.055036154,-1.908755064,ros2_odometer_state
M19C_S1_lab_hard_floor_B3_U050_R3,1238.758661276,1.143666295,idle,0.500000,-4.671085358,-0.172470942,-1.908755898,0.028471529,-0.055038709,-1.908754349,ros2_odometer_state
M19C_S1_lab_hard_floor_B3_U050_R3,1238.760020778,1.145025797,idle,0.500000,-4.671682358,-0.172261283,-1.908743262,0.028469505,-0.055040836,-1.908750772,ros2_odometer_state
M19C_S1_lab_hard_floor_B3_U050_R3,1238.761468443,1.146473462,idle,0.500000,-4.671682358,-0.172261283,-1.908743262,0.028469563,-0.055039842,-1.908752561,ros2_odometer_state
M19C_S1_lab_hard_floor_B3_U050_R3,1238.763000558,1.148005577,idle,0.500000,-4.671682358,-0.172261283,-1.908743262,0.028471798,-0.055041239,-1.908755541,ros2_odometer_state
M19C_S1_lab_hard_floor_B3_U050_R3,1238.764501089,1.149506108,idle,0.500000,-4.671682358,-0.172261283,-1.908743262,0.028473258,-0.055041812,-1.908762097,ros2_odometer_state
M19C_S1_lab_hard_floor_B3_U050_R3,1238.765748939,1.150753958,idle,0.500000,-4.671682358,-0.172261283,-1.908743262,0.028478310,-0.055047020,-1.908763885,ros2_odometer_state
M19C_S1_lab_hard_floor_B3_U050_R3,1238.767211612,1.152216631,idle,0.500000,-4.671682358,-0.172261283,-1.908743262,0.028485224,-0.055051900,-1.908762693,ros2_odometer_state
M19C_S1_lab_hard_floor_B3_U050_R3,1238.769765298,1.154770317,idle,0.500000,-4.671682358,-0.172261283,-1.908743262,0.028494138,-0.055048931,-1.908769965,ros2_odometer_state
M19C_S1_lab_hard_floor_B3_U050_R3,1238.770758676,1.155763695,idle,0.500000,-4.671682358,-0.172261283,-1.908743262,0.028497327,-0.055050604,-1.908780456,ros2_odometer_state
M19C_S1_lab_hard_floor_B3_U050_R3,1238.772145250,1.157150269,idle,0.500000,-4.671682358,-0.172261283,-1.908743262,0.028499458,-0.055048946,-1.908783793,ros2_odometer_state
M19C_S1_lab_hard_floor_B3_U050_R3,1238.773317418,1.158322437,idle,0.500000,-4.671682358,-0.172261283,-1.908743262,0.028499600,-0.055048436,-1.908787131,ros2_odometer_state
M19C_S1_lab_hard_floor_B3_U050_R3,1238.774778939,1.159783958,idle,0.500000,-4.672287464,-0.172048867,-1.908758402,0.028490655,-0.055050083,-1.908787012,ros2_odometer_state
M19C_S1_lab_hard_floor_B3_U050_R3,1238.775895137,1.160900156,idle,0.500000,-4.672287464,-0.172048867,-1.908758402,0.028486257,-0.055046611,-1.908789873,ros2_odometer_state
M19C_S1_lab_hard_floor_B3_U050_R3,1238.776776062,1.161781081,idle,0.500000,-4.672287464,-0.172048867,-1.908758402,0.028482137,-0.055052701,-1.908794403,ros2_odometer_state
M19C_S1_lab_hard_floor_B3_U050_R3,1238.777863395,1.162868414,idle,0.500000,-4.672287464,-0.172048867,-1.908758402,0.028479293,-0.055055540,-1.908793926,ros2_odometer_state
M19C_S1_lab_hard_floor_B3_U050_R3,1238.778742240,1.163747259,idle,0.500000,-4.672287464,-0.172048867,-1.908758402,0.028480433,-0.055051692,-1.908786058,ros2_odometer_state
M19C_S1_lab_hard_floor_B3_U050_R3,1238.780426265,1.165431284,idle,0.500000,-4.672287464,-0.172048867,-1.908758402,0.028480776,-0.055055860,-1.908782005,ros2_odometer_state
M19C_S1_lab_hard_floor_B3_U050_R3,1238.782310393,1.167315412,idle,0.500000,-4.672287464,-0.172048867,-1.908758402,0.028476484,-0.055059481,-1.908787847,ros2_odometer_state
M19C_S1_lab_hard_floor_B3_U050_R3,1238.783681191,1.168686210,idle,0.500000,-4.672287464,-0.172048867,-1.908758402,0.028478637,-0.055057734,-1.908789158,ros2_odometer_state
M19C_S1_lab_hard_floor_B3_U050_R3,1238.784941201,1.169946220,idle,0.500000,-4.672287464,-0.172048867,-1.908758402,0.028482554,-0.055057269,-1.908782840,ros2_odometer_state
M19C_S1_lab_hard_floor_B3_U050_R3,1238.786411427,1.171416446,idle,0.500000,-4.672287464,-0.172048867,-1.908758402,0.028486032,-0.055057932,-1.908784389,ros2_odometer_state
M19C_S1_lab_hard_floor_B3_U050_R3,1238.787597995,1.172603014,idle,0.500000,-4.672892570,-0.171836406,-1.908769965,0.028489228,-0.055054437,-1.908785820,ros2_odometer_state
M19C_S1_lab_hard_floor_B3_U050_R3,1238.788233280,1.173238299,idle,0.500000,-4.672892570,-0.171836406,-1.908769965,0.028489228,-0.055054437,-1.908785820,ros2_odometer_state
M19C_S1_lab_hard_floor_B3_U050_R3,1238.789397703,1.174402722,idle,0.500000,-4.672892570,-0.171836406,-1.908769965,0.028488697,-0.055052679,-1.908786654,ros2_odometer_state
M19C_S1_lab_hard_floor_B3_U050_R3,1238.789724530,1.174729549,idle,0.500000,-4.672892570,-0.171836406,-1.908769965,0.028488697,-0.055052679,-1.908786654,ros2_odometer_state
M19C_S1_lab_hard_floor_B3_U050_R3,1238.790595984,1.175601003,idle,0.500000,-4.672892570,-0.171836406,-1.908769965,0.028489983,-0.055051498,-1.908786654,ros2_odometer_state
M19C_S1_lab_hard_floor_B3_U050_R3,1238.790878905,1.175883924,idle,0.500000,-4.672892570,-0.171836406,-1.908769965,0.028489983,-0.055051498,-1.908786654,ros2_odometer_state
M19C_S1_lab_hard_floor_B3_U050_R3,1238.791152194,1.176157213,idle,0.500000,-4.672892570,-0.171836406,-1.908769965,0.028489983,-0.055051498,-1.908786654,ros2_odometer_state
M19C_S1_lab_hard_floor_B3_U050_R3,1238.791699253,1.176704272,idle,0.500000,-4.672892570,-0.171836406,-1.908769965,0.028489983,-0.055051498,-1.908786654,ros2_odometer_state
M19C_S1_lab_hard_floor_B3_U050_R3,1238.792689590,1.177694609,idle,0.500000,-4.672892570,-0.171836406,-1.908769965,0.028487939,-0.055057053,-1.908790350,ros2_odometer_state
M19C_S1_lab_hard_floor_B3_U050_R3,1238.792968960,1.177973979,idle,0.500000,-4.672892570,-0.171836406,-1.908769965,0.028487939,-0.055057053,-1.908790350,ros2_odometer_state
M19C_S1_lab_hard_floor_B3_U050_R3,1238.793422191,1.178427210,idle,0.500000,-4.673491478,-0.171626106,-1.908787847,0.028487939,-0.055057053,-1.908790350,ros2_odometer_state
M19C_S1_lab_hard_floor_B3_U050_R3,1238.794282252,1.179287271,idle,0.500000,-4.673491478,-0.171626106,-1.908787847,0.028480444,-0.055054292,-1.908794999,ros2_odometer_state
M19C_S1_lab_hard_floor_B3_U050_R3,1238.794555477,1.179560496,idle,0.500000,-4.673491478,-0.171626106,-1.908787847,0.028480444,-0.055054292,-1.908794999,ros2_odometer_state
M19C_S1_lab_hard_floor_B3_U050_R3,1238.794823454,1.179828473,idle,0.500000,-4.673491478,-0.171626106,-1.908787847,0.028480444,-0.055054292,-1.908794999,ros2_odometer_state
M19C_S1_lab_hard_floor_B3_U050_R3,1238.795105416,1.180110435,idle,0.500000,-4.673491478,-0.171626106,-1.908787847,0.028480444,-0.055054292,-1.908794999,ros2_odometer_state
M19C_S1_lab_hard_floor_B3_U050_R3,1238.795556855,1.180561874,idle,0.500000,-4.673491478,-0.171626106,-1.908787847,0.028480444,-0.055054292,-1.908794999,ros2_odometer_state
M19C_S1_lab_hard_floor_B3_U050_R3,1238.796444565,1.181449584,idle,0.500000,-4.673491478,-0.171626106,-1.908787847,0.028476538,-0.055054661,-1.908802032,ros2_odometer_state
M19C_S1_lab_hard_floor_B3_U050_R3,1238.796715582,1.181720601,idle,0.500000,-4.673491478,-0.171626106,-1.908787847,0.028476538,-0.055054661,-1.908802032,ros2_odometer_state
M19C_S1_lab_hard_floor_B3_U050_R3,1238.796978247,1.181983266,idle,0.500000,-4.673491478,-0.171626106,-1.908787847,0.028476538,-0.055054661,-1.908802032,ros2_odometer_state
M19C_S1_lab_hard_floor_B3_U050_R3,1238.797554298,1.182559317,idle,0.500000,-4.673491478,-0.171626106,-1.908787847,0.028476538,-0.055054661,-1.908802032,ros2_odometer_state
M19C_S1_lab_hard_floor_B3_U050_R3,1238.799464890,1.184469909,idle,0.500000,-4.674118996,-0.171405748,-1.908807874,0.028473090,-0.055054031,-1.908807874,ros2_odometer_state
M19C_S1_lab_hard_floor_B3_U050_R3,1238.801403068,1.186408087,idle,0.500000,-4.674118996,-0.171405748,-1.908807874,0.028471164,-0.055053994,-1.908812642,ros2_odometer_state
M19C_S1_lab_hard_floor_B3_U050_R3,1238.804318718,1.189323737,idle,0.500000,-4.674118996,-0.171405748,-1.908807874,0.028471010,-0.055059247,-1.908815503,ros2_odometer_state
M19C_S1_lab_hard_floor_B3_U050_R3,1238.806219998,1.191225017,idle,0.500000,-4.674118996,-0.171405748,-1.908807874,0.028476214,-0.055055812,-1.908816099,ros2_odometer_state
M19C_S1_lab_hard_floor_B3_U050_R3,1238.808119166,1.193124185,idle,0.500000,-4.674118996,-0.171405748,-1.908807874,0.028476214,-0.055055812,-1.908816099,ros2_odometer_state
M19C_S1_lab_hard_floor_B3_U050_R3,1238.809503405,1.194508424,idle,0.500000,-4.674118996,-0.171405748,-1.908807874,0.028472213,-0.055055186,-1.908821702,ros2_odometer_state
M19C_S1_lab_hard_floor_B3_U050_R3,1238.811524241,1.196529260,idle,0.500000,-4.674118996,-0.171405748,-1.908807874,0.028472798,-0.055057660,-1.908824086,ros2_odometer_state
M19C_S1_lab_hard_floor_B3_U050_R3,1238.814648474,1.199653493,idle,0.500000,-4.674118996,-0.171405748,-1.908807874,0.028473886,-0.055066265,-1.908817768,ros2_odometer_state
M19C_S1_lab_hard_floor_B3_U050_R3,1238.816168045,1.201173064,idle,0.500000,-4.674118996,-0.171405748,-1.908807874,0.028475380,-0.055073675,-1.908809185,ros2_odometer_state
M19C_S1_lab_hard_floor_B3_U050_R3,1238.820270263,1.205275282,idle,0.500000,-4.674118996,-0.171405748,-1.908807874,0.028475286,-0.055077728,-1.908806682,ros2_odometer_state
M19C_S1_lab_hard_floor_B3_U050_R3,1238.821344283,1.206349302,idle,0.500000,-4.674727917,-0.171191871,-1.908810139,0.028473841,-0.055075865,-1.908810139,ros2_odometer_state
M19C_S1_lab_hard_floor_B3_U050_R3,1238.822329276,1.207334295,idle,0.500000,-4.674727917,-0.171191871,-1.908810139,0.028470483,-0.055073570,-1.908817530,ros2_odometer_state
M19C_S1_lab_hard_floor_B3_U050_R3,1238.823440226,1.208445245,idle,0.500000,-4.674727917,-0.171191871,-1.908810139,0.028475314,-0.055083632,-1.908821225,ros2_odometer_state
M19C_S1_lab_hard_floor_B3_U050_R3,1238.825470694,1.210475713,idle,0.500000,-4.674727917,-0.171191871,-1.908810139,0.028478637,-0.055094488,-1.908821702,ros2_odometer_state
M19C_S1_lab_hard_floor_B3_U050_R3,1238.828110783,1.213115802,idle,0.500000,-4.674727917,-0.171191871,-1.908810139,0.028481724,-0.055103082,-1.908816099,ros2_odometer_state
M19C_S1_lab_hard_floor_B3_U050_R3,1238.830309769,1.215314788,idle,0.500000,-4.674727917,-0.171191871,-1.908810139,0.028481040,-0.055112477,-1.908807874,ros2_odometer_state
M19C_S1_lab_hard_floor_B3_U050_R3,1238.832254155,1.217259174,idle,0.500000,-4.674727917,-0.171191871,-1.908810139,0.028477881,-0.055115491,-1.908804178,ros2_odometer_state
M19C_S1_lab_hard_floor_B3_U050_R3,1238.834181068,1.219186087,idle,0.500000,-4.674727917,-0.171191871,-1.908810139,0.028480854,-0.055118158,-1.908801794,ros2_odometer_state
M19C_S1_lab_hard_floor_B3_U050_R3,1238.836228017,1.221233036,idle,0.500000,-4.674727917,-0.171191871,-1.908810139,0.028485339,-0.055111799,-1.908797503,ros2_odometer_state
M19C_S1_lab_hard_floor_B3_U050_R3,1238.838907979,1.223912998,idle,0.500000,-4.674727917,-0.171191871,-1.908810139,0.028489282,-0.055101715,-1.908796787,ros2_odometer_state
M19C_S1_lab_hard_floor_B3_U050_R3,1238.842105143,1.227110162,idle,0.500000,-4.675341606,-0.170976371,-1.908796787,0.028480688,-0.055099051,-1.908800244,ros2_odometer_state
M19C_S1_lab_hard_floor_B3_U050_R3,1238.842992564,1.227997583,idle,0.500000,-4.675341606,-0.170976371,-1.908796787,0.028478432,-0.055099048,-1.908803701,ros2_odometer_state
M19C_S1_lab_hard_floor_B3_U050_R3,1238.843493349,1.228498368,idle,0.500000,-4.675341606,-0.170976371,-1.908796787,0.028478432,-0.055099048,-1.908803701,ros2_odometer_state
M19C_S1_lab_hard_floor_B3_U050_R3,1238.845506089,1.230511108,idle,0.500000,-4.675341606,-0.170976371,-1.908796787,0.028478432,-0.055099048,-1.908803701,ros2_odometer_state
M19C_S1_lab_hard_floor_B3_U050_R3,1238.849019967,1.234024986,idle,0.500000,-4.675341606,-0.170976371,-1.908796787,0.028465476,-0.055089355,-1.908807397,ros2_odometer_state
M19C_S1_lab_hard_floor_B3_U050_R3,1238.849580210,1.234585229,idle,0.500000,-4.675341606,-0.170976371,-1.908796787,0.028465476,-0.055089355,-1.908807397,ros2_odometer_state
M19C_S1_lab_hard_floor_B3_U050_R3,1238.852041541,1.237046560,idle,0.500000,-4.675341606,-0.170976371,-1.908796787,0.028460564,-0.055088766,-1.908801556,ros2_odometer_state
M19C_S1_lab_hard_floor_B3_U050_R3,1238.853603002,1.238608021,idle,0.500000,-4.675341606,-0.170976371,-1.908796787,0.028452910,-0.055085894,-1.908794045,ros2_odometer_state
M19C_S1_lab_hard_floor_B3_U050_R3,1238.856317973,1.241322992,idle,0.500000,-4.675341606,-0.170976371,-1.908796787,0.028458884,-0.055081133,-1.908807158,ros2_odometer_state
M19C_S1_lab_hard_floor_B3_U050_R3,1238.859304954,1.244309973,idle,0.500000,-4.675341606,-0.170976371,-1.908796787,0.028461291,-0.055085503,-1.908809185,ros2_odometer_state
M19C_S1_lab_hard_floor_B3_U050_R3,1238.859750889,1.244755908,idle,0.500000,-4.675944805,-0.170764595,-1.908809185,0.028461291,-0.055085503,-1.908809185,ros2_odometer_state
M19C_S1_lab_hard_floor_B3_U050_R3,1238.863038616,1.248043635,idle,0.500000,-4.675944805,-0.170764595,-1.908809185,0.028466474,-0.055087924,-1.908805609,ros2_odometer_state
M19C_S1_lab_hard_floor_B3_U050_R3,1238.863537448,1.248542467,idle,0.500000,-4.675944805,-0.170764595,-1.908809185,0.028466474,-0.055087924,-1.908805609,ros2_odometer_state
M19C_S1_lab_hard_floor_B3_U050_R3,1238.865695185,1.250700204,idle,0.500000,-4.675944805,-0.170764595,-1.908809185,0.028462719,-0.055087369,-1.908807635,ros2_odometer_state
M19C_S1_lab_hard_floor_B3_U050_R3,1238.868235015,1.253240034,idle,0.500000,-4.675944805,-0.170764595,-1.908809185,0.028461343,-0.055083606,-1.908811927,ros2_odometer_state
M19C_S1_lab_hard_floor_B3_U050_R3,1238.870509843,1.255514862,idle,0.500000,-4.675944805,-0.170764595,-1.908809185,0.028463282,-0.055084117,-1.908809662,ros2_odometer_state
M19C_S1_lab_hard_floor_B3_U050_R3,1238.871618777,1.256623796,idle,0.500000,-4.675944805,-0.170764595,-1.908809185,0.028466558,-0.055089273,-1.908808827,ros2_odometer_state
M19C_S1_lab_hard_floor_B3_U050_R3,1238.874102060,1.259107079,idle,0.500000,-4.675944805,-0.170764595,-1.908809185,0.028466957,-0.055092126,-1.908807755,ros2_odometer_state
M19C_S1_lab_hard_floor_B3_U050_R3,1238.876481820,1.261486839,idle,0.500000,-4.675944805,-0.170764595,-1.908809185,0.028457923,-0.055097643,-1.908808589,ros2_odometer_state
M19C_S1_lab_hard_floor_B3_U050_R3,1238.880432001,1.265437020,idle,0.500000,-4.675944805,-0.170764595,-1.908809185,0.028447505,-0.055106975,-1.908807397,ros2_odometer_state
M19C_S1_lab_hard_floor_B3_U050_R3,1238.881784271,1.266789290,idle,0.500000,-4.676559448,-0.170548826,-1.908807397,0.028446563,-0.055107884,-1.908796430,ros2_odometer_state
M19C_S1_lab_hard_floor_B3_U050_R3,1238.882141531,1.267146550,idle,0.500000,-4.676559448,-0.170548826,-1.908807397,0.028446563,-0.055107884,-1.908796430,ros2_odometer_state
M19C_S1_lab_hard_floor_B3_U050_R3,1238.884757651,1.269762670,idle,0.500000,-4.676559448,-0.170548826,-1.908807397,0.028443674,-0.055109698,-1.908793807,ros2_odometer_state
M19C_S1_lab_hard_floor_B3_U050_R3,1238.886876090,1.271881109,idle,0.500000,-4.676559448,-0.170548826,-1.908807397,0.028442174,-0.055116154,-1.908793926,ros2_odometer_state
M19C_S1_lab_hard_floor_B3_U050_R3,1238.888499985,1.273505004,idle,0.500000,-4.676559448,-0.170548826,-1.908807397,0.028446216,-0.055122115,-1.908796787,ros2_odometer_state
M19C_S1_lab_hard_floor_B3_U050_R3,1238.889835902,1.274840921,idle,0.500000,-4.676559448,-0.170548826,-1.908807397,0.028442813,-0.055126306,-1.908794880,ros2_odometer_state
M19C_S1_lab_hard_floor_B3_U050_R3,1238.892624060,1.277629079,idle,0.500000,-4.676559448,-0.170548826,-1.908807397,0.028444447,-0.055131488,-1.908793092,ros2_odometer_state
M19C_S1_lab_hard_floor_B3_U050_R3,1238.893640542,1.278645561,idle,0.500000,-4.676559448,-0.170548826,-1.908807397,0.028444447,-0.055131488,-1.908793092,ros2_odometer_state
M19C_S1_lab_hard_floor_B3_U050_R3,1238.896654276,1.281659295,idle,0.500000,-4.676559448,-0.170548826,-1.908807397,0.028447706,-0.055136807,-1.908787251,ros2_odometer_state
M19C_S1_lab_hard_floor_B3_U050_R3,1238.898446912,1.283451931,idle,0.500000,-4.676559448,-0.170548826,-1.908807397,0.028448505,-0.055136386,-1.908788204,ros2_odometer_state
M19C_S1_lab_hard_floor_B3_U050_R3,1238.900564487,1.285569506,idle,0.500000,-4.677168369,-0.170335039,-1.908788204,0.028449733,-0.055142205,-1.908791423,ros2_odometer_state
M19C_S1_lab_hard_floor_B3_U050_R3,1238.901640204,1.286645223,idle,0.500000,-4.677168369,-0.170335039,-1.908788204,0.028449733,-0.055142205,-1.908791423,ros2_odometer_state
M19C_S1_lab_hard_floor_B3_U050_R3,1238.904431274,1.289436293,idle,0.500000,-4.677168369,-0.170335039,-1.908788204,0.028446224,-0.055144742,-1.908797264,ros2_odometer_state
M19C_S1_lab_hard_floor_B3_U050_R3,1238.906453710,1.291458729,idle,0.500000,-4.677168369,-0.170335039,-1.908788204,0.028443556,-0.055146083,-1.908807874,ros2_odometer_state
M19C_S1_lab_hard_floor_B3_U050_R3,1238.909054149,1.294059168,idle,0.500000,-4.677168369,-0.170335039,-1.908788204,0.028443458,-0.055146094,-1.908811927,ros2_odometer_state
M19C_S1_lab_hard_floor_B3_U050_R3,1238.909757757,1.294762776,idle,0.500000,-4.677168369,-0.170335039,-1.908788204,0.028443458,-0.055146094,-1.908811927,ros2_odometer_state
M19C_S1_lab_hard_floor_B3_U050_R3,1238.912671551,1.297676570,idle,0.500000,-4.677168369,-0.170335039,-1.908788204,0.028440816,-0.055149715,-1.908808589,ros2_odometer_state
M19C_S1_lab_hard_floor_B3_U050_R3,1238.914712356,1.299717375,idle,0.500000,-4.677168369,-0.170335039,-1.908788204,0.028439652,-0.055148650,-1.908809423,ros2_odometer_state
M19C_S1_lab_hard_floor_B3_U050_R3,1238.915954286,1.300959305,idle,0.500000,-4.677168369,-0.170335039,-1.908788204,0.028439652,-0.055148650,-1.908809423,ros2_odometer_state
M19C_S1_lab_hard_floor_B3_U050_R3,1238.917819021,1.302824040,idle,0.500000,-4.677168369,-0.170335039,-1.908788204,0.028438983,-0.055143189,-1.908816457,ros2_odometer_state
M19C_S1_lab_hard_floor_B3_U050_R3,1238.920578858,1.305583877,idle,0.500000,-4.677767277,-0.170124665,-1.908824801,0.028440306,-0.055136196,-1.908823371,ros2_odometer_state
M19C_S1_lab_hard_floor_B3_U050_R3,1238.921699855,1.306704874,idle,0.500000,-4.677767277,-0.170124665,-1.908824801,0.028440306,-0.055136196,-1.908823371,ros2_odometer_state
M19C_S1_lab_hard_floor_B3_U050_R3,1238.924462572,1.309467591,idle,0.500000,-4.677767277,-0.170124665,-1.908824801,0.028426873,-0.055127911,-1.908818007,ros2_odometer_state
M19C_S1_lab_hard_floor_B3_U050_R3,1238.926451663,1.311456682,idle,0.500000,-4.677767277,-0.170124665,-1.908824801,0.028423006,-0.055126045,-1.908820987,ros2_odometer_state
M19C_S1_lab_hard_floor_B3_U050_R3,1238.929209484,1.314214503,idle,0.500000,-4.677767277,-0.170124665,-1.908824801,0.028418405,-0.055120390,-1.908824682,ros2_odometer_state
M19C_S1_lab_hard_floor_B3_U050_R3,1238.929843650,1.314848669,idle,0.500000,-4.677767277,-0.170124665,-1.908824801,0.028418405,-0.055120390,-1.908824682,ros2_odometer_state
M19C_S1_lab_hard_floor_B3_U050_R3,1238.932988748,1.317993767,idle,0.500000,-4.677767277,-0.170124665,-1.908824801,0.028405298,-0.055121284,-1.908820391,ros2_odometer_state
M19C_S1_lab_hard_floor_B3_U050_R3,1238.933821992,1.318827011,idle,0.500000,-4.677767277,-0.170124665,-1.908824801,0.028405298,-0.055121284,-1.908820391,ros2_odometer_state
M19C_S1_lab_hard_floor_B3_U050_R3,1238.936118773,1.321123792,idle,0.500000,-4.677767277,-0.170124665,-1.908824801,0.028405165,-0.055123106,-1.908822536,ros2_odometer_state
M19C_S1_lab_hard_floor_B3_U050_R3,1238.938643754,1.323648773,idle,0.500000,-4.677767277,-0.170124665,-1.908824801,0.028405415,-0.055119250,-1.908818841,ros2_odometer_state
M19C_S1_lab_hard_floor_B3_U050_R3,1238.940834964,1.325839983,idle,0.500000,-4.678369522,-0.169913098,-1.908818841,0.028404105,-0.055125467,-1.908818126,ros2_odometer_state
M19C_S1_lab_hard_floor_B3_U050_R3,1238.942512844,1.327517863,idle,0.500000,-4.678369522,-0.169913098,-1.908818841,0.028402971,-0.055127993,-1.908818603,ros2_odometer_state
M19C_S1_lab_hard_floor_B3_U050_R3,1238.944493615,1.329498634,idle,0.500000,-4.678369522,-0.169913098,-1.908818841,0.028408278,-0.055124473,-1.908815026,ros2_odometer_state
M19C_S1_lab_hard_floor_B3_U050_R3,1238.946461457,1.331466476,idle,0.500000,-4.678369522,-0.169913098,-1.908818841,0.028413553,-0.055120673,-1.908814549,ros2_odometer_state
M19C_S1_lab_hard_floor_B3_U050_R3,1238.949231215,1.334236234,idle,0.500000,-4.678369522,-0.169913098,-1.908818841,0.028409420,-0.055123225,-1.908813357,ros2_odometer_state
M19C_S1_lab_hard_floor_B3_U050_R3,1238.949909509,1.334914528,idle,0.500000,-4.678369522,-0.169913098,-1.908818841,0.028409420,-0.055123225,-1.908813357,ros2_odometer_state
M19C_S1_lab_hard_floor_B3_U050_R3,1238.952847976,1.337852995,idle,0.500000,-4.678369522,-0.169913098,-1.908818841,0.028415756,-0.055126756,-1.908814073,ros2_odometer_state
M19C_S1_lab_hard_floor_B3_U050_R3,1238.953768327,1.338773346,idle,0.500000,-4.678369522,-0.169913098,-1.908818841,0.028415756,-0.055126756,-1.908814073,ros2_odometer_state
M19C_S1_lab_hard_floor_B3_U050_R3,1238.958472262,1.343477281,idle,0.500000,-4.678369522,-0.169913098,-1.908818841,0.028422467,-0.055122111,-1.908808947,ros2_odometer_state
M19C_S1_lab_hard_floor_B3_U050_R3,1238.958865843,1.343870862,idle,0.500000,-4.678369522,-0.169913098,-1.908818841,0.028422467,-0.055122111,-1.908808947,ros2_odometer_state
M19C_S1_lab_hard_floor_B3_U050_R3,1238.960388838,1.345393857,idle,0.500000,-4.678990841,-0.169695020,-1.908809304,0.028418500,-0.055114716,-1.908809304,ros2_odometer_state
M19C_S1_lab_hard_floor_B3_U050_R3,1238.961945179,1.346950198,idle,0.500000,-4.678990841,-0.169695020,-1.908809304,0.028411152,-0.055108991,-1.908809781,ros2_odometer_state
M19C_S1_lab_hard_floor_B3_U050_R3,1238.965628727,1.350633746,idle,0.500000,-4.678990841,-0.169695020,-1.908809304,0.028400732,-0.055098601,-1.908809543,ros2_odometer_state
M19C_S1_lab_hard_floor_B3_U050_R3,1238.966070598,1.351075617,idle,0.500000,-4.678990841,-0.169695020,-1.908809304,0.028400732,-0.055098601,-1.908809543,ros2_odometer_state
M19C_S1_lab_hard_floor_B3_U050_R3,1238.969170094,1.354175113,idle,0.500000,-4.678990841,-0.169695020,-1.908809304,0.028393403,-0.055100311,-1.908804893,ros2_odometer_state
M19C_S1_lab_hard_floor_B3_U050_R3,1238.971048013,1.356053032,idle,0.500000,-4.678990841,-0.169695020,-1.908809304,0.028390795,-0.055098154,-1.908805609,ros2_odometer_state
M19C_S1_lab_hard_floor_B3_U050_R3,1238.972091121,1.357096140,idle,0.500000,-4.678990841,-0.169695020,-1.908809304,0.028390795,-0.055098154,-1.908805609,ros2_odometer_state
M19C_S1_lab_hard_floor_B3_U050_R3,1238.974803116,1.359808135,idle,0.500000,-4.678990841,-0.169695020,-1.908809304,0.028389463,-0.055105675,-1.908803344,ros2_odometer_state
M19C_S1_lab_hard_floor_B3_U050_R3,1238.976609513,1.361614532,idle,0.500000,-4.678990841,-0.169695020,-1.908809304,0.028387008,-0.055111647,-1.908804297,ros2_odometer_state
M19C_S1_lab_hard_floor_B3_U050_R3,1238.978909174,1.363914193,idle,0.500000,-4.678990841,-0.169695020,-1.908809304,0.028395271,-0.055111457,-1.908800721,ros2_odometer_state
M19C_S1_lab_hard_floor_B3_U050_R3,1238.980749428,1.365754447,idle,0.500000,-4.679585934,-0.169485986,-1.908800721,0.028402366,-0.055109184,-1.908800840,ros2_odometer_state
M19C_S1_lab_hard_floor_B3_U050_R3,1238.981763702,1.366768721,idle,0.500000,-4.679585934,-0.169485986,-1.908800721,0.028402366,-0.055109184,-1.908800840,ros2_odometer_state
M19C_S1_lab_hard_floor_B3_U050_R3,1238.985386288,1.370391307,idle,0.500000,-4.679585934,-0.169485986,-1.908800721,0.028407669,-0.055108387,-1.908803344,ros2_odometer_state
M19C_S1_lab_hard_floor_B3_U050_R3,1238.985982756,1.370987775,idle,0.500000,-4.679585934,-0.169485986,-1.908800721,0.028407669,-0.055108387,-1.908803344,ros2_odometer_state
M19C_S1_lab_hard_floor_B3_U050_R3,1238.989293204,1.374298223,idle,0.500000,-4.679585934,-0.169485986,-1.908800721,0.028401889,-0.055105101,-1.908797145,ros2_odometer_state
M19C_S1_lab_hard_floor_B3_U050_R3,1238.990796038,1.375801057,idle,0.500000,-4.679585934,-0.169485986,-1.908800721,0.028406750,-0.055108812,-1.908790112,ros2_odometer_state
M19C_S1_lab_hard_floor_B3_U050_R3,1238.991834601,1.376839620,idle,0.500000,-4.679585934,-0.169485986,-1.908800721,0.028406750,-0.055108812,-1.908790112,ros2_odometer_state
M19C_S1_lab_hard_floor_B3_U050_R3,1238.994553477,1.379558496,idle,0.500000,-4.679585934,-0.169485986,-1.908800721,0.028404444,-0.055114049,-1.908778787,ros2_odometer_state
M19C_S1_lab_hard_floor_B3_U050_R3,1238.996787248,1.381792267,idle,0.500000,-4.679585934,-0.169485986,-1.908800721,0.028398825,-0.055112518,-1.908779383,ros2_odometer_state
M19C_S1_lab_hard_floor_B3_U050_R3,1238.997833716,1.382838735,idle,0.500000,-4.679585934,-0.169485986,-1.908800721,0.028398825,-0.055112518,-1.908779383,ros2_odometer_state
M19C_S1_lab_hard_floor_B3_U050_R3,1239.000371497,1.385376516,idle,0.500000,-4.680206776,-0.169267952,-1.908775687,0.028397532,-0.055107702,-1.908775687,ros2_odometer_state
M19C_S1_lab_hard_floor_B3_U050_R3,1239.001925469,1.386930488,idle,0.500000,-4.680206776,-0.169267952,-1.908775687,0.028403839,-0.055111114,-1.908775449,ros2_odometer_state
M19C_S1_lab_hard_floor_B3_U050_R3,1239.004763805,1.389768824,idle,0.500000,-4.680206776,-0.169267952,-1.908775687,0.028419778,-0.055106021,-1.908775091,ros2_odometer_state
M19C_S1_lab_hard_floor_B3_U050_R3,1239.005828385,1.390833404,idle,0.500000,-4.680206776,-0.169267952,-1.908775687,0.028419778,-0.055106021,-1.908775091,ros2_odometer_state
M19C_S1_lab_hard_floor_B3_U050_R3,1239.010005901,1.395010920,idle,0.500000,-4.680206776,-0.169267952,-1.908775687,0.028420243,-0.055111054,-1.908776641,ros2_odometer_state
M19C_S1_lab_hard_floor_B3_U050_R3,1239.011099506,1.396104525,idle,0.500000,-4.680206776,-0.169267952,-1.908775687,0.028415294,-0.055108696,-1.908776641,ros2_odometer_state
M19C_S1_lab_hard_floor_B3_U050_R3,1239.011928366,1.396933385,idle,0.500000,-4.680206776,-0.169267952,-1.908775687,0.028415294,-0.055108696,-1.908776641,ros2_odometer_state
M19C_S1_lab_hard_floor_B3_U050_R3,1239.015149563,1.400154582,idle,0.500000,-4.680206776,-0.169267952,-1.908775687,0.028417956,-0.055097334,-1.908776879,ros2_odometer_state
M19C_S1_lab_hard_floor_B3_U050_R3,1239.017590541,1.402595560,idle,0.500000,-4.680206776,-0.169267952,-1.908775687,0.028420871,-0.055092324,-1.908771992,ros2_odometer_state
M19C_S1_lab_hard_floor_B3_U050_R3,1239.018320134,1.403325153,idle,0.500000,-4.680206776,-0.169267952,-1.908775687,0.028420871,-0.055092324,-1.908771992,ros2_odometer_state
M19C_S1_lab_hard_floor_B3_U050_R3,1239.019975165,1.404980184,idle,0.500000,-4.680804729,-0.169057921,-1.908775091,0.028423678,-0.055088382,-1.908775091,ros2_odometer_state
M19C_S1_lab_hard_floor_B3_U050_R3,1239.021966912,1.406971931,idle,0.500000,-4.680804729,-0.169057921,-1.908775091,0.028428666,-0.055083241,-1.908773541,ros2_odometer_state
M19C_S1_lab_hard_floor_B3_U050_R3,1239.024714685,1.409719704,idle,0.500000,-4.680804729,-0.169057921,-1.908775091,0.028422935,-0.055083469,-1.908783913,ros2_odometer_state
M19C_S1_lab_hard_floor_B3_U050_R3,1239.026713120,1.411718139,idle,0.500000,-4.680804729,-0.169057921,-1.908775091,0.028424844,-0.055083044,-1.908785582,ros2_odometer_state
M19C_S1_lab_hard_floor_B3_U050_R3,1239.030042384,1.415047403,idle,0.500000,-4.680804729,-0.169057921,-1.908775091,0.028427832,-0.055086236,-1.908783436,ros2_odometer_state
M19C_S1_lab_hard_floor_B3_U050_R3,1239.030536641,1.415541660,idle,0.500000,-4.680804729,-0.169057921,-1.908775091,0.028427832,-0.055086236,-1.908783436,ros2_odometer_state
M19C_S1_lab_hard_floor_B3_U050_R3,1239.032119638,1.417124657,idle,0.500000,-4.680804729,-0.169057921,-1.908775091,0.028424816,-0.055094909,-1.908777595,ros2_odometer_state
M19C_S1_lab_hard_floor_B3_U050_R3,1239.036129533,1.421134552,idle,0.500000,-4.680804729,-0.169057921,-1.908775091,0.028423980,-0.055107895,-1.908775926,ros2_odometer_state
M19C_S1_lab_hard_floor_B3_U050_R3,1239.036684336,1.421689355,idle,0.500000,-4.680804729,-0.169057921,-1.908775091,0.028423980,-0.055107895,-1.908775926,ros2_odometer_state
M19C_S1_lab_hard_floor_B3_U050_R3,1239.038010301,1.423015320,idle,0.500000,-4.680804729,-0.169057921,-1.908775091,0.028422365,-0.055103742,-1.908775926,ros2_odometer_state
M19C_S1_lab_hard_floor_B3_U050_R3,1239.043306031,1.428311050,idle,0.500000,-4.681430340,-0.168838158,-1.908777595,0.028428162,-0.055097926,-1.908780932,ros2_odometer_state
M19C_S1_lab_hard_floor_B3_U050_R3,1239.045797635,1.430802654,idle,0.500000,-4.681430340,-0.168838158,-1.908777595,0.028431835,-0.055099007,-1.908785939,ros2_odometer_state
M19C_S1_lab_hard_floor_B3_U050_R3,1239.047467003,1.432472022,idle,0.500000,-4.681430340,-0.168838158,-1.908777595,0.028436879,-0.055106301,-1.908782840,ros2_odometer_state
M19C_S1_lab_hard_floor_B3_U050_R3,1239.049431389,1.434436408,idle,0.500000,-4.681430340,-0.168838158,-1.908777595,0.028438093,-0.055109046,-1.908777833,ros2_odometer_state
M19C_S1_lab_hard_floor_B3_U050_R3,1239.051827854,1.436832873,idle,0.500000,-4.681430340,-0.168838158,-1.908777595,0.028431740,-0.055104554,-1.908778906,ros2_odometer_state
M19C_S1_lab_hard_floor_B3_U050_R3,1239.053438276,1.438443295,idle,0.500000,-4.681430340,-0.168838158,-1.908777595,0.028421532,-0.055102367,-1.908778787,ros2_odometer_state
M19C_S1_lab_hard_floor_B3_U050_R3,1239.054656749,1.439661768,idle,0.500000,-4.681430340,-0.168838158,-1.908777595,0.028418271,-0.055099353,-1.908768773,ros2_odometer_state
M19C_S1_lab_hard_floor_B3_U050_R3,1239.055567180,1.440572199,idle,0.500000,-4.681430340,-0.168838158,-1.908777595,0.028421417,-0.055100188,-1.908758402,ros2_odometer_state
M19C_S1_lab_hard_floor_B3_U050_R3,1239.056128287,1.441133306,idle,0.500000,-4.681430340,-0.168838158,-1.908777595,0.028421417,-0.055100188,-1.908758402,ros2_odometer_state
M19C_S1_lab_hard_floor_B3_U050_R3,1239.058242950,1.443247969,idle,0.500000,-4.681430340,-0.168838158,-1.908777595,0.028419314,-0.055104841,-1.908751488,ros2_odometer_state
M19C_S1_lab_hard_floor_B3_U050_R3,1239.060251882,1.445256901,idle,0.500000,-4.682046413,-0.168621823,-1.908753276,0.028414547,-0.055106211,-1.908753276,ros2_odometer_state
M19C_S1_lab_hard_floor_B3_U050_R3,1239.063369235,1.448374254,idle,0.500000,-4.682046413,-0.168621823,-1.908753276,0.028416775,-0.055100232,-1.908750057,ros2_odometer_state
M19C_S1_lab_hard_floor_B3_U050_R3,1239.064573691,1.449578710,idle,0.500000,-4.682046413,-0.168621823,-1.908753276,0.028416775,-0.055100232,-1.908750057,ros2_odometer_state
M19C_S1_lab_hard_floor_B3_U050_R3,1239.066112815,1.451117834,idle,0.500000,-4.682046413,-0.168621823,-1.908753276,0.028417177,-0.055100299,-1.908745050,ros2_odometer_state
M19C_S1_lab_hard_floor_B3_U050_R3,1239.069417150,1.454422169,idle,0.500000,-4.682046413,-0.168621823,-1.908753276,0.028400844,-0.055086594,-1.908743620,ros2_odometer_state
M19C_S1_lab_hard_floor_B3_U050_R3,1239.070772556,1.455777575,idle,0.500000,-4.682046413,-0.168621823,-1.908753276,0.028403971,-0.055087928,-1.908745289,ros2_odometer_state
M19C_S1_lab_hard_floor_B3_U050_R3,1239.072849042,1.457854061,idle,0.500000,-4.682046413,-0.168621823,-1.908753276,0.028400797,-0.055089913,-1.908737659,ros2_odometer_state
M19C_S1_lab_hard_floor_B3_U050_R3,1239.074693840,1.459698859,idle,0.500000,-4.682046413,-0.168621823,-1.908753276,0.028397715,-0.055086706,-1.908731341,ros2_odometer_state
M19C_S1_lab_hard_floor_B3_U050_R3,1239.076871226,1.461876245,idle,0.500000,-4.682046413,-0.168621823,-1.908753276,0.028392252,-0.055078272,-1.908738017,ros2_odometer_state
M19C_S1_lab_hard_floor_B3_U050_R3,1239.078859004,1.463864023,idle,0.500000,-4.682046413,-0.168621823,-1.908753276,0.028387520,-0.055070844,-1.908739090,ros2_odometer_state
M19C_S1_lab_hard_floor_B3_U050_R3,1239.080870528,1.465875547,idle,0.500000,-4.682667255,-0.168403819,-1.908739090,0.028387336,-0.055063631,-1.908733368,ros2_odometer_state
M19C_S1_lab_hard_floor_B3_U050_R3,1239.082848995,1.467854014,idle,0.500000,-4.682667255,-0.168403819,-1.908739090,0.028393921,-0.055060387,-1.908732414,ros2_odometer_state
M19C_S1_lab_hard_floor_B3_U050_R3,1239.084864551,1.469869570,idle,0.500000,-4.682667255,-0.168403819,-1.908739090,0.028396916,-0.055060659,-1.908733845,ros2_odometer_state
M19C_S1_lab_hard_floor_B3_U050_R3,1239.086740806,1.471745825,idle,0.500000,-4.682667255,-0.168403819,-1.908739090,0.028399795,-0.055056673,-1.908738017,ros2_odometer_state
M19C_S1_lab_hard_floor_B3_U050_R3,1239.089430081,1.474435100,idle,0.500000,-4.682667255,-0.168403819,-1.908739090,0.028403064,-0.055051718,-1.908739448,ros2_odometer_state
M19C_S1_lab_hard_floor_B3_U050_R3,1239.090838576,1.475843595,idle,0.500000,-4.682667255,-0.168403819,-1.908739090,0.028405469,-0.055051681,-1.908739328,ros2_odometer_state
M19C_S1_lab_hard_floor_B3_U050_R3,1239.092831667,1.477836686,idle,0.500000,-4.682667255,-0.168403819,-1.908739090,0.028405083,-0.055053458,-1.908738494,ros2_odometer_state
M19C_S1_lab_hard_floor_B3_U050_R3,1239.094791381,1.479796400,idle,0.500000,-4.682667255,-0.168403819,-1.908739090,0.028399343,-0.055048931,-1.908736348,ros2_odometer_state
M19C_S1_lab_hard_floor_B3_U050_R3,1239.097293737,1.482298756,idle,0.500000,-4.682667255,-0.168403819,-1.908739090,0.028399922,-0.055046361,-1.908737659,ros2_odometer_state
M19C_S1_lab_hard_floor_B3_U050_R3,1239.098847966,1.483852985,idle,0.500000,-4.682667255,-0.168403819,-1.908739090,0.028399793,-0.055055328,-1.908737898,ros2_odometer_state
M19C_S1_lab_hard_floor_B3_U050_R3,1239.100869186,1.485874205,idle,0.500000,-4.683292389,-0.168184161,-1.908737898,0.028401105,-0.055063684,-1.908743024,ros2_odometer_state
M19C_S1_lab_hard_floor_B3_U050_R3,1239.102760193,1.487765212,idle,0.500000,-4.683292389,-0.168184161,-1.908737898,0.028402414,-0.055063128,-1.908748388,ros2_odometer_state
M19C_S1_lab_hard_floor_B3_U050_R3,1239.104769061,1.489774080,idle,0.500000,-4.683292389,-0.168184161,-1.908737898,0.028404536,-0.055056486,-1.908746839,ros2_odometer_state
M19C_S1_lab_hard_floor_B3_U050_R3,1239.106717767,1.491722786,idle,0.500000,-4.683292389,-0.168184161,-1.908737898,0.028403891,-0.055054534,-1.908745527,ros2_odometer_state
M19C_S1_lab_hard_floor_B3_U050_R3,1239.109550054,1.494555073,idle,0.500000,-4.683292389,-0.168184161,-1.908737898,0.028401768,-0.055059131,-1.908747554,ros2_odometer_state
M19C_S1_lab_hard_floor_B3_U050_R3,1239.110858194,1.495863213,idle,0.500000,-4.683292389,-0.168184161,-1.908737898,0.028407060,-0.055059250,-1.908745766,ros2_odometer_state
M19C_S1_lab_hard_floor_B3_U050_R3,1239.112998042,1.498003061,idle,0.500000,-4.683292389,-0.168184161,-1.908737898,0.028411664,-0.055057127,-1.908743024,ros2_odometer_state
M19C_S1_lab_hard_floor_B3_U050_R3,1239.114076671,1.499081690,idle,0.500000,-4.683292389,-0.168184161,-1.908737898,0.028411664,-0.055057127,-1.908743024,ros2_odometer_state
M19C_S1_lab_hard_floor_B3_U050_R3,1239.116805339,1.501810358,idle,0.500000,-4.683292389,-0.168184161,-1.908737898,0.028404534,-0.055056002,-1.908746600,ros2_odometer_state
M19C_S1_lab_hard_floor_B3_U050_R3,1239.118818782,1.503823801,idle,0.500000,-4.683292389,-0.168184161,-1.908737898,0.028409982,-0.055062957,-1.908736706,ros2_odometer_state
M19C_S1_lab_hard_floor_B3_U050_R3,1239.120924037,1.505929056,idle,0.500000,-4.683883190,-0.167976648,-1.908736706,0.028410418,-0.055066403,-1.908727884,ros2_odometer_state
M19C_S1_lab_hard_floor_B3_U050_R3,1239.122901448,1.507906467,idle,0.500000,-4.683883190,-0.167976648,-1.908736706,0.028409423,-0.055060070,-1.908729196,ros2_odometer_state
M19C_S1_lab_hard_floor_B3_U050_R3,1239.124077135,1.509082154,idle,0.500000,-4.683883190,-0.167976648,-1.908736706,0.028409423,-0.055060070,-1.908729196,ros2_odometer_state
M19C_S1_lab_hard_floor_B3_U050_R3,1239.126791659,1.511796678,idle,0.500000,-4.683883190,-0.167976648,-1.908736706,0.028416526,-0.055055726,-1.908728600,ros2_odometer_state
M19C_S1_lab_hard_floor_B3_U050_R3,1239.128682187,1.513687206,idle,0.500000,-4.683883190,-0.167976648,-1.908736706,0.028416526,-0.055055726,-1.908728600,ros2_odometer_state
M19C_S1_lab_hard_floor_B3_U050_R3,1239.130150364,1.515155383,idle,0.500000,-4.683883190,-0.167976648,-1.908736706,0.028418133,-0.055056106,-1.908729911,ros2_odometer_state
M19C_S1_lab_hard_floor_B3_U050_R3,1239.132870744,1.517875763,idle,0.500000,-4.683883190,-0.167976648,-1.908736706,0.028421625,-0.055057682,-1.908727527,ros2_odometer_state
M19C_S1_lab_hard_floor_B3_U050_R3,1239.136225641,1.521230660,idle,0.500000,-4.683883190,-0.167976648,-1.908736706,0.028421625,-0.055057682,-1.908727527,ros2_odometer_state
M19C_S1_lab_hard_floor_B3_U050_R3,1239.137365551,1.522370570,idle,0.500000,-4.683883190,-0.167976648,-1.908736706,0.028422480,-0.055058036,-1.908732533,ros2_odometer_state
M19C_S1_lab_hard_floor_B3_U050_R3,1239.138988422,1.523993441,idle,0.500000,-4.683883190,-0.167976648,-1.908736706,0.028419757,-0.055056557,-1.908732414,ros2_odometer_state
M19C_S1_lab_hard_floor_B3_U050_R3,1239.140403285,1.525408304,idle,0.500000,-4.684493542,-0.167762265,-1.908735633,0.028410561,-0.055055432,-1.908735633,ros2_odometer_state
M19C_S1_lab_hard_floor_B3_U050_R3,1239.142859784,1.527864803,idle,0.500000,-4.684493542,-0.167762265,-1.908735633,0.028410951,-0.055054314,-1.908737540,ros2_odometer_state
M19C_S1_lab_hard_floor_B3_U050_R3,1239.145379229,1.530384248,idle,0.500000,-4.684493542,-0.167762265,-1.908735633,0.028421452,-0.055049397,-1.908739448,ros2_odometer_state
M19C_S1_lab_hard_floor_B3_U050_R3,1239.146717066,1.531722085,idle,0.500000,-4.684493542,-0.167762265,-1.908735633,0.028420286,-0.055058468,-1.908740520,ros2_odometer_state
M19C_S1_lab_hard_floor_B3_U050_R3,1239.148748078,1.533753097,idle,0.500000,-4.684493542,-0.167762265,-1.908735633,0.028418003,-0.055060338,-1.908743978,ros2_odometer_state
M19C_S1_lab_hard_floor_B3_U050_R3,1239.150892695,1.535897714,idle,0.500000,-4.684493542,-0.167762265,-1.908735633,0.028419446,-0.055050626,-1.908740401,ros2_odometer_state
M19C_S1_lab_hard_floor_B3_U050_R3,1239.152884698,1.537889717,idle,0.500000,-4.684493542,-0.167762265,-1.908735633,0.028417239,-0.055054110,-1.908735991,ros2_odometer_state
M19C_S1_lab_hard_floor_B3_U050_R3,1239.154191782,1.539196801,idle,0.500000,-4.684493542,-0.167762265,-1.908735633,0.028417239,-0.055054110,-1.908735991,ros2_odometer_state
M19C_S1_lab_hard_floor_B3_U050_R3,1239.156812958,1.541817977,idle,0.500000,-4.684493542,-0.167762265,-1.908735633,0.028423330,-0.055049673,-1.908751011,ros2_odometer_state
M19C_S1_lab_hard_floor_B3_U050_R3,1239.159241168,1.544246187,idle,0.500000,-4.684493542,-0.167762265,-1.908735633,0.028427199,-0.055050001,-1.908754587,ros2_odometer_state
M19C_S1_lab_hard_floor_B3_U050_R3,1239.160921448,1.545926467,idle,0.500000,-4.685092449,-0.167551756,-1.908754587,0.028423969,-0.055050053,-1.908756375,ros2_odometer_state
M19C_S1_lab_hard_floor_B3_U050_R3,1239.162859562,1.547864581,idle,0.500000,-4.685092449,-0.167551756,-1.908754587,0.028418677,-0.055050887,-1.908758163,ros2_odometer_state
M19C_S1_lab_hard_floor_B3_U050_R3,1239.164823148,1.549828167,idle,0.500000,-4.685092449,-0.167551756,-1.908754587,0.028415507,-0.055057541,-1.908753276,ros2_odometer_state
M19C_S1_lab_hard_floor_B3_U050_R3,1239.166776558,1.551781577,idle,0.500000,-4.685092449,-0.167551756,-1.908754587,0.028419480,-0.055065732,-1.908745885,ros2_odometer_state
M19C_S1_lab_hard_floor_B3_U050_R3,1239.169558987,1.554564006,idle,0.500000,-4.685092449,-0.167551756,-1.908754587,0.028427351,-0.055072006,-1.908741117,ros2_odometer_state
M19C_S1_lab_hard_floor_B3_U050_R3,1239.170142111,1.555147130,idle,0.500000,-4.685092449,-0.167551756,-1.908754587,0.028427351,-0.055072006,-1.908741117,ros2_odometer_state
M19C_S1_lab_hard_floor_B3_U050_R3,1239.172938813,1.557943832,idle,0.500000,-4.685092449,-0.167551756,-1.908754587,0.028426487,-0.055070709,-1.908746243,ros2_odometer_state
M19C_S1_lab_hard_floor_B3_U050_R3,1239.174633782,1.559638801,idle,0.500000,-4.685092449,-0.167551756,-1.908754587,0.028420605,-0.055073958,-1.908747792,ros2_odometer_state
M19C_S1_lab_hard_floor_B3_U050_R3,1239.179729858,1.564734877,idle,0.500000,-4.685092449,-0.167551756,-1.908754587,0.028419413,-0.055077717,-1.908747077,ros2_odometer_state
M19C_S1_lab_hard_floor_B3_U050_R3,1239.182671173,1.567676192,idle,0.500000,-4.685092449,-0.167551756,-1.908754587,0.028422663,-0.055077989,-1.908744454,ros2_odometer_state
M19C_S1_lab_hard_floor_B3_U050_R3,1239.184399071,1.569404090,idle,0.500000,-4.685704231,-0.167336896,-1.908745050,0.028419426,-0.055079132,-1.908745050,ros2_odometer_state
M19C_S1_lab_hard_floor_B3_U050_R3,1239.185409217,1.570414236,idle,0.500000,-4.685704231,-0.167336896,-1.908745050,0.028415795,-0.055080269,-1.908747315,ros2_odometer_state
M19C_S1_lab_hard_floor_B3_U050_R3,1239.186636138,1.571641157,idle,0.500000,-4.685704231,-0.167336896,-1.908745050,0.028413337,-0.055078112,-1.908751726,ros2_odometer_state
M19C_S1_lab_hard_floor_B3_U050_R3,1239.187510760,1.572515779,idle,0.500000,-4.685704231,-0.167336896,-1.908745050,0.028409790,-0.055074558,-1.908750653,ros2_odometer_state
M19C_S1_lab_hard_floor_B3_U050_R3,1239.189000602,1.574005621,idle,0.500000,-4.685704231,-0.167336896,-1.908745050,0.028413443,-0.055066340,-1.908753633,ros2_odometer_state
M19C_S1_lab_hard_floor_B3_U050_R3,1239.190677971,1.575682990,idle,0.500000,-4.685704231,-0.167336896,-1.908745050,0.028413815,-0.055062141,-1.908755541,ros2_odometer_state
M19C_S1_lab_hard_floor_B3_U050_R3,1239.193111621,1.578116640,idle,0.500000,-4.685704231,-0.167336896,-1.908745050,0.028417144,-0.055058703,-1.908759236,ros2_odometer_state
M19C_S1_lab_hard_floor_B3_U050_R3,1239.194987332,1.579992351,idle,0.500000,-4.685704231,-0.167336896,-1.908745050,0.028424019,-0.055064879,-1.908759713,ros2_odometer_state
M19C_S1_lab_hard_floor_B3_U050_R3,1239.196938949,1.581943968,idle,0.500000,-4.685704231,-0.167336896,-1.908745050,0.028427655,-0.055065721,-1.908763885,ros2_odometer_state
M19C_S1_lab_hard_floor_B3_U050_R3,1239.198163119,1.583168138,idle,0.500000,-4.685704231,-0.167336896,-1.908745050,0.028427655,-0.055065721,-1.908763885,ros2_odometer_state
M19C_S1_lab_hard_floor_B3_U050_R3,1239.200246965,1.585251984,idle,0.500000,-4.686307907,-0.167124808,-1.908764482,0.028433429,-0.055072855,-1.908764482,ros2_odometer_state
M19C_S1_lab_hard_floor_B3_U050_R3,1239.202907694,1.587912713,idle,0.500000,-4.686307907,-0.167124808,-1.908764482,0.028449384,-0.055092156,-1.908767581,ros2_odometer_state
M19C_S1_lab_hard_floor_B3_U050_R3,1239.204934579,1.589939598,idle,0.500000,-4.686307907,-0.167124808,-1.908764482,0.028444473,-0.055102412,-1.908768058,ros2_odometer_state
M19C_S1_lab_hard_floor_B3_U050_R3,1239.206799090,1.591804109,idle,0.500000,-4.686307907,-0.167124808,-1.908764482,0.028443538,-0.055106040,-1.908767343,ros2_odometer_state
M19C_S1_lab_hard_floor_B3_U050_R3,1239.213960259,1.598965278,idle,0.500000,-4.686307907,-0.167124808,-1.908764482,0.028444966,-0.055109993,-1.908766031,ros2_odometer_state
M19C_S1_lab_hard_floor_B3_U050_R3,1239.216491096,1.601496115,idle,0.500000,-4.686307907,-0.167124808,-1.908764482,0.028446971,-0.055117451,-1.908768415,ros2_odometer_state
M19C_S1_lab_hard_floor_B3_U050_R3,1239.218461018,1.603466037,idle,0.500000,-4.686307907,-0.167124808,-1.908764482,0.028449278,-0.055114280,-1.908772111,ros2_odometer_state
M19C_S1_lab_hard_floor_B3_U050_R3,1239.220910445,1.605915464,idle,0.500000,-4.686307907,-0.167124808,-1.908764482,0.028449478,-0.055119500,-1.908779263,ros2_odometer_state
M19C_S1_lab_hard_floor_B3_U050_R3,1239.222609606,1.607614625,idle,0.500000,-4.686307907,-0.167124808,-1.908764482,0.028443269,-0.055122782,-1.908779621,ros2_odometer_state
M19C_S1_lab_hard_floor_B3_U050_R3,1239.224239741,1.609244760,idle,0.500000,-4.686307907,-0.167124808,-1.908764482,0.028439101,-0.055121362,-1.908777475,ros2_odometer_state
M19C_S1_lab_hard_floor_B3_U050_R3,1239.225621995,1.610627014,idle,0.500000,-4.686901093,-0.166916519,-1.908777475,0.028440379,-0.055118993,-1.908779383,ros2_odometer_state
M19C_S1_lab_hard_floor_B3_U050_R3,1239.226972025,1.611977044,idle,0.500000,-4.686901093,-0.166916519,-1.908777475,0.028441019,-0.055127710,-1.908779144,ros2_odometer_state
M19C_S1_lab_hard_floor_B3_U050_R3,1239.228373512,1.613378531,idle,0.500000,-4.686901093,-0.166916519,-1.908777475,0.028442871,-0.055141643,-1.908775926,ros2_odometer_state
M19C_S1_lab_hard_floor_B3_U050_R3,1239.229749495,1.614754514,idle,0.500000,-4.686901093,-0.166916519,-1.908777475,0.028446466,-0.055147611,-1.908770919,ros2_odometer_state
M19C_S1_lab_hard_floor_B3_U050_R3,1239.230954879,1.615959898,idle,0.500000,-4.686901093,-0.166916519,-1.908777475,0.028448701,-0.055149268,-1.908774018,ros2_odometer_state
M19C_S1_lab_hard_floor_B3_U050_R3,1239.231838045,1.616843064,idle,0.500000,-4.686901093,-0.166916519,-1.908777475,0.028444061,-0.055146061,-1.908773899,ros2_odometer_state
M19C_S1_lab_hard_floor_B3_U050_R3,1239.232505043,1.617510062,idle,0.500000,-4.686901093,-0.166916519,-1.908777475,0.028444061,-0.055146061,-1.908773899,ros2_odometer_state
M19C_S1_lab_hard_floor_B3_U050_R3,1239.234208109,1.619213128,idle,0.500000,-4.686901093,-0.166916519,-1.908777475,0.028440787,-0.055144854,-1.908773422,ros2_odometer_state
M19C_S1_lab_hard_floor_B3_U050_R3,1239.236213648,1.621218667,idle,0.500000,-4.686901093,-0.166916519,-1.908777475,0.028439358,-0.055144820,-1.908776999,ros2_odometer_state
M19C_S1_lab_hard_floor_B3_U050_R3,1239.238976525,1.623981544,idle,0.500000,-4.686901093,-0.166916519,-1.908777475,0.028438391,-0.055140167,-1.908779979,ros2_odometer_state
M19C_S1_lab_hard_floor_B3_U050_R3,1239.240928911,1.625933930,idle,0.500000,-4.687519073,-0.166699275,-1.908779979,0.028438851,-0.055140339,-1.908775806,ros2_odometer_state
M19C_S1_lab_hard_floor_B3_U050_R3,1239.242216026,1.627221045,idle,0.500000,-4.687519073,-0.166699275,-1.908779979,0.028438851,-0.055140339,-1.908775806,ros2_odometer_state
M19C_S1_lab_hard_floor_B3_U050_R3,1239.244236990,1.629242009,idle,0.500000,-4.687519073,-0.166699275,-1.908779979,0.028435942,-0.055134717,-1.908771276,ros2_odometer_state
M19C_S1_lab_hard_floor_B3_U050_R3,1239.246411144,1.631416163,idle,0.500000,-4.687519073,-0.166699275,-1.908779979,0.028429866,-0.055134553,-1.908771396,ros2_odometer_state
M19C_S1_lab_hard_floor_B3_U050_R3,1239.252458995,1.637464014,idle,0.500000,-4.687519073,-0.166699275,-1.908779979,0.028428346,-0.055130877,-1.908773303,ros2_odometer_state
M19C_S1_lab_hard_floor_B3_U050_R3,1239.254194606,1.639199625,idle,0.500000,-4.687519073,-0.166699275,-1.908779979,0.028439257,-0.055131093,-1.908773899,ros2_odometer_state
M19C_S1_lab_hard_floor_B3_U050_R3,1239.255119565,1.640124584,idle,0.500000,-4.687519073,-0.166699275,-1.908779979,0.028445175,-0.055133842,-1.908773541,ros2_odometer_state
M19C_S1_lab_hard_floor_B3_U050_R3,1239.255951017,1.640956036,idle,0.500000,-4.687519073,-0.166699275,-1.908779979,0.028438378,-0.055135023,-1.908772469,ros2_odometer_state
M19C_S1_lab_hard_floor_B3_U050_R3,1239.256929642,1.641934661,idle,0.500000,-4.687519073,-0.166699275,-1.908779979,0.028433148,-0.055138800,-1.908776283,ros2_odometer_state
M19C_S1_lab_hard_floor_B3_U050_R3,1239.258328025,1.643333044,idle,0.500000,-4.687519073,-0.166699275,-1.908779979,0.028431317,-0.055142064,-1.908778310,ros2_odometer_state
M19C_S1_lab_hard_floor_B3_U050_R3,1239.260368766,1.645373785,idle,0.500000,-4.688135624,-0.166482672,-1.908774495,0.028427534,-0.055146858,-1.908774495,ros2_odometer_state
M19C_S1_lab_hard_floor_B3_U050_R3,1239.262267998,1.647273017,idle,0.500000,-4.688135624,-0.166482672,-1.908774495,0.028415173,-0.055151876,-1.908767104,ros2_odometer_state
M19C_S1_lab_hard_floor_B3_U050_R3,1239.265239906,1.650244925,idle,0.500000,-4.688135624,-0.166482672,-1.908774495,0.028404197,-0.055160262,-1.908761382,ros2_odometer_state
M19C_S1_lab_hard_floor_B3_U050_R3,1239.267069471,1.652074490,idle,0.500000,-4.688135624,-0.166482672,-1.908774495,0.028405722,-0.055164319,-1.908757091,ros2_odometer_state
M19C_S1_lab_hard_floor_B3_U050_R3,1239.269696184,1.654701203,idle,0.500000,-4.688135624,-0.166482672,-1.908774495,0.028404603,-0.055167262,-1.908753157,ros2_odometer_state
M19C_S1_lab_hard_floor_B3_U050_R3,1239.270357358,1.655362377,idle,0.500000,-4.688135624,-0.166482672,-1.908774495,0.028404603,-0.055167262,-1.908753157,ros2_odometer_state
M19C_S1_lab_hard_floor_B3_U050_R3,1239.273052585,1.658057604,idle,0.500000,-4.688135624,-0.166482672,-1.908774495,0.028406488,-0.055175006,-1.908752561,ros2_odometer_state
M19C_S1_lab_hard_floor_B3_U050_R3,1239.275005227,1.660010246,idle,0.500000,-4.688135624,-0.166482672,-1.908774495,0.028405989,-0.055172618,-1.908756852,ros2_odometer_state
M19C_S1_lab_hard_floor_B3_U050_R3,1239.276367609,1.661372628,idle,0.500000,-4.688135624,-0.166482672,-1.908774495,0.028405989,-0.055172618,-1.908756852,ros2_odometer_state
M19C_S1_lab_hard_floor_B3_U050_R3,1239.279680296,1.664685315,idle,0.500000,-4.688135624,-0.166482672,-1.908774495,0.028409308,-0.055172268,-1.908737540,ros2_odometer_state
M19C_S1_lab_hard_floor_B3_U050_R3,1239.280868720,1.665873739,idle,0.500000,-4.688739777,-0.166270554,-1.908737540,0.028409308,-0.055172268,-1.908737540,ros2_odometer_state
M19C_S1_lab_hard_floor_B3_U050_R3,1239.289495635,1.674500654,idle,0.500000,-4.688739777,-0.166270554,-1.908737540,0.028409088,-0.055174325,-1.908741117,ros2_odometer_state
M19C_S1_lab_hard_floor_B3_U050_R3,1239.293875366,1.678880385,idle,0.500000,-4.688739777,-0.166270554,-1.908737540,0.028409962,-0.055173971,-1.908748031,ros2_odometer_state
M19C_S1_lab_hard_floor_B3_U050_R3,1239.627459113,2.012464132,idle,0.500000,-4.688739777,-0.166270554,-1.908737540,0.028404197,-0.055181392,-1.908747554,ros2_odometer_state
M19C_S1_lab_hard_floor_B3_U050_R3,1239.628946012,2.013951031,idle,0.500000,-4.688739777,-0.166270554,-1.908737540,0.028396092,-0.055178672,-1.908751011,ros2_odometer_state
M19C_S1_lab_hard_floor_B3_U050_R3,1239.630006911,2.015011930,idle,0.500000,-4.688739777,-0.166270554,-1.908737540,0.028398909,-0.055173341,-1.908763170,ros2_odometer_state
M19C_S1_lab_hard_floor_B3_U050_R3,1239.631007489,2.016012508,idle,0.500000,-4.688739777,-0.166270554,-1.908737540,0.028407812,-0.055166885,-1.908775091,ros2_odometer_state
M19C_S1_lab_hard_floor_B3_U050_R3,1239.631963041,2.016968060,idle,0.500000,-4.688739777,-0.166270554,-1.908737540,0.028411906,-0.055161819,-1.908771992,ros2_odometer_state
M19C_S1_lab_hard_floor_B3_U050_R3,1239.635458487,2.020463506,idle,0.500000,-4.688739777,-0.166270554,-1.908737540,0.028404398,-0.055156529,-1.908765674,ros2_odometer_state
M19C_S1_lab_hard_floor_B3_U050_R3,1239.637708451,2.022713470,idle,0.500000,-4.688739777,-0.166270554,-1.908737540,0.028402891,-0.055157255,-1.908764005,ros2_odometer_state
M19C_S1_lab_hard_floor_B3_U050_R3,1239.638647458,2.023652477,idle,0.500000,-4.689341068,-0.166059166,-1.908764005,0.028402891,-0.055157255,-1.908764005,ros2_odometer_state
M19C_S1_lab_hard_floor_B3_U050_R3,1239.640034417,2.025039436,idle,0.500000,-4.689341068,-0.166059166,-1.908764005,0.028402936,-0.055171430,-1.908620954,ros2_odometer_state
M19C_S1_lab_hard_floor_B3_U050_R3,1239.641618854,2.026623873,idle,0.500000,-4.689341068,-0.166059166,-1.908764005,0.028402936,-0.055171430,-1.908620954,ros2_odometer_state
M19C_S1_lab_hard_floor_B3_U050_R3,1239.642592647,2.027597666,idle,0.500000,-4.689341068,-0.166059166,-1.908764005,0.028401628,-0.055175077,-1.908620715,ros2_odometer_state
M19C_S1_lab_hard_floor_B3_U050_R3,1239.643766095,2.028771114,idle,0.500000,-4.689341068,-0.166059166,-1.908764005,0.028401628,-0.055175077,-1.908620715,ros2_odometer_state
M19C_S1_lab_hard_floor_B3_U050_R3,1239.645351940,2.030356959,idle,0.500000,-4.689341068,-0.166059166,-1.908764005,0.028401628,-0.055175077,-1.908620715,ros2_odometer_state
M19C_S1_lab_hard_floor_B3_U050_R3,1239.647900570,2.032905589,idle,0.500000,-4.689341068,-0.166059166,-1.908764005,0.028403750,-0.055178709,-1.908620477,ros2_odometer_state
M19C_S1_lab_hard_floor_B3_U050_R3,1239.650028578,2.035033597,idle,0.500000,-4.689341068,-0.166059166,-1.908764005,0.028403750,-0.055178709,-1.908620477,ros2_odometer_state
M19C_S1_lab_hard_floor_B3_U050_R3,1239.651365615,2.036370634,idle,0.500000,-4.689341068,-0.166059166,-1.908764005,0.028404940,-0.055178948,-1.908620477,ros2_odometer_state
M19C_S1_lab_hard_floor_B3_U050_R3,1239.655269650,2.040274669,idle,0.500000,-4.689341068,-0.166059166,-1.908764005,0.028404940,-0.055178948,-1.908620477,ros2_odometer_state
M19C_S1_lab_hard_floor_B3_U050_R3,1239.656342870,2.041347889,idle,0.500000,-4.689941883,-0.165848166,-1.908620477,0.028404940,-0.055178948,-1.908620477,ros2_odometer_state
M19C_S1_lab_hard_floor_B3_U050_R3,1239.657496221,2.042501240,idle,0.500000,-4.689941883,-0.165848166,-1.908620477,0.028403545,-0.055180393,-1.908620477,ros2_odometer_state
M19C_S1_lab_hard_floor_B3_U050_R3,1239.658435421,2.043440440,idle,0.500000,-4.689941883,-0.165848166,-1.908620477,0.028403545,-0.055180393,-1.908620477,ros2_odometer_state
M19C_S1_lab_hard_floor_B3_U050_R3,1239.659760777,2.044765796,idle,0.500000,-4.699029922,-0.162654921,-1.908618927,0.028403671,-0.055181824,-1.908620358,ros2_odometer_state
M19C_S1_lab_hard_floor_B3_U050_R3,1239.660743563,2.045748582,idle,0.500000,-4.699029922,-0.162654921,-1.908618927,0.028403671,-0.055181824,-1.908620358,ros2_odometer_state
M19C_S1_lab_hard_floor_B3_U050_R3,1239.662216284,2.047221303,idle,0.500000,-4.699029922,-0.162654921,-1.908618927,0.028370680,-0.055240665,-1.908618689,ros2_odometer_state
M19C_S1_lab_hard_floor_B3_U050_R3,1239.663326818,2.048331837,idle,0.500000,-4.699029922,-0.162654921,-1.908618927,0.028369492,-0.055240251,-1.908618689,ros2_odometer_state
M19C_S1_lab_hard_floor_B3_U050_R3,1239.664790451,2.049795470,idle,0.500000,-4.699029922,-0.162654921,-1.908618927,0.028369492,-0.055240251,-1.908618689,ros2_odometer_state
M19C_S1_lab_hard_floor_B3_U050_R3,1239.666673426,2.051678445,idle,0.500000,-4.699029922,-0.162654921,-1.908618927,0.028370164,-0.055242907,-1.908618569,ros2_odometer_state
M19C_S1_lab_hard_floor_B3_U050_R3,1239.668219014,2.053224033,idle,0.500000,-4.699632645,-0.162443191,-1.908618569,0.028370164,-0.055242907,-1.908618569,ros2_odometer_state
M19C_S1_lab_hard_floor_B3_U050_R3,1239.669818588,2.054823607,idle,0.500000,-4.699632645,-0.162443191,-1.908618569,0.028370164,-0.055242907,-1.908618569,ros2_odometer_state
M19C_S1_lab_hard_floor_B3_U050_R3,1239.671573623,2.056578642,idle,0.500000,-4.699632645,-0.162443191,-1.908618569,0.028368499,-0.055245042,-1.908618450,ros2_odometer_state
M19C_S1_lab_hard_floor_B3_U050_R3,1239.672925925,2.057930944,idle,0.500000,-4.699632645,-0.162443191,-1.908618569,0.028368499,-0.055245042,-1.908618450,ros2_odometer_state
M19C_S1_lab_hard_floor_B3_U050_R3,1239.674843845,2.059848864,idle,0.500000,-4.699632645,-0.162443191,-1.908618569,0.028371066,-0.055245243,-1.908618569,ros2_odometer_state
M19C_S1_lab_hard_floor_B3_U050_R3,1239.676491229,2.061496248,idle,0.500000,-4.699632645,-0.162443191,-1.908618569,0.028371066,-0.055245243,-1.908618569,ros2_odometer_state
M19C_S1_lab_hard_floor_B3_U050_R3,1239.677938126,2.062943145,idle,0.500000,-4.699632645,-0.162443191,-1.908618569,0.028371066,-0.055245243,-1.908618569,ros2_odometer_state
M19C_S1_lab_hard_floor_B3_U050_R3,1239.678912398,2.063917417,idle,0.500000,-4.699632645,-0.162443191,-1.908618569,0.028369779,-0.055246752,-1.908618569,ros2_odometer_state
M19C_S1_lab_hard_floor_B3_U050_R3,1239.680145528,2.065150547,idle,0.500000,-4.699632645,-0.162443191,-1.908618569,0.028369779,-0.055246752,-1.908618569,ros2_odometer_state
M19C_S1_lab_hard_floor_B3_U050_R3,1239.685539982,2.070545001,idle,0.500000,-4.699632645,-0.162443191,-1.908618569,0.028367706,-0.055247109,-1.908618569,ros2_odometer_state
M19C_S1_lab_hard_floor_B3_U050_R3,1239.686476717,2.071481736,idle,0.500000,-4.700242043,-0.162228972,-1.908618569,0.028367706,-0.055247109,-1.908618569,ros2_odometer_state
M19C_S1_lab_hard_floor_B3_U050_R3,1239.687479503,2.072484522,idle,0.500000,-4.700242043,-0.162228972,-1.908618569,0.028367706,-0.055247109,-1.908618569,ros2_odometer_state
M19C_S1_lab_hard_floor_B3_U050_R3,1239.688652022,2.073657041,idle,0.500000,-4.700242043,-0.162228972,-1.908618569,0.028368754,-0.055247869,-1.908618569,ros2_odometer_state
M19C_S1_lab_hard_floor_B3_U050_R3,1239.689499411,2.074504430,idle,0.500000,-4.700242043,-0.162228972,-1.908618569,0.028368754,-0.055247869,-1.908618569,ros2_odometer_state
M19C_S1_lab_hard_floor_B3_U050_R3,1239.690465332,2.075470351,idle,0.500000,-4.700242043,-0.162228972,-1.908618569,0.028368825,-0.055247862,-1.908618569,ros2_odometer_state
M19C_S1_lab_hard_floor_B3_U050_R3,1239.691390163,2.076395182,idle,0.500000,-4.700242043,-0.162228972,-1.908618569,0.028368825,-0.055247862,-1.908618569,ros2_odometer_state
M19C_S1_lab_hard_floor_B3_U050_R3,1239.692292657,2.077297676,idle,0.500000,-4.700242043,-0.162228972,-1.908618569,0.028368825,-0.055247862,-1.908618569,ros2_odometer_state
M19C_S1_lab_hard_floor_B3_U050_R3,1239.693204176,2.078209195,idle,0.500000,-4.700242043,-0.162228972,-1.908618569,0.028367115,-0.055250969,-1.908618212,ros2_odometer_state
M19C_S1_lab_hard_floor_B3_U050_R3,1239.694070125,2.079075144,idle,0.500000,-4.700242043,-0.162228972,-1.908618569,0.028367115,-0.055250969,-1.908618212,ros2_odometer_state
M19C_S1_lab_hard_floor_B3_U050_R3,1239.694878056,2.079883075,idle,0.500000,-4.700242043,-0.162228972,-1.908618569,0.028366800,-0.055252023,-1.908618212,ros2_odometer_state
M19C_S1_lab_hard_floor_B3_U050_R3,1239.695819880,2.080824899,idle,0.500000,-4.700823784,-0.162024513,-1.908618212,0.028366800,-0.055252023,-1.908618212,ros2_odometer_state
M19C_S1_lab_hard_floor_B3_U050_R3,1239.696667524,2.081672543,idle,0.500000,-4.700823784,-0.162024513,-1.908618212,0.028366800,-0.055252023,-1.908618212,ros2_odometer_state
M19C_S1_lab_hard_floor_B3_U050_R3,1239.697737352,2.082742371,idle,0.500000,-4.700823784,-0.162024513,-1.908618212,0.028366290,-0.055251326,-1.908618212,ros2_odometer_state
M19C_S1_lab_hard_floor_B3_U050_R3,1239.698587557,2.083592576,idle,0.500000,-4.700823784,-0.162024513,-1.908618212,0.028366290,-0.055251326,-1.908618212,ros2_odometer_state
M19C_S1_lab_hard_floor_B3_U050_R3,1239.699522309,2.084527328,idle,0.500000,-4.700823784,-0.162024513,-1.908618212,0.028366508,-0.055253737,-1.908618212,ros2_odometer_state
M19C_S1_lab_hard_floor_B3_U050_R3,1239.700394306,2.085399325,idle,0.500000,-4.700823784,-0.162024513,-1.908618212,0.028366508,-0.055253737,-1.908618212,ros2_odometer_state
M19C_S1_lab_hard_floor_B3_U050_R3,1239.701304513,2.086309532,idle,0.500000,-4.700823784,-0.162024513,-1.908618212,0.028366508,-0.055253737,-1.908618212,ros2_odometer_state
M19C_S1_lab_hard_floor_B3_U050_R3,1239.702620269,2.087625288,idle,0.500000,-4.700823784,-0.162024513,-1.908618212,0.028366664,-0.055255540,-1.908618093,ros2_odometer_state
M19C_S1_lab_hard_floor_B3_U050_R3,1239.704396137,2.089401156,idle,0.500000,-4.700823784,-0.162024513,-1.908618212,0.028366664,-0.055255540,-1.908618093,ros2_odometer_state
M19C_S1_lab_hard_floor_B3_U050_R3,1239.706517328,2.091522347,idle,0.500000,-4.700823784,-0.162024513,-1.908618212,0.028365726,-0.055256654,-1.908618212,ros2_odometer_state
M19C_S1_lab_hard_floor_B3_U050_R3,1239.711403317,2.096408336,idle,0.500000,-4.701427460,-0.161812410,-1.908618212,0.028365726,-0.055256654,-1.908618212,ros2_odometer_state
M19C_S1_lab_hard_floor_B3_U050_R3,1239.722985019,2.107990038,idle,0.500000,-4.701427460,-0.161812410,-1.908618212,0.028365726,-0.055256654,-1.908618212,ros2_odometer_state
M19C_S1_lab_hard_floor_B3_U050_R3,1239.728493908,2.113498927,idle,0.500000,-4.701427460,-0.161812410,-1.908618212,0.028366834,-0.055257905,-1.908618093,ros2_odometer_state
M19C_S1_lab_hard_floor_B3_U050_R3,1239.736750762,2.121755781,idle,0.500000,-4.701427460,-0.161812410,-1.908618212,0.028366834,-0.055257905,-1.908618093,ros2_odometer_state
M19C_S1_lab_hard_floor_B3_U050_R3,1239.742855352,2.127860371,idle,0.500000,-4.701427460,-0.161812410,-1.908618212,0.028368412,-0.055256445,-1.908617854,ros2_odometer_state
M19C_S1_lab_hard_floor_B3_U050_R3,1239.755990162,2.140995181,idle,0.500000,-4.701427460,-0.161812410,-1.908618212,0.028368412,-0.055256445,-1.908617854,ros2_odometer_state
M19C_S1_lab_hard_floor_B3_U050_R3,1239.762317736,2.147322755,idle,0.500000,-4.701427460,-0.161812410,-1.908618212,0.028365433,-0.055261098,-1.908617854,ros2_odometer_state
M19C_S1_lab_hard_floor_B3_U050_R3,1239.766877057,2.151882076,idle,0.500000,-4.701427460,-0.161812410,-1.908618212,0.028365515,-0.055262398,-1.908617854,ros2_odometer_state
M19C_S1_lab_hard_floor_B3_U050_R3,1239.774759595,2.159764614,idle,0.500000,-4.701427460,-0.161812410,-1.908618212,0.028365448,-0.055261854,-1.908617854,ros2_odometer_state
M19C_S1_lab_hard_floor_B3_U050_R3,1239.779172351,2.164177370,idle,0.500000,-4.701427460,-0.161812410,-1.908618212,0.028362993,-0.055263840,-1.908617854,ros2_odometer_state
M19C_S1_lab_hard_floor_B3_U050_R3,1239.790899882,2.175904901,idle,0.500000,-4.702020168,-0.161604002,-1.908617854,0.028362289,-0.055264428,-1.908617854,ros2_odometer_state
M19C_S1_lab_hard_floor_B3_U050_R3,1239.793947473,2.178952492,idle,0.500000,-4.702020168,-0.161604002,-1.908617854,0.028361887,-0.055265792,-1.908617854,ros2_odometer_state
M19C_S1_lab_hard_floor_B3_U050_R3,1239.796797905,2.181802924,idle,0.500000,-4.702020168,-0.161604002,-1.908617854,0.028362913,-0.055265225,-1.908617854,ros2_odometer_state
M19C_S1_lab_hard_floor_B3_U050_R3,1239.799145504,2.184150523,idle,0.500000,-4.702020168,-0.161604002,-1.908617854,0.028362913,-0.055265225,-1.908617854,ros2_odometer_state
M19C_S1_lab_hard_floor_B3_U050_R3,1239.802161157,2.187166176,idle,0.500000,-4.702020168,-0.161604002,-1.908617854,0.028361363,-0.055266157,-1.908617854,ros2_odometer_state
M19C_S1_lab_hard_floor_B3_U050_R3,1239.804603960,2.189608979,idle,0.500000,-4.702020168,-0.161604002,-1.908617854,0.028361363,-0.055266157,-1.908617854,ros2_odometer_state
M19C_S1_lab_hard_floor_B3_U050_R3,1239.806938502,2.191943521,idle,0.500000,-4.702020168,-0.161604002,-1.908617854,0.028360032,-0.055267759,-1.908617854,ros2_odometer_state
M19C_S1_lab_hard_floor_B3_U050_R3,1239.809509949,2.194514968,idle,0.500000,-4.702020168,-0.161604002,-1.908617854,0.028360032,-0.055267759,-1.908617854,ros2_odometer_state
M19C_S1_lab_hard_floor_B3_U050_R3,1239.814255837,2.199260856,idle,0.500000,-4.702020168,-0.161604002,-1.908617854,0.028360032,-0.055267759,-1.908617854,ros2_odometer_state
M19C_S1_lab_hard_floor_B3_U050_R3,1239.815680301,2.200685320,idle,0.500000,-4.702020168,-0.161604002,-1.908617854,0.028359765,-0.055267062,-1.908617854,ros2_odometer_state
M19C_S1_lab_hard_floor_B3_U050_R3,1239.820942462,2.205947481,idle,0.500000,-4.702626705,-0.161390871,-1.908617854,0.028359765,-0.055267062,-1.908617854,ros2_odometer_state
M19C_S1_lab_hard_floor_B3_U050_R3,1239.822564085,2.207569104,idle,0.500000,-4.702626705,-0.161390871,-1.908617854,0.028359162,-0.055269670,-1.908617735,ros2_odometer_state
M19C_S1_lab_hard_floor_B3_U050_R3,1239.823988901,2.208993920,idle,0.500000,-4.702626705,-0.161390871,-1.908617854,0.028359162,-0.055269670,-1.908617735,ros2_odometer_state
M19C_S1_lab_hard_floor_B3_U050_R3,1239.824998631,2.210003650,idle,0.500000,-4.702626705,-0.161390871,-1.908617854,0.028359121,-0.055271011,-1.908617735,ros2_odometer_state
M19C_S1_lab_hard_floor_B3_U050_R3,1239.826396630,2.211401649,idle,0.500000,-4.702626705,-0.161390871,-1.908617854,0.028359121,-0.055271011,-1.908617735,ros2_odometer_state
M19C_S1_lab_hard_floor_B3_U050_R3,1239.827599422,2.212604441,idle,0.500000,-4.702626705,-0.161390871,-1.908617854,0.028359121,-0.055271011,-1.908617735,ros2_odometer_state
M19C_S1_lab_hard_floor_B3_U050_R3,1239.828633953,2.213638972,idle,0.500000,-4.702626705,-0.161390871,-1.908617854,0.028358575,-0.055270918,-1.908617735,ros2_odometer_state
M19C_S1_lab_hard_floor_B3_U050_R3,1239.829761479,2.214766498,idle,0.500000,-4.702626705,-0.161390871,-1.908617854,0.028358575,-0.055270918,-1.908617735,ros2_odometer_state
M19C_S1_lab_hard_floor_B3_U050_R3,1239.830852940,2.215857959,idle,0.500000,-4.702626705,-0.161390871,-1.908617854,0.028359339,-0.055271022,-1.908617735,ros2_odometer_state
M19C_S1_lab_hard_floor_B3_U050_R3,1239.832079029,2.217084048,idle,0.500000,-4.702626705,-0.161390871,-1.908617854,0.028359339,-0.055271022,-1.908617735,ros2_odometer_state
M19C_S1_lab_hard_floor_B3_U050_R3,1239.833155481,2.218160500,idle,0.500000,-4.703233242,-0.161177635,-1.908617854,0.028359339,-0.055271022,-1.908617735,ros2_odometer_state
M19C_S1_lab_hard_floor_B3_U050_R3,1239.834362178,2.219367197,idle,0.500000,-4.703233242,-0.161177635,-1.908617854,0.028357798,-0.055272672,-1.908617735,ros2_odometer_state
M19C_S1_lab_hard_floor_B3_U050_R3,1239.835505833,2.220510852,idle,0.500000,-4.703233242,-0.161177635,-1.908617854,0.028357798,-0.055272672,-1.908617735,ros2_odometer_state
M19C_S1_lab_hard_floor_B3_U050_R3,1239.836520587,2.221525606,idle,0.500000,-4.703233242,-0.161177635,-1.908617854,0.028357074,-0.055272613,-1.908617735,ros2_odometer_state
M19C_S1_lab_hard_floor_B3_U050_R3,1239.837657969,2.222662988,idle,0.500000,-4.703233242,-0.161177635,-1.908617854,0.028357074,-0.055272613,-1.908617735,ros2_odometer_state
M19C_S1_lab_hard_floor_B3_U050_R3,1239.838639314,2.223644333,idle,0.500000,-4.703233242,-0.161177635,-1.908617854,0.028357074,-0.055272613,-1.908617735,ros2_odometer_state
M19C_S1_lab_hard_floor_B3_U050_R3,1239.840095683,2.225100702,idle,0.500000,-4.703233242,-0.161177635,-1.908617854,0.028355010,-0.055271544,-1.908617854,ros2_odometer_state
M19C_S1_lab_hard_floor_B3_U050_R3,1239.841086757,2.226091776,idle,0.500000,-4.703233242,-0.161177635,-1.908617854,0.028355010,-0.055271544,-1.908617854,ros2_odometer_state
M19C_S1_lab_hard_floor_B3_U050_R3,1239.842375120,2.227380139,idle,0.500000,-4.703233242,-0.161177635,-1.908617854,0.028353823,-0.055270962,-1.908617854,ros2_odometer_state
M19C_S1_lab_hard_floor_B3_U050_R3,1239.843541207,2.228546226,idle,0.500000,-4.703233242,-0.161177635,-1.908617854,0.028353823,-0.055270962,-1.908617854,ros2_odometer_state
M19C_S1_lab_hard_floor_B3_U050_R3,1239.844580762,2.229585781,idle,0.500000,-4.703835487,-0.160965994,-1.908617854,0.028353823,-0.055270962,-1.908617854,ros2_odometer_state
M19C_S1_lab_hard_floor_B3_U050_R3,1239.845748322,2.230753341,idle,0.500000,-4.703835487,-0.160965994,-1.908617854,0.028352719,-0.055271130,-1.908617854,ros2_odometer_state
M19C_S1_lab_hard_floor_B3_U050_R3,1239.846704130,2.231709149,idle,0.500000,-4.703835487,-0.160965994,-1.908617854,0.028352719,-0.055271130,-1.908617854,ros2_odometer_state
M19C_S1_lab_hard_floor_B3_U050_R3,1239.847922059,2.232927078,idle,0.500000,-4.703835487,-0.160965994,-1.908617854,0.028352698,-0.055275526,-1.908617735,ros2_odometer_state
M19C_S1_lab_hard_floor_B3_U050_R3,1239.848916268,2.233921287,idle,0.500000,-4.703835487,-0.160965994,-1.908617854,0.028352698,-0.055275526,-1.908617735,ros2_odometer_state
M19C_S1_lab_hard_floor_B3_U050_R3,1239.850114293,2.235119312,idle,0.500000,-4.703835487,-0.160965994,-1.908617854,0.028352698,-0.055275526,-1.908617735,ros2_odometer_state
M19C_S1_lab_hard_floor_B3_U050_R3,1239.854650125,2.239655144,idle,0.500000,-4.703835487,-0.160965994,-1.908617854,0.028349644,-0.055278674,-1.908617735,ros2_odometer_state
M19C_S1_lab_hard_floor_B3_U050_R3,1239.856241507,2.241246526,idle,0.500000,-4.703835487,-0.160965994,-1.908617854,0.028349644,-0.055278674,-1.908617735,ros2_odometer_state
M19C_S1_lab_hard_floor_B3_U050_R3,1239.857340104,2.242345123,idle,0.500000,-4.703835487,-0.160965994,-1.908617854,0.028346792,-0.055280209,-1.908617616,ros2_odometer_state
M19C_S1_lab_hard_floor_B3_U050_R3,1239.858649396,2.243654415,idle,0.500000,-4.703835487,-0.160965994,-1.908617854,0.028346792,-0.055280209,-1.908617616,ros2_odometer_state
M19C_S1_lab_hard_floor_B3_U050_R3,1239.860086500,2.245091519,idle,0.500000,-4.704451084,-0.160749629,-1.908617735,0.028346792,-0.055280209,-1.908617616,ros2_odometer_state
M19C_S1_lab_hard_floor_B3_U050_R3,1239.861374064,2.246379083,idle,0.500000,-4.704451084,-0.160749629,-1.908617735,0.028348120,-0.055280473,-1.908617616,ros2_odometer_state
M19C_S1_lab_hard_floor_B3_U050_R3,1239.862909988,2.247915007,idle,0.500000,-4.704451084,-0.160749629,-1.908617735,0.028348120,-0.055280473,-1.908617616,ros2_odometer_state
M19C_S1_lab_hard_floor_B3_U050_R3,1239.864487449,2.249492468,idle,0.500000,-4.704451084,-0.160749629,-1.908617735,0.028347515,-0.055282276,-1.908617496,ros2_odometer_state
M19C_S1_lab_hard_floor_B3_U050_R3,1239.865973451,2.250978470,idle,0.500000,-4.704451084,-0.160749629,-1.908617735,0.028347515,-0.055282276,-1.908617496,ros2_odometer_state
M19C_S1_lab_hard_floor_B3_U050_R3,1239.867470909,2.252475928,idle,0.500000,-4.704451084,-0.160749629,-1.908617735,0.028347515,-0.055282276,-1.908617496,ros2_odometer_state
M19C_S1_lab_hard_floor_B3_U050_R3,1239.868828939,2.253833958,idle,0.500000,-4.704451084,-0.160749629,-1.908617735,0.028348867,-0.055285320,-1.908617377,ros2_odometer_state
M19C_S1_lab_hard_floor_B3_U050_R3,1239.869800684,2.254805703,idle,0.500000,-4.704451084,-0.160749629,-1.908617735,0.028348867,-0.055285320,-1.908617377,ros2_odometer_state
M19C_S1_lab_hard_floor_B3_U050_R3,1239.870912785,2.255917804,idle,0.500000,-4.704451084,-0.160749629,-1.908617735,0.028347908,-0.055285126,-1.908617377,ros2_odometer_state
M19C_S1_lab_hard_floor_B3_U050_R3,1239.871993653,2.256998672,idle,0.500000,-4.704451084,-0.160749629,-1.908617735,0.028347908,-0.055285126,-1.908617377,ros2_odometer_state
M19C_S1_lab_hard_floor_B3_U050_R3,1239.873184030,2.258189049,idle,0.500000,-4.705070496,-0.160531983,-1.908617854,0.028347908,-0.055285126,-1.908617377,ros2_odometer_state
M19C_S1_lab_hard_floor_B3_U050_R3,1239.874206240,2.259211259,idle,0.500000,-4.705070496,-0.160531983,-1.908617854,0.028346390,-0.055285871,-1.908617377,ros2_odometer_state
M19C_S1_lab_hard_floor_B3_U050_R3,1239.875134527,2.260139546,idle,0.500000,-4.705070496,-0.160531983,-1.908617854,0.028346390,-0.055285871,-1.908617377,ros2_odometer_state
M19C_S1_lab_hard_floor_B3_U050_R3,1239.876304679,2.261309698,idle,0.500000,-4.705070496,-0.160531983,-1.908617854,0.028345769,-0.055288374,-1.908617258,ros2_odometer_state
M19C_S1_lab_hard_floor_B3_U050_R3,1239.877404044,2.262409063,idle,0.500000,-4.705070496,-0.160531983,-1.908617854,0.028345769,-0.055288374,-1.908617258,ros2_odometer_state
M19C_S1_lab_hard_floor_B3_U050_R3,1239.878517425,2.263522444,idle,0.500000,-4.705070496,-0.160531983,-1.908617854,0.028345769,-0.055288374,-1.908617258,ros2_odometer_state
M19C_S1_lab_hard_floor_B3_U050_R3,1239.881238125,2.266243144,idle,0.500000,-4.705070496,-0.160531983,-1.908617854,0.028346362,-0.055288061,-1.908617258,ros2_odometer_state
M19C_S1_lab_hard_floor_B3_U050_R3,1239.891396099,2.276401118,idle,0.500000,-4.705070496,-0.160531983,-1.908617854,0.028346362,-0.055288061,-1.908617258,ros2_odometer_state
M19C_S1_lab_hard_floor_B3_U050_R3,1239.896554193,2.281559212,idle,0.500000,-4.705070496,-0.160531983,-1.908617854,0.028346065,-0.055287693,-1.908617258,ros2_odometer_state
M19C_S1_lab_hard_floor_B3_U050_R3,1239.900138185,2.285143204,idle,0.500000,-4.705070496,-0.160531983,-1.908617854,0.028346065,-0.055287693,-1.908617258,ros2_odometer_state
M19C_S1_lab_hard_floor_B3_U050_R3,1239.902705408,2.287710427,idle,0.500000,-4.705689430,-0.160314411,-1.908617616,0.028346065,-0.055287693,-1.908617258,ros2_odometer_state
M19C_S1_lab_hard_floor_B3_U050_R3,1239.905135346,2.290140365,idle,0.500000,-4.705689430,-0.160314411,-1.908617616,0.028346742,-0.055290699,-1.908617139,ros2_odometer_state
M19C_S1_lab_hard_floor_B3_U050_R3,1239.907080979,2.292085998,idle,0.500000,-4.705689430,-0.160314411,-1.908617616,0.028346742,-0.055290699,-1.908617139,ros2_odometer_state
M19C_S1_lab_hard_floor_B3_U050_R3,1239.908159736,2.293164755,idle,0.500000,-4.705689430,-0.160314411,-1.908617616,0.028343029,-0.055291463,-1.908617139,ros2_odometer_state
M19C_S1_lab_hard_floor_B3_U050_R3,1239.910533640,2.295538659,idle,0.500000,-4.705689430,-0.160314411,-1.908617616,0.028343029,-0.055291463,-1.908617139,ros2_odometer_state
M19C_S1_lab_hard_floor_B3_U050_R3,1239.912662639,2.297667658,idle,0.500000,-4.705689430,-0.160314411,-1.908617616,0.028343029,-0.055291463,-1.908617139,ros2_odometer_state
M19C_S1_lab_hard_floor_B3_U050_R3,1239.913655729,2.298660748,idle,0.500000,-4.705689430,-0.160314411,-1.908617616,0.028343553,-0.055291731,-1.908617139,ros2_odometer_state
M19C_S1_lab_hard_floor_B3_U050_R3,1239.914549071,2.299554090,idle,0.500000,-4.705689430,-0.160314411,-1.908617616,0.028343553,-0.055291731,-1.908617139,ros2_odometer_state
M19C_S1_lab_hard_floor_B3_U050_R3,1239.915493839,2.300498858,idle,0.500000,-4.705689430,-0.160314411,-1.908617616,0.028343212,-0.055293947,-1.908617139,ros2_odometer_state
M19C_S1_lab_hard_floor_B3_U050_R3,1239.916380236,2.301385255,idle,0.500000,-4.705689430,-0.160314411,-1.908617616,0.028343212,-0.055293947,-1.908617139,ros2_odometer_state
M19C_S1_lab_hard_floor_B3_U050_R3,1239.917216105,2.302221124,idle,0.500000,-4.706300735,-0.160099417,-1.908617377,0.028341979,-0.055295181,-1.908617139,ros2_odometer_state
M19C_S1_lab_hard_floor_B3_U050_R3,1239.918061125,2.303066144,idle,0.500000,-4.706300735,-0.160099417,-1.908617377,0.028341979,-0.055295181,-1.908617139,ros2_odometer_state
M19C_S1_lab_hard_floor_B3_U050_R3,1239.918883585,2.303888604,idle,0.500000,-4.706300735,-0.160099417,-1.908617377,0.028341979,-0.055295181,-1.908617139,ros2_odometer_state
M19C_S1_lab_hard_floor_B3_U050_R3,1239.919718045,2.304723064,idle,0.500000,-4.706300735,-0.160099417,-1.908617377,0.028340461,-0.055296067,-1.908617139,ros2_odometer_state
M19C_S1_lab_hard_floor_B3_U050_R3,1239.923587423,2.308592442,idle,0.500000,-4.706300735,-0.160099417,-1.908617377,0.028340461,-0.055296067,-1.908617139,ros2_odometer_state
M19C_S1_lab_hard_floor_B3_U050_R3,1239.924552640,2.309557659,idle,0.500000,-4.706300735,-0.160099417,-1.908617377,0.028340461,-0.055296067,-1.908617139,ros2_odometer_state
M19C_S1_lab_hard_floor_B3_U050_R3,1239.925387068,2.310392087,idle,0.500000,-4.706300735,-0.160099417,-1.908617377,0.028341895,-0.055298548,-1.908617020,ros2_odometer_state
M19C_S1_lab_hard_floor_B3_U050_R3,1239.926251673,2.311256692,idle,0.500000,-4.706300735,-0.160099417,-1.908617377,0.028339339,-0.055300627,-1.908616900,ros2_odometer_state
M19C_S1_lab_hard_floor_B3_U050_R3,1239.927065620,2.312070639,idle,0.500000,-4.706300735,-0.160099417,-1.908617377,0.028339339,-0.055300627,-1.908616900,ros2_odometer_state
M19C_S1_lab_hard_floor_B3_U050_R3,1239.927883152,2.312888171,idle,0.500000,-4.706300735,-0.160099417,-1.908617377,0.028339339,-0.055300627,-1.908616900,ros2_odometer_state
M19C_S1_lab_hard_floor_B3_U050_R3,1239.928764558,2.313769577,idle,0.500000,-4.706908703,-0.159885883,-1.908617258,0.028338775,-0.055301286,-1.908616900,ros2_odometer_state
M19C_S1_lab_hard_floor_B3_U050_R3,1239.929578665,2.314583684,idle,0.500000,-4.706908703,-0.159885883,-1.908617258,0.028338775,-0.055301286,-1.908616900,ros2_odometer_state
M19C_S1_lab_hard_floor_B3_U050_R3,1239.930419429,2.315424448,idle,0.500000,-4.706908703,-0.159885883,-1.908617258,0.028339421,-0.055301819,-1.908616900,ros2_odometer_state
M19C_S1_lab_hard_floor_B3_U050_R3,1239.931252225,2.316257244,idle,0.500000,-4.706908703,-0.159885883,-1.908617258,0.028339421,-0.055301819,-1.908616900,ros2_odometer_state
M19C_S1_lab_hard_floor_B3_U050_R3,1239.932102686,2.317107705,idle,0.500000,-4.706908703,-0.159885883,-1.908617258,0.028339421,-0.055301819,-1.908616900,ros2_odometer_state
M19C_S1_lab_hard_floor_B3_U050_R3,1239.932920089,2.317925108,idle,0.500000,-4.706908703,-0.159885883,-1.908617258,0.028338736,-0.055301618,-1.908616900,ros2_odometer_state
M19C_S1_lab_hard_floor_B3_U050_R3,1239.933839576,2.318844595,idle,0.500000,-4.706908703,-0.159885883,-1.908617258,0.028338736,-0.055301618,-1.908616900,ros2_odometer_state
M19C_S1_lab_hard_floor_B3_U050_R3,1239.935140132,2.320145151,idle,0.500000,-4.706908703,-0.159885883,-1.908617258,0.028339354,-0.055301197,-1.908616900,ros2_odometer_state
M19C_S1_lab_hard_floor_B3_U050_R3,1239.935625877,2.320630896,idle,0.500000,-4.706908703,-0.159885883,-1.908617258,0.028339354,-0.055301197,-1.908616900,ros2_odometer_state
M19C_S1_lab_hard_floor_B3_U050_R3,1239.936385678,2.321390697,idle,0.500000,-4.706908703,-0.159885883,-1.908617258,0.028339354,-0.055301197,-1.908616900,ros2_odometer_state
M19C_S1_lab_hard_floor_B3_U050_R3,1239.937388080,2.322393099,idle,0.500000,-4.707518101,-0.159671590,-1.908617139,0.028339354,-0.055301197,-1.908616900,ros2_odometer_state
M19C_S1_lab_hard_floor_B3_U050_R3,1239.937704123,2.322709142,idle,0.500000,-4.707518101,-0.159671590,-1.908617139,0.028339354,-0.055301197,-1.908616900,ros2_odometer_state
M19C_S1_lab_hard_floor_B3_U050_R3,1239.938561335,2.323566354,idle,0.500000,-4.707518101,-0.159671590,-1.908617139,0.028339354,-0.055301197,-1.908616900,ros2_odometer_state
M19C_S1_lab_hard_floor_B3_U050_R3,1239.938835201,2.323840220,idle,0.500000,-4.707518101,-0.159671590,-1.908617139,0.028339354,-0.055301197,-1.908616900,ros2_odometer_state
M19C_S1_lab_hard_floor_B3_U050_R3,1239.939098538,2.324103557,idle,0.500000,-4.707518101,-0.159671590,-1.908617139,0.028339354,-0.055301197,-1.908616900,ros2_odometer_state
M19C_S1_lab_hard_floor_B3_U050_R3,1239.939381395,2.324386414,idle,0.500000,-4.707518101,-0.159671590,-1.908617139,0.028339354,-0.055301197,-1.908616900,ros2_odometer_state
M19C_S1_lab_hard_floor_B3_U050_R3,1239.939652124,2.324657143,idle,0.500000,-4.707518101,-0.159671590,-1.908617139,0.028339354,-0.055301197,-1.908616900,ros2_odometer_state
M19C_S1_lab_hard_floor_B3_U050_R3,1239.940571483,2.325576502,idle,0.500000,-4.707518101,-0.159671590,-1.908617139,0.028339855,-0.055301182,-1.908616900,ros2_odometer_state
M19C_S1_lab_hard_floor_B3_U050_R3,1239.940837828,2.325842847,idle,0.500000,-4.707518101,-0.159671590,-1.908617139,0.028339855,-0.055301182,-1.908616900,ros2_odometer_state
M19C_S1_lab_hard_floor_B3_U050_R3,1239.941097101,2.326102120,idle,0.500000,-4.707518101,-0.159671590,-1.908617139,0.028339855,-0.055301182,-1.908616900,ros2_odometer_state
M19C_S1_lab_hard_floor_B3_U050_R3,1239.941352790,2.326357809,idle,0.500000,-4.708126068,-0.159457833,-1.908616900,0.028339855,-0.055301182,-1.908616900,ros2_odometer_state
M19C_S1_lab_hard_floor_B3_U050_R3,1239.941650720,2.326655739,idle,0.500000,-4.708126068,-0.159457833,-1.908616900,0.028339855,-0.055301182,-1.908616900,ros2_odometer_state
M19C_S1_lab_hard_floor_B3_U050_R3,1239.941931561,2.326936580,idle,0.500000,-4.708126068,-0.159457833,-1.908616900,0.028339855,-0.055301182,-1.908616900,ros2_odometer_state
M19C_S1_lab_hard_floor_B3_U050_R3,1239.942767653,2.327772672,idle,0.500000,-4.708126068,-0.159457833,-1.908616900,0.028339855,-0.055301182,-1.908616900,ros2_odometer_state
M19C_S1_lab_hard_floor_B3_U050_R3,1239.943031886,2.328036905,idle,0.500000,-4.708126068,-0.159457833,-1.908616900,0.028339855,-0.055301182,-1.908616900,ros2_odometer_state
M19C_S1_lab_hard_floor_B3_U050_R3,1239.943289911,2.328294930,idle,0.500000,-4.708126068,-0.159457833,-1.908616900,0.028339855,-0.055301182,-1.908616900,ros2_odometer_state
M19C_S1_lab_hard_floor_B3_U050_R3,1239.943553568,2.328558587,idle,0.500000,-4.708126068,-0.159457833,-1.908616900,0.028339855,-0.055301182,-1.908616900,ros2_odometer_state
M19C_S1_lab_hard_floor_B3_U050_R3,1239.947312286,2.332317305,idle,0.500000,-4.708126068,-0.159457833,-1.908616900,0.028338118,-0.055301666,-1.908616900,ros2_odometer_state
M19C_S1_lab_hard_floor_B3_U050_R3,1239.948302368,2.333307387,idle,0.500000,-4.708126068,-0.159457833,-1.908616900,0.028338118,-0.055301666,-1.908616900,ros2_odometer_state
M19C_S1_lab_hard_floor_B3_U050_R3,1239.949159356,2.334164375,idle,0.500000,-4.708126068,-0.159457833,-1.908616900,0.028338118,-0.055301666,-1.908616900,ros2_odometer_state
M19C_S1_lab_hard_floor_B3_U050_R3,1239.949438118,2.334443137,idle,0.500000,-4.708729744,-0.159245744,-1.908616900,0.028338118,-0.055301666,-1.908616900,ros2_odometer_state
M19C_S1_lab_hard_floor_B3_U050_R3,1239.949711375,2.334716394,idle,0.500000,-4.708729744,-0.159245744,-1.908616900,0.028338118,-0.055301666,-1.908616900,ros2_odometer_state
M19C_S1_lab_hard_floor_B3_U050_R3,1239.949977368,2.334982387,idle,0.500000,-4.708729744,-0.159245744,-1.908616900,0.028338118,-0.055301666,-1.908616900,ros2_odometer_state
M19C_S1_lab_hard_floor_B3_U050_R3,1239.950247041,2.335252060,idle,0.500000,-4.708729744,-0.159245744,-1.908616900,0.028338118,-0.055301666,-1.908616900,ros2_odometer_state
M19C_S1_lab_hard_floor_B3_U050_R3,1239.951114654,2.336119673,idle,0.500000,-4.708729744,-0.159245744,-1.908616900,0.028338430,-0.055302095,-1.908616900,ros2_odometer_state
M19C_S1_lab_hard_floor_B3_U050_R3,1239.951836055,2.336841074,idle,0.500000,-4.708729744,-0.159245744,-1.908616900,0.028338430,-0.055302095,-1.908616900,ros2_odometer_state
M19C_S1_lab_hard_floor_B3_U050_R3,1239.954583219,2.339588238,idle,0.500000,-4.708729744,-0.159245744,-1.908616900,0.028339444,-0.055302914,-1.908616900,ros2_odometer_state
M19C_S1_lab_hard_floor_B3_U050_R3,1239.961002443,2.346007462,idle,0.500000,-4.708729744,-0.159245744,-1.908616900,0.028339444,-0.055302914,-1.908616900,ros2_odometer_state
M19C_S1_lab_hard_floor_B3_U050_R3,1239.962427067,2.347432086,idle,0.500000,-4.708729744,-0.159245744,-1.908616900,0.028339444,-0.055302914,-1.908616900,ros2_odometer_state
M19C_S1_lab_hard_floor_B3_U050_R3,1239.963508672,2.348513691,idle,0.500000,-4.708729744,-0.159245744,-1.908616900,0.028338518,-0.055304568,-1.908616900,ros2_odometer_state
M19C_S1_lab_hard_floor_B3_U050_R3,1239.964705640,2.349710659,idle,0.500000,-4.709340096,-0.159031123,-1.908616900,0.028338518,-0.055304568,-1.908616900,ros2_odometer_state
M19C_S1_lab_hard_floor_B3_U050_R3,1239.965879120,2.350884139,idle,0.500000,-4.709340096,-0.159031123,-1.908616900,0.028337788,-0.055304896,-1.908616900,ros2_odometer_state
M19C_S1_lab_hard_floor_B3_U050_R3,1239.966904178,2.351909197,idle,0.500000,-4.709340096,-0.159031123,-1.908616900,0.028337788,-0.055304896,-1.908616900,ros2_odometer_state
M19C_S1_lab_hard_floor_B3_U050_R3,1239.968431078,2.353436097,idle,0.500000,-4.709340096,-0.159031123,-1.908616900,0.028337788,-0.055304896,-1.908616900,ros2_odometer_state
M19C_S1_lab_hard_floor_B3_U050_R3,1239.970993244,2.355998263,idle,0.500000,-4.709340096,-0.159031123,-1.908616900,0.028336745,-0.055304434,-1.908616900,ros2_odometer_state
M19C_S1_lab_hard_floor_B3_U050_R3,1239.972083105,2.357088124,idle,0.500000,-4.709340096,-0.159031123,-1.908616900,0.028336745,-0.055304434,-1.908616900,ros2_odometer_state
M19C_S1_lab_hard_floor_B3_U050_R3,1239.974509714,2.359514733,idle,0.500000,-4.709340096,-0.159031123,-1.908616900,0.028336793,-0.055306375,-1.908616900,ros2_odometer_state
M19C_S1_lab_hard_floor_B3_U050_R3,1239.976504597,2.361509616,idle,0.500000,-4.709340096,-0.159031123,-1.908616900,0.028336793,-0.055306375,-1.908616900,ros2_odometer_state
M19C_S1_lab_hard_floor_B3_U050_R3,1239.978510649,2.363515668,idle,0.500000,-4.709340096,-0.159031123,-1.908616900,0.028336793,-0.055306375,-1.908616900,ros2_odometer_state
M19C_S1_lab_hard_floor_B3_U050_R3,1239.980594687,2.365599706,idle,0.500000,-4.709340096,-0.159031123,-1.908616900,0.028336585,-0.055307679,-1.908616900,ros2_odometer_state
M19C_S1_lab_hard_floor_B3_U050_R3,1239.982604099,2.367609118,idle,0.500000,-4.709945679,-0.158818364,-1.908616900,0.028336585,-0.055307679,-1.908616900,ros2_odometer_state
M19C_S1_lab_hard_floor_B3_U050_R3,1239.984414176,2.369419195,idle,0.500000,-4.709945679,-0.158818364,-1.908616900,0.028337762,-0.055306587,-1.908616900,ros2_odometer_state
M19C_S1_lab_hard_floor_B3_U050_R3,1239.986680620,2.371685639,idle,0.500000,-4.709945679,-0.158818364,-1.908616900,0.028337762,-0.055306587,-1.908616900,ros2_odometer_state
M19C_S1_lab_hard_floor_B3_U050_R3,1239.988460328,2.373465347,idle,0.500000,-4.709945679,-0.158818364,-1.908616900,0.028337762,-0.055306587,-1.908616900,ros2_odometer_state
M19C_S1_lab_hard_floor_B3_U050_R3,1239.990992445,2.375997464,idle,0.500000,-4.709945679,-0.158818364,-1.908616900,0.028337268,-0.055307586,-1.908616900,ros2_odometer_state
M19C_S1_lab_hard_floor_B3_U050_R3,1239.992405933,2.377410952,idle,0.500000,-4.709945679,-0.158818364,-1.908616900,0.028337268,-0.055307586,-1.908616900,ros2_odometer_state
M19C_S1_lab_hard_floor_B3_U050_R3,1239.994388976,2.379393995,idle,0.500000,-4.709945679,-0.158818364,-1.908616900,0.028335761,-0.055308774,-1.908616900,ros2_odometer_state
M19C_S1_lab_hard_floor_B3_U050_R3,1239.996392147,2.381397166,idle,0.500000,-4.709945679,-0.158818364,-1.908616900,0.028335761,-0.055308774,-1.908616900,ros2_odometer_state
M19C_S1_lab_hard_floor_B3_U050_R3,1239.998599614,2.383604633,idle,0.500000,-4.709945679,-0.158818364,-1.908616900,0.028335761,-0.055308774,-1.908616900,ros2_odometer_state
M19C_S1_lab_hard_floor_B3_U050_R3,1240.000486493,2.385491512,idle,0.500000,-4.709945679,-0.158818364,-1.908616900,0.028336581,-0.055310052,-1.908616900,ros2_odometer_state
M19C_S1_lab_hard_floor_B3_U050_R3,1240.003042707,2.388047726,idle,0.500000,-4.710556984,-0.158603445,-1.908616900,0.028336581,-0.055310052,-1.908616900,ros2_odometer_state
M19C_S1_lab_hard_floor_B3_U050_R3,1240.004637577,2.389642596,idle,0.500000,-4.710556984,-0.158603445,-1.908616900,0.028334722,-0.055311520,-1.908616662,ros2_odometer_state
M19C_S1_lab_hard_floor_B3_U050_R3,1240.006401444,2.391406463,idle,0.500000,-4.710556984,-0.158603445,-1.908616900,0.028334722,-0.055311520,-1.908616662,ros2_odometer_state
M19C_S1_lab_hard_floor_B3_U050_R3,1240.009086815,2.394091834,idle,0.500000,-4.710556984,-0.158603445,-1.908616900,0.028334722,-0.055311520,-1.908616662,ros2_odometer_state
M19C_S1_lab_hard_floor_B3_U050_R3,1240.012964897,2.397969916,idle,0.500000,-4.710556984,-0.158603445,-1.908616900,0.028335255,-0.055313554,-1.908616662,ros2_odometer_state
M19C_S1_lab_hard_floor_B3_U050_R3,1240.014388209,2.399393228,idle,0.500000,-4.710556984,-0.158603445,-1.908616900,0.028335255,-0.055313554,-1.908616662,ros2_odometer_state
M19C_S1_lab_hard_floor_B3_U050_R3,1240.016274353,2.401279372,idle,0.500000,-4.710556984,-0.158603445,-1.908616900,0.028333822,-0.055315569,-1.908616662,ros2_odometer_state
M19C_S1_lab_hard_floor_B3_U050_R3,1240.017690913,2.402695932,idle,0.500000,-4.710556984,-0.158603445,-1.908616900,0.028333822,-0.055315569,-1.908616662,ros2_odometer_state
M19C_S1_lab_hard_floor_B3_U050_R3,1240.021033137,2.406038156,idle,0.500000,-4.710556984,-0.158603445,-1.908616900,0.028333822,-0.055315569,-1.908616662,ros2_odometer_state
M19C_S1_lab_hard_floor_B3_U050_R3,1240.029009438,2.414014457,idle,0.500000,-4.710556984,-0.158603445,-1.908616900,0.028335148,-0.055314362,-1.908616662,ros2_odometer_state
M19C_S1_lab_hard_floor_B3_U050_R3,1240.031377550,2.416382569,idle,0.500000,-4.711169720,-0.158388048,-1.908616662,0.028335148,-0.055314362,-1.908616662,ros2_odometer_state
M19C_S1_lab_hard_floor_B3_U050_R3,1240.033445235,2.418450254,idle,0.500000,-4.711169720,-0.158388048,-1.908616662,0.028333211,-0.055316158,-1.908616424,ros2_odometer_state
M19C_S1_lab_hard_floor_B3_U050_R3,1240.036219857,2.421224876,idle,0.500000,-4.711169720,-0.158388048,-1.908616662,0.028333211,-0.055316158,-1.908616424,ros2_odometer_state
M19C_S1_lab_hard_floor_B3_U050_R3,1240.038428891,2.423433910,idle,0.500000,-4.711169720,-0.158388048,-1.908616662,0.028333211,-0.055316158,-1.908616424,ros2_odometer_state
M19C_S1_lab_hard_floor_B3_U050_R3,1240.040670023,2.425675042,idle,0.500000,-4.711169720,-0.158388048,-1.908616662,0.028332232,-0.055315752,-1.908616424,ros2_odometer_state
M19C_S1_lab_hard_floor_B3_U050_R3,1240.044252895,2.429257914,idle,0.500000,-4.711169720,-0.158388048,-1.908616662,0.028332232,-0.055315752,-1.908616424,ros2_odometer_state
M19C_S1_lab_hard_floor_B3_U050_R3,1240.048384202,2.433389221,idle,0.500000,-4.711169720,-0.158388048,-1.908616662,0.028335286,-0.055315625,-1.908616543,ros2_odometer_state
M19C_S1_lab_hard_floor_B3_U050_R3,1240.049426061,2.434431080,idle,0.500000,-4.711169720,-0.158388048,-1.908616662,0.028335286,-0.055315625,-1.908616543,ros2_odometer_state
M19C_S1_lab_hard_floor_B3_U050_R3,1240.050816956,2.435821975,idle,0.500000,-4.711169720,-0.158388048,-1.908616662,0.028335286,-0.055315625,-1.908616543,ros2_odometer_state
M19C_S1_lab_hard_floor_B3_U050_R3,1240.052658906,2.437663925,idle,0.500000,-4.711169720,-0.158388048,-1.908616662,0.028333900,-0.055316187,-1.908616543,ros2_odometer_state
M19C_S1_lab_hard_floor_B3_U050_R3,1240.056804646,2.441809665,idle,0.500000,-4.711777687,-0.158174470,-1.908616543,0.028333900,-0.055316187,-1.908616543,ros2_odometer_state
M19C_S1_lab_hard_floor_B3_U050_R3,1240.061330654,2.446335673,idle,0.500000,-4.711777687,-0.158174470,-1.908616543,0.028333362,-0.055319902,-1.908616424,ros2_odometer_state
M19C_S1_lab_hard_floor_B3_U050_R3,1240.062486277,2.447491296,idle,0.500000,-4.711777687,-0.158174470,-1.908616543,0.028333362,-0.055319902,-1.908616424,ros2_odometer_state
M19C_S1_lab_hard_floor_B3_U050_R3,1240.063406244,2.448411263,idle,0.500000,-4.711777687,-0.158174470,-1.908616543,0.028333362,-0.055319902,-1.908616424,ros2_odometer_state
M19C_S1_lab_hard_floor_B3_U050_R3,1240.064523626,2.449528645,idle,0.500000,-4.711777687,-0.158174470,-1.908616543,0.028333314,-0.055319209,-1.908616424,ros2_odometer_state
M19C_S1_lab_hard_floor_B3_U050_R3,1240.065393607,2.450398626,idle,0.500000,-4.711777687,-0.158174470,-1.908616543,0.028333314,-0.055319209,-1.908616424,ros2_odometer_state
M19C_S1_lab_hard_floor_B3_U050_R3,1240.066378312,2.451383331,idle,0.500000,-4.711777687,-0.158174470,-1.908616543,0.028332591,-0.055316605,-1.908616424,ros2_odometer_state
M19C_S1_lab_hard_floor_B3_U050_R3,1240.067255910,2.452260929,idle,0.500000,-4.711777687,-0.158174470,-1.908616543,0.028332591,-0.055316605,-1.908616424,ros2_odometer_state
M19C_S1_lab_hard_floor_B3_U050_R3,1240.068331882,2.453336901,idle,0.500000,-4.711777687,-0.158174470,-1.908616543,0.028332591,-0.055316605,-1.908616424,ros2_odometer_state
M19C_S1_lab_hard_floor_B3_U050_R3,1240.069310091,2.454315110,idle,0.500000,-4.711777687,-0.158174470,-1.908616543,0.028333705,-0.055317402,-1.908616424,ros2_odometer_state
M19C_S1_lab_hard_floor_B3_U050_R3,1240.070164040,2.455169059,idle,0.500000,-4.712374687,-0.157964632,-1.908616424,0.028333705,-0.055317402,-1.908616424,ros2_odometer_state
M19C_S1_lab_hard_floor_B3_U050_R3,1240.071190698,2.456195717,idle,0.500000,-4.712374687,-0.157964632,-1.908616424,0.028333357,-0.055320494,-1.908616304,ros2_odometer_state
M19C_S1_lab_hard_floor_B3_U050_R3,1240.072214189,2.457219208,idle,0.500000,-4.712374687,-0.157964632,-1.908616424,0.028333357,-0.055320494,-1.908616304,ros2_odometer_state
M19C_S1_lab_hard_floor_B3_U050_R3,1240.073062794,2.458067813,idle,0.500000,-4.712374687,-0.157964632,-1.908616424,0.028333357,-0.055320494,-1.908616304,ros2_odometer_state
M19C_S1_lab_hard_floor_B3_U050_R3,1240.074163279,2.459168298,idle,0.500000,-4.712374687,-0.157964632,-1.908616424,0.028332427,-0.055321027,-1.908616304,ros2_odometer_state
M19C_S1_lab_hard_floor_B3_U050_R3,1240.075076365,2.460081384,idle,0.500000,-4.712374687,-0.157964632,-1.908616424,0.028332427,-0.055321027,-1.908616304,ros2_odometer_state
M19C_S1_lab_hard_floor_B3_U050_R3,1240.076130129,2.461135148,idle,0.500000,-4.712374687,-0.157964632,-1.908616424,0.028333524,-0.055320691,-1.908616304,ros2_odometer_state
M19C_S1_lab_hard_floor_B3_U050_R3,1240.079058707,2.464063726,idle,0.500000,-4.712374687,-0.157964632,-1.908616424,0.028333524,-0.055320691,-1.908616304,ros2_odometer_state
M19C_S1_lab_hard_floor_B3_U050_R3,1240.082481991,2.467487010,idle,0.500000,-4.712374687,-0.157964632,-1.908616424,0.028333524,-0.055320691,-1.908616304,ros2_odometer_state
M19C_S1_lab_hard_floor_B3_U050_R3,1240.088396558,2.473401577,idle,0.500000,-4.712374687,-0.157964632,-1.908616424,0.028333524,-0.055320691,-1.908616304,ros2_odometer_state
M19C_S1_lab_hard_floor_B3_U050_R3,1240.095027821,2.480032840,idle,0.500000,-4.712973595,-0.157754228,-1.908616304,0.028333390,-0.055322748,-1.908616304,ros2_odometer_state
M19C_S1_lab_hard_floor_B3_U050_R3,1240.103367142,2.488372161,idle,0.500000,-4.712973595,-0.157754228,-1.908616304,0.028333390,-0.055322748,-1.908616304,ros2_odometer_state
M19C_S1_lab_hard_floor_B3_U050_R3,1240.108731451,2.493736470,idle,0.500000,-4.712973595,-0.157754228,-1.908616304,0.028331954,-0.055325076,-1.908616185,ros2_odometer_state
M19C_S1_lab_hard_floor_B3_U050_R3,1240.111415029,2.496420048,idle,0.500000,-4.712973595,-0.157754228,-1.908616304,0.028331954,-0.055325076,-1.908616185,ros2_odometer_state
M19C_S1_lab_hard_floor_B3_U050_R3,1240.115828714,2.500833733,command,0.500000,-4.712973595,-0.157754228,-1.908616304,0.028331954,-0.055325076,-1.908616185,ros2_odometer_state
M19C_S1_lab_hard_floor_B3_U050_R3,1240.118085878,2.503090897,command,0.500000,-4.712973595,-0.157754228,-1.908616304,0.028332682,-0.055325087,-1.908616185,ros2_odometer_state
M19C_S1_lab_hard_floor_B3_U050_R3,1240.119480325,2.504485344,command,0.500000,-4.712973595,-0.157754228,-1.908616304,0.028332682,-0.055325087,-1.908616185,ros2_odometer_state
M19C_S1_lab_hard_floor_B3_U050_R3,1240.121602636,2.506607655,command,0.500000,-4.712973595,-0.157754228,-1.908616304,0.028332401,-0.055325374,-1.908616185,ros2_odometer_state
M19C_S1_lab_hard_floor_B3_U050_R3,1240.124446892,2.509451911,command,0.500000,-4.712973595,-0.157754228,-1.908616304,0.028332401,-0.055325374,-1.908616185,ros2_odometer_state
M19C_S1_lab_hard_floor_B3_U050_R3,1240.125601619,2.510606638,command,0.500000,-4.712973595,-0.157754228,-1.908616304,0.028332401,-0.055325374,-1.908616185,ros2_odometer_state
M19C_S1_lab_hard_floor_B3_U050_R3,1240.127944834,2.512949853,command,0.500000,-4.713601112,-0.157533586,-1.908616185,0.028333029,-0.055326100,-1.908616185,ros2_odometer_state
M19C_S1_lab_hard_floor_B3_U050_R3,1240.129540632,2.514545651,command,0.500000,-4.713601112,-0.157533586,-1.908616185,0.028333029,-0.055326100,-1.908616185,ros2_odometer_state
M19C_S1_lab_hard_floor_B3_U050_R3,1240.131089900,2.516094919,command,0.500000,-4.713601112,-0.157533586,-1.908616185,0.028332463,-0.055325814,-1.908616185,ros2_odometer_state
M19C_S1_lab_hard_floor_B3_U050_R3,1240.132693218,2.517698237,command,0.500000,-4.713601112,-0.157533586,-1.908616185,0.028332463,-0.055325814,-1.908616185,ros2_odometer_state
M19C_S1_lab_hard_floor_B3_U050_R3,1240.133640802,2.518645821,command,0.500000,-4.713601112,-0.157533586,-1.908616185,0.028332463,-0.055325814,-1.908616185,ros2_odometer_state
M19C_S1_lab_hard_floor_B3_U050_R3,1240.134833802,2.519838821,command,0.500000,-4.713601112,-0.157533586,-1.908616185,0.028332964,-0.055327032,-1.908616066,ros2_odometer_state
M19C_S1_lab_hard_floor_B3_U050_R3,1240.149535353,2.534540372,command,0.500000,-4.713601112,-0.157533586,-1.908616185,0.028331740,-0.055329423,-1.908616066,ros2_odometer_state
M19C_S1_lab_hard_floor_B3_U050_R3,1240.154223927,2.539228946,command,0.500000,-4.713601112,-0.157533586,-1.908616185,0.028331740,-0.055329423,-1.908616066,ros2_odometer_state
M19C_S1_lab_hard_floor_B3_U050_R3,1240.156526021,2.541531040,command,0.500000,-4.713601112,-0.157533586,-1.908616185,0.028331740,-0.055329423,-1.908616066,ros2_odometer_state
M19C_S1_lab_hard_floor_B3_U050_R3,1240.158372163,2.543377182,command,0.500000,-4.713601112,-0.157533586,-1.908616185,0.028331459,-0.055330765,-1.908616066,ros2_odometer_state
M19C_S1_lab_hard_floor_B3_U050_R3,1240.160400167,2.545405186,command,0.500000,-4.714222431,-0.157315254,-1.908616066,0.028331459,-0.055330765,-1.908616066,ros2_odometer_state
M19C_S1_lab_hard_floor_B3_U050_R3,1240.162545839,2.547550858,command,0.500000,-4.714222431,-0.157315254,-1.908616066,0.028331954,-0.055331394,-1.908616066,ros2_odometer_state
M19C_S1_lab_hard_floor_B3_U050_R3,1240.164029537,2.549034556,command,0.500000,-4.714222431,-0.157315254,-1.908616066,0.028331954,-0.055331394,-1.908616066,ros2_odometer_state
M19C_S1_lab_hard_floor_B3_U050_R3,1240.165495379,2.550500398,command,0.500000,-4.714222431,-0.157315254,-1.908616066,0.028331954,-0.055331394,-1.908616066,ros2_odometer_state
M19C_S1_lab_hard_floor_B3_U050_R3,1240.167317296,2.552322315,command,0.500000,-4.714222431,-0.157315254,-1.908616066,0.028330253,-0.055332065,-1.908616066,ros2_odometer_state
M19C_S1_lab_hard_floor_B3_U050_R3,1240.169078219,2.554083238,command,0.500000,-4.714222431,-0.157315254,-1.908616066,0.028330253,-0.055332065,-1.908616066,ros2_odometer_state
M19C_S1_lab_hard_floor_B3_U050_R3,1240.170290036,2.555295055,command,0.500000,-4.714222431,-0.157315254,-1.908616066,0.028331388,-0.055334091,-1.908615947,ros2_odometer_state
M19C_S1_lab_hard_floor_B3_U050_R3,1240.171535486,2.556540505,command,0.500000,-4.714222431,-0.157315254,-1.908616066,0.028331388,-0.055334091,-1.908615947,ros2_odometer_state
M19C_S1_lab_hard_floor_B3_U050_R3,1240.172956846,2.557961865,command,0.500000,-4.714222431,-0.157315254,-1.908616066,0.028331388,-0.055334091,-1.908615947,ros2_odometer_state
M19C_S1_lab_hard_floor_B3_U050_R3,1240.174217272,2.559222291,command,0.500000,-4.714222431,-0.157315254,-1.908616066,0.028331550,-0.055336837,-1.908615828,ros2_odometer_state
M19C_S1_lab_hard_floor_B3_U050_R3,1240.175202330,2.560207349,command,0.500000,-4.714828968,-0.157102212,-1.908615828,0.028331550,-0.055336837,-1.908615828,ros2_odometer_state
M19C_S1_lab_hard_floor_B3_U050_R3,1240.176538311,2.561543330,command,0.500000,-4.714828968,-0.157102212,-1.908615828,0.028332375,-0.055337321,-1.908615589,ros2_odometer_state
M19C_S1_lab_hard_floor_B3_U050_R3,1240.177472390,2.562477409,command,0.500000,-4.714828968,-0.157102212,-1.908615828,0.028332375,-0.055337321,-1.908615589,ros2_odometer_state
M19C_S1_lab_hard_floor_B3_U050_R3,1240.179116157,2.564121176,command,0.500000,-4.714828968,-0.157102212,-1.908615828,0.028331520,-0.055337343,-1.908615589,ros2_odometer_state
M19C_S1_lab_hard_floor_B3_U050_R3,1240.180296229,2.565301248,command,0.500000,-4.714828968,-0.157102212,-1.908615828,0.028331520,-0.055337343,-1.908615589,ros2_odometer_state
M19C_S1_lab_hard_floor_B3_U050_R3,1240.181175747,2.566180766,command,0.500000,-4.714828968,-0.157102212,-1.908615828,0.028331168,-0.055339187,-1.908615589,ros2_odometer_state
M19C_S1_lab_hard_floor_B3_U050_R3,1240.182203141,2.567208160,command,0.500000,-4.714828968,-0.157102212,-1.908615828,0.028331168,-0.055339187,-1.908615589,ros2_odometer_state
M19C_S1_lab_hard_floor_B3_U050_R3,1240.183386381,2.568391400,command,0.500000,-4.714828968,-0.157102212,-1.908615828,0.028331168,-0.055339187,-1.908615589,ros2_odometer_state
M19C_S1_lab_hard_floor_B3_U050_R3,1240.184638519,2.569643538,command,0.500000,-4.715423584,-0.156893149,-1.908615589,0.028329650,-0.055340935,-1.908615589,ros2_odometer_state
M19C_S1_lab_hard_floor_B3_U050_R3,1240.185534806,2.570539825,command,0.500000,-4.715423584,-0.156893149,-1.908615589,0.028329650,-0.055340935,-1.908615589,ros2_odometer_state
M19C_S1_lab_hard_floor_B3_U050_R3,1240.186595321,2.571600340,command,0.500000,-4.715423584,-0.156893149,-1.908615589,0.028332682,-0.055341221,-1.908615828,ros2_odometer_state
M19C_S1_lab_hard_floor_B3_U050_R3,1240.187440246,2.572445265,command,0.500000,-4.715423584,-0.156893149,-1.908615589,0.028332682,-0.055341221,-1.908615828,ros2_odometer_state
M19C_S1_lab_hard_floor_B3_U050_R3,1240.188570780,2.573575799,command,0.500000,-4.715423584,-0.156893149,-1.908615589,0.028332682,-0.055341221,-1.908615828,ros2_odometer_state
M19C_S1_lab_hard_floor_B3_U050_R3,1240.189435353,2.574440372,command,0.500000,-4.715423584,-0.156893149,-1.908615589,0.028332628,-0.055340867,-1.908615828,ros2_odometer_state
M19C_S1_lab_hard_floor_B3_U050_R3,1240.190252469,2.575257488,command,0.500000,-4.715423584,-0.156893149,-1.908615589,0.028332628,-0.055340867,-1.908615828,ros2_odometer_state
M19C_S1_lab_hard_floor_B3_U050_R3,1240.191312952,2.576317971,command,0.500000,-4.715423584,-0.156893149,-1.908615589,0.028332114,-0.055342101,-1.908615828,ros2_odometer_state
M19C_S1_lab_hard_floor_B3_U050_R3,1240.192406269,2.577411288,command,0.500000,-4.715423584,-0.156893149,-1.908615589,0.028332114,-0.055342101,-1.908615828,ros2_odometer_state
M19C_S1_lab_hard_floor_B3_U050_R3,1240.193265146,2.578270165,command,0.500000,-4.715423584,-0.156893149,-1.908615589,0.028332114,-0.055342101,-1.908615828,ros2_odometer_state
M19C_S1_lab_hard_floor_B3_U050_R3,1240.194275484,2.579280503,command,0.500000,-4.716027260,-0.156681031,-1.908615828,0.028331578,-0.055343971,-1.908615828,ros2_odometer_state
M19C_S1_lab_hard_floor_B3_U050_R3,1240.195107448,2.580112467,command,0.500000,-4.716027260,-0.156681031,-1.908615828,0.028331578,-0.055343971,-1.908615828,ros2_odometer_state
M19C_S1_lab_hard_floor_B3_U050_R3,1240.196126106,2.581131125,command,0.500000,-4.716027260,-0.156681031,-1.908615828,0.028332485,-0.055343822,-1.908615589,ros2_odometer_state
M19C_S1_lab_hard_floor_B3_U050_R3,1240.196970583,2.581975602,command,0.500000,-4.716027260,-0.156681031,-1.908615828,0.028332485,-0.055343822,-1.908615589,ros2_odometer_state
M19C_S1_lab_hard_floor_B3_U050_R3,1240.197961848,2.582966867,command,0.500000,-4.716027260,-0.156681031,-1.908615828,0.028332485,-0.055343822,-1.908615589,ros2_odometer_state
M19C_S1_lab_hard_floor_B3_U050_R3,1240.198825397,2.583830416,command,0.500000,-4.716027260,-0.156681031,-1.908615828,0.028332207,-0.055344101,-1.908615589,ros2_odometer_state
M19C_S1_lab_hard_floor_B3_U050_R3,1240.199662865,2.584667884,command,0.500000,-4.716027260,-0.156681031,-1.908615828,0.028332207,-0.055344101,-1.908615589,ros2_odometer_state
M19C_S1_lab_hard_floor_B3_U050_R3,1240.200773207,2.585778226,command,0.500000,-4.716027260,-0.156681031,-1.908615828,0.028331745,-0.055345207,-1.908615589,ros2_odometer_state
M19C_S1_lab_hard_floor_B3_U050_R3,1240.201599347,2.586604366,command,0.500000,-4.716027260,-0.156681031,-1.908615828,0.028331745,-0.055345207,-1.908615589,ros2_odometer_state
M19C_S1_lab_hard_floor_B3_U050_R3,1240.202609813,2.587614832,command,0.500000,-4.716027260,-0.156681031,-1.908615828,0.028331745,-0.055345207,-1.908615589,ros2_odometer_state
M19C_S1_lab_hard_floor_B3_U050_R3,1240.203422768,2.588427787,command,0.500000,-4.716639042,-0.156465903,-1.908615589,0.028331168,-0.055347137,-1.908615589,ros2_odometer_state
M19C_S1_lab_hard_floor_B3_U050_R3,1240.204515093,2.589520112,command,0.500000,-4.716639042,-0.156465903,-1.908615589,0.028331168,-0.055347137,-1.908615589,ros2_odometer_state
M19C_S1_lab_hard_floor_B3_U050_R3,1240.206841859,2.591846878,command,0.500000,-4.716639042,-0.156465903,-1.908615589,0.028330687,-0.055344220,-1.908615828,ros2_odometer_state
M19C_S1_lab_hard_floor_B3_U050_R3,1240.208838855,2.593843874,command,0.500000,-4.716639042,-0.156465903,-1.908615589,0.028330687,-0.055344220,-1.908615828,ros2_odometer_state
M19C_S1_lab_hard_floor_B3_U050_R3,1240.211406621,2.596411640,command,0.500000,-4.716639042,-0.156465903,-1.908615589,0.028329179,-0.055345364,-1.908615828,ros2_odometer_state
M19C_S1_lab_hard_floor_B3_U050_R3,1240.212871246,2.597876265,command,0.500000,-4.716639042,-0.156465903,-1.908615589,0.028329179,-0.055345364,-1.908615828,ros2_odometer_state
M19C_S1_lab_hard_floor_B3_U050_R3,1240.214895891,2.599900910,command,0.500000,-4.716639042,-0.156465903,-1.908615589,0.028330224,-0.055346280,-1.908615589,ros2_odometer_state
M19C_S1_lab_hard_floor_B3_U050_R3,1240.216967192,2.601972211,command,0.500000,-4.716639042,-0.156465903,-1.908615589,0.028330224,-0.055346280,-1.908615589,ros2_odometer_state
M19C_S1_lab_hard_floor_B3_U050_R3,1240.219425643,2.604430662,command,0.500000,-4.716639042,-0.156465903,-1.908615589,0.028330224,-0.055346280,-1.908615589,ros2_odometer_state
M19C_S1_lab_hard_floor_B3_U050_R3,1240.221087203,2.606092222,command,0.500000,-4.716639042,-0.156465903,-1.908615589,0.028328316,-0.055349719,-1.908615589,ros2_odometer_state
M19C_S1_lab_hard_floor_B3_U050_R3,1240.222231498,2.607236517,command,0.500000,-4.717253208,-0.156250119,-1.908615589,0.028328316,-0.055349719,-1.908615589,ros2_odometer_state
M19C_S1_lab_hard_floor_B3_U050_R3,1240.224168523,2.609173542,command,0.500000,-4.717253208,-0.156250119,-1.908615589,0.028328316,-0.055349719,-1.908615589,ros2_odometer_state
M19C_S1_lab_hard_floor_B3_U050_R3,1240.226916999,2.611922018,command,0.500000,-4.717253208,-0.156250119,-1.908615589,0.028327491,-0.055348143,-1.908615589,ros2_odometer_state
M19C_S1_lab_hard_floor_B3_U050_R3,1240.228224947,2.613229966,command,0.500000,-4.717253208,-0.156250119,-1.908615589,0.028327491,-0.055348143,-1.908615589,ros2_odometer_state
M19C_S1_lab_hard_floor_B3_U050_R3,1240.231242521,2.616247540,command,0.500000,-4.717253208,-0.156250119,-1.908615589,0.028327491,-0.055348143,-1.908615589,ros2_odometer_state
M19C_S1_lab_hard_floor_B3_U050_R3,1240.233049366,2.618054385,command,0.500000,-4.717253208,-0.156250119,-1.908615589,0.028326159,-0.055348776,-1.908615589,ros2_odometer_state
M19C_S1_lab_hard_floor_B3_U050_R3,1240.237281348,2.622286367,command,0.500000,-4.717253208,-0.156250119,-1.908615589,0.028326159,-0.055348776,-1.908615589,ros2_odometer_state
M19C_S1_lab_hard_floor_B3_U050_R3,1240.240371053,2.625376072,command,0.500000,-4.717253208,-0.156250119,-1.908615589,0.028323397,-0.055350110,-1.908615589,ros2_odometer_state
M19C_S1_lab_hard_floor_B3_U050_R3,1240.243907940,2.628912959,command,0.500000,-4.717253208,-0.156250119,-1.908615589,0.028323397,-0.055350110,-1.908615589,ros2_odometer_state
M19C_S1_lab_hard_floor_B3_U050_R3,1240.247548926,2.632553945,command,0.500000,-4.717253208,-0.156250119,-1.908615589,0.028323397,-0.055350110,-1.908615589,ros2_odometer_state
M19C_S1_lab_hard_floor_B3_U050_R3,1240.248801608,2.633806627,command,0.500000,-4.717858791,-0.156037271,-1.908615589,0.028323300,-0.055350646,-1.908615589,ros2_odometer_state
M19C_S1_lab_hard_floor_B3_U050_R3,1240.250086964,2.635091983,command,0.500000,-4.717858791,-0.156037271,-1.908615589,0.028323300,-0.055350646,-1.908615589,ros2_odometer_state
M19C_S1_lab_hard_floor_B3_U050_R3,1240.251092278,2.636097297,command,0.500000,-4.717858791,-0.156037271,-1.908615589,0.028321898,-0.055349998,-1.908615589,ros2_odometer_state
M19C_S1_lab_hard_floor_B3_U050_R3,1240.252837840,2.637842859,command,0.500000,-4.717858791,-0.156037271,-1.908615589,0.028321898,-0.055349998,-1.908615589,ros2_odometer_state
M19C_S1_lab_hard_floor_B3_U050_R3,1240.254818131,2.639823150,command,0.500000,-4.717858791,-0.156037271,-1.908615589,0.028321898,-0.055349998,-1.908615589,ros2_odometer_state
M19C_S1_lab_hard_floor_B3_U050_R3,1240.256826871,2.641831890,command,0.500000,-4.717858791,-0.156037271,-1.908615589,0.028322600,-0.055350672,-1.908615470,ros2_odometer_state
M19C_S1_lab_hard_floor_B3_U050_R3,1240.259354956,2.644359975,command,0.500000,-4.717858791,-0.156037271,-1.908615589,0.028322600,-0.055350672,-1.908615470,ros2_odometer_state
M19C_S1_lab_hard_floor_B3_U050_R3,1240.260917953,2.645922972,command,0.500000,-4.717858791,-0.156037271,-1.908615589,0.028320998,-0.055351313,-1.908615470,ros2_odometer_state
M19C_S1_lab_hard_floor_B3_U050_R3,1240.261864128,2.646869147,command,0.500000,-4.717858791,-0.156037271,-1.908615589,0.028320998,-0.055351313,-1.908615470,ros2_odometer_state
M19C_S1_lab_hard_floor_B3_U050_R3,1240.262718621,2.647723640,command,0.500000,-4.717858791,-0.156037271,-1.908615589,0.028320998,-0.055351313,-1.908615470,ros2_odometer_state
M19C_S1_lab_hard_floor_B3_U050_R3,1240.263648573,2.648653592,command,0.500000,-4.718478680,-0.155819371,-1.908615470,0.028321678,-0.055351924,-1.908615470,ros2_odometer_state
M19C_S1_lab_hard_floor_B3_U050_R3,1240.264571900,2.649576919,command,0.500000,-4.718478680,-0.155819371,-1.908615470,0.028321678,-0.055351924,-1.908615470,ros2_odometer_state
M19C_S1_lab_hard_floor_B3_U050_R3,1240.266203603,2.651208622,command,0.500000,-4.718478680,-0.155819371,-1.908615470,0.028321875,-0.055351924,-1.908615470,ros2_odometer_state
M19C_S1_lab_hard_floor_B3_U050_R3,1240.268162133,2.653167152,command,0.500000,-4.718478680,-0.155819371,-1.908615470,0.028321875,-0.055351924,-1.908615470,ros2_odometer_state
M19C_S1_lab_hard_floor_B3_U050_R3,1240.271668555,2.656673574,command,0.500000,-4.718478680,-0.155819371,-1.908615470,0.028321702,-0.055352423,-1.908615470,ros2_odometer_state
M19C_S1_lab_hard_floor_B3_U050_R3,1240.272926069,2.657931088,command,0.500000,-4.718478680,-0.155819371,-1.908615470,0.028321702,-0.055352423,-1.908615470,ros2_odometer_state
M19C_S1_lab_hard_floor_B3_U050_R3,1240.275030460,2.660035479,command,0.500000,-4.718478680,-0.155819371,-1.908615470,0.028319636,-0.055353712,-1.908615470,ros2_odometer_state
M19C_S1_lab_hard_floor_B3_U050_R3,1240.278094915,2.663099934,command,0.500000,-4.718478680,-0.155819371,-1.908615470,0.028319636,-0.055353712,-1.908615470,ros2_odometer_state
M19C_S1_lab_hard_floor_B3_U050_R3,1240.278567347,2.663572366,command,0.500000,-4.718478680,-0.155819371,-1.908615470,0.028319636,-0.055353712,-1.908615470,ros2_odometer_state
M19C_S1_lab_hard_floor_B3_U050_R3,1240.280971172,2.665976191,command,0.500000,-4.718478680,-0.155819371,-1.908615470,0.028318677,-0.055353127,-1.908615470,ros2_odometer_state
M19C_S1_lab_hard_floor_B3_U050_R3,1240.282753504,2.667758523,command,0.500000,-4.719111443,-0.155597106,-1.908615470,0.028318677,-0.055353127,-1.908615470,ros2_odometer_state
M19C_S1_lab_hard_floor_B3_U050_R3,1240.284216913,2.669221932,command,0.500000,-4.719111443,-0.155597106,-1.908615470,0.028318677,-0.055353127,-1.908615470,ros2_odometer_state
M19C_S1_lab_hard_floor_B3_U050_R3,1240.286969038,2.671974057,command,0.500000,-4.719111443,-0.155597106,-1.908615470,0.028318388,-0.055354461,-1.908615470,ros2_odometer_state
M19C_S1_lab_hard_floor_B3_U050_R3,1240.288977106,2.673982125,command,0.500000,-4.719111443,-0.155597106,-1.908615470,0.028318388,-0.055354461,-1.908615470,ros2_odometer_state
M19C_S1_lab_hard_floor_B3_U050_R3,1240.291615210,2.676620229,command,0.500000,-4.719111443,-0.155597106,-1.908615470,0.028317885,-0.055358849,-1.908615351,ros2_odometer_state
M19C_S1_lab_hard_floor_B3_U050_R3,1240.292941047,2.677946066,command,0.500000,-4.719111443,-0.155597106,-1.908615470,0.028317885,-0.055358849,-1.908615351,ros2_odometer_state
M19C_S1_lab_hard_floor_B3_U050_R3,1240.294952603,2.679957622,command,0.500000,-4.719111443,-0.155597106,-1.908615470,0.028318489,-0.055356462,-1.908615351,ros2_odometer_state
M19C_S1_lab_hard_floor_B3_U050_R3,1240.296925981,2.681931000,command,0.500000,-4.719111443,-0.155597106,-1.908615470,0.028318489,-0.055356462,-1.908615351,ros2_odometer_state
M19C_S1_lab_hard_floor_B3_U050_R3,1240.299047621,2.684052640,command,0.500000,-4.719111443,-0.155597106,-1.908615470,0.028318489,-0.055356462,-1.908615351,ros2_odometer_state
M19C_S1_lab_hard_floor_B3_U050_R3,1240.302904455,2.687909474,command,0.500000,-4.719111443,-0.155597106,-1.908615470,0.028318718,-0.055357870,-1.908615351,ros2_odometer_state
M19C_S1_lab_hard_floor_B3_U050_R3,1240.306096978,2.691101997,command,0.500000,-4.719723701,-0.155382022,-1.908615351,0.028318718,-0.055357870,-1.908615351,ros2_odometer_state
M19C_S1_lab_hard_floor_B3_U050_R3,1240.308248059,2.693253078,command,0.500000,-4.719723701,-0.155382022,-1.908615351,0.028319571,-0.055359349,-1.908615232,ros2_odometer_state
M19C_S1_lab_hard_floor_B3_U050_R3,1240.309319583,2.694324602,command,0.500000,-4.719723701,-0.155382022,-1.908615351,0.028319571,-0.055359349,-1.908615232,ros2_odometer_state
M19C_S1_lab_hard_floor_B3_U050_R3,1240.310491942,2.695496961,command,0.500000,-4.719723701,-0.155382022,-1.908615351,0.028319571,-0.055359349,-1.908615232,ros2_odometer_state
M19C_S1_lab_hard_floor_B3_U050_R3,1240.311025816,2.696030835,command,0.500000,-4.719723701,-0.155382022,-1.908615351,0.028319571,-0.055359349,-1.908615232,ros2_odometer_state
M19C_S1_lab_hard_floor_B3_U050_R3,1240.313493003,2.698498022,command,0.500000,-4.719723701,-0.155382022,-1.908615351,0.028320067,-0.055361215,-1.908615232,ros2_odometer_state
M19C_S1_lab_hard_floor_B3_U050_R3,1240.314452620,2.699457639,command,0.500000,-4.719723701,-0.155382022,-1.908615351,0.028320067,-0.055361215,-1.908615232,ros2_odometer_state
M19C_S1_lab_hard_floor_B3_U050_R3,1240.316401453,2.701406472,command,0.500000,-4.719723701,-0.155382022,-1.908615351,0.028318537,-0.055358391,-1.908615351,ros2_odometer_state
M19C_S1_lab_hard_floor_B3_U050_R3,1240.319169834,2.704174853,command,0.500000,-4.719723701,-0.155382022,-1.908615351,0.028318537,-0.055358391,-1.908615351,ros2_odometer_state
M19C_S1_lab_hard_floor_B3_U050_R3,1240.321222928,2.706227947,command,0.500000,-4.719723701,-0.155382022,-1.908615351,0.028318821,-0.055357821,-1.908615351,ros2_odometer_state
M19C_S1_lab_hard_floor_B3_U050_R3,1240.322449753,2.707454772,command,0.500000,-4.720321655,-0.155171990,-1.908615351,0.028318821,-0.055357821,-1.908615351,ros2_odometer_state
M19C_S1_lab_hard_floor_B3_U050_R3,1240.325370555,2.710375574,command,0.500000,-4.720321655,-0.155171990,-1.908615351,0.028318636,-0.055360872,-1.908615232,ros2_odometer_state
M19C_S1_lab_hard_floor_B3_U050_R3,1240.327255867,2.712260886,command,0.500000,-4.720321655,-0.155171990,-1.908615351,0.028318636,-0.055360872,-1.908615232,ros2_odometer_state
M19C_S1_lab_hard_floor_B3_U050_R3,1240.329411715,2.714416734,command,0.500000,-4.720321655,-0.155171990,-1.908615351,0.028318636,-0.055360872,-1.908615232,ros2_odometer_state
M19C_S1_lab_hard_floor_B3_U050_R3,1240.331702705,2.716707724,command,0.500000,-4.720321655,-0.155171990,-1.908615351,0.028315742,-0.055363413,-1.908615112,ros2_odometer_state
M19C_S1_lab_hard_floor_B3_U050_R3,1240.333386281,2.718391300,command,0.500000,-4.720321655,-0.155171990,-1.908615351,0.028315742,-0.055363413,-1.908615112,ros2_odometer_state
M19C_S1_lab_hard_floor_B3_U050_R3,1240.335310218,2.720315237,command,0.500000,-4.720321655,-0.155171990,-1.908615351,0.028315037,-0.055361271,-1.908615112,ros2_odometer_state
M19C_S1_lab_hard_floor_B3_U050_R3,1240.337351439,2.722356458,command,0.500000,-4.720321655,-0.155171990,-1.908615351,0.028315037,-0.055361271,-1.908615112,ros2_odometer_state
M19C_S1_lab_hard_floor_B3_U050_R3,1240.339111210,2.724116229,command,0.500000,-4.720321655,-0.155171990,-1.908615351,0.028315037,-0.055361271,-1.908615112,ros2_odometer_state
M19C_S1_lab_hard_floor_B3_U050_R3,1240.342390233,2.727395252,command,0.500000,-4.720321655,-0.155171990,-1.908615351,0.028315037,-0.055361271,-1.908615112,ros2_odometer_state
M19C_S1_lab_hard_floor_B3_U050_R3,1240.343444924,2.728449943,command,0.500000,-4.720942020,-0.154953927,-1.908615112,0.028316338,-0.055359092,-1.908615112,ros2_odometer_state
M19C_S1_lab_hard_floor_B3_U050_R3,1240.345410174,2.730415193,command,0.500000,-4.720942020,-0.154953927,-1.908615112,0.028315207,-0.055361040,-1.908615112,ros2_odometer_state
M19C_S1_lab_hard_floor_B3_U050_R3,1240.346399584,2.731404603,command,0.500000,-4.720942020,-0.154953927,-1.908615112,0.028315207,-0.055361040,-1.908615112,ros2_odometer_state
M19C_S1_lab_hard_floor_B3_U050_R3,1240.349365123,2.734370142,command,0.500000,-4.720942020,-0.154953927,-1.908615112,0.028315207,-0.055361040,-1.908615112,ros2_odometer_state
M19C_S1_lab_hard_floor_B3_U050_R3,1240.351818678,2.736823697,command,0.500000,-4.720942020,-0.154953927,-1.908615112,0.028315639,-0.055363413,-1.908615112,ros2_odometer_state
M19C_S1_lab_hard_floor_B3_U050_R3,1240.353207909,2.738212928,command,0.500000,-4.720942020,-0.154953927,-1.908615112,0.028315639,-0.055363413,-1.908615112,ros2_odometer_state
M19C_S1_lab_hard_floor_B3_U050_R3,1240.354501296,2.739506315,command,0.500000,-4.720942020,-0.154953927,-1.908615112,0.028315639,-0.055363413,-1.908615112,ros2_odometer_state
M19C_S1_lab_hard_floor_B3_U050_R3,1240.356391216,2.741396235,command,0.500000,-4.720942020,-0.154953927,-1.908615112,0.028314792,-0.055363867,-1.908615112,ros2_odometer_state
M19C_S1_lab_hard_floor_B3_U050_R3,1240.358420564,2.743425583,command,0.500000,-4.720942020,-0.154953927,-1.908615112,0.028314792,-0.055363867,-1.908615112,ros2_odometer_state
M19C_S1_lab_hard_floor_B3_U050_R3,1240.360492026,2.745497045,command,0.500000,-4.720942020,-0.154953927,-1.908615112,0.028314792,-0.055363867,-1.908615112,ros2_odometer_state
M19C_S1_lab_hard_floor_B3_U050_R3,1240.362497278,2.747502297,command,0.500000,-4.721546173,-0.154741839,-1.908615112,0.028313536,-0.055364285,-1.908615112,ros2_odometer_state
M19C_S1_lab_hard_floor_B3_U050_R3,1240.365229338,2.750234357,command,0.500000,-4.721546173,-0.154741839,-1.908615112,0.028314557,-0.055364843,-1.908615112,ros2_odometer_state
M19C_S1_lab_hard_floor_B3_U050_R3,1240.367240670,2.752245689,command,0.500000,-4.721546173,-0.154741839,-1.908615112,0.028314557,-0.055364843,-1.908615112,ros2_odometer_state
M19C_S1_lab_hard_floor_B3_U050_R3,1240.369256705,2.754261724,command,0.500000,-4.721546173,-0.154741839,-1.908615112,0.028314557,-0.055364843,-1.908615112,ros2_odometer_state
M19C_S1_lab_hard_floor_B3_U050_R3,1240.371815832,2.756820851,command,0.500000,-4.721546173,-0.154741839,-1.908615112,0.028313119,-0.055366158,-1.908615112,ros2_odometer_state
M19C_S1_lab_hard_floor_B3_U050_R3,1240.373342219,2.758347238,command,0.500000,-4.721546173,-0.154741839,-1.908615112,0.028313119,-0.055366158,-1.908615112,ros2_odometer_state
M19C_S1_lab_hard_floor_B3_U050_R3,1240.374472081,2.759477100,command,0.500000,-4.721546173,-0.154741839,-1.908615112,0.028313119,-0.055366158,-1.908615112,ros2_odometer_state
M19C_S1_lab_hard_floor_B3_U050_R3,1240.376666235,2.761671254,command,0.500000,-4.721546173,-0.154741839,-1.908615112,0.028312273,-0.055364277,-1.908615112,ros2_odometer_state
M19C_S1_lab_hard_floor_B3_U050_R3,1240.380221811,2.765226830,command,0.500000,-4.721546173,-0.154741839,-1.908615112,0.028312273,-0.055364277,-1.908615112,ros2_odometer_state
M19C_S1_lab_hard_floor_B3_U050_R3,1240.380678818,2.765683837,command,0.500000,-4.721546173,-0.154741839,-1.908615112,0.028312273,-0.055364277,-1.908615112,ros2_odometer_state
M19C_S1_lab_hard_floor_B3_U050_R3,1240.383556963,2.768561982,command,0.500000,-4.722163677,-0.154524907,-1.908615232,0.028310953,-0.055365589,-1.908615232,ros2_odometer_state
M19C_S1_lab_hard_floor_B3_U050_R3,1240.385513797,2.770518816,command,0.500000,-4.722163677,-0.154524907,-1.908615232,0.028313128,-0.055364762,-1.908615232,ros2_odometer_state
M19C_S1_lab_hard_floor_B3_U050_R3,1240.386562568,2.771567587,command,0.500000,-4.722163677,-0.154524907,-1.908615232,0.028313128,-0.055364762,-1.908615232,ros2_odometer_state
M19C_S1_lab_hard_floor_B3_U050_R3,1240.389398216,2.774403235,command,0.500000,-4.722163677,-0.154524907,-1.908615232,0.028313128,-0.055364762,-1.908615232,ros2_odometer_state
M19C_S1_lab_hard_floor_B3_U050_R3,1240.391807385,2.776812404,command,0.500000,-4.722163677,-0.154524907,-1.908615232,0.028312378,-0.055366158,-1.908615232,ros2_odometer_state
M19C_S1_lab_hard_floor_B3_U050_R3,1240.393528659,2.778533678,command,0.500000,-4.722163677,-0.154524907,-1.908615232,0.028312378,-0.055366158,-1.908615232,ros2_odometer_state
M19C_S1_lab_hard_floor_B3_U050_R3,1240.394597335,2.779602354,command,0.500000,-4.722163677,-0.154524907,-1.908615232,0.028312378,-0.055366158,-1.908615232,ros2_odometer_state
M19C_S1_lab_hard_floor_B3_U050_R3,1240.397451063,2.782456082,command,0.500000,-4.722163677,-0.154524907,-1.908615232,0.028312260,-0.055366103,-1.908615232,ros2_odometer_state
M19C_S1_lab_hard_floor_B3_U050_R3,1240.399670146,2.784675165,command,0.500000,-4.722163677,-0.154524907,-1.908615232,0.028312260,-0.055366103,-1.908615232,ros2_odometer_state
M19C_S1_lab_hard_floor_B3_U050_R3,1240.401593603,2.786598622,command,0.500000,-4.722163677,-0.154524907,-1.908615232,0.028311428,-0.055368159,-1.908615232,ros2_odometer_state
M19C_S1_lab_hard_floor_B3_U050_R3,1240.402614245,2.787619264,command,0.500000,-4.722779751,-0.154308408,-1.908615232,0.028311428,-0.055368159,-1.908615232,ros2_odometer_state
M19C_S1_lab_hard_floor_B3_U050_R3,1240.405203932,2.790208951,command,0.500000,-4.722779751,-0.154308408,-1.908615232,0.028311428,-0.055368159,-1.908615232,ros2_odometer_state
M19C_S1_lab_hard_floor_B3_U050_R3,1240.406831123,2.791836142,command,0.500000,-4.722779751,-0.154308408,-1.908615232,0.028310100,-0.055366650,-1.908615232,ros2_odometer_state
M19C_S1_lab_hard_floor_B3_U050_R3,1240.409769270,2.794774289,command,0.500000,-4.722779751,-0.154308408,-1.908615232,0.028310100,-0.055366650,-1.908615232,ros2_odometer_state
M19C_S1_lab_hard_floor_B3_U050_R3,1240.411223239,2.796228258,command,0.500000,-4.722779751,-0.154308408,-1.908615232,0.028310100,-0.055366650,-1.908615232,ros2_odometer_state
M19C_S1_lab_hard_floor_B3_U050_R3,1240.413371631,2.798376650,command,0.500000,-4.722779751,-0.154308408,-1.908615232,0.028307997,-0.055368695,-1.908615232,ros2_odometer_state
M19C_S1_lab_hard_floor_B3_U050_R3,1240.420481055,2.805486074,command,0.500000,-4.722779751,-0.154308408,-1.908615232,0.028307997,-0.055368695,-1.908615232,ros2_odometer_state
M19C_S1_lab_hard_floor_B3_U050_R3,1240.421696904,2.806701923,command,0.500000,-4.722779751,-0.154308408,-1.908615232,0.028308917,-0.055372454,-1.908614993,ros2_odometer_state
M19C_S1_lab_hard_floor_B3_U050_R3,1240.422727338,2.807732357,command,0.500000,-4.722779751,-0.154308408,-1.908615232,0.028308917,-0.055372454,-1.908614993,ros2_odometer_state
M19C_S1_lab_hard_floor_B3_U050_R3,1240.423638281,2.808643300,command,0.500000,-4.722779751,-0.154308408,-1.908615232,0.028308917,-0.055372454,-1.908614993,ros2_odometer_state
M19C_S1_lab_hard_floor_B3_U050_R3,1240.424642475,2.809647494,command,0.500000,-4.723395348,-0.154092193,-1.908614993,0.028308477,-0.055374887,-1.908614993,ros2_odometer_state
M19C_S1_lab_hard_floor_B3_U050_R3,1240.425584939,2.810589958,command,0.500000,-4.723395348,-0.154092193,-1.908614993,0.028308477,-0.055374887,-1.908614993,ros2_odometer_state
M19C_S1_lab_hard_floor_B3_U050_R3,1240.427676305,2.812681324,command,0.500000,-4.723395348,-0.154092193,-1.908614993,0.028307403,-0.055375155,-1.908614993,ros2_odometer_state
M19C_S1_lab_hard_floor_B3_U050_R3,1240.429577297,2.814582316,command,0.500000,-4.723395348,-0.154092193,-1.908614993,0.028307403,-0.055375155,-1.908614993,ros2_odometer_state
M19C_S1_lab_hard_floor_B3_U050_R3,1240.432351342,2.817356361,command,0.500000,-4.723395348,-0.154092193,-1.908614993,0.028305266,-0.055375148,-1.908614993,ros2_odometer_state
M19C_S1_lab_hard_floor_B3_U050_R3,1240.432915489,2.817920508,command,0.500000,-4.723395348,-0.154092193,-1.908614993,0.028305266,-0.055375148,-1.908614993,ros2_odometer_state
M19C_S1_lab_hard_floor_B3_U050_R3,1240.435693983,2.820699002,command,0.500000,-4.723395348,-0.154092193,-1.908614993,0.028304104,-0.055377215,-1.908614993,ros2_odometer_state
M19C_S1_lab_hard_floor_B3_U050_R3,1240.437398968,2.822403987,command,0.500000,-4.723395348,-0.154092193,-1.908614993,0.028304104,-0.055377215,-1.908614993,ros2_odometer_state
M19C_S1_lab_hard_floor_B3_U050_R3,1240.439441629,2.824446648,command,0.500000,-4.723395348,-0.154092193,-1.908614993,0.028304104,-0.055377215,-1.908614993,ros2_odometer_state
M19C_S1_lab_hard_floor_B3_U050_R3,1240.441269179,2.826274198,command,0.500000,-4.723395348,-0.154092193,-1.908614993,0.028304098,-0.055382259,-1.908614993,ros2_odometer_state
M19C_S1_lab_hard_floor_B3_U050_R3,1240.444258111,2.829263130,command,0.500000,-4.723999500,-0.153879911,-1.908614993,0.028304098,-0.055382259,-1.908614993,ros2_odometer_state
M19C_S1_lab_hard_floor_B3_U050_R3,1240.444833235,2.829838254,command,0.500000,-4.723999500,-0.153879911,-1.908614993,0.028304098,-0.055382259,-1.908614993,ros2_odometer_state
M19C_S1_lab_hard_floor_B3_U050_R3,1240.447365384,2.832370403,command,0.500000,-4.723999500,-0.153879911,-1.908614993,0.028301477,-0.055385865,-1.908614874,ros2_odometer_state
M19C_S1_lab_hard_floor_B3_U050_R3,1240.449395469,2.834400488,command,0.500000,-4.723999500,-0.153879911,-1.908614993,0.028301477,-0.055385865,-1.908614874,ros2_odometer_state
M19C_S1_lab_hard_floor_B3_U050_R3,1240.451909793,2.836914812,command,0.500000,-4.723999500,-0.153879911,-1.908614993,0.028301783,-0.055389158,-1.908614755,ros2_odometer_state
M19C_S1_lab_hard_floor_B3_U050_R3,1240.453397843,2.838402862,command,0.500000,-4.723999500,-0.153879911,-1.908614993,0.028301783,-0.055389158,-1.908614755,ros2_odometer_state
M19C_S1_lab_hard_floor_B3_U050_R3,1240.455356405,2.840361424,command,0.500000,-4.723999500,-0.153879911,-1.908614993,0.028302558,-0.055402130,-1.908614397,ros2_odometer_state
M19C_S1_lab_hard_floor_B3_U050_R3,1240.457461148,2.842466167,command,0.500000,-4.723999500,-0.153879911,-1.908614993,0.028302558,-0.055402130,-1.908614397,ros2_odometer_state
M19C_S1_lab_hard_floor_B3_U050_R3,1240.459337307,2.844342326,command,0.500000,-4.723999500,-0.153879911,-1.908614993,0.028302558,-0.055402130,-1.908614397,ros2_odometer_state
M19C_S1_lab_hard_floor_B3_U050_R3,1240.461424290,2.846429309,command,0.500000,-4.723999500,-0.153879911,-1.908614993,0.028301701,-0.055403866,-1.908614397,ros2_odometer_state
M19C_S1_lab_hard_floor_B3_U050_R3,1240.463559530,2.848564549,command,0.500000,-4.724600792,-0.153668717,-1.908614397,0.028301701,-0.055403866,-1.908614397,ros2_odometer_state
M19C_S1_lab_hard_floor_B3_U050_R3,1240.465419368,2.850424387,command,0.500000,-4.724600792,-0.153668717,-1.908614397,0.028301679,-0.055403605,-1.908614397,ros2_odometer_state
M19C_S1_lab_hard_floor_B3_U050_R3,1240.467426444,2.852431463,command,0.500000,-4.724600792,-0.153668717,-1.908614397,0.028301679,-0.055403605,-1.908614397,ros2_odometer_state
M19C_S1_lab_hard_floor_B3_U050_R3,1240.469518738,2.854523757,command,0.500000,-4.724600792,-0.153668717,-1.908614397,0.028301679,-0.055403605,-1.908614397,ros2_odometer_state
M19C_S1_lab_hard_floor_B3_U050_R3,1240.471257933,2.856262952,command,0.500000,-4.724600792,-0.153668717,-1.908614397,0.028301679,-0.055403605,-1.908614397,ros2_odometer_state
M19C_S1_lab_hard_floor_B3_U050_R3,1240.473496728,2.858501747,command,0.500000,-4.724600792,-0.153668717,-1.908614397,0.028296020,-0.055406462,-1.908624053,ros2_odometer_state
M19C_S1_lab_hard_floor_B3_U050_R3,1240.475464123,2.860469142,command,0.500000,-4.724600792,-0.153668717,-1.908614397,0.028284850,-0.055422146,-1.908650637,ros2_odometer_state
M19C_S1_lab_hard_floor_B3_U050_R3,1240.477954190,2.862959209,command,0.500000,-4.724600792,-0.153668717,-1.908614397,0.028270524,-0.055450290,-1.908680916,ros2_odometer_state
M19C_S1_lab_hard_floor_B3_U050_R3,1240.478853357,2.863858376,command,0.500000,-4.724600792,-0.153668717,-1.908614397,0.028270524,-0.055450290,-1.908680916,ros2_odometer_state
M19C_S1_lab_hard_floor_B3_U050_R3,1240.481838289,2.866843308,command,0.500000,-4.724600792,-0.153668717,-1.908614397,0.028248740,-0.055519763,-1.908754230,ros2_odometer_state
M19C_S1_lab_hard_floor_B3_U050_R3,1240.484429800,2.869434819,command,0.500000,-4.725221157,-0.153450713,-1.908754230,0.028242594,-0.055565111,-1.908799648,ros2_odometer_state
M19C_S1_lab_hard_floor_B3_U050_R3,1240.484850775,2.869855794,command,0.500000,-4.725221157,-0.153450713,-1.908754230,0.028242594,-0.055565111,-1.908799648,ros2_odometer_state
M19C_S1_lab_hard_floor_B3_U050_R3,1240.487557714,2.872562733,command,0.500000,-4.725221157,-0.153450713,-1.908754230,0.028232392,-0.055681802,-1.908900499,ros2_odometer_state
M19C_S1_lab_hard_floor_B3_U050_R3,1240.489496307,2.874501326,command,0.500000,-4.725221157,-0.153450713,-1.908754230,0.028234968,-0.055743776,-1.908946991,ros2_odometer_state
M19C_S1_lab_hard_floor_B3_U050_R3,1240.492084554,2.877089573,command,0.500000,-4.725221157,-0.153450713,-1.908754230,0.028242046,-0.055815317,-1.909003615,ros2_odometer_state
M19C_S1_lab_hard_floor_B3_U050_R3,1240.493548732,2.878553751,command,0.500000,-4.725221157,-0.153450713,-1.908754230,0.028251970,-0.055893220,-1.909055471,ros2_odometer_state
M19C_S1_lab_hard_floor_B3_U050_R3,1240.494667809,2.879672828,command,0.500000,-4.725221157,-0.153450713,-1.908754230,0.028251970,-0.055893220,-1.909055471,ros2_odometer_state
M19C_S1_lab_hard_floor_B3_U050_R3,1240.496685317,2.881690336,command,0.500000,-4.725221157,-0.153450713,-1.908754230,0.028258400,-0.055981405,-1.909098268,ros2_odometer_state
M19C_S1_lab_hard_floor_B3_U050_R3,1240.499963412,2.884968431,command,0.500000,-4.725221157,-0.153450713,-1.908754230,0.028262962,-0.056170743,-1.909187078,ros2_odometer_state
M19C_S1_lab_hard_floor_B3_U050_R3,1240.501543177,2.886548196,command,0.500000,-4.725221157,-0.153450713,-1.908754230,0.028252799,-0.056278802,-1.909230709,ros2_odometer_state
M19C_S1_lab_hard_floor_B3_U050_R3,1240.503506155,2.888511174,command,0.500000,-4.725846767,-0.153230950,-1.909230709,0.028247351,-0.056400400,-1.909267664,ros2_odometer_state
M19C_S1_lab_hard_floor_B3_U050_R3,1240.506725143,2.891730162,command,0.500000,-4.725846767,-0.153230950,-1.909230709,0.028235812,-0.056534413,-1.909293771,ros2_odometer_state
M19C_S1_lab_hard_floor_B3_U050_R3,1240.507699448,2.892704467,command,0.500000,-4.725846767,-0.153230950,-1.909230709,0.028217914,-0.056667350,-1.909324884,ros2_odometer_state
M19C_S1_lab_hard_floor_B3_U050_R3,1240.508688762,2.893693781,command,0.500000,-4.725846767,-0.153230950,-1.909230709,0.028217914,-0.056667350,-1.909324884,ros2_odometer_state
M19C_S1_lab_hard_floor_B3_U050_R3,1240.513646017,2.898651036,command,0.500000,-4.725846767,-0.153230950,-1.909230709,0.028205317,-0.056805193,-1.909347057,ros2_odometer_state
M19C_S1_lab_hard_floor_B3_U050_R3,1240.515523776,2.900528795,command,0.500000,-4.725846767,-0.153230950,-1.909230709,0.028187333,-0.056938305,-1.909362078,ros2_odometer_state
M19C_S1_lab_hard_floor_B3_U050_R3,1240.516553282,2.901558301,command,0.500000,-4.725846767,-0.153230950,-1.909230709,0.028170109,-0.057061698,-1.909375906,ros2_odometer_state
M19C_S1_lab_hard_floor_B3_U050_R3,1240.517608134,2.902613153,command,0.500000,-4.725846767,-0.153230950,-1.909230709,0.028142722,-0.057191927,-1.909384131,ros2_odometer_state
M19C_S1_lab_hard_floor_B3_U050_R3,1240.518730572,2.903735591,command,0.500000,-4.725846767,-0.153230950,-1.909230709,0.028106099,-0.057323713,-1.909381986,ros2_odometer_state
M19C_S1_lab_hard_floor_B3_U050_R3,1240.521571627,2.906576646,command,0.500000,-4.725846767,-0.153230950,-1.909230709,0.028035458,-0.057581872,-1.909371495,ros2_odometer_state
M19C_S1_lab_hard_floor_B3_U050_R3,1240.523545262,2.908550281,command,0.500000,-4.726442337,-0.153021753,-1.909371495,0.027979847,-0.057699770,-1.909348607,ros2_odometer_state
M19C_S1_lab_hard_floor_B3_U050_R3,1240.525538865,2.910543884,command,0.500000,-4.726442337,-0.153021753,-1.909371495,0.027919276,-0.057810251,-1.909319878,ros2_odometer_state
M19C_S1_lab_hard_floor_B3_U050_R3,1240.527537300,2.912542319,command,0.500000,-4.726442337,-0.153021753,-1.909371495,0.027860282,-0.057903845,-1.909294605,ros2_odometer_state
M19C_S1_lab_hard_floor_B3_U050_R3,1240.528736893,2.913741912,command,0.500000,-4.726442337,-0.153021753,-1.909371495,0.027860282,-0.057903845,-1.909294605,ros2_odometer_state
M19C_S1_lab_hard_floor_B3_U050_R3,1240.532479515,2.917484534,command,0.500000,-4.726442337,-0.153021753,-1.909371495,0.027729424,-0.058096137,-1.909227967,ros2_odometer_state
M19C_S1_lab_hard_floor_B3_U050_R3,1240.539794385,2.924799404,command,0.500000,-4.726442337,-0.153021753,-1.909371495,0.027661815,-0.058192007,-1.909188271,ros2_odometer_state
M19C_S1_lab_hard_floor_B3_U050_R3,1240.540949240,2.925954259,command,0.500000,-4.726442337,-0.153021753,-1.909371495,0.027591750,-0.058289170,-1.909148574,ros2_odometer_state
M19C_S1_lab_hard_floor_B3_U050_R3,1240.541939449,2.926944468,command,0.500000,-4.726442337,-0.153021753,-1.909371495,0.027518598,-0.058389530,-1.909101844,ros2_odometer_state
M19C_S1_lab_hard_floor_B3_U050_R3,1240.542994845,2.927999864,command,0.500000,-4.726442337,-0.153021753,-1.909371495,0.027447835,-0.058507603,-1.909053564,ros2_odometer_state
M19C_S1_lab_hard_floor_B3_U050_R3,1240.543894491,2.928899510,command,0.500000,-4.726442337,-0.153021753,-1.909371495,0.027374653,-0.058631584,-1.908999085,ros2_odometer_state
M19C_S1_lab_hard_floor_B3_U050_R3,1240.544998976,2.930003995,command,0.500000,-4.727109909,-0.152787223,-1.908999085,0.027293509,-0.058754120,-1.908934474,ros2_odometer_state
M19C_S1_lab_hard_floor_B3_U050_R3,1240.545868254,2.930873273,command,0.500000,-4.727109909,-0.152787223,-1.908999085,0.027209042,-0.058872618,-1.908876777,ros2_odometer_state
M19C_S1_lab_hard_floor_B3_U050_R3,1240.549026888,2.934031907,command,0.500000,-4.727109909,-0.152787223,-1.908999085,0.027122350,-0.058987606,-1.908812046,ros2_odometer_state
M19C_S1_lab_hard_floor_B3_U050_R3,1240.550118157,2.935123176,command,0.500000,-4.727109909,-0.152787223,-1.908999085,0.027038300,-0.059105974,-1.908743382,ros2_odometer_state
M19C_S1_lab_hard_floor_B3_U050_R3,1240.551496411,2.936501430,command,0.500000,-4.727109909,-0.152787223,-1.908999085,0.027038300,-0.059105974,-1.908743382,ros2_odometer_state
M19C_S1_lab_hard_floor_B3_U050_R3,1240.553138035,2.938143054,command,0.500000,-4.727109909,-0.152787223,-1.908999085,0.026960330,-0.059221469,-1.908675313,ros2_odometer_state
M19C_S1_lab_hard_floor_B3_U050_R3,1240.555709417,2.940714436,command,0.500000,-4.727109909,-0.152787223,-1.908999085,0.026797112,-0.059418634,-1.908549547,ros2_odometer_state
M19C_S1_lab_hard_floor_B3_U050_R3,1240.557695180,2.942700199,command,0.500000,-4.727109909,-0.152787223,-1.908999085,0.026719065,-0.059514858,-1.908479929,ros2_odometer_state
M19C_S1_lab_hard_floor_B3_U050_R3,1240.559677103,2.944682122,command,0.500000,-4.727109909,-0.152787223,-1.908999085,0.026642870,-0.059599627,-1.908417344,ros2_odometer_state
M19C_S1_lab_hard_floor_B3_U050_R3,1240.561725492,2.946730511,command,0.500000,-4.727109909,-0.152787223,-1.908999085,0.026573265,-0.059684943,-1.908359051,ros2_odometer_state
M19C_S1_lab_hard_floor_B3_U050_R3,1240.562935101,2.947940120,command,0.500000,-4.727884293,-0.152515277,-1.908359051,0.026573265,-0.059684943,-1.908359051,ros2_odometer_state
M19C_S1_lab_hard_floor_B3_U050_R3,1240.565755420,2.950760439,command,0.500000,-4.727884293,-0.152515277,-1.908359051,0.026442938,-0.059822332,-1.908261895,ros2_odometer_state
M19C_S1_lab_hard_floor_B3_U050_R3,1240.566815391,2.951820410,command,0.500000,-4.727884293,-0.152515277,-1.908359051,0.026442938,-0.059822332,-1.908261895,ros2_odometer_state
M19C_S1_lab_hard_floor_B3_U050_R3,1240.569728449,2.954733468,command,0.500000,-4.727884293,-0.152515277,-1.908359051,0.026314486,-0.059915632,-1.908206582,ros2_odometer_state
M19C_S1_lab_hard_floor_B3_U050_R3,1240.572262199,2.957267218,command,0.500000,-4.727884293,-0.152515277,-1.908359051,0.026246576,-0.059956554,-1.908189178,ros2_odometer_state
M19C_S1_lab_hard_floor_B3_U050_R3,1240.573696999,2.958702018,command,0.500000,-4.727884293,-0.152515277,-1.908359051,0.026182182,-0.059992522,-1.908180833,ros2_odometer_state
M19C_S1_lab_hard_floor_B3_U050_R3,1240.575688842,2.960693861,command,0.500000,-4.727884293,-0.152515277,-1.908359051,0.026116608,-0.060024582,-1.908189058,ros2_odometer_state
M19C_S1_lab_hard_floor_B3_U050_R3,1240.577679661,2.962684680,command,0.500000,-4.727884293,-0.152515277,-1.908359051,0.026044678,-0.060048129,-1.908199072,ros2_odometer_state
M19C_S1_lab_hard_floor_B3_U050_R3,1240.579629103,2.964634122,command,0.500000,-4.727884293,-0.152515277,-1.908359051,0.025973460,-0.060077038,-1.908208847,ros2_odometer_state
M19C_S1_lab_hard_floor_B3_U050_R3,1240.581971230,2.966976249,command,0.500000,-4.727884293,-0.152515277,-1.908359051,0.025904134,-0.060119517,-1.908214092,ros2_odometer_state
M19C_S1_lab_hard_floor_B3_U050_R3,1240.583116612,2.968121631,command,0.500000,-4.728607178,-0.152261287,-1.908214092,0.025904134,-0.060119517,-1.908214092,ros2_odometer_state
M19C_S1_lab_hard_floor_B3_U050_R3,1240.586062119,2.971067138,command,0.500000,-4.728607178,-0.152261287,-1.908214092,0.025766190,-0.060208883,-1.908276320,ros2_odometer_state
M19C_S1_lab_hard_floor_B3_U050_R3,1240.587416949,2.972421968,command,0.500000,-4.728607178,-0.152261287,-1.908214092,0.025766190,-0.060208883,-1.908276320,ros2_odometer_state
M19C_S1_lab_hard_floor_B3_U050_R3,1240.588985226,2.973990245,command,0.500000,-4.728607178,-0.152261287,-1.908214092,0.025704918,-0.060239132,-1.908330441,ros2_odometer_state
M19C_S1_lab_hard_floor_B3_U050_R3,1240.592289273,2.977294292,command,0.500000,-4.728607178,-0.152261287,-1.908214092,0.025601458,-0.060315311,-1.908457398,ros2_odometer_state
M19C_S1_lab_hard_floor_B3_U050_R3,1240.592924623,2.977929642,command,0.500000,-4.728607178,-0.152261287,-1.908214092,0.025601458,-0.060315311,-1.908457398,ros2_odometer_state
M19C_S1_lab_hard_floor_B3_U050_R3,1240.595692172,2.980697191,command,0.500000,-4.728607178,-0.152261287,-1.908214092,0.025552176,-0.060362007,-1.908663630,ros2_odometer_state
M19C_S1_lab_hard_floor_B3_U050_R3,1240.597662766,2.982667785,command,0.500000,-4.728607178,-0.152261287,-1.908214092,0.025536397,-0.060385607,-1.908778787,ros2_odometer_state
M19C_S1_lab_hard_floor_B3_U050_R3,1240.599882233,2.984887252,command,0.500000,-4.728607178,-0.152261287,-1.908214092,0.025530485,-0.060410365,-1.908894181,ros2_odometer_state
M19C_S1_lab_hard_floor_B3_U050_R3,1240.601751672,2.986756691,command,0.500000,-4.728607178,-0.152261287,-1.908214092,0.025531705,-0.060439441,-1.909026980,ros2_odometer_state
M19C_S1_lab_hard_floor_B3_U050_R3,1240.603708570,2.988713589,command,0.500000,-4.729221344,-0.152045563,-1.909026980,0.025533514,-0.060466774,-1.909172535,ros2_odometer_state
M19C_S1_lab_hard_floor_B3_U050_R3,1240.605685788,2.990690807,command,0.500000,-4.729221344,-0.152045563,-1.909026980,0.025535608,-0.060488943,-1.909323215,ros2_odometer_state
M19C_S1_lab_hard_floor_B3_U050_R3,1240.606905190,2.991910209,command,0.500000,-4.729221344,-0.152045563,-1.909026980,0.025535608,-0.060488943,-1.909323215,ros2_odometer_state
M19C_S1_lab_hard_floor_B3_U050_R3,1240.609686595,2.994691614,command,0.500000,-4.729221344,-0.152045563,-1.909026980,0.025562873,-0.060518693,-1.909646988,ros2_odometer_state
M19C_S1_lab_hard_floor_B3_U050_R3,1240.612299163,2.997304182,command,0.500000,-4.729221344,-0.152045563,-1.909026980,0.025569506,-0.060515996,-1.909802914,ros2_odometer_state
M19C_S1_lab_hard_floor_B3_U050_R3,1240.613027860,2.998032879,command,0.500000,-4.729221344,-0.152045563,-1.909026980,0.025569506,-0.060515996,-1.909802914,ros2_odometer_state
M19C_S1_lab_hard_floor_B3_U050_R3,1240.616373444,3.001378463,command,0.500000,-4.729221344,-0.152045563,-1.909026980,0.025578311,-0.060472813,-1.910127282,ros2_odometer_state
M19C_S1_lab_hard_floor_B3_U050_R3,1240.617140830,3.002145849,command,0.500000,-4.729221344,-0.152045563,-1.909026980,0.025578311,-0.060472813,-1.910127282,ros2_odometer_state
M19C_S1_lab_hard_floor_B3_U050_R3,1240.619786103,3.004791122,command,0.500000,-4.729221344,-0.152045563,-1.909026980,0.025578907,-0.060416460,-1.910434246,ros2_odometer_state
M19C_S1_lab_hard_floor_B3_U050_R3,1240.621823964,3.006828983,command,0.500000,-4.729221344,-0.152045563,-1.909026980,0.025574846,-0.060374279,-1.910569072,ros2_odometer_state
M19C_S1_lab_hard_floor_B3_U050_R3,1240.623768317,3.008773336,command,0.500000,-4.729221344,-0.152045563,-1.910569072,0.025572116,-0.060318001,-1.910693288,ros2_odometer_state
M19C_S1_lab_hard_floor_B3_U050_R3,1240.625704767,3.010709786,command,0.500000,-4.729221344,-0.152045563,-1.910569072,0.025566367,-0.060250573,-1.910805821,ros2_odometer_state
M19C_S1_lab_hard_floor_B3_U050_R3,1240.626943080,3.011948099,command,0.500000,-4.729221344,-0.152045563,-1.910569072,0.025566367,-0.060250573,-1.910805821,ros2_odometer_state
M19C_S1_lab_hard_floor_B3_U050_R3,1240.629415964,3.014420983,command,0.500000,-4.729221344,-0.152045563,-1.910569072,0.025562871,-0.060169522,-1.910910010,ros2_odometer_state
M19C_S1_lab_hard_floor_B3_U050_R3,1240.632409184,3.017414203,command,0.500000,-4.729221344,-0.152045563,-1.910569072,0.025589118,-0.059910093,-1.911124825,ros2_odometer_state
M19C_S1_lab_hard_floor_B3_U050_R3,1240.633112440,3.018117459,command,0.500000,-4.729221344,-0.152045563,-1.910569072,0.025589118,-0.059910093,-1.911124825,ros2_odometer_state
M19C_S1_lab_hard_floor_B3_U050_R3,1240.635122268,3.020127287,command,0.500000,-4.729221344,-0.152045563,-1.910569072,0.025610927,-0.059747025,-1.911216617,ros2_odometer_state
M19C_S1_lab_hard_floor_B3_U050_R3,1240.637829207,3.022834226,command,0.500000,-4.729221344,-0.152045563,-1.910569072,0.025667313,-0.059403952,-1.911355615,ros2_odometer_state
M19C_S1_lab_hard_floor_B3_U050_R3,1240.639818746,3.024823765,command,0.500000,-4.729221344,-0.152045563,-1.910569072,0.025696488,-0.059235957,-1.911410689,ros2_odometer_state
M19C_S1_lab_hard_floor_B3_U050_R3,1240.641740795,3.026745814,command,0.500000,-4.729221344,-0.152045563,-1.910569072,0.025730964,-0.059075326,-1.911442995,ros2_odometer_state
M19C_S1_lab_hard_floor_B3_U050_R3,1240.643208620,3.028213639,command,0.500000,-4.729221344,-0.152045563,-1.911442995,0.025730964,-0.059075326,-1.911442995,ros2_odometer_state
M19C_S1_lab_hard_floor_B3_U050_R3,1240.645743938,3.030748957,command,0.500000,-4.729221344,-0.152045563,-1.911442995,0.025792195,-0.058798295,-1.911501050,ros2_odometer_state
M19C_S1_lab_hard_floor_B3_U050_R3,1240.647737605,3.032742624,command,0.500000,-4.729221344,-0.152045563,-1.911442995,0.025827732,-0.058679383,-1.911537290,ros2_odometer_state
M19C_S1_lab_hard_floor_B3_U050_R3,1240.650455840,3.035460859,command,0.500000,-4.729221344,-0.152045563,-1.911442995,0.025865125,-0.058559142,-1.911581993,ros2_odometer_state
M19C_S1_lab_hard_floor_B3_U050_R3,1240.652349632,3.037354651,command,0.500000,-4.729221344,-0.152045563,-1.911442995,0.025896797,-0.058443703,-1.911625743,ros2_odometer_state
M19C_S1_lab_hard_floor_B3_U050_R3,1240.653823058,3.038828077,command,0.500000,-4.729221344,-0.152045563,-1.911442995,0.025930101,-0.058330521,-1.911666155,ros2_odometer_state
M19C_S1_lab_hard_floor_B3_U050_R3,1240.655842998,3.040848017,command,0.500000,-4.729221344,-0.152045563,-1.911442995,0.025969541,-0.058220111,-1.911708236,ros2_odometer_state
M19C_S1_lab_hard_floor_B3_U050_R3,1240.657808376,3.042813395,command,0.500000,-4.729221344,-0.152045563,-1.911442995,0.026015606,-0.058102798,-1.911747217,ros2_odometer_state
M19C_S1_lab_hard_floor_B3_U050_R3,1240.659803803,3.044808822,command,0.500000,-4.729221344,-0.152045563,-1.911442995,0.026074989,-0.057989895,-1.911777854,ros2_odometer_state
M19C_S1_lab_hard_floor_B3_U050_R3,1240.662099528,3.047104547,command,0.500000,-4.729221344,-0.152045563,-1.911442995,0.026159238,-0.057884380,-1.911795974,ros2_odometer_state
M19C_S1_lab_hard_floor_B3_U050_R3,1240.663818626,3.048823645,command,0.500000,-4.729221344,-0.152045563,-1.911795974,0.026255261,-0.057776496,-1.911797881,ros2_odometer_state
M19C_S1_lab_hard_floor_B3_U050_R3,1240.665852679,3.050857698,command,0.500000,-4.729221344,-0.152045563,-1.911795974,0.026353735,-0.057673886,-1.911810637,ros2_odometer_state
M19C_S1_lab_hard_floor_B3_U050_R3,1240.667779976,3.052784995,command,0.500000,-4.729221344,-0.152045563,-1.911795974,0.026468996,-0.057585802,-1.911825299,ros2_odometer_state
M19C_S1_lab_hard_floor_B3_U050_R3,1240.668998705,3.054003724,command,0.500000,-4.729221344,-0.152045563,-1.911795974,0.026468996,-0.057585802,-1.911825299,ros2_odometer_state
M19C_S1_lab_hard_floor_B3_U050_R3,1240.672460581,3.057465600,command,0.500000,-4.729221344,-0.152045563,-1.911795974,0.026743503,-0.057401650,-1.911805749,ros2_odometer_state
M19C_S1_lab_hard_floor_B3_U050_R3,1240.673134492,3.058139511,command,0.500000,-4.729221344,-0.152045563,-1.911795974,0.026743503,-0.057401650,-1.911805749,ros2_odometer_state
M19C_S1_lab_hard_floor_B3_U050_R3,1240.675973436,3.060978455,command,0.500000,-4.729221344,-0.152045563,-1.911795974,0.027020169,-0.057184707,-1.911739111,ros2_odometer_state
M19C_S1_lab_hard_floor_B3_U050_R3,1240.677087201,3.062092220,command,0.500000,-4.729221344,-0.152045563,-1.911795974,0.027020169,-0.057184707,-1.911739111,ros2_odometer_state
M19C_S1_lab_hard_floor_B3_U050_R3,1240.679937089,3.064942108,command,0.500000,-4.729221344,-0.152045563,-1.911795974,0.027276032,-0.056915168,-1.911609292,ros2_odometer_state
M19C_S1_lab_hard_floor_B3_U050_R3,1240.681014470,3.066019489,command,0.500000,-4.729221344,-0.152045563,-1.911795974,0.027276032,-0.056915168,-1.911609292,ros2_odometer_state
M19C_S1_lab_hard_floor_B3_U050_R3,1240.683279122,3.068284141,command,0.500000,-4.729221344,-0.152045563,-1.911519408,0.027401155,-0.056769188,-1.911519408,ros2_odometer_state
M19C_S1_lab_hard_floor_B3_U050_R3,1240.685293494,3.070298513,command,0.500000,-4.729221344,-0.152045563,-1.911519408,0.027529700,-0.056613598,-1.911422610,ros2_odometer_state
M19C_S1_lab_hard_floor_B3_U050_R3,1240.688068691,3.073073710,command,0.500000,-4.729221344,-0.152045563,-1.911519408,0.027766488,-0.056278910,-1.911220670,ros2_odometer_state
M19C_S1_lab_hard_floor_B3_U050_R3,1240.689682473,3.074687492,command,0.500000,-4.729221344,-0.152045563,-1.911519408,0.027766488,-0.056278910,-1.911220670,ros2_odometer_state
M19C_S1_lab_hard_floor_B3_U050_R3,1240.691772464,3.076777483,command,0.500000,-4.729221344,-0.152045563,-1.911519408,0.027882690,-0.056106351,-1.911109686,ros2_odometer_state
M19C_S1_lab_hard_floor_B3_U050_R3,1240.693208832,3.078213851,command,0.500000,-4.729221344,-0.152045563,-1.911519408,0.028001774,-0.055928733,-1.911002755,ros2_odometer_state
M19C_S1_lab_hard_floor_B3_U050_R3,1240.695968829,3.080973848,command,0.500000,-4.729221344,-0.152045563,-1.911519408,0.028272433,-0.055550363,-1.910804749,ros2_odometer_state
M19C_S1_lab_hard_floor_B3_U050_R3,1240.697088739,3.082093758,command,0.500000,-4.729221344,-0.152045563,-1.911519408,0.028272433,-0.055550363,-1.910804749,ros2_odometer_state
M19C_S1_lab_hard_floor_B3_U050_R3,1240.700124489,3.085129508,command,0.500000,-4.729221344,-0.152045563,-1.911519408,0.028585544,-0.055149965,-1.910634637,ros2_odometer_state
M19C_S1_lab_hard_floor_B3_U050_R3,1240.702201615,3.087206634,command,0.500000,-4.729221344,-0.152045563,-1.911519408,0.028763704,-0.054963689,-1.910563469,ros2_odometer_state
M19C_S1_lab_hard_floor_B3_U050_R3,1240.703915305,3.088920324,command,0.500000,-4.729221344,-0.152045563,-1.910563469,0.028956629,-0.054786120,-1.910495162,ros2_odometer_state
M19C_S1_lab_hard_floor_B3_U050_R3,1240.705066288,3.090071307,command,0.500000,-4.729221344,-0.152045563,-1.910563469,0.028956629,-0.054786120,-1.910495162,ros2_odometer_state
M19C_S1_lab_hard_floor_B3_U050_R3,1240.708027379,3.093032398,command,0.500000,-4.729221344,-0.152045563,-1.910563469,0.029356804,-0.054479074,-1.910342574,ros2_odometer_state
M19C_S1_lab_hard_floor_B3_U050_R3,1240.709192955,3.094197974,command,0.500000,-4.729221344,-0.152045563,-1.910563469,0.029356804,-0.054479074,-1.910342574,ros2_odometer_state
M19C_S1_lab_hard_floor_B3_U050_R3,1240.712545996,3.097551015,command,0.500000,-4.729221344,-0.152045563,-1.910563469,0.029749356,-0.054252584,-1.910167694,ros2_odometer_state
M19C_S1_lab_hard_floor_B3_U050_R3,1240.713936698,3.098941717,command,0.500000,-4.729221344,-0.152045563,-1.910563469,0.029939484,-0.054162174,-1.910086989,ros2_odometer_state
M19C_S1_lab_hard_floor_B3_U050_R3,1240.715901341,3.100906360,command,0.500000,-4.729221344,-0.152045563,-1.910563469,0.030133579,-0.054071862,-1.910015702,ros2_odometer_state
M19C_S1_lab_hard_floor_B3_U050_R3,1240.718140456,3.103145475,command,0.500000,-4.729221344,-0.152045563,-1.910563469,0.030331451,-0.053980939,-1.909944773,ros2_odometer_state
M19C_S1_lab_hard_floor_B3_U050_R3,1240.720129643,3.105134662,command,0.500000,-4.729221344,-0.152045563,-1.910563469,0.030535540,-0.053882957,-1.909878612,ros2_odometer_state
M19C_S1_lab_hard_floor_B3_U050_R3,1240.721272913,3.106277932,command,0.500000,-4.729221344,-0.152045563,-1.910563469,0.030535540,-0.053882957,-1.909878612,ros2_odometer_state
M19C_S1_lab_hard_floor_B3_U050_R3,1240.723329815,3.108334834,command,0.500000,-4.729221344,-0.152045563,-1.909807920,0.030752219,-0.053779915,-1.909807920,ros2_odometer_state
M19C_S1_lab_hard_floor_B3_U050_R3,1240.726036082,3.111041101,command,0.500000,-4.729221344,-0.152045563,-1.909807920,0.031253658,-0.053554866,-1.909669161,ros2_odometer_state
M19C_S1_lab_hard_floor_B3_U050_R3,1240.728065942,3.113070961,command,0.500000,-4.729221344,-0.152045563,-1.909807920,0.031530187,-0.053442221,-1.909627557,ros2_odometer_state
M19C_S1_lab_hard_floor_B3_U050_R3,1240.730028216,3.115033235,command,0.500000,-4.729221344,-0.152045563,-1.909807920,0.031798691,-0.053332809,-1.909590602,ros2_odometer_state
M19C_S1_lab_hard_floor_B3_U050_R3,1240.732503596,3.117508615,command,0.500000,-4.729221344,-0.152045563,-1.909807920,0.032046527,-0.053228341,-1.909552336,ros2_odometer_state
M19C_S1_lab_hard_floor_B3_U050_R3,1240.734071008,3.119076027,command,0.500000,-4.729221344,-0.152045563,-1.909807920,0.032267548,-0.053124037,-1.909511089,ros2_odometer_state
M19C_S1_lab_hard_floor_B3_U050_R3,1240.736321036,3.121326055,command,0.500000,-4.729221344,-0.152045563,-1.909807920,0.032469805,-0.053021420,-1.909467816,ros2_odometer_state
M19C_S1_lab_hard_floor_B3_U050_R3,1240.738057543,3.123062562,command,0.500000,-4.729221344,-0.152045563,-1.909807920,0.032664157,-0.052909359,-1.909434438,ros2_odometer_state
M19C_S1_lab_hard_floor_B3_U050_R3,1240.740095211,3.125100230,command,0.500000,-4.729221344,-0.152045563,-1.909807920,0.032858495,-0.052792381,-1.909390450,ros2_odometer_state
M19C_S1_lab_hard_floor_B3_U050_R3,1240.742121424,3.127126443,command,0.500000,-4.729221344,-0.152045563,-1.909807920,0.033046700,-0.052670237,-1.909342766,ros2_odometer_state
M19C_S1_lab_hard_floor_B3_U050_R3,1240.743884587,3.128889606,command,0.500000,-4.729221344,-0.152045563,-1.909342766,0.033225019,-0.052534092,-1.909299970,ros2_odometer_state
M19C_S1_lab_hard_floor_B3_U050_R3,1240.746175064,3.131180083,command,0.500000,-4.729221344,-0.152045563,-1.909342766,0.033397108,-0.052391320,-1.909255028,ros2_odometer_state
M19C_S1_lab_hard_floor_B3_U050_R3,1240.748145595,3.133150614,command,0.500000,-4.729221344,-0.152045563,-1.909342766,0.033569034,-0.052250613,-1.909191370,ros2_odometer_state
M19C_S1_lab_hard_floor_B3_U050_R3,1240.750088124,3.135093143,command,0.500000,-4.729221344,-0.152045563,-1.909342766,0.033742439,-0.052118383,-1.909117222,ros2_odometer_state
M19C_S1_lab_hard_floor_B3_U050_R3,1240.752753782,3.137758801,command,0.500000,-4.729221344,-0.152045563,-1.909342766,0.033913616,-0.051993120,-1.909059405,ros2_odometer_state
M19C_S1_lab_hard_floor_B3_U050_R3,1240.753522000,3.138527019,command,0.500000,-4.729221344,-0.152045563,-1.909342766,0.033913616,-0.051993120,-1.909059405,ros2_odometer_state
M19C_S1_lab_hard_floor_B3_U050_R3,1240.755942497,3.140947516,command,0.500000,-4.729221344,-0.152045563,-1.909342766,0.034294929,-0.051777799,-1.909032941,ros2_odometer_state
M19C_S1_lab_hard_floor_B3_U050_R3,1240.757939716,3.142944735,command,0.500000,-4.729221344,-0.152045563,-1.909342766,0.034481611,-0.051676951,-1.909052372,ros2_odometer_state
M19C_S1_lab_hard_floor_B3_U050_R3,1240.759819332,3.144824351,command,0.500000,-4.729221344,-0.152045563,-1.909342766,0.034667335,-0.051569823,-1.909087539,ros2_odometer_state
M19C_S1_lab_hard_floor_B3_U050_R3,1240.761852712,3.146857731,command,0.500000,-4.729221344,-0.152045563,-1.909342766,0.034865547,-0.051468521,-1.909124613,ros2_odometer_state
M19C_S1_lab_hard_floor_B3_U050_R3,1240.763192405,3.148197424,command,0.500000,-4.729221344,-0.152045563,-1.909124613,0.034865547,-0.051468521,-1.909124613,ros2_odometer_state
M19C_S1_lab_hard_floor_B3_U050_R3,1240.765951730,3.150956749,command,0.500000,-4.729221344,-0.152045563,-1.909124613,0.035256781,-0.051280428,-1.909214020,ros2_odometer_state
M19C_S1_lab_hard_floor_B3_U050_R3,1240.767852082,3.152857101,command,0.500000,-4.729221344,-0.152045563,-1.909124613,0.035445865,-0.051190156,-1.909255505,ros2_odometer_state
M19C_S1_lab_hard_floor_B3_U050_R3,1240.769167231,3.154172250,command,0.500000,-4.729221344,-0.152045563,-1.909124613,0.035445865,-0.051190156,-1.909255505,ros2_odometer_state
M19C_S1_lab_hard_floor_B3_U050_R3,1240.772530608,3.157535627,command,0.500000,-4.729221344,-0.152045563,-1.909124613,0.035811909,-0.051018167,-1.909326673,ros2_odometer_state
M19C_S1_lab_hard_floor_B3_U050_R3,1240.773899422,3.158904441,command,0.500000,-4.729221344,-0.152045563,-1.909124613,0.035990447,-0.050908722,-1.909356952,ros2_odometer_state
M19C_S1_lab_hard_floor_B3_U050_R3,1240.775979844,3.160984863,command,0.500000,-4.729221344,-0.152045563,-1.909124613,0.036172941,-0.050768543,-1.909378529,ros2_odometer_state
M19C_S1_lab_hard_floor_B3_U050_R3,1240.777964391,3.162969410,command,0.500000,-4.729221344,-0.152045563,-1.909124613,0.036353946,-0.050610945,-1.909396768,ros2_odometer_state
M19C_S1_lab_hard_floor_B3_U050_R3,1240.779926601,3.164931620,command,0.500000,-4.729221344,-0.152045563,-1.909124613,0.036512747,-0.050421797,-1.909397840,ros2_odometer_state
M19C_S1_lab_hard_floor_B3_U050_R3,1240.782002575,3.167007594,command,0.500000,-4.729221344,-0.152045563,-1.909124613,0.036658049,-0.050202843,-1.909386158,ros2_odometer_state
M19C_S1_lab_hard_floor_B3_U050_R3,1240.784113686,3.169118705,command,0.500000,-4.729221344,-0.152045563,-1.909386158,0.036799528,-0.049976803,-1.909370303,ros2_odometer_state
M19C_S1_lab_hard_floor_B3_U050_R3,1240.785875761,3.170880780,command,0.500000,-4.729221344,-0.152045563,-1.909386158,0.036939882,-0.049743384,-1.909338951,ros2_odometer_state
M19C_S1_lab_hard_floor_B3_U050_R3,1240.787904086,3.172909105,command,0.500000,-4.729221344,-0.152045563,-1.909386158,0.037068196,-0.049512431,-1.909304500,ros2_odometer_state
M19C_S1_lab_hard_floor_B3_U050_R3,1240.790325127,3.175330146,command,0.500000,-4.729221344,-0.152045563,-1.909386158,0.037186436,-0.049286421,-1.909277320,ros2_odometer_state
M19C_S1_lab_hard_floor_B3_U050_R3,1240.792707383,3.177712402,command,0.500000,-4.729221344,-0.152045563,-1.909386158,0.037302043,-0.049069788,-1.909244895,ros2_odometer_state
M19C_S1_lab_hard_floor_B3_U050_R3,1240.793459633,3.178464652,command,0.500000,-4.729221344,-0.152045563,-1.909386158,0.037302043,-0.049069788,-1.909244895,ros2_odometer_state
M19C_S1_lab_hard_floor_B3_U050_R3,1240.795260557,3.180265576,command,0.500000,-4.729221344,-0.152045563,-1.909386158,0.037411291,-0.048857883,-1.909206033,ros2_odometer_state
M19C_S1_lab_hard_floor_B3_U050_R3,1240.797217359,3.182222378,command,0.500000,-4.729221344,-0.152045563,-1.909386158,0.037515387,-0.048645783,-1.909177184,ros2_odometer_state
M19C_S1_lab_hard_floor_B3_U050_R3,1240.801559009,3.186564028,command,0.500000,-4.729221344,-0.152045563,-1.909386158,0.037719730,-0.048239645,-1.909138203,ros2_odometer_state
M19C_S1_lab_hard_floor_B3_U050_R3,1240.802411518,3.187416537,command,0.500000,-4.729221344,-0.152045563,-1.909386158,0.037827402,-0.048046406,-1.909130931,ros2_odometer_state
M19C_S1_lab_hard_floor_B3_U050_R3,1240.803967507,3.188972526,command,0.500000,-4.729221344,-0.152045563,-1.909130931,0.037936389,-0.047866542,-1.909129381,ros2_odometer_state
M19C_S1_lab_hard_floor_B3_U050_R3,1240.805995607,3.191000626,command,0.500000,-4.729221344,-0.152045563,-1.909130931,0.038040020,-0.047701467,-1.909135342,ros2_odometer_state
M19C_S1_lab_hard_floor_B3_U050_R3,1240.807954553,3.192959572,command,0.500000,-4.729221344,-0.152045563,-1.909130931,0.038142007,-0.047544509,-1.909158707,ros2_odometer_state
M19C_S1_lab_hard_floor_B3_U050_R3,1240.809307750,3.194312769,command,0.500000,-4.729221344,-0.152045563,-1.909130931,0.038142007,-0.047544509,-1.909158707,ros2_odometer_state
M19C_S1_lab_hard_floor_B3_U050_R3,1240.812917280,3.197922299,command,0.500000,-4.729221344,-0.152045563,-1.909130931,0.038356405,-0.047238171,-1.909256935,ros2_odometer_state
M19C_S1_lab_hard_floor_B3_U050_R3,1240.813336462,3.198341481,command,0.500000,-4.729221344,-0.152045563,-1.909130931,0.038356405,-0.047238171,-1.909256935,ros2_odometer_state
M19C_S1_lab_hard_floor_B3_U050_R3,1240.816057514,3.201062533,command,0.500000,-4.729221344,-0.152045563,-1.909130931,0.038605206,-0.046976976,-1.909414053,ros2_odometer_state
M19C_S1_lab_hard_floor_B3_U050_R3,1240.818012620,3.203017639,command,0.500000,-4.729221344,-0.152045563,-1.909130931,0.038746241,-0.046843275,-1.909516096,ros2_odometer_state
M19C_S1_lab_hard_floor_B3_U050_R3,1240.819956621,3.204961640,command,0.500000,-4.729221344,-0.152045563,-1.909130931,0.038887743,-0.046704631,-1.909632802,ros2_odometer_state
M19C_S1_lab_hard_floor_B3_U050_R3,1240.822040947,3.207045966,command,0.500000,-4.729221344,-0.152045563,-1.909130931,0.039024636,-0.046576452,-1.909746647,ros2_odometer_state
M19C_S1_lab_hard_floor_B3_U050_R3,1240.823405281,3.208410300,command,0.500000,-4.730469227,-0.153752506,-1.909746647,0.039024636,-0.046576452,-1.909746647,ros2_odometer_state
M19C_S1_lab_hard_floor_B3_U050_R3,1240.826054170,3.211059189,command,0.500000,-4.730469227,-0.153752506,-1.909746647,0.039302908,-0.046333689,-1.909988284,ros2_odometer_state
M19C_S1_lab_hard_floor_B3_U050_R3,1240.827998492,3.213003511,command,0.500000,-4.730469227,-0.153752506,-1.909746647,0.039448153,-0.046224397,-1.910123348,ros2_odometer_state
M19C_S1_lab_hard_floor_B3_U050_R3,1240.829964670,3.214969689,command,0.500000,-4.730469227,-0.153752506,-1.909746647,0.039586958,-0.046123799,-1.910259366,ros2_odometer_state
M19C_S1_lab_hard_floor_B3_U050_R3,1240.832651417,3.217656436,command,0.500000,-4.730469227,-0.153752506,-1.909746647,0.039716143,-0.046026215,-1.910395980,ros2_odometer_state
M19C_S1_lab_hard_floor_B3_U050_R3,1240.834010150,3.219015169,command,0.500000,-4.730469227,-0.153752506,-1.909746647,0.039850079,-0.045933787,-1.910527229,ros2_odometer_state
M19C_S1_lab_hard_floor_B3_U050_R3,1240.836034123,3.221039142,command,0.500000,-4.730469227,-0.153752506,-1.909746647,0.039979063,-0.045849327,-1.910655141,ros2_odometer_state
M19C_S1_lab_hard_floor_B3_U050_R3,1240.837993837,3.222998856,command,0.500000,-4.730469227,-0.153752506,-1.909746647,0.040097032,-0.045769926,-1.910778880,ros2_odometer_state
M19C_S1_lab_hard_floor_B3_U050_R3,1240.842034165,3.227039184,command,0.500000,-4.730469227,-0.153752506,-1.909746647,0.040208124,-0.045684021,-1.910902381,ros2_odometer_state
M19C_S1_lab_hard_floor_B3_U050_R3,1240.842934483,3.227939502,command,0.500000,-4.730469227,-0.153752506,-1.909746647,0.040316619,-0.045597542,-1.911036015,ros2_odometer_state
M19C_S1_lab_hard_floor_B3_U050_R3,1240.845053850,3.230058869,command,0.500000,-4.731224060,-0.155901223,-1.911036015,0.040424388,-0.045507986,-1.911173582,ros2_odometer_state
M19C_S1_lab_hard_floor_B3_U050_R3,1240.845629390,3.230634409,command,0.500000,-4.731224060,-0.155901223,-1.911036015,0.040424388,-0.045507986,-1.911173582,ros2_odometer_state
M19C_S1_lab_hard_floor_B3_U050_R3,1240.847429290,3.232434309,command,0.500000,-4.731224060,-0.155901223,-1.911036015,0.040533710,-0.045420494,-1.911308646,ros2_odometer_state
M19C_S1_lab_hard_floor_B3_U050_R3,1240.849400557,3.234405576,command,0.500000,-4.731224060,-0.155901223,-1.911036015,0.040639378,-0.045336388,-1.911437154,ros2_odometer_state
M19C_S1_lab_hard_floor_B3_U050_R3,1240.852160938,3.237165957,command,0.500000,-4.731224060,-0.155901223,-1.911036015,0.040733717,-0.045255203,-1.911563754,ros2_odometer_state
M19C_S1_lab_hard_floor_B3_U050_R3,1240.853557017,3.238562036,command,0.500000,-4.731224060,-0.155901223,-1.911036015,0.040827870,-0.045182791,-1.911683440,ros2_odometer_state
M19C_S1_lab_hard_floor_B3_U050_R3,1240.856478971,3.241483990,command,0.500000,-4.731224060,-0.155901223,-1.911036015,0.041020270,-0.045096237,-1.911922932,ros2_odometer_state
M19C_S1_lab_hard_floor_B3_U050_R3,1240.857475933,3.242480952,command,0.500000,-4.731224060,-0.155901223,-1.911036015,0.041020270,-0.045096237,-1.911922932,ros2_odometer_state
M19C_S1_lab_hard_floor_B3_U050_R3,1240.861883569,3.246888588,command,0.500000,-4.731224060,-0.155901223,-1.911036015,0.041224986,-0.045037664,-1.912182212,ros2_odometer_state
M19C_S1_lab_hard_floor_B3_U050_R3,1240.863059897,3.248064916,command,0.500000,-4.731224060,-0.155901223,-1.911036015,0.041327521,-0.045029067,-1.912308812,ros2_odometer_state
M19C_S1_lab_hard_floor_B3_U050_R3,1240.863636396,3.248641415,command,0.500000,-4.732125282,-0.158466086,-1.912308812,0.041327521,-0.045029067,-1.912308812,ros2_odometer_state
M19C_S1_lab_hard_floor_B3_U050_R3,1240.865461834,3.250466853,command,0.500000,-4.732125282,-0.158466086,-1.912308812,0.041422874,-0.045027316,-1.912428498,ros2_odometer_state
M19C_S1_lab_hard_floor_B3_U050_R3,1240.867480398,3.252485417,command,0.500000,-4.732125282,-0.158466086,-1.912308812,0.041516021,-0.045026459,-1.912554622,ros2_odometer_state
M19C_S1_lab_hard_floor_B3_U050_R3,1240.869415375,3.254420394,command,0.500000,-4.732125282,-0.158466086,-1.912308812,0.041611265,-0.045029301,-1.912684083,ros2_odometer_state
M19C_S1_lab_hard_floor_B3_U050_R3,1240.872150827,3.257155846,command,0.500000,-4.732125282,-0.158466086,-1.912308812,0.041713636,-0.045046289,-1.912820458,ros2_odometer_state
M19C_S1_lab_hard_floor_B3_U050_R3,1240.874506842,3.259511861,command,0.500000,-4.732125282,-0.158466086,-1.912308812,0.041910183,-0.045073275,-1.913096786,ros2_odometer_state
M19C_S1_lab_hard_floor_B3_U050_R3,1240.875450490,3.260455509,command,0.500000,-4.732125282,-0.158466086,-1.912308812,0.041910183,-0.045073275,-1.913096786,ros2_odometer_state
M19C_S1_lab_hard_floor_B3_U050_R3,1240.878554403,3.263559422,command,0.500000,-4.732125282,-0.158466086,-1.912308812,0.042101715,-0.045105413,-1.913368344,ros2_odometer_state
M19C_S1_lab_hard_floor_B3_U050_R3,1240.880248380,3.265253399,command,0.500000,-4.732125282,-0.158466086,-1.912308812,0.042101715,-0.045105413,-1.913368344,ros2_odometer_state
M19C_S1_lab_hard_floor_B3_U050_R3,1240.881631274,3.266636293,command,0.500000,-4.732125282,-0.158466086,-1.912308812,0.042201381,-0.045116782,-1.913508415,ros2_odometer_state
M19C_S1_lab_hard_floor_B3_U050_R3,1240.885520653,3.270525672,command,0.500000,-4.733058929,-0.161125034,-1.913644552,0.042386729,-0.045151845,-1.913771152,ros2_odometer_state
M19C_S1_lab_hard_floor_B3_U050_R3,1240.886504750,3.271509769,command,0.500000,-4.733058929,-0.161125034,-1.913644552,0.042474631,-0.045193106,-1.913890123,ros2_odometer_state
M19C_S1_lab_hard_floor_B3_U050_R3,1240.889842943,3.274847962,command,0.500000,-4.733058929,-0.161125034,-1.913644552,0.042548135,-0.045241665,-1.913996696,ros2_odometer_state
M19C_S1_lab_hard_floor_B3_U050_R3,1240.891758623,3.276763642,command,0.500000,-4.733058929,-0.161125034,-1.913644552,0.042625181,-0.045306098,-1.914102316,ros2_odometer_state
M19C_S1_lab_hard_floor_B3_U050_R3,1240.892136428,3.277141447,command,0.500000,-4.733058929,-0.161125034,-1.913644552,0.042625181,-0.045306098,-1.914102316,ros2_odometer_state
M19C_S1_lab_hard_floor_B3_U050_R3,1240.894495996,3.279501015,command,0.500000,-4.733058929,-0.161125034,-1.913644552,0.042773109,-0.045448206,-1.914293289,ros2_odometer_state
M19C_S1_lab_hard_floor_B3_U050_R3,1240.895553887,3.280558906,command,0.500000,-4.733058929,-0.161125034,-1.913644552,0.042773109,-0.045448206,-1.914293289,ros2_odometer_state
M19C_S1_lab_hard_floor_B3_U050_R3,1240.898223737,3.283228756,command,0.500000,-4.733058929,-0.161125034,-1.913644552,0.042897049,-0.045560025,-1.914450288,ros2_odometer_state
M19C_S1_lab_hard_floor_B3_U050_R3,1240.900572008,3.285577027,command,0.500000,-4.733058929,-0.161125034,-1.913644552,0.042897049,-0.045560025,-1.914450288,ros2_odometer_state
M19C_S1_lab_hard_floor_B3_U050_R3,1240.902301603,3.287306622,command,0.500000,-4.733058929,-0.161125034,-1.913644552,0.043004014,-0.045603137,-1.914589405,ros2_odometer_state
M19C_S1_lab_hard_floor_B3_U050_R3,1240.904415306,3.289420325,command,0.500000,-4.734085083,-0.164045855,-1.914589405,0.043056738,-0.045600183,-1.914656758,ros2_odometer_state
M19C_S1_lab_hard_floor_B3_U050_R3,1240.906145252,3.291150271,command,0.500000,-4.734085083,-0.164045855,-1.914589405,0.043098714,-0.045588903,-1.914713144,ros2_odometer_state
M19C_S1_lab_hard_floor_B3_U050_R3,1240.908218122,3.293223141,command,0.500000,-4.734085083,-0.164045855,-1.914589405,0.043134220,-0.045561366,-1.914755225,ros2_odometer_state
M19C_S1_lab_hard_floor_B3_U050_R3,1240.909421362,3.294426381,command,0.500000,-4.734085083,-0.164045855,-1.914589405,0.043134220,-0.045561366,-1.914755225,ros2_odometer_state
M19C_S1_lab_hard_floor_B3_U050_R3,1240.912882023,3.297887042,command,0.500000,-4.734085083,-0.164045855,-1.914589405,0.043220259,-0.045468677,-1.914847255,ros2_odometer_state
M19C_S1_lab_hard_floor_B3_U050_R3,1240.916688135,3.301693154,command,0.500000,-4.734085083,-0.164045855,-1.914589405,0.043266922,-0.045407344,-1.914887905,ros2_odometer_state
M19C_S1_lab_hard_floor_B3_U050_R3,1240.917704873,3.302709892,command,0.500000,-4.734085083,-0.164045855,-1.914589405,0.043308035,-0.045336463,-1.914917827,ros2_odometer_state
M19C_S1_lab_hard_floor_B3_U050_R3,1240.918547718,3.303552737,command,0.500000,-4.734085083,-0.164045855,-1.914589405,0.043352418,-0.045261540,-1.914935470,ros2_odometer_state
M19C_S1_lab_hard_floor_B3_U050_R3,1240.920242783,3.305247802,command,0.500000,-4.734085083,-0.164045855,-1.914589405,0.043401305,-0.045171328,-1.914949417,ros2_odometer_state
M19C_S1_lab_hard_floor_B3_U050_R3,1240.922197569,3.307202588,command,0.500000,-4.734085083,-0.164045855,-1.914589405,0.043449208,-0.045078821,-1.914965153,ros2_odometer_state
M19C_S1_lab_hard_floor_B3_U050_R3,1240.924495406,3.309500425,command,0.500000,-4.735745907,-0.166731298,-1.914965153,0.043494318,-0.044986542,-1.914966106,ros2_odometer_state
M19C_S1_lab_hard_floor_B3_U050_R3,1240.926211912,3.311216931,command,0.500000,-4.735745907,-0.166731298,-1.914965153,0.043538898,-0.044886164,-1.914959073,ros2_odometer_state
M19C_S1_lab_hard_floor_B3_U050_R3,1240.928393009,3.313398028,command,0.500000,-4.735745907,-0.166731298,-1.914965153,0.043582901,-0.044779077,-1.914956331,ros2_odometer_state
M19C_S1_lab_hard_floor_B3_U050_R3,1240.930150989,3.315156008,command,0.500000,-4.735745907,-0.166731298,-1.914965153,0.043582901,-0.044779077,-1.914956331,ros2_odometer_state
M19C_S1_lab_hard_floor_B3_U050_R3,1240.932886441,3.317891460,command,0.500000,-4.735745907,-0.166731298,-1.914965153,0.043656643,-0.044567455,-1.914928198,ros2_odometer_state
M19C_S1_lab_hard_floor_B3_U050_R3,1240.934344602,3.319349621,command,0.500000,-4.735745907,-0.166731298,-1.914965153,0.043681081,-0.044454042,-1.914898753,ros2_odometer_state
M19C_S1_lab_hard_floor_B3_U050_R3,1240.935679847,3.320684866,command,0.500000,-4.735745907,-0.166731298,-1.914965153,0.043681081,-0.044454042,-1.914898753,ros2_odometer_state
M19C_S1_lab_hard_floor_B3_U050_R3,1240.938407811,3.323412830,command,0.500000,-4.735745907,-0.166731298,-1.914965153,0.043720808,-0.044228170,-1.914836884,ros2_odometer_state
M19C_S1_lab_hard_floor_B3_U050_R3,1240.940285154,3.325290173,command,0.500000,-4.735745907,-0.166731298,-1.914965153,0.043735225,-0.044111632,-1.914814711,ros2_odometer_state
M19C_S1_lab_hard_floor_B3_U050_R3,1240.942274757,3.327279776,command,0.500000,-4.735745907,-0.166731298,-1.914965153,0.043746594,-0.043988019,-1.914797068,ros2_odometer_state
M19C_S1_lab_hard_floor_B3_U050_R3,1240.943542288,3.328547307,command,0.500000,-4.737388611,-0.169165179,-1.914797068,0.043746594,-0.043988019,-1.914797068,ros2_odometer_state
M19C_S1_lab_hard_floor_B3_U050_R3,1240.946463986,3.331469005,command,0.500000,-4.737388611,-0.169165179,-1.914797068,0.043762479,-0.043743156,-1.914737821,ros2_odometer_state
M19C_S1_lab_hard_floor_B3_U050_R3,1240.950225201,3.335230220,command,0.500000,-4.737388611,-0.169165179,-1.914797068,0.043762479,-0.043743156,-1.914737821,ros2_odometer_state
M19C_S1_lab_hard_floor_B3_U050_R3,1240.951232563,3.336237582,command,0.500000,-4.737388611,-0.169165179,-1.914797068,0.043755941,-0.043525498,-1.914662242,ros2_odometer_state
M19C_S1_lab_hard_floor_B3_U050_R3,1240.953220597,3.338225616,command,0.500000,-4.737388611,-0.169165179,-1.914797068,0.043744992,-0.043309446,-1.914567232,ros2_odometer_state
M19C_S1_lab_hard_floor_B3_U050_R3,1240.955188312,3.340193331,command,0.500000,-4.737388611,-0.169165179,-1.914797068,0.043735269,-0.043202091,-1.914523482,ros2_odometer_state
M19C_S1_lab_hard_floor_B3_U050_R3,1240.956649513,3.341654532,command,0.500000,-4.737388611,-0.169165179,-1.914797068,0.043719657,-0.043099038,-1.914493322,ros2_odometer_state
M19C_S1_lab_hard_floor_B3_U050_R3,1240.957767951,3.342772970,command,0.500000,-4.737388611,-0.169165179,-1.914797068,0.043719657,-0.043099038,-1.914493322,ros2_odometer_state
M19C_S1_lab_hard_floor_B3_U050_R3,1240.959632269,3.344637288,command,0.500000,-4.737388611,-0.169165179,-1.914797068,0.043702688,-0.043006279,-1.914471269,ros2_odometer_state
M19C_S1_lab_hard_floor_B3_U050_R3,1240.962289927,3.347294946,command,0.500000,-4.737388611,-0.169165179,-1.914797068,0.043647669,-0.042857699,-1.914429069,ros2_odometer_state
M19C_S1_lab_hard_floor_B3_U050_R3,1240.964373549,3.349378568,command,0.500000,-4.739094257,-0.171575963,-1.914429069,0.043615792,-0.042809129,-1.914397359,ros2_odometer_state
M19C_S1_lab_hard_floor_B3_U050_R3,1240.965509171,3.350514190,command,0.500000,-4.739094257,-0.171575963,-1.914429069,0.043615792,-0.042809129,-1.914397359,ros2_odometer_state
M19C_S1_lab_hard_floor_B3_U050_R3,1240.968325298,3.353330317,command,0.500000,-4.739094257,-0.171575963,-1.914429069,0.043534204,-0.042763297,-1.914359331,ros2_odometer_state
M19C_S1_lab_hard_floor_B3_U050_R3,1240.970594943,3.355599962,command,0.500000,-4.739094257,-0.171575963,-1.914429069,0.043502614,-0.042764947,-1.914349914,ros2_odometer_state
M19C_S1_lab_hard_floor_B3_U050_R3,1240.973104467,3.358109486,command,0.500000,-4.739094257,-0.171575963,-1.914429069,0.043464430,-0.042785261,-1.914336085,ros2_odometer_state
M19C_S1_lab_hard_floor_B3_U050_R3,1240.974457409,3.359462428,command,0.500000,-4.739094257,-0.171575963,-1.914429069,0.043427832,-0.042811289,-1.914336443,ros2_odometer_state
M19C_S1_lab_hard_floor_B3_U050_R3,1240.976430435,3.361435454,command,0.500000,-4.739094257,-0.171575963,-1.914429069,0.043394059,-0.042840637,-1.914351463,ros2_odometer_state
M19C_S1_lab_hard_floor_B3_U050_R3,1240.978318755,3.363323774,command,0.500000,-4.739094257,-0.171575963,-1.914429069,0.043375708,-0.042861078,-1.914376020,ros2_odometer_state
M19C_S1_lab_hard_floor_B3_U050_R3,1240.980328999,3.365334018,command,0.500000,-4.739094257,-0.171575963,-1.914429069,0.043370843,-0.042868719,-1.914397597,ros2_odometer_state
M19C_S1_lab_hard_floor_B3_U050_R3,1240.982560850,3.367565869,command,0.500000,-4.739094257,-0.171575963,-1.914429069,0.043365091,-0.042868357,-1.914407253,ros2_odometer_state
M19C_S1_lab_hard_floor_B3_U050_R3,1240.984505491,3.369510510,command,0.500000,-4.740941048,-0.174007297,-1.914407253,0.043366984,-0.042859521,-1.914425015,ros2_odometer_state
M19C_S1_lab_hard_floor_B3_U050_R3,1240.986363826,3.371368845,command,0.500000,-4.740941048,-0.174007297,-1.914407253,0.043385185,-0.042849801,-1.914449930,ros2_odometer_state
M19C_S1_lab_hard_floor_B3_U050_R3,1240.988631838,3.373636857,command,0.500000,-4.740941048,-0.174007297,-1.914407253,0.043418869,-0.042836230,-1.914468646,ros2_odometer_state
M19C_S1_lab_hard_floor_B3_U050_R3,1240.990269205,3.375274224,command,0.500000,-4.740941048,-0.174007297,-1.914407253,0.043461040,-0.042817131,-1.914504886,ros2_odometer_state
M19C_S1_lab_hard_floor_B3_U050_R3,1240.992299258,3.377304277,command,0.500000,-4.740941048,-0.174007297,-1.914407253,0.043461040,-0.042817131,-1.914504886,ros2_odometer_state
M19C_S1_lab_hard_floor_B3_U050_R3,1240.994693418,3.379698437,command,0.500000,-4.740941048,-0.174007297,-1.914407253,0.043581001,-0.042771172,-1.914618254,ros2_odometer_state
M19C_S1_lab_hard_floor_B3_U050_R3,1240.995776271,3.380781290,command,0.500000,-4.740941048,-0.174007297,-1.914407253,0.043581001,-0.042771172,-1.914618254,ros2_odometer_state
M19C_S1_lab_hard_floor_B3_U050_R3,1240.998351398,3.383356417,command,0.500000,-4.740941048,-0.174007297,-1.914407253,0.043725781,-0.042645302,-1.914830685,ros2_odometer_state
M19C_S1_lab_hard_floor_B3_U050_R3,1241.000658835,3.385663854,command,0.500000,-4.740941048,-0.174007297,-1.914407253,0.043815777,-0.042554319,-1.914956927,ros2_odometer_state
M19C_S1_lab_hard_floor_B3_U050_R3,1241.003153447,3.388158466,command,0.500000,-4.740941048,-0.174007297,-1.914407253,0.043913145,-0.042455185,-1.915066242,ros2_odometer_state
M19C_S1_lab_hard_floor_B3_U050_R3,1241.004869921,3.389874940,command,0.500000,-4.742873192,-0.176806673,-1.915066242,0.044012908,-0.042350281,-1.915173173,ros2_odometer_state
M19C_S1_lab_hard_floor_B3_U050_R3,1241.006364339,3.391369358,command,0.500000,-4.742873192,-0.176806673,-1.915066242,0.044122849,-0.042252902,-1.915302634,ros2_odometer_state
M19C_S1_lab_hard_floor_B3_U050_R3,1241.008322837,3.393327856,command,0.500000,-4.742873192,-0.176806673,-1.915066242,0.044238970,-0.042155605,-1.915457726,ros2_odometer_state
M19C_S1_lab_hard_floor_B3_U050_R3,1241.010310584,3.395315603,command,0.500000,-4.742873192,-0.176806673,-1.915066242,0.044371627,-0.042059507,-1.915623307,ros2_odometer_state
M19C_S1_lab_hard_floor_B3_U050_R3,1241.012998931,3.398003950,command,0.500000,-4.742873192,-0.176806673,-1.915066242,0.044538643,-0.041971259,-1.915787220,ros2_odometer_state
M19C_S1_lab_hard_floor_B3_U050_R3,1241.015380355,3.400385374,command,0.500000,-4.742873192,-0.176806673,-1.915066242,0.044749461,-0.041891266,-1.915979981,ros2_odometer_state
M19C_S1_lab_hard_floor_B3_U050_R3,1241.015729327,3.400734346,command,0.500000,-4.742873192,-0.176806673,-1.915066242,0.044749461,-0.041891266,-1.915979981,ros2_odometer_state
M19C_S1_lab_hard_floor_B3_U050_R3,1241.018624560,3.403629579,command,0.500000,-4.742873192,-0.176806673,-1.915066242,0.045208056,-0.041721936,-1.916540861,ros2_odometer_state
M19C_S1_lab_hard_floor_B3_U050_R3,1241.019760631,3.404765650,command,0.500000,-4.742873192,-0.176806673,-1.915066242,0.045208056,-0.041721936,-1.916540861,ros2_odometer_state
M19C_S1_lab_hard_floor_B3_U050_R3,1241.022443441,3.407448460,command,0.500000,-4.742873192,-0.176806673,-1.915066242,0.045626722,-0.041527059,-1.917151213,ros2_odometer_state
M19C_S1_lab_hard_floor_B3_U050_R3,1241.023734492,3.408739511,command,0.500000,-4.743932247,-0.179821402,-1.917151213,0.045626722,-0.041527059,-1.917151213,ros2_odometer_state
M19C_S1_lab_hard_floor_B3_U050_R3,1241.025682302,3.410687321,command,0.500000,-4.743932247,-0.179821402,-1.917151213,0.045798916,-0.041435570,-1.917406082,ros2_odometer_state
M19C_S1_lab_hard_floor_B3_U050_R3,1241.028834056,3.413839075,command,0.500000,-4.743932247,-0.179821402,-1.917151213,0.046054587,-0.041315865,-1.917893648,ros2_odometer_state
M19C_S1_lab_hard_floor_B3_U050_R3,1241.030412285,3.415417304,command,0.500000,-4.743932247,-0.179821402,-1.917151213,0.046155464,-0.041296430,-1.918154120,ros2_odometer_state
M19C_S1_lab_hard_floor_B3_U050_R3,1241.032308285,3.417313304,command,0.500000,-4.743932247,-0.179821402,-1.917151213,0.046155464,-0.041296430,-1.918154120,ros2_odometer_state
M19C_S1_lab_hard_floor_B3_U050_R3,1241.033741901,3.418746920,command,0.500000,-4.743932247,-0.179821402,-1.917151213,0.046254817,-0.041271165,-1.918440938,ros2_odometer_state
M19C_S1_lab_hard_floor_B3_U050_R3,1241.036740658,3.421745677,command,0.500000,-4.743932247,-0.179821402,-1.917151213,0.046474673,-0.041092154,-1.919089317,ros2_odometer_state
M19C_S1_lab_hard_floor_B3_U050_R3,1241.038431339,3.423436358,command,0.500000,-4.743932247,-0.179821402,-1.917151213,0.046588916,-0.040941063,-1.919399261,ros2_odometer_state
M19C_S1_lab_hard_floor_B3_U050_R3,1241.040352076,3.425357095,command,0.500000,-4.743932247,-0.179821402,-1.917151213,0.046701588,-0.040785957,-1.919695616,ros2_odometer_state
M19C_S1_lab_hard_floor_B3_U050_R3,1241.041724698,3.426729717,command,0.500000,-4.743932247,-0.179821402,-1.917151213,0.046701588,-0.040785957,-1.919695616,ros2_odometer_state
M19C_S1_lab_hard_floor_B3_U050_R3,1241.044485943,3.429490962,command,0.500000,-4.744919300,-0.182631448,-1.919990182,0.046942085,-0.040529598,-1.920290709,ros2_odometer_state
M19C_S1_lab_hard_floor_B3_U050_R3,1241.046332150,3.431337169,command,0.500000,-4.744919300,-0.182631448,-1.919990182,0.047054622,-0.040423010,-1.920580506,ros2_odometer_state
M19C_S1_lab_hard_floor_B3_U050_R3,1241.048592066,3.433597085,command,0.500000,-4.744919300,-0.182631448,-1.919990182,0.047159567,-0.040344499,-1.920848846,ros2_odometer_state
M19C_S1_lab_hard_floor_B3_U050_R3,1241.051184729,3.436189748,command,0.500000,-4.744919300,-0.182631448,-1.919990182,0.047272589,-0.040290996,-1.921119690,ros2_odometer_state
M19C_S1_lab_hard_floor_B3_U050_R3,1241.052468260,3.437473279,command,0.500000,-4.744919300,-0.182631448,-1.919990182,0.047272589,-0.040290996,-1.921119690,ros2_odometer_state
M19C_S1_lab_hard_floor_B3_U050_R3,1241.054718352,3.439723371,command,0.500000,-4.744919300,-0.182631448,-1.919990182,0.047576714,-0.040216547,-1.921770096,ros2_odometer_state
M19C_S1_lab_hard_floor_B3_U050_R3,1241.055915096,3.440920115,command,0.500000,-4.744919300,-0.182631448,-1.919990182,0.047576714,-0.040216547,-1.921770096,ros2_odometer_state
M19C_S1_lab_hard_floor_B3_U050_R3,1241.057915804,3.442920823,command,0.500000,-4.744919300,-0.182631448,-1.919990182,0.047795083,-0.040151395,-1.922148824,ros2_odometer_state
M19C_S1_lab_hard_floor_B3_U050_R3,1241.059888958,3.444893977,command,0.500000,-4.744919300,-0.182631448,-1.919990182,0.048027545,-0.040074836,-1.922551155,ros2_odometer_state
M19C_S1_lab_hard_floor_B3_U050_R3,1241.062534167,3.447539186,command,0.500000,-4.744919300,-0.182631448,-1.919990182,0.048449270,-0.039918814,-1.923387289,ros2_odometer_state
M19C_S1_lab_hard_floor_B3_U050_R3,1241.064551739,3.449556758,command,0.500000,-4.746469498,-0.185233727,-1.923387289,0.048626702,-0.039849136,-1.923796654,ros2_odometer_state
M19C_S1_lab_hard_floor_B3_U050_R3,1241.066426842,3.451431861,command,0.500000,-4.746469498,-0.185233727,-1.923387289,0.048797574,-0.039801110,-1.924174666,ros2_odometer_state
M19C_S1_lab_hard_floor_B3_U050_R3,1241.068440702,3.453445721,command,0.500000,-4.746469498,-0.185233727,-1.923387289,0.048963808,-0.039790012,-1.924526691,ros2_odometer_state
M19C_S1_lab_hard_floor_B3_U050_R3,1241.070552005,3.455557024,command,0.500000,-4.746469498,-0.185233727,-1.923387289,0.049117420,-0.039816093,-1.924872518,ros2_odometer_state
M19C_S1_lab_hard_floor_B3_U050_R3,1241.073097499,3.458102518,command,0.500000,-4.746469498,-0.185233727,-1.923387289,0.049274761,-0.039855737,-1.925227165,ros2_odometer_state
M19C_S1_lab_hard_floor_B3_U050_R3,1241.074498218,3.459503237,command,0.500000,-4.746469498,-0.185233727,-1.923387289,0.049443707,-0.039892994,-1.925596952,ros2_odometer_state
M19C_S1_lab_hard_floor_B3_U050_R3,1241.076499822,3.461504841,command,0.500000,-4.746469498,-0.185233727,-1.923387289,0.049624637,-0.039910961,-1.926001072,ros2_odometer_state
M19C_S1_lab_hard_floor_B3_U050_R3,1241.078465904,3.463470923,command,0.500000,-4.746469498,-0.185233727,-1.923387289,0.049824547,-0.039906245,-1.926439524,ros2_odometer_state
M19C_S1_lab_hard_floor_B3_U050_R3,1241.079737147,3.464742166,command,0.500000,-4.746469498,-0.185233727,-1.923387289,0.049824547,-0.039906245,-1.926439524,ros2_odometer_state
M19C_S1_lab_hard_floor_B3_U050_R3,1241.082617372,3.467622391,command,0.500000,-4.746469498,-0.185233727,-1.923387289,0.050265335,-0.039833043,-1.927317262,ros2_odometer_state
M19C_S1_lab_hard_floor_B3_U050_R3,1241.084898696,3.469903715,command,0.500000,-4.748075008,-0.187934667,-1.927317262,0.050495535,-0.039778627,-1.927743077,ros2_odometer_state
M19C_S1_lab_hard_floor_B3_U050_R3,1241.086518719,3.471523738,command,0.500000,-4.748075008,-0.187934667,-1.927317262,0.050732814,-0.039717920,-1.928140044,ros2_odometer_state
M19C_S1_lab_hard_floor_B3_U050_R3,1241.088570276,3.473575295,command,0.500000,-4.748075008,-0.187934667,-1.927317262,0.050998047,-0.039667554,-1.928494453,ros2_odometer_state
M19C_S1_lab_hard_floor_B3_U050_R3,1241.090689803,3.475694822,command,0.500000,-4.748075008,-0.187934667,-1.927317262,0.051295009,-0.039629322,-1.928846002,ros2_odometer_state
M19C_S1_lab_hard_floor_B3_U050_R3,1241.093115229,3.478120248,command,0.500000,-4.748075008,-0.187934667,-1.927317262,0.051620293,-0.039573282,-1.929234862,ros2_odometer_state
M19C_S1_lab_hard_floor_B3_U050_R3,1241.094530349,3.479535368,command,0.500000,-4.748075008,-0.187934667,-1.927317262,0.051942956,-0.039484181,-1.929656386,ros2_odometer_state
M19C_S1_lab_hard_floor_B3_U050_R3,1241.096633716,3.481638735,command,0.500000,-4.748075008,-0.187934667,-1.927317262,0.052244563,-0.039373454,-1.930080652,ros2_odometer_state
M19C_S1_lab_hard_floor_B3_U050_R3,1241.098569045,3.483574064,command,0.500000,-4.748075008,-0.187934667,-1.927317262,0.052532341,-0.039250478,-1.930490971,ros2_odometer_state
M19C_S1_lab_hard_floor_B3_U050_R3,1241.100523895,3.485528914,command,0.500000,-4.748075008,-0.187934667,-1.927317262,0.052817293,-0.039120115,-1.930886388,ros2_odometer_state
M19C_S1_lab_hard_floor_B3_U050_R3,1241.102610301,3.487615320,command,0.500000,-4.748075008,-0.187934667,-1.927317262,0.053094663,-0.038988065,-1.931277156,ros2_odometer_state
M19C_S1_lab_hard_floor_B3_U050_R3,1241.104885706,3.489890725,command,0.500000,-4.749811172,-0.190618128,-1.931277156,0.053363003,-0.038841955,-1.931666136,ros2_odometer_state
M19C_S1_lab_hard_floor_B3_U050_R3,1241.106493952,3.491498971,command,0.500000,-4.749811172,-0.190618128,-1.931277156,0.053625278,-0.038661759,-1.932037711,ros2_odometer_state
M19C_S1_lab_hard_floor_B3_U050_R3,1241.108540197,3.493545216,command,0.500000,-4.749811172,-0.190618128,-1.931277156,0.053886648,-0.038461715,-1.932404041,ros2_odometer_state
M19C_S1_lab_hard_floor_B3_U050_R3,1241.110498183,3.495503202,command,0.500000,-4.749811172,-0.190618128,-1.931277156,0.054160185,-0.038252372,-1.932783008,ros2_odometer_state
M19C_S1_lab_hard_floor_B3_U050_R3,1241.113173249,3.498178268,command,0.500000,-4.749811172,-0.190618128,-1.931277156,0.054450754,-0.038036764,-1.933173418,ros2_odometer_state
M19C_S1_lab_hard_floor_B3_U050_R3,1241.114693972,3.499698991,command,0.500000,-4.749811172,-0.190618128,-1.931277156,0.054756630,-0.037817486,-1.933551311,ros2_odometer_state
M19C_S1_lab_hard_floor_B3_U050_R3,1241.116704888,3.501709907,command,0.500000,-4.749811172,-0.190618128,-1.931277156,0.055101875,-0.037600547,-1.933880091,ros2_odometer_state
M19C_S1_lab_hard_floor_B3_U050_R3,1241.117981603,3.502986622,command,0.500000,-4.749811172,-0.190618128,-1.931277156,0.055101875,-0.037600547,-1.933880091,ros2_odometer_state
M19C_S1_lab_hard_floor_B3_U050_R3,1241.120592507,3.505597526,command,0.500000,-4.749811172,-0.190618128,-1.931277156,0.055919472,-0.037188381,-1.934464097,ros2_odometer_state
M19C_S1_lab_hard_floor_B3_U050_R3,1241.122575357,3.507580376,command,0.500000,-4.749811172,-0.190618128,-1.931277156,0.056339856,-0.037006874,-1.934765935,ros2_odometer_state
M19C_S1_lab_hard_floor_B3_U050_R3,1241.124623874,3.509628893,command,0.500000,-4.751671791,-0.193032295,-1.934765935,0.056741100,-0.036827106,-1.935075521,ros2_odometer_state
M19C_S1_lab_hard_floor_B3_U050_R3,1241.126569316,3.511574335,command,0.500000,-4.751671791,-0.193032295,-1.934765935,0.057108704,-0.036649767,-1.935380340,ros2_odometer_state
M19C_S1_lab_hard_floor_B3_U050_R3,1241.127838223,3.512843242,command,0.500000,-4.751671791,-0.193032295,-1.934765935,0.057108704,-0.036649767,-1.935380340,ros2_odometer_state
M19C_S1_lab_hard_floor_B3_U050_R3,1241.130921014,3.515926033,command,0.500000,-4.751671791,-0.193032295,-1.934765935,0.057735972,-0.036337726,-1.935927868,ros2_odometer_state
M19C_S1_lab_hard_floor_B3_U050_R3,1241.133381897,3.518386916,command,0.500000,-4.751671791,-0.193032295,-1.934765935,0.057997514,-0.036192704,-1.936201572,ros2_odometer_state
M19C_S1_lab_hard_floor_B3_U050_R3,1241.134054624,3.519059643,command,0.500000,-4.751671791,-0.193032295,-1.934765935,0.057997514,-0.036192704,-1.936201572,ros2_odometer_state
M19C_S1_lab_hard_floor_B3_U050_R3,1241.136701433,3.521706452,command,0.500000,-4.751671791,-0.193032295,-1.934765935,0.058480930,-0.035875686,-1.936732531,ros2_odometer_state
M19C_S1_lab_hard_floor_B3_U050_R3,1241.138646011,3.523651030,command,0.500000,-4.751671791,-0.193032295,-1.934765935,0.058723643,-0.035668515,-1.936989546,ros2_odometer_state
M19C_S1_lab_hard_floor_B3_U050_R3,1241.140802019,3.525807038,command,0.500000,-4.751671791,-0.193032295,-1.934765935,0.058964022,-0.035438605,-1.937294483,ros2_odometer_state
M19C_S1_lab_hard_floor_B3_U050_R3,1241.142781670,3.527786689,command,0.500000,-4.751671791,-0.193032295,-1.934765935,0.059204880,-0.035198316,-1.937654853,ros2_odometer_state
M19C_S1_lab_hard_floor_B3_U050_R3,1241.144925326,3.529930345,command,0.500000,-4.753836155,-0.195173532,-1.937654853,0.059453312,-0.034966454,-1.938008785,ros2_odometer_state
M19C_S1_lab_hard_floor_B3_U050_R3,1241.146647368,3.531652387,command,0.500000,-4.753836155,-0.195173532,-1.937654853,0.059705317,-0.034757920,-1.938344836,ros2_odometer_state
M19C_S1_lab_hard_floor_B3_U050_R3,1241.148617963,3.533622982,command,0.500000,-4.753836155,-0.195173532,-1.937654853,0.059965003,-0.034586281,-1.938668728,ros2_odometer_state
M19C_S1_lab_hard_floor_B3_U050_R3,1241.150740786,3.535745805,command,0.500000,-4.753836155,-0.195173532,-1.937654853,0.060228005,-0.034434773,-1.939002872,ros2_odometer_state
M19C_S1_lab_hard_floor_B3_U050_R3,1241.156490228,3.541495247,command,0.500000,-4.753836155,-0.195173532,-1.937654853,0.060490824,-0.034292419,-1.939350843,ros2_odometer_state
M19C_S1_lab_hard_floor_B3_U050_R3,1241.157370769,3.542375788,command,0.500000,-4.753836155,-0.195173532,-1.937654853,0.060758904,-0.034149583,-1.939682126,ros2_odometer_state
M19C_S1_lab_hard_floor_B3_U050_R3,1241.158339858,3.543344877,command,0.500000,-4.753836155,-0.195173532,-1.937654853,0.061033726,-0.033977099,-1.939987779,ros2_odometer_state
M19C_S1_lab_hard_floor_B3_U050_R3,1241.159172462,3.544177481,command,0.500000,-4.753836155,-0.195173532,-1.937654853,0.061305162,-0.033755600,-1.940276980,ros2_odometer_state
M19C_S1_lab_hard_floor_B3_U050_R3,1241.160729890,3.545734909,command,0.500000,-4.753836155,-0.195173532,-1.937654853,0.061578076,-0.033494089,-1.940577269,ros2_odometer_state
M19C_S1_lab_hard_floor_B3_U050_R3,1241.162651971,3.547656990,command,0.500000,-4.753836155,-0.195173532,-1.937654853,0.061856359,-0.033210177,-1.940889955,ros2_odometer_state
M19C_S1_lab_hard_floor_B3_U050_R3,1241.164737929,3.549742948,command,0.500000,-4.756616116,-0.197444454,-1.940889955,0.062137391,-0.032920949,-1.941185355,ros2_odometer_state
M19C_S1_lab_hard_floor_B3_U050_R3,1241.165909329,3.550914348,command,0.500000,-4.756616116,-0.197444454,-1.940889955,0.062137391,-0.032920949,-1.941185355,ros2_odometer_state
M19C_S1_lab_hard_floor_B3_U050_R3,1241.168655309,3.553660328,command,0.500000,-4.756616116,-0.197444454,-1.940889955,0.062667824,-0.032326665,-1.941784978,ros2_odometer_state
M19C_S1_lab_hard_floor_B3_U050_R3,1241.169923416,3.554928435,command,0.500000,-4.756616116,-0.197444454,-1.940889955,0.062667824,-0.032326665,-1.941784978,ros2_odometer_state
M19C_S1_lab_hard_floor_B3_U050_R3,1241.173238632,3.558243651,command,0.500000,-4.756616116,-0.197444454,-1.940889955,0.063176207,-0.031661920,-1.942552090,ros2_odometer_state
M19C_S1_lab_hard_floor_B3_U050_R3,1241.173984577,3.558989596,command,0.500000,-4.756616116,-0.197444454,-1.940889955,0.063176207,-0.031661920,-1.942552090,ros2_odometer_state
M19C_S1_lab_hard_floor_B3_U050_R3,1241.175978052,3.560983071,command,0.500000,-4.756616116,-0.197444454,-1.940889955,0.063440852,-0.031283461,-1.942920208,ros2_odometer_state
M19C_S1_lab_hard_floor_B3_U050_R3,1241.177965159,3.562970178,command,0.500000,-4.756616116,-0.197444454,-1.940889955,0.063708209,-0.030883826,-1.943229437,ros2_odometer_state
M19C_S1_lab_hard_floor_B3_U050_R3,1241.180689315,3.565694334,command,0.500000,-4.756616116,-0.197444454,-1.940889955,0.064263865,-0.030006349,-1.943897843,ros2_odometer_state
M19C_S1_lab_hard_floor_B3_U050_R3,1241.182635492,3.567640511,command,0.500000,-4.756616116,-0.197444454,-1.940889955,0.064263865,-0.030006349,-1.943897843,ros2_odometer_state
M19C_S1_lab_hard_floor_B3_U050_R3,1241.185327167,3.570332186,command,0.500000,-4.759652138,-0.199484870,-1.944331527,0.064875126,-0.029052040,-1.944810390,ros2_odometer_state
M19C_S1_lab_hard_floor_B3_U050_R3,1241.186346977,3.571351996,command,0.500000,-4.759652138,-0.199484870,-1.944331527,0.064875126,-0.029052040,-1.944810390,ros2_odometer_state
M19C_S1_lab_hard_floor_B3_U050_R3,1241.189216898,3.574221917,command,0.500000,-4.759652138,-0.199484870,-1.944331527,0.065480709,-0.028181955,-1.945700645,ros2_odometer_state
M19C_S1_lab_hard_floor_B3_U050_R3,1241.189996028,3.575001047,command,0.500000,-4.759652138,-0.199484870,-1.944331527,0.065480709,-0.028181955,-1.945700645,ros2_odometer_state
M19C_S1_lab_hard_floor_B3_U050_R3,1241.193382030,3.578387049,command,0.500000,-4.759652138,-0.199484870,-1.944331527,0.066011079,-0.027499396,-1.946472764,ros2_odometer_state
M19C_S1_lab_hard_floor_B3_U050_R3,1241.194844607,3.579849626,command,0.500000,-4.759652138,-0.199484870,-1.944331527,0.066276275,-0.027221655,-1.946802735,ros2_odometer_state
M19C_S1_lab_hard_floor_B3_U050_R3,1241.196774368,3.581779387,command,0.500000,-4.759652138,-0.199484870,-1.944331527,0.066529445,-0.026988184,-1.947031617,ros2_odometer_state
M19C_S1_lab_hard_floor_B3_U050_R3,1241.198679105,3.583684124,command,0.500000,-4.759652138,-0.199484870,-1.944331527,0.066754609,-0.026774585,-1.947126746,ros2_odometer_state
M19C_S1_lab_hard_floor_B3_U050_R3,1241.201139635,3.586144654,command,0.500000,-4.759652138,-0.199484870,-1.944331527,0.066946983,-0.026551738,-1.947142482,ros2_odometer_state
M19C_S1_lab_hard_floor_B3_U050_R3,1241.202750954,3.587755973,command,0.500000,-4.759652138,-0.199484870,-1.944331527,0.066946983,-0.026551738,-1.947142482,ros2_odometer_state
M19C_S1_lab_hard_floor_B3_U050_R3,1241.204810863,3.589815882,command,0.500000,-4.762604237,-0.201524913,-1.947142482,0.067147657,-0.026320269,-1.947109342,ros2_odometer_state
M19C_S1_lab_hard_floor_B3_U050_R3,1241.206034008,3.591039027,command,0.500000,-4.762604237,-0.201524913,-1.947142482,0.067147657,-0.026320269,-1.947109342,ros2_odometer_state
M19C_S1_lab_hard_floor_B3_U050_R3,1241.208764980,3.593769999,command,0.500000,-4.762604237,-0.201524913,-1.947142482,0.067771293,-0.025693597,-1.946562052,ros2_odometer_state
M19C_S1_lab_hard_floor_B3_U050_R3,1241.210762808,3.595767827,command,0.500000,-4.762604237,-0.201524913,-1.947142482,0.068009585,-0.025604984,-1.946648955,ros2_odometer_state
M19C_S1_lab_hard_floor_B3_U050_R3,1241.213392368,3.598397387,command,0.500000,-4.762604237,-0.201524913,-1.947142482,0.068254232,-0.025546795,-1.946834445,ros2_odometer_state
M19C_S1_lab_hard_floor_B3_U050_R3,1241.214754750,3.599759769,command,0.500000,-4.762604237,-0.201524913,-1.947142482,0.068438940,-0.025434345,-1.946794271,ros2_odometer_state
M19C_S1_lab_hard_floor_B3_U050_R3,1241.216816227,3.601821246,command,0.500000,-4.762604237,-0.201524913,-1.947142482,0.068564132,-0.025225012,-1.946474433,ros2_odometer_state
M19C_S1_lab_hard_floor_B3_U050_R3,1241.218803782,3.603808801,command,0.500000,-4.762604237,-0.201524913,-1.947142482,0.068670742,-0.024963792,-1.946024060,ros2_odometer_state
M19C_S1_lab_hard_floor_B3_U050_R3,1241.221163990,3.606169009,command,0.500000,-4.762604237,-0.201524913,-1.947142482,0.068764374,-0.024754150,-1.945601821,ros2_odometer_state
M19C_S1_lab_hard_floor_B3_U050_R3,1241.222982515,3.607987534,command,0.500000,-4.762604237,-0.201524913,-1.947142482,0.068882808,-0.024627548,-1.945259571,ros2_odometer_state
M19C_S1_lab_hard_floor_B3_U050_R3,1241.224921460,3.609926479,command,0.500000,-4.765839577,-0.203785285,-1.945259571,0.069068938,-0.024561215,-1.944929004,ros2_odometer_state
M19C_S1_lab_hard_floor_B3_U050_R3,1241.226033178,3.611038197,command,0.500000,-4.765839577,-0.203785285,-1.945259571,0.069068938,-0.024561215,-1.944929004,ros2_odometer_state
M19C_S1_lab_hard_floor_B3_U050_R3,1241.229024383,3.614029402,command,0.500000,-4.765839577,-0.203785285,-1.945259571,0.069516204,-0.024598312,-1.944160581,ros2_odometer_state
M19C_S1_lab_hard_floor_B3_U050_R3,1241.231037410,3.616042429,command,0.500000,-4.765839577,-0.203785285,-1.945259571,0.069772765,-0.024633866,-1.943841696,ros2_odometer_state
M19C_S1_lab_hard_floor_B3_U050_R3,1241.233400210,3.618405229,command,0.500000,-4.765839577,-0.203785285,-1.945259571,0.070019670,-0.024639022,-1.943560123,ros2_odometer_state
M19C_S1_lab_hard_floor_B3_U050_R3,1241.234795457,3.619800476,command,0.500000,-4.765839577,-0.203785285,-1.945259571,0.070235528,-0.024621870,-1.943214059,ros2_odometer_state
M19C_S1_lab_hard_floor_B3_U050_R3,1241.236077356,3.621082375,command,0.500000,-4.765839577,-0.203785285,-1.945259571,0.070235528,-0.024621870,-1.943214059,ros2_odometer_state
M19C_S1_lab_hard_floor_B3_U050_R3,1241.238739686,3.623744705,command,0.500000,-4.765839577,-0.203785285,-1.945259571,0.070572786,-0.024609873,-1.942100286,ros2_odometer_state
M19C_S1_lab_hard_floor_B3_U050_R3,1241.240782859,3.625787878,command,0.500000,-4.765839577,-0.203785285,-1.945259571,0.070717946,-0.024666324,-1.941590905,ros2_odometer_state
M19C_S1_lab_hard_floor_B3_U050_R3,1241.242773742,3.627778761,command,0.500000,-4.765839577,-0.203785285,-1.945259571,0.070892930,-0.024805635,-1.941194534,ros2_odometer_state
M19C_S1_lab_hard_floor_B3_U050_R3,1241.244826323,3.629831342,command,0.500000,-4.769186974,-0.207010761,-1.941194534,0.071090624,-0.025014779,-1.940808654,ros2_odometer_state
M19C_S1_lab_hard_floor_B3_U050_R3,1241.246752564,3.631757583,command,0.500000,-4.769186974,-0.207010761,-1.941194534,0.071302220,-0.025249388,-1.940397024,ros2_odometer_state
M19C_S1_lab_hard_floor_B3_U050_R3,1241.248785432,3.633790451,command,0.500000,-4.769186974,-0.207010761,-1.941194534,0.071521059,-0.025477771,-1.939988136,ros2_odometer_state
M19C_S1_lab_hard_floor_B3_U050_R3,1241.250794236,3.635799255,command,0.500000,-4.769186974,-0.207010761,-1.941194534,0.071733043,-0.025695201,-1.939631224,ros2_odometer_state
M19C_S1_lab_hard_floor_B3_U050_R3,1241.253501495,3.638506514,command,0.500000,-4.769186974,-0.207010761,-1.941194534,0.071941227,-0.025929175,-1.939319611,ros2_odometer_state
M19C_S1_lab_hard_floor_B3_U050_R3,1241.254845252,3.639850271,command,0.500000,-4.769186974,-0.207010761,-1.941194534,0.072126731,-0.026193349,-1.938974142,ros2_odometer_state
M19C_S1_lab_hard_floor_B3_U050_R3,1241.256907530,3.641912549,command,0.500000,-4.769186974,-0.207010761,-1.941194534,0.072278783,-0.026491137,-1.938556790,ros2_odometer_state
M19C_S1_lab_hard_floor_B3_U050_R3,1241.258950447,3.643955466,command,0.500000,-4.769186974,-0.207010761,-1.941194534,0.072401308,-0.026819861,-1.938090086,ros2_odometer_state
M19C_S1_lab_hard_floor_B3_U050_R3,1241.260849359,3.645854378,command,0.500000,-4.769186974,-0.207010761,-1.941194534,0.072501242,-0.027175730,-1.937630177,ros2_odometer_state
M19C_S1_lab_hard_floor_B3_U050_R3,1241.262959734,3.647964753,command,0.500000,-4.769186974,-0.207010761,-1.941194534,0.072593927,-0.027557664,-1.937219143,ros2_odometer_state
M19C_S1_lab_hard_floor_B3_U050_R3,1241.264913271,3.649918290,command,0.500000,-4.772285938,-0.211231351,-1.937219143,0.072690047,-0.027962454,-1.936875463,ros2_odometer_state
M19C_S1_lab_hard_floor_B3_U050_R3,1241.266851257,3.651856276,command,0.500000,-4.772285938,-0.211231351,-1.937219143,0.072786205,-0.028366119,-1.936573625,ros2_odometer_state
M19C_S1_lab_hard_floor_B3_U050_R3,1241.268289353,3.653294372,command,0.500000,-4.772285938,-0.211231351,-1.937219143,0.072786205,-0.028366119,-1.936573625,ros2_odometer_state
M19C_S1_lab_hard_floor_B3_U050_R3,1241.270353295,3.655358314,command,0.500000,-4.772285938,-0.211231351,-1.937219143,0.072869092,-0.028749706,-1.936287522,ros2_odometer_state
M19C_S1_lab_hard_floor_B3_U050_R3,1241.273570651,3.658575670,command,0.500000,-4.772285938,-0.211231351,-1.937219143,0.072959974,-0.029469043,-1.935764313,ros2_odometer_state
M19C_S1_lab_hard_floor_B3_U050_R3,1241.275071118,3.660076137,command,0.500000,-4.772285938,-0.211231351,-1.937219143,0.072945945,-0.029855754,-1.935465455,ros2_odometer_state
M19C_S1_lab_hard_floor_B3_U050_R3,1241.277014287,3.662019306,command,0.500000,-4.772285938,-0.211231351,-1.937219143,0.072893232,-0.030294059,-1.935141921,ros2_odometer_state
M19C_S1_lab_hard_floor_B3_U050_R3,1241.278178902,3.663183921,command,0.500000,-4.772285938,-0.211231351,-1.937219143,0.072893232,-0.030294059,-1.935141921,ros2_odometer_state
M19C_S1_lab_hard_floor_B3_U050_R3,1241.281012310,3.666017329,command,0.500000,-4.772285938,-0.211231351,-1.937219143,0.072734408,-0.031247230,-1.934477210,ros2_odometer_state
M19C_S1_lab_hard_floor_B3_U050_R3,1241.283053018,3.668058037,command,0.500000,-4.772285938,-0.211231351,-1.937219143,0.072610922,-0.031737641,-1.934111476,ros2_odometer_state
M19C_S1_lab_hard_floor_B3_U050_R3,1241.284253859,3.669258878,command,0.500000,-4.775408268,-0.216391146,-1.934111476,0.072610922,-0.031737641,-1.934111476,ros2_odometer_state
M19C_S1_lab_hard_floor_B3_U050_R3,1241.287458543,3.672463562,command,0.500000,-4.775408268,-0.216391146,-1.934111476,0.072306916,-0.032786403,-1.933391571,ros2_odometer_state
M19C_S1_lab_hard_floor_B3_U050_R3,1241.289010051,3.674015070,command,0.500000,-4.775408268,-0.216391146,-1.934111476,0.072081693,-0.033367466,-1.932991505,ros2_odometer_state
M19C_S1_lab_hard_floor_B3_U050_R3,1241.291016135,3.676021154,command,0.500000,-4.775408268,-0.216391146,-1.934111476,0.071781039,-0.034023225,-1.932526231,ros2_odometer_state
M19C_S1_lab_hard_floor_B3_U050_R3,1241.293675744,3.678680763,command,0.500000,-4.775408268,-0.216391146,-1.934111476,0.071425170,-0.034769595,-1.931988001,ros2_odometer_state
M19C_S1_lab_hard_floor_B3_U050_R3,1241.294433818,3.679438837,command,0.500000,-4.775408268,-0.216391146,-1.934111476,0.071425170,-0.034769595,-1.931988001,ros2_odometer_state
M19C_S1_lab_hard_floor_B3_U050_R3,1241.296267095,3.681272114,command,0.500000,-4.775408268,-0.216391146,-1.934111476,0.071007028,-0.035611775,-1.931349397,ros2_odometer_state
M19C_S1_lab_hard_floor_B3_U050_R3,1241.299093623,3.684098642,command,0.500000,-4.775408268,-0.216391146,-1.934111476,0.070021190,-0.037666991,-1.929561019,ros2_odometer_state
M19C_S1_lab_hard_floor_B3_U050_R3,1241.300456580,3.685461599,command,0.500000,-4.775408268,-0.216391146,-1.934111476,0.070021190,-0.037666991,-1.929561019,ros2_odometer_state
M19C_S1_lab_hard_floor_B3_U050_R3,1241.302292738,3.687297757,command,0.500000,-4.775408268,-0.216391146,-1.934111476,0.069494434,-0.038870282,-1.928423405,ros2_odometer_state
M19C_S1_lab_hard_floor_B3_U050_R3,1241.305292839,3.690297858,command,0.500000,-4.779384613,-0.222440422,-1.927191615,0.068495937,-0.041379370,-1.926007032,ros2_odometer_state
M19C_S1_lab_hard_floor_B3_U050_R3,1241.306965088,3.691970107,command,0.500000,-4.779384613,-0.222440422,-1.927191615,0.068070240,-0.042574074,-1.924992681,ros2_odometer_state
M19C_S1_lab_hard_floor_B3_U050_R3,1241.308420529,3.693425548,command,0.500000,-4.779384613,-0.222440422,-1.927191615,0.068070240,-0.042574074,-1.924992681,ros2_odometer_state
M19C_S1_lab_hard_floor_B3_U050_R3,1241.311111659,3.696116678,command,0.500000,-4.779384613,-0.222440422,-1.927191615,0.067355528,-0.044723537,-1.923344851,ros2_odometer_state
M19C_S1_lab_hard_floor_B3_U050_R3,1241.313704643,3.698709662,command,0.500000,-4.779384613,-0.222440422,-1.927191615,0.067028433,-0.045724045,-1.922506213,ros2_odometer_state
M19C_S1_lab_hard_floor_B3_U050_R3,1241.315081713,3.700086732,command,0.500000,-4.779384613,-0.222440422,-1.927191615,0.066712886,-0.046721879,-1.921614170,ros2_odometer_state
M19C_S1_lab_hard_floor_B3_U050_R3,1241.317424288,3.702429307,command,0.500000,-4.779384613,-0.222440422,-1.927191615,0.066399783,-0.047712684,-1.920734763,ros2_odometer_state
M19C_S1_lab_hard_floor_B3_U050_R3,1241.319714797,3.704719816,command,0.500000,-4.779384613,-0.222440422,-1.927191615,0.066092789,-0.048682611,-1.919911504,ros2_odometer_state
M19C_S1_lab_hard_floor_B3_U050_R3,1241.320721167,3.705726186,command,0.500000,-4.779384613,-0.222440422,-1.927191615,0.066092789,-0.048682611,-1.919911504,ros2_odometer_state
M19C_S1_lab_hard_floor_B3_U050_R3,1241.322306276,3.707311295,command,0.500000,-4.779384613,-0.222440422,-1.927191615,0.065781035,-0.049640853,-1.919134617,ros2_odometer_state
M19C_S1_lab_hard_floor_B3_U050_R3,1241.325171589,3.710176608,command,0.500000,-4.784101486,-0.230174407,-1.918382049,0.065148629,-0.051482134,-1.917659998,ros2_odometer_state
M19C_S1_lab_hard_floor_B3_U050_R3,1241.326265962,3.711270981,command,0.500000,-4.784101486,-0.230174407,-1.918382049,0.065148629,-0.051482134,-1.917659998,ros2_odometer_state
M19C_S1_lab_hard_floor_B3_U050_R3,1241.328244684,3.713249703,command,0.500000,-4.784101486,-0.230174407,-1.918382049,0.064830877,-0.052320179,-1.916974783,ros2_odometer_state
M19C_S1_lab_hard_floor_B3_U050_R3,1241.331101293,3.716106312,command,0.500000,-4.784101486,-0.230174407,-1.918382049,0.064184718,-0.053868722,-1.915721774,ros2_odometer_state
M19C_S1_lab_hard_floor_B3_U050_R3,1241.333695108,3.718700127,command,0.500000,-4.784101486,-0.230174407,-1.918382049,0.063845046,-0.054610703,-1.915097117,ros2_odometer_state
M19C_S1_lab_hard_floor_B3_U050_R3,1241.335165814,3.720170833,command,0.500000,-4.784101486,-0.230174407,-1.918382049,0.063487403,-0.055341884,-1.914453745,ros2_odometer_state
M19C_S1_lab_hard_floor_B3_U050_R3,1241.337321278,3.722326297,command,0.500000,-4.784101486,-0.230174407,-1.918382049,0.063102119,-0.056061376,-1.913813710,ros2_odometer_state
M19C_S1_lab_hard_floor_B3_U050_R3,1241.339099194,3.724104213,command,0.500000,-4.784101486,-0.230174407,-1.918382049,0.062668771,-0.056726772,-1.913199186,ros2_odometer_state
M19C_S1_lab_hard_floor_B3_U050_R3,1241.341052028,3.726057047,command,0.500000,-4.784101486,-0.230174407,-1.918382049,0.062199369,-0.057348274,-1.912638783,ros2_odometer_state
M19C_S1_lab_hard_floor_B3_U050_R3,1241.342456331,3.727461350,command,0.500000,-4.784101486,-0.230174407,-1.918382049,0.062199369,-0.057348274,-1.912638783,ros2_odometer_state
M19C_S1_lab_hard_floor_B3_U050_R3,1241.344369676,3.729374695,command,0.500000,-4.788119316,-0.238466352,-1.912216187,0.061763447,-0.057991654,-1.912216187,ros2_odometer_state
M19C_S1_lab_hard_floor_B3_U050_R3,1241.347004932,3.732009951,command,0.500000,-4.788119316,-0.238466352,-1.912216187,0.061014526,-0.059521627,-1.911980510,ros2_odometer_state
M19C_S1_lab_hard_floor_B3_U050_R3,1241.349025096,3.734030115,command,0.500000,-4.788119316,-0.238466352,-1.912216187,0.060683575,-0.060406398,-1.912213802,ros2_odometer_state
M19C_S1_lab_hard_floor_B3_U050_R3,1241.350953129,3.735958148,command,0.500000,-4.788119316,-0.238466352,-1.912216187,0.060431328,-0.061363224,-1.912711978,ros2_odometer_state
M19C_S1_lab_hard_floor_B3_U050_R3,1241.352935980,3.737940999,command,0.500000,-4.788119316,-0.238466352,-1.912216187,0.060431328,-0.061363224,-1.912711978,ros2_odometer_state
M19C_S1_lab_hard_floor_B3_U050_R3,1241.354361756,3.739366775,command,0.500000,-4.788119316,-0.238466352,-1.912216187,0.060237195,-0.062465511,-1.913563609,ros2_odometer_state
M19C_S1_lab_hard_floor_B3_U050_R3,1241.357052023,3.742057042,command,0.500000,-4.788119316,-0.238466352,-1.912216187,0.060504790,-0.065313227,-1.917020202,ros2_odometer_state
M19C_S1_lab_hard_floor_B3_U050_R3,1241.358966263,3.743971282,command,0.500000,-4.788119316,-0.238466352,-1.912216187,0.060834028,-0.066687047,-1.918789983,ros2_odometer_state
M19C_S1_lab_hard_floor_B3_U050_R3,1241.361141408,3.746146427,command,0.500000,-4.788119316,-0.238466352,-1.912216187,0.061061770,-0.067655623,-1.920515299,ros2_odometer_state
M19C_S1_lab_hard_floor_B3_U050_R3,1241.363050337,3.748055356,command,0.500000,-4.788119316,-0.238466352,-1.912216187,0.061142843,-0.068221636,-1.921948910,ros2_odometer_state
M19C_S1_lab_hard_floor_B3_U050_R3,1241.365117734,3.750122753,command,0.500000,-4.790747166,-0.248608172,-1.921948910,0.061175082,-0.068354964,-1.923140883,ros2_odometer_state
M19C_S1_lab_hard_floor_B3_U050_R3,1241.367004934,3.752009953,command,0.500000,-4.790747166,-0.248608172,-1.921948910,0.061211839,-0.068173043,-1.924386263,ros2_odometer_state
M19C_S1_lab_hard_floor_B3_U050_R3,1241.369012489,3.754017508,command,0.500000,-4.790747166,-0.248608172,-1.921948910,0.061265651,-0.067847170,-1.925692916,ros2_odometer_state
M19C_S1_lab_hard_floor_B3_U050_R3,1241.370287604,3.755292623,command,0.500000,-4.790747166,-0.248608172,-1.921948910,0.061265651,-0.067847170,-1.925692916,ros2_odometer_state
M19C_S1_lab_hard_floor_B3_U050_R3,1241.373021521,3.758026540,command,0.500000,-4.790747166,-0.248608172,-1.921948910,0.061376527,-0.067595698,-1.926926255,ros2_odometer_state
M19C_S1_lab_hard_floor_B3_U050_R3,1241.375112119,3.760117138,command,0.500000,-4.790747166,-0.248608172,-1.921948910,0.061879564,-0.067453131,-1.929163814,ros2_odometer_state
M19C_S1_lab_hard_floor_B3_U050_R3,1241.376512838,3.761517857,command,0.500000,-4.790747166,-0.248608172,-1.921948910,0.061879564,-0.067453131,-1.929163814,ros2_odometer_state
M19C_S1_lab_hard_floor_B3_U050_R3,1241.379232546,3.764237565,command,0.500000,-4.790747166,-0.248608172,-1.921948910,0.062202338,-0.067023464,-1.930971265,ros2_odometer_state
M19C_S1_lab_hard_floor_B3_U050_R3,1241.381071136,3.766076155,command,0.500000,-4.790747166,-0.248608172,-1.921948910,0.062240560,-0.066650271,-1.931632161,ros2_odometer_state
M19C_S1_lab_hard_floor_B3_U050_R3,1241.382754328,3.767759347,command,0.500000,-4.790747166,-0.248608172,-1.921948910,0.062240560,-0.066650271,-1.931632161,ros2_odometer_state
M19C_S1_lab_hard_floor_B3_U050_R3,1241.385269229,3.770274248,command,0.500000,-4.791729450,-0.257954717,-1.932184815,0.062129702,-0.065958001,-1.932562828,ros2_odometer_state
M19C_S1_lab_hard_floor_B3_U050_R3,1241.387039657,3.772044676,command,0.500000,-4.791729450,-0.257954717,-1.932184815,0.061903495,-0.065616734,-1.932706833,ros2_odometer_state
M19C_S1_lab_hard_floor_B3_U050_R3,1241.389032172,3.774037191,command,0.500000,-4.791729450,-0.257954717,-1.932184815,0.061587218,-0.065183207,-1.932577252,ros2_odometer_state
M19C_S1_lab_hard_floor_B3_U050_R3,1241.391102417,3.776107436,command,0.500000,-4.791729450,-0.257954717,-1.932184815,0.061233554,-0.064650297,-1.932283282,ros2_odometer_state
M19C_S1_lab_hard_floor_B3_U050_R3,1241.393966258,3.778971277,command,0.500000,-4.791729450,-0.257954717,-1.932184815,0.060922205,-0.064035214,-1.932017684,ros2_odometer_state
M19C_S1_lab_hard_floor_B3_U050_R3,1241.395490917,3.780495936,command,0.500000,-4.791729450,-0.257954717,-1.932184815,0.060709424,-0.063322477,-1.931867838,ros2_odometer_state
M19C_S1_lab_hard_floor_B3_U050_R3,1241.397186622,3.782191641,command,0.500000,-4.791729450,-0.257954717,-1.932184815,0.060562521,-0.062500983,-1.931724668,ros2_odometer_state
M19C_S1_lab_hard_floor_B3_U050_R3,1241.399072254,3.784077273,command,0.500000,-4.791729450,-0.257954717,-1.932184815,0.060405090,-0.061597954,-1.931435227,ros2_odometer_state
M19C_S1_lab_hard_floor_B3_U050_R3,1241.401575186,3.786580205,command,0.500000,-4.791729450,-0.257954717,-1.932184815,0.060205366,-0.060663473,-1.931002140,ros2_odometer_state
M19C_S1_lab_hard_floor_B3_U050_R3,1241.402428687,3.787433706,command,0.500000,-4.791729450,-0.257954717,-1.932184815,0.060205366,-0.060663473,-1.931002140,ros2_odometer_state
M19C_S1_lab_hard_floor_B3_U050_R3,1241.405199276,3.790204295,command,0.500000,-4.792509556,-0.264973134,-1.930540442,0.059799686,-0.058729801,-1.930170417,ros2_odometer_state
M19C_S1_lab_hard_floor_B3_U050_R3,1241.407210928,3.792215947,command,0.500000,-4.792509556,-0.264973134,-1.930540442,0.059656415,-0.057701837,-1.929936409,ros2_odometer_state
M19C_S1_lab_hard_floor_B3_U050_R3,1241.409156434,3.794161453,command,0.500000,-4.792509556,-0.264973134,-1.930540442,0.059527330,-0.056727368,-1.929671288,ros2_odometer_state
M19C_S1_lab_hard_floor_B3_U050_R3,1241.410608962,3.795613981,command,0.500000,-4.792509556,-0.264973134,-1.930540442,0.059527330,-0.056727368,-1.929671288,ros2_odometer_state
M19C_S1_lab_hard_floor_B3_U050_R3,1241.416479048,3.801484067,command,0.500000,-4.792509556,-0.264973134,-1.930540442,0.059174094,-0.055168487,-1.928804994,ros2_odometer_state
M19C_S1_lab_hard_floor_B3_U050_R3,1241.417372838,3.802377857,command,0.500000,-4.792509556,-0.264973134,-1.930540442,0.058988627,-0.054385353,-1.928581953,ros2_odometer_state
M19C_S1_lab_hard_floor_B3_U050_R3,1241.418263524,3.803268543,command,0.500000,-4.792509556,-0.264973134,-1.930540442,0.058855217,-0.053460609,-1.928644896,ros2_odometer_state
M19C_S1_lab_hard_floor_B3_U050_R3,1241.418595663,3.803600682,command,0.500000,-4.792509556,-0.264973134,-1.930540442,0.058855217,-0.053460609,-1.928644896,ros2_odometer_state
M19C_S1_lab_hard_floor_B3_U050_R3,1241.421252201,3.806257220,command,0.500000,-4.792509556,-0.264973134,-1.930540442,0.058545463,-0.051431615,-1.928786159,ros2_odometer_state
M19C_S1_lab_hard_floor_B3_U050_R3,1241.422523924,3.807528943,command,0.500000,-4.792509556,-0.264973134,-1.930540442,0.058545463,-0.051431615,-1.928786159,ros2_odometer_state
M19C_S1_lab_hard_floor_B3_U050_R3,1241.424534711,3.809539730,command,0.500000,-4.793258190,-0.269758373,-1.928760409,0.058316659,-0.050443061,-1.928760409,ros2_odometer_state
M19C_S1_lab_hard_floor_B3_U050_R3,1241.426410839,3.811415858,command,0.500000,-4.793258190,-0.269758373,-1.928760409,0.058025893,-0.049505003,-1.928751588,ros2_odometer_state
M19C_S1_lab_hard_floor_B3_U050_R3,1241.429184532,3.814189551,command,0.500000,-4.793258190,-0.269758373,-1.928760409,0.057186555,-0.047695123,-1.928845167,ros2_odometer_state
M19C_S1_lab_hard_floor_B3_U050_R3,1241.430426302,3.815431321,command,0.500000,-4.793258190,-0.269758373,-1.928760409,0.057186555,-0.047695123,-1.928845167,ros2_odometer_state
M19C_S1_lab_hard_floor_B3_U050_R3,1241.433078807,3.818083826,command,0.500000,-4.793258190,-0.269758373,-1.928760409,0.056665745,-0.046790510,-1.928895831,ros2_odometer_state
M19C_S1_lab_hard_floor_B3_U050_R3,1241.435322627,3.820327646,command,0.500000,-4.793258190,-0.269758373,-1.928760409,0.055503082,-0.044982150,-1.928890586,ros2_odometer_state
M19C_S1_lab_hard_floor_B3_U050_R3,1241.436543564,3.821548583,command,0.500000,-4.793258190,-0.269758373,-1.928760409,0.055503082,-0.044982150,-1.928890586,ros2_odometer_state
M19C_S1_lab_hard_floor_B3_U050_R3,1241.439178469,3.824183488,command,0.500000,-4.793258190,-0.269758373,-1.928760409,0.054023612,-0.043190364,-1.929228067,ros2_odometer_state
M19C_S1_lab_hard_floor_B3_U050_R3,1241.441159207,3.826164226,command,0.500000,-4.793258190,-0.269758373,-1.928760409,0.053155851,-0.042176034,-1.929613233,ros2_odometer_state
M19C_S1_lab_hard_floor_B3_U050_R3,1241.443238317,3.828243336,command,0.500000,-4.793258190,-0.269758373,-1.928760409,0.052263539,-0.041068602,-1.929955006,ros2_odometer_state
M19C_S1_lab_hard_floor_B3_U050_R3,1241.445386582,3.830391601,command,0.500000,-4.794692516,-0.273841739,-1.929955006,0.051382624,-0.039928503,-1.930245161,ros2_odometer_state
M19C_S1_lab_hard_floor_B3_U050_R3,1241.449716840,3.834721859,command,0.500000,-4.794692516,-0.273841739,-1.929955006,0.050522845,-0.038839146,-1.930660486,ros2_odometer_state
M19C_S1_lab_hard_floor_B3_U050_R3,1241.451159672,3.836164691,command,0.500000,-4.794692516,-0.273841739,-1.929955006,0.049725439,-0.037782945,-1.931234360,ros2_odometer_state
M19C_S1_lab_hard_floor_B3_U050_R3,1241.452064215,3.837069234,command,0.500000,-4.794692516,-0.273841739,-1.929955006,0.049000740,-0.036748931,-1.931813359,ros2_odometer_state
M19C_S1_lab_hard_floor_B3_U050_R3,1241.453202077,3.838207096,command,0.500000,-4.794692516,-0.273841739,-1.929955006,0.049000740,-0.036748931,-1.931813359,ros2_odometer_state
M19C_S1_lab_hard_floor_B3_U050_R3,1241.454742033,3.839747052,command,0.500000,-4.794692516,-0.273841739,-1.929955006,0.048313037,-0.035769343,-1.932321072,ros2_odometer_state
M19C_S1_lab_hard_floor_B3_U050_R3,1241.456732308,3.841737327,command,0.500000,-4.794692516,-0.273841739,-1.929955006,0.047621485,-0.034901250,-1.932860017,ros2_odometer_state
M19C_S1_lab_hard_floor_B3_U050_R3,1241.458725879,3.843730898,command,0.500000,-4.794692516,-0.273841739,-1.929955006,0.046902433,-0.034142394,-1.933554173,ros2_odometer_state
M19C_S1_lab_hard_floor_B3_U050_R3,1241.460690969,3.845695988,command,0.500000,-4.794692516,-0.273841739,-1.929955006,0.046153147,-0.033403456,-1.934406877,ros2_odometer_state
M19C_S1_lab_hard_floor_B3_U050_R3,1241.462714909,3.847719928,command,0.500000,-4.794692516,-0.273841739,-1.929955006,0.045409590,-0.032589834,-1.935392141,ros2_odometer_state
M19C_S1_lab_hard_floor_B3_U050_R3,1241.465404472,3.850409491,command,0.500000,-4.796208858,-0.278156549,-1.936441779,0.043994680,-0.030958286,-1.937359095,ros2_odometer_state
M19C_S1_lab_hard_floor_B3_U050_R3,1241.467316632,3.852321651,command,0.500000,-4.796208858,-0.278156549,-1.936441779,0.043305662,-0.030318867,-1.938132644,ros2_odometer_state
M19C_S1_lab_hard_floor_B3_U050_R3,1241.468580995,3.853586014,command,0.500000,-4.796208858,-0.278156549,-1.936441779,0.043305662,-0.030318867,-1.938132644,ros2_odometer_state
M19C_S1_lab_hard_floor_B3_U050_R3,1241.471290878,3.856295897,command,0.500000,-4.796208858,-0.278156549,-1.936441779,0.042043585,-0.029273381,-1.939648986,ros2_odometer_state
M19C_S1_lab_hard_floor_B3_U050_R3,1241.473225887,3.858230906,command,0.500000,-4.796208858,-0.278156549,-1.936441779,0.042043585,-0.029273381,-1.939648986,ros2_odometer_state
M19C_S1_lab_hard_floor_B3_U050_R3,1241.474613582,3.859618601,command,0.500000,-4.796208858,-0.278156549,-1.936441779,0.041480768,-0.028799867,-1.940397620,ros2_odometer_state
M19C_S1_lab_hard_floor_B3_U050_R3,1241.477358827,3.862363846,command,0.500000,-4.796208858,-0.278156549,-1.936441779,0.040419757,-0.028024592,-1.941887736,ros2_odometer_state
M19C_S1_lab_hard_floor_B3_U050_R3,1241.479402351,3.864407370,command,0.500000,-4.796208858,-0.278156549,-1.936441779,0.039910577,-0.027663684,-1.942695975,ros2_odometer_state
M19C_S1_lab_hard_floor_B3_U050_R3,1241.481462549,3.866467568,command,0.500000,-4.796208858,-0.278156549,-1.936441779,0.039428808,-0.027293470,-1.943464518,ros2_odometer_state
M19C_S1_lab_hard_floor_B3_U050_R3,1241.483415191,3.868420210,command,0.500000,-4.796208858,-0.278156549,-1.936441779,0.038936347,-0.026961584,-1.944031954,ros2_odometer_state
M19C_S1_lab_hard_floor_B3_U050_R3,1241.485713732,3.870718751,command,0.500000,-4.798013687,-0.283283979,-1.944031954,0.038415913,-0.026699275,-1.944468617,ros2_odometer_state
M19C_S1_lab_hard_floor_B3_U050_R3,1241.487330970,3.872335989,command,0.500000,-4.798013687,-0.283283979,-1.944031954,0.037859019,-0.026482960,-1.944831252,ros2_odometer_state
M19C_S1_lab_hard_floor_B3_U050_R3,1241.489159512,3.874164531,command,0.500000,-4.798013687,-0.283283979,-1.944031954,0.037859019,-0.026482960,-1.944831252,ros2_odometer_state
M19C_S1_lab_hard_floor_B3_U050_R3,1241.491360194,3.876365213,command,0.500000,-4.798013687,-0.283283979,-1.944031954,0.036563158,-0.026127217,-1.945259333,ros2_odometer_state
M19C_S1_lab_hard_floor_B3_U050_R3,1241.493969658,3.878974677,command,0.500000,-4.798013687,-0.283283979,-1.944031954,0.035846032,-0.026016789,-1.945284009,ros2_odometer_state
M19C_S1_lab_hard_floor_B3_U050_R3,1241.495448908,3.880453927,command,0.500000,-4.798013687,-0.283283979,-1.944031954,0.035090998,-0.025933996,-1.945209026,ros2_odometer_state
M19C_S1_lab_hard_floor_B3_U050_R3,1241.497477424,3.882482443,command,0.500000,-4.798013687,-0.283283979,-1.944031954,0.034319006,-0.025834644,-1.945122004,ros2_odometer_state
M19C_S1_lab_hard_floor_B3_U050_R3,1241.499388209,3.884393228,command,0.500000,-4.798013687,-0.283283979,-1.944031954,0.033572208,-0.025676947,-1.945146084,ros2_odometer_state
M19C_S1_lab_hard_floor_B3_U050_R3,1241.502027913,3.887032932,command,0.500000,-4.798013687,-0.283283979,-1.944031954,0.032837026,-0.025517667,-1.945194960,ros2_odometer_state
M19C_S1_lab_hard_floor_B3_U050_R3,1241.503510747,3.888515766,command,0.500000,-4.798013687,-0.283283979,-1.944031954,0.032107223,-0.025404068,-1.945183516,ros2_odometer_state
M19C_S1_lab_hard_floor_B3_U050_R3,1241.504732453,3.889737472,command,0.500000,-4.800655842,-0.288291156,-1.945183516,0.032107223,-0.025404068,-1.945183516,ros2_odometer_state
M19C_S1_lab_hard_floor_B3_U050_R3,1241.507426815,3.892431834,command,0.500000,-4.800655842,-0.288291156,-1.945183516,0.030815139,-0.025416987,-1.944989443,ros2_odometer_state
M19C_S1_lab_hard_floor_B3_U050_R3,1241.508653065,3.893658084,command,0.500000,-4.800655842,-0.288291156,-1.945183516,0.030815139,-0.025416987,-1.944989443,ros2_odometer_state
M19C_S1_lab_hard_floor_B3_U050_R3,1241.511381893,3.896386912,command,0.500000,-4.800655842,-0.288291156,-1.945183516,0.029745165,-0.025850642,-1.944523811,ros2_odometer_state
M19C_S1_lab_hard_floor_B3_U050_R3,1241.514557519,3.899562538,command,0.500000,-4.800655842,-0.288291156,-1.945183516,0.029400075,-0.026264599,-1.944257259,ros2_odometer_state
M19C_S1_lab_hard_floor_B3_U050_R3,1241.514999710,3.900004729,command,0.500000,-4.800655842,-0.288291156,-1.945183516,0.029400075,-0.026264599,-1.944257259,ros2_odometer_state
M19C_S1_lab_hard_floor_B3_U050_R3,1241.517585845,3.902590864,command,0.500000,-4.800655842,-0.288291156,-1.945183516,0.028927602,-0.027118329,-1.943498254,ros2_odometer_state
M19C_S1_lab_hard_floor_B3_U050_R3,1241.519611226,3.904616245,command,0.500000,-4.800655842,-0.288291156,-1.945183516,0.028745903,-0.027302440,-1.943126440,ros2_odometer_state
M19C_S1_lab_hard_floor_B3_U050_R3,1241.521519674,3.906524693,command,0.500000,-4.800655842,-0.288291156,-1.945183516,0.028573191,-0.027296940,-1.942884326,ros2_odometer_state
M19C_S1_lab_hard_floor_B3_U050_R3,1241.523627777,3.908632796,command,0.500000,-4.800655842,-0.288291156,-1.945183516,0.028366666,-0.027187949,-1.942654252,ros2_odometer_state
M19C_S1_lab_hard_floor_B3_U050_R3,1241.525602915,3.910607934,command,0.500000,-4.804378033,-0.293930888,-1.942654252,0.028094554,-0.027075106,-1.942299962,ros2_odometer_state
M19C_S1_lab_hard_floor_B3_U050_R3,1241.527467138,3.912472157,command,0.500000,-4.804378033,-0.293930888,-1.942654252,0.027729791,-0.027017001,-1.941733003,ros2_odometer_state
M19C_S1_lab_hard_floor_B3_U050_R3,1241.529520807,3.914525826,command,0.500000,-4.804378033,-0.293930888,-1.942654252,0.027257401,-0.027019404,-1.940907001,ros2_odometer_state
M19C_S1_lab_hard_floor_B3_U050_R3,1241.531385638,3.916390657,command,0.500000,-4.804378033,-0.293930888,-1.942654252,0.026720120,-0.027029468,-1.940013409,ros2_odometer_state
M19C_S1_lab_hard_floor_B3_U050_R3,1241.534146627,3.919151646,command,0.500000,-4.804378033,-0.293930888,-1.942654252,0.026149146,-0.026995977,-1.939183712,ros2_odometer_state
M19C_S1_lab_hard_floor_B3_U050_R3,1241.535429934,3.920434953,command,0.500000,-4.804378033,-0.293930888,-1.942654252,0.025561037,-0.026915465,-1.938398957,ros2_odometer_state
M19C_S1_lab_hard_floor_B3_U050_R3,1241.536699641,3.921704660,command,0.500000,-4.804378033,-0.293930888,-1.942654252,0.025561037,-0.026915465,-1.938398957,ros2_odometer_state
M19C_S1_lab_hard_floor_B3_U050_R3,1241.539406100,3.924411119,command,0.500000,-4.804378033,-0.293930888,-1.942654252,0.024219433,-0.026809538,-1.936990619,ros2_odometer_state
M19C_S1_lab_hard_floor_B3_U050_R3,1241.541580382,3.926585401,command,0.500000,-4.804378033,-0.293930888,-1.942654252,0.023483494,-0.026746869,-1.936243892,ros2_odometer_state
M19C_S1_lab_hard_floor_B3_U050_R3,1241.543495390,3.928500409,command,0.500000,-4.804378033,-0.293930888,-1.942654252,0.023483494,-0.026746869,-1.936243892,ros2_odometer_state
M19C_S1_lab_hard_floor_B3_U050_R3,1241.545491265,3.930496284,command,0.500000,-4.809103012,-0.299760699,-1.935402870,0.021965221,-0.026368704,-1.934570312,ros2_odometer_state
M19C_S1_lab_hard_floor_B3_U050_R3,1241.547361568,3.932366587,command,0.500000,-4.809103012,-0.299760699,-1.935402870,0.021251982,-0.026078627,-1.933744192,ros2_odometer_state
M19C_S1_lab_hard_floor_B3_U050_R3,1241.549480776,3.934485795,command,0.500000,-4.809103012,-0.299760699,-1.935402870,0.020545969,-0.025804624,-1.932868481,ros2_odometer_state
M19C_S1_lab_hard_floor_B3_U050_R3,1241.550738066,3.935743085,command,0.500000,-4.809103012,-0.299760699,-1.935402870,0.020545969,-0.025804624,-1.932868481,ros2_odometer_state
M19C_S1_lab_hard_floor_B3_U050_R3,1241.554503441,3.939508460,command,0.500000,-4.809103012,-0.299760699,-1.935402870,0.019152952,-0.025447393,-1.931010246,ros2_odometer_state
M19C_S1_lab_hard_floor_B3_U050_R3,1241.554985377,3.939990396,command,0.500000,-4.809103012,-0.299760699,-1.935402870,0.019152952,-0.025447393,-1.931010246,ros2_odometer_state
M19C_S1_lab_hard_floor_B3_U050_R3,1241.556876545,3.941881564,command,0.500000,-4.809103012,-0.299760699,-1.935402870,0.018458525,-0.025323518,-1.930105448,ros2_odometer_state
M19C_S1_lab_hard_floor_B3_U050_R3,1241.558772161,3.943777180,command,0.500000,-4.809103012,-0.299760699,-1.935402870,0.017775666,-0.025209211,-1.929302454,ros2_odometer_state
M19C_S1_lab_hard_floor_B3_U050_R3,1241.561471804,3.946476823,command,0.500000,-4.809103012,-0.299760699,-1.935402870,0.016479315,-0.025086023,-1.928134441,ros2_odometer_state
M19C_S1_lab_hard_floor_B3_U050_R3,1241.562752007,3.947757026,command,0.500000,-4.809103012,-0.299760699,-1.935402870,0.016479315,-0.025086023,-1.928134441,ros2_odometer_state
M19C_S1_lab_hard_floor_B3_U050_R3,1241.564785387,3.949790406,command,0.500000,-4.815209866,-0.305506825,-1.927639484,0.015805282,-0.025018916,-1.927639484,ros2_odometer_state
M19C_S1_lab_hard_floor_B3_U050_R3,1241.566768014,3.951773033,command,0.500000,-4.815209866,-0.305506825,-1.927639484,0.015069014,-0.024877552,-1.927159429,ros2_odometer_state
M19C_S1_lab_hard_floor_B3_U050_R3,1241.568930167,3.953935186,command,0.500000,-4.815209866,-0.305506825,-1.927639484,0.014261436,-0.024645727,-1.926696062,ros2_odometer_state
M19C_S1_lab_hard_floor_B3_U050_R3,1241.570942587,3.955947606,command,0.500000,-4.815209866,-0.305506825,-1.927639484,0.013407423,-0.024386900,-1.926245451,ros2_odometer_state
M19C_S1_lab_hard_floor_B3_U050_R3,1241.574977730,3.959982749,command,0.500000,-4.815209866,-0.305506825,-1.927639484,0.011711382,-0.024002437,-1.925359845,ros2_odometer_state
M19C_S1_lab_hard_floor_B3_U050_R3,1241.576104296,3.961109315,command,0.500000,-4.815209866,-0.305506825,-1.927639484,0.010894192,-0.023912223,-1.924963593,ros2_odometer_state
M19C_S1_lab_hard_floor_B3_U050_R3,1241.576974694,3.961979713,command,0.500000,-4.815209866,-0.305506825,-1.927639484,0.010894192,-0.023912223,-1.924963593,ros2_odometer_state
M19C_S1_lab_hard_floor_B3_U050_R3,1241.578961033,3.963966052,command,0.500000,-4.815209866,-0.305506825,-1.927639484,0.010062300,-0.023877699,-1.924584270,ros2_odometer_state
M19C_S1_lab_hard_floor_B3_U050_R3,1241.581495294,3.966500313,command,0.500000,-4.815209866,-0.305506825,-1.927639484,0.008295946,-0.023850704,-1.923766851,ros2_odometer_state
M19C_S1_lab_hard_floor_B3_U050_R3,1241.583679432,3.968684451,command,0.500000,-4.815209866,-0.305506825,-1.927639484,0.007436567,-0.023809511,-1.923392773,ros2_odometer_state
M19C_S1_lab_hard_floor_B3_U050_R3,1241.585629961,3.970634980,command,0.500000,-4.821915627,-0.310777575,-1.923392773,0.006636103,-0.023738563,-1.923101902,ros2_odometer_state
M19C_S1_lab_hard_floor_B3_U050_R3,1241.587514537,3.972519556,command,0.500000,-4.821915627,-0.310777575,-1.923392773,0.005885168,-0.023644846,-1.922915936,ros2_odometer_state
M19C_S1_lab_hard_floor_B3_U050_R3,1241.589441866,3.974446885,command,0.500000,-4.821915627,-0.310777575,-1.923392773,0.005158035,-0.023523707,-1.922816634,ros2_odometer_state
M19C_S1_lab_hard_floor_B3_U050_R3,1241.591469166,3.976474185,command,0.500000,-4.821915627,-0.310777575,-1.923392773,0.004427109,-0.023375163,-1.922766805,ros2_odometer_state
M19C_S1_lab_hard_floor_B3_U050_R3,1241.594116007,3.979121026,command,0.500000,-4.821915627,-0.310777575,-1.923392773,0.003677495,-0.023225516,-1.922724724,ros2_odometer_state
M19C_S1_lab_hard_floor_B3_U050_R3,1241.595580248,3.980585267,command,0.500000,-4.821915627,-0.310777575,-1.923392773,0.002930688,-0.023099145,-1.922716260,ros2_odometer_state
M19C_S1_lab_hard_floor_B3_U050_R3,1241.597528698,3.982533717,command,0.500000,-4.821915627,-0.310777575,-1.923392773,0.002201741,-0.023007851,-1.922744393,ros2_odometer_state
M19C_S1_lab_hard_floor_B3_U050_R3,1241.599451931,3.984456950,command,0.500000,-4.821915627,-0.310777575,-1.923392773,0.001476310,-0.022944244,-1.922795892,ros2_odometer_state
M19C_S1_lab_hard_floor_B3_U050_R3,1241.601550529,3.986555548,command,0.500000,-4.821915627,-0.310777575,-1.923392773,0.000756263,-0.022895820,-1.922865987,ros2_odometer_state
M19C_S1_lab_hard_floor_B3_U050_R3,1241.603521924,3.988526943,command,0.500000,-4.821915627,-0.310777575,-1.923392773,0.000039930,-0.022815935,-1.922934532,ros2_odometer_state
M19C_S1_lab_hard_floor_B3_U050_R3,1241.605942005,3.990947024,command,0.500000,-4.829756260,-0.316589296,-1.922934532,-0.000665203,-0.022666741,-1.922988415,ros2_odometer_state
M19C_S1_lab_hard_floor_B3_U050_R3,1241.607762355,3.992767374,command,0.500000,-4.829756260,-0.316589296,-1.922934532,-0.001336296,-0.022447590,-1.923035145,ros2_odometer_state
M19C_S1_lab_hard_floor_B3_U050_R3,1241.609685683,3.994690702,command,0.500000,-4.829756260,-0.316589296,-1.922934532,-0.001953669,-0.022168325,-1.923121929,ros2_odometer_state
M19C_S1_lab_hard_floor_B3_U050_R3,1241.610860891,3.995865910,command,0.500000,-4.829756260,-0.316589296,-1.922934532,-0.001953669,-0.022168325,-1.923121929,ros2_odometer_state
M19C_S1_lab_hard_floor_B3_U050_R3,1241.613441266,3.998446285,command,0.500000,-4.829756260,-0.316589296,-1.922934532,-0.002495564,-0.021825727,-1.923244715,ros2_odometer_state
M19C_S1_lab_hard_floor_B3_U050_R3,1241.615761632,4.000766651,command,0.500000,-4.829756260,-0.316589296,-1.922934532,-0.003462060,-0.020976951,-1.923514843,ros2_odometer_state
M19C_S1_lab_hard_floor_B3_U050_R3,1241.618335095,4.003340114,command,0.500000,-4.829756260,-0.316589296,-1.922934532,-0.003905168,-0.020501282,-1.923693419,ros2_odometer_state
M19C_S1_lab_hard_floor_B3_U050_R3,1241.618918666,4.003923685,command,0.500000,-4.829756260,-0.316589296,-1.922934532,-0.003905168,-0.020501282,-1.923693419,ros2_odometer_state
M19C_S1_lab_hard_floor_B3_U050_R3,1241.621619621,4.006624640,command,0.500000,-4.829756260,-0.316589296,-1.922934532,-0.004700397,-0.019483954,-1.924005151,ros2_odometer_state
M19C_S1_lab_hard_floor_B3_U050_R3,1241.623803951,4.008808970,command,0.500000,-4.829756260,-0.316589296,-1.922934532,-0.005081916,-0.018976806,-1.924110413,ros2_odometer_state
M19C_S1_lab_hard_floor_B3_U050_R3,1241.626072539,4.011077558,command,0.500000,-4.836633682,-0.322974652,-1.924110413,-0.005465067,-0.018509584,-1.924170732,ros2_odometer_state
M19C_S1_lab_hard_floor_B3_U050_R3,1241.627855991,4.012861010,command,0.500000,-4.836633682,-0.322974652,-1.924110413,-0.005872302,-0.018094627,-1.924158931,ros2_odometer_state
M19C_S1_lab_hard_floor_B3_U050_R3,1241.631291659,4.016296678,command,0.500000,-4.836633682,-0.322974652,-1.924110413,-0.006319468,-0.017719969,-1.924073458,ros2_odometer_state
M19C_S1_lab_hard_floor_B3_U050_R3,1241.632234187,4.017239206,command,0.500000,-4.836633682,-0.322974652,-1.924110413,-0.006792602,-0.017379247,-1.923927546,ros2_odometer_state
M19C_S1_lab_hard_floor_B3_U050_R3,1241.634321617,4.019326636,command,0.500000,-4.836633682,-0.322974652,-1.924110413,-0.007225879,-0.017037466,-1.923746943,ros2_odometer_state
M19C_S1_lab_hard_floor_B3_U050_R3,1241.635933639,4.020938658,command,0.500000,-4.836633682,-0.322974652,-1.924110413,-0.007519849,-0.016659493,-1.923603654,ros2_odometer_state
M19C_S1_lab_hard_floor_B3_U050_R3,1241.638073328,4.023078347,command,0.500000,-4.836633682,-0.322974652,-1.924110413,-0.007676957,-0.016292978,-1.923506141,ros2_odometer_state
M19C_S1_lab_hard_floor_B3_U050_R3,1241.639643684,4.024648703,command,0.500000,-4.836633682,-0.322974652,-1.924110413,-0.007828887,-0.016024921,-1.923406005,ros2_odometer_state
M19C_S1_lab_hard_floor_B3_U050_R3,1241.641624231,4.026629250,command,0.500000,-4.836633682,-0.322974652,-1.924110413,-0.007998843,-0.015856644,-1.923203945,ros2_odometer_state
M19C_S1_lab_hard_floor_B3_U050_R3,1241.643709581,4.028714600,command,0.500000,-4.836633682,-0.322974652,-1.924110413,-0.008150361,-0.015731506,-1.922873378,ros2_odometer_state
M19C_S1_lab_hard_floor_B3_U050_R3,1241.645883799,4.030888818,command,0.500000,-4.842993259,-0.330362946,-1.922873378,-0.008288650,-0.015634693,-1.922491550,ros2_odometer_state
M19C_S1_lab_hard_floor_B3_U050_R3,1241.647587728,4.032592747,command,0.500000,-4.842993259,-0.330362946,-1.922873378,-0.008377062,-0.015498138,-1.922091007,ros2_odometer_state
M19C_S1_lab_hard_floor_B3_U050_R3,1241.649780378,4.034785397,command,0.500000,-4.842993259,-0.330362946,-1.922873378,-0.008372567,-0.015276848,-1.921700597,ros2_odometer_state
M19C_S1_lab_hard_floor_B3_U050_R3,1241.651803454,4.036808473,command,0.500000,-4.842993259,-0.330362946,-1.922873378,-0.008295426,-0.014988873,-1.921326995,ros2_odometer_state
M19C_S1_lab_hard_floor_B3_U050_R3,1241.654501049,4.039506068,command,0.500000,-4.842993259,-0.330362946,-1.922873378,-0.008187020,-0.014687567,-1.920946360,ros2_odometer_state
M19C_S1_lab_hard_floor_B3_U050_R3,1241.655153807,4.040158826,command,0.500000,-4.842993259,-0.330362946,-1.922873378,-0.008187020,-0.014687567,-1.920946360,ros2_odometer_state
M19C_S1_lab_hard_floor_B3_U050_R3,1241.657738246,4.042743265,command,0.500000,-4.842993259,-0.330362946,-1.922873378,-0.007876880,-0.014262833,-1.920068383,ros2_odometer_state
M19C_S1_lab_hard_floor_B3_U050_R3,1241.659708520,4.044713539,command,0.500000,-4.842993259,-0.330362946,-1.922873378,-0.007681784,-0.014124529,-1.919646144,ros2_odometer_state
M19C_S1_lab_hard_floor_B3_U050_R3,1241.663133692,4.048138711,command,0.500000,-4.842993259,-0.330362946,-1.922873378,-0.007462797,-0.014012065,-1.919313431,ros2_odometer_state
M19C_S1_lab_hard_floor_B3_U050_R3,1241.664027994,4.049033013,command,0.500000,-4.842993259,-0.330362946,-1.922873378,-0.007196758,-0.013906606,-1.919044018,ros2_odometer_state
M19C_S1_lab_hard_floor_B3_U050_R3,1241.665668657,4.050673676,command,0.500000,-4.849225998,-0.338525712,-1.919044018,-0.006878274,-0.013805760,-1.918775439,ros2_odometer_state
M19C_S1_lab_hard_floor_B3_U050_R3,1241.667602002,4.052607021,command,0.500000,-4.849225998,-0.338525712,-1.919044018,-0.006546343,-0.013743866,-1.918486476,ros2_odometer_state
M19C_S1_lab_hard_floor_B3_U050_R3,1241.670120807,4.055125826,command,0.500000,-4.849225998,-0.338525712,-1.919044018,-0.006206683,-0.013728415,-1.918224812,ros2_odometer_state
M19C_S1_lab_hard_floor_B3_U050_R3,1241.671650714,4.056655733,command,0.500000,-4.849225998,-0.338525712,-1.919044018,-0.005845876,-0.013738134,-1.918036699,ros2_odometer_state
M19C_S1_lab_hard_floor_B3_U050_R3,1241.674258482,4.059263501,command,0.500000,-4.849225998,-0.338525712,-1.919044018,-0.005455906,-0.013771664,-1.917920947,ros2_odometer_state
M19C_S1_lab_hard_floor_B3_U050_R3,1241.675949195,4.060954214,command,0.500000,-4.849225998,-0.338525712,-1.919044018,-0.005019618,-0.013839647,-1.917843580,ros2_odometer_state
M19C_S1_lab_hard_floor_B3_U050_R3,1241.677873644,4.062878663,command,0.500000,-4.849225998,-0.338525712,-1.919044018,-0.004542912,-0.013949134,-1.917803168,ros2_odometer_state
M19C_S1_lab_hard_floor_B3_U050_R3,1241.679666664,4.064671683,command,0.500000,-4.849225998,-0.338525712,-1.919044018,-0.004042626,-0.014121895,-1.917809010,ros2_odometer_state
M19C_S1_lab_hard_floor_B3_U050_R3,1241.681807088,4.066812107,command,0.500000,-4.849225998,-0.338525712,-1.919044018,-0.003516307,-0.014360340,-1.917849064,ros2_odometer_state
M19C_S1_lab_hard_floor_B3_U050_R3,1241.684096798,4.069101817,command,0.500000,-4.849225998,-0.338525712,-1.919044018,-0.002954435,-0.014629291,-1.917898178,ros2_odometer_state
M19C_S1_lab_hard_floor_B3_U050_R3,1241.686130498,4.071135517,command,0.500000,-4.855497837,-0.349139243,-1.917898178,-0.002361365,-0.014886355,-1.917896867,ros2_odometer_state
M19C_S1_lab_hard_floor_B3_U050_R3,1241.687763513,4.072768532,command,0.500000,-4.855497837,-0.349139243,-1.917898178,-0.001740670,-0.015119966,-1.917876840,ros2_odometer_state
M19C_S1_lab_hard_floor_B3_U050_R3,1241.689732539,4.074737558,command,0.500000,-4.855497837,-0.349139243,-1.917898178,-0.001099759,-0.015353187,-1.917978525,ros2_odometer_state
M19C_S1_lab_hard_floor_B3_U050_R3,1241.691747199,4.076752218,command,0.500000,-4.855497837,-0.349139243,-1.917898178,-0.000431702,-0.015626496,-1.918266177,ros2_odometer_state
M19C_S1_lab_hard_floor_B3_U050_R3,1241.693685089,4.078690108,command,0.500000,-4.855497837,-0.349139243,-1.917898178,-0.000431702,-0.015626496,-1.918266177,ros2_odometer_state
M19C_S1_lab_hard_floor_B3_U050_R3,1241.695098352,4.080103371,command,0.500000,-4.855497837,-0.349139243,-1.917898178,0.000254632,-0.015948627,-1.918614030,ros2_odometer_state
M19C_S1_lab_hard_floor_B3_U050_R3,1241.697892878,4.082897897,command,0.500000,-4.855497837,-0.349139243,-1.917898178,0.001617482,-0.016647238,-1.919052482,ros2_odometer_state
M19C_S1_lab_hard_floor_B3_U050_R3,1241.699803695,4.084808714,command,0.500000,-4.855497837,-0.349139243,-1.917898178,0.002291370,-0.017096253,-1.919221997,ros2_odometer_state
M19C_S1_lab_hard_floor_B3_U050_R3,1241.701768177,4.086773196,command,0.500000,-4.855497837,-0.349139243,-1.917898178,0.002993253,-0.017624665,-1.919441223,ros2_odometer_state
M19C_S1_lab_hard_floor_B3_U050_R3,1241.703088605,4.088093624,command,0.500000,-4.855497837,-0.349139243,-1.917898178,0.002993253,-0.017624665,-1.919441223,ros2_odometer_state
M19C_S1_lab_hard_floor_B3_U050_R3,1241.705927133,4.090932152,command,0.500000,-4.860707283,-0.360845089,-1.919679761,0.004478123,-0.018825242,-1.919921756,ros2_odometer_state
M19C_S1_lab_hard_floor_B3_U050_R3,1241.707781243,4.092786262,command,0.500000,-4.860707283,-0.360845089,-1.919679761,0.005281473,-0.019499622,-1.920187116,ros2_odometer_state
M19C_S1_lab_hard_floor_B3_U050_R3,1241.710108010,4.095113029,command,0.500000,-4.860707283,-0.360845089,-1.919679761,0.006122732,-0.020208891,-1.920475245,ros2_odometer_state
M19C_S1_lab_hard_floor_B3_U050_R3,1241.711093067,4.096098086,command,0.500000,-4.860707283,-0.360845089,-1.919679761,0.006122732,-0.020208891,-1.920475245,ros2_odometer_state
M19C_S1_lab_hard_floor_B3_U050_R3,1241.713988428,4.098993447,command,0.500000,-4.860707283,-0.360845089,-1.919679761,0.007015652,-0.020929180,-1.920735002,ros2_odometer_state
M19C_S1_lab_hard_floor_B3_U050_R3,1241.715135123,4.100140142,command,0.500000,-4.860707283,-0.360845089,-1.919679761,0.007933887,-0.021637805,-1.920947909,ros2_odometer_state
M19C_S1_lab_hard_floor_B3_U050_R3,1241.717937809,4.102942828,command,0.500000,-4.860707283,-0.360845089,-1.919679761,0.009856698,-0.022975940,-1.921293497,ros2_odometer_state
M19C_S1_lab_hard_floor_B3_U050_R3,1241.719872307,4.104877326,command,0.500000,-4.860707283,-0.360845089,-1.919679761,0.010886269,-0.023613105,-1.921420217,ros2_odometer_state
M19C_S1_lab_hard_floor_B3_U050_R3,1241.721937080,4.106942099,command,0.500000,-4.860707283,-0.360845089,-1.919679761,0.011948983,-0.024247602,-1.921495438,ros2_odometer_state
M19C_S1_lab_hard_floor_B3_U050_R3,1241.723728756,4.108733775,command,0.500000,-4.860707283,-0.360845089,-1.919679761,0.013056793,-0.024904793,-1.921519518,ros2_odometer_state
M19C_S1_lab_hard_floor_B3_U050_R3,1241.726014465,4.111019484,command,0.500000,-4.866570950,-0.374266028,-1.921519518,0.014212821,-0.025600035,-1.921506763,ros2_odometer_state
M19C_S1_lab_hard_floor_B3_U050_R3,1241.727749340,4.112754359,command,0.500000,-4.866570950,-0.374266028,-1.921519518,0.015404717,-0.026342100,-1.921458840,ros2_odometer_state
M19C_S1_lab_hard_floor_B3_U050_R3,1241.729915397,4.114920416,command,0.500000,-4.866570950,-0.374266028,-1.921519518,0.016620202,-0.027148271,-1.921391249,ros2_odometer_state
M19C_S1_lab_hard_floor_B3_U050_R3,1241.731877543,4.116882562,command,0.500000,-4.866570950,-0.374266028,-1.921519518,0.017854048,-0.028002568,-1.921311975,ros2_odometer_state
M19C_S1_lab_hard_floor_B3_U050_R3,1241.734464734,4.119469753,command,0.500000,-4.866570950,-0.374266028,-1.921519518,0.019102629,-0.028886195,-1.921202421,ros2_odometer_state
M19C_S1_lab_hard_floor_B3_U050_R3,1241.735947504,4.120952523,command,0.500000,-4.866570950,-0.374266028,-1.921519518,0.020347741,-0.029800491,-1.921018481,ros2_odometer_state
M19C_S1_lab_hard_floor_B3_U050_R3,1241.737873745,4.122878764,command,0.500000,-4.866570950,-0.374266028,-1.921519518,0.021605361,-0.030753192,-1.920733571,ros2_odometer_state
M19C_S1_lab_hard_floor_B3_U050_R3,1241.739788817,4.124793836,command,0.500000,-4.866570950,-0.374266028,-1.921519518,0.022859339,-0.031803582,-1.920261860,ros2_odometer_state
M19C_S1_lab_hard_floor_B3_U050_R3,1241.741928889,4.126933908,command,0.500000,-4.866570950,-0.374266028,-1.921519518,0.023948530,-0.033039089,-1.919461608,ros2_odometer_state
M19C_S1_lab_hard_floor_B3_U050_R3,1241.745794236,4.130799255,command,0.500000,-4.866570950,-0.374266028,-1.921519518,0.023948530,-0.033039089,-1.919461608,ros2_odometer_state
M19C_S1_lab_hard_floor_B3_U050_R3,1241.746814942,4.131819961,command,0.500000,-4.871843338,-0.389249861,-1.918659806,0.024776690,-0.034391232,-1.918659806,ros2_odometer_state
M19C_S1_lab_hard_floor_B3_U050_R3,1241.747672507,4.132677526,command,0.500000,-4.871843338,-0.389249861,-1.918659806,0.025476892,-0.035739411,-1.918135405,ros2_odometer_state
M19C_S1_lab_hard_floor_B3_U050_R3,1241.749725184,4.134730203,command,0.500000,-4.871843338,-0.389249861,-1.918659806,0.026572498,-0.038260862,-1.917326927,ros2_odometer_state
M19C_S1_lab_hard_floor_B3_U050_R3,1241.751698626,4.136703645,command,0.500000,-4.871843338,-0.389249861,-1.918659806,0.027008537,-0.039379884,-1.917028427,ros2_odometer_state
M19C_S1_lab_hard_floor_B3_U050_R3,1241.754548610,4.139553629,command,0.500000,-4.871843338,-0.389249861,-1.918659806,0.027379526,-0.040392831,-1.916807771,ros2_odometer_state
M19C_S1_lab_hard_floor_B3_U050_R3,1241.755880463,4.140885482,command,0.500000,-4.871843338,-0.389249861,-1.918659806,0.027629856,-0.041341260,-1.916566372,ros2_odometer_state
M19C_S1_lab_hard_floor_B3_U050_R3,1241.757975702,4.142980721,command,0.500000,-4.871843338,-0.389249861,-1.918659806,0.027769204,-0.042215168,-1.916286111,ros2_odometer_state
M19C_S1_lab_hard_floor_B3_U050_R3,1241.759904279,4.144909298,command,0.500000,-4.871843338,-0.389249861,-1.918659806,0.027830875,-0.042979650,-1.916002631,ros2_odometer_state
M19C_S1_lab_hard_floor_B3_U050_R3,1241.761901786,4.146906805,command,0.500000,-4.871843338,-0.389249861,-1.918659806,0.027823800,-0.043653183,-1.915740371,ros2_odometer_state
M19C_S1_lab_hard_floor_B3_U050_R3,1241.763919070,4.148924089,command,0.500000,-4.871843338,-0.389249861,-1.918659806,0.027738050,-0.044299494,-1.915486455,ros2_odometer_state
M19C_S1_lab_hard_floor_B3_U050_R3,1241.766059718,4.151064737,command,0.500000,-4.878796577,-0.405082613,-1.915486455,0.027577350,-0.044974219,-1.915217757,ros2_odometer_state
M19C_S1_lab_hard_floor_B3_U050_R3,1241.767934661,4.152939680,command,0.500000,-4.878796577,-0.405082613,-1.915486455,0.027352955,-0.045745458,-1.914916277,ros2_odometer_state
M19C_S1_lab_hard_floor_B3_U050_R3,1241.769869830,4.154874849,command,0.500000,-4.878796577,-0.405082613,-1.915486455,0.027079208,-0.046654083,-1.914563060,ros2_odometer_state
M19C_S1_lab_hard_floor_B3_U050_R3,1241.771825480,4.156830499,command,0.500000,-4.878796577,-0.405082613,-1.915486455,0.027079208,-0.046654083,-1.914563060,ros2_odometer_state
M19C_S1_lab_hard_floor_B3_U050_R3,1241.774449345,4.159454364,command,0.500000,-4.878796577,-0.405082613,-1.915486455,0.026490191,-0.048696969,-1.913654566,ros2_odometer_state
M19C_S1_lab_hard_floor_B3_U050_R3,1241.776044854,4.161049873,command,0.500000,-4.878796577,-0.405082613,-1.915486455,0.026221508,-0.049742408,-1.912972927,ros2_odometer_state
M19C_S1_lab_hard_floor_B3_U050_R3,1241.778203999,4.163209018,command,0.500000,-4.878796577,-0.405082613,-1.915486455,0.025978189,-0.050774746,-1.912063003,ros2_odometer_state
M19C_S1_lab_hard_floor_B3_U050_R3,1241.779952058,4.164957077,command,0.500000,-4.878796577,-0.405082613,-1.915486455,0.025774816,-0.051756375,-1.910990238,ros2_odometer_state
M19C_S1_lab_hard_floor_B3_U050_R3,1241.781211428,4.166216447,command,0.500000,-4.878796577,-0.405082613,-1.915486455,0.025774816,-0.051756375,-1.910990238,ros2_odometer_state
M19C_S1_lab_hard_floor_B3_U050_R3,1241.785411794,4.170416813,command,0.500000,-4.878796577,-0.405082613,-1.915486455,0.025562275,-0.053533752,-1.908917665,ros2_odometer_state
M19C_S1_lab_hard_floor_B3_U050_R3,1241.786000646,4.171005665,command,0.500000,-4.888691902,-0.420945078,-1.908917665,0.025562275,-0.053533752,-1.908917665,ros2_odometer_state
M19C_S1_lab_hard_floor_B3_U050_R3,1241.790530750,4.175535769,command,0.500000,-4.888691902,-0.420945078,-1.908917665,0.025641833,-0.055075232,-1.907163858,ros2_odometer_state
M19C_S1_lab_hard_floor_B3_U050_R3,1241.791540288,4.176545307,command,0.500000,-4.888691902,-0.420945078,-1.908917665,0.025742937,-0.055778500,-1.906425238,ros2_odometer_state
M19C_S1_lab_hard_floor_B3_U050_R3,1241.792455135,4.177460154,command,0.500000,-4.888691902,-0.420945078,-1.908917665,0.025860531,-0.056455445,-1.905795932,ros2_odometer_state
M19C_S1_lab_hard_floor_B3_U050_R3,1241.794440962,4.179445981,command,0.500000,-4.888691902,-0.420945078,-1.908917665,0.025996562,-0.057096910,-1.905237198,ros2_odometer_state
M19C_S1_lab_hard_floor_B3_U050_R3,1241.795250173,4.180255192,command,0.500000,-4.888691902,-0.420945078,-1.908917665,0.025996562,-0.057096910,-1.905237198,ros2_odometer_state
M19C_S1_lab_hard_floor_B3_U050_R3,1241.798078813,4.183083832,command,0.500000,-4.888691902,-0.420945078,-1.908917665,0.026272446,-0.058237452,-1.904065847,ros2_odometer_state
M19C_S1_lab_hard_floor_B3_U050_R3,1241.799944731,4.184949750,command,0.500000,-4.888691902,-0.420945078,-1.908917665,0.026380999,-0.058720630,-1.903334141,ros2_odometer_state
M19C_S1_lab_hard_floor_B3_U050_R3,1241.802133925,4.187138944,command,0.500000,-4.888691902,-0.420945078,-1.908917665,0.026442304,-0.059109855,-1.902456403,ros2_odometer_state
M19C_S1_lab_hard_floor_B3_U050_R3,1241.803970627,4.188975646,command,0.500000,-4.888691902,-0.420945078,-1.908917665,0.026455432,-0.059417419,-1.901472211,ros2_odometer_state
M19C_S1_lab_hard_floor_B3_U050_R3,1241.806239503,4.191244522,command,0.500000,-4.898131371,-0.436181992,-1.901472211,0.026451612,-0.059761886,-1.900469303,ros2_odometer_state
M19C_S1_lab_hard_floor_B3_U050_R3,1241.808061677,4.193066696,command,0.500000,-4.898131371,-0.436181992,-1.901472211,0.026442535,-0.060247310,-1.899544120,ros2_odometer_state
M19C_S1_lab_hard_floor_B3_U050_R3,1241.809380729,4.194385748,command,0.500000,-4.898131371,-0.436181992,-1.901472211,0.026442535,-0.060247310,-1.899544120,ros2_odometer_state
M19C_S1_lab_hard_floor_B3_U050_R3,1241.813929554,4.198934573,command,0.500000,-4.898131371,-0.436181992,-1.901472211,0.026489826,-0.061493617,-1.897965431,ros2_odometer_state
M19C_S1_lab_hard_floor_B3_U050_R3,1241.814857554,4.199862573,command,0.500000,-4.898131371,-0.436181992,-1.901472211,0.026527563,-0.062190741,-1.897284746,ros2_odometer_state
M19C_S1_lab_hard_floor_B3_U050_R3,1241.815385411,4.200390430,command,0.500000,-4.898131371,-0.436181992,-1.901472211,0.026527563,-0.062190741,-1.897284746,ros2_odometer_state
M19C_S1_lab_hard_floor_B3_U050_R3,1241.818163969,4.203168988,command,0.500000,-4.898131371,-0.436181992,-1.901472211,0.026560878,-0.063594937,-1.895946860,ros2_odometer_state
M19C_S1_lab_hard_floor_B3_U050_R3,1241.820196293,4.205201312,command,0.500000,-4.898131371,-0.436181992,-1.901472211,0.026513312,-0.064280488,-1.895279288,ros2_odometer_state
M19C_S1_lab_hard_floor_B3_U050_R3,1241.821962177,4.206967196,command,0.500000,-4.898131371,-0.436181992,-1.901472211,0.026419239,-0.064934902,-1.894576550,ros2_odometer_state
M19C_S1_lab_hard_floor_B3_U050_R3,1241.823345168,4.208350187,command,0.500000,-4.898131371,-0.436181992,-1.901472211,0.026419239,-0.064934902,-1.894576550,ros2_odometer_state
M19C_S1_lab_hard_floor_B3_U050_R3,1241.826066891,4.211071910,command,0.500000,-4.906374454,-0.450515091,-1.893827438,0.026172958,-0.066194721,-1.893070102,ros2_odometer_state
M19C_S1_lab_hard_floor_B3_U050_R3,1241.827990348,4.212995367,command,0.500000,-4.906374454,-0.450515091,-1.893827438,0.026069297,-0.066863567,-1.892358422,ros2_odometer_state
M19C_S1_lab_hard_floor_B3_U050_R3,1241.829842570,4.214847589,command,0.500000,-4.906374454,-0.450515091,-1.893827438,0.025997553,-0.067579500,-1.891751289,ros2_odometer_state
M19C_S1_lab_hard_floor_B3_U050_R3,1241.831835597,4.216840616,command,0.500000,-4.906374454,-0.450515091,-1.893827438,0.025967354,-0.068325751,-1.891270161,ros2_odometer_state
M19C_S1_lab_hard_floor_B3_U050_R3,1241.834638636,4.219643655,command,0.500000,-4.906374454,-0.450515091,-1.893827438,0.025965853,-0.069065757,-1.890861392,ros2_odometer_state
M19C_S1_lab_hard_floor_B3_U050_R3,1241.835948440,4.220953459,command,0.500000,-4.906374454,-0.450515091,-1.893827438,0.025976898,-0.069766365,-1.890466690,ros2_odometer_state
M19C_S1_lab_hard_floor_B3_U050_R3,1241.837950363,4.222955382,command,0.500000,-4.906374454,-0.450515091,-1.893827438,0.025998091,-0.070396058,-1.890051246,ros2_odometer_state
M19C_S1_lab_hard_floor_B3_U050_R3,1241.841211433,4.226216452,command,0.500000,-4.906374454,-0.450515091,-1.893827438,0.026030198,-0.070946835,-1.889639735,ros2_odometer_state
M19C_S1_lab_hard_floor_B3_U050_R3,1241.841529492,4.226534511,command,0.500000,-4.906374454,-0.450515091,-1.893827438,0.026030198,-0.070946835,-1.889639735,ros2_odometer_state
M19C_S1_lab_hard_floor_B3_U050_R3,1241.844109323,4.229114342,command,0.500000,-4.906374454,-0.450515091,-1.893827438,0.026120914,-0.071907960,-1.888898611,ros2_odometer_state
M19C_S1_lab_hard_floor_B3_U050_R3,1241.846335318,4.231340337,command,0.500000,-4.914882660,-0.464501500,-1.888898611,0.026177777,-0.072395481,-1.888572574,ros2_odometer_state
M19C_S1_lab_hard_floor_B3_U050_R3,1241.848198645,4.233203664,command,0.500000,-4.914882660,-0.464501500,-1.888898611,0.026248958,-0.072914921,-1.888305068,ros2_odometer_state
M19C_S1_lab_hard_floor_B3_U050_R3,1241.850095060,4.235100079,command,0.500000,-4.914882660,-0.464501500,-1.888898611,0.026353490,-0.073486738,-1.888138175,ros2_odometer_state
M19C_S1_lab_hard_floor_B3_U050_R3,1241.852425955,4.237430974,command,0.500000,-4.914882660,-0.464501500,-1.888898611,0.026490567,-0.074101672,-1.888111830,ros2_odometer_state
M19C_S1_lab_hard_floor_B3_U050_R3,1241.854698192,4.239703211,command,0.500000,-4.914882660,-0.464501500,-1.888898611,0.026658012,-0.074742474,-1.888196111,ros2_odometer_state
M19C_S1_lab_hard_floor_B3_U050_R3,1241.856266148,4.241271167,command,0.500000,-4.914882660,-0.464501500,-1.888898611,0.026824303,-0.075414881,-1.888318062,ros2_odometer_state
M19C_S1_lab_hard_floor_B3_U050_R3,1241.858279464,4.243284483,command,0.500000,-4.914882660,-0.464501500,-1.888898611,0.026982609,-0.076084018,-1.888423681,ros2_odometer_state
M19C_S1_lab_hard_floor_B3_U050_R3,1241.860229418,4.245234437,command,0.500000,-4.914882660,-0.464501500,-1.888898611,0.027140481,-0.076703452,-1.888503432,ros2_odometer_state
M19C_S1_lab_hard_floor_B3_U050_R3,1241.862105609,4.247110628,command,0.500000,-4.914882660,-0.464501500,-1.888898611,0.027311711,-0.077280074,-1.888617873,ros2_odometer_state
M19C_S1_lab_hard_floor_B3_U050_R3,1241.864229425,4.249234444,command,0.500000,-4.914882660,-0.464501500,-1.888898611,0.027525811,-0.077849157,-1.888846278,ros2_odometer_state
M19C_S1_lab_hard_floor_B3_U050_R3,1241.865485467,4.250490486,command,0.500000,-4.921619892,-0.478369415,-1.888846278,0.027525811,-0.077849157,-1.888846278,ros2_odometer_state
M19C_S1_lab_hard_floor_B3_U050_R3,1241.868426974,4.253431993,command,0.500000,-4.921619892,-0.478369415,-1.888846278,0.028033901,-0.079016306,-1.889461756,ros2_odometer_state
M19C_S1_lab_hard_floor_B3_U050_R3,1241.870450146,4.255455165,command,0.500000,-4.921619892,-0.478369415,-1.888846278,0.028198933,-0.079622783,-1.889766097,ros2_odometer_state
M19C_S1_lab_hard_floor_B3_U050_R3,1241.872093401,4.257098420,command,0.500000,-4.921619892,-0.478369415,-1.888846278,0.028242145,-0.080279902,-1.890158296,ros2_odometer_state
M19C_S1_lab_hard_floor_B3_U050_R3,1241.873971705,4.258976724,command,0.500000,-4.921619892,-0.478369415,-1.888846278,0.028242145,-0.080279902,-1.890158296,ros2_odometer_state
M19C_S1_lab_hard_floor_B3_U050_R3,1241.875524717,4.260529736,command,0.500000,-4.921619892,-0.478369415,-1.888846278,0.028183755,-0.081032716,-1.890640855,ros2_odometer_state
M19C_S1_lab_hard_floor_B3_U050_R3,1241.878407406,4.263412425,command,0.500000,-4.921619892,-0.478369415,-1.888846278,0.027800534,-0.082572035,-1.891560555,ros2_odometer_state
M19C_S1_lab_hard_floor_B3_U050_R3,1241.880348783,4.265353802,command,0.500000,-4.921619892,-0.478369415,-1.888846278,0.027530903,-0.083138034,-1.892240763,ros2_odometer_state
M19C_S1_lab_hard_floor_B3_U050_R3,1241.882016328,4.267021347,command,0.500000,-4.921619892,-0.478369415,-1.888846278,0.027220998,-0.083547056,-1.893110752,ros2_odometer_state
M19C_S1_lab_hard_floor_B3_U050_R3,1241.883824837,4.268829856,command,0.500000,-4.921619892,-0.478369415,-1.888846278,0.027220998,-0.083547056,-1.893110752,ros2_odometer_state
M19C_S1_lab_hard_floor_B3_U050_R3,1241.886524447,4.271529466,command,0.500000,-4.927803516,-0.493335098,-1.893974423,0.026416460,-0.084044151,-1.894733310,ros2_odometer_state
M19C_S1_lab_hard_floor_B3_U050_R3,1241.889951155,4.274956174,command,0.500000,-4.927803516,-0.493335098,-1.893974423,0.026416460,-0.084044151,-1.894733310,ros2_odometer_state
M19C_S1_lab_hard_floor_B3_U050_R3,1241.891855571,4.276860590,command,0.500000,-4.927803516,-0.493335098,-1.893974423,0.025952920,-0.084233977,-1.895459771,ros2_odometer_state
M19C_S1_lab_hard_floor_B3_U050_R3,1241.893013210,4.278018229,command,0.500000,-4.927803516,-0.493335098,-1.893974423,0.025530508,-0.084485605,-1.896305442,ros2_odometer_state
M19C_S1_lab_hard_floor_B3_U050_R3,1241.894537709,4.279542728,command,0.500000,-4.927803516,-0.493335098,-1.893974423,0.025217284,-0.084787369,-1.897377729,ros2_odometer_state
M19C_S1_lab_hard_floor_B3_U050_R3,1241.896099138,4.281104157,command,0.500000,-4.927803516,-0.493335098,-1.893974423,0.025008686,-0.085048027,-1.898584962,ros2_odometer_state
M19C_S1_lab_hard_floor_B3_U050_R3,1241.897633526,4.282638545,command,0.500000,-4.927803516,-0.493335098,-1.893974423,0.024853246,-0.085195415,-1.899734020,ros2_odometer_state
M19C_S1_lab_hard_floor_B3_U050_R3,1241.899782718,4.284787737,command,0.500000,-4.927803516,-0.493335098,-1.893974423,0.024725905,-0.085220620,-1.900783300,ros2_odometer_state
M19C_S1_lab_hard_floor_B3_U050_R3,1241.901597147,4.286602166,command,0.500000,-4.927803516,-0.493335098,-1.893974423,0.024651883,-0.085156418,-1.901794195,ros2_odometer_state
M19C_S1_lab_hard_floor_B3_U050_R3,1241.903611327,4.288616346,command,0.500000,-4.927803516,-0.493335098,-1.893974423,0.024639035,-0.085021921,-1.902779818,ros2_odometer_state
M19C_S1_lab_hard_floor_B3_U050_R3,1241.906154229,4.291159248,command,0.500000,-4.932873726,-0.507480860,-1.903718233,0.024672868,-0.084501155,-1.904640555,ros2_odometer_state
M19C_S1_lab_hard_floor_B3_U050_R3,1241.908094870,4.293099889,command,0.500000,-4.932873726,-0.507480860,-1.903718233,0.024645993,-0.084183149,-1.905613303,ros2_odometer_state
M19C_S1_lab_hard_floor_B3_U050_R3,1241.910811505,4.295816524,command,0.500000,-4.932873726,-0.507480860,-1.903718233,0.024570502,-0.083856195,-1.906663179,ros2_odometer_state
M19C_S1_lab_hard_floor_B3_U050_R3,1241.912220289,4.297225308,command,0.500000,-4.932873726,-0.507480860,-1.903718233,0.024449695,-0.083518267,-1.907764077,ros2_odometer_state
M19C_S1_lab_hard_floor_B3_U050_R3,1241.914911292,4.299916311,command,0.500000,-4.932873726,-0.507480860,-1.903718233,0.024284407,-0.083170548,-1.908844709,ros2_odometer_state
M19C_S1_lab_hard_floor_B3_U050_R3,1241.915544689,4.300549708,command,0.500000,-4.932873726,-0.507480860,-1.903718233,0.024284407,-0.083170548,-1.908844709,ros2_odometer_state
M19C_S1_lab_hard_floor_B3_U050_R3,1241.918264780,4.303269799,command,0.500000,-4.932873726,-0.507480860,-1.903718233,0.023738490,-0.082575195,-1.910742640,ros2_odometer_state
M19C_S1_lab_hard_floor_B3_U050_R3,1241.920273840,4.305278859,command,0.500000,-4.932873726,-0.507480860,-1.903718233,0.023345783,-0.082390003,-1.911570191,ros2_odometer_state
M19C_S1_lab_hard_floor_B3_U050_R3,1241.922238546,4.307243565,command,0.500000,-4.932873726,-0.507480860,-1.903718233,0.022917114,-0.082231723,-1.912305117,ros2_odometer_state
M19C_S1_lab_hard_floor_B3_U050_R3,1241.924306232,4.309311251,command,0.500000,-4.932873726,-0.507480860,-1.903718233,0.022494761,-0.082043692,-1.912935615,ros2_odometer_state
M19C_S1_lab_hard_floor_B3_U050_R3,1241.925524545,4.310529564,command,0.500000,-4.937317371,-0.519885004,-1.912935615,0.022494761,-0.082043692,-1.912935615,ros2_odometer_state
M19C_S1_lab_hard_floor_B3_U050_R3,1241.928302207,4.313307226,command,0.500000,-4.937317371,-0.519885004,-1.912935615,0.021820482,-0.081519097,-1.913945436,ros2_odometer_state
M19C_S1_lab_hard_floor_B3_U050_R3,1241.930243232,4.315248251,command,0.500000,-4.937317371,-0.519885004,-1.912935615,0.021573072,-0.081242107,-1.914330602,ros2_odometer_state
M19C_S1_lab_hard_floor_B3_U050_R3,1241.932290149,4.317295168,command,0.500000,-4.937317371,-0.519885004,-1.912935615,0.021363238,-0.080955498,-1.914682627,ros2_odometer_state
M19C_S1_lab_hard_floor_B3_U050_R3,1241.935724505,4.320729524,command,0.500000,-4.937317371,-0.519885004,-1.912935615,0.021161620,-0.080652945,-1.915026903,ros2_odometer_state
M19C_S1_lab_hard_floor_B3_U050_R3,1241.936733626,4.321738645,command,0.500000,-4.937317371,-0.519885004,-1.912935615,0.021161620,-0.080652945,-1.915026903,ros2_odometer_state
M19C_S1_lab_hard_floor_B3_U050_R3,1241.938334768,4.323339787,command,0.500000,-4.937317371,-0.519885004,-1.912935615,0.020920251,-0.080355391,-1.915334582,ros2_odometer_state
M19C_S1_lab_hard_floor_B3_U050_R3,1241.939747712,4.324752731,command,0.500000,-4.937317371,-0.519885004,-1.912935615,0.020614762,-0.080116034,-1.915562272,ros2_odometer_state
M19C_S1_lab_hard_floor_B3_U050_R3,1241.941623967,4.326628986,command,0.500000,-4.937317371,-0.519885004,-1.912935615,0.020273583,-0.079972252,-1.915678859,ros2_odometer_state
M19C_S1_lab_hard_floor_B3_U050_R3,1241.943711558,4.328716577,command,0.500000,-4.937317371,-0.519885004,-1.912935615,0.019918701,-0.079915479,-1.915681005,ros2_odometer_state
M19C_S1_lab_hard_floor_B3_U050_R3,1241.946380735,4.331385754,command,0.500000,-4.941646576,-0.531983376,-1.915681005,0.019211037,-0.079942748,-1.915345550,ros2_odometer_state
M19C_S1_lab_hard_floor_B3_U050_R3,1241.950315876,4.335320895,command,0.500000,-4.941646576,-0.531983376,-1.915681005,0.018809553,-0.079934694,-1.914915323,ros2_odometer_state
M19C_S1_lab_hard_floor_B3_U050_R3,1241.951286277,4.336291296,command,0.500000,-4.941646576,-0.531983376,-1.915681005,0.018371688,-0.079855263,-1.914306402,ros2_odometer_state
M19C_S1_lab_hard_floor_B3_U050_R3,1241.952735189,4.337740208,command,0.500000,-4.941646576,-0.531983376,-1.915681005,0.017953221,-0.079721741,-1.913610816,ros2_odometer_state
M19C_S1_lab_hard_floor_B3_U050_R3,1241.954766042,4.339771061,command,0.500000,-4.941646576,-0.531983376,-1.915681005,0.017599169,-0.079601124,-1.912870407,ros2_odometer_state
M19C_S1_lab_hard_floor_B3_U050_R3,1241.956301198,4.341306217,command,0.500000,-4.941646576,-0.531983376,-1.915681005,0.017292880,-0.079550870,-1.912104011,ros2_odometer_state
M19C_S1_lab_hard_floor_B3_U050_R3,1241.959907879,4.344912898,command,0.500000,-4.941646576,-0.531983376,-1.915681005,0.016996140,-0.079603225,-1.911290050,ros2_odometer_state
M19C_S1_lab_hard_floor_B3_U050_R3,1241.960808901,4.345813920,command,0.500000,-4.941646576,-0.531983376,-1.915681005,0.016684381,-0.079759203,-1.910377145,ros2_odometer_state
M19C_S1_lab_hard_floor_B3_U050_R3,1241.962181332,4.347186351,command,0.500000,-4.941646576,-0.531983376,-1.915681005,0.016375832,-0.079968825,-1.909355640,ros2_odometer_state
M19C_S1_lab_hard_floor_B3_U050_R3,1241.964208088,4.349213107,command,0.500000,-4.941646576,-0.531983376,-1.915681005,0.016101120,-0.080185175,-1.908261657,ros2_odometer_state
M19C_S1_lab_hard_floor_B3_U050_R3,1241.966230332,4.351235351,command,0.500000,-4.946235180,-0.544808209,-1.908261657,0.015844684,-0.080378003,-1.907140136,ros2_odometer_state
M19C_S1_lab_hard_floor_B3_U050_R3,1241.968181214,4.353186233,command,0.500000,-4.946235180,-0.544808209,-1.908261657,0.015844684,-0.080378003,-1.907140136,ros2_odometer_state
M19C_S1_lab_hard_floor_B3_U050_R3,1241.970114943,4.355119962,command,0.500000,-4.946235180,-0.544808209,-1.908261657,0.015212012,-0.080604918,-1.904786587,ros2_odometer_state
M19C_S1_lab_hard_floor_B3_U050_R3,1241.973442543,4.358447562,command,0.500000,-4.946235180,-0.544808209,-1.908261657,0.015212012,-0.080604918,-1.904786587,ros2_odometer_state
M19C_S1_lab_hard_floor_B3_U050_R3,1241.974090373,4.359095392,command,0.500000,-4.946235180,-0.544808209,-1.908261657,0.015212012,-0.080604918,-1.904786587,ros2_odometer_state
M19C_S1_lab_hard_floor_B3_U050_R3,1241.976441652,4.361446671,command,0.500000,-4.946235180,-0.544808209,-1.908261657,0.014017754,-0.080307521,-1.901151896,ros2_odometer_state
M19C_S1_lab_hard_floor_B3_U050_R3,1241.977590779,4.362595798,command,0.500000,-4.946235180,-0.544808209,-1.908261657,0.014017754,-0.080307521,-1.901151896,ros2_odometer_state
M19C_S1_lab_hard_floor_B3_U050_R3,1241.979559389,4.364564408,command,0.500000,-4.946235180,-0.544808209,-1.908261657,0.013666426,-0.080069713,-1.900014758,ros2_odometer_state
M19C_S1_lab_hard_floor_B3_U050_R3,1241.981516895,4.366521914,command,0.500000,-4.946235180,-0.544808209,-1.908261657,0.013328937,-0.079821832,-1.898872018,ros2_odometer_state
M19C_S1_lab_hard_floor_B3_U050_R3,1241.984696042,4.369701061,command,0.500000,-4.946235180,-0.544808209,-1.908261657,0.012991853,-0.079604432,-1.897698998,ros2_odometer_state
M19C_S1_lab_hard_floor_B3_U050_R3,1241.985623817,4.370628836,command,0.500000,-4.951460361,-0.557318449,-1.897698998,0.012991853,-0.079604432,-1.897698998,ros2_odometer_state
M19C_S1_lab_hard_floor_B3_U050_R3,1241.987511049,4.372516068,command,0.500000,-4.951460361,-0.557318449,-1.897698998,0.012420126,-0.079405330,-1.895521402,ros2_odometer_state
M19C_S1_lab_hard_floor_B3_U050_R3,1241.989502732,4.374507751,command,0.500000,-4.951460361,-0.557318449,-1.897698998,0.012171851,-0.079357162,-1.894492507,ros2_odometer_state
M19C_S1_lab_hard_floor_B3_U050_R3,1241.991548913,4.376553932,command,0.500000,-4.951460361,-0.557318449,-1.897698998,0.011782749,-0.079215527,-1.893346071,ros2_odometer_state
M19C_S1_lab_hard_floor_B3_U050_R3,1241.994905378,4.379910397,command,0.500000,-4.951460361,-0.557318449,-1.897698998,0.010779252,-0.078898825,-1.890786409,ros2_odometer_state
M19C_S1_lab_hard_floor_B3_U050_R3,1241.996381651,4.381386670,command,0.500000,-4.951460361,-0.557318449,-1.897698998,0.010522337,-0.078978084,-1.890325665,ros2_odometer_state
M19C_S1_lab_hard_floor_B3_U050_R3,1241.998381495,4.383386514,command,0.500000,-4.951460361,-0.557318449,-1.897698998,0.010304128,-0.079048499,-1.889893770,ros2_odometer_state
M19C_S1_lab_hard_floor_B3_U050_R3,1242.000463005,4.385468024,command,0.500000,-4.951460361,-0.557318449,-1.897698998,0.010106279,-0.079049379,-1.889372587,ros2_odometer_state
M19C_S1_lab_hard_floor_B3_U050_R3,1242.003172632,4.388177651,command,0.500000,-4.951460361,-0.557318449,-1.897698998,0.009886757,-0.078957118,-1.888740897,ros2_odometer_state
M19C_S1_lab_hard_floor_B3_U050_R3,1242.004415970,4.389420989,command,0.500000,-4.951460361,-0.557318449,-1.897698998,0.009886757,-0.078957118,-1.888740897,ros2_odometer_state
M19C_S1_lab_hard_floor_B3_U050_R3,1242.006345763,4.391350782,command,0.500000,-4.956188202,-0.570417881,-1.888116241,0.009409445,-0.078581080,-1.887579679,ros2_odometer_state
M19C_S1_lab_hard_floor_B3_U050_R3,1242.007583821,4.392588840,command,0.500000,-4.956188202,-0.570417881,-1.888116241,0.009409445,-0.078581080,-1.887579679,ros2_odometer_state
M19C_S1_lab_hard_floor_B3_U050_R3,1242.010510511,4.395515530,command,0.500000,-4.956188202,-0.570417881,-1.888116241,0.008904026,-0.077873550,-1.886756063,ros2_odometer_state
M19C_S1_lab_hard_floor_B3_U050_R3,1242.012398959,4.397403978,command,0.500000,-4.956188202,-0.570417881,-1.888116241,0.008600969,-0.077388227,-1.886499286,ros2_odometer_state
M19C_S1_lab_hard_floor_B3_U050_R3,1242.015856739,4.400861758,command,0.500000,-4.956188202,-0.570417881,-1.888116241,0.008600969,-0.077388227,-1.886499286,ros2_odometer_state
M19C_S1_lab_hard_floor_B3_U050_R3,1242.016920807,4.401925826,command,0.500000,-4.956188202,-0.570417881,-1.888116241,0.008306142,-0.076900877,-1.886357665,ros2_odometer_state
M19C_S1_lab_hard_floor_B3_U050_R3,1242.018936363,4.403941382,command,0.500000,-4.956188202,-0.570417881,-1.888116241,0.008024253,-0.076459281,-1.886272907,ros2_odometer_state
M19C_S1_lab_hard_floor_B3_U050_R3,1242.019953709,4.404958728,command,0.500000,-4.956188202,-0.570417881,-1.888116241,0.007749668,-0.076094054,-1.886218548,ros2_odometer_state
M19C_S1_lab_hard_floor_B3_U050_R3,1242.022272923,4.407277942,command,0.500000,-4.956188202,-0.570417881,-1.888116241,0.007177117,-0.075520627,-1.886259556,ros2_odometer_state
M19C_S1_lab_hard_floor_B3_U050_R3,1242.023630313,4.408635332,command,0.500000,-4.956188202,-0.570417881,-1.888116241,0.007177117,-0.075520627,-1.886259556,ros2_odometer_state
M19C_S1_lab_hard_floor_B3_U050_R3,1242.025657837,4.410662856,command,0.500000,-4.960695744,-0.582798243,-1.886285782,0.006836453,-0.075216770,-1.886285782,ros2_odometer_state
M19C_S1_lab_hard_floor_B3_U050_R3,1242.028532878,4.413537897,command,0.500000,-4.960695744,-0.582798243,-1.886285782,0.006215527,-0.074479684,-1.886375308,ros2_odometer_state
M19C_S1_lab_hard_floor_B3_U050_R3,1242.030720920,4.415725939,command,0.500000,-4.960695744,-0.582798243,-1.886285782,0.005926513,-0.074056789,-1.886419654,ros2_odometer_state
M19C_S1_lab_hard_floor_B3_U050_R3,1242.032358543,4.417363562,command,0.500000,-4.960695744,-0.582798243,-1.886285782,0.005606143,-0.073613897,-1.886435866,ros2_odometer_state
M19C_S1_lab_hard_floor_B3_U050_R3,1242.035005832,4.420010851,command,0.500000,-4.960695744,-0.582798243,-1.886285782,0.005231595,-0.073165558,-1.886422873,ros2_odometer_state
M19C_S1_lab_hard_floor_B3_U050_R3,1242.035626941,4.420631960,command,0.500000,-4.960695744,-0.582798243,-1.886285782,0.005231595,-0.073165558,-1.886422873,ros2_odometer_state
M19C_S1_lab_hard_floor_B3_U050_R3,1242.037635553,4.422640572,command,0.500000,-4.960695744,-0.582798243,-1.886285782,0.004807538,-0.072713904,-1.886404514,ros2_odometer_state
M19C_S1_lab_hard_floor_B3_U050_R3,1242.040415711,4.425420730,command,0.500000,-4.960695744,-0.582798243,-1.886285782,0.003844883,-0.071877986,-1.886442780,ros2_odometer_state
M19C_S1_lab_hard_floor_B3_U050_R3,1242.042292414,4.427297433,command,0.500000,-4.960695744,-0.582798243,-1.886285782,0.003310026,-0.071515769,-1.886470914,ros2_odometer_state
M19C_S1_lab_hard_floor_B3_U050_R3,1242.044419941,4.429424960,command,0.500000,-4.960695744,-0.582798243,-1.886285782,0.002726500,-0.071175143,-1.886464119,ros2_odometer_state
M19C_S1_lab_hard_floor_B3_U050_R3,1242.046619151,4.431624170,command,0.500000,-4.964844227,-0.594071865,-1.886464119,0.002081609,-0.070845187,-1.886429667,ros2_odometer_state
M19C_S1_lab_hard_floor_B3_U050_R3,1242.048353354,4.433358373,command,0.500000,-4.964844227,-0.594071865,-1.886464119,0.001412733,-0.070516020,-1.886399031,ros2_odometer_state
M19C_S1_lab_hard_floor_B3_U050_R3,1242.050335629,4.435340648,command,0.500000,-4.964844227,-0.594071865,-1.886464119,0.000762952,-0.070217960,-1.886414528,ros2_odometer_state
M19C_S1_lab_hard_floor_B3_U050_R3,1242.051631128,4.436636147,command,0.500000,-4.964844227,-0.594071865,-1.886464119,0.000762952,-0.070217960,-1.886414528,ros2_odometer_state
M19C_S1_lab_hard_floor_B3_U050_R3,1242.054240976,4.439245995,command,0.500000,-4.964844227,-0.594071865,-1.886464119,0.000146199,-0.070029661,-1.886532068,ros2_odometer_state
M19C_S1_lab_hard_floor_B3_U050_R3,1242.056513213,4.441518232,command,0.500000,-4.964844227,-0.594071865,-1.886464119,-0.000458722,-0.070533164,-1.888281703,ros2_odometer_state
M19C_S1_lab_hard_floor_B3_U050_R3,1242.058393212,4.443398231,command,0.500000,-4.964844227,-0.594071865,-1.886464119,-0.000310727,-0.071023434,-1.889445066,ros2_odometer_state
M19C_S1_lab_hard_floor_B3_U050_R3,1242.060401184,4.445406203,command,0.500000,-4.964844227,-0.594071865,-1.886464119,-0.000054258,-0.071559399,-1.890687108,ros2_odometer_state
M19C_S1_lab_hard_floor_B3_U050_R3,1242.062332609,4.447337628,command,0.500000,-4.964844227,-0.594071865,-1.886464119,0.000297860,-0.072019845,-1.892084956,ros2_odometer_state
M19C_S1_lab_hard_floor_B3_U050_R3,1242.064434087,4.449439106,command,0.500000,-4.964844227,-0.594071865,-1.886464119,0.000669557,-0.072063647,-1.893386602,ros2_odometer_state
M19C_S1_lab_hard_floor_B3_U050_R3,1242.066512141,4.451517160,command,0.500000,-4.967904568,-0.606627107,-1.893386602,0.001151603,-0.071629383,-1.894581795,ros2_odometer_state
M19C_S1_lab_hard_floor_B3_U050_R3,1242.068333387,4.453338406,command,0.500000,-4.967904568,-0.606627107,-1.893386602,0.001802710,-0.070845798,-1.895776272,ros2_odometer_state
M19C_S1_lab_hard_floor_B3_U050_R3,1242.070399152,4.455404171,command,0.500000,-4.967904568,-0.606627107,-1.893386602,0.002577197,-0.069794044,-1.896897316,ros2_odometer_state
M19C_S1_lab_hard_floor_B3_U050_R3,1242.072360082,4.457365101,command,0.500000,-4.967904568,-0.606627107,-1.893386602,0.003550596,-0.068445213,-1.897902608,ros2_odometer_state
M19C_S1_lab_hard_floor_B3_U050_R3,1242.075019916,4.460024935,command,0.500000,-4.967904568,-0.606627107,-1.893386602,0.004649587,-0.067062557,-1.898777962,ros2_odometer_state
M19C_S1_lab_hard_floor_B3_U050_R3,1242.076473629,4.461478648,command,0.500000,-4.967904568,-0.606627107,-1.893386602,0.005658258,-0.065857396,-1.899562001,ros2_odometer_state
M19C_S1_lab_hard_floor_B3_U050_R3,1242.078447903,4.463452922,command,0.500000,-4.967904568,-0.606627107,-1.893386602,0.006585751,-0.064777873,-1.900302052,ros2_odometer_state
M19C_S1_lab_hard_floor_B3_U050_R3,1242.080538342,4.465543361,command,0.500000,-4.967904568,-0.606627107,-1.893386602,0.007555861,-0.063700914,-1.901046753,ros2_odometer_state
M19C_S1_lab_hard_floor_B3_U050_R3,1242.084698290,4.469703309,command,0.500000,-4.967904568,-0.606627107,-1.893386602,0.008582567,-0.062503383,-1.902042508,ros2_odometer_state
M19C_S1_lab_hard_floor_B3_U050_R3,1242.085718772,4.470723791,command,0.500000,-4.967904568,-0.606627107,-1.893386602,0.009592010,-0.061197292,-1.903286219,ros2_odometer_state
M19C_S1_lab_hard_floor_B3_U050_R3,1242.086685877,4.471690896,command,0.500000,-4.968404293,-0.619975269,-1.903286219,0.010485392,-0.059897043,-1.904433966,ros2_odometer_state
M19C_S1_lab_hard_floor_B3_U050_R3,1242.088411439,4.473416458,command,0.500000,-4.968404293,-0.619975269,-1.903286219,0.011226585,-0.058610905,-1.905302167,ros2_odometer_state
M19C_S1_lab_hard_floor_B3_U050_R3,1242.090434579,4.475439598,command,0.500000,-4.968404293,-0.619975269,-1.903286219,0.011811199,-0.057318065,-1.906135678,ros2_odometer_state
M19C_S1_lab_hard_floor_B3_U050_R3,1242.092417238,4.477422257,command,0.500000,-4.968404293,-0.619975269,-1.903286219,0.012242425,-0.056022227,-1.907077789,ros2_odometer_state
M19C_S1_lab_hard_floor_B3_U050_R3,1242.094309014,4.479314033,command,0.500000,-4.968404293,-0.619975269,-1.903286219,0.012242425,-0.056022227,-1.907077789,ros2_odometer_state
M19C_S1_lab_hard_floor_B3_U050_R3,1242.096457534,4.481462553,command,0.500000,-4.968404293,-0.619975269,-1.903286219,0.012872616,-0.053456564,-1.908800364,ros2_odometer_state
M19C_S1_lab_hard_floor_B3_U050_R3,1242.098505155,4.483510174,command,0.500000,-4.968404293,-0.619975269,-1.903286219,0.013062244,-0.052154239,-1.909619093,ros2_odometer_state
M19C_S1_lab_hard_floor_B3_U050_R3,1242.100506566,4.485511585,command,0.500000,-4.968404293,-0.619975269,-1.903286219,0.013144678,-0.050878704,-1.910477042,ros2_odometer_state
M19C_S1_lab_hard_floor_B3_U050_R3,1242.102395206,4.487400225,command,0.500000,-4.968404293,-0.619975269,-1.903286219,0.013100858,-0.049669232,-1.911195755,ros2_odometer_state
M19C_S1_lab_hard_floor_B3_U050_R3,1242.104514253,4.489519272,command,0.500000,-4.968404293,-0.619975269,-1.903286219,0.012930370,-0.048517957,-1.911674976,ros2_odometer_state
M19C_S1_lab_hard_floor_B3_U050_R3,1242.106527249,4.491532268,command,0.500000,-4.967065811,-0.631055176,-1.911674976,0.012662723,-0.047384936,-1.912000179,ros2_odometer_state
M19C_S1_lab_hard_floor_B3_U050_R3,1242.108482099,4.493487118,command,0.500000,-4.967065811,-0.631055176,-1.911674976,0.012281068,-0.046255954,-1.912247300,ros2_odometer_state
M19C_S1_lab_hard_floor_B3_U050_R3,1242.110382227,4.495387246,command,0.500000,-4.967065811,-0.631055176,-1.911674976,0.011770499,-0.045157984,-1.912423849,ros2_odometer_state
M19C_S1_lab_hard_floor_B3_U050_R3,1242.112685825,4.497690844,command,0.500000,-4.967065811,-0.631055176,-1.911674976,0.011139872,-0.044122633,-1.912499428,ros2_odometer_state
M19C_S1_lab_hard_floor_B3_U050_R3,1242.115772201,4.500777220,command,0.500000,-4.967065811,-0.631055176,-1.911674976,0.010420592,-0.043110441,-1.912507176,ros2_odometer_state
M19C_S1_lab_hard_floor_B3_U050_R3,1242.116100404,4.501105423,command,0.500000,-4.967065811,-0.631055176,-1.911674976,0.010420592,-0.043110441,-1.912507176,ros2_odometer_state
M19C_S1_lab_hard_floor_B3_U050_R3,1242.118625481,4.503630500,command,0.500000,-4.967065811,-0.631055176,-1.911674976,0.008818306,-0.040938012,-1.912724018,ros2_odometer_state
M19C_S1_lab_hard_floor_B3_U050_R3,1242.120499688,4.505504707,command,0.500000,-4.967065811,-0.631055176,-1.911674976,0.008011174,-0.039811507,-1.913027048,ros2_odometer_state
M19C_S1_lab_hard_floor_B3_U050_R3,1242.122494891,4.507499910,command,0.500000,-4.967065811,-0.631055176,-1.911674976,0.007197890,-0.038790837,-1.913405418,ros2_odometer_state
M19C_S1_lab_hard_floor_B3_U050_R3,1242.124651188,4.509656207,command,0.500000,-4.967065811,-0.631055176,-1.911674976,0.006384772,-0.037925873,-1.913805962,ros2_odometer_state
M19C_S1_lab_hard_floor_B3_U050_R3,1242.126587701,4.511592720,command,0.500000,-4.968334198,-0.639800668,-1.913805962,0.005556996,-0.037203554,-1.914193749,ros2_odometer_state
M19C_S1_lab_hard_floor_B3_U050_R3,1242.128478709,4.513483728,command,0.500000,-4.968334198,-0.639800668,-1.913805962,0.004715223,-0.036635857,-1.914573193,ros2_odometer_state
M19C_S1_lab_hard_floor_B3_U050_R3,1242.130428598,4.515433617,command,0.500000,-4.968334198,-0.639800668,-1.913805962,0.003874231,-0.036244854,-1.914992929,ros2_odometer_state
M19C_S1_lab_hard_floor_B3_U050_R3,1242.132909642,4.517914661,command,0.500000,-4.968334198,-0.639800668,-1.913805962,0.003033749,-0.036020353,-1.915463328,ros2_odometer_state
M19C_S1_lab_hard_floor_B3_U050_R3,1242.135106100,4.520111119,command,0.500000,-4.968334198,-0.639800668,-1.913805962,0.002189331,-0.035892792,-1.915961504,ros2_odometer_state
M19C_S1_lab_hard_floor_B3_U050_R3,1242.136656200,4.521661219,command,0.500000,-4.968334198,-0.639800668,-1.913805962,0.001337161,-0.035779960,-1.916533709,ros2_odometer_state
M19C_S1_lab_hard_floor_B3_U050_R3,1242.138677004,4.523682023,command,0.500000,-4.968334198,-0.639800668,-1.913805962,0.000476627,-0.035653744,-1.917235374,ros2_odometer_state
M19C_S1_lab_hard_floor_B3_U050_R3,1242.140684048,4.525689067,command,0.500000,-4.968334198,-0.639800668,-1.913805962,-0.000390800,-0.035526790,-1.918053150,ros2_odometer_state
M19C_S1_lab_hard_floor_B3_U050_R3,1242.142483980,4.527488999,command,0.500000,-4.968334198,-0.639800668,-1.913805962,-0.001253400,-0.035418518,-1.918963552,ros2_odometer_state
M19C_S1_lab_hard_floor_B3_U050_R3,1242.144615988,4.529621007,command,0.500000,-4.968334198,-0.639800668,-1.913805962,-0.002115809,-0.035366237,-1.919909477,ros2_odometer_state
M19C_S1_lab_hard_floor_B3_U050_R3,1242.146342190,4.531347209,command,0.500000,-4.971490383,-0.647934735,-1.919909477,-0.002115809,-0.035366237,-1.919909477,ros2_odometer_state
M19C_S1_lab_hard_floor_B3_U050_R3,1242.148248270,4.533253289,command,0.500000,-4.971490383,-0.647934735,-1.919909477,-0.003006337,-0.035418462,-1.920813560,ros2_odometer_state
M19C_S1_lab_hard_floor_B3_U050_R3,1242.149916263,4.534921282,command,0.500000,-4.971490383,-0.647934735,-1.919909477,-0.003908614,-0.035609871,-1.921656728,ros2_odometer_state
M19C_S1_lab_hard_floor_B3_U050_R3,1242.151887465,4.536892484,command,0.500000,-4.971490383,-0.647934735,-1.919909477,-0.004783496,-0.035937384,-1.922484756,ros2_odometer_state
M19C_S1_lab_hard_floor_B3_U050_R3,1242.154471648,4.539476667,command,0.500000,-4.971490383,-0.647934735,-1.919909477,-0.005640984,-0.036343563,-1.923347116,ros2_odometer_state
M19C_S1_lab_hard_floor_B3_U050_R3,1242.155942610,4.540947629,command,0.500000,-4.971490383,-0.647934735,-1.919909477,-0.006464329,-0.036770809,-1.924309611,ros2_odometer_state
M19C_S1_lab_hard_floor_B3_U050_R3,1242.157971766,4.542976785,command,0.500000,-4.971490383,-0.647934735,-1.919909477,-0.007228018,-0.037161157,-1.925382257,ros2_odometer_state
M19C_S1_lab_hard_floor_B3_U050_R3,1242.159864118,4.544869137,command,0.500000,-4.971490383,-0.647934735,-1.919909477,-0.007938397,-0.037482772,-1.926530480,ros2_odometer_state
M19C_S1_lab_hard_floor_B3_U050_R3,1242.162025726,4.547030745,command,0.500000,-4.971490383,-0.647934735,-1.919909477,-0.008596830,-0.037754331,-1.927698493,ros2_odometer_state
M19C_S1_lab_hard_floor_B3_U050_R3,1242.164080612,4.549085631,command,0.500000,-4.971490383,-0.647934735,-1.919909477,-0.009070793,-0.038022347,-1.928860545,ros2_odometer_state
M19C_S1_lab_hard_floor_B3_U050_R3,1242.166083623,4.551088642,command,0.500000,-4.975165367,-0.659090281,-1.930046082,-0.009177655,-0.038375951,-1.930046082,ros2_odometer_state
M19C_S1_lab_hard_floor_B3_U050_R3,1242.168020008,4.553025027,command,0.500000,-4.975165367,-0.659090281,-1.930046082,-0.008933274,-0.038812827,-1.931097865,ros2_odometer_state
M19C_S1_lab_hard_floor_B3_U050_R3,1242.169943017,4.554948036,command,0.500000,-4.975165367,-0.659090281,-1.930046082,-0.008395700,-0.039163273,-1.931727409,ros2_odometer_state
M19C_S1_lab_hard_floor_B3_U050_R3,1242.171990030,4.556995049,command,0.500000,-4.975165367,-0.659090281,-1.930046082,-0.007676476,-0.039297581,-1.931896925,ros2_odometer_state
M19C_S1_lab_hard_floor_B3_U050_R3,1242.175255548,4.560260567,command,0.500000,-4.975165367,-0.659090281,-1.930046082,-0.005984482,-0.039340246,-1.931789637,ros2_odometer_state
M19C_S1_lab_hard_floor_B3_U050_R3,1242.176801648,4.561806667,command,0.500000,-4.975165367,-0.659090281,-1.930046082,-0.005026722,-0.039423320,-1.931942225,ros2_odometer_state
M19C_S1_lab_hard_floor_B3_U050_R3,1242.178920599,4.563925618,command,0.500000,-4.975165367,-0.659090281,-1.930046082,-0.004048364,-0.039492793,-1.932234287,ros2_odometer_state
M19C_S1_lab_hard_floor_B3_U050_R3,1242.179913497,4.564918516,command,0.500000,-4.975165367,-0.659090281,-1.930046082,-0.004048364,-0.039492793,-1.932234287,ros2_odometer_state
M19C_S1_lab_hard_floor_B3_U050_R3,1242.182965888,4.567970907,command,0.500000,-4.975165367,-0.659090281,-1.930046082,-0.002551864,-0.039516646,-1.932502031,ros2_odometer_state
M19C_S1_lab_hard_floor_B3_U050_R3,1242.184222186,4.569227205,command,0.500000,-4.975165367,-0.659090281,-1.930046082,-0.002551864,-0.039516646,-1.932502031,ros2_odometer_state
M19C_S1_lab_hard_floor_B3_U050_R3,1242.187918982,4.572924001,command,0.500000,-4.975977421,-0.668303013,-1.932332754,-0.001643379,-0.039535686,-1.931963205,ros2_odometer_state
M19C_S1_lab_hard_floor_B3_U050_R3,1242.189051341,4.574056360,command,0.500000,-4.975977421,-0.668303013,-1.932332754,-0.001292635,-0.039487682,-1.931533694,ros2_odometer_state
M19C_S1_lab_hard_floor_B3_U050_R3,1242.190829801,4.575834820,command,0.500000,-4.975977421,-0.668303013,-1.932332754,-0.001044414,-0.039424054,-1.931178570,ros2_odometer_state
M19C_S1_lab_hard_floor_B3_U050_R3,1242.192962640,4.577967659,command,0.500000,-4.975977421,-0.668303013,-1.932332754,-0.000933833,-0.039414171,-1.930805922,ros2_odometer_state
M19C_S1_lab_hard_floor_B3_U050_R3,1242.195359937,4.580364956,command,0.500000,-4.975977421,-0.668303013,-1.932332754,-0.000992125,-0.039492425,-1.930230260,ros2_odometer_state
M19C_S1_lab_hard_floor_B3_U050_R3,1242.197005945,4.582010964,command,0.500000,-4.975977421,-0.668303013,-1.932332754,-0.001184392,-0.039556943,-1.929628253,ros2_odometer_state
M19C_S1_lab_hard_floor_B3_U050_R3,1242.197999770,4.583004789,command,0.500000,-4.975977421,-0.668303013,-1.932332754,-0.001184392,-0.039556943,-1.929628253,ros2_odometer_state
M19C_S1_lab_hard_floor_B3_U050_R3,1242.200199236,4.585204255,command,0.500000,-4.975977421,-0.668303013,-1.932332754,-0.001406377,-0.039453801,-1.929304600,ros2_odometer_state
M19C_S1_lab_hard_floor_B3_U050_R3,1242.202979554,4.587984573,command,0.500000,-4.975977421,-0.668303013,-1.932332754,-0.001931863,-0.038709071,-1.929063559,ros2_odometer_state
M19C_S1_lab_hard_floor_B3_U050_R3,1242.205003270,4.590008289,command,0.500000,-4.975977421,-0.668303013,-1.932332754,-0.002377298,-0.038237520,-1.928779006,ros2_odometer_state
M19C_S1_lab_hard_floor_B3_U050_R3,1242.205998535,4.591003554,command,0.500000,-4.977278709,-0.678733885,-1.928779006,-0.002377298,-0.038237520,-1.928779006,ros2_odometer_state
M19C_S1_lab_hard_floor_B3_U050_R3,1242.209055406,4.594060425,command,0.500000,-4.977278709,-0.678733885,-1.928779006,-0.003505580,-0.037336644,-1.927847147,ros2_odometer_state
M19C_S1_lab_hard_floor_B3_U050_R3,1242.210279736,4.595284755,command,0.500000,-4.977278709,-0.678733885,-1.928779006,-0.003505580,-0.037336644,-1.927847147,ros2_odometer_state
M19C_S1_lab_hard_floor_B3_U050_R3,1242.212668456,4.597673475,command,0.500000,-4.977278709,-0.678733885,-1.928779006,-0.004580754,-0.036582246,-1.926169991,ros2_odometer_state
M19C_S1_lab_hard_floor_B3_U050_R3,1242.215733647,4.600738666,command,0.500000,-4.977278709,-0.678733885,-1.928779006,-0.005083773,-0.036276195,-1.925287604,ros2_odometer_state
M19C_S1_lab_hard_floor_B3_U050_R3,1242.216413862,4.601418881,command,0.500000,-4.977278709,-0.678733885,-1.928779006,-0.005083773,-0.036276195,-1.925287604,ros2_odometer_state
M19C_S1_lab_hard_floor_B3_U050_R3,1242.218241732,4.603246751,command,0.500000,-4.977278709,-0.678733885,-1.928779006,-0.005601173,-0.035984281,-1.924394965,ros2_odometer_state
M19C_S1_lab_hard_floor_B3_U050_R3,1242.222572022,4.607577041,command,0.500000,-4.977278709,-0.678733885,-1.928779006,-0.006604065,-0.035364330,-1.922747254,ros2_odometer_state
M19C_S1_lab_hard_floor_B3_U050_R3,1242.223486900,4.608491919,command,0.500000,-4.977278709,-0.678733885,-1.928779006,-0.007077480,-0.034993753,-1.922119498,ros2_odometer_state
M19C_S1_lab_hard_floor_B3_U050_R3,1242.224911716,4.609916735,command,0.500000,-4.977278709,-0.678733885,-1.928779006,-0.007575715,-0.034574345,-1.921615481,ros2_odometer_state
M19C_S1_lab_hard_floor_B3_U050_R3,1242.226768067,4.611773086,command,0.500000,-4.981377125,-0.686347067,-1.921615481,-0.008111716,-0.034122247,-1.921127558,ros2_odometer_state
M19C_S1_lab_hard_floor_B3_U050_R3,1242.227938698,4.612943717,command,0.500000,-4.981377125,-0.686347067,-1.921615481,-0.008111716,-0.034122247,-1.921127558,ros2_odometer_state
M19C_S1_lab_hard_floor_B3_U050_R3,1242.230621221,4.615626240,command,0.500000,-4.981377125,-0.686347067,-1.921615481,-0.009221241,-0.033210982,-1.920027256,ros2_odometer_state
M19C_S1_lab_hard_floor_B3_U050_R3,1242.232651465,4.617656484,command,0.500000,-4.981377125,-0.686347067,-1.921615481,-0.009774306,-0.032783754,-1.919420362,ros2_odometer_state
M19C_S1_lab_hard_floor_B3_U050_R3,1242.235655790,4.620660809,command,0.500000,-4.981377125,-0.686347067,-1.921615481,-0.010330836,-0.032401267,-1.918787599,ros2_odometer_state
M19C_S1_lab_hard_floor_B3_U050_R3,1242.236089245,4.621094264,command,0.500000,-4.981377125,-0.686347067,-1.921615481,-0.010330836,-0.032401267,-1.918787599,ros2_odometer_state
M19C_S1_lab_hard_floor_B3_U050_R3,1242.239001215,4.624006234,command,0.500000,-4.981377125,-0.686347067,-1.921615481,-0.011404525,-0.031798579,-1.917709708,ros2_odometer_state
M19C_S1_lab_hard_floor_B3_U050_R3,1242.240825724,4.625830743,command,0.500000,-4.981377125,-0.686347067,-1.921615481,-0.011897492,-0.031635761,-1.917377830,ros2_odometer_state
M19C_S1_lab_hard_floor_B3_U050_R3,1242.241965539,4.626970558,command,0.500000,-4.981377125,-0.686347067,-1.921615481,-0.011897492,-0.031635761,-1.917377830,ros2_odometer_state
M19C_S1_lab_hard_floor_B3_U050_R3,1242.244710335,4.629715354,command,0.500000,-4.981377125,-0.686347067,-1.921615481,-0.012684353,-0.031292588,-1.917261243,ros2_odometer_state
M19C_S1_lab_hard_floor_B3_U050_R3,1242.246718883,4.631723902,command,0.500000,-4.987190723,-0.692788303,-1.917261243,-0.012994388,-0.031014627,-1.917416334,ros2_odometer_state
M19C_S1_lab_hard_floor_B3_U050_R3,1242.248761384,4.633766403,command,0.500000,-4.987190723,-0.692788303,-1.917261243,-0.013263219,-0.030686269,-1.917612076,ros2_odometer_state
M19C_S1_lab_hard_floor_B3_U050_R3,1242.251565030,4.636570049,command,0.500000,-4.987190723,-0.692788303,-1.917261243,-0.013498991,-0.030357694,-1.917802572,ros2_odometer_state
M19C_S1_lab_hard_floor_B3_U050_R3,1242.252516774,4.637521793,command,0.500000,-4.987190723,-0.692788303,-1.917261243,-0.013498991,-0.030357694,-1.917802572,ros2_odometer_state
M19C_S1_lab_hard_floor_B3_U050_R3,1242.256820215,4.641825234,command,0.500000,-4.987190723,-0.692788303,-1.917261243,-0.013892082,-0.029805247,-1.918339491,ros2_odometer_state
M19C_S1_lab_hard_floor_B3_U050_R3,1242.257795000,4.642800019,command,0.500000,-4.987190723,-0.692788303,-1.917261243,-0.014037133,-0.029628558,-1.918717980,ros2_odometer_state
M19C_S1_lab_hard_floor_B3_U050_R3,1242.258621428,4.643626447,command,0.500000,-4.987190723,-0.692788303,-1.917261243,-0.014037133,-0.029628558,-1.918717980,ros2_odometer_state
M19C_S1_lab_hard_floor_B3_U050_R3,1242.260390607,4.645395626,command,0.500000,-4.987190723,-0.692788303,-1.917261243,-0.014151824,-0.029535374,-1.919164538,ros2_odometer_state
M19C_S1_lab_hard_floor_B3_U050_R3,1242.262248398,4.647253417,command,0.500000,-4.987190723,-0.692788303,-1.917261243,-0.014250688,-0.029493885,-1.919698119,ros2_odometer_state
M19C_S1_lab_hard_floor_B3_U050_R3,1242.264163310,4.649168329,command,0.500000,-4.987190723,-0.692788303,-1.917261243,-0.014350499,-0.029489810,-1.920322537,ros2_odometer_state
M19C_S1_lab_hard_floor_B3_U050_R3,1242.266962509,4.651967528,command,0.500000,-4.993384361,-0.703295529,-1.921004295,-0.014503789,-0.029490899,-1.921716213,ros2_odometer_state
M19C_S1_lab_hard_floor_B3_U050_R3,1242.268797610,4.653802629,command,0.500000,-4.993384361,-0.703295529,-1.921004295,-0.014519020,-0.029448114,-1.922468424,ros2_odometer_state
M19C_S1_lab_hard_floor_B3_U050_R3,1242.270761325,4.655766344,command,0.500000,-4.993384361,-0.703295529,-1.921004295,-0.014489484,-0.029361844,-1.923252106,ros2_odometer_state
M19C_S1_lab_hard_floor_B3_U050_R3,1242.272831090,4.657836109,command,0.500000,-4.993384361,-0.703295529,-1.921004295,-0.014422012,-0.029265622,-1.924055696,ros2_odometer_state
M19C_S1_lab_hard_floor_B3_U050_R3,1242.275559502,4.660564521,command,0.500000,-4.993384361,-0.703295529,-1.921004295,-0.014327563,-0.029180741,-1.924850464,ros2_odometer_state
M19C_S1_lab_hard_floor_B3_U050_R3,1242.277082914,4.662087933,command,0.500000,-4.993384361,-0.703295529,-1.921004295,-0.014237239,-0.029146068,-1.925581455,ros2_odometer_state
M19C_S1_lab_hard_floor_B3_U050_R3,1242.278869534,4.663874553,command,0.500000,-4.993384361,-0.703295529,-1.921004295,-0.014151325,-0.029176876,-1.926284909,ros2_odometer_state
M19C_S1_lab_hard_floor_B3_U050_R3,1242.281184748,4.666189767,command,0.500000,-4.993384361,-0.703295529,-1.921004295,-0.014035726,-0.029271236,-1.927018404,ros2_odometer_state
M19C_S1_lab_hard_floor_B3_U050_R3,1242.283156974,4.668161993,command,0.500000,-4.993384361,-0.703295529,-1.921004295,-0.013882670,-0.029418342,-1.927761793,ros2_odometer_state
M19C_S1_lab_hard_floor_B3_U050_R3,1242.284538525,4.669543544,command,0.500000,-4.993384361,-0.703295529,-1.921004295,-0.013882670,-0.029418342,-1.927761793,ros2_odometer_state
M19C_S1_lab_hard_floor_B3_U050_R3,1242.286265175,4.671270194,command,0.500000,-4.997265339,-0.713720500,-1.928491831,-0.013683693,-0.029607106,-1.928491831,ros2_odometer_state
M19C_S1_lab_hard_floor_B3_U050_R3,1242.288426624,4.673431643,command,0.500000,-4.997265339,-0.713720500,-1.928491831,-0.013439122,-0.029817417,-1.929208755,ros2_odometer_state
M19C_S1_lab_hard_floor_B3_U050_R3,1242.290249309,4.675254328,command,0.500000,-4.997265339,-0.713720500,-1.928491831,-0.013174369,-0.030044924,-1.929857612,ros2_odometer_state
M19C_S1_lab_hard_floor_B3_U050_R3,1242.293139198,4.678144217,command,0.500000,-4.997265339,-0.713720500,-1.928491831,-0.012642131,-0.030345330,-1.930698395,ros2_odometer_state
M19C_S1_lab_hard_floor_B3_U050_R3,1242.294753461,4.679758480,command,0.500000,-4.997265339,-0.713720500,-1.928491831,-0.012642131,-0.030345330,-1.930698395,ros2_odometer_state
M19C_S1_lab_hard_floor_B3_U050_R3,1242.296918590,4.681923609,command,0.500000,-4.997265339,-0.713720500,-1.928491831,-0.012057957,-0.030208439,-1.931188464,ros2_odometer_state
M19C_S1_lab_hard_floor_B3_U050_R3,1242.298217481,4.683222500,command,0.500000,-4.997265339,-0.713720500,-1.928491831,-0.012057957,-0.030208439,-1.931188464,ros2_odometer_state
M19C_S1_lab_hard_floor_B3_U050_R3,1242.300965414,4.685970433,command,0.500000,-4.997265339,-0.713720500,-1.928491831,-0.011419923,-0.029930316,-1.931741834,ros2_odometer_state
M19C_S1_lab_hard_floor_B3_U050_R3,1242.302900007,4.687905026,command,0.500000,-4.997265339,-0.713720500,-1.928491831,-0.011076056,-0.029810108,-1.931916118,ros2_odometer_state
M19C_S1_lab_hard_floor_B3_U050_R3,1242.305018222,4.690023241,command,0.500000,-4.997265339,-0.713720500,-1.928491831,-0.010698712,-0.029678278,-1.932010174,ros2_odometer_state
M19C_S1_lab_hard_floor_B3_U050_R3,1242.306215031,4.691220050,command,0.500000,-5.001533508,-0.725501060,-1.932010174,-0.010698712,-0.029678278,-1.932010174,ros2_odometer_state
M19C_S1_lab_hard_floor_B3_U050_R3,1242.309021205,4.694026224,command,0.500000,-5.001533508,-0.725501060,-1.932010174,-0.009927374,-0.029480007,-1.931803584,ros2_odometer_state
M19C_S1_lab_hard_floor_B3_U050_R3,1242.310967863,4.695972882,command,0.500000,-5.001533508,-0.725501060,-1.932010174,-0.009562322,-0.029454920,-1.931491494,ros2_odometer_state
M19C_S1_lab_hard_floor_B3_U050_R3,1242.312922713,4.697927732,command,0.500000,-5.001533508,-0.725501060,-1.932010174,-0.009188246,-0.029468780,-1.931080461,ros2_odometer_state
M19C_S1_lab_hard_floor_B3_U050_R3,1242.315611379,4.700616398,command,0.500000,-5.001533508,-0.725501060,-1.932010174,-0.008797970,-0.029529881,-1.930615306,ros2_odometer_state
M19C_S1_lab_hard_floor_B3_U050_R3,1242.316313355,4.701318374,command,0.500000,-5.001533508,-0.725501060,-1.932010174,-0.008797970,-0.029529881,-1.930615306,ros2_odometer_state
M19C_S1_lab_hard_floor_B3_U050_R3,1242.318904930,4.703909949,command,0.500000,-5.001533508,-0.725501060,-1.932010174,-0.007921018,-0.029798336,-1.929731607,ros2_odometer_state
M19C_S1_lab_hard_floor_B3_U050_R3,1242.320891813,4.705896832,command,0.500000,-5.001533508,-0.725501060,-1.932010174,-0.007454538,-0.030003982,-1.929373503,ros2_odometer_state
M19C_S1_lab_hard_floor_B3_U050_R3,1242.322919881,4.707924900,command,0.500000,-5.001533508,-0.725501060,-1.932010174,-0.006994126,-0.030232491,-1.929034352,ros2_odometer_state
M19C_S1_lab_hard_floor_B3_U050_R3,1242.325097427,4.710102446,command,0.500000,-5.001533508,-0.725501060,-1.932010174,-0.006546625,-0.030450067,-1.928706646,ros2_odometer_state
M19C_S1_lab_hard_floor_B3_U050_R3,1242.326939697,4.711944716,command,0.500000,-5.005475521,-0.736595809,-1.928706646,-0.006095415,-0.030643761,-1.928398013,ros2_odometer_state
M19C_S1_lab_hard_floor_B3_U050_R3,1242.328925012,4.713930031,command,0.500000,-5.005475521,-0.736595809,-1.928706646,-0.005621581,-0.030810794,-1.928074598,ros2_odometer_state
M19C_S1_lab_hard_floor_B3_U050_R3,1242.331124926,4.716129945,command,0.500000,-5.005475521,-0.736595809,-1.928706646,-0.005128352,-0.030967504,-1.927707672,ros2_odometer_state
M19C_S1_lab_hard_floor_B3_U050_R3,1242.332938939,4.717943958,command,0.500000,-5.005475521,-0.736595809,-1.928706646,-0.004598783,-0.031132262,-1.927316308,ros2_odometer_state
M19C_S1_lab_hard_floor_B3_U050_R3,1242.335544019,4.720549038,command,0.500000,-5.005475521,-0.736595809,-1.928706646,-0.004030467,-0.031324100,-1.926906109,ros2_odometer_state
M19C_S1_lab_hard_floor_B3_U050_R3,1242.336948162,4.721953181,command,0.500000,-5.005475521,-0.736595809,-1.928706646,-0.003452706,-0.031554822,-1.926481247,ros2_odometer_state
M19C_S1_lab_hard_floor_B3_U050_R3,1242.339355219,4.724360238,command,0.500000,-5.005475521,-0.736595809,-1.928706646,-0.002883045,-0.031848732,-1.926089525,ros2_odometer_state
M19C_S1_lab_hard_floor_B3_U050_R3,1242.341256755,4.726261774,command,0.500000,-5.005475521,-0.736595809,-1.928706646,-0.002310089,-0.032207616,-1.925769091,ros2_odometer_state
M19C_S1_lab_hard_floor_B3_U050_R3,1242.343046415,4.728051434,command,0.500000,-5.005475521,-0.736595809,-1.928706646,-0.001710424,-0.032608386,-1.925511599,ros2_odometer_state
M19C_S1_lab_hard_floor_B3_U050_R3,1242.345320348,4.730325367,command,0.500000,-5.005475521,-0.736595809,-1.928706646,-0.001084315,-0.033009723,-1.925327778,ros2_odometer_state
M19C_S1_lab_hard_floor_B3_U050_R3,1242.346458690,4.731463709,command,0.500000,-5.009937286,-0.748774707,-1.925327778,-0.001084315,-0.033009723,-1.925327778,ros2_odometer_state
M19C_S1_lab_hard_floor_B3_U050_R3,1242.348376387,4.733381406,command,0.500000,-5.009937286,-0.748774707,-1.925327778,-0.000435288,-0.033384953,-1.925229549,ros2_odometer_state
M19C_S1_lab_hard_floor_B3_U050_R3,1242.351089438,4.736094457,command,0.500000,-5.009937286,-0.748774707,-1.925327778,0.000957534,-0.034055784,-1.925294518,ros2_odometer_state
M19C_S1_lab_hard_floor_B3_U050_R3,1242.352293991,4.737299010,command,0.500000,-5.009937286,-0.748774707,-1.925327778,0.000957534,-0.034055784,-1.925294518,ros2_odometer_state
M19C_S1_lab_hard_floor_B3_U050_R3,1242.355658296,4.740663315,command,0.500000,-5.009937286,-0.748774707,-1.925327778,0.002458523,-0.034714706,-1.925589204,ros2_odometer_state
M19C_S1_lab_hard_floor_B3_U050_R3,1242.357236845,4.742241864,command,0.500000,-5.009937286,-0.748774707,-1.925327778,0.003171035,-0.035096161,-1.925757527,ros2_odometer_state
M19C_S1_lab_hard_floor_B3_U050_R3,1242.358400756,4.743405775,command,0.500000,-5.009937286,-0.748774707,-1.925327778,0.003171035,-0.035096161,-1.925757527,ros2_odometer_state
M19C_S1_lab_hard_floor_B3_U050_R3,1242.361242740,4.746247759,command,0.500000,-5.009937286,-0.748774707,-1.925327778,0.004572724,-0.036002520,-1.926260829,ros2_odometer_state
M19C_S1_lab_hard_floor_B3_U050_R3,1242.363224151,4.748229170,command,0.500000,-5.009937286,-0.748774707,-1.925327778,0.005288451,-0.036506642,-1.926620007,ros2_odometer_state
M19C_S1_lab_hard_floor_B3_U050_R3,1242.365158520,4.750163539,command,0.500000,-5.009937286,-0.748774707,-1.925327778,0.006027857,-0.037013061,-1.927028894,ros2_odometer_state
M19C_S1_lab_hard_floor_B3_U050_R3,1242.366451716,4.751456735,command,0.500000,-5.016306877,-0.761798263,-1.927028894,0.006027857,-0.037013061,-1.927028894,ros2_odometer_state
M19C_S1_lab_hard_floor_B3_U050_R3,1242.369055035,4.754060054,command,0.500000,-5.016306877,-0.761798263,-1.927028894,0.007584603,-0.037969578,-1.927840829,ros2_odometer_state
M19C_S1_lab_hard_floor_B3_U050_R3,1242.371193987,4.756199006,command,0.500000,-5.016306877,-0.761798263,-1.927028894,0.008374135,-0.038412243,-1.928224444,ros2_odometer_state
M19C_S1_lab_hard_floor_B3_U050_R3,1242.372430221,4.757435240,command,0.500000,-5.016306877,-0.761798263,-1.927028894,0.008374135,-0.038412243,-1.928224444,ros2_odometer_state
M19C_S1_lab_hard_floor_B3_U050_R3,1242.375585175,4.760590194,command,0.500000,-5.016306877,-0.761798263,-1.927028894,0.009983421,-0.039221559,-1.928921461,ros2_odometer_state
M19C_S1_lab_hard_floor_B3_U050_R3,1242.377223918,4.762228937,command,0.500000,-5.016306877,-0.761798263,-1.927028894,0.010802252,-0.039624207,-1.929208994,ros2_odometer_state
M19C_S1_lab_hard_floor_B3_U050_R3,1242.380273653,4.765278672,command,0.500000,-5.016306877,-0.761798263,-1.927028894,0.010802252,-0.039624207,-1.929208994,ros2_odometer_state
M19C_S1_lab_hard_floor_B3_U050_R3,1242.381596770,4.766601789,command,0.500000,-5.016306877,-0.761798263,-1.927028894,0.011618250,-0.040060200,-1.929471016,ros2_odometer_state
M19C_S1_lab_hard_floor_B3_U050_R3,1242.382691942,4.767696961,command,0.500000,-5.016306877,-0.761798263,-1.927028894,0.012450206,-0.040534098,-1.929719090,ros2_odometer_state
M19C_S1_lab_hard_floor_B3_U050_R3,1242.385320543,4.770325562,command,0.500000,-5.016306877,-0.761798263,-1.927028894,0.014188424,-0.041565180,-1.930136800,ros2_odometer_state
M19C_S1_lab_hard_floor_B3_U050_R3,1242.387196350,4.772201369,command,0.500000,-5.023035049,-0.775386751,-1.930136800,0.015107823,-0.042121898,-1.930333018,ros2_odometer_state
M19C_S1_lab_hard_floor_B3_U050_R3,1242.389124447,4.774129466,command,0.500000,-5.023035049,-0.775386751,-1.930136800,0.016052321,-0.042720351,-1.930518031,ros2_odometer_state
M19C_S1_lab_hard_floor_B3_U050_R3,1242.390971069,4.775976088,command,0.500000,-5.023035049,-0.775386751,-1.930136800,0.016052321,-0.042720351,-1.930518031,ros2_odometer_state
M19C_S1_lab_hard_floor_B3_U050_R3,1242.393320620,4.778325639,command,0.500000,-5.023035049,-0.775386751,-1.930136800,0.017916979,-0.043950554,-1.930749059,ros2_odometer_state
M19C_S1_lab_hard_floor_B3_U050_R3,1242.395847458,4.780852477,command,0.500000,-5.023035049,-0.775386751,-1.930136800,0.018844729,-0.044549707,-1.930781960,ros2_odometer_state
M19C_S1_lab_hard_floor_B3_U050_R3,1242.397338164,4.782343183,command,0.500000,-5.023035049,-0.775386751,-1.930136800,0.019784432,-0.045122441,-1.930773497,ros2_odometer_state
M19C_S1_lab_hard_floor_B3_U050_R3,1242.399232084,4.784237103,command,0.500000,-5.023035049,-0.775386751,-1.930136800,0.020749711,-0.045688700,-1.930746198,ros2_odometer_state
M19C_S1_lab_hard_floor_B3_U050_R3,1242.401242679,4.786247698,command,0.500000,-5.023035049,-0.775386751,-1.930136800,0.021741230,-0.046275489,-1.930691957,ros2_odometer_state
M19C_S1_lab_hard_floor_B3_U050_R3,1242.402330012,4.787335031,command,0.500000,-5.023035049,-0.775386751,-1.930136800,0.021741230,-0.046275489,-1.930691957,ros2_odometer_state
M19C_S1_lab_hard_floor_B3_U050_R3,1242.404388801,4.789393820,command,0.500000,-5.023035049,-0.775386751,-1.930136800,0.022773087,-0.046872005,-1.930630565,ros2_odometer_state
M19C_S1_lab_hard_floor_B3_U050_R3,1242.406390821,4.791395840,command,0.500000,-5.029601574,-0.790261626,-1.930583000,0.023860456,-0.047475882,-1.930583000,ros2_odometer_state
M19C_S1_lab_hard_floor_B3_U050_R3,1242.409027645,4.794032664,command,0.500000,-5.029601574,-0.790261626,-1.930583000,0.026183737,-0.048797138,-1.930515528,ros2_odometer_state
M19C_S1_lab_hard_floor_B3_U050_R3,1242.411004064,4.796009083,command,0.500000,-5.029601574,-0.790261626,-1.930583000,0.027395099,-0.049505841,-1.930467010,ros2_odometer_state
M19C_S1_lab_hard_floor_B3_U050_R3,1242.414719389,4.799724408,command,0.500000,-5.029601574,-0.790261626,-1.930583000,0.027395099,-0.049505841,-1.930467010,ros2_odometer_state
M19C_S1_lab_hard_floor_B3_U050_R3,1242.415747552,4.800752571,command,0.500000,-5.029601574,-0.790261626,-1.930583000,0.028624274,-0.050250944,-1.930346608,ros2_odometer_state
M19C_S1_lab_hard_floor_B3_U050_R3,1242.416724129,4.801729148,command,0.500000,-5.029601574,-0.790261626,-1.930583000,0.029847896,-0.051037252,-1.930138707,ros2_odometer_state
M19C_S1_lab_hard_floor_B3_U050_R3,1242.419436156,4.804441175,command,0.500000,-5.029601574,-0.790261626,-1.930583000,0.032309961,-0.052664932,-1.929528475,ros2_odometer_state
M19C_S1_lab_hard_floor_B3_U050_R3,1242.420468767,4.805473786,command,0.500000,-5.029601574,-0.790261626,-1.930583000,0.032309961,-0.052664932,-1.929528475,ros2_odometer_state
M19C_S1_lab_hard_floor_B3_U050_R3,1242.422998100,4.808003119,command,0.500000,-5.029601574,-0.790261626,-1.930583000,0.034807116,-0.054369502,-1.928851366,ros2_odometer_state
M19C_S1_lab_hard_floor_B3_U050_R3,1242.425295873,4.810300892,command,0.500000,-5.029601574,-0.790261626,-1.930583000,0.036029104,-0.055389982,-1.928447485,ros2_odometer_state
M19C_S1_lab_hard_floor_B3_U050_R3,1242.427104190,4.812109209,command,0.500000,-5.034503937,-0.805542409,-1.928447485,0.037106823,-0.056632563,-1.927749634,ros2_odometer_state
M19C_S1_lab_hard_floor_B3_U050_R3,1242.429081953,4.814086972,command,0.500000,-5.034503937,-0.805542409,-1.928447485,0.037963580,-0.058000512,-1.927059770,ros2_odometer_state
M19C_S1_lab_hard_floor_B3_U050_R3,1242.430332555,4.815337574,command,0.500000,-5.034503937,-0.805542409,-1.928447485,0.037963580,-0.058000512,-1.927059770,ros2_odometer_state
M19C_S1_lab_hard_floor_B3_U050_R3,1242.433040902,4.818045921,command,0.500000,-5.034503937,-0.805542409,-1.928447485,0.039338894,-0.060675297,-1.926540375,ros2_odometer_state
M19C_S1_lab_hard_floor_B3_U050_R3,1242.435010601,4.820015620,command,0.500000,-5.034503937,-0.805542409,-1.928447485,0.039338894,-0.060675297,-1.926540375,ros2_odometer_state
M19C_S1_lab_hard_floor_B3_U050_R3,1242.437124752,4.822129771,command,0.500000,-5.034503937,-0.805542409,-1.928447485,0.040432192,-0.062884651,-1.926373839,ros2_odometer_state
M19C_S1_lab_hard_floor_B3_U050_R3,1242.438443036,4.823448055,command,0.500000,-5.034503937,-0.805542409,-1.928447485,0.040432192,-0.062884651,-1.926373839,ros2_odometer_state
M19C_S1_lab_hard_floor_B3_U050_R3,1242.441104982,4.826110001,command,0.500000,-5.034503937,-0.805542409,-1.928447485,0.041290078,-0.064600848,-1.925798893,ros2_odometer_state
M19C_S1_lab_hard_floor_B3_U050_R3,1242.442397921,4.827402940,command,0.500000,-5.034503937,-0.805542409,-1.928447485,0.041290078,-0.064600848,-1.925798893,ros2_odometer_state
M19C_S1_lab_hard_floor_B3_U050_R3,1242.445190751,4.830195770,command,0.500000,-5.034503937,-0.805542409,-1.928447485,0.041643057,-0.065860152,-1.925754189,ros2_odometer_state
M19C_S1_lab_hard_floor_B3_U050_R3,1242.448275943,4.833280962,command,0.500000,-5.042112350,-0.823682010,-1.925754189,0.041643057,-0.065860152,-1.925754189,ros2_odometer_state
M19C_S1_lab_hard_floor_B3_U050_R3,1242.449483568,4.834488587,command,0.500000,-5.042112350,-0.823682010,-1.925754189,0.041694779,-0.066313624,-1.925782204,ros2_odometer_state
M19C_S1_lab_hard_floor_B3_U050_R3,1242.451437426,4.836442445,command,0.500000,-5.042112350,-0.823682010,-1.925754189,0.041566741,-0.067015208,-1.925550103,ros2_odometer_state
M19C_S1_lab_hard_floor_B3_U050_R3,1242.452354545,4.837359564,command,0.500000,-5.042112350,-0.823682010,-1.925754189,0.041566741,-0.067015208,-1.925550103,ros2_odometer_state
M19C_S1_lab_hard_floor_B3_U050_R3,1242.455831366,4.840836385,command,0.500000,-5.042112350,-0.823682010,-1.925754189,0.041126441,-0.068297900,-1.925061941,ros2_odometer_state
M19C_S1_lab_hard_floor_B3_U050_R3,1242.457188052,4.842193071,command,0.500000,-5.042112350,-0.823682010,-1.925754189,0.040773671,-0.069074281,-1.924682617,ros2_odometer_state
M19C_S1_lab_hard_floor_B3_U050_R3,1242.459111956,4.844116975,command,0.500000,-5.042112350,-0.823682010,-1.925754189,0.040412243,-0.069842257,-1.924102902,ros2_odometer_state
M19C_S1_lab_hard_floor_B3_U050_R3,1242.461119736,4.846124755,command,0.500000,-5.042112350,-0.823682010,-1.925754189,0.040081333,-0.070572808,-1.923336625,ros2_odometer_state
M19C_S1_lab_hard_floor_B3_U050_R3,1242.463089658,4.848094677,command,0.500000,-5.042112350,-0.823682010,-1.925754189,0.039806243,-0.071288228,-1.922499418,ros2_odometer_state
M19C_S1_lab_hard_floor_B3_U050_R3,1242.464476585,4.849481604,command,0.500000,-5.042112350,-0.823682010,-1.925754189,0.039806243,-0.071288228,-1.922499418,ros2_odometer_state
M19C_S1_lab_hard_floor_B3_U050_R3,1242.467204997,4.852210016,command,0.500000,-5.052084446,-0.839404285,-1.921719193,0.039382685,-0.072735928,-1.920969248,ros2_odometer_state
M19C_S1_lab_hard_floor_B3_U050_R3,1242.469116069,4.854121088,command,0.500000,-5.052084446,-0.839404285,-1.921719193,0.039239366,-0.073419727,-1.920222640,ros2_odometer_state
M19C_S1_lab_hard_floor_B3_U050_R3,1242.471200363,4.856205382,command,0.500000,-5.052084446,-0.839404285,-1.921719193,0.039156914,-0.074040160,-1.919538260,ros2_odometer_state
M19C_S1_lab_hard_floor_B3_U050_R3,1242.473142669,4.858147688,command,0.500000,-5.052084446,-0.839404285,-1.921719193,0.039128371,-0.074568890,-1.919036746,ros2_odometer_state
M19C_S1_lab_hard_floor_B3_U050_R3,1242.475041197,4.860046216,command,0.500000,-5.052084446,-0.839404285,-1.921719193,0.039128371,-0.074568890,-1.919036746,ros2_odometer_state
M19C_S1_lab_hard_floor_B3_U050_R3,1242.477443742,4.862448761,command,0.500000,-5.052084446,-0.839404285,-1.921719193,0.039140705,-0.075413138,-1.918287635,ros2_odometer_state
M19C_S1_lab_hard_floor_B3_U050_R3,1242.478561315,4.863566334,command,0.500000,-5.052084446,-0.839404285,-1.921719193,0.039140705,-0.075413138,-1.918287635,ros2_odometer_state
M19C_S1_lab_hard_floor_B3_U050_R3,1242.481603658,4.866608677,command,0.500000,-5.052084446,-0.839404285,-1.921719193,0.039210934,-0.075847290,-1.917242885,ros2_odometer_state
M19C_S1_lab_hard_floor_B3_U050_R3,1242.483208352,4.868213371,command,0.500000,-5.052084446,-0.839404285,-1.921719193,0.039197914,-0.075909108,-1.916533947,ros2_odometer_state
M19C_S1_lab_hard_floor_B3_U050_R3,1242.485246021,4.870251040,command,0.500000,-5.052084446,-0.839404285,-1.921719193,0.039182451,-0.075937510,-1.915840983,ros2_odometer_state
M19C_S1_lab_hard_floor_B3_U050_R3,1242.487241064,4.872246083,command,0.500000,-5.063821316,-0.854979813,-1.915840983,0.039159290,-0.076009221,-1.915222764,ros2_odometer_state
M19C_S1_lab_hard_floor_B3_U050_R3,1242.489155656,4.874160675,command,0.500000,-5.063821316,-0.854979813,-1.915840983,0.039113160,-0.076219089,-1.914643407,ros2_odometer_state
M19C_S1_lab_hard_floor_B3_U050_R3,1242.491144107,4.876149126,command,0.500000,-5.063821316,-0.854979813,-1.915840983,0.039066471,-0.076543577,-1.914072275,ros2_odometer_state
M19C_S1_lab_hard_floor_B3_U050_R3,1242.493499803,4.878504822,command,0.500000,-5.063821316,-0.854979813,-1.915840983,0.039006367,-0.076976150,-1.913503051,ros2_odometer_state
M19C_S1_lab_hard_floor_B3_U050_R3,1242.495824041,4.880829060,command,0.500000,-5.063821316,-0.854979813,-1.915840983,0.038915168,-0.077486642,-1.912948132,ros2_odometer_state
M19C_S1_lab_hard_floor_B3_U050_R3,1242.497241209,4.882246228,command,0.500000,-5.063821316,-0.854979813,-1.915840983,0.038787395,-0.078040287,-1.912389398,ros2_odometer_state
M19C_S1_lab_hard_floor_B3_U050_R3,1242.499331007,4.884336026,command,0.500000,-5.063821316,-0.854979813,-1.915840983,0.038624533,-0.078579873,-1.911754370,ros2_odometer_state
M19C_S1_lab_hard_floor_B3_U050_R3,1242.501205918,4.886210937,command,0.500000,-5.063821316,-0.854979813,-1.915840983,0.038441997,-0.079064600,-1.911042213,ros2_odometer_state
M19C_S1_lab_hard_floor_B3_U050_R3,1242.503250979,4.888255998,command,0.500000,-5.063821316,-0.854979813,-1.915840983,0.038246416,-0.079475537,-1.910312772,ros2_odometer_state
M19C_S1_lab_hard_floor_B3_U050_R3,1242.504663283,4.889668302,command,0.500000,-5.063821316,-0.854979813,-1.915840983,0.038246416,-0.079475537,-1.910312772,ros2_odometer_state
M19C_S1_lab_hard_floor_B3_U050_R3,1242.507950145,4.892955164,command,0.500000,-5.074042320,-0.868830562,-1.909700394,0.037942383,-0.080233149,-1.909204364,ros2_odometer_state
M19C_S1_lab_hard_floor_B3_U050_R3,1242.508677242,4.893682261,command,0.500000,-5.074042320,-0.868830562,-1.909700394,0.037942383,-0.080233149,-1.909204364,ros2_odometer_state
M19C_S1_lab_hard_floor_B3_U050_R3,1242.510560761,4.895565780,command,0.500000,-5.074042320,-0.868830562,-1.909700394,0.037854116,-0.080641620,-1.908789396,ros2_odometer_state
M19C_S1_lab_hard_floor_B3_U050_R3,1242.513385976,4.898390995,command,0.500000,-5.074042320,-0.868830562,-1.909700394,0.037738957,-0.081533462,-1.908060551,ros2_odometer_state
M19C_S1_lab_hard_floor_B3_U050_R3,1242.516095700,4.901100719,command,0.500000,-5.074042320,-0.868830562,-1.909700394,0.037691820,-0.082015857,-1.907758832,ros2_odometer_state
M19C_S1_lab_hard_floor_B3_U050_R3,1242.516655398,4.901660417,command,0.500000,-5.074042320,-0.868830562,-1.909700394,0.037691820,-0.082015857,-1.907758832,ros2_odometer_state
M19C_S1_lab_hard_floor_B3_U050_R3,1242.519339457,4.904344476,command,0.500000,-5.074042320,-0.868830562,-1.909700394,0.037602428,-0.082925677,-1.907090664,ros2_odometer_state
M19C_S1_lab_hard_floor_B3_U050_R3,1242.521295203,4.906300222,command,0.500000,-5.074042320,-0.868830562,-1.909700394,0.037542015,-0.083286971,-1.906669140,ros2_odometer_state
M19C_S1_lab_hard_floor_B3_U050_R3,1242.523252101,4.908257120,command,0.500000,-5.074042320,-0.868830562,-1.909700394,0.037468810,-0.083571799,-1.906219125,ros2_odometer_state
M19C_S1_lab_hard_floor_B3_U050_R3,1242.525239080,4.910244099,command,0.500000,-5.074042320,-0.868830562,-1.909700394,0.037398759,-0.083829917,-1.905837178,ros2_odometer_state
M19C_S1_lab_hard_floor_B3_U050_R3,1242.527308685,4.912313704,command,0.500000,-5.083932400,-0.883286536,-1.905837178,0.037370771,-0.084133595,-1.905579567,ros2_odometer_state
M19C_S1_lab_hard_floor_B3_U050_R3,1242.528530550,4.913535569,command,0.500000,-5.083932400,-0.883286536,-1.905837178,0.037370771,-0.084133595,-1.905579567,ros2_odometer_state
M19C_S1_lab_hard_floor_B3_U050_R3,1242.531451033,4.916456052,command,0.500000,-5.083932400,-0.883286536,-1.905837178,0.037437029,-0.084914558,-1.905441403,ros2_odometer_state
M19C_S1_lab_hard_floor_B3_U050_R3,1242.533558848,4.918563867,command,0.500000,-5.083932400,-0.883286536,-1.905837178,0.037537273,-0.085345872,-1.905498743,ros2_odometer_state
M19C_S1_lab_hard_floor_B3_U050_R3,1242.535881294,4.920886313,command,0.500000,-5.083932400,-0.883286536,-1.905837178,0.037681658,-0.085794583,-1.905563831,ros2_odometer_state
M19C_S1_lab_hard_floor_B3_U050_R3,1242.537329663,4.922334682,command,0.500000,-5.083932400,-0.883286536,-1.905837178,0.037836269,-0.086236551,-1.905625939,ros2_odometer_state
M19C_S1_lab_hard_floor_B3_U050_R3,1242.539663533,4.924668552,command,0.500000,-5.083932400,-0.883286536,-1.905837178,0.037974268,-0.086632363,-1.905670047,ros2_odometer_state
M19C_S1_lab_hard_floor_B3_U050_R3,1242.541343974,4.926348993,command,0.500000,-5.083932400,-0.883286536,-1.905837178,0.038091667,-0.086964555,-1.905667782,ros2_odometer_state
M19C_S1_lab_hard_floor_B3_U050_R3,1242.543236582,4.928241601,command,0.500000,-5.083932400,-0.883286536,-1.905837178,0.038202807,-0.087232471,-1.905612230,ros2_odometer_state
M19C_S1_lab_hard_floor_B3_U050_R3,1242.546211658,4.931216677,command,0.500000,-5.083932400,-0.883286536,-1.905837178,0.038319390,-0.087447017,-1.905531764,ros2_odometer_state
M19C_S1_lab_hard_floor_B3_U050_R3,1242.547398738,4.932403757,command,0.500000,-5.091328621,-0.897413671,-1.905531764,0.038439408,-0.087648951,-1.905488253,ros2_odometer_state
M19C_S1_lab_hard_floor_B3_U050_R3,1242.549396309,4.934401328,command,0.500000,-5.091328621,-0.897413671,-1.905531764,0.038564455,-0.087890856,-1.905531764,ros2_odometer_state
M19C_S1_lab_hard_floor_B3_U050_R3,1242.551552990,4.936558009,command,0.500000,-5.091328621,-0.897413671,-1.905531764,0.038707543,-0.088243291,-1.905659556,ros2_odometer_state
M19C_S1_lab_hard_floor_B3_U050_R3,1242.552566688,4.937571707,command,0.500000,-5.091328621,-0.897413671,-1.905531764,0.038707543,-0.088243291,-1.905659556,ros2_odometer_state
M19C_S1_lab_hard_floor_B3_U050_R3,1242.555917617,4.940922636,command,0.500000,-5.091328621,-0.897413671,-1.905531764,0.039102398,-0.089283854,-1.906120658,ros2_odometer_state
M19C_S1_lab_hard_floor_B3_U050_R3,1242.557385218,4.942390237,command,0.500000,-5.091328621,-0.897413671,-1.905531764,0.039365873,-0.089868471,-1.906449437,ros2_odometer_state
M19C_S1_lab_hard_floor_B3_U050_R3,1242.559408006,4.944413025,command,0.500000,-5.091328621,-0.897413671,-1.905531764,0.039672174,-0.090404004,-1.906849742,ros2_odometer_state
M19C_S1_lab_hard_floor_B3_U050_R3,1242.561286310,4.946291329,command,0.500000,-5.091328621,-0.897413671,-1.905531764,0.039995372,-0.090845026,-1.907270670,ros2_odometer_state
M19C_S1_lab_hard_floor_B3_U050_R3,1242.563374220,4.948379239,command,0.500000,-5.091328621,-0.897413671,-1.905531764,0.040315405,-0.091155216,-1.907653928,ros2_odometer_state
M19C_S1_lab_hard_floor_B3_U050_R3,1242.565400528,4.950405547,command,0.500000,-5.091328621,-0.897413671,-1.905531764,0.040639244,-0.091376565,-1.908013344,ros2_odometer_state
M19C_S1_lab_hard_floor_B3_U050_R3,1242.567355218,4.952360237,command,0.500000,-5.098431587,-0.911926568,-1.908013344,0.040987536,-0.091574416,-1.908390760,ros2_odometer_state
M19C_S1_lab_hard_floor_B3_U050_R3,1242.568765281,4.953770300,command,0.500000,-5.098431587,-0.911926568,-1.908013344,0.040987536,-0.091574416,-1.908390760,ros2_odometer_state
M19C_S1_lab_hard_floor_B3_U050_R3,1242.571468061,4.956473080,command,0.500000,-5.098431587,-0.911926568,-1.908013344,0.041699175,-0.091955736,-1.909187675,ros2_odometer_state
M19C_S1_lab_hard_floor_B3_U050_R3,1242.572677445,4.957682464,command,0.500000,-5.098431587,-0.911926568,-1.908013344,0.041699175,-0.091955736,-1.909187675,ros2_odometer_state
M19C_S1_lab_hard_floor_B3_U050_R3,1242.575305726,4.960310745,command,0.500000,-5.098431587,-0.911926568,-1.908013344,0.042043567,-0.092175275,-1.909588814,ros2_odometer_state
M19C_S1_lab_hard_floor_B3_U050_R3,1242.577513608,4.962518627,command,0.500000,-5.098431587,-0.911926568,-1.908013344,0.042665392,-0.092713572,-1.910562873,ros2_odometer_state
M19C_S1_lab_hard_floor_B3_U050_R3,1242.578707376,4.963712395,command,0.500000,-5.098431587,-0.911926568,-1.908013344,0.042665392,-0.092713572,-1.910562873,ros2_odometer_state
M19C_S1_lab_hard_floor_B3_U050_R3,1242.581494574,4.966499593,command,0.500000,-5.098431587,-0.911926568,-1.908013344,0.043155480,-0.093311824,-1.911628962,ros2_odometer_state
M19C_S1_lab_hard_floor_B3_U050_R3,1242.585147689,4.970152708,command,0.500000,-5.098431587,-0.911926568,-1.908013344,0.043347582,-0.093554504,-1.912064433,ros2_odometer_state
M19C_S1_lab_hard_floor_B3_U050_R3,1242.586028967,4.971033986,command,0.500000,-5.098431587,-0.911926568,-1.908013344,0.043525394,-0.093716569,-1.912444711,ros2_odometer_state
M19C_S1_lab_hard_floor_B3_U050_R3,1242.587560347,4.972565366,command,0.500000,-5.103845596,-0.924757719,-1.912444711,0.043689590,-0.093808629,-1.912798285,ros2_odometer_state
M19C_S1_lab_hard_floor_B3_U050_R3,1242.588714657,4.973719676,command,0.500000,-5.103845596,-0.924757719,-1.912444711,0.043689590,-0.093808629,-1.912798285,ros2_odometer_state
M19C_S1_lab_hard_floor_B3_U050_R3,1242.591423453,4.976428472,command,0.500000,-5.103845596,-0.924757719,-1.912444711,0.043956213,-0.093957484,-1.913601756,ros2_odometer_state
M19C_S1_lab_hard_floor_B3_U050_R3,1242.592703912,4.977708931,command,0.500000,-5.103845596,-0.924757719,-1.912444711,0.043956213,-0.093957484,-1.913601756,ros2_odometer_state
M19C_S1_lab_hard_floor_B3_U050_R3,1242.595346145,4.980351164,command,0.500000,-5.103845596,-0.924757719,-1.912444711,0.044015843,-0.094060361,-1.914058805,ros2_odometer_state
M19C_S1_lab_hard_floor_B3_U050_R3,1242.597185567,4.982190586,command,0.500000,-5.103845596,-0.924757719,-1.912444711,0.044021219,-0.094183266,-1.914511919,ros2_odometer_state
M19C_S1_lab_hard_floor_B3_U050_R3,1242.599551630,4.984556649,command,0.500000,-5.103845596,-0.924757719,-1.912444711,0.043970093,-0.094499134,-1.915319681,ros2_odometer_state
M19C_S1_lab_hard_floor_B3_U050_R3,1242.600725974,4.985730993,command,0.500000,-5.103845596,-0.924757719,-1.912444711,0.043970093,-0.094499134,-1.915319681,ros2_odometer_state
M19C_S1_lab_hard_floor_B3_U050_R3,1242.603511380,4.988516399,command,0.500000,-5.103845596,-0.924757719,-1.912444711,0.043901771,-0.094730742,-1.915841103,ros2_odometer_state
M19C_S1_lab_hard_floor_B3_U050_R3,1242.605523544,4.990528563,command,0.500000,-5.103845596,-0.924757719,-1.912444711,0.043823328,-0.094783984,-1.916020393,ros2_odometer_state
M19C_S1_lab_hard_floor_B3_U050_R3,1242.607538651,4.992543670,command,0.500000,-5.108675957,-0.937854886,-1.916020393,0.043666519,-0.094816536,-1.916167617,ros2_odometer_state
M19C_S1_lab_hard_floor_B3_U050_R3,1242.609849065,4.994854084,command,0.500000,-5.108675957,-0.937854886,-1.916020393,0.043429457,-0.094838224,-1.916293979,ros2_odometer_state
M19C_S1_lab_hard_floor_B3_U050_R3,1242.611649222,4.996654241,command,0.500000,-5.108675957,-0.937854886,-1.916020393,0.043129433,-0.094843782,-1.916395664,ros2_odometer_state
M19C_S1_lab_hard_floor_B3_U050_R3,1242.613673962,4.998678981,command,0.500000,-5.108675957,-0.937854886,-1.916020393,0.042789631,-0.094818309,-1.916464686,ros2_odometer_state
M19C_S1_lab_hard_floor_B3_U050_R3,1242.616958809,5.001963828,command,0.500000,-5.108675957,-0.937854886,-1.916020393,0.042447638,-0.094742291,-1.916516900,ros2_odometer_state
M19C_S1_lab_hard_floor_B3_U050_R3,1242.617878744,5.002883763,command,0.500000,-5.108675957,-0.937854886,-1.916020393,0.042114250,-0.094622798,-1.916573882,ros2_odometer_state
M19C_S1_lab_hard_floor_B3_U050_R3,1242.618912762,5.003917781,command,0.500000,-5.108675957,-0.937854886,-1.916020393,0.042114250,-0.094622798,-1.916573882,ros2_odometer_state
M19C_S1_lab_hard_floor_B3_U050_R3,1242.621779003,5.006784022,command,0.500000,-5.108675957,-0.937854886,-1.916020393,0.041438635,-0.094369195,-1.916680336,ros2_odometer_state
M19C_S1_lab_hard_floor_B3_U050_R3,1242.623549719,5.008554738,command,0.500000,-5.108675957,-0.937854886,-1.916020393,0.041061416,-0.094264694,-1.916697383,ros2_odometer_state
M19C_S1_lab_hard_floor_B3_U050_R3,1242.625616668,5.010621687,command,0.500000,-5.108675957,-0.937854886,-1.916020393,0.040632252,-0.094162136,-1.916658282,ros2_odometer_state
M19C_S1_lab_hard_floor_B3_U050_R3,1242.628503485,5.013508504,command,0.500000,-5.114872932,-0.949959159,-1.916658282,0.040173452,-0.094045669,-1.916540265,ros2_odometer_state
M19C_S1_lab_hard_floor_B3_U050_R3,1242.631447841,5.016452860,command,0.500000,-5.114872932,-0.949959159,-1.916658282,0.039714944,-0.093895666,-1.916349292,ros2_odometer_state
M19C_S1_lab_hard_floor_B3_U050_R3,1242.632337183,5.017342202,command,0.500000,-5.114872932,-0.949959159,-1.916658282,0.039269827,-0.093707025,-1.916109443,ros2_odometer_state
M19C_S1_lab_hard_floor_B3_U050_R3,1242.632757549,5.017762568,command,0.500000,-5.114872932,-0.949959159,-1.916658282,0.039269827,-0.093707025,-1.916109443,ros2_odometer_state
M19C_S1_lab_hard_floor_B3_U050_R3,1242.636230242,5.021235261,command,0.500000,-5.114872932,-0.949959159,-1.916658282,0.038448311,-0.093322523,-1.915630341,ros2_odometer_state
M19C_S1_lab_hard_floor_B3_U050_R3,1242.637606544,5.022611563,command,0.500000,-5.114872932,-0.949959159,-1.916658282,0.038034335,-0.093193129,-1.915404558,ros2_odometer_state
M19C_S1_lab_hard_floor_B3_U050_R3,1242.639581459,5.024586478,command,0.500000,-5.114872932,-0.949959159,-1.916658282,0.037596151,-0.093120374,-1.915185809,ros2_odometer_state
M19C_S1_lab_hard_floor_B3_U050_R3,1242.641648280,5.026653299,command,0.500000,-5.114872932,-0.949959159,-1.916658282,0.037128404,-0.093071587,-1.914973021,ros2_odometer_state
M19C_S1_lab_hard_floor_B3_U050_R3,1242.643500375,5.028505394,command,0.500000,-5.114872932,-0.949959159,-1.916658282,0.036625884,-0.093025438,-1.914752007,ros2_odometer_state
M19C_S1_lab_hard_floor_B3_U050_R3,1242.645530107,5.030535126,command,0.500000,-5.114872932,-0.949959159,-1.916658282,0.036103159,-0.092972241,-1.914507627,ros2_odometer_state
M19C_S1_lab_hard_floor_B3_U050_R3,1242.647850281,5.032855300,command,0.500000,-5.122971535,-0.961226463,-1.914507627,0.035591438,-0.092891730,-1.914214134,ros2_odometer_state
M19C_S1_lab_hard_floor_B3_U050_R3,1242.649944816,5.034949835,command,0.500000,-5.122971535,-0.961226463,-1.914507627,0.035108484,-0.092772454,-1.913858652,ros2_odometer_state
M19C_S1_lab_hard_floor_B3_U050_R3,1242.651571590,5.036576609,command,0.500000,-5.122971535,-0.961226463,-1.914507627,0.034664329,-0.092623010,-1.913480163,ros2_odometer_state
M19C_S1_lab_hard_floor_B3_U050_R3,1242.653583050,5.038588069,command,0.500000,-5.122971535,-0.961226463,-1.914507627,0.034256976,-0.092441246,-1.913105130,ros2_odometer_state
M19C_S1_lab_hard_floor_B3_U050_R3,1242.656332583,5.041337602,command,0.500000,-5.122971535,-0.961226463,-1.914507627,0.033865537,-0.092231646,-1.912758350,ros2_odometer_state
M19C_S1_lab_hard_floor_B3_U050_R3,1242.657533935,5.042538954,command,0.500000,-5.122971535,-0.961226463,-1.914507627,0.033445243,-0.092015721,-1.912416816,ros2_odometer_state
M19C_S1_lab_hard_floor_B3_U050_R3,1242.658949407,5.043954426,command,0.500000,-5.122971535,-0.961226463,-1.914507627,0.033445243,-0.092015721,-1.912416816,ros2_odometer_state
M19C_S1_lab_hard_floor_B3_U050_R3,1242.661686395,5.046691414,command,0.500000,-5.122971535,-0.961226463,-1.914507627,0.032569587,-0.091653481,-1.911646366,ros2_odometer_state
M19C_S1_lab_hard_floor_B3_U050_R3,1242.663742592,5.048747611,command,0.500000,-5.122971535,-0.961226463,-1.914507627,0.032153461,-0.091524810,-1.911258936,ros2_odometer_state
M19C_S1_lab_hard_floor_B3_U050_R3,1242.665787461,5.050792480,command,0.500000,-5.122971535,-0.961226463,-1.914507627,0.031736210,-0.091412850,-1.910894156,ros2_odometer_state
M19C_S1_lab_hard_floor_B3_U050_R3,1242.667765032,5.052770051,command,0.500000,-5.130154133,-0.972684145,-1.910894156,0.031300630,-0.091320917,-1.910519004,ros2_odometer_state
M19C_S1_lab_hard_floor_B3_U050_R3,1242.669692073,5.054697092,command,0.500000,-5.130154133,-0.972684145,-1.910894156,0.030857857,-0.091237821,-1.910109997,ros2_odometer_state
M19C_S1_lab_hard_floor_B3_U050_R3,1242.671690892,5.056695911,command,0.500000,-5.130154133,-0.972684145,-1.910894156,0.030422296,-0.091126032,-1.909691811,ros2_odometer_state
M19C_S1_lab_hard_floor_B3_U050_R3,1242.673713232,5.058718251,command,0.500000,-5.130154133,-0.972684145,-1.910894156,0.029995199,-0.090948604,-1.909259439,ros2_odometer_state
M19C_S1_lab_hard_floor_B3_U050_R3,1242.675517773,5.060522792,command,0.500000,-5.130154133,-0.972684145,-1.910894156,0.029995199,-0.090948604,-1.909259439,ros2_odometer_state
M19C_S1_lab_hard_floor_B3_U050_R3,1242.676887131,5.061892150,command,0.500000,-5.130154133,-0.972684145,-1.910894156,0.029553331,-0.090666294,-1.908754349,ros2_odometer_state
M19C_S1_lab_hard_floor_B3_U050_R3,1242.678947648,5.063952667,command,0.500000,-5.130154133,-0.972684145,-1.910894156,0.029100494,-0.090309314,-1.908233523,ros2_odometer_state
M19C_S1_lab_hard_floor_B3_U050_R3,1242.681697661,5.066702680,command,0.500000,-5.130154133,-0.972684145,-1.910894156,0.028324530,-0.089716308,-1.907414317,ros2_odometer_state
M19C_S1_lab_hard_floor_B3_U050_R3,1242.684605375,5.069610394,command,0.500000,-5.130154133,-0.972684145,-1.910894156,0.027956501,-0.089529082,-1.907113433,ros2_odometer_state
M19C_S1_lab_hard_floor_B3_U050_R3,1242.685372313,5.070377332,command,0.500000,-5.130154133,-0.972684145,-1.910894156,0.027956501,-0.089529082,-1.907113433,ros2_odometer_state
M19C_S1_lab_hard_floor_B3_U050_R3,1242.686957742,5.071962761,command,0.500000,-5.137498379,-0.983606160,-1.906836748,0.027620422,-0.089365259,-1.906836748,ros2_odometer_state
M19C_S1_lab_hard_floor_B3_U050_R3,1242.689810126,5.074815145,command,0.500000,-5.137498379,-0.983606160,-1.906836748,0.027121456,-0.088962339,-1.906214237,ros2_odometer_state
M19C_S1_lab_hard_floor_B3_U050_R3,1242.690953909,5.075958928,command,0.500000,-5.137498379,-0.983606160,-1.906836748,0.027121456,-0.088962339,-1.906214237,ros2_odometer_state
M19C_S1_lab_hard_floor_B3_U050_R3,1242.693713874,5.078718893,command,0.500000,-5.137498379,-0.983606160,-1.906836748,0.026707940,-0.088340722,-1.905611515,ros2_odometer_state
M19C_S1_lab_hard_floor_B3_U050_R3,1242.696359371,5.081364390,command,0.500000,-5.137498379,-0.983606160,-1.906836748,0.026517469,-0.087986171,-1.905419230,ros2_odometer_state
M19C_S1_lab_hard_floor_B3_U050_R3,1242.697607221,5.082612240,command,0.500000,-5.137498379,-0.983606160,-1.906836748,0.026330655,-0.087630481,-1.905269504,ros2_odometer_state
M19C_S1_lab_hard_floor_B3_U050_R3,1242.699885090,5.084890109,command,0.500000,-5.137498379,-0.983606160,-1.906836748,0.026160613,-0.087258480,-1.905122638,ros2_odometer_state
M19C_S1_lab_hard_floor_B3_U050_R3,1242.701859684,5.086864703,command,0.500000,-5.137498379,-0.983606160,-1.906836748,0.026038026,-0.086872339,-1.904978514,ros2_odometer_state
M19C_S1_lab_hard_floor_B3_U050_R3,1242.703781765,5.088786784,command,0.500000,-5.137498379,-0.983606160,-1.906836748,0.025956949,-0.086496145,-1.904835463,ros2_odometer_state
M19C_S1_lab_hard_floor_B3_U050_R3,1242.705684325,5.090689344,command,0.500000,-5.137498379,-0.983606160,-1.906836748,0.025899038,-0.086125493,-1.904676318,ros2_odometer_state
M19C_S1_lab_hard_floor_B3_U050_R3,1242.707958546,5.092963565,command,0.500000,-5.143147945,-0.996080279,-1.904676318,0.025837954,-0.085738674,-1.904502869,ros2_odometer_state
M19C_S1_lab_hard_floor_B3_U050_R3,1242.711088763,5.096093782,command,0.500000,-5.143147945,-0.996080279,-1.904676318,0.025765318,-0.085328266,-1.904319525,ros2_odometer_state
M19C_S1_lab_hard_floor_B3_U050_R3,1242.711930839,5.096935858,command,0.500000,-5.143147945,-0.996080279,-1.904676318,0.025669266,-0.084879890,-1.904129028,ros2_odometer_state
M19C_S1_lab_hard_floor_B3_U050_R3,1242.713619536,5.098624555,command,0.500000,-5.143147945,-0.996080279,-1.904676318,0.025558330,-0.084379598,-1.903951287,ros2_odometer_state
M19C_S1_lab_hard_floor_B3_U050_R3,1242.716381901,5.101386920,command,0.500000,-5.143147945,-0.996080279,-1.904676318,0.025443850,-0.083828427,-1.903831124,ros2_odometer_state
M19C_S1_lab_hard_floor_B3_U050_R3,1242.717762908,5.102767927,command,0.500000,-5.143147945,-0.996080279,-1.904676318,0.025340220,-0.083240747,-1.903792381,ros2_odometer_state
M19C_S1_lab_hard_floor_B3_U050_R3,1242.719702653,5.104707672,command,0.500000,-5.143147945,-0.996080279,-1.904676318,0.025247168,-0.082617931,-1.903817177,ros2_odometer_state
M19C_S1_lab_hard_floor_B3_U050_R3,1242.722043340,5.107048359,command,0.500000,-5.143147945,-0.996080279,-1.904676318,0.025166145,-0.081981644,-1.903840542,ros2_odometer_state
M19C_S1_lab_hard_floor_B3_U050_R3,1242.723957548,5.108962567,command,0.500000,-5.143147945,-0.996080279,-1.904676318,0.025091479,-0.081350937,-1.903841853,ros2_odometer_state
M19C_S1_lab_hard_floor_B3_U050_R3,1242.725114547,5.110119566,command,0.500000,-5.143147945,-0.996080279,-1.904676318,0.025091479,-0.081350937,-1.903841853,ros2_odometer_state
M19C_S1_lab_hard_floor_B3_U050_R3,1242.728076471,5.113081490,command,0.500000,-5.146735191,-1.007892966,-1.903838277,0.024860088,-0.080131553,-1.903845072,ros2_odometer_state
M19C_S1_lab_hard_floor_B3_U050_R3,1242.729096922,5.114101941,command,0.500000,-5.146735191,-1.007892966,-1.903838277,0.024860088,-0.080131553,-1.903845072,ros2_odometer_state
M19C_S1_lab_hard_floor_B3_U050_R3,1242.731685137,5.116690156,command,0.500000,-5.146735191,-1.007892966,-1.903838277,0.024492281,-0.078857653,-1.903944612,ros2_odometer_state
M19C_S1_lab_hard_floor_B3_U050_R3,1242.733748086,5.118753105,command,0.500000,-5.146735191,-1.007892966,-1.903838277,0.024267418,-0.078169398,-1.904050350,ros2_odometer_state
M19C_S1_lab_hard_floor_B3_U050_R3,1242.736329453,5.121334472,command,0.500000,-5.146735191,-1.007892966,-1.903838277,0.024007596,-0.077418000,-1.904173136,ros2_odometer_state
M19C_S1_lab_hard_floor_B3_U050_R3,1242.737774878,5.122779897,command,0.500000,-5.146735191,-1.007892966,-1.903838277,0.023733849,-0.076611042,-1.904316902,ros2_odometer_state
M19C_S1_lab_hard_floor_B3_U050_R3,1242.739802050,5.124807069,command,0.500000,-5.146735191,-1.007892966,-1.903838277,0.023467651,-0.075766258,-1.904502749,ros2_odometer_state
M19C_S1_lab_hard_floor_B3_U050_R3,1242.741822246,5.126827265,command,0.500000,-5.146735191,-1.007892966,-1.903838277,0.023173461,-0.074951701,-1.904691100,ros2_odometer_state
M19C_S1_lab_hard_floor_B3_U050_R3,1242.743858219,5.128863238,command,0.500000,-5.146735191,-1.007892966,-1.903838277,0.022821913,-0.074192159,-1.904867768,ros2_odometer_state
M19C_S1_lab_hard_floor_B3_U050_R3,1242.745066707,5.130071726,command,0.500000,-5.146735191,-1.007892966,-1.903838277,0.022821913,-0.074192159,-1.904867768,ros2_odometer_state
M19C_S1_lab_hard_floor_B3_U050_R3,1242.747920307,5.132925326,command,0.500000,-5.150331497,-1.020011663,-1.905033112,0.021902557,-0.072729237,-1.905189514,ros2_odometer_state
M19C_S1_lab_hard_floor_B3_U050_R3,1242.749747921,5.134752940,command,0.500000,-5.150331497,-1.020011663,-1.905033112,0.021333866,-0.071979485,-1.905366898,ros2_odometer_state
M19C_S1_lab_hard_floor_B3_U050_R3,1242.752157922,5.137162941,command,0.500000,-5.150331497,-1.020011663,-1.905033112,0.020752493,-0.071244270,-1.905589104,ros2_odometer_state
M19C_S1_lab_hard_floor_B3_U050_R3,1242.753766680,5.138771699,command,0.500000,-5.150331497,-1.020011663,-1.905033112,0.020164957,-0.070530184,-1.905833602,ros2_odometer_state
M19C_S1_lab_hard_floor_B3_U050_R3,1242.756389457,5.141394476,command,0.500000,-5.150331497,-1.020011663,-1.905033112,0.019561358,-0.069821827,-1.906113625,ros2_odometer_state
M19C_S1_lab_hard_floor_B3_U050_R3,1242.757846946,5.142851965,command,0.500000,-5.150331497,-1.020011663,-1.905033112,0.018959519,-0.069114663,-1.906458139,ros2_odometer_state
M19C_S1_lab_hard_floor_B3_U050_R3,1242.760104142,5.145109161,command,0.500000,-5.150331497,-1.020011663,-1.905033112,0.018348534,-0.068388127,-1.906843305,ros2_odometer_state
M19C_S1_lab_hard_floor_B3_U050_R3,1242.761779782,5.146784801,command,0.500000,-5.150331497,-1.020011663,-1.905033112,0.017719872,-0.067627393,-1.907230496,ros2_odometer_state
M19C_S1_lab_hard_floor_B3_U050_R3,1242.763841164,5.148846183,command,0.500000,-5.150331497,-1.020011663,-1.905033112,0.017086180,-0.066855207,-1.907612801,ros2_odometer_state
M19C_S1_lab_hard_floor_B3_U050_R3,1242.765845679,5.150850698,command,0.500000,-5.150331497,-1.020011663,-1.905033112,0.016469819,-0.066116817,-1.908030629,ros2_odometer_state
M19C_S1_lab_hard_floor_B3_U050_R3,1242.767896116,5.152901135,command,0.500000,-5.153976917,-1.030378580,-1.908030629,0.015880551,-0.065473519,-1.908534527,ros2_odometer_state
M19C_S1_lab_hard_floor_B3_U050_R3,1242.769880119,5.154885138,command,0.500000,-5.153976917,-1.030378580,-1.908030629,0.015399442,-0.065070041,-1.909338951,ros2_odometer_state
M19C_S1_lab_hard_floor_B3_U050_R3,1242.771815800,5.156820819,command,0.500000,-5.153976917,-1.030378580,-1.908030629,0.015151371,-0.064922713,-1.910510540,ros2_odometer_state
M19C_S1_lab_hard_floor_B3_U050_R3,1242.773822044,5.158827063,command,0.500000,-5.153976917,-1.030378580,-1.908030629,0.015065949,-0.064889446,-1.911654234,ros2_odometer_state
M19C_S1_lab_hard_floor_B3_U050_R3,1242.775735100,5.160740119,command,0.500000,-5.153976917,-1.030378580,-1.908030629,0.015065949,-0.064889446,-1.911654234,ros2_odometer_state
M19C_S1_lab_hard_floor_B3_U050_R3,1242.777146988,5.162152007,command,0.500000,-5.153976917,-1.030378580,-1.908030629,0.015044999,-0.064891659,-1.912769675,ros2_odometer_state
M19C_S1_lab_hard_floor_B3_U050_R3,1242.779884648,5.164889667,command,0.500000,-5.153976917,-1.030378580,-1.908030629,0.015207399,-0.064755350,-1.915447593,ros2_odometer_state
M19C_S1_lab_hard_floor_B3_U050_R3,1242.781948878,5.166953897,command,0.500000,-5.153976917,-1.030378580,-1.908030629,0.015294526,-0.064378105,-1.916738987,ros2_odometer_state
M19C_S1_lab_hard_floor_B3_U050_R3,1242.783998099,5.169003118,command,0.500000,-5.153976917,-1.030378580,-1.908030629,0.015464740,-0.063705042,-1.917984009,ros2_odometer_state
M19C_S1_lab_hard_floor_B3_U050_R3,1242.786361666,5.171366685,command,0.500000,-5.153976917,-1.030378580,-1.908030629,0.015720459,-0.062754869,-1.919226885,ros2_odometer_state
M19C_S1_lab_hard_floor_B3_U050_R3,1242.789161985,5.174167004,command,0.500000,-5.157739639,-1.044748902,-1.919226885,0.016007427,-0.061581511,-1.920496225,ros2_odometer_state
M19C_S1_lab_hard_floor_B3_U050_R3,1242.790139297,5.175144316,command,0.500000,-5.157739639,-1.044748902,-1.919226885,0.016310375,-0.060250752,-1.921750069,ros2_odometer_state
M19C_S1_lab_hard_floor_B3_U050_R3,1242.791793401,5.176798420,command,0.500000,-5.157739639,-1.044748902,-1.919226885,0.016617758,-0.058904521,-1.922906756,ros2_odometer_state
M19C_S1_lab_hard_floor_B3_U050_R3,1242.793858047,5.178863066,command,0.500000,-5.157739639,-1.044748902,-1.919226885,0.016925886,-0.057634741,-1.923993587,ros2_odometer_state
M19C_S1_lab_hard_floor_B3_U050_R3,1242.796457910,5.181462929,command,0.500000,-5.157739639,-1.044748902,-1.919226885,0.017251272,-0.056446947,-1.925056815,ros2_odometer_state
M19C_S1_lab_hard_floor_B3_U050_R3,1242.797862118,5.182867137,command,0.500000,-5.157739639,-1.044748902,-1.919226885,0.017609674,-0.055292755,-1.926132798,ros2_odometer_state
M19C_S1_lab_hard_floor_B3_U050_R3,1242.799848808,5.184853827,command,0.500000,-5.157739639,-1.044748902,-1.919226885,0.017982464,-0.054100279,-1.927309632,ros2_odometer_state
M19C_S1_lab_hard_floor_B3_U050_R3,1242.801824971,5.186829990,command,0.500000,-5.157739639,-1.044748902,-1.919226885,0.018329876,-0.052840736,-1.928630590,ros2_odometer_state
M19C_S1_lab_hard_floor_B3_U050_R3,1242.804426275,5.189431294,command,0.500000,-5.157739639,-1.044748902,-1.919226885,0.018604504,-0.051542129,-1.929931879,ros2_odometer_state
M19C_S1_lab_hard_floor_B3_U050_R3,1242.805204317,5.190209336,command,0.500000,-5.157739639,-1.044748902,-1.919226885,0.018604504,-0.051542129,-1.929931879,ros2_odometer_state
M19C_S1_lab_hard_floor_B3_U050_R3,1242.807212160,5.192217179,command,0.500000,-5.159015179,-1.057394624,-1.931070328,0.018790051,-0.050258856,-1.931070328,ros2_odometer_state
M19C_S1_lab_hard_floor_B3_U050_R3,1242.809922396,5.194927415,command,0.500000,-5.159015179,-1.057394624,-1.931070328,0.018867470,-0.047800384,-1.932998061,ros2_odometer_state
M19C_S1_lab_hard_floor_B3_U050_R3,1242.811914911,5.196919930,command,0.500000,-5.159015179,-1.057394624,-1.931070328,0.018759962,-0.046581611,-1.933826447,ros2_odometer_state
M19C_S1_lab_hard_floor_B3_U050_R3,1242.814174155,5.199179174,command,0.500000,-5.159015179,-1.057394624,-1.931070328,0.018587811,-0.045393661,-1.934528351,ros2_odometer_state
M19C_S1_lab_hard_floor_B3_U050_R3,1242.816606333,5.201611352,command,0.500000,-5.159015179,-1.057394624,-1.931070328,0.018325916,-0.044208761,-1.935124397,ros2_odometer_state
M19C_S1_lab_hard_floor_B3_U050_R3,1242.817178064,5.202183083,command,0.500000,-5.159015179,-1.057394624,-1.931070328,0.018325916,-0.044208761,-1.935124397,ros2_odometer_state
M19C_S1_lab_hard_floor_B3_U050_R3,1242.819412923,5.204417942,command,0.500000,-5.159015179,-1.057394624,-1.931070328,0.017978653,-0.042966835,-1.935698986,ros2_odometer_state
M19C_S1_lab_hard_floor_B3_U050_R3,1242.821191447,5.206196466,command,0.500000,-5.159015179,-1.057394624,-1.931070328,0.017600434,-0.041634958,-1.936317682,ros2_odometer_state
M19C_S1_lab_hard_floor_B3_U050_R3,1242.823916851,5.208921870,command,0.500000,-5.159015179,-1.057394624,-1.931070328,0.016683862,-0.038752392,-1.937641621,ros2_odometer_state
M19C_S1_lab_hard_floor_B3_U050_R3,1242.825921463,5.210926482,command,0.500000,-5.159015179,-1.057394624,-1.931070328,0.016112702,-0.037314374,-1.938231468,ros2_odometer_state
M19C_S1_lab_hard_floor_B3_U050_R3,1242.827922490,5.212927509,command,0.500000,-5.160073280,-1.068174005,-1.938231468,0.015466513,-0.035881788,-1.938659191,ros2_odometer_state
M19C_S1_lab_hard_floor_B3_U050_R3,1242.829843003,5.214848022,command,0.500000,-5.160073280,-1.068174005,-1.938231468,0.014815855,-0.034435377,-1.938957453,ros2_odometer_state
M19C_S1_lab_hard_floor_B3_U050_R3,1242.831803101,5.216808120,command,0.500000,-5.160073280,-1.068174005,-1.938231468,0.014124217,-0.033193264,-1.939314246,ros2_odometer_state
M19C_S1_lab_hard_floor_B3_U050_R3,1242.833804096,5.218809115,command,0.500000,-5.160073280,-1.068174005,-1.938231468,0.013376475,-0.032175556,-1.939791918,ros2_odometer_state
M19C_S1_lab_hard_floor_B3_U050_R3,1242.836540604,5.221545623,command,0.500000,-5.160073280,-1.068174005,-1.938231468,0.012609544,-0.031308148,-1.940307498,ros2_odometer_state
M19C_S1_lab_hard_floor_B3_U050_R3,1242.837902922,5.222907941,command,0.500000,-5.160073280,-1.068174005,-1.938231468,0.011846229,-0.030565757,-1.940884113,ros2_odometer_state
M19C_S1_lab_hard_floor_B3_U050_R3,1242.841355070,5.226360089,command,0.500000,-5.160073280,-1.068174005,-1.938231468,0.011084600,-0.029924218,-1.941620231,ros2_odometer_state
M19C_S1_lab_hard_floor_B3_U050_R3,1242.842284798,5.227289817,command,0.500000,-5.160073280,-1.068174005,-1.938231468,0.010310649,-0.029337991,-1.942527413,ros2_odometer_state
M19C_S1_lab_hard_floor_B3_U050_R3,1242.843866643,5.228871662,command,0.500000,-5.160073280,-1.068174005,-1.938231468,0.009512510,-0.028773628,-1.943501592,ros2_odometer_state
M19C_S1_lab_hard_floor_B3_U050_R3,1242.845865174,5.230870193,command,0.500000,-5.160073280,-1.068174005,-1.938231468,0.008679394,-0.028235478,-1.944454551,ros2_odometer_state
M19C_S1_lab_hard_floor_B3_U050_R3,1242.847237637,5.232242656,command,0.500000,-5.163202763,-1.077679157,-1.944454551,0.008679394,-0.028235478,-1.944454551,ros2_odometer_state
M19C_S1_lab_hard_floor_B3_U050_R3,1242.849920223,5.234925242,command,0.500000,-5.163202763,-1.077679157,-1.944454551,0.006899886,-0.027338717,-1.946324825,ros2_odometer_state
M19C_S1_lab_hard_floor_B3_U050_R3,1242.854083211,5.239088230,command,0.500000,-5.163202763,-1.077679157,-1.944454551,0.005999887,-0.027012218,-1.947149277,ros2_odometer_state
M19C_S1_lab_hard_floor_B3_U050_R3,1242.855328693,5.240333712,command,0.500000,-5.163202763,-1.077679157,-1.944454551,0.005119119,-0.026794536,-1.947852612,ros2_odometer_state
M19C_S1_lab_hard_floor_B3_U050_R3,1242.855906120,5.240911139,command,0.500000,-5.163202763,-1.077679157,-1.944454551,0.005119119,-0.026794536,-1.947852612,ros2_odometer_state
M19C_S1_lab_hard_floor_B3_U050_R3,1242.858107539,5.243112558,command,0.500000,-5.163202763,-1.077679157,-1.944454551,0.003412225,-0.026581790,-1.949223518,ros2_odometer_state
M19C_S1_lab_hard_floor_B3_U050_R3,1242.859804396,5.244809415,command,0.500000,-5.163202763,-1.077679157,-1.944454551,0.003412225,-0.026581790,-1.949223518,ros2_odometer_state
M19C_S1_lab_hard_floor_B3_U050_R3,1242.862149179,5.247154198,command,0.500000,-5.163202763,-1.077679157,-1.944454551,0.001825550,-0.026407119,-1.951206207,ros2_odometer_state
M19C_S1_lab_hard_floor_B3_U050_R3,1242.864099292,5.249104311,command,0.500000,-5.163202763,-1.077679157,-1.944454551,0.001093077,-0.026343232,-1.952420115,ros2_odometer_state
M19C_S1_lab_hard_floor_B3_U050_R3,1242.866282534,5.251287553,command,0.500000,-5.163202763,-1.077679157,-1.944454551,0.000369785,-0.026398217,-1.953602910,ros2_odometer_state
M19C_S1_lab_hard_floor_B3_U050_R3,1242.868199687,5.253204706,command,0.500000,-5.166996479,-1.089006662,-1.953602910,-0.000363194,-0.026623080,-1.954692721,ros2_odometer_state
M19C_S1_lab_hard_floor_B3_U050_R3,1242.870033892,5.255038911,command,0.500000,-5.166996479,-1.089006662,-1.953602910,-0.001112260,-0.027014151,-1.955738425,ros2_odometer_state
M19C_S1_lab_hard_floor_B3_U050_R3,1242.872267856,5.257272875,command,0.500000,-5.166996479,-1.089006662,-1.953602910,-0.001878930,-0.027495442,-1.956787348,ros2_odometer_state
M19C_S1_lab_hard_floor_B3_U050_R3,1242.874090989,5.259096008,command,0.500000,-5.166996479,-1.089006662,-1.953602910,-0.002647542,-0.027990112,-1.957829833,ros2_odometer_state
M19C_S1_lab_hard_floor_B3_U050_R3,1242.878759946,5.263764965,command,0.500000,-5.166996479,-1.089006662,-1.953602910,-0.003446671,-0.028472653,-1.958820581,ros2_odometer_state
M19C_S1_lab_hard_floor_B3_U050_R3,1242.880097463,5.265102482,command,0.500000,-5.166996479,-1.089006662,-1.953602910,-0.004297538,-0.028937230,-1.959753990,ros2_odometer_state
M19C_S1_lab_hard_floor_B3_U050_R3,1242.881099801,5.266104820,command,0.500000,-5.166996479,-1.089006662,-1.953602910,-0.005132379,-0.029355923,-1.960687160,ros2_odometer_state
M19C_S1_lab_hard_floor_B3_U050_R3,1242.881433636,5.266438655,command,0.500000,-5.166996479,-1.089006662,-1.953602910,-0.005132379,-0.029355923,-1.960687160,ros2_odometer_state
M19C_S1_lab_hard_floor_B3_U050_R3,1242.884082749,5.269087768,command,0.500000,-5.166996479,-1.089006662,-1.953602910,-0.005839700,-0.029680442,-1.961671948,ros2_odometer_state
M19C_S1_lab_hard_floor_B3_U050_R3,1242.885386473,5.270391492,command,0.500000,-5.166996479,-1.089006662,-1.953602910,-0.006193117,-0.029966453,-1.962717175,ros2_odometer_state
M19C_S1_lab_hard_floor_B3_U050_R3,1242.888579733,5.273584752,command,0.500000,-5.172338009,-1.101827979,-1.963780880,-0.005711430,-0.030797996,-1.964516878,ros2_odometer_state
M19C_S1_lab_hard_floor_B3_U050_R3,1242.889341327,5.274346346,command,0.500000,-5.172338009,-1.101827979,-1.963780880,-0.005711430,-0.030797996,-1.964516878,ros2_odometer_state
M19C_S1_lab_hard_floor_B3_U050_R3,1242.891949350,5.276954369,command,0.500000,-5.172338009,-1.101827979,-1.963780880,-0.005101615,-0.031108530,-1.964667320,ros2_odometer_state
M19C_S1_lab_hard_floor_B3_U050_R3,1242.894105935,5.279110954,command,0.500000,-5.172338009,-1.101827979,-1.963780880,-0.003639084,-0.031157119,-1.963730931,ros2_odometer_state
M19C_S1_lab_hard_floor_B3_U050_R3,1242.896726855,5.281731874,command,0.500000,-5.172338009,-1.101827979,-1.963780880,-0.002826444,-0.031175984,-1.963041067,ros2_odometer_state
M19C_S1_lab_hard_floor_B3_U050_R3,1242.898102550,5.283107569,command,0.500000,-5.172338009,-1.101827979,-1.963780880,-0.002000315,-0.031255465,-1.962414145,ros2_odometer_state
M19C_S1_lab_hard_floor_B3_U050_R3,1242.899556999,5.284562018,command,0.500000,-5.172338009,-1.101827979,-1.963780880,-0.002000315,-0.031255465,-1.962414145,ros2_odometer_state
M19C_S1_lab_hard_floor_B3_U050_R3,1242.902102588,5.287107607,command,0.500000,-5.172338009,-1.101827979,-1.963780880,-0.000617111,-0.031434201,-1.961281300,ros2_odometer_state
M19C_S1_lab_hard_floor_B3_U050_R3,1242.904132641,5.289137660,command,0.500000,-5.172338009,-1.101827979,-1.963780880,-0.000184542,-0.031434618,-1.960695267,ros2_odometer_state
M19C_S1_lab_hard_floor_B3_U050_R3,1242.906556018,5.291561037,command,0.500000,-5.172338009,-1.101827979,-1.963780880,0.000129796,-0.031346314,-1.960044622,ros2_odometer_state
M19C_S1_lab_hard_floor_B3_U050_R3,1242.908512052,5.293517071,command,0.500000,-5.174891949,-1.114112020,-1.960044622,0.000415088,-0.031201245,-1.959351182,ros2_odometer_state
M19C_S1_lab_hard_floor_B3_U050_R3,1242.910085353,5.295090372,command,0.500000,-5.174891949,-1.114112020,-1.960044622,0.000682209,-0.031052008,-1.958683848,ros2_odometer_state
M19C_S1_lab_hard_floor_B3_U050_R3,1242.912129678,5.297134697,command,0.500000,-5.174891949,-1.114112020,-1.960044622,0.000873007,-0.030926621,-1.958048224,ros2_odometer_state
M19C_S1_lab_hard_floor_B3_U050_R3,1242.914048911,5.299053930,command,0.500000,-5.174891949,-1.114112020,-1.960044622,0.000937929,-0.030908000,-1.957259297,ros2_odometer_state
M19C_S1_lab_hard_floor_B3_U050_R3,1242.916792907,5.301797926,command,0.500000,-5.174891949,-1.114112020,-1.960044622,0.000828611,-0.031045666,-1.956128836,ros2_odometer_state
M19C_S1_lab_hard_floor_B3_U050_R3,1242.918230428,5.303235447,command,0.500000,-5.174891949,-1.114112020,-1.960044622,0.000601608,-0.031159284,-1.955005288,ros2_odometer_state
M19C_S1_lab_hard_floor_B3_U050_R3,1242.920370436,5.305375455,command,0.500000,-5.174891949,-1.114112020,-1.960044622,0.000326923,-0.031055339,-1.954181790,ros2_odometer_state
M19C_S1_lab_hard_floor_B3_U050_R3,1242.922131199,5.307136218,command,0.500000,-5.174891949,-1.114112020,-1.960044622,0.000038046,-0.030712526,-1.953588486,ros2_odometer_state
M19C_S1_lab_hard_floor_B3_U050_R3,1242.923343336,5.308348355,command,0.500000,-5.174891949,-1.114112020,-1.960044622,0.000038046,-0.030712526,-1.953588486,ros2_odometer_state
M19C_S1_lab_hard_floor_B3_U050_R3,1242.926135014,5.311140033,command,0.500000,-5.174891949,-1.114112020,-1.960044622,-0.000856141,-0.029640846,-1.952626109,ros2_odometer_state
M19C_S1_lab_hard_floor_B3_U050_R3,1242.928176171,5.313181190,command,0.500000,-5.176998138,-1.126956344,-1.952626109,-0.001469949,-0.029120417,-1.952027082,ros2_odometer_state
M19C_S1_lab_hard_floor_B3_U050_R3,1242.930097003,5.315102022,command,0.500000,-5.176998138,-1.126956344,-1.952626109,-0.002128045,-0.028658912,-1.951236367,ros2_odometer_state
M19C_S1_lab_hard_floor_B3_U050_R3,1242.932094671,5.317099690,command,0.500000,-5.176998138,-1.126956344,-1.952626109,-0.002738286,-0.028270977,-1.950288773,ros2_odometer_state
M19C_S1_lab_hard_floor_B3_U050_R3,1242.934105010,5.319110029,command,0.500000,-5.176998138,-1.126956344,-1.952626109,-0.003247785,-0.027942806,-1.949262977,ros2_odometer_state
M19C_S1_lab_hard_floor_B3_U050_R3,1242.936114614,5.321119633,command,0.500000,-5.176998138,-1.126956344,-1.952626109,-0.003247785,-0.027942806,-1.949262977,ros2_odometer_state
M19C_S1_lab_hard_floor_B3_U050_R3,1242.937774446,5.322779465,command,0.500000,-5.176998138,-1.126956344,-1.952626109,-0.003691514,-0.027636616,-1.948260188,ros2_odometer_state
M19C_S1_lab_hard_floor_B3_U050_R3,1242.940222400,5.325227419,command,0.500000,-5.176998138,-1.126956344,-1.952626109,-0.004600943,-0.027035004,-1.946375251,ros2_odometer_state
M19C_S1_lab_hard_floor_B3_U050_R3,1242.942111328,5.327116347,command,0.500000,-5.176998138,-1.126956344,-1.952626109,-0.005126797,-0.026680965,-1.945523143,ros2_odometer_state
M19C_S1_lab_hard_floor_B3_U050_R3,1242.944152805,5.329157824,command,0.500000,-5.176998138,-1.126956344,-1.952626109,-0.005676807,-0.026280314,-1.944879770,ros2_odometer_state
M19C_S1_lab_hard_floor_B3_U050_R3,1242.946190057,5.331195076,command,0.500000,-5.176998138,-1.126956344,-1.952626109,-0.006233394,-0.025832351,-1.944430590,ros2_odometer_state
M19C_S1_lab_hard_floor_B3_U050_R3,1242.947575448,5.332580467,command,0.500000,-5.181371689,-1.137127638,-1.944430590,-0.006233394,-0.025832351,-1.944430590,ros2_odometer_state
M19C_S1_lab_hard_floor_B3_U050_R3,1242.950419448,5.335424467,command,0.500000,-5.181371689,-1.137127638,-1.944430590,-0.007468086,-0.024795542,-1.943766475,ros2_odometer_state
M19C_S1_lab_hard_floor_B3_U050_R3,1242.951565310,5.336570329,command,0.500000,-5.181371689,-1.137127638,-1.944430590,-0.007468086,-0.024795542,-1.943766475,ros2_odometer_state
M19C_S1_lab_hard_floor_B3_U050_R3,1242.954235384,5.339240403,command,0.500000,-5.181371689,-1.137127638,-1.944430590,-0.008916172,-0.023790326,-1.943224669,ros2_odometer_state
M19C_S1_lab_hard_floor_B3_U050_R3,1242.957965270,5.342970289,command,0.500000,-5.181371689,-1.137127638,-1.944430590,-0.009687713,-0.023348408,-1.942927718,ros2_odometer_state
M19C_S1_lab_hard_floor_B3_U050_R3,1242.959571820,5.344576839,command,0.500000,-5.181371689,-1.137127638,-1.944430590,-0.010464211,-0.022957170,-1.942596197,ros2_odometer_state
M19C_S1_lab_hard_floor_B3_U050_R3,1242.960514860,5.345519879,command,0.500000,-5.181371689,-1.137127638,-1.944430590,-0.011202919,-0.022628119,-1.942271829,ros2_odometer_state
M19C_S1_lab_hard_floor_B3_U050_R3,1242.962284615,5.347289634,command,0.500000,-5.181371689,-1.137127638,-1.944430590,-0.011872387,-0.022376871,-1.942016244,ros2_odometer_state
M19C_S1_lab_hard_floor_B3_U050_R3,1242.964228265,5.349233284,command,0.500000,-5.181371689,-1.137127638,-1.944430590,-0.012435811,-0.022188196,-1.941893697,ros2_odometer_state
M19C_S1_lab_hard_floor_B3_U050_R3,1242.966340912,5.351345931,command,0.500000,-5.181371689,-1.137127638,-1.944430590,-0.012908942,-0.022024458,-1.941912055,ros2_odometer_state
M19C_S1_lab_hard_floor_B3_U050_R3,1242.968336595,5.353341614,command,0.500000,-5.187311649,-1.148826361,-1.941912055,-0.013328027,-0.021830898,-1.942072749,ros2_odometer_state
M19C_S1_lab_hard_floor_B3_U050_R3,1242.970321654,5.355326673,command,0.500000,-5.187311649,-1.148826361,-1.941912055,-0.013732078,-0.021563016,-1.942322254,ros2_odometer_state
M19C_S1_lab_hard_floor_B3_U050_R3,1242.974189336,5.359194355,command,0.500000,-5.187311649,-1.148826361,-1.941912055,-0.014130939,-0.021254165,-1.942589760,ros2_odometer_state
M19C_S1_lab_hard_floor_B3_U050_R3,1242.975088535,5.360093554,command,0.500000,-5.187311649,-1.148826361,-1.941912055,-0.014554262,-0.020931045,-1.942818642,ros2_odometer_state
M19C_S1_lab_hard_floor_B3_U050_R3,1242.977039608,5.362044627,command,0.500000,-5.187311649,-1.148826361,-1.941912055,-0.015018702,-0.020625856,-1.943018317,ros2_odometer_state
M19C_S1_lab_hard_floor_B3_U050_R3,1242.978434663,5.363439682,command,0.500000,-5.187311649,-1.148826361,-1.941912055,-0.015498851,-0.020370040,-1.943241000,ros2_odometer_state
M19C_S1_lab_hard_floor_B3_U050_R3,1242.980435307,5.365440326,command,0.500000,-5.187311649,-1.148826361,-1.941912055,-0.015947910,-0.020174835,-1.943524122,ros2_odometer_state
M19C_S1_lab_hard_floor_B3_U050_R3,1242.982571795,5.367576814,command,0.500000,-5.187311649,-1.148826361,-1.941912055,-0.016350986,-0.020025156,-1.943859816,ros2_odometer_state
M19C_S1_lab_hard_floor_B3_U050_R3,1242.984337102,5.369342121,command,0.500000,-5.187311649,-1.148826361,-1.941912055,-0.016715473,-0.019907327,-1.944234490,ros2_odometer_state
M19C_S1_lab_hard_floor_B3_U050_R3,1242.988263250,5.373268269,command,0.500000,-5.187311649,-1.148826361,-1.941912055,-0.016715473,-0.019907327,-1.944234490,ros2_odometer_state
M19C_S1_lab_hard_floor_B3_U050_R3,1242.989585279,5.374590298,command,0.500000,-5.193431377,-1.160601497,-1.944628239,-0.017030936,-0.019827990,-1.944628239,ros2_odometer_state
M19C_S1_lab_hard_floor_B3_U050_R3,1242.990478973,5.375483992,command,0.500000,-5.193431377,-1.160601497,-1.944628239,-0.017288765,-0.019776914,-1.945028663,ros2_odometer_state
M19C_S1_lab_hard_floor_B3_U050_R3,1242.991592066,5.376597085,command,0.500000,-5.193431377,-1.160601497,-1.944628239,-0.017489724,-0.019731659,-1.945415258,ros2_odometer_state
M19C_S1_lab_hard_floor_B3_U050_R3,1242.994234715,5.379239734,command,0.500000,-5.193431377,-1.160601497,-1.944628239,-0.017754160,-0.019561177,-1.946014643,ros2_odometer_state
M19C_S1_lab_hard_floor_B3_U050_R3,1242.996962423,5.381967442,command,0.500000,-5.193431377,-1.160601497,-1.944628239,-0.017828714,-0.019428162,-1.946192265,ros2_odometer_state
M19C_S1_lab_hard_floor_B3_U050_R3,1242.997589228,5.382594247,command,0.500000,-5.193431377,-1.160601497,-1.944628239,-0.017828714,-0.019428162,-1.946192265,ros2_odometer_state
M19C_S1_lab_hard_floor_B3_U050_R3,1242.999541230,5.384546249,command,0.500000,-5.193431377,-1.160601497,-1.944628239,-0.017900331,-0.019301897,-1.946325183,ros2_odometer_state
M19C_S1_lab_hard_floor_B3_U050_R3,1243.001636821,5.386641840,command,0.500000,-5.193431377,-1.160601497,-1.944628239,-0.017981613,-0.019227408,-1.946477890,ros2_odometer_state
M19C_S1_lab_hard_floor_B3_U050_R3,1243.003676857,5.388681876,command,0.500000,-5.193431377,-1.160601497,-1.944628239,-0.018075384,-0.019222494,-1.946687341,ros2_odometer_state
M19C_S1_lab_hard_floor_B3_U050_R3,1243.007136942,5.392141961,command,0.500000,-5.193431377,-1.160601497,-1.944628239,-0.018220635,-0.019361001,-1.947217345,ros2_odometer_state
M19C_S1_lab_hard_floor_B3_U050_R3,1243.007768355,5.392773374,command,0.500000,-5.197129250,-1.171930194,-1.947217345,-0.018220635,-0.019361001,-1.947217345,ros2_odometer_state
M19C_S1_lab_hard_floor_B3_U050_R3,1243.009838089,5.394843108,command,0.500000,-5.197129250,-1.171930194,-1.947217345,-0.018265877,-0.019454440,-1.947446346,ros2_odometer_state
M19C_S1_lab_hard_floor_B3_U050_R3,1243.012381183,5.397386202,command,0.500000,-5.197129250,-1.171930194,-1.947217345,-0.018349307,-0.019719077,-1.948001146,ros2_odometer_state
M19C_S1_lab_hard_floor_B3_U050_R3,1243.015264608,5.400269627,command,0.500000,-5.197129250,-1.171930194,-1.947217345,-0.018384781,-0.019880274,-1.948227406,ros2_odometer_state
M19C_S1_lab_hard_floor_B3_U050_R3,1243.017768276,5.402773295,command,0.500000,-5.197129250,-1.171930194,-1.947217345,-0.018426539,-0.020000238,-1.948211312,ros2_odometer_state
M19C_S1_lab_hard_floor_B3_U050_R3,1243.018173346,5.403178365,command,0.500000,-5.197129250,-1.171930194,-1.947217345,-0.018426539,-0.020000238,-1.948211312,ros2_odometer_state
M19C_S1_lab_hard_floor_B3_U050_R3,1243.019591569,5.404596588,command,0.500000,-5.197129250,-1.171930194,-1.947217345,-0.018461106,-0.020053940,-1.947976112,ros2_odometer_state
M19C_S1_lab_hard_floor_B3_U050_R3,1243.021538163,5.406543182,command,0.500000,-5.197129250,-1.171930194,-1.947217345,-0.018461106,-0.020053940,-1.947976112,ros2_odometer_state
M19C_S1_lab_hard_floor_B3_U050_R3,1243.024265295,5.409270314,command,0.500000,-5.197129250,-1.171930194,-1.947217345,-0.018134587,-0.020058088,-1.946975827,ros2_odometer_state
M19C_S1_lab_hard_floor_B3_U050_R3,1243.025562299,5.410567318,command,0.500000,-5.197129250,-1.171930194,-1.947217345,-0.018134587,-0.020058088,-1.946975827,ros2_odometer_state
M19C_S1_lab_hard_floor_B3_U050_R3,1243.029065745,5.414070764,command,0.500000,-5.201270103,-1.184609890,-1.946560979,-0.017576970,-0.020324487,-1.946085215,ros2_odometer_state
M19C_S1_lab_hard_floor_B3_U050_R3,1243.032608072,5.417613091,command,0.500000,-5.201270103,-1.184609890,-1.946560979,-0.017281372,-0.020609763,-1.945574045,ros2_odometer_state
M19C_S1_lab_hard_floor_B3_U050_R3,1243.033971190,5.418976209,command,0.500000,-5.201270103,-1.184609890,-1.946560979,-0.016981293,-0.020943049,-1.944983363,ros2_odometer_state
M19C_S1_lab_hard_floor_B3_U050_R3,1243.034880852,5.419885871,command,0.500000,-5.201270103,-1.184609890,-1.946560979,-0.016650213,-0.021231690,-1.944273233,ros2_odometer_state
M19C_S1_lab_hard_floor_B3_U050_R3,1243.037100543,5.422105562,command,0.500000,-5.201270103,-1.184609890,-1.946560979,-0.016275667,-0.021456933,-1.943446159,ros2_odometer_state
M19C_S1_lab_hard_floor_B3_U050_R3,1243.037713812,5.422718831,command,0.500000,-5.201270103,-1.184609890,-1.946560979,-0.016275667,-0.021456933,-1.943446159,ros2_odometer_state
M19C_S1_lab_hard_floor_B3_U050_R3,1243.041068421,5.426073440,command,0.500000,-5.201270103,-1.184609890,-1.946560979,-0.015513281,-0.022039341,-1.941657305,ros2_odometer_state
M19C_S1_lab_hard_floor_B3_U050_R3,1243.041865696,5.426870715,command,0.500000,-5.201270103,-1.184609890,-1.946560979,-0.015513281,-0.022039341,-1.941657305,ros2_odometer_state
M19C_S1_lab_hard_floor_B3_U050_R3,1243.044527897,5.429532916,command,0.500000,-5.201270103,-1.184609890,-1.946560979,-0.014807837,-0.022763696,-1.939800143,ros2_odometer_state
M19C_S1_lab_hard_floor_B3_U050_R3,1243.045658431,5.430663450,command,0.500000,-5.201270103,-1.184609890,-1.946560979,-0.014807837,-0.022763696,-1.939800143,ros2_odometer_state
M19C_S1_lab_hard_floor_B3_U050_R3,1243.047677347,5.432682366,command,0.500000,-5.206957817,-1.195652127,-1.938917875,-0.014421646,-0.023162644,-1.938917875,ros2_odometer_state
M19C_S1_lab_hard_floor_B3_U050_R3,1243.050381918,5.435386937,command,0.500000,-5.206957817,-1.195652127,-1.938917875,-0.013522291,-0.024081860,-1.937681198,ros2_odometer_state
M19C_S1_lab_hard_floor_B3_U050_R3,1243.052412675,5.437417694,command,0.500000,-5.206957817,-1.195652127,-1.938917875,-0.013018249,-0.024531633,-1.937087417,ros2_odometer_state
M19C_S1_lab_hard_floor_B3_U050_R3,1243.054354788,5.439359807,command,0.500000,-5.206957817,-1.195652127,-1.938917875,-0.012474446,-0.024940053,-1.936362863,ros2_odometer_state
M19C_S1_lab_hard_floor_B3_U050_R3,1243.057071968,5.442076987,command,0.500000,-5.206957817,-1.195652127,-1.938917875,-0.011876620,-0.025342714,-1.935596347,ros2_odometer_state
M19C_S1_lab_hard_floor_B3_U050_R3,1243.058523473,5.443528492,command,0.500000,-5.206957817,-1.195652127,-1.938917875,-0.011247912,-0.025804725,-1.934937477,ros2_odometer_state
M19C_S1_lab_hard_floor_B3_U050_R3,1243.060532660,5.445537679,command,0.500000,-5.206957817,-1.195652127,-1.938917875,-0.010613906,-0.026355237,-1.934460044,ros2_odometer_state
M19C_S1_lab_hard_floor_B3_U050_R3,1243.062514679,5.447519698,command,0.500000,-5.206957817,-1.195652127,-1.938917875,-0.009973082,-0.026981125,-1.934077621,ros2_odometer_state
M19C_S1_lab_hard_floor_B3_U050_R3,1243.064534843,5.449539862,command,0.500000,-5.206957817,-1.195652127,-1.938917875,-0.009313930,-0.027641576,-1.933748603,ros2_odometer_state
M19C_S1_lab_hard_floor_B3_U050_R3,1243.065987852,5.450992871,command,0.500000,-5.206957817,-1.195652127,-1.938917875,-0.009313930,-0.027641576,-1.933748603,ros2_odometer_state
M19C_S1_lab_hard_floor_B3_U050_R3,1243.068506849,5.453511868,command,0.500000,-5.212088585,-1.210510731,-1.933522344,-0.007928510,-0.028985603,-1.933430672,ros2_odometer_state
M19C_S1_lab_hard_floor_B3_U050_R3,1243.070383712,5.455388731,command,0.500000,-5.212088585,-1.210510731,-1.933522344,-0.007193136,-0.029647788,-1.933402300,ros2_odometer_state
M19C_S1_lab_hard_floor_B3_U050_R3,1243.072379075,5.457384094,command,0.500000,-5.212088585,-1.210510731,-1.933522344,-0.006438076,-0.030272182,-1.933354139,ros2_odometer_state
M19C_S1_lab_hard_floor_B3_U050_R3,1243.074540972,5.459545991,command,0.500000,-5.212088585,-1.210510731,-1.933522344,-0.005688630,-0.030878114,-1.933276176,ros2_odometer_state
M19C_S1_lab_hard_floor_B3_U050_R3,1243.077807706,5.462812725,command,0.500000,-5.212088585,-1.210510731,-1.933522344,-0.004941749,-0.031500660,-1.933198333,ros2_odometer_state
M19C_S1_lab_hard_floor_B3_U050_R3,1243.078170182,5.463175201,command,0.500000,-5.212088585,-1.210510731,-1.933522344,-0.004941749,-0.031500660,-1.933198333,ros2_odometer_state
M19C_S1_lab_hard_floor_B3_U050_R3,1243.080867777,5.465872796,command,0.500000,-5.212088585,-1.210510731,-1.933522344,-0.003499237,-0.032940619,-1.933261395,ros2_odometer_state
M19C_S1_lab_hard_floor_B3_U050_R3,1243.082811203,5.467816222,command,0.500000,-5.212088585,-1.210510731,-1.933522344,-0.002784039,-0.033773433,-1.933460712,ros2_odometer_state
M19C_S1_lab_hard_floor_B3_U050_R3,1243.084448858,5.469453877,command,0.500000,-5.212088585,-1.210510731,-1.933522344,-0.002056095,-0.034645803,-1.933739901,ros2_odometer_state
M19C_S1_lab_hard_floor_B3_U050_R3,1243.086392955,5.471397974,command,0.500000,-5.212088585,-1.210510731,-1.933522344,-0.001313161,-0.035533581,-1.934072852,ros2_odometer_state
M19C_S1_lab_hard_floor_B3_U050_R3,1243.087835404,5.472840423,command,0.500000,-5.217329502,-1.225285769,-1.934072852,-0.001313161,-0.035533581,-1.934072852,ros2_odometer_state
M19C_S1_lab_hard_floor_B3_U050_R3,1243.090707213,5.475712232,command,0.500000,-5.217329502,-1.225285769,-1.934072852,0.000274926,-0.037215360,-1.934704185,ros2_odometer_state
M19C_S1_lab_hard_floor_B3_U050_R3,1243.092811668,5.477816687,command,0.500000,-5.217329502,-1.225285769,-1.934072852,0.001118650,-0.037990890,-1.934889078,ros2_odometer_state
M19C_S1_lab_hard_floor_B3_U050_R3,1243.094627921,5.479632940,command,0.500000,-5.217329502,-1.225285769,-1.934072852,0.001972140,-0.038777448,-1.935056925,ros2_odometer_state
M19C_S1_lab_hard_floor_B3_U050_R3,1243.097004513,5.482009532,command,0.500000,-5.217329502,-1.225285769,-1.934072852,0.002838631,-0.039636370,-1.935294151,ros2_odometer_state
M19C_S1_lab_hard_floor_B3_U050_R3,1243.098380303,5.483385322,command,0.500000,-5.217329502,-1.225285769,-1.934072852,0.003715322,-0.040559635,-1.935560822,ros2_odometer_state
M19C_S1_lab_hard_floor_B3_U050_R3,1243.100421108,5.485426127,command,0.500000,-5.217329502,-1.225285769,-1.934072852,0.004588943,-0.041520476,-1.935764074,ros2_odometer_state
M19C_S1_lab_hard_floor_B3_U050_R3,1243.102343797,5.487348816,command,0.500000,-5.217329502,-1.225285769,-1.934072852,0.005459590,-0.042513888,-1.935907483,ros2_odometer_state
M19C_S1_lab_hard_floor_B3_U050_R3,1243.103763812,5.488768831,command,0.500000,-5.217329502,-1.225285769,-1.934072852,0.005459590,-0.042513888,-1.935907483,ros2_odometer_state
M19C_S1_lab_hard_floor_B3_U050_R3,1243.105733703,5.490738722,command,0.500000,-5.217329502,-1.225285769,-1.934072852,0.006347601,-0.043550432,-1.936068416,ros2_odometer_state
M19C_S1_lab_hard_floor_B3_U050_R3,1243.108792846,5.493797865,command,0.500000,-5.222579002,-1.241850734,-1.936285377,0.008231226,-0.045752078,-1.936475873,ros2_odometer_state
M19C_S1_lab_hard_floor_B3_U050_R3,1243.110839155,5.495844174,command,0.500000,-5.222579002,-1.241850734,-1.936285377,0.009201246,-0.046872355,-1.936566710,ros2_odometer_state
M19C_S1_lab_hard_floor_B3_U050_R3,1243.112945082,5.497950101,command,0.500000,-5.222579002,-1.241850734,-1.936285377,0.010184506,-0.048000883,-1.936578631,ros2_odometer_state
M19C_S1_lab_hard_floor_B3_U050_R3,1243.113872633,5.498877652,command,0.500000,-5.222579002,-1.241850734,-1.936285377,0.010184506,-0.048000883,-1.936578631,ros2_odometer_state
M19C_S1_lab_hard_floor_B3_U050_R3,1243.116364013,5.501369032,command,0.500000,-5.222579002,-1.241850734,-1.936285377,0.011183035,-0.049131766,-1.936569571,ros2_odometer_state
M19C_S1_lab_hard_floor_B3_U050_R3,1243.117894528,5.502899547,command,0.500000,-5.222579002,-1.241850734,-1.936285377,0.012208463,-0.050258730,-1.936553597,ros2_odometer_state
M19C_S1_lab_hard_floor_B3_U050_R3,1243.119790336,5.504795355,command,0.500000,-5.222579002,-1.241850734,-1.936285377,0.013256955,-0.051398393,-1.936501265,ros2_odometer_state
M19C_S1_lab_hard_floor_B3_U050_R3,1243.121752802,5.506757821,command,0.500000,-5.222579002,-1.241850734,-1.936285377,0.014311655,-0.052553926,-1.936384082,ros2_odometer_state
M19C_S1_lab_hard_floor_B3_U050_R3,1243.124605026,5.509610045,command,0.500000,-5.222579002,-1.241850734,-1.936285377,0.016453883,-0.054853778,-1.936007977,ros2_odometer_state
M19C_S1_lab_hard_floor_B3_U050_R3,1243.126538915,5.511543934,command,0.500000,-5.222579002,-1.241850734,-1.936285377,0.017564757,-0.056009203,-1.935818195,ros2_odometer_state
M19C_S1_lab_hard_floor_B3_U050_R3,1243.128600041,5.513605060,command,0.500000,-5.227420330,-1.259101987,-1.935818195,0.018728970,-0.057178803,-1.935655951,ros2_odometer_state
M19C_S1_lab_hard_floor_B3_U050_R3,1243.130587340,5.515592359,command,0.500000,-5.227420330,-1.259101987,-1.935818195,0.019944096,-0.058356680,-1.935478330,ros2_odometer_state
M19C_S1_lab_hard_floor_B3_U050_R3,1243.132566542,5.517571561,command,0.500000,-5.227420330,-1.259101987,-1.935818195,0.021178707,-0.059544999,-1.935226083,ros2_odometer_state
M19C_S1_lab_hard_floor_B3_U050_R3,1243.133710997,5.518716016,command,0.500000,-5.227420330,-1.259101987,-1.935818195,0.021178707,-0.059544999,-1.935226083,ros2_odometer_state
M19C_S1_lab_hard_floor_B3_U050_R3,1243.137143465,5.522148484,command,0.500000,-5.227420330,-1.259101987,-1.935818195,0.023683645,-0.061987653,-1.934600115,ros2_odometer_state
M19C_S1_lab_hard_floor_B3_U050_R3,1243.138621050,5.523626069,command,0.500000,-5.227420330,-1.259101987,-1.935818195,0.024981234,-0.063249454,-1.934277415,ros2_odometer_state
M19C_S1_lab_hard_floor_B3_U050_R3,1243.140981098,5.525986117,command,0.500000,-5.227420330,-1.259101987,-1.935818195,0.026291251,-0.064513370,-1.933884144,ros2_odometer_state
M19C_S1_lab_hard_floor_B3_U050_R3,1243.142682403,5.527687422,command,0.500000,-5.227420330,-1.259101987,-1.935818195,0.027608642,-0.065787055,-1.933429480,ros2_odometer_state
M19C_S1_lab_hard_floor_B3_U050_R3,1243.144787690,5.529792709,command,0.500000,-5.227420330,-1.259101987,-1.935818195,0.028947204,-0.067086414,-1.933005333,ros2_odometer_state
M19C_S1_lab_hard_floor_B3_U050_R3,1243.145910640,5.530915659,command,0.500000,-5.227420330,-1.259101987,-1.935818195,0.028947204,-0.067086414,-1.933005333,ros2_odometer_state
M19C_S1_lab_hard_floor_B3_U050_R3,1243.148893620,5.533898639,command,0.500000,-5.231813431,-1.275327325,-1.932662249,0.031734593,-0.069777764,-1.932333946,ros2_odometer_state
M19C_S1_lab_hard_floor_B3_U050_R3,1243.150602350,5.535607369,command,0.500000,-5.231813431,-1.275327325,-1.932662249,0.033183914,-0.071152113,-1.931956530,ros2_odometer_state
M19C_S1_lab_hard_floor_B3_U050_R3,1243.152634194,5.537639213,command,0.500000,-5.231813431,-1.275327325,-1.932662249,0.034658197,-0.072541520,-1.931529999,ros2_odometer_state
M19C_S1_lab_hard_floor_B3_U050_R3,1243.154571604,5.539576623,command,0.500000,-5.231813431,-1.275327325,-1.932662249,0.036160346,-0.073950201,-1.931091905,ros2_odometer_state
M19C_S1_lab_hard_floor_B3_U050_R3,1243.157100105,5.542105124,command,0.500000,-5.231813431,-1.275327325,-1.932662249,0.037695747,-0.075362816,-1.930640936,ros2_odometer_state
M19C_S1_lab_hard_floor_B3_U050_R3,1243.158614396,5.543619415,command,0.500000,-5.231813431,-1.275327325,-1.932662249,0.039264768,-0.076730803,-1.930145383,ros2_odometer_state
M19C_S1_lab_hard_floor_B3_U050_R3,1243.160663137,5.545668156,command,0.500000,-5.231813431,-1.275327325,-1.932662249,0.040837888,-0.078029200,-1.929588199,ros2_odometer_state
M19C_S1_lab_hard_floor_B3_U050_R3,1243.162642019,5.547647038,command,0.500000,-5.231813431,-1.275327325,-1.932662249,0.042396277,-0.079311565,-1.928969026,ros2_odometer_state
M19C_S1_lab_hard_floor_B3_U050_R3,1243.164880431,5.549885450,command,0.500000,-5.231813431,-1.275327325,-1.932662249,0.043852895,-0.080717742,-1.928179622,ros2_odometer_state
M19C_S1_lab_hard_floor_B3_U050_R3,1243.166699180,5.551704199,command,0.500000,-5.231813431,-1.275327325,-1.932662249,0.045043260,-0.082280755,-1.927237630,ros2_odometer_state
M19C_S1_lab_hard_floor_B3_U050_R3,1243.168697007,5.553702026,command,0.500000,-5.238804340,-1.293813944,-1.927237630,0.046038765,-0.083857179,-1.926450133,ros2_odometer_state
M19C_S1_lab_hard_floor_B3_U050_R3,1243.170598255,5.555603274,command,0.500000,-5.238804340,-1.293813944,-1.927237630,0.046928924,-0.085379139,-1.925887704,ros2_odometer_state
M19C_S1_lab_hard_floor_B3_U050_R3,1243.172609395,5.557614414,command,0.500000,-5.238804340,-1.293813944,-1.927237630,0.047673468,-0.086845934,-1.925553322,ros2_odometer_state
M19C_S1_lab_hard_floor_B3_U050_R3,1243.174528596,5.559533615,command,0.500000,-5.238804340,-1.293813944,-1.927237630,0.048285753,-0.088185601,-1.925422668,ros2_odometer_state
M19C_S1_lab_hard_floor_B3_U050_R3,1243.177256784,5.562261803,command,0.500000,-5.238804340,-1.293813944,-1.927237630,0.048850574,-0.089378580,-1.925288320,ros2_odometer_state
M19C_S1_lab_hard_floor_B3_U050_R3,1243.177866948,5.562871967,command,0.500000,-5.238804340,-1.293813944,-1.927237630,0.048850574,-0.089378580,-1.925288320,ros2_odometer_state
M19C_S1_lab_hard_floor_B3_U050_R3,1243.179890024,5.564895043,command,0.500000,-5.238804340,-1.293813944,-1.927237630,0.049336091,-0.090502739,-1.924924612,ros2_odometer_state
M19C_S1_lab_hard_floor_B3_U050_R3,1243.181882539,5.566887558,command,0.500000,-5.238804340,-1.293813944,-1.927237630,0.049672656,-0.091561712,-1.924519658,ros2_odometer_state
M19C_S1_lab_hard_floor_B3_U050_R3,1243.184696842,5.569701861,command,0.500000,-5.238804340,-1.293813944,-1.927237630,0.049934153,-0.093357094,-1.924249411,ros2_odometer_state
M19C_S1_lab_hard_floor_B3_U050_R3,1243.186711438,5.571716457,command,0.500000,-5.238804340,-1.293813944,-1.927237630,0.049834836,-0.094245113,-1.924096465,ros2_odometer_state
M19C_S1_lab_hard_floor_B3_U050_R3,1243.188754035,5.573759054,command,0.500000,-5.247237682,-1.310541630,-1.924096465,0.049550954,-0.095155202,-1.923709154,ros2_odometer_state
M19C_S1_lab_hard_floor_B3_U050_R3,1243.190670451,5.575675470,command,0.500000,-5.247237682,-1.310541630,-1.924096465,0.049085233,-0.096081942,-1.923209429,ros2_odometer_state
M19C_S1_lab_hard_floor_B3_U050_R3,1243.192788059,5.577793078,command,0.500000,-5.247237682,-1.310541630,-1.924096465,0.048496313,-0.097080551,-1.922763824,ros2_odometer_state
M19C_S1_lab_hard_floor_B3_U050_R3,1243.194804703,5.579809722,command,0.500000,-5.247237682,-1.310541630,-1.924096465,0.047831535,-0.098157115,-1.922362208,ros2_odometer_state
M19C_S1_lab_hard_floor_B3_U050_R3,1243.197356149,5.582361168,command,0.500000,-5.247237682,-1.310541630,-1.924096465,0.047115639,-0.099257194,-1.921943545,ros2_odometer_state
M19C_S1_lab_hard_floor_B3_U050_R3,1243.198050284,5.583055303,command,0.500000,-5.247237682,-1.310541630,-1.924096465,0.047115639,-0.099257194,-1.921943545,ros2_odometer_state
M19C_S1_lab_hard_floor_B3_U050_R3,1243.200841962,5.585846981,command,0.500000,-5.247237682,-1.310541630,-1.924096465,0.045686297,-0.101380236,-1.920729160,ros2_odometer_state
M19C_S1_lab_hard_floor_B3_U050_R3,1243.202781035,5.587786054,command,0.500000,-5.247237682,-1.310541630,-1.924096465,0.045034565,-0.102256253,-1.919847846,ros2_odometer_state
M19C_S1_lab_hard_floor_B3_U050_R3,1243.204175194,5.589180213,command,0.500000,-5.247237682,-1.310541630,-1.924096465,0.045034565,-0.102256253,-1.919847846,ros2_odometer_state
M19C_S1_lab_hard_floor_B3_U050_R3,1243.205993144,5.590998163,command,0.500000,-5.247237682,-1.310541630,-1.924096465,0.044468053,-0.102979682,-1.918999076,ros2_odometer_state
M19C_S1_lab_hard_floor_B3_U050_R3,1243.209581520,5.594586539,command,0.500000,-5.259913445,-1.325186610,-1.918367624,0.043689854,-0.104033589,-1.917894483,ros2_odometer_state
M19C_S1_lab_hard_floor_B3_U050_R3,1243.210310985,5.595316004,command,0.500000,-5.259913445,-1.325186610,-1.918367624,0.043689854,-0.104033589,-1.917894483,ros2_odometer_state
M19C_S1_lab_hard_floor_B3_U050_R3,1243.212883936,5.597888955,command,0.500000,-5.259913445,-1.325186610,-1.918367624,0.043288417,-0.104763195,-1.917113781,ros2_odometer_state
M19C_S1_lab_hard_floor_B3_U050_R3,1243.214831137,5.599836156,command,0.500000,-5.259913445,-1.325186610,-1.918367624,0.043148439,-0.105059348,-1.916858077,ros2_odometer_state
M19C_S1_lab_hard_floor_B3_U050_R3,1243.217645792,5.602650811,command,0.500000,-5.259913445,-1.325186610,-1.918367624,0.043015394,-0.105324365,-1.916685104,ros2_odometer_state
M19C_S1_lab_hard_floor_B3_U050_R3,1243.218140337,5.603145356,command,0.500000,-5.259913445,-1.325186610,-1.918367624,0.043015394,-0.105324365,-1.916685104,ros2_odometer_state
M19C_S1_lab_hard_floor_B3_U050_R3,1243.220059249,5.605064268,command,0.500000,-5.259913445,-1.325186610,-1.918367624,0.042875577,-0.105572246,-1.916478157,ros2_odometer_state
M19C_S1_lab_hard_floor_B3_U050_R3,1243.222853231,5.607858250,command,0.500000,-5.259913445,-1.325186610,-1.918367624,0.042499438,-0.106035024,-1.915758133,ros2_odometer_state
M19C_S1_lab_hard_floor_B3_U050_R3,1243.224872723,5.609877742,command,0.500000,-5.259913445,-1.325186610,-1.918367624,0.042303286,-0.106245086,-1.915379286,ros2_odometer_state
M19C_S1_lab_hard_floor_B3_U050_R3,1243.227197794,5.612202813,command,0.500000,-5.259913445,-1.325186610,-1.918367624,0.042137660,-0.106444947,-1.915092230,ros2_odometer_state
M19C_S1_lab_hard_floor_B3_U050_R3,1243.228170082,5.613175101,command,0.500000,-5.272902012,-1.337742805,-1.915092230,0.042137660,-0.106444947,-1.915092230,ros2_odometer_state
M19C_S1_lab_hard_floor_B3_U050_R3,1243.230834172,5.615839191,command,0.500000,-5.272902012,-1.337742805,-1.915092230,0.041874498,-0.106915675,-1.914765477,ros2_odometer_state
M19C_S1_lab_hard_floor_B3_U050_R3,1243.232873281,5.617878300,command,0.500000,-5.272902012,-1.337742805,-1.915092230,0.041748323,-0.107196994,-1.914677024,ros2_odometer_state
M19C_S1_lab_hard_floor_B3_U050_R3,1243.234827011,5.619832030,command,0.500000,-5.272902012,-1.337742805,-1.915092230,0.041607738,-0.107491635,-1.914642096,ros2_odometer_state
M19C_S1_lab_hard_floor_B3_U050_R3,1243.236648416,5.621653435,command,0.500000,-5.272902012,-1.337742805,-1.915092230,0.041607738,-0.107491635,-1.914642096,ros2_odometer_state
M19C_S1_lab_hard_floor_B3_U050_R3,1243.238870859,5.623875878,command,0.500000,-5.272902012,-1.337742805,-1.915092230,0.041278094,-0.108044803,-1.914706111,ros2_odometer_state
M19C_S1_lab_hard_floor_B3_U050_R3,1243.241170776,5.626175795,command,0.500000,-5.272902012,-1.337742805,-1.915092230,0.041076966,-0.108258858,-1.914705873,ros2_odometer_state
M19C_S1_lab_hard_floor_B3_U050_R3,1243.242187867,5.627192886,command,0.500000,-5.272902012,-1.337742805,-1.915092230,0.041076966,-0.108258858,-1.914705873,ros2_odometer_state
M19C_S1_lab_hard_floor_B3_U050_R3,1243.244067514,5.629072533,command,0.500000,-5.272902012,-1.337742805,-1.915092230,0.040852945,-0.108424082,-1.914637208,ros2_odometer_state
M19C_S1_lab_hard_floor_B3_U050_R3,1243.247168322,5.632173341,command,0.500000,-5.272902012,-1.337742805,-1.915092230,0.040436745,-0.108586349,-1.914419889,ros2_odometer_state
M19C_S1_lab_hard_floor_B3_U050_R3,1243.248902205,5.633907224,command,0.500000,-5.282641888,-1.350573897,-1.914419889,0.040310249,-0.108688511,-1.914440632,ros2_odometer_state
M19C_S1_lab_hard_floor_B3_U050_R3,1243.250748987,5.635754006,command,0.500000,-5.282641888,-1.350573897,-1.914419889,0.040244095,-0.108800054,-1.914545178,ros2_odometer_state
M19C_S1_lab_hard_floor_B3_U050_R3,1243.252763039,5.637768058,command,0.500000,-5.282641888,-1.350573897,-1.914419889,0.040198736,-0.108964637,-1.914691687,ros2_odometer_state
M19C_S1_lab_hard_floor_B3_U050_R3,1243.254747746,5.639752765,command,0.500000,-5.282641888,-1.350573897,-1.914419889,0.040174451,-0.109176673,-1.914862871,ros2_odometer_state
M19C_S1_lab_hard_floor_B3_U050_R3,1243.257357433,5.642362452,command,0.500000,-5.282641888,-1.350573897,-1.914419889,0.040145095,-0.109413974,-1.915007353,ros2_odometer_state
M19C_S1_lab_hard_floor_B3_U050_R3,1243.258839147,5.643844166,command,0.500000,-5.282641888,-1.350573897,-1.914419889,0.040098377,-0.109640673,-1.915078998,ros2_odometer_state
M19C_S1_lab_hard_floor_B3_U050_R3,1243.261036277,5.646041296,command,0.500000,-5.282641888,-1.350573897,-1.914419889,0.040048443,-0.109805599,-1.915068626,ros2_odometer_state
M19C_S1_lab_hard_floor_B3_U050_R3,1243.262897972,5.647902991,command,0.500000,-5.282641888,-1.350573897,-1.914419889,0.040001754,-0.109884955,-1.914974689,ros2_odometer_state
M19C_S1_lab_hard_floor_B3_U050_R3,1243.264896599,5.649901618,command,0.500000,-5.282641888,-1.350573897,-1.914419889,0.039932121,-0.109895281,-1.914852858,ros2_odometer_state
M19C_S1_lab_hard_floor_B3_U050_R3,1243.266866746,5.651871765,command,0.500000,-5.282641888,-1.350573897,-1.914419889,0.039857149,-0.109890133,-1.914764881,ros2_odometer_state
M19C_S1_lab_hard_floor_B3_U050_R3,1243.269215337,5.654220356,command,0.500000,-5.291923046,-1.362542033,-1.914764881,0.039797325,-0.109914504,-1.914711595,ros2_odometer_state
M19C_S1_lab_hard_floor_B3_U050_R3,1243.270803326,5.655808345,command,0.500000,-5.291923046,-1.362542033,-1.914764881,0.039756887,-0.110014722,-1.914675593,ros2_odometer_state
M19C_S1_lab_hard_floor_B3_U050_R3,1243.272804226,5.657809245,command,0.500000,-5.291923046,-1.362542033,-1.914764881,0.039754860,-0.110186629,-1.914703488,ros2_odometer_state
M19C_S1_lab_hard_floor_B3_U050_R3,1243.274831910,5.659836929,command,0.500000,-5.291923046,-1.362542033,-1.914764881,0.039782491,-0.110410459,-1.914844871,ros2_odometer_state
M19C_S1_lab_hard_floor_B3_U050_R3,1243.276762471,5.661767490,command,0.500000,-5.291923046,-1.362542033,-1.914764881,0.039782491,-0.110410459,-1.914844871,ros2_odometer_state
M19C_S1_lab_hard_floor_B3_U050_R3,1243.278203160,5.663208179,command,0.500000,-5.291923046,-1.362542033,-1.914764881,0.039831702,-0.110667318,-1.915061355,ros2_odometer_state
M19C_S1_lab_hard_floor_B3_U050_R3,1243.280989525,5.665994544,command,0.500000,-5.291923046,-1.362542033,-1.914764881,0.039886806,-0.111134194,-1.915390253,ros2_odometer_state
M19C_S1_lab_hard_floor_B3_U050_R3,1243.282203902,5.667208921,command,0.500000,-5.291923046,-1.362542033,-1.914764881,0.039886806,-0.111134194,-1.915390253,ros2_odometer_state
M19C_S1_lab_hard_floor_B3_U050_R3,1243.284892985,5.669898004,command,0.500000,-5.291923046,-1.362542033,-1.914764881,0.039848711,-0.111411653,-1.915496826,ros2_odometer_state
M19C_S1_lab_hard_floor_B3_U050_R3,1243.286967807,5.671972826,command,0.500000,-5.291923046,-1.362542033,-1.914764881,0.039864179,-0.111506596,-1.915634394,ros2_odometer_state
M19C_S1_lab_hard_floor_B3_U050_R3,1243.288208745,5.673213764,command,0.500000,-5.299180508,-1.374063134,-1.915634394,0.039864179,-0.111506596,-1.915634394,ros2_odometer_state
M19C_S1_lab_hard_floor_B3_U050_R3,1243.290920964,5.675925983,command,0.500000,-5.299180508,-1.374063134,-1.915634394,0.040167458,-0.111791231,-1.916219592,ros2_odometer_state
M19C_S1_lab_hard_floor_B3_U050_R3,1243.292852229,5.677857248,command,0.500000,-5.299180508,-1.374063134,-1.915634394,0.040386625,-0.111965589,-1.916455507,ros2_odometer_state
M19C_S1_lab_hard_floor_B3_U050_R3,1243.294869417,5.679874436,command,0.500000,-5.299180508,-1.374063134,-1.915634394,0.040589299,-0.112094462,-1.916659951,ros2_odometer_state
M19C_S1_lab_hard_floor_B3_U050_R3,1243.297379965,5.682384984,command,0.500000,-5.299180508,-1.374063134,-1.915634394,0.040791605,-0.112188987,-1.916865349,ros2_odometer_state
M19C_S1_lab_hard_floor_B3_U050_R3,1243.298887696,5.683892715,command,0.500000,-5.299180508,-1.374063134,-1.915634394,0.040984336,-0.112274580,-1.917082429,ros2_odometer_state
M19C_S1_lab_hard_floor_B3_U050_R3,1243.300901780,5.685906799,command,0.500000,-5.299180508,-1.374063134,-1.915634394,0.041159160,-0.112368211,-1.917360783,ros2_odometer_state
M19C_S1_lab_hard_floor_B3_U050_R3,1243.303000187,5.688005206,command,0.500000,-5.299180508,-1.374063134,-1.915634394,0.041319463,-0.112468220,-1.917697787,ros2_odometer_state
M19C_S1_lab_hard_floor_B3_U050_R3,1243.305300136,5.690305155,command,0.500000,-5.299180508,-1.374063134,-1.915634394,0.041444127,-0.112548806,-1.918046594,ros2_odometer_state
M19C_S1_lab_hard_floor_B3_U050_R3,1243.306993505,5.691998524,command,0.500000,-5.299180508,-1.374063134,-1.915634394,0.041545853,-0.112597525,-1.918370366,ros2_odometer_state
M19C_S1_lab_hard_floor_B3_U050_R3,1243.308888865,5.693893884,command,0.500000,-5.305969238,-1.384773374,-1.918370366,0.041636743,-0.112621665,-1.918663144,ros2_odometer_state
M19C_S1_lab_hard_floor_B3_U050_R3,1243.310936582,5.695941601,command,0.500000,-5.305969238,-1.384773374,-1.918370366,0.041706491,-0.112637706,-1.918964505,ros2_odometer_state
M19C_S1_lab_hard_floor_B3_U050_R3,1243.312363350,5.697368369,command,0.500000,-5.305969238,-1.384773374,-1.918370366,0.041706491,-0.112637706,-1.918964505,ros2_odometer_state
M19C_S1_lab_hard_floor_B3_U050_R3,1243.314718437,5.699723456,command,0.500000,-5.305969238,-1.384773374,-1.918370366,0.041808210,-0.112714946,-1.919664383,ros2_odometer_state
M19C_S1_lab_hard_floor_B3_U050_R3,1243.317469698,5.702474717,command,0.500000,-5.305969238,-1.384773374,-1.918370366,0.041828077,-0.112793542,-1.920066118,ros2_odometer_state
M19C_S1_lab_hard_floor_B3_U050_R3,1243.318113432,5.703118451,command,0.500000,-5.305969238,-1.384773374,-1.918370366,0.041828077,-0.112793542,-1.920066118,ros2_odometer_state
M19C_S1_lab_hard_floor_B3_U050_R3,1243.320351683,5.705356702,command,0.500000,-5.305969238,-1.384773374,-1.918370366,0.041830048,-0.112885721,-1.920471668,ros2_odometer_state
M19C_S1_lab_hard_floor_B3_U050_R3,1243.323279206,5.708284225,command,0.500000,-5.305969238,-1.384773374,-1.918370366,0.041849356,-0.113079846,-1.921178102,ros2_odometer_state
M19C_S1_lab_hard_floor_B3_U050_R3,1243.324839738,5.709844757,command,0.500000,-5.305969238,-1.384773374,-1.918370366,0.041889355,-0.113140658,-1.921514511,ros2_odometer_state
M19C_S1_lab_hard_floor_B3_U050_R3,1243.327060805,5.712065824,command,0.500000,-5.305969238,-1.384773374,-1.918370366,0.041944016,-0.113160208,-1.921881676,ros2_odometer_state
M19C_S1_lab_hard_floor_B3_U050_R3,1243.329004359,5.714009378,command,0.500000,-5.311856270,-1.397098422,-1.921881676,0.041980028,-0.113135509,-1.922302008,ros2_odometer_state
M19C_S1_lab_hard_floor_B3_U050_R3,1243.330917575,5.715922594,command,0.500000,-5.311856270,-1.397098422,-1.921881676,0.041976936,-0.113067009,-1.922763348,ros2_odometer_state
M19C_S1_lab_hard_floor_B3_U050_R3,1243.333178163,5.718183182,command,0.500000,-5.311856270,-1.397098422,-1.921881676,0.041929774,-0.112948149,-1.923256874,ros2_odometer_state
M19C_S1_lab_hard_floor_B3_U050_R3,1243.334140628,5.719145647,command,0.500000,-5.311856270,-1.397098422,-1.921881676,0.041929774,-0.112948149,-1.923256874,ros2_odometer_state
M19C_S1_lab_hard_floor_B3_U050_R3,1243.337480452,5.722485471,command,0.500000,-5.311856270,-1.397098422,-1.921881676,0.041759204,-0.112607084,-1.924245596,ros2_odometer_state
M19C_S1_lab_hard_floor_B3_U050_R3,1243.338954390,5.723959409,command,0.500000,-5.311856270,-1.397098422,-1.921881676,0.041674141,-0.112420954,-1.924655318,ros2_odometer_state
M19C_S1_lab_hard_floor_B3_U050_R3,1243.341147552,5.726152571,command,0.500000,-5.311856270,-1.397098422,-1.921881676,0.041599378,-0.112251952,-1.924990654,ros2_odometer_state
M19C_S1_lab_hard_floor_B3_U050_R3,1243.342289158,5.727294177,command,0.500000,-5.311856270,-1.397098422,-1.921881676,0.041599378,-0.112251952,-1.924990654,ros2_odometer_state
M19C_S1_lab_hard_floor_B3_U050_R3,1243.344870909,5.729875928,command,0.500000,-5.311856270,-1.397098422,-1.921881676,0.041423097,-0.111967824,-1.925557137,ros2_odometer_state
M19C_S1_lab_hard_floor_B3_U050_R3,1243.346159336,5.731164355,command,0.500000,-5.311856270,-1.397098422,-1.921881676,0.041423097,-0.111967824,-1.925557137,ros2_odometer_state
M19C_S1_lab_hard_floor_B3_U050_R3,1243.348253679,5.733258698,command,0.500000,-5.317588329,-1.408819079,-1.925831914,0.041289821,-0.111855097,-1.925831914,ros2_odometer_state
M19C_S1_lab_hard_floor_B3_U050_R3,1243.350892072,5.735897091,command,0.500000,-5.317588329,-1.408819079,-1.925831914,0.040814213,-0.111673087,-1.926373124,ros2_odometer_state
M19C_S1_lab_hard_floor_B3_U050_R3,1243.352831625,5.737836644,command,0.500000,-5.317588329,-1.408819079,-1.925831914,0.040471897,-0.111587957,-1.926636219,ros2_odometer_state
M19C_S1_lab_hard_floor_B3_U050_R3,1243.355071637,5.740076656,command,0.500000,-5.317588329,-1.408819079,-1.925831914,0.040072754,-0.111484632,-1.926890850,ros2_odometer_state
M19C_S1_lab_hard_floor_B3_U050_R3,1243.357557768,5.742562787,command,0.500000,-5.317588329,-1.408819079,-1.925831914,0.039647702,-0.111355290,-1.927127361,ros2_odometer_state
M19C_S1_lab_hard_floor_B3_U050_R3,1243.358928470,5.743933489,command,0.500000,-5.317588329,-1.408819079,-1.925831914,0.039219219,-0.111222908,-1.927310109,ros2_odometer_state
M19C_S1_lab_hard_floor_B3_U050_R3,1243.361023133,5.746028152,command,0.500000,-5.317588329,-1.408819079,-1.925831914,0.038801994,-0.111116804,-1.927419424,ros2_odometer_state
M19C_S1_lab_hard_floor_B3_U050_R3,1243.362875131,5.747880150,command,0.500000,-5.317588329,-1.408819079,-1.925831914,0.038437113,-0.111057855,-1.927462697,ros2_odometer_state
M19C_S1_lab_hard_floor_B3_U050_R3,1243.364852990,5.749858009,command,0.500000,-5.317588329,-1.408819079,-1.925831914,0.038091827,-0.111042082,-1.927471995,ros2_odometer_state
M19C_S1_lab_hard_floor_B3_U050_R3,1243.367018951,5.752023970,command,0.500000,-5.317588329,-1.408819079,-1.925831914,0.037750561,-0.111067936,-1.927430511,ros2_odometer_state
M19C_S1_lab_hard_floor_B3_U050_R3,1243.368268881,5.753273900,command,0.500000,-5.323522091,-1.420996547,-1.927430511,0.037750561,-0.111067936,-1.927430511,ros2_odometer_state
M19C_S1_lab_hard_floor_B3_U050_R3,1243.370162961,5.755167980,command,0.500000,-5.323522091,-1.420996547,-1.927430511,0.037415043,-0.111125238,-1.927338243,ros2_odometer_state
M19C_S1_lab_hard_floor_B3_U050_R3,1243.372220342,5.757225361,command,0.500000,-5.323522091,-1.420996547,-1.927430511,0.037083972,-0.111200348,-1.927225232,ros2_odometer_state
M19C_S1_lab_hard_floor_B3_U050_R3,1243.374312189,5.759317208,command,0.500000,-5.323522091,-1.420996547,-1.927430511,0.036760882,-0.111260936,-1.927108288,ros2_odometer_state
M19C_S1_lab_hard_floor_B3_U050_R3,1243.376998775,5.762003794,command,0.500000,-5.323522091,-1.420996547,-1.927430511,0.036432859,-0.111285396,-1.927008510,ros2_odometer_state
M19C_S1_lab_hard_floor_B3_U050_R3,1243.378599981,5.763605000,command,0.500000,-5.323522091,-1.420996547,-1.927430511,0.036107909,-0.111295223,-1.926906586,ros2_odometer_state
M19C_S1_lab_hard_floor_B3_U050_R3,1243.380570927,5.765575946,command,0.500000,-5.323522091,-1.420996547,-1.927430511,0.035794251,-0.111314043,-1.926777124,ros2_odometer_state
M19C_S1_lab_hard_floor_B3_U050_R3,1243.383466033,5.768471052,command,0.500000,-5.323522091,-1.420996547,-1.927430511,0.035176441,-0.111406088,-1.926408529,ros2_odometer_state
M19C_S1_lab_hard_floor_B3_U050_R3,1243.385140009,5.770145028,command,0.500000,-5.323522091,-1.420996547,-1.927430511,0.034889765,-0.111499280,-1.926192999,ros2_odometer_state
M19C_S1_lab_hard_floor_B3_U050_R3,1243.387104907,5.772109926,command,0.500000,-5.323522091,-1.420996547,-1.927430511,0.034596298,-0.111625284,-1.925970316,ros2_odometer_state
M19C_S1_lab_hard_floor_B3_U050_R3,1243.389084878,5.774089897,command,0.500000,-5.330444813,-1.433326006,-1.925970316,0.034286190,-0.111787133,-1.925710559,ros2_odometer_state
M19C_S1_lab_hard_floor_B3_U050_R3,1243.390238453,5.775243472,command,0.500000,-5.330444813,-1.433326006,-1.925970316,0.034286190,-0.111787133,-1.925710559,ros2_odometer_state
M19C_S1_lab_hard_floor_B3_U050_R3,1243.393274203,5.778279222,command,0.500000,-5.330444813,-1.433326006,-1.925970316,0.033637840,-0.112101868,-1.925073981,ros2_odometer_state
M19C_S1_lab_hard_floor_B3_U050_R3,1243.394961940,5.779966959,command,0.500000,-5.330444813,-1.433326006,-1.925970316,0.033279922,-0.112194672,-1.924752593,ros2_odometer_state
M19C_S1_lab_hard_floor_B3_U050_R3,1243.397642350,5.782647369,command,0.500000,-5.330444813,-1.433326006,-1.925970316,0.032892939,-0.112240076,-1.924395800,ros2_odometer_state
M19C_S1_lab_hard_floor_B3_U050_R3,1243.399095871,5.784100890,command,0.500000,-5.330444813,-1.433326006,-1.925970316,0.032461409,-0.112241551,-1.923973799,ros2_odometer_state
M19C_S1_lab_hard_floor_B3_U050_R3,1243.400286951,5.785291970,command,0.500000,-5.330444813,-1.433326006,-1.925970316,0.032461409,-0.112241551,-1.923973799,ros2_odometer_state
M19C_S1_lab_hard_floor_B3_U050_R3,1243.403011683,5.788016702,command,0.500000,-5.330444813,-1.433326006,-1.925970316,0.031579364,-0.112210050,-1.923083425,ros2_odometer_state
M19C_S1_lab_hard_floor_B3_U050_R3,1243.404392754,5.789397773,command,0.500000,-5.330444813,-1.433326006,-1.925970316,0.031579364,-0.112210050,-1.923083425,ros2_odometer_state
M19C_S1_lab_hard_floor_B3_U050_R3,1243.407155535,5.792160554,command,0.500000,-5.330444813,-1.433326006,-1.925970316,0.030840358,-0.112395473,-1.922199011,ros2_odometer_state
M19C_S1_lab_hard_floor_B3_U050_R3,1243.408593855,5.793598874,command,0.500000,-5.336637974,-1.444830060,-1.922199011,0.030840358,-0.112395473,-1.922199011,ros2_odometer_state
M19C_S1_lab_hard_floor_B3_U050_R3,1243.410249751,5.795254770,command,0.500000,-5.336637974,-1.444830060,-1.922199011,0.030523807,-0.112567894,-1.921788096,ros2_odometer_state
M19C_S1_lab_hard_floor_B3_U050_R3,1243.412518595,5.797523614,command,0.500000,-5.336637974,-1.444830060,-1.922199011,0.030200768,-0.112749673,-1.921335936,ros2_odometer_state
M19C_S1_lab_hard_floor_B3_U050_R3,1243.414440932,5.799445951,command,0.500000,-5.336637974,-1.444830060,-1.922199011,0.029832320,-0.112857118,-1.920868278,ros2_odometer_state
M19C_S1_lab_hard_floor_B3_U050_R3,1243.417716978,5.802721997,command,0.500000,-5.336637974,-1.444830060,-1.922199011,0.028973591,-0.112754501,-1.920065761,ros2_odometer_state
M19C_S1_lab_hard_floor_B3_U050_R3,1243.419091105,5.804096124,command,0.500000,-5.336637974,-1.444830060,-1.922199011,0.028538940,-0.112636618,-1.919650912,ros2_odometer_state
M19C_S1_lab_hard_floor_B3_U050_R3,1243.420300489,5.805305508,command,0.500000,-5.336637974,-1.444830060,-1.922199011,0.028538940,-0.112636618,-1.919650912,ros2_odometer_state
M19C_S1_lab_hard_floor_B3_U050_R3,1243.422285164,5.807290183,command,0.500000,-5.336637974,-1.444830060,-1.922199011,0.028148534,-0.112549514,-1.919234037,ros2_odometer_state
M19C_S1_lab_hard_floor_B3_U050_R3,1243.425361460,5.810366479,command,0.500000,-5.336637974,-1.444830060,-1.922199011,0.027553353,-0.112602629,-1.918400884,ros2_odometer_state
M19C_S1_lab_hard_floor_B3_U050_R3,1243.427154832,5.812159851,command,0.500000,-5.336637974,-1.444830060,-1.922199011,0.027302191,-0.112747766,-1.917967439,ros2_odometer_state
M19C_S1_lab_hard_floor_B3_U050_R3,1243.429097010,5.814102029,command,0.500000,-5.342416286,-1.458302498,-1.917967439,0.027046815,-0.112911887,-1.917560220,ros2_odometer_state
M19C_S1_lab_hard_floor_B3_U050_R3,1243.431066420,5.816071439,command,0.500000,-5.342416286,-1.458302498,-1.917967439,0.026759399,-0.113019265,-1.917175531,ros2_odometer_state
M19C_S1_lab_hard_floor_B3_U050_R3,1243.433073400,5.818078419,command,0.500000,-5.342416286,-1.458302498,-1.917967439,0.026445834,-0.113008343,-1.916821837,ros2_odometer_state
M19C_S1_lab_hard_floor_B3_U050_R3,1243.434291009,5.819296028,command,0.500000,-5.342416286,-1.458302498,-1.917967439,0.026445834,-0.113008343,-1.916821837,ros2_odometer_state
M19C_S1_lab_hard_floor_B3_U050_R3,1243.437721172,5.822726191,command,0.500000,-5.342416286,-1.458302498,-1.917967439,0.025828321,-0.112647645,-1.916298866,ros2_odometer_state
M19C_S1_lab_hard_floor_B3_U050_R3,1243.439101475,5.824106494,command,0.500000,-5.342416286,-1.458302498,-1.917967439,0.025549941,-0.112391807,-1.916112900,ros2_odometer_state
M19C_S1_lab_hard_floor_B3_U050_R3,1243.441386640,5.826391659,command,0.500000,-5.342416286,-1.458302498,-1.917967439,0.025303064,-0.112172239,-1.915961027,ros2_odometer_state
M19C_S1_lab_hard_floor_B3_U050_R3,1243.443049864,5.828054883,command,0.500000,-5.342416286,-1.458302498,-1.917967439,0.025097750,-0.112034902,-1.915799737,ros2_odometer_state
M19C_S1_lab_hard_floor_B3_U050_R3,1243.445008010,5.830013029,command,0.500000,-5.342416286,-1.458302498,-1.917967439,0.024912711,-0.111972645,-1.915620446,ros2_odometer_state
M19C_S1_lab_hard_floor_B3_U050_R3,1243.447372793,5.832377812,command,0.500000,-5.342416286,-1.458302498,-1.917967439,0.024737947,-0.111949913,-1.915461302,ros2_odometer_state
M19C_S1_lab_hard_floor_B3_U050_R3,1243.449505345,5.834510364,command,0.500000,-5.347064018,-1.470998764,-1.915461302,0.024547853,-0.111903995,-1.915327907,ros2_odometer_state
M19C_S1_lab_hard_floor_B3_U050_R3,1243.451377664,5.836382683,command,0.500000,-5.347064018,-1.470998764,-1.915461302,0.024315378,-0.111770920,-1.915215135,ros2_odometer_state
M19C_S1_lab_hard_floor_B3_U050_R3,1243.453228286,5.838233305,command,0.500000,-5.347064018,-1.470998764,-1.915461302,0.024081318,-0.111517608,-1.915164948,ros2_odometer_state
M19C_S1_lab_hard_floor_B3_U050_R3,1243.455062908,5.840067927,command,0.500000,-5.347064018,-1.470998764,-1.915461302,0.023861689,-0.111177146,-1.915168524,ros2_odometer_state
M19C_S1_lab_hard_floor_B3_U050_R3,1243.457680820,5.842685839,command,0.500000,-5.347064018,-1.470998764,-1.915461302,0.023655690,-0.110805035,-1.915213704,ros2_odometer_state
M19C_S1_lab_hard_floor_B3_U050_R3,1243.459057027,5.844062046,command,0.500000,-5.347064018,-1.470998764,-1.915461302,0.023480251,-0.110455394,-1.915311098,ros2_odometer_state
M19C_S1_lab_hard_floor_B3_U050_R3,1243.461082279,5.846087298,command,0.500000,-5.347064018,-1.470998764,-1.915461302,0.023332452,-0.110141061,-1.915442944,ros2_odometer_state
M19C_S1_lab_hard_floor_B3_U050_R3,1243.463037481,5.848042500,command,0.500000,-5.347064018,-1.470998764,-1.915461302,0.023183562,-0.109868333,-1.915587902,ros2_odometer_state
M19C_S1_lab_hard_floor_B3_U050_R3,1243.464331988,5.849337007,command,0.500000,-5.347064018,-1.470998764,-1.915461302,0.023183562,-0.109868333,-1.915587902,ros2_odometer_state
M19C_S1_lab_hard_floor_B3_U050_R3,1243.467158452,5.852163471,command,0.500000,-5.347064018,-1.470998764,-1.915461302,0.022795992,-0.109372571,-1.915839195,ros2_odometer_state
M19C_S1_lab_hard_floor_B3_U050_R3,1243.469211993,5.854217012,command,0.500000,-5.351871490,-1.484374046,-1.915839195,0.022578804,-0.109126396,-1.915992260,ros2_odometer_state
M19C_S1_lab_hard_floor_B3_U050_R3,1243.471039670,5.856044689,command,0.500000,-5.351871490,-1.484374046,-1.915839195,0.022376215,-0.108860187,-1.916185856,ros2_odometer_state
M19C_S1_lab_hard_floor_B3_U050_R3,1243.473788307,5.858793326,command,0.500000,-5.351871490,-1.484374046,-1.915839195,0.022177206,-0.108560652,-1.916414261,ros2_odometer_state
M19C_S1_lab_hard_floor_B3_U050_R3,1243.474339429,5.859344448,command,0.500000,-5.351871490,-1.484374046,-1.915839195,0.022177206,-0.108560652,-1.916414261,ros2_odometer_state
M19C_S1_lab_hard_floor_B3_U050_R3,1243.478042306,5.863047325,command,0.500000,-5.351871490,-1.484374046,-1.915839195,0.021740649,-0.107807152,-1.916988254,ros2_odometer_state
M19C_S1_lab_hard_floor_B3_U050_R3,1243.479227978,5.864232997,command,0.500000,-5.351871490,-1.484374046,-1.915839195,0.021481011,-0.107350409,-1.917294621,ros2_odometer_state
M19C_S1_lab_hard_floor_B3_U050_R3,1243.481109353,5.866114372,command,0.500000,-5.351871490,-1.484374046,-1.915839195,0.021213943,-0.106888838,-1.917611718,ros2_odometer_state
M19C_S1_lab_hard_floor_B3_U050_R3,1243.483654367,5.868659386,command,0.500000,-5.351871490,-1.484374046,-1.915839195,0.020946225,-0.106435142,-1.917927384,ros2_odometer_state
M19C_S1_lab_hard_floor_B3_U050_R3,1243.485915595,5.870920614,command,0.500000,-5.351871490,-1.484374046,-1.915839195,0.020672044,-0.105993815,-1.918222785,ros2_odometer_state
M19C_S1_lab_hard_floor_B3_U050_R3,1243.486470014,5.871475033,command,0.500000,-5.351871490,-1.484374046,-1.915839195,0.020672044,-0.105993815,-1.918222785,ros2_odometer_state
M19C_S1_lab_hard_floor_B3_U050_R3,1243.489420705,5.874425724,command,0.500000,-5.356002808,-1.496095061,-1.918510437,0.020082261,-0.105094761,-1.918811321,ros2_odometer_state
M19C_S1_lab_hard_floor_B3_U050_R3,1243.490411523,5.875416542,command,0.500000,-5.356002808,-1.496095061,-1.918510437,0.020082261,-0.105094761,-1.918811321,ros2_odometer_state
M19C_S1_lab_hard_floor_B3_U050_R3,1243.493081661,5.878086680,command,0.500000,-5.356002808,-1.496095061,-1.918510437,0.019398520,-0.104147203,-1.919417739,ros2_odometer_state
M19C_S1_lab_hard_floor_B3_U050_R3,1243.495271462,5.880276481,command,0.500000,-5.356002808,-1.496095061,-1.918510437,0.019021884,-0.103661261,-1.919725657,ros2_odometer_state
M19C_S1_lab_hard_floor_B3_U050_R3,1243.497823100,5.882828119,command,0.500000,-5.356002808,-1.496095061,-1.918510437,0.018619008,-0.103169315,-1.920044661,ros2_odometer_state
M19C_S1_lab_hard_floor_B3_U050_R3,1243.499170378,5.884175397,command,0.500000,-5.356002808,-1.496095061,-1.918510437,0.018184010,-0.102693804,-1.920363545,ros2_odometer_state
M19C_S1_lab_hard_floor_B3_U050_R3,1243.501162733,5.886167752,command,0.500000,-5.356002808,-1.496095061,-1.918510437,0.017672949,-0.102263130,-1.920643926,ros2_odometer_state
M19C_S1_lab_hard_floor_B3_U050_R3,1243.503123535,5.888128554,command,0.500000,-5.356002808,-1.496095061,-1.918510437,0.017063379,-0.101910070,-1.920806289,ros2_odometer_state
M19C_S1_lab_hard_floor_B3_U050_R3,1243.505423996,5.890429015,command,0.500000,-5.356002808,-1.496095061,-1.918510437,0.016370002,-0.101653688,-1.920802593,ros2_odometer_state
M19C_S1_lab_hard_floor_B3_U050_R3,1243.506521185,5.891526204,command,0.500000,-5.356002808,-1.496095061,-1.918510437,0.016370002,-0.101653688,-1.920802593,ros2_odometer_state
M19C_S1_lab_hard_floor_B3_U050_R3,1243.509706381,5.894711400,command,0.500000,-5.360227108,-1.508227587,-1.920851827,0.015172593,-0.101604395,-1.921397805,ros2_odometer_state
M19C_S1_lab_hard_floor_B3_U050_R3,1243.511305411,5.896310430,command,0.500000,-5.360227108,-1.508227587,-1.920851827,0.015191878,-0.101557948,-1.922265053,ros2_odometer_state
M19C_S1_lab_hard_floor_B3_U050_R3,1243.513270853,5.898275872,command,0.500000,-5.360227108,-1.508227587,-1.920851827,0.015035454,-0.101674922,-1.923004389,ros2_odometer_state
M19C_S1_lab_hard_floor_B3_U050_R3,1243.515458734,5.900463753,command,0.500000,-5.360227108,-1.508227587,-1.920851827,0.014630837,-0.101823725,-1.923595428,ros2_odometer_state
M19C_S1_lab_hard_floor_B3_U050_R3,1243.518315855,5.903320874,command,0.500000,-5.360227108,-1.508227587,-1.920851827,0.014260948,-0.101814248,-1.924194098,ros2_odometer_state
M19C_S1_lab_hard_floor_B3_U050_R3,1243.518888258,5.903893277,command,0.500000,-5.360227108,-1.508227587,-1.920851827,0.014260948,-0.101814248,-1.924194098,ros2_odometer_state
M19C_S1_lab_hard_floor_B3_U050_R3,1243.520592507,5.905597526,command,0.500000,-5.360227108,-1.508227587,-1.920851827,0.014061939,-0.101598099,-1.924981594,ros2_odometer_state
M19C_S1_lab_hard_floor_B3_U050_R3,1243.523296022,5.908301041,command,0.500000,-5.360227108,-1.508227587,-1.920851827,0.014080805,-0.100574829,-1.926651716,ros2_odometer_state
M19C_S1_lab_hard_floor_B3_U050_R3,1243.525265689,5.910270708,command,0.500000,-5.360227108,-1.508227587,-1.920851827,0.014223845,-0.099732853,-1.927322626,ros2_odometer_state
M19C_S1_lab_hard_floor_B3_U050_R3,1243.527237019,5.912242038,command,0.500000,-5.360227108,-1.508227587,-1.920851827,0.014373416,-0.098680824,-1.927994847,ros2_odometer_state
M19C_S1_lab_hard_floor_B3_U050_R3,1243.529623563,5.914628582,command,0.500000,-5.364941597,-1.521781921,-1.927994847,0.014433708,-0.097549848,-1.928793192,ros2_odometer_state
M19C_S1_lab_hard_floor_B3_U050_R3,1243.531350502,5.916355521,command,0.500000,-5.364941597,-1.521781921,-1.927994847,0.014458282,-0.096486367,-1.929670215,ros2_odometer_state
M19C_S1_lab_hard_floor_B3_U050_R3,1243.533268774,5.918273793,command,0.500000,-5.364941597,-1.521781921,-1.927994847,0.014596285,-0.095457159,-1.930502653,ros2_odometer_state
M19C_S1_lab_hard_floor_B3_U050_R3,1243.535269962,5.920274981,command,0.500000,-5.364941597,-1.521781921,-1.927994847,0.014868258,-0.094378136,-1.931372285,ros2_odometer_state
M19C_S1_lab_hard_floor_B3_U050_R3,1243.537798495,5.922803514,command,0.500000,-5.364941597,-1.521781921,-1.927994847,0.015212521,-0.093252413,-1.932362556,ros2_odometer_state
M19C_S1_lab_hard_floor_B3_U050_R3,1243.539299441,5.924304460,command,0.500000,-5.364941597,-1.521781921,-1.927994847,0.015544727,-0.092138782,-1.933391333,ros2_odometer_state
M19C_S1_lab_hard_floor_B3_U050_R3,1243.540864742,5.925869761,command,0.500000,-5.364941597,-1.521781921,-1.927994847,0.015544727,-0.092138782,-1.933391333,ros2_odometer_state
M19C_S1_lab_hard_floor_B3_U050_R3,1243.542788615,5.927793634,command,0.500000,-5.364941597,-1.521781921,-1.927994847,0.015836125,-0.091025703,-1.934413791,ros2_odometer_state
M19C_S1_lab_hard_floor_B3_U050_R3,1243.545477153,5.930482172,command,0.500000,-5.364941597,-1.521781921,-1.927994847,0.016221924,-0.088575080,-1.936368108,ros2_odometer_state
M19C_S1_lab_hard_floor_B3_U050_R3,1243.547536583,5.932541602,command,0.500000,-5.364941597,-1.521781921,-1.927994847,0.016296338,-0.087276764,-1.937209845,ros2_odometer_state
M19C_S1_lab_hard_floor_B3_U050_R3,1243.549427462,5.934432481,command,0.500000,-5.365879536,-1.533223629,-1.937209845,0.016253922,-0.085994124,-1.937989593,ros2_odometer_state
M19C_S1_lab_hard_floor_B3_U050_R3,1243.551244196,5.936249215,command,0.500000,-5.365879536,-1.533223629,-1.937209845,0.016068874,-0.084728338,-1.938694835,ros2_odometer_state
M19C_S1_lab_hard_floor_B3_U050_R3,1243.553265896,5.938270915,command,0.500000,-5.365879536,-1.533223629,-1.937209845,0.015771352,-0.083471328,-1.939262509,ros2_odometer_state
M19C_S1_lab_hard_floor_B3_U050_R3,1243.555213801,5.940218820,command,0.500000,-5.365879536,-1.533223629,-1.937209845,0.015407627,-0.082197949,-1.939730167,ros2_odometer_state
M19C_S1_lab_hard_floor_B3_U050_R3,1243.557191180,5.942196199,command,0.500000,-5.365879536,-1.533223629,-1.937209845,0.015407627,-0.082197949,-1.939730167,ros2_odometer_state
M19C_S1_lab_hard_floor_B3_U050_R3,1243.559414135,5.944419154,command,0.500000,-5.365879536,-1.533223629,-1.937209845,0.014506111,-0.079496615,-1.940647602,ros2_odometer_state
M19C_S1_lab_hard_floor_B3_U050_R3,1243.561322711,5.946327730,command,0.500000,-5.365879536,-1.533223629,-1.937209845,0.013970473,-0.078018352,-1.941111088,ros2_odometer_state
M19C_S1_lab_hard_floor_B3_U050_R3,1243.563206647,5.948211666,command,0.500000,-5.365879536,-1.533223629,-1.937209845,0.013383373,-0.076477014,-1.941512108,ros2_odometer_state
M19C_S1_lab_hard_floor_B3_U050_R3,1243.565190521,5.950195540,command,0.500000,-5.365879536,-1.533223629,-1.937209845,0.012721378,-0.074915066,-1.941826940,ros2_odometer_state
M19C_S1_lab_hard_floor_B3_U050_R3,1243.567323233,5.952328252,command,0.500000,-5.365879536,-1.533223629,-1.937209845,0.012006339,-0.073391661,-1.942096829,ros2_odometer_state
M19C_S1_lab_hard_floor_B3_U050_R3,1243.569367366,5.954372385,command,0.500000,-5.368228912,-1.542481303,-1.942096829,0.011264700,-0.071932629,-1.942384243,ros2_odometer_state
M19C_S1_lab_hard_floor_B3_U050_R3,1243.571288679,5.956293698,command,0.500000,-5.368228912,-1.542481303,-1.942096829,0.010493795,-0.070555791,-1.942680597,ros2_odometer_state
M19C_S1_lab_hard_floor_B3_U050_R3,1243.573181927,5.958186946,command,0.500000,-5.368228912,-1.542481303,-1.942096829,0.009700340,-0.069266282,-1.943002224,ros2_odometer_state
M19C_S1_lab_hard_floor_B3_U050_R3,1243.575640665,5.960645684,command,0.500000,-5.368228912,-1.542481303,-1.942096829,0.008900879,-0.068077713,-1.943389058,ros2_odometer_state
M19C_S1_lab_hard_floor_B3_U050_R3,1243.578147278,5.963152297,command,0.500000,-5.368228912,-1.542481303,-1.942096829,0.008089912,-0.066969998,-1.943845510,ros2_odometer_state
M19C_S1_lab_hard_floor_B3_U050_R3,1243.578846437,5.963851456,command,0.500000,-5.368228912,-1.542481303,-1.942096829,0.008089912,-0.066969998,-1.943845510,ros2_odometer_state
M19C_S1_lab_hard_floor_B3_U050_R3,1243.581757607,5.966762626,command,0.500000,-5.368228912,-1.542481303,-1.942096829,0.006501390,-0.064750813,-1.945073128,ros2_odometer_state
M19C_S1_lab_hard_floor_B3_U050_R3,1243.583494146,5.968499165,command,0.500000,-5.368228912,-1.542481303,-1.942096829,0.005751921,-0.063574366,-1.945843697,ros2_odometer_state
M19C_S1_lab_hard_floor_B3_U050_R3,1243.584555622,5.969560641,command,0.500000,-5.368228912,-1.542481303,-1.942096829,0.005751921,-0.063574366,-1.945843697,ros2_odometer_state
M19C_S1_lab_hard_floor_B3_U050_R3,1243.587704624,5.972709643,command,0.500000,-5.368228912,-1.542481303,-1.942096829,0.004212320,-0.061126374,-1.947329521,ros2_odometer_state
M19C_S1_lab_hard_floor_B3_U050_R3,1243.589406569,5.974411588,command,0.500000,-5.371315002,-1.551063180,-1.947329521,0.003348305,-0.059920546,-1.947862864,ros2_odometer_state
M19C_S1_lab_hard_floor_B3_U050_R3,1243.590566160,5.975571179,command,0.500000,-5.371315002,-1.551063180,-1.947329521,0.003348305,-0.059920546,-1.947862864,ros2_odometer_state
M19C_S1_lab_hard_floor_B3_U050_R3,1243.593252331,5.978257350,command,0.500000,-5.371315002,-1.551063180,-1.947329521,0.001576793,-0.057893798,-1.948840976,ros2_odometer_state
M19C_S1_lab_hard_floor_B3_U050_R3,1243.595251086,5.980256105,command,0.500000,-5.371315002,-1.551063180,-1.947329521,0.000749370,-0.057049520,-1.949403405,ros2_odometer_state
M19C_S1_lab_hard_floor_B3_U050_R3,1243.597894567,5.982899586,command,0.500000,-5.371315002,-1.551063180,-1.947329521,-0.000030102,-0.056275766,-1.950028777,ros2_odometer_state
M19C_S1_lab_hard_floor_B3_U050_R3,1243.599295990,5.984301009,command,0.500000,-5.371315002,-1.551063180,-1.947329521,-0.000786959,-0.055628452,-1.950731397,ros2_odometer_state
M19C_S1_lab_hard_floor_B3_U050_R3,1243.601359388,5.986364407,command,0.500000,-5.371315002,-1.551063180,-1.947329521,-0.001547984,-0.055126414,-1.951521516,ros2_odometer_state
M19C_S1_lab_hard_floor_B3_U050_R3,1243.603276188,5.988281207,command,0.500000,-5.371315002,-1.551063180,-1.947329521,-0.002303647,-0.054720484,-1.952432275,ros2_odometer_state
M19C_S1_lab_hard_floor_B3_U050_R3,1243.604590152,5.989595171,command,0.500000,-5.371315002,-1.551063180,-1.947329521,-0.002303647,-0.054720484,-1.952432275,ros2_odometer_state
M19C_S1_lab_hard_floor_B3_U050_R3,1243.607344965,5.992349984,command,0.500000,-5.371315002,-1.551063180,-1.947329521,-0.003798245,-0.053952109,-1.954451561,ros2_odometer_state
M19C_S1_lab_hard_floor_B3_U050_R3,1243.608883833,5.993888852,command,0.500000,-5.374554634,-1.560053110,-1.954451561,-0.003798245,-0.053952109,-1.954451561,ros2_odometer_state
M19C_S1_lab_hard_floor_B3_U050_R3,1243.611397710,5.996402729,command,0.500000,-5.374554634,-1.560053110,-1.954451561,-0.005362426,-0.053442743,-1.956136107,ros2_odometer_state
M19C_S1_lab_hard_floor_B3_U050_R3,1243.614856322,5.999861341,command,0.500000,-5.374554634,-1.560053110,-1.954451561,-0.006193616,-0.053377993,-1.956728339,ros2_odometer_state
M19C_S1_lab_hard_floor_B3_U050_R3,1243.615740032,6.000745051,command,0.500000,-5.374554634,-1.560053110,-1.954451561,-0.007007313,-0.053370055,-1.957223058,ros2_odometer_state
M19C_S1_lab_hard_floor_B3_U050_R3,1243.618005964,6.003010983,command,0.500000,-5.374554634,-1.560053110,-1.954451561,-0.007763330,-0.053334415,-1.957733631,ros2_odometer_state
M19C_S1_lab_hard_floor_B3_U050_R3,1243.619359482,6.004364501,command,0.500000,-5.374554634,-1.560053110,-1.954451561,-0.008463157,-0.053219359,-1.958379269,ros2_odometer_state
M19C_S1_lab_hard_floor_B3_U050_R3,1243.621457152,6.006462171,command,0.500000,-5.374554634,-1.560053110,-1.954451561,-0.009079707,-0.053017378,-1.959148765,ros2_odometer_state
M19C_S1_lab_hard_floor_B3_U050_R3,1243.623360641,6.008365660,command,0.500000,-5.374554634,-1.560053110,-1.954451561,-0.009541014,-0.052771669,-1.959953308,ros2_odometer_state
M19C_S1_lab_hard_floor_B3_U050_R3,1243.625313538,6.010318557,command,0.500000,-5.374554634,-1.560053110,-1.954451561,-0.009673845,-0.052591324,-1.960791588,ros2_odometer_state
M19C_S1_lab_hard_floor_B3_U050_R3,1243.627408361,6.012413380,command,0.500000,-5.374554634,-1.560053110,-1.954451561,-0.009439754,-0.052528486,-1.961638808,ros2_odometer_state
M19C_S1_lab_hard_floor_B3_U050_R3,1243.631459377,6.016464396,command,0.500000,-5.378513336,-1.571113586,-1.961638808,-0.008903610,-0.052461665,-1.962198019,ros2_odometer_state
M19C_S1_lab_hard_floor_B3_U050_R3,1243.633027366,6.018032385,command,0.500000,-5.378513336,-1.571113586,-1.961638808,-0.008176376,-0.052280832,-1.962302923,ros2_odometer_state
M19C_S1_lab_hard_floor_B3_U050_R3,1243.633470613,6.018475632,command,0.500000,-5.378513336,-1.571113586,-1.961638808,-0.008176376,-0.052280832,-1.962302923,ros2_odometer_state
M19C_S1_lab_hard_floor_B3_U050_R3,1243.635029706,6.020034725,command,0.500000,-5.378513336,-1.571113586,-1.961638808,-0.007382533,-0.052003264,-1.962072134,ros2_odometer_state
M19C_S1_lab_hard_floor_B3_U050_R3,1243.639011824,6.024016843,command,0.500000,-5.378513336,-1.571113586,-1.961638808,-0.005741185,-0.051504582,-1.961213708,ros2_odometer_state
M19C_S1_lab_hard_floor_B3_U050_R3,1243.639439838,6.024444857,command,0.500000,-5.378513336,-1.571113586,-1.961638808,-0.005741185,-0.051504582,-1.961213708,ros2_odometer_state
M19C_S1_lab_hard_floor_B3_U050_R3,1243.641045652,6.026050671,command,0.500000,-5.378513336,-1.571113586,-1.961638808,-0.004824644,-0.051325209,-1.960804820,ros2_odometer_state
M19C_S1_lab_hard_floor_B3_U050_R3,1243.643479558,6.028484577,command,0.500000,-5.378513336,-1.571113586,-1.961638808,-0.003197357,-0.050893441,-1.960115433,ros2_odometer_state
M19C_S1_lab_hard_floor_B3_U050_R3,1243.645834517,6.030839536,command,0.500000,-5.378513336,-1.571113586,-1.961638808,-0.002630129,-0.050565690,-1.959683776,ros2_odometer_state
M19C_S1_lab_hard_floor_B3_U050_R3,1243.648887484,6.033892503,command,0.500000,-5.378513336,-1.571113586,-1.961638808,-0.002157607,-0.050148357,-1.959094644,ros2_odometer_state
M19C_S1_lab_hard_floor_B3_U050_R3,1243.649749881,6.034754900,command,0.500000,-5.379631519,-1.582005620,-1.959094644,-0.001725402,-0.049649276,-1.958402514,ros2_odometer_state
M19C_S1_lab_hard_floor_B3_U050_R3,1243.651434322,6.036439341,command,0.500000,-5.379631519,-1.582005620,-1.959094644,-0.001336919,-0.049091958,-1.957728982,ros2_odometer_state
M19C_S1_lab_hard_floor_B3_U050_R3,1243.653314993,6.038320012,command,0.500000,-5.379631519,-1.582005620,-1.959094644,-0.001096770,-0.048576381,-1.956990719,ros2_odometer_state
M19C_S1_lab_hard_floor_B3_U050_R3,1243.655317301,6.040322320,command,0.500000,-5.379631519,-1.582005620,-1.959094644,-0.001043507,-0.048185539,-1.956047058,ros2_odometer_state
M19C_S1_lab_hard_floor_B3_U050_R3,1243.658065201,6.043070220,command,0.500000,-5.379631519,-1.582005620,-1.959094644,-0.001080776,-0.047817226,-1.955086589,ros2_odometer_state
M19C_S1_lab_hard_floor_B3_U050_R3,1243.659410463,6.044415482,command,0.500000,-5.379631519,-1.582005620,-1.959094644,-0.001145931,-0.047340862,-1.954416156,ros2_odometer_state
M19C_S1_lab_hard_floor_B3_U050_R3,1243.660755884,6.045760903,command,0.500000,-5.379631519,-1.582005620,-1.959094644,-0.001145931,-0.047340862,-1.954416156,ros2_odometer_state
M19C_S1_lab_hard_floor_B3_U050_R3,1243.663503945,6.048508964,command,0.500000,-5.379631519,-1.582005620,-1.959094644,-0.001478486,-0.046066005,-1.953666925,ros2_odometer_state
M19C_S1_lab_hard_floor_B3_U050_R3,1243.665410761,6.050415780,command,0.500000,-5.379631519,-1.582005620,-1.959094644,-0.001872640,-0.045354690,-1.953204989,ros2_odometer_state
M19C_S1_lab_hard_floor_B3_U050_R3,1243.666772183,6.051777202,command,0.500000,-5.379631519,-1.582005620,-1.959094644,-0.001872640,-0.045354690,-1.953204989,ros2_odometer_state
M19C_S1_lab_hard_floor_B3_U050_R3,1243.669582933,6.054587952,command,0.500000,-5.380513191,-1.592984438,-1.952640176,-0.002980854,-0.044057172,-1.952004433,ros2_odometer_state
M19C_S1_lab_hard_floor_B3_U050_R3,1243.671404147,6.056409166,command,0.500000,-5.380513191,-1.592984438,-1.952640176,-0.003543745,-0.043449603,-1.951263905,ros2_odometer_state
M19C_S1_lab_hard_floor_B3_U050_R3,1243.673381685,6.058386704,command,0.500000,-5.380513191,-1.592984438,-1.952640176,-0.004053795,-0.042885482,-1.950412512,ros2_odometer_state
M19C_S1_lab_hard_floor_B3_U050_R3,1243.675426234,6.060431253,command,0.500000,-5.380513191,-1.592984438,-1.952640176,-0.004519789,-0.042324603,-1.949529171,ros2_odometer_state
M19C_S1_lab_hard_floor_B3_U050_R3,1243.678334076,6.063339095,command,0.500000,-5.380513191,-1.592984438,-1.952640176,-0.004948738,-0.041787487,-1.948639989,ros2_odometer_state
M19C_S1_lab_hard_floor_B3_U050_R3,1243.678776875,6.063781894,command,0.500000,-5.380513191,-1.592984438,-1.952640176,-0.004948738,-0.041787487,-1.948639989,ros2_odometer_state
M19C_S1_lab_hard_floor_B3_U050_R3,1243.681696173,6.066701192,command,0.500000,-5.380513191,-1.592984438,-1.952640176,-0.005776098,-0.040802516,-1.946883798,ros2_odometer_state
M19C_S1_lab_hard_floor_B3_U050_R3,1243.683675056,6.068680075,command,0.500000,-5.380513191,-1.592984438,-1.952640176,-0.006194554,-0.040262401,-1.946188807,ros2_odometer_state
M19C_S1_lab_hard_floor_B3_U050_R3,1243.685851449,6.070856468,command,0.500000,-5.380513191,-1.592984438,-1.952640176,-0.006623748,-0.039663300,-1.945678115,ros2_odometer_state
M19C_S1_lab_hard_floor_B3_U050_R3,1243.687554995,6.072560014,command,0.500000,-5.380513191,-1.592984438,-1.952640176,-0.007050934,-0.038996920,-1.945333362,ros2_odometer_state
M19C_S1_lab_hard_floor_B3_U050_R3,1243.688854398,6.073859417,command,0.500000,-5.382897854,-1.602404833,-1.945333362,-0.007050934,-0.038996920,-1.945333362,ros2_odometer_state
M19C_S1_lab_hard_floor_B3_U050_R3,1243.691451542,6.076456561,command,0.500000,-5.382897854,-1.602404833,-1.945333362,-0.007928097,-0.037685245,-1.944732785,ros2_odometer_state
M19C_S1_lab_hard_floor_B3_U050_R3,1243.693441657,6.078446676,command,0.500000,-5.382897854,-1.602404833,-1.945333362,-0.008409685,-0.037087969,-1.944533944,ros2_odometer_state
M19C_S1_lab_hard_floor_B3_U050_R3,1243.695419036,6.080424055,command,0.500000,-5.382897854,-1.602404833,-1.945333362,-0.008940298,-0.036499321,-1.944374442,ros2_odometer_state
M19C_S1_lab_hard_floor_B3_U050_R3,1243.698264763,6.083269782,command,0.500000,-5.382897854,-1.602404833,-1.945333362,-0.009525894,-0.035948440,-1.944156766,ros2_odometer_state
M19C_S1_lab_hard_floor_B3_U050_R3,1243.699541638,6.084546657,command,0.500000,-5.382897854,-1.602404833,-1.945333362,-0.010148700,-0.035447117,-1.943865895,ros2_odometer_state
M19C_S1_lab_hard_floor_B3_U050_R3,1243.701794290,6.086799309,command,0.500000,-5.382897854,-1.602404833,-1.945333362,-0.010775666,-0.034985043,-1.943548083,ros2_odometer_state
M19C_S1_lab_hard_floor_B3_U050_R3,1243.703701330,6.088706349,command,0.500000,-5.382897854,-1.602404833,-1.945333362,-0.011372197,-0.034575310,-1.943306327,ros2_odometer_state
M19C_S1_lab_hard_floor_B3_U050_R3,1243.705967743,6.090972762,command,0.500000,-5.382897854,-1.602404833,-1.945333362,-0.011887754,-0.034186352,-1.943241715,ros2_odometer_state
M19C_S1_lab_hard_floor_B3_U050_R3,1243.707600182,6.092605201,command,0.500000,-5.382897854,-1.602404833,-1.945333362,-0.012306564,-0.033791393,-1.943337679,ros2_odometer_state
M19C_S1_lab_hard_floor_B3_U050_R3,1243.709639834,6.094644853,command,0.500000,-5.389080524,-1.613270283,-1.943337679,-0.012668839,-0.033364289,-1.943509817,ros2_odometer_state
M19C_S1_lab_hard_floor_B3_U050_R3,1243.711753762,6.096758781,command,0.500000,-5.389080524,-1.613270283,-1.943337679,-0.012996917,-0.032901932,-1.943686128,ros2_odometer_state
M19C_S1_lab_hard_floor_B3_U050_R3,1243.713683171,6.098688190,command,0.500000,-5.389080524,-1.613270283,-1.943337679,-0.013310253,-0.032411307,-1.943797350,ros2_odometer_state
M19C_S1_lab_hard_floor_B3_U050_R3,1243.714925324,6.099930343,command,0.500000,-5.389080524,-1.613270283,-1.943337679,-0.013310253,-0.032411307,-1.943797350,ros2_odometer_state
M19C_S1_lab_hard_floor_B3_U050_R3,1243.717497219,6.102502238,command,0.500000,-5.389080524,-1.613270283,-1.943337679,-0.013623819,-0.031910218,-1.943822742,ros2_odometer_state
M19C_S1_lab_hard_floor_B3_U050_R3,1243.719601994,6.104607013,command,0.500000,-5.389080524,-1.613270283,-1.943337679,-0.014216533,-0.030948782,-1.943840027,ros2_odometer_state
M19C_S1_lab_hard_floor_B3_U050_R3,1243.721954105,6.106959124,command,0.500000,-5.389080524,-1.613270283,-1.943337679,-0.014458635,-0.030534431,-1.943958402,ros2_odometer_state
M19C_S1_lab_hard_floor_B3_U050_R3,1243.722860024,6.107865043,command,0.500000,-5.389080524,-1.613270283,-1.943337679,-0.014458635,-0.030534431,-1.943958402,ros2_odometer_state
M19C_S1_lab_hard_floor_B3_U050_R3,1243.725606932,6.110611951,command,0.500000,-5.389080524,-1.613270283,-1.943337679,-0.014924009,-0.029929368,-1.944392204,ros2_odometer_state
M19C_S1_lab_hard_floor_B3_U050_R3,1243.727643513,6.112648532,command,0.500000,-5.389080524,-1.613270283,-1.943337679,-0.015131875,-0.029697541,-1.944663048,ros2_odometer_state
M19C_S1_lab_hard_floor_B3_U050_R3,1243.728905347,6.113910366,command,0.500000,-5.394283295,-1.623144388,-1.944663048,-0.015131875,-0.029697541,-1.944663048,ros2_odometer_state
M19C_S1_lab_hard_floor_B3_U050_R3,1243.731569053,6.116574072,command,0.500000,-5.394283295,-1.623144388,-1.944663048,-0.015534396,-0.029302243,-1.945218325,ros2_odometer_state
M19C_S1_lab_hard_floor_B3_U050_R3,1243.733542976,6.118547995,command,0.500000,-5.394283295,-1.623144388,-1.944663048,-0.015744243,-0.029111415,-1.945452332,ros2_odometer_state
M19C_S1_lab_hard_floor_B3_U050_R3,1243.736089557,6.121094576,command,0.500000,-5.394283295,-1.623144388,-1.944663048,-0.015938377,-0.028893402,-1.945619345,ros2_odometer_state
M19C_S1_lab_hard_floor_B3_U050_R3,1243.737513925,6.122518944,command,0.500000,-5.394283295,-1.623144388,-1.944663048,-0.015938377,-0.028893402,-1.945619345,ros2_odometer_state
M19C_S1_lab_hard_floor_B3_U050_R3,1243.739650861,6.124655880,command,0.500000,-5.394283295,-1.623144388,-1.944663048,-0.016260119,-0.028367808,-1.945859075,ros2_odometer_state
M19C_S1_lab_hard_floor_B3_U050_R3,1243.741250403,6.126255422,command,0.500000,-5.394283295,-1.623144388,-1.944663048,-0.016260119,-0.028367808,-1.945859075,ros2_odometer_state
M19C_S1_lab_hard_floor_B3_U050_R3,1243.742922427,6.127927446,command,0.500000,-5.394283295,-1.623144388,-1.944663048,-0.016396418,-0.028128283,-1.946007371,ros2_odometer_state
M19C_S1_lab_hard_floor_B3_U050_R3,1243.745620630,6.130625649,command,0.500000,-5.394283295,-1.623144388,-1.944663048,-0.016572867,-0.027872551,-1.946420670,ros2_odometer_state
M19C_S1_lab_hard_floor_B3_U050_R3,1243.747718973,6.132723992,command,0.500000,-5.394283295,-1.623144388,-1.944663048,-0.016596504,-0.027822839,-1.946533203,ros2_odometer_state
M19C_S1_lab_hard_floor_B3_U050_R3,1243.749778306,6.134783325,command,0.500000,-5.397891998,-1.633435845,-1.946533203,-0.016606400,-0.027765948,-1.946506977,ros2_odometer_state
M19C_S1_lab_hard_floor_B3_U050_R3,1243.751605856,6.136610875,command,0.500000,-5.397891998,-1.633435845,-1.946533203,-0.016601643,-0.027702292,-1.946434259,ros2_odometer_state
M19C_S1_lab_hard_floor_B3_U050_R3,1243.753634980,6.138639999,command,0.500000,-5.397891998,-1.633435845,-1.946533203,-0.016598551,-0.027665094,-1.946438909,ros2_odometer_state
M19C_S1_lab_hard_floor_B3_U050_R3,1243.755566149,6.140571168,command,0.500000,-5.397891998,-1.633435845,-1.946533203,-0.016612420,-0.027659616,-1.946500659,ros2_odometer_state
M19C_S1_lab_hard_floor_B3_U050_R3,1243.758393605,6.143398624,command,0.500000,-5.397891998,-1.633435845,-1.946533203,-0.016631054,-0.027644254,-1.946489096,ros2_odometer_state
M19C_S1_lab_hard_floor_B3_U050_R3,1243.759167103,6.144172122,command,0.500000,-5.397891998,-1.633435845,-1.946533203,-0.016631054,-0.027644254,-1.946489096,ros2_odometer_state
M19C_S1_lab_hard_floor_B3_U050_R3,1243.761908123,6.146913142,command,0.500000,-5.397891998,-1.633435845,-1.946533203,-0.016681196,-0.027422844,-1.946116567,ros2_odometer_state
M19C_S1_lab_hard_floor_B3_U050_R3,1243.763661398,6.148666417,command,0.500000,-5.397891998,-1.633435845,-1.946533203,-0.016687553,-0.027196852,-1.945849419,ros2_odometer_state
M19C_S1_lab_hard_floor_B3_U050_R3,1243.765790270,6.150795289,command,0.500000,-5.397891998,-1.633435845,-1.946533203,-0.016654953,-0.026948698,-1.945629478,ros2_odometer_state
M19C_S1_lab_hard_floor_B3_U050_R3,1243.767801665,6.152806684,command,0.500000,-5.397891998,-1.633435845,-1.946533203,-0.016592428,-0.026798941,-1.945508003,ros2_odometer_state
M19C_S1_lab_hard_floor_B3_U050_R3,1243.768979305,6.153984324,command,0.500000,-5.401287079,-1.642782807,-1.945508003,-0.016592428,-0.026798941,-1.945508003,ros2_odometer_state
M19C_S1_lab_hard_floor_B3_U050_R3,1243.770946507,6.155951526,command,0.500000,-5.401287079,-1.642782807,-1.945508003,-0.016492309,-0.026800361,-1.945408821,ros2_odometer_state
M19C_S1_lab_hard_floor_B3_U050_R3,1243.773671687,6.158676706,command,0.500000,-5.401287079,-1.642782807,-1.945508003,-0.016229948,-0.027042769,-1.944606423,ros2_odometer_state
M19C_S1_lab_hard_floor_B3_U050_R3,1243.775635273,6.160640292,command,0.500000,-5.401287079,-1.642782807,-1.945508003,-0.016035143,-0.027188638,-1.944006085,ros2_odometer_state
M19C_S1_lab_hard_floor_B3_U050_R3,1243.778315203,6.163320222,command,0.500000,-5.401287079,-1.642782807,-1.945508003,-0.015765209,-0.027320173,-1.943413854,ros2_odometer_state
M19C_S1_lab_hard_floor_B3_U050_R3,1243.779702226,6.164707245,command,0.500000,-5.401287079,-1.642782807,-1.945508003,-0.015453746,-0.027423762,-1.942805767,ros2_odometer_state
M19C_S1_lab_hard_floor_B3_U050_R3,1243.782007392,6.167012411,command,0.500000,-5.401287079,-1.642782807,-1.945508003,-0.015118180,-0.027524730,-1.942157865,ros2_odometer_state
M19C_S1_lab_hard_floor_B3_U050_R3,1243.784445426,6.169450445,command,0.500000,-5.401287079,-1.642782807,-1.945508003,-0.014746751,-0.027667448,-1.941478014,ros2_odometer_state
M19C_S1_lab_hard_floor_B3_U050_R3,1243.784906881,6.169911900,command,0.500000,-5.401287079,-1.642782807,-1.945508003,-0.014746751,-0.027667448,-1.941478014,ros2_odometer_state
M19C_S1_lab_hard_floor_B3_U050_R3,1243.788589150,6.173594169,command,0.500000,-5.401287079,-1.642782807,-1.945508003,-0.013843088,-0.028104190,-1.940290809,ros2_odometer_state
M19C_S1_lab_hard_floor_B3_U050_R3,1243.790407515,6.175412534,command,0.500000,-5.405550957,-1.654101133,-1.940290809,-0.013317618,-0.028318180,-1.939824820,ros2_odometer_state
M19C_S1_lab_hard_floor_B3_U050_R3,1243.791019631,6.176024650,command,0.500000,-5.405550957,-1.654101133,-1.940290809,-0.013317618,-0.028318180,-1.939824820,ros2_odometer_state
M19C_S1_lab_hard_floor_B3_U050_R3,1243.793693129,6.178698148,command,0.500000,-5.405550957,-1.654101133,-1.940290809,-0.012240089,-0.028806183,-1.938919306,ros2_odometer_state
M19C_S1_lab_hard_floor_B3_U050_R3,1243.795658956,6.180663975,command,0.500000,-5.405550957,-1.654101133,-1.940290809,-0.011686672,-0.029069453,-1.938426733,ros2_odometer_state
M19C_S1_lab_hard_floor_B3_U050_R3,1243.797563116,6.182568135,command,0.500000,-5.405550957,-1.654101133,-1.940290809,-0.011686672,-0.029069453,-1.938426733,ros2_odometer_state
M19C_S1_lab_hard_floor_B3_U050_R3,1243.799031549,6.184036568,command,0.500000,-5.405550957,-1.654101133,-1.940290809,-0.011142494,-0.029324485,-1.937853217,ros2_odometer_state
M19C_S1_lab_hard_floor_B3_U050_R3,1243.801784858,6.186789877,command,0.500000,-5.405550957,-1.654101133,-1.940290809,-0.010038124,-0.029987641,-1.936800003,ros2_odometer_state
M19C_S1_lab_hard_floor_B3_U050_R3,1243.804066503,6.189071522,command,0.500000,-5.405550957,-1.654101133,-1.940290809,-0.009492887,-0.030435836,-1.936513305,ros2_odometer_state
M19C_S1_lab_hard_floor_B3_U050_R3,1243.806000552,6.191005571,command,0.500000,-5.405550957,-1.654101133,-1.940290809,-0.008915100,-0.030948102,-1.936372280,ros2_odometer_state
M19C_S1_lab_hard_floor_B3_U050_R3,1243.808023468,6.193028487,command,0.500000,-5.405550957,-1.654101133,-1.940290809,-0.008294282,-0.031500772,-1.936296821,ros2_odometer_state
M19C_S1_lab_hard_floor_B3_U050_R3,1243.809137266,6.194142285,command,0.500000,-5.410388947,-1.666669846,-1.936296821,-0.008294282,-0.031500772,-1.936296821,ros2_odometer_state
M19C_S1_lab_hard_floor_B3_U050_R3,1243.811741257,6.196746276,command,0.500000,-5.410388947,-1.666669846,-1.936296821,-0.006975500,-0.032610014,-1.936226130,ros2_odometer_state
M19C_S1_lab_hard_floor_B3_U050_R3,1243.814016246,6.199021265,command,0.500000,-5.410388947,-1.666669846,-1.936296821,-0.006246912,-0.033125304,-1.936215997,ros2_odometer_state
M19C_S1_lab_hard_floor_B3_U050_R3,1243.815832819,6.200837838,command,0.500000,-5.410388947,-1.666669846,-1.936296821,-0.005489412,-0.033611979,-1.936209440,ros2_odometer_state
M19C_S1_lab_hard_floor_B3_U050_R3,1243.819907196,6.204912215,command,0.500000,-5.410388947,-1.666669846,-1.936296821,-0.004711336,-0.034077484,-1.936176777,ros2_odometer_state
M19C_S1_lab_hard_floor_B3_U050_R3,1243.820809979,6.205814998,command,0.500000,-5.410388947,-1.666669846,-1.936296821,-0.003928442,-0.034555689,-1.936111450,ros2_odometer_state
M19C_S1_lab_hard_floor_B3_U050_R3,1243.821231881,6.206236900,command,0.500000,-5.410388947,-1.666669846,-1.936296821,-0.003928442,-0.034555689,-1.936111450,ros2_odometer_state
M19C_S1_lab_hard_floor_B3_U050_R3,1243.823779295,6.208784314,command,0.500000,-5.410388947,-1.666669846,-1.936296821,-0.002433607,-0.035649139,-1.936131239,ros2_odometer_state
M19C_S1_lab_hard_floor_B3_U050_R3,1243.825835844,6.210840863,command,0.500000,-5.410388947,-1.666669846,-1.936296821,-0.001699339,-0.036277886,-1.936263084,ros2_odometer_state
M19C_S1_lab_hard_floor_B3_U050_R3,1243.827866312,6.212871331,command,0.500000,-5.410388947,-1.666669846,-1.936296821,-0.000937500,-0.036962207,-1.936428905,ros2_odometer_state
M19C_S1_lab_hard_floor_B3_U050_R3,1243.829958575,6.214963594,command,0.500000,-5.414243221,-1.682275176,-1.936428905,-0.000152510,-0.037687492,-1.936600447,ros2_odometer_state
M19C_S1_lab_hard_floor_B3_U050_R3,1243.831838286,6.216843305,command,0.500000,-5.414243221,-1.682275176,-1.936428905,0.000648525,-0.038435690,-1.936797142,ros2_odometer_state
M19C_S1_lab_hard_floor_B3_U050_R3,1243.833744718,6.218749737,command,0.500000,-5.414243221,-1.682275176,-1.936428905,0.001461397,-0.039213859,-1.937009931,ros2_odometer_state
M19C_S1_lab_hard_floor_B3_U050_R3,1243.835740754,6.220745773,command,0.500000,-5.414243221,-1.682275176,-1.936428905,0.002268885,-0.040020153,-1.937223196,ros2_odometer_state
M19C_S1_lab_hard_floor_B3_U050_R3,1243.838476974,6.223481993,command,0.500000,-5.414243221,-1.682275176,-1.936428905,0.003077712,-0.040841326,-1.937428951,ros2_odometer_state
M19C_S1_lab_hard_floor_B3_U050_R3,1243.841634264,6.226639283,command,0.500000,-5.414243221,-1.682275176,-1.936428905,0.003893235,-0.041675895,-1.937621713,ros2_odometer_state
M19C_S1_lab_hard_floor_B3_U050_R3,1243.842550839,6.227555858,command,0.500000,-5.414243221,-1.682275176,-1.936428905,0.004703147,-0.042510230,-1.937791586,ros2_odometer_state
M19C_S1_lab_hard_floor_B3_U050_R3,1243.843079017,6.228084036,command,0.500000,-5.414243221,-1.682275176,-1.936428905,0.004703147,-0.042510230,-1.937791586,ros2_odometer_state
M19C_S1_lab_hard_floor_B3_U050_R3,1243.845084844,6.230089863,command,0.500000,-5.414243221,-1.682275176,-1.936428905,0.005531945,-0.043345980,-1.937957287,ros2_odometer_state
M19C_S1_lab_hard_floor_B3_U050_R3,1243.848284920,6.233289939,command,0.500000,-5.414243221,-1.682275176,-1.936428905,0.007288090,-0.045088287,-1.938307881,ros2_odometer_state
M19C_S1_lab_hard_floor_B3_U050_R3,1243.849976273,6.234981292,command,0.500000,-5.416973591,-1.698794365,-1.938307881,0.008216902,-0.046009872,-1.938469768,ros2_odometer_state
M19C_S1_lab_hard_floor_B3_U050_R3,1243.851085590,6.236090609,command,0.500000,-5.416973591,-1.698794365,-1.938307881,0.008216902,-0.046009872,-1.938469768,ros2_odometer_state
M19C_S1_lab_hard_floor_B3_U050_R3,1243.853355747,6.238360766,command,0.500000,-5.416973591,-1.698794365,-1.938307881,0.009162049,-0.046952490,-1.938583970,ros2_odometer_state
M19C_S1_lab_hard_floor_B3_U050_R3,1243.855910137,6.240915156,command,0.500000,-5.416973591,-1.698794365,-1.938307881,0.011088494,-0.048920035,-1.938656926,ros2_odometer_state
M19C_S1_lab_hard_floor_B3_U050_R3,1243.857756151,6.242761170,command,0.500000,-5.416973591,-1.698794365,-1.938307881,0.011088494,-0.048920035,-1.938656926,ros2_odometer_state
M19C_S1_lab_hard_floor_B3_U050_R3,1243.860115527,6.245120546,command,0.500000,-5.416973591,-1.698794365,-1.938307881,0.012085848,-0.049925886,-1.938653469,ros2_odometer_state
M19C_S1_lab_hard_floor_B3_U050_R3,1243.861588152,6.246593171,command,0.500000,-5.416973591,-1.698794365,-1.938307881,0.013111296,-0.050942961,-1.938622594,ros2_odometer_state
M19C_S1_lab_hard_floor_B3_U050_R3,1243.864925257,6.249930276,command,0.500000,-5.416973591,-1.698794365,-1.938307881,0.015195816,-0.052977484,-1.938368082,ros2_odometer_state
M19C_S1_lab_hard_floor_B3_U050_R3,1243.865338902,6.250343921,command,0.500000,-5.416973591,-1.698794365,-1.938307881,0.015195816,-0.052977484,-1.938368082,ros2_odometer_state
M19C_S1_lab_hard_floor_B3_U050_R3,1243.867996176,6.253001195,command,0.500000,-5.416973591,-1.698794365,-1.938307881,0.017298110,-0.055042114,-1.937959075,ros2_odometer_state
M19C_S1_lab_hard_floor_B3_U050_R3,1243.869173624,6.254178643,command,0.500000,-5.421304703,-1.713934183,-1.937959075,0.017298110,-0.055042114,-1.937959075,ros2_odometer_state
M19C_S1_lab_hard_floor_B3_U050_R3,1243.872089498,6.257094517,command,0.500000,-5.421304703,-1.713934183,-1.937959075,0.019496603,-0.057276927,-1.937566638,ros2_odometer_state
M19C_S1_lab_hard_floor_B3_U050_R3,1243.873150110,6.258155129,command,0.500000,-5.421304703,-1.713934183,-1.937959075,0.019496603,-0.057276927,-1.937566638,ros2_odometer_state
M19C_S1_lab_hard_floor_B3_U050_R3,1243.876785720,6.261790739,command,0.500000,-5.421304703,-1.713934183,-1.937959075,0.021780197,-0.059682667,-1.937014103,ros2_odometer_state
M19C_S1_lab_hard_floor_B3_U050_R3,1243.877783930,6.262788949,command,0.500000,-5.421304703,-1.713934183,-1.937959075,0.021780197,-0.059682667,-1.937014103,ros2_odometer_state
M19C_S1_lab_hard_floor_B3_U050_R3,1243.879598775,6.264603794,command,0.500000,-5.421304703,-1.713934183,-1.937959075,0.022966480,-0.060929600,-1.936696529,ros2_odometer_state
M19C_S1_lab_hard_floor_B3_U050_R3,1243.881242158,6.266247177,command,0.500000,-5.421304703,-1.713934183,-1.937959075,0.024169348,-0.062192380,-1.936331987,ros2_odometer_state
M19C_S1_lab_hard_floor_B3_U050_R3,1243.884725027,6.269730046,command,0.500000,-5.421304703,-1.713934183,-1.937959075,0.026628809,-0.064718738,-1.935360551,ros2_odometer_state
M19C_S1_lab_hard_floor_B3_U050_R3,1243.885201299,6.270206318,command,0.500000,-5.421304703,-1.713934183,-1.937959075,0.026628809,-0.064718738,-1.935360551,ros2_odometer_state
M19C_S1_lab_hard_floor_B3_U050_R3,1243.891892885,6.276897904,command,0.500000,-5.421304703,-1.713934183,-1.937959075,0.027872583,-0.065975726,-1.934845686,ros2_odometer_state
M19C_S1_lab_hard_floor_B3_U050_R3,1243.893252227,6.278257246,command,0.500000,-5.424327374,-1.731558561,-1.934389472,0.029134361,-0.067250997,-1.934389472,ros2_odometer_state
M19C_S1_lab_hard_floor_B3_U050_R3,1243.894229539,6.279234558,command,0.500000,-5.424327374,-1.731558561,-1.934389472,0.030436600,-0.068535767,-1.933962703,ros2_odometer_state
M19C_S1_lab_hard_floor_B3_U050_R3,1243.895171939,6.280176958,command,0.500000,-5.424327374,-1.731558561,-1.934389472,0.031772025,-0.069808893,-1.933470368,ros2_odometer_state
M19C_S1_lab_hard_floor_B3_U050_R3,1243.896040352,6.281045371,command,0.500000,-5.424327374,-1.731558561,-1.934389472,0.033139288,-0.071071088,-1.932925701,ros2_odometer_state
M19C_S1_lab_hard_floor_B3_U050_R3,1243.897794428,6.282799447,command,0.500000,-5.424327374,-1.731558561,-1.934389472,0.034535121,-0.072331183,-1.932391524,ros2_odometer_state
M19C_S1_lab_hard_floor_B3_U050_R3,1243.899675163,6.284680182,command,0.500000,-5.424327374,-1.731558561,-1.934389472,0.035937279,-0.073609121,-1.931890607,ros2_odometer_state
M19C_S1_lab_hard_floor_B3_U050_R3,1243.901246256,6.286251275,command,0.500000,-5.424327374,-1.731558561,-1.934389472,0.037344009,-0.074924104,-1.931373596,ros2_odometer_state
M19C_S1_lab_hard_floor_B3_U050_R3,1243.903969644,6.288974663,command,0.500000,-5.424327374,-1.731558561,-1.934389472,0.039856981,-0.077858947,-1.929744124,ros2_odometer_state
M19C_S1_lab_hard_floor_B3_U050_R3,1243.905944206,6.290949225,command,0.500000,-5.424327374,-1.731558561,-1.934389472,0.040717296,-0.079457931,-1.928784490,ros2_odometer_state
M19C_S1_lab_hard_floor_B3_U050_R3,1243.908121367,6.293126386,command,0.500000,-5.424327374,-1.731558561,-1.934389472,0.041443143,-0.080969833,-1.928165555,ros2_odometer_state
M19C_S1_lab_hard_floor_B3_U050_R3,1243.909398018,6.294403037,command,0.500000,-5.431034088,-1.751096845,-1.928165555,0.041443143,-0.080969833,-1.928165555,ros2_odometer_state
M19C_S1_lab_hard_floor_B3_U050_R3,1243.911221120,6.296226139,command,0.500000,-5.431034088,-1.751096845,-1.928165555,0.042038098,-0.082350686,-1.927916050,ros2_odometer_state
M19C_S1_lab_hard_floor_B3_U050_R3,1243.913203747,6.298208766,command,0.500000,-5.431034088,-1.751096845,-1.928165555,0.042533744,-0.083528109,-1.927856565,ros2_odometer_state
M19C_S1_lab_hard_floor_B3_U050_R3,1243.915215622,6.300220641,command,0.500000,-5.431034088,-1.751096845,-1.928165555,0.043030102,-0.084600858,-1.927675843,ros2_odometer_state
M19C_S1_lab_hard_floor_B3_U050_R3,1243.917822782,6.302827801,command,0.500000,-5.431034088,-1.751096845,-1.928165555,0.043460328,-0.085663892,-1.927315712,ros2_odometer_state
M19C_S1_lab_hard_floor_B3_U050_R3,1243.919295536,6.304300555,command,0.500000,-5.431034088,-1.751096845,-1.928165555,0.043725062,-0.086653426,-1.927002192,ros2_odometer_state
M19C_S1_lab_hard_floor_B3_U050_R3,1243.921296179,6.306301198,command,0.500000,-5.431034088,-1.751096845,-1.928165555,0.043817349,-0.087554842,-1.926874161,ros2_odometer_state
M19C_S1_lab_hard_floor_B3_U050_R3,1243.924325465,6.309330484,command,0.500000,-5.431034088,-1.751096845,-1.928165555,0.043550357,-0.089367867,-1.926776290,ros2_odometer_state
M19C_S1_lab_hard_floor_B3_U050_R3,1243.925955504,6.310960523,command,0.500000,-5.431034088,-1.751096845,-1.928165555,0.043212455,-0.090380304,-1.926619530,ros2_odometer_state
M19C_S1_lab_hard_floor_B3_U050_R3,1243.928111513,6.313116532,command,0.500000,-5.431034088,-1.751096845,-1.928165555,0.042711638,-0.091421872,-1.926331401,ros2_odometer_state
M19C_S1_lab_hard_floor_B3_U050_R3,1243.929440197,6.314445216,command,0.500000,-5.438642979,-1.768308163,-1.926331401,0.042711638,-0.091421872,-1.926331401,ros2_odometer_state
M19C_S1_lab_hard_floor_B3_U050_R3,1243.932219363,6.317224382,command,0.500000,-5.438642979,-1.768308163,-1.926331401,0.041280285,-0.093324311,-1.925184250,ros2_odometer_state
M19C_S1_lab_hard_floor_B3_U050_R3,1243.933943069,6.318948088,command,0.500000,-5.438642979,-1.768308163,-1.926331401,0.040495433,-0.094205439,-1.924540877,ros2_odometer_state
M19C_S1_lab_hard_floor_B3_U050_R3,1243.938133834,6.323138853,command,0.500000,-5.438642979,-1.768308163,-1.926331401,0.039765086,-0.095106162,-1.923952222,ros2_odometer_state
M19C_S1_lab_hard_floor_B3_U050_R3,1243.938527479,6.323532498,command,0.500000,-5.438642979,-1.768308163,-1.926331401,0.039765086,-0.095106162,-1.923952222,ros2_odometer_state
M19C_S1_lab_hard_floor_B3_U050_R3,1243.939515257,6.324520276,command,0.500000,-5.438642979,-1.768308163,-1.926331401,0.039125253,-0.096031681,-1.923362494,ros2_odometer_state
M19C_S1_lab_hard_floor_B3_U050_R3,1243.942544895,6.327549914,command,0.500000,-5.438642979,-1.768308163,-1.926331401,0.038074117,-0.097838223,-1.922178745,ros2_odometer_state
M19C_S1_lab_hard_floor_B3_U050_R3,1243.944484384,6.329489403,command,0.500000,-5.438642979,-1.768308163,-1.926331401,0.037680328,-0.098609395,-1.921646953,ros2_odometer_state
M19C_S1_lab_hard_floor_B3_U050_R3,1243.945321852,6.330326871,command,0.500000,-5.438642979,-1.768308163,-1.926331401,0.037680328,-0.098609395,-1.921646953,ros2_odometer_state
M19C_S1_lab_hard_floor_B3_U050_R3,1243.948254847,6.333259866,command,0.500000,-5.438642979,-1.768308163,-1.926331401,0.036980662,-0.099603452,-1.920319319,ros2_odometer_state
M19C_S1_lab_hard_floor_B3_U050_R3,1243.949377893,6.334382912,command,0.500000,-5.451406479,-1.783192158,-1.920319319,0.036980662,-0.099603452,-1.920319319,ros2_odometer_state
M19C_S1_lab_hard_floor_B3_U050_R3,1243.951295813,6.336300832,command,0.500000,-5.451406479,-1.783192158,-1.920319319,0.036588121,-0.099841565,-1.919529557,ros2_odometer_state
M19C_S1_lab_hard_floor_B3_U050_R3,1243.954131717,6.339136736,command,0.500000,-5.451406479,-1.783192158,-1.920319319,0.036243122,-0.100025699,-1.918901086,ros2_odometer_state
M19C_S1_lab_hard_floor_B3_U050_R3,1243.955351598,6.340356617,command,0.500000,-5.451406479,-1.783192158,-1.920319319,0.035985511,-0.100248128,-1.918446422,ros2_odometer_state
M19C_S1_lab_hard_floor_B3_U050_R3,1243.958044553,6.343049572,command,0.500000,-5.451406479,-1.783192158,-1.920319319,0.035812441,-0.100513183,-1.918085575,ros2_odometer_state
M19C_S1_lab_hard_floor_B3_U050_R3,1243.960220370,6.345225389,command,0.500000,-5.451406479,-1.783192158,-1.920319319,0.035650488,-0.101087376,-1.917556167,ros2_odometer_state
M19C_S1_lab_hard_floor_B3_U050_R3,1243.962371995,6.347377014,command,0.500000,-5.451406479,-1.783192158,-1.920319319,0.035582837,-0.101378858,-1.917322397,ros2_odometer_state
M19C_S1_lab_hard_floor_B3_U050_R3,1243.963383197,6.348388216,command,0.500000,-5.451406479,-1.783192158,-1.920319319,0.035582837,-0.101378858,-1.917322397,ros2_odometer_state
M19C_S1_lab_hard_floor_B3_U050_R3,1243.966034902,6.351039921,command,0.500000,-5.451406479,-1.783192158,-1.920319319,0.035249967,-0.101825893,-1.916454077,ros2_odometer_state
M19C_S1_lab_hard_floor_B3_U050_R3,1243.968126972,6.353131991,command,0.500000,-5.451406479,-1.783192158,-1.920319319,0.035041522,-0.101973221,-1.915902376,ros2_odometer_state
M19C_S1_lab_hard_floor_B3_U050_R3,1243.970337895,6.355342914,command,0.500000,-5.462985039,-1.797236085,-1.915902376,0.034839012,-0.102122448,-1.915444374,ros2_odometer_state
M19C_S1_lab_hard_floor_B3_U050_R3,1243.971976190,6.356981209,command,0.500000,-5.462985039,-1.797236085,-1.915902376,0.034839012,-0.102122448,-1.915444374,ros2_odometer_state
M19C_S1_lab_hard_floor_B3_U050_R3,1243.973558067,6.358563086,command,0.500000,-5.462985039,-1.797236085,-1.915902376,0.034643367,-0.102317892,-1.915121675,ros2_odometer_state
M19C_S1_lab_hard_floor_B3_U050_R3,1243.976253710,6.361258729,command,0.500000,-5.462985039,-1.797236085,-1.915902376,0.034332108,-0.102828227,-1.914737105,ros2_odometer_state
M19C_S1_lab_hard_floor_B3_U050_R3,1243.978040426,6.363045445,command,0.500000,-5.462985039,-1.797236085,-1.915902376,0.034332108,-0.102828227,-1.914737105,ros2_odometer_state
M19C_S1_lab_hard_floor_B3_U050_R3,1243.980347256,6.365352275,command,0.500000,-5.462985039,-1.797236085,-1.915902376,0.034043986,-0.103336453,-1.914574504,ros2_odometer_state
M19C_S1_lab_hard_floor_B3_U050_R3,1243.982180182,6.367185201,command,0.500000,-5.462985039,-1.797236085,-1.915902376,0.033881068,-0.103540063,-1.914523482,ros2_odometer_state
M19C_S1_lab_hard_floor_B3_U050_R3,1243.984212474,6.369217493,command,0.500000,-5.462985039,-1.797236085,-1.915902376,0.033701453,-0.103709355,-1.914450765,ros2_odometer_state
M19C_S1_lab_hard_floor_B3_U050_R3,1243.986331682,6.371336701,command,0.500000,-5.462985039,-1.797236085,-1.915902376,0.033508848,-0.103807628,-1.914344788,ros2_odometer_state
M19C_S1_lab_hard_floor_B3_U050_R3,1243.988352902,6.373357921,command,0.500000,-5.462985039,-1.797236085,-1.915902376,0.033347659,-0.103783526,-1.914216518,ros2_odometer_state
M19C_S1_lab_hard_floor_B3_U050_R3,1243.990380234,6.375385253,command,0.500000,-5.471791744,-1.810547471,-1.914216518,0.033229485,-0.103702702,-1.914090037,ros2_odometer_state
M19C_S1_lab_hard_floor_B3_U050_R3,1243.991344298,6.376349317,command,0.500000,-5.471791744,-1.810547471,-1.914216518,0.033229485,-0.103702702,-1.914090037,ros2_odometer_state
M19C_S1_lab_hard_floor_B3_U050_R3,1243.993317933,6.378322952,command,0.500000,-5.471791744,-1.810547471,-1.914216518,0.033167060,-0.103668049,-1.914031506,ros2_odometer_state
M19C_S1_lab_hard_floor_B3_U050_R3,1243.995709597,6.380714616,command,0.500000,-5.471791744,-1.810547471,-1.914216518,0.033176258,-0.103711687,-1.914090037,ros2_odometer_state
M19C_S1_lab_hard_floor_B3_U050_R3,1243.998104302,6.383109321,command,0.500000,-5.471791744,-1.810547471,-1.914216518,0.033239052,-0.103836529,-1.914225221,ros2_odometer_state
M19C_S1_lab_hard_floor_B3_U050_R3,1243.999978829,6.384983848,command,0.500000,-5.471791744,-1.810547471,-1.914216518,0.033330601,-0.104028434,-1.914379120,ros2_odometer_state
M19C_S1_lab_hard_floor_B3_U050_R3,1244.002527811,6.387532830,command,0.500000,-5.471791744,-1.810547471,-1.914216518,0.033431541,-0.104263216,-1.914506435,ros2_odometer_state
M19C_S1_lab_hard_floor_B3_U050_R3,1244.004491109,6.389496128,command,0.500000,-5.471791744,-1.810547471,-1.914216518,0.033524979,-0.104512192,-1.914609909,ros2_odometer_state
M19C_S1_lab_hard_floor_B3_U050_R3,1244.006083643,6.391088662,command,0.500000,-5.471791744,-1.810547471,-1.914216518,0.033619389,-0.104706988,-1.914692044,ros2_odometer_state
M19C_S1_lab_hard_floor_B3_U050_R3,1244.008519309,6.393524328,command,0.500000,-5.471791744,-1.810547471,-1.914216518,0.033781361,-0.104839630,-1.914640427,ros2_odometer_state
M19C_S1_lab_hard_floor_B3_U050_R3,1244.010548689,6.395553708,command,0.500000,-5.480386257,-1.824321747,-1.914640427,0.033823412,-0.104825534,-1.914599895,ros2_odometer_state
M19C_S1_lab_hard_floor_B3_U050_R3,1244.012430385,6.397435404,command,0.500000,-5.480386257,-1.824321747,-1.914640427,0.033862989,-0.104843855,-1.914661646,ros2_odometer_state
M19C_S1_lab_hard_floor_B3_U050_R3,1244.013434386,6.398439405,command,0.500000,-5.480386257,-1.824321747,-1.914640427,0.033862989,-0.104843855,-1.914661646,ros2_odometer_state
M19C_S1_lab_hard_floor_B3_U050_R3,1244.015641885,6.400646904,command,0.500000,-5.480386257,-1.824321747,-1.914640427,0.033969861,-0.104991421,-1.914905906,ros2_odometer_state
M19C_S1_lab_hard_floor_B3_U050_R3,1244.019150387,6.404155406,command,0.500000,-5.480386257,-1.824321747,-1.914640427,0.034529757,-0.105596423,-1.915790915,ros2_odometer_state
M19C_S1_lab_hard_floor_B3_U050_R3,1244.019553824,6.404558843,command,0.500000,-5.480386257,-1.824321747,-1.914640427,0.034529757,-0.105596423,-1.915790915,ros2_odometer_state
M19C_S1_lab_hard_floor_B3_U050_R3,1244.022398752,6.407403771,command,0.500000,-5.480386257,-1.824321747,-1.914640427,0.035079949,-0.106000677,-1.916440129,ros2_odometer_state
M19C_S1_lab_hard_floor_B3_U050_R3,1244.024422020,6.409427039,command,0.500000,-5.480386257,-1.824321747,-1.914640427,0.035284698,-0.106059879,-1.916680217,ros2_odometer_state
M19C_S1_lab_hard_floor_B3_U050_R3,1244.025513129,6.410518148,command,0.500000,-5.480386257,-1.824321747,-1.914640427,0.035284698,-0.106059879,-1.916680217,ros2_odometer_state
M19C_S1_lab_hard_floor_B3_U050_R3,1244.028369449,6.413374468,command,0.500000,-5.480386257,-1.824321747,-1.914640427,0.035721660,-0.106084190,-1.917217612,ros2_odometer_state
M19C_S1_lab_hard_floor_B3_U050_R3,1244.029593971,6.414598990,command,0.500000,-5.487450600,-1.835621238,-1.917217612,0.035721660,-0.106084190,-1.917217612,ros2_odometer_state
M19C_S1_lab_hard_floor_B3_U050_R3,1244.031563893,6.416568912,command,0.500000,-5.487450600,-1.835621238,-1.917217612,0.036012925,-0.106122836,-1.917639017,ros2_odometer_state
M19C_S1_lab_hard_floor_B3_U050_R3,1244.033553400,6.418558419,command,0.500000,-5.487450600,-1.835621238,-1.917217612,0.036335502,-0.106191471,-1.918075085,ros2_odometer_state
M19C_S1_lab_hard_floor_B3_U050_R3,1244.036203569,6.421208588,command,0.500000,-5.487450600,-1.835621238,-1.917217612,0.036944173,-0.106386222,-1.918851852,ros2_odometer_state
M19C_S1_lab_hard_floor_B3_U050_R3,1244.038916653,6.423921672,command,0.500000,-5.487450600,-1.835621238,-1.917217612,0.037278071,-0.106504112,-1.919249773,ros2_odometer_state
M19C_S1_lab_hard_floor_B3_U050_R3,1244.040386142,6.425391161,command,0.500000,-5.487450600,-1.835621238,-1.917217612,0.037652574,-0.106672406,-1.919697642,ros2_odometer_state
M19C_S1_lab_hard_floor_B3_U050_R3,1244.042923924,6.427928943,command,0.500000,-5.487450600,-1.835621238,-1.917217612,0.038064696,-0.106859513,-1.920176864,ros2_odometer_state
M19C_S1_lab_hard_floor_B3_U050_R3,1244.043886324,6.428891343,command,0.500000,-5.487450600,-1.835621238,-1.917217612,0.038064696,-0.106859513,-1.920176864,ros2_odometer_state
M19C_S1_lab_hard_floor_B3_U050_R3,1244.045912760,6.430917779,command,0.500000,-5.487450600,-1.835621238,-1.917217612,0.038469050,-0.106991321,-1.920630574,ros2_odometer_state
M19C_S1_lab_hard_floor_B3_U050_R3,1244.048502991,6.433508010,command,0.500000,-5.487450600,-1.835621238,-1.917217612,0.038837809,-0.107030712,-1.921012640,ros2_odometer_state
M19C_S1_lab_hard_floor_B3_U050_R3,1244.050367662,6.435372681,command,0.500000,-5.493280888,-1.847973824,-1.921012640,0.039478239,-0.106947586,-1.921699762,ros2_odometer_state
M19C_S1_lab_hard_floor_B3_U050_R3,1244.051525557,6.436530576,command,0.500000,-5.493280888,-1.847973824,-1.921012640,0.039478239,-0.106947586,-1.921699762,ros2_odometer_state
M19C_S1_lab_hard_floor_B3_U050_R3,1244.054192463,6.439197482,command,0.500000,-5.493280888,-1.847973824,-1.921012640,0.039901733,-0.106927738,-1.922655821,ros2_odometer_state
M19C_S1_lab_hard_floor_B3_U050_R3,1244.055451866,6.440456885,command,0.500000,-5.493280888,-1.847973824,-1.921012640,0.039901733,-0.106927738,-1.922655821,ros2_odometer_state
M19C_S1_lab_hard_floor_B3_U050_R3,1244.058923054,6.443928073,command,0.500000,-5.493280888,-1.847973824,-1.921012640,0.040149633,-0.106961377,-1.923499465,ros2_odometer_state
M19C_S1_lab_hard_floor_B3_U050_R3,1244.060583174,6.445588193,command,0.500000,-5.493280888,-1.847973824,-1.921012640,0.040269218,-0.106998056,-1.923801780,ros2_odometer_state
M19C_S1_lab_hard_floor_B3_U050_R3,1244.062417124,6.447422143,command,0.500000,-5.493280888,-1.847973824,-1.921012640,0.040407673,-0.107045799,-1.924059153,ros2_odometer_state
M19C_S1_lab_hard_floor_B3_U050_R3,1244.064452073,6.449457092,command,0.500000,-5.493280888,-1.847973824,-1.921012640,0.040578775,-0.107058398,-1.924318433,ros2_odometer_state
M19C_S1_lab_hard_floor_B3_U050_R3,1244.066246789,6.451251808,command,0.500000,-5.493280888,-1.847973824,-1.921012640,0.040746521,-0.107071683,-1.924618006,ros2_odometer_state
M19C_S1_lab_hard_floor_B3_U050_R3,1244.068334923,6.453339942,command,0.500000,-5.493280888,-1.847973824,-1.921012640,0.040840607,-0.107088879,-1.924966812,ros2_odometer_state
M19C_S1_lab_hard_floor_B3_U050_R3,1244.070598136,6.455603155,command,0.500000,-5.498473167,-1.859305978,-1.924966812,0.040889848,-0.107056364,-1.925339818,ros2_odometer_state
M19C_S1_lab_hard_floor_B3_U050_R3,1244.072518904,6.457523923,command,0.500000,-5.498473167,-1.859305978,-1.924966812,0.040919125,-0.106968485,-1.925736189,ros2_odometer_state
M19C_S1_lab_hard_floor_B3_U050_R3,1244.074398872,6.459403891,command,0.500000,-5.498473167,-1.859305978,-1.924966812,0.040921047,-0.106838338,-1.926156044,ros2_odometer_state
M19C_S1_lab_hard_floor_B3_U050_R3,1244.076251958,6.461256977,command,0.500000,-5.498473167,-1.859305978,-1.924966812,0.040906977,-0.106672563,-1.926573992,ros2_odometer_state
M19C_S1_lab_hard_floor_B3_U050_R3,1244.078156918,6.463161937,command,0.500000,-5.498473167,-1.859305978,-1.924966812,0.040906977,-0.106672563,-1.926573992,ros2_odometer_state
M19C_S1_lab_hard_floor_B3_U050_R3,1244.079558437,6.464563456,command,0.500000,-5.498473167,-1.859305978,-1.924966812,0.040878322,-0.106491774,-1.926945925,ros2_odometer_state
M19C_S1_lab_hard_floor_B3_U050_R3,1244.082453735,6.467458754,command,0.500000,-5.498473167,-1.859305978,-1.924966812,0.040744603,-0.106185637,-1.927440882,ros2_odometer_state
M19C_S1_lab_hard_floor_B3_U050_R3,1244.084436650,6.469441669,command,0.500000,-5.498473167,-1.859305978,-1.924966812,0.040648136,-0.106099993,-1.927579165,ros2_odometer_state
M19C_S1_lab_hard_floor_B3_U050_R3,1244.085609713,6.470614732,command,0.500000,-5.498473167,-1.859305978,-1.924966812,0.040648136,-0.106099993,-1.927579165,ros2_odometer_state
M19C_S1_lab_hard_floor_B3_U050_R3,1244.087634261,6.472639280,command,0.500000,-5.498473167,-1.859305978,-1.924966812,0.040540792,-0.106032006,-1.927688122,ros2_odometer_state
M19C_S1_lab_hard_floor_B3_U050_R3,1244.089703259,6.474708278,command,0.500000,-5.504250050,-1.871977448,-1.927821994,0.040237863,-0.105917998,-1.927821994,ros2_odometer_state
M19C_S1_lab_hard_floor_B3_U050_R3,1244.091669501,6.476674520,command,0.500000,-5.504250050,-1.871977448,-1.927821994,0.040031686,-0.105847456,-1.927826285,ros2_odometer_state
M19C_S1_lab_hard_floor_B3_U050_R3,1244.093621919,6.478626938,command,0.500000,-5.504250050,-1.871977448,-1.927821994,0.039795212,-0.105772443,-1.927777767,ros2_odometer_state
M19C_S1_lab_hard_floor_B3_U050_R3,1244.096245783,6.481250802,command,0.500000,-5.504250050,-1.871977448,-1.927821994,0.039540134,-0.105699666,-1.927740574,ros2_odometer_state
M19C_S1_lab_hard_floor_B3_U050_R3,1244.098202169,6.483207188,command,0.500000,-5.504250050,-1.871977448,-1.927821994,0.039286450,-0.105627224,-1.927753687,ros2_odometer_state
M19C_S1_lab_hard_floor_B3_U050_R3,1244.100534088,6.485539107,command,0.500000,-5.504250050,-1.871977448,-1.927821994,0.038793828,-0.105522297,-1.927867770,ros2_odometer_state
M19C_S1_lab_hard_floor_B3_U050_R3,1244.102354437,6.487359456,command,0.500000,-5.504250050,-1.871977448,-1.927821994,0.038555894,-0.105525352,-1.927877069,ros2_odometer_state
M19C_S1_lab_hard_floor_B3_U050_R3,1244.104428939,6.489433958,command,0.500000,-5.504250050,-1.871977448,-1.927821994,0.038326483,-0.105571009,-1.927827597,ros2_odometer_state
M19C_S1_lab_hard_floor_B3_U050_R3,1244.105512368,6.490517387,command,0.500000,-5.504250050,-1.871977448,-1.927821994,0.038326483,-0.105571009,-1.927827597,ros2_odometer_state
M19C_S1_lab_hard_floor_B3_U050_R3,1244.108396433,6.493401452,command,0.500000,-5.504250050,-1.871977448,-1.927821994,0.037891384,-0.105715528,-1.927578211,ros2_odometer_state
M19C_S1_lab_hard_floor_B3_U050_R3,1244.110346130,6.495351149,command,0.500000,-5.508835793,-1.883978248,-1.927578211,0.037677027,-0.105776824,-1.927366614,ros2_odometer_state
M19C_S1_lab_hard_floor_B3_U050_R3,1244.111537530,6.496542549,command,0.500000,-5.508835793,-1.883978248,-1.927578211,0.037677027,-0.105776824,-1.927366614,ros2_odometer_state
M19C_S1_lab_hard_floor_B3_U050_R3,1244.113550206,6.498555225,command,0.500000,-5.508835793,-1.883978248,-1.927578211,0.037450634,-0.105832599,-1.927149892,ros2_odometer_state
M19C_S1_lab_hard_floor_B3_U050_R3,1244.115575810,6.500580829,command,0.500000,-5.508835793,-1.883978248,-1.927578211,0.037215695,-0.105877310,-1.926960707,ros2_odometer_state
M19C_S1_lab_hard_floor_B3_U050_R3,1244.119096121,6.504101140,command,0.500000,-5.508835793,-1.883978248,-1.927578211,0.036743127,-0.105933785,-1.926607847,ros2_odometer_state
M19C_S1_lab_hard_floor_B3_U050_R3,1244.120569579,6.505574598,command,0.500000,-5.508835793,-1.883978248,-1.927578211,0.036499761,-0.105986439,-1.926380396,ros2_odometer_state
M19C_S1_lab_hard_floor_B3_U050_R3,1244.121714225,6.506719244,command,0.500000,-5.508835793,-1.883978248,-1.927578211,0.036499761,-0.105986439,-1.926380396,ros2_odometer_state
M19C_S1_lab_hard_floor_B3_U050_R3,1244.124546961,6.509551980,command,0.500000,-5.508835793,-1.883978248,-1.927578211,0.035993606,-0.106192037,-1.925728083,ros2_odometer_state
M19C_S1_lab_hard_floor_B3_U050_R3,1244.126426384,6.511431403,command,0.500000,-5.508835793,-1.883978248,-1.927578211,0.035730105,-0.106346682,-1.925329328,ros2_odometer_state
M19C_S1_lab_hard_floor_B3_U050_R3,1244.128580120,6.513585139,command,0.500000,-5.508835793,-1.883978248,-1.927578211,0.035444401,-0.106528014,-1.924887061,ros2_odometer_state
M19C_S1_lab_hard_floor_B3_U050_R3,1244.130579036,6.515584055,command,0.500000,-5.515840530,-1.896164536,-1.924887061,0.035124097,-0.106697008,-1.924397349,ros2_odometer_state
M19C_S1_lab_hard_floor_B3_U050_R3,1244.132551070,6.517556089,command,0.500000,-5.515840530,-1.896164536,-1.924887061,0.034751903,-0.106807008,-1.923871756,ros2_odometer_state
M19C_S1_lab_hard_floor_B3_U050_R3,1244.134590819,6.519595838,command,0.500000,-5.515840530,-1.896164536,-1.924887061,0.034358390,-0.106852256,-1.923368812,ros2_odometer_state
M19C_S1_lab_hard_floor_B3_U050_R3,1244.136480355,6.521485374,command,0.500000,-5.515840530,-1.896164536,-1.924887061,0.034002054,-0.106850855,-1.922917843,ros2_odometer_state
M19C_S1_lab_hard_floor_B3_U050_R3,1244.138391331,6.523396350,command,0.500000,-5.515840530,-1.896164536,-1.924887061,0.034002054,-0.106850855,-1.922917843,ros2_odometer_state
M19C_S1_lab_hard_floor_B3_U050_R3,1244.141017691,6.526022710,command,0.500000,-5.515840530,-1.896164536,-1.924887061,0.033338670,-0.106828265,-1.922066092,ros2_odometer_state
M19C_S1_lab_hard_floor_B3_U050_R3,1244.141879544,6.526884563,command,0.500000,-5.515840530,-1.896164536,-1.924887061,0.033338670,-0.106828265,-1.922066092,ros2_odometer_state
M19C_S1_lab_hard_floor_B3_U050_R3,1244.143978655,6.528983674,command,0.500000,-5.515840530,-1.896164536,-1.924887061,0.033057246,-0.106877469,-1.921611667,ros2_odometer_state
M19C_S1_lab_hard_floor_B3_U050_R3,1244.145952002,6.530957021,command,0.500000,-5.515840530,-1.896164536,-1.924887061,0.032807894,-0.106976017,-1.921124458,ros2_odometer_state
M19C_S1_lab_hard_floor_B3_U050_R3,1244.148095082,6.533100101,command,0.500000,-5.515840530,-1.896164536,-1.924887061,0.032556284,-0.107115425,-1.920608640,ros2_odometer_state
M19C_S1_lab_hard_floor_B3_U050_R3,1244.152945229,6.537950248,command,0.500000,-5.521433830,-1.907839060,-1.920095921,0.032086052,-0.107399404,-1.919633508,ros2_odometer_state
M19C_S1_lab_hard_floor_B3_U050_R3,1244.153971664,6.538976683,command,0.500000,-5.521433830,-1.907839060,-1.920095921,0.031844415,-0.107429706,-1.919198632,ros2_odometer_state
M19C_S1_lab_hard_floor_B3_U050_R3,1244.154960849,6.539965868,command,0.500000,-5.521433830,-1.907839060,-1.920095921,0.031581037,-0.107379213,-1.918770790,ros2_odometer_state
M19C_S1_lab_hard_floor_B3_U050_R3,1244.155604679,6.540609698,command,0.500000,-5.521433830,-1.907839060,-1.920095921,0.031581037,-0.107379213,-1.918770790,ros2_odometer_state
M19C_S1_lab_hard_floor_B3_U050_R3,1244.158325442,6.543330461,command,0.500000,-5.521433830,-1.907839060,-1.920095921,0.031300776,-0.107270941,-1.918342471,ros2_odometer_state
M19C_S1_lab_hard_floor_B3_U050_R3,1244.160639536,6.545644555,command,0.500000,-5.521433830,-1.907839060,-1.920095921,0.030801911,-0.106986344,-1.917508483,ros2_odometer_state
M19C_S1_lab_hard_floor_B3_U050_R3,1244.161846393,6.546851412,command,0.500000,-5.521433830,-1.907839060,-1.920095921,0.030801911,-0.106986344,-1.917508483,ros2_odometer_state
M19C_S1_lab_hard_floor_B3_U050_R3,1244.164642935,6.549647954,command,0.500000,-5.521433830,-1.907839060,-1.920095921,0.030512467,-0.106908627,-1.916774273,ros2_odometer_state
M19C_S1_lab_hard_floor_B3_U050_R3,1244.165662713,6.550667732,command,0.500000,-5.521433830,-1.907839060,-1.920095921,0.030512467,-0.106908627,-1.916774273,ros2_odometer_state
M19C_S1_lab_hard_floor_B3_U050_R3,1244.168483384,6.553488403,command,0.500000,-5.521433830,-1.907839060,-1.920095921,0.030293232,-0.106947847,-1.916143894,ros2_odometer_state
M19C_S1_lab_hard_floor_B3_U050_R3,1244.170463323,6.555468342,command,0.500000,-5.527057171,-1.920880079,-1.916143894,0.030171754,-0.106914967,-1.915818453,ros2_odometer_state
M19C_S1_lab_hard_floor_B3_U050_R3,1244.171628066,6.556633085,command,0.500000,-5.527057171,-1.920880079,-1.916143894,0.030171754,-0.106914967,-1.915818453,ros2_odometer_state
M19C_S1_lab_hard_floor_B3_U050_R3,1244.174369695,6.559374714,command,0.500000,-5.527057171,-1.920880079,-1.916143894,0.029910134,-0.106594890,-1.915194631,ros2_odometer_state
M19C_S1_lab_hard_floor_B3_U050_R3,1244.176446373,6.561451392,command,0.500000,-5.527057171,-1.920880079,-1.916143894,0.029785089,-0.106339887,-1.914904356,ros2_odometer_state
M19C_S1_lab_hard_floor_B3_U050_R3,1244.178313540,6.563318559,command,0.500000,-5.527057171,-1.920880079,-1.916143894,0.029785089,-0.106339887,-1.914904356,ros2_odometer_state
M19C_S1_lab_hard_floor_B3_U050_R3,1244.179739860,6.564744879,command,0.500000,-5.527057171,-1.920880079,-1.916143894,0.029651195,-0.106064618,-1.914608955,ros2_odometer_state
M19C_S1_lab_hard_floor_B3_U050_R3,1244.182627221,6.567632240,command,0.500000,-5.527057171,-1.920880079,-1.916143894,0.029370371,-0.105540901,-1.914068818,ros2_odometer_state
M19C_S1_lab_hard_floor_B3_U050_R3,1244.183785084,6.568790103,command,0.500000,-5.527057171,-1.920880079,-1.916143894,0.029370371,-0.105540901,-1.914068818,ros2_odometer_state
M19C_S1_lab_hard_floor_B3_U050_R3,1244.185728221,6.570733240,command,0.500000,-5.527057171,-1.920880079,-1.916143894,0.029232353,-0.105302550,-1.913843155,ros2_odometer_state
M19C_S1_lab_hard_floor_B3_U050_R3,1244.187758690,6.572763709,command,0.500000,-5.527057171,-1.920880079,-1.916143894,0.029090654,-0.105053246,-1.913644075,ros2_odometer_state
M19C_S1_lab_hard_floor_B3_U050_R3,1244.189780390,6.574785409,command,0.500000,-5.531604767,-1.933433056,-1.913475752,0.028942732,-0.104768276,-1.913475752,ros2_odometer_state
M19C_S1_lab_hard_floor_B3_U050_R3,1244.191713159,6.576718178,command,0.500000,-5.531604767,-1.933433056,-1.913475752,0.028780773,-0.104434557,-1.913326502,ros2_odometer_state
M19C_S1_lab_hard_floor_B3_U050_R3,1244.193707530,6.578712549,command,0.500000,-5.531604767,-1.933433056,-1.913475752,0.028606126,-0.104043528,-1.913190603,ros2_odometer_state
M19C_S1_lab_hard_floor_B3_U050_R3,1244.195695373,6.580700392,command,0.500000,-5.531604767,-1.933433056,-1.913475752,0.028434671,-0.103604622,-1.913077593,ros2_odometer_state
M19C_S1_lab_hard_floor_B3_U050_R3,1244.198317477,6.583322496,command,0.500000,-5.531604767,-1.933433056,-1.913475752,0.028274046,-0.103120804,-1.913019419,ros2_odometer_state
M19C_S1_lab_hard_floor_B3_U050_R3,1244.199790327,6.584795346,command,0.500000,-5.531604767,-1.933433056,-1.913475752,0.028107829,-0.102605678,-1.913034797,ros2_odometer_state
M19C_S1_lab_hard_floor_B3_U050_R3,1244.202713049,6.587718068,command,0.500000,-5.531604767,-1.933433056,-1.913475752,0.027752271,-0.101492971,-1.913278103,ros2_odometer_state
M19C_S1_lab_hard_floor_B3_U050_R3,1244.204929636,6.589934655,command,0.500000,-5.531604767,-1.933433056,-1.913475752,0.027561398,-0.100903220,-1.913449526,ros2_odometer_state
M19C_S1_lab_hard_floor_B3_U050_R3,1244.206238448,6.591243467,command,0.500000,-5.531604767,-1.933433056,-1.913475752,0.027561398,-0.100903220,-1.913449526,ros2_odometer_state
M19C_S1_lab_hard_floor_B3_U050_R3,1244.207863879,6.592868898,command,0.500000,-5.531604767,-1.933433056,-1.913475752,0.027337030,-0.100286730,-1.913652778,ros2_odometer_state
M19C_S1_lab_hard_floor_B3_U050_R3,1244.210781961,6.595786980,command,0.500000,-5.535922050,-1.945473433,-1.913901567,0.026761303,-0.098977439,-1.914167047,ros2_odometer_state
M19C_S1_lab_hard_floor_B3_U050_R3,1244.211777291,6.596782310,command,0.500000,-5.535922050,-1.945473433,-1.913901567,0.026761303,-0.098977439,-1.914167047,ros2_odometer_state
M19C_S1_lab_hard_floor_B3_U050_R3,1244.213830608,6.598835627,command,0.500000,-5.535922050,-1.945473433,-1.913901567,0.026373927,-0.098297566,-1.914412379,ros2_odometer_state
M19C_S1_lab_hard_floor_B3_U050_R3,1244.215872821,6.600877840,command,0.500000,-5.535922050,-1.945473433,-1.913901567,0.025922770,-0.097587734,-1.914636374,ros2_odometer_state
M19C_S1_lab_hard_floor_B3_U050_R3,1244.218451723,6.603456742,command,0.500000,-5.535922050,-1.945473433,-1.913901567,0.025430357,-0.096830063,-1.914859533,ros2_odometer_state
M19C_S1_lab_hard_floor_B3_U050_R3,1244.219806393,6.604811412,command,0.500000,-5.535922050,-1.945473433,-1.913901567,0.024918156,-0.096024953,-1.915125489,ros2_odometer_state
M19C_S1_lab_hard_floor_B3_U050_R3,1244.221837981,6.606843000,command,0.500000,-5.535922050,-1.945473433,-1.913901567,0.024401775,-0.095209852,-1.915439844,ros2_odometer_state
M19C_S1_lab_hard_floor_B3_U050_R3,1244.223797727,6.608802746,command,0.500000,-5.535922050,-1.945473433,-1.913901567,0.023866419,-0.094414249,-1.915788770,ros2_odometer_state
M19C_S1_lab_hard_floor_B3_U050_R3,1244.225764386,6.610769405,command,0.500000,-5.535922050,-1.945473433,-1.913901567,0.023322975,-0.093607232,-1.916130066,ros2_odometer_state
M19C_S1_lab_hard_floor_B3_U050_R3,1244.228866250,6.613871269,command,0.500000,-5.535922050,-1.945473433,-1.913901567,0.022138612,-0.091953099,-1.916766763,ros2_odometer_state
M19C_S1_lab_hard_floor_B3_U050_R3,1244.230736009,6.615741028,command,0.500000,-5.540339470,-1.955334067,-1.916766763,0.021477710,-0.091092482,-1.917106628,ros2_odometer_state
M19C_S1_lab_hard_floor_B3_U050_R3,1244.232726252,6.617731271,command,0.500000,-5.540339470,-1.955334067,-1.916766763,0.020793663,-0.090221792,-1.917463779,ros2_odometer_state
M19C_S1_lab_hard_floor_B3_U050_R3,1244.234669838,6.619674857,command,0.500000,-5.540339470,-1.955334067,-1.916766763,0.020100787,-0.089357585,-1.917824030,ros2_odometer_state
M19C_S1_lab_hard_floor_B3_U050_R3,1244.236663249,6.621668268,command,0.500000,-5.540339470,-1.955334067,-1.916766763,0.019402208,-0.088499554,-1.918201566,ros2_odometer_state
M19C_S1_lab_hard_floor_B3_U050_R3,1244.238377835,6.623382854,command,0.500000,-5.540339470,-1.955334067,-1.916766763,0.019402208,-0.088499554,-1.918201566,ros2_odometer_state
M19C_S1_lab_hard_floor_B3_U050_R3,1244.240664600,6.625669619,command,0.500000,-5.540339470,-1.955334067,-1.916766763,0.018001942,-0.086811937,-1.919057131,ros2_odometer_state
M19C_S1_lab_hard_floor_B3_U050_R3,1244.241857024,6.626862043,command,0.500000,-5.540339470,-1.955334067,-1.916766763,0.018001942,-0.086811937,-1.919057131,ros2_odometer_state
M19C_S1_lab_hard_floor_B3_U050_R3,1244.243810177,6.628815196,command,0.500000,-5.540339470,-1.955334067,-1.916766763,0.017348418,-0.085979983,-1.919575095,ros2_odometer_state
M19C_S1_lab_hard_floor_B3_U050_R3,1244.246028524,6.631033543,command,0.500000,-5.540339470,-1.955334067,-1.916766763,0.016716724,-0.085152157,-1.920186758,ros2_odometer_state
M19C_S1_lab_hard_floor_B3_U050_R3,1244.248094194,6.633099213,command,0.500000,-5.540339470,-1.955334067,-1.916766763,0.016140012,-0.084415495,-1.920976996,ros2_odometer_state
M19C_S1_lab_hard_floor_B3_U050_R3,1244.250199769,6.635204788,command,0.500000,-5.545618057,-1.966078281,-1.922103643,0.015741196,-0.083909586,-1.922103643,ros2_odometer_state
M19C_S1_lab_hard_floor_B3_U050_R3,1244.252978902,6.637983921,command,0.500000,-5.545618057,-1.966078281,-1.922103643,0.015460486,-0.083300009,-1.924429774,ros2_odometer_state
M19C_S1_lab_hard_floor_B3_U050_R3,1244.255175968,6.640180987,command,0.500000,-5.545618057,-1.966078281,-1.922103643,0.015450337,-0.083112761,-1.925706029,ros2_odometer_state
M19C_S1_lab_hard_floor_B3_U050_R3,1244.256026205,6.641031224,command,0.500000,-5.545618057,-1.966078281,-1.922103643,0.015450337,-0.083112761,-1.925706029,ros2_odometer_state
M19C_S1_lab_hard_floor_B3_U050_R3,1244.259359021,6.644364040,command,0.500000,-5.545618057,-1.966078281,-1.922103643,0.015602305,-0.082498111,-1.928351521,ros2_odometer_state
M19C_S1_lab_hard_floor_B3_U050_R3,1244.260645528,6.645650547,command,0.500000,-5.545618057,-1.966078281,-1.922103643,0.015706820,-0.081840836,-1.929568648,ros2_odometer_state
M19C_S1_lab_hard_floor_B3_U050_R3,1244.262542360,6.647547379,command,0.500000,-5.545618057,-1.966078281,-1.922103643,0.015848309,-0.080905661,-1.930828333,ros2_odometer_state
M19C_S1_lab_hard_floor_B3_U050_R3,1244.264602366,6.649607385,command,0.500000,-5.545618057,-1.966078281,-1.922103643,0.016000582,-0.079749651,-1.932151318,ros2_odometer_state
M19C_S1_lab_hard_floor_B3_U050_R3,1244.265810982,6.650816001,command,0.500000,-5.545618057,-1.966078281,-1.922103643,0.016000582,-0.079749651,-1.932151318,ros2_odometer_state
M19C_S1_lab_hard_floor_B3_U050_R3,1244.268605797,6.653610816,command,0.500000,-5.545618057,-1.966078281,-1.922103643,0.016360698,-0.076978274,-1.934723973,ros2_odometer_state
M19C_S1_lab_hard_floor_B3_U050_R3,1244.270570951,6.655575970,command,0.500000,-5.549560547,-1.977054477,-1.934723973,0.016559727,-0.075556926,-1.935921192,ros2_odometer_state
M19C_S1_lab_hard_floor_B3_U050_R3,1244.272647501,6.657652520,command,0.500000,-5.549560547,-1.977054477,-1.934723973,0.016786806,-0.074216381,-1.937139750,ros2_odometer_state
M19C_S1_lab_hard_floor_B3_U050_R3,1244.273823732,6.658828751,command,0.500000,-5.549560547,-1.977054477,-1.934723973,0.016786806,-0.074216381,-1.937139750,ros2_odometer_state
M19C_S1_lab_hard_floor_B3_U050_R3,1244.278622934,6.663627953,command,0.500000,-5.549560547,-1.977054477,-1.934723973,0.017272623,-0.071704209,-1.939671516,ros2_odometer_state
M19C_S1_lab_hard_floor_B3_U050_R3,1244.278963297,6.663968316,command,0.500000,-5.549560547,-1.977054477,-1.934723973,0.017272623,-0.071704209,-1.939671516,ros2_odometer_state
M19C_S1_lab_hard_floor_B3_U050_R3,1244.279945091,6.664950110,command,0.500000,-5.549560547,-1.977054477,-1.934723973,0.017475063,-0.070489831,-1.940962195,ros2_odometer_state
M19C_S1_lab_hard_floor_B3_U050_R3,1244.282843172,6.667848191,command,0.500000,-5.549560547,-1.977054477,-1.934723973,0.017762911,-0.067970999,-1.943616033,ros2_odometer_state
M19C_S1_lab_hard_floor_B3_U050_R3,1244.284893929,6.669898948,command,0.500000,-5.549560547,-1.977054477,-1.934723973,0.017829204,-0.066617161,-1.944808006,ros2_odometer_state
M19C_S1_lab_hard_floor_B3_U050_R3,1244.286818986,6.671824005,command,0.500000,-5.549560547,-1.977054477,-1.934723973,0.017839236,-0.065274850,-1.945869088,ros2_odometer_state
M19C_S1_lab_hard_floor_B3_U050_R3,1244.288852783,6.673857802,command,0.500000,-5.549560547,-1.977054477,-1.934723973,0.017784545,-0.063986421,-1.946848631,ros2_odometer_state
M19C_S1_lab_hard_floor_B3_U050_R3,1244.290839793,6.675844812,command,0.500000,-5.550639153,-1.987518787,-1.946848631,0.017652551,-0.062734254,-1.947742820,ros2_odometer_state
M19C_S1_lab_hard_floor_B3_U050_R3,1244.292846901,6.677851920,command,0.500000,-5.550639153,-1.987518787,-1.946848631,0.017442966,-0.061498564,-1.948519945,ros2_odometer_state
M19C_S1_lab_hard_floor_B3_U050_R3,1244.294761814,6.679766833,command,0.500000,-5.550639153,-1.987518787,-1.946848631,0.017143359,-0.060276344,-1.949167967,ros2_odometer_state
M19C_S1_lab_hard_floor_B3_U050_R3,1244.296809402,6.681814421,command,0.500000,-5.550639153,-1.987518787,-1.946848631,0.016760053,-0.059089661,-1.949704409,ros2_odometer_state
M19C_S1_lab_hard_floor_B3_U050_R3,1244.299218988,6.684224007,command,0.500000,-5.550639153,-1.987518787,-1.946848631,0.016314009,-0.057914507,-1.950225353,ros2_odometer_state
M19C_S1_lab_hard_floor_B3_U050_R3,1244.299929828,6.684934847,command,0.500000,-5.550639153,-1.987518787,-1.946848631,0.016314009,-0.057914507,-1.950225353,ros2_odometer_state
M19C_S1_lab_hard_floor_B3_U050_R3,1244.302699521,6.687704540,command,0.500000,-5.550639153,-1.987518787,-1.946848631,0.015203584,-0.055401545,-1.951491952,ros2_odometer_state
M19C_S1_lab_hard_floor_B3_U050_R3,1244.304860426,6.689865445,command,0.500000,-5.550639153,-1.987518787,-1.946848631,0.014559227,-0.054066859,-1.952175260,ros2_odometer_state
M19C_S1_lab_hard_floor_B3_U050_R3,1244.306761290,6.691766309,command,0.500000,-5.550639153,-1.987518787,-1.946848631,0.014559227,-0.054066859,-1.952175260,ros2_odometer_state
M19C_S1_lab_hard_floor_B3_U050_R3,1244.308274525,6.693279544,command,0.500000,-5.550639153,-1.987518787,-1.946848631,0.013875924,-0.052774504,-1.952808619,ros2_odometer_state
M19C_S1_lab_hard_floor_B3_U050_R3,1244.311044122,6.696049141,command,0.500000,-5.552229404,-1.995897293,-1.953421950,0.012366373,-0.050513342,-1.954072714,ros2_odometer_state
M19C_S1_lab_hard_floor_B3_U050_R3,1244.313333607,6.698338626,command,0.500000,-5.552229404,-1.995897293,-1.953421950,0.011554128,-0.049548075,-1.954795718,ros2_odometer_state
M19C_S1_lab_hard_floor_B3_U050_R3,1244.314136386,6.699141405,command,0.500000,-5.552229404,-1.995897293,-1.953421950,0.011554128,-0.049548075,-1.954795718,ros2_odometer_state
M19C_S1_lab_hard_floor_B3_U050_R3,1244.317016803,6.702021822,command,0.500000,-5.552229404,-1.995897293,-1.953421950,0.009838106,-0.047971349,-1.956286907,ros2_odometer_state
M19C_S1_lab_hard_floor_B3_U050_R3,1244.319458005,6.704463024,command,0.500000,-5.552229404,-1.995897293,-1.953421950,0.008965882,-0.047331717,-1.957017541,ros2_odometer_state
M19C_S1_lab_hard_floor_B3_U050_R3,1244.320199694,6.705204713,command,0.500000,-5.552229404,-1.995897293,-1.953421950,0.008965882,-0.047331717,-1.957017541,ros2_odometer_state
M19C_S1_lab_hard_floor_B3_U050_R3,1244.322955307,6.707960326,command,0.500000,-5.552229404,-1.995897293,-1.953421950,0.007250735,-0.046217162,-1.958743930,ros2_odometer_state
M19C_S1_lab_hard_floor_B3_U050_R3,1244.324724903,6.709729922,command,0.500000,-5.552229404,-1.995897293,-1.953421950,0.006392994,-0.045663234,-1.959778666,ros2_odometer_state
M19C_S1_lab_hard_floor_B3_U050_R3,1244.325955888,6.710960907,command,0.500000,-5.552229404,-1.995897293,-1.953421950,0.006392994,-0.045663234,-1.959778666,ros2_odometer_state
M19C_S1_lab_hard_floor_B3_U050_R3,1244.328718765,6.713723784,command,0.500000,-5.552229404,-1.995897293,-1.953421950,0.004669853,-0.044595726,-1.961908698,ros2_odometer_state
M19C_S1_lab_hard_floor_B3_U050_R3,1244.330915991,6.715921010,command,0.500000,-5.554967403,-2.006081104,-1.961908698,0.003748666,-0.044224668,-1.962874770,ros2_odometer_state
M19C_S1_lab_hard_floor_B3_U050_R3,1244.331934522,6.716939541,command,0.500000,-5.554967403,-2.006081104,-1.961908698,0.003748666,-0.044224668,-1.962874770,ros2_odometer_state
M19C_S1_lab_hard_floor_B3_U050_R3,1244.334695447,6.719700466,command,0.500000,-5.554967403,-2.006081104,-1.961908698,0.001868877,-0.043926880,-1.964597702,ros2_odometer_state
M19C_S1_lab_hard_floor_B3_U050_R3,1244.335955137,6.720960156,command,0.500000,-5.554967403,-2.006081104,-1.961908698,0.001868877,-0.043926880,-1.964597702,ros2_odometer_state
M19C_S1_lab_hard_floor_B3_U050_R3,1244.338532472,6.723537491,command,0.500000,-5.554967403,-2.006081104,-1.961908698,0.000988467,-0.043922443,-1.965422392,ros2_odometer_state
M19C_S1_lab_hard_floor_B3_U050_R3,1244.340045579,6.725050598,command,0.500000,-5.554967403,-2.006081104,-1.961908698,0.000135119,-0.043961398,-1.966299415,ros2_odometer_state
M19C_S1_lab_hard_floor_B3_U050_R3,1244.343370715,6.728375734,command,0.500000,-5.554967403,-2.006081104,-1.961908698,-0.001567209,-0.044082649,-1.968360901,ros2_odometer_state
M19C_S1_lab_hard_floor_B3_U050_R3,1244.345103797,6.730108816,command,0.500000,-5.554967403,-2.006081104,-1.961908698,-0.002410307,-0.044130992,-1.969509840,ros2_odometer_state
M19C_S1_lab_hard_floor_B3_U050_R3,1244.346137624,6.731142643,command,0.500000,-5.554967403,-2.006081104,-1.961908698,-0.002410307,-0.044130992,-1.969509840,ros2_odometer_state
M19C_S1_lab_hard_floor_B3_U050_R3,1244.348229118,6.733234137,command,0.500000,-5.554967403,-2.006081104,-1.961908698,-0.003240972,-0.044190459,-1.970617175,ros2_odometer_state
M19C_S1_lab_hard_floor_B3_U050_R3,1244.350221473,6.735226492,command,0.500000,-5.558947086,-2.016763926,-1.971673608,-0.004060022,-0.044304579,-1.971673608,ros2_odometer_state
M19C_S1_lab_hard_floor_B3_U050_R3,1244.352861370,6.737866389,command,0.500000,-5.558947086,-2.016763926,-1.971673608,-0.005626867,-0.044723906,-1.973684430,ros2_odometer_state
M19C_S1_lab_hard_floor_B3_U050_R3,1244.353995041,6.739000060,command,0.500000,-5.558947086,-2.016763926,-1.971673608,-0.005626867,-0.044723906,-1.973684430,ros2_odometer_state
M19C_S1_lab_hard_floor_B3_U050_R3,1244.356035653,6.741040672,command,0.500000,-5.558947086,-2.016763926,-1.971673608,-0.006388195,-0.044979140,-1.974588990,ros2_odometer_state
M19C_S1_lab_hard_floor_B3_U050_R3,1244.359142702,6.744147721,command,0.500000,-5.558947086,-2.016763926,-1.971673608,-0.007155948,-0.045264129,-1.975414872,ros2_odometer_state
M19C_S1_lab_hard_floor_B3_U050_R3,1244.360290869,6.745295888,command,0.500000,-5.558947086,-2.016763926,-1.971673608,-0.007965505,-0.045585975,-1.976170897,ros2_odometer_state
M19C_S1_lab_hard_floor_B3_U050_R3,1244.362066128,6.747071147,command,0.500000,-5.558947086,-2.016763926,-1.971673608,-0.008813489,-0.045921847,-1.976846099,ros2_odometer_state
M19C_S1_lab_hard_floor_B3_U050_R3,1244.364912656,6.749917675,command,0.500000,-5.558947086,-2.016763926,-1.971673608,-0.010500399,-0.046387989,-1.978067040,ros2_odometer_state
M19C_S1_lab_hard_floor_B3_U050_R3,1244.366861106,6.751866125,command,0.500000,-5.558947086,-2.016763926,-1.971673608,-0.011183952,-0.046440423,-1.978776455,ros2_odometer_state
M19C_S1_lab_hard_floor_B3_U050_R3,1244.368920279,6.753925298,command,0.500000,-5.558947086,-2.016763926,-1.971673608,-0.011516345,-0.046527792,-1.979505420,ros2_odometer_state
M19C_S1_lab_hard_floor_B3_U050_R3,1244.370945083,6.755950102,command,0.500000,-5.562511921,-2.029604197,-1.979505420,-0.011485990,-0.046787810,-1.980063558,ros2_odometer_state
M19C_S1_lab_hard_floor_B3_U050_R3,1244.373134437,6.758139456,command,0.500000,-5.562511921,-2.029604197,-1.979505420,-0.011237055,-0.047079947,-1.980126143,ros2_odometer_state
M19C_S1_lab_hard_floor_B3_U050_R3,1244.375624537,6.760629556,command,0.500000,-5.562511921,-2.029604197,-1.979505420,-0.010910068,-0.047218658,-1.979645610,ros2_odometer_state
M19C_S1_lab_hard_floor_B3_U050_R3,1244.376428756,6.761433775,command,0.500000,-5.562511921,-2.029604197,-1.979505420,-0.010910068,-0.047218658,-1.979645610,ros2_odometer_state
M19C_S1_lab_hard_floor_B3_U050_R3,1244.378709921,6.763714940,command,0.500000,-5.562511921,-2.029604197,-1.979505420,-0.010530461,-0.047221366,-1.978855968,ros2_odometer_state
M19C_S1_lab_hard_floor_B3_U050_R3,1244.381001198,6.766006217,command,0.500000,-5.562511921,-2.029604197,-1.979505420,-0.009416196,-0.046913613,-1.977137446,ros2_odometer_state
M19C_S1_lab_hard_floor_B3_U050_R3,1244.383060531,6.768065550,command,0.500000,-5.562511921,-2.029604197,-1.979505420,-0.008684458,-0.046714466,-1.976411819,ros2_odometer_state
M19C_S1_lab_hard_floor_B3_U050_R3,1244.384989748,6.769994767,command,0.500000,-5.562511921,-2.029604197,-1.979505420,-0.008002131,-0.046541762,-1.975763083,ros2_odometer_state
M19C_S1_lab_hard_floor_B3_U050_R3,1244.386886068,6.771891087,command,0.500000,-5.562511921,-2.029604197,-1.979505420,-0.007512708,-0.046347402,-1.975152850,ros2_odometer_state
M19C_S1_lab_hard_floor_B3_U050_R3,1244.388996763,6.774001782,command,0.500000,-5.562511921,-2.029604197,-1.979505420,-0.007231635,-0.046081532,-1.974477649,ros2_odometer_state
M19C_S1_lab_hard_floor_B3_U050_R3,1244.391201254,6.776206273,command,0.500000,-5.565334320,-2.043068409,-1.974477649,-0.007078909,-0.045776058,-1.973671198,ros2_odometer_state
M19C_S1_lab_hard_floor_B3_U050_R3,1244.392299691,6.777304710,command,0.500000,-5.565334320,-2.043068409,-1.974477649,-0.007078909,-0.045776058,-1.973671198,ros2_odometer_state
M19C_S1_lab_hard_floor_B3_U050_R3,1244.394906850,6.779911869,command,0.500000,-5.565334320,-2.043068409,-1.974477649,-0.006937353,-0.045140631,-1.971611977,ros2_odometer_state
M19C_S1_lab_hard_floor_B3_U050_R3,1244.396976296,6.781981315,command,0.500000,-5.565334320,-2.043068409,-1.974477649,-0.006991186,-0.044938888,-1.970365047,ros2_odometer_state
M19C_S1_lab_hard_floor_B3_U050_R3,1244.399527838,6.784532857,command,0.500000,-5.565334320,-2.043068409,-1.974477649,-0.007243084,-0.044812120,-1.969003201,ros2_odometer_state
M19C_S1_lab_hard_floor_B3_U050_R3,1244.400992655,6.785997674,command,0.500000,-5.565334320,-2.043068409,-1.974477649,-0.007575946,-0.044596113,-1.967824459,ros2_odometer_state
M19C_S1_lab_hard_floor_B3_U050_R3,1244.402960402,6.787965421,command,0.500000,-5.565334320,-2.043068409,-1.974477649,-0.007852194,-0.044130277,-1.967178702,ros2_odometer_state
M19C_S1_lab_hard_floor_B3_U050_R3,1244.405036312,6.790041331,command,0.500000,-5.565334320,-2.043068409,-1.974477649,-0.008086488,-0.043550562,-1.966805339,ros2_odometer_state
M19C_S1_lab_hard_floor_B3_U050_R3,1244.406997274,6.792002293,command,0.500000,-5.565334320,-2.043068409,-1.974477649,-0.008439575,-0.042948157,-1.966376662,ros2_odometer_state
M19C_S1_lab_hard_floor_B3_U050_R3,1244.409040094,6.794045113,command,0.500000,-5.565334320,-2.043068409,-1.974477649,-0.009002082,-0.042314753,-1.965817094,ros2_odometer_state
M19C_S1_lab_hard_floor_B3_U050_R3,1244.411052002,6.796057021,command,0.500000,-5.566535473,-2.055191040,-1.965817094,-0.009002082,-0.042314753,-1.965817094,ros2_odometer_state
M19C_S1_lab_hard_floor_B3_U050_R3,1244.412987171,6.797992190,command,0.500000,-5.566535473,-2.055191040,-1.965817094,-0.009697248,-0.041715454,-1.965197563,ros2_odometer_state
M19C_S1_lab_hard_floor_B3_U050_R3,1244.414583449,6.799588468,command,0.500000,-5.566535473,-2.055191040,-1.965817094,-0.010380235,-0.041182518,-1.964453936,ros2_odometer_state
M19C_S1_lab_hard_floor_B3_U050_R3,1244.417032780,6.802037799,command,0.500000,-5.566535473,-2.055191040,-1.965817094,-0.011565083,-0.040195055,-1.962687850,ros2_odometer_state
M19C_S1_lab_hard_floor_B3_U050_R3,1244.419466910,6.804471929,command,0.500000,-5.566535473,-2.055191040,-1.965817094,-0.012137286,-0.039766233,-1.961819887,ros2_odometer_state
M19C_S1_lab_hard_floor_B3_U050_R3,1244.421021010,6.806026029,command,0.500000,-5.566535473,-2.055191040,-1.965817094,-0.012698397,-0.039325755,-1.960950136,ros2_odometer_state
M19C_S1_lab_hard_floor_B3_U050_R3,1244.423059127,6.808064146,command,0.500000,-5.566535473,-2.055191040,-1.965817094,-0.013221184,-0.038831085,-1.960115552,ros2_odometer_state
M19C_S1_lab_hard_floor_B3_U050_R3,1244.425018969,6.810023988,command,0.500000,-5.566535473,-2.055191040,-1.965817094,-0.013695537,-0.038333468,-1.959392309,ros2_odometer_state
M19C_S1_lab_hard_floor_B3_U050_R3,1244.426955226,6.811960245,command,0.500000,-5.566535473,-2.055191040,-1.965817094,-0.014148629,-0.037810415,-1.958864093,ros2_odometer_state
M19C_S1_lab_hard_floor_B3_U050_R3,1244.429154564,6.814159583,command,0.500000,-5.566535473,-2.055191040,-1.965817094,-0.014639551,-0.037213869,-1.958451509,ros2_odometer_state
M19C_S1_lab_hard_floor_B3_U050_R3,1244.431031363,6.816036382,command,0.500000,-5.570292473,-2.065656185,-1.958451509,-0.015174079,-0.036539953,-1.958104134,ros2_odometer_state
M19C_S1_lab_hard_floor_B3_U050_R3,1244.433272975,6.818277994,command,0.500000,-5.570292473,-2.065656185,-1.958451509,-0.015734417,-0.035864625,-1.957826972,ros2_odometer_state
M19C_S1_lab_hard_floor_B3_U050_R3,1244.435212880,6.820217899,command,0.500000,-5.570292473,-2.065656185,-1.958451509,-0.016300807,-0.035254087,-1.957633495,ros2_odometer_state
M19C_S1_lab_hard_floor_B3_U050_R3,1244.437231604,6.822236623,command,0.500000,-5.570292473,-2.065656185,-1.958451509,-0.016867496,-0.034697194,-1.957492232,ros2_odometer_state
M19C_S1_lab_hard_floor_B3_U050_R3,1244.439521441,6.824526460,command,0.500000,-5.570292473,-2.065656185,-1.958451509,-0.017429123,-0.034156442,-1.957338095,ros2_odometer_state
M19C_S1_lab_hard_floor_B3_U050_R3,1244.440357789,6.825362808,command,0.500000,-5.570292473,-2.065656185,-1.958451509,-0.017429123,-0.034156442,-1.957338095,ros2_odometer_state
M19C_S1_lab_hard_floor_B3_U050_R3,1244.443022871,6.828027890,command,0.500000,-5.570292473,-2.065656185,-1.958451509,-0.018514482,-0.033176489,-1.956693888,ros2_odometer_state
M19C_S1_lab_hard_floor_B3_U050_R3,1244.445023482,6.830028501,command,0.500000,-5.570292473,-2.065656185,-1.958451509,-0.019032797,-0.032748006,-1.956393480,ros2_odometer_state
M19C_S1_lab_hard_floor_B3_U050_R3,1244.447489133,6.832494152,command,0.500000,-5.570292473,-2.065656185,-1.958451509,-0.019532360,-0.032354087,-1.956323504,ros2_odometer_state
M19C_S1_lab_hard_floor_B3_U050_R3,1244.448408300,6.833413319,command,0.500000,-5.570292473,-2.065656185,-1.958451509,-0.019532360,-0.032354087,-1.956323504,ros2_odometer_state
M19C_S1_lab_hard_floor_B3_U050_R3,1244.450425488,6.835430507,command,0.500000,-5.575440884,-2.076246977,-1.956469893,-0.019975757,-0.031966731,-1.956469893,ros2_odometer_state
M19C_S1_lab_hard_floor_B3_U050_R3,1244.453064649,6.838069668,command,0.500000,-5.575440884,-2.076246977,-1.956469893,-0.020698130,-0.031079186,-1.956895351,ros2_odometer_state
M19C_S1_lab_hard_floor_B3_U050_R3,1244.455023563,6.840028582,command,0.500000,-5.575440884,-2.076246977,-1.956469893,-0.021050369,-0.030598225,-1.957069039,ros2_odometer_state
M19C_S1_lab_hard_floor_B3_U050_R3,1244.457042095,6.842047114,command,0.500000,-5.575440884,-2.076246977,-1.956469893,-0.021394383,-0.030132664,-1.957241654,ros2_odometer_state
M19C_S1_lab_hard_floor_B3_U050_R3,1244.459537667,6.844542686,command,0.500000,-5.575440884,-2.076246977,-1.956469893,-0.021713760,-0.029698551,-1.957405210,ros2_odometer_state
M19C_S1_lab_hard_floor_B3_U050_R3,1244.460337566,6.845342585,command,0.500000,-5.575440884,-2.076246977,-1.956469893,-0.021713760,-0.029698551,-1.957405210,ros2_odometer_state
M19C_S1_lab_hard_floor_B3_U050_R3,1244.463423686,6.848428705,command,0.500000,-5.575440884,-2.076246977,-1.956469893,-0.022253007,-0.028916819,-1.957734108,ros2_odometer_state
M19C_S1_lab_hard_floor_B3_U050_R3,1244.465119551,6.850124570,command,0.500000,-5.575440884,-2.076246977,-1.956469893,-0.022465765,-0.028587447,-1.957972050,ros2_odometer_state
M19C_S1_lab_hard_floor_B3_U050_R3,1244.467048800,6.852053819,command,0.500000,-5.575440884,-2.076246977,-1.956469893,-0.022661150,-0.028295889,-1.958269358,ros2_odometer_state
M19C_S1_lab_hard_floor_B3_U050_R3,1244.469136839,6.854141858,command,0.500000,-5.575440884,-2.076246977,-1.956469893,-0.022808023,-0.028032856,-1.958579421,ros2_odometer_state
M19C_S1_lab_hard_floor_B3_U050_R3,1244.471111081,6.856116100,command,0.500000,-5.581102371,-2.086586952,-1.958579421,-0.022891184,-0.027771350,-1.958814979,ros2_odometer_state
M19C_S1_lab_hard_floor_B3_U050_R3,1244.474814790,6.859819809,command,0.500000,-5.581102371,-2.086586952,-1.958579421,-0.022920799,-0.027497349,-1.958960176,ros2_odometer_state
M19C_S1_lab_hard_floor_B3_U050_R3,1244.475699908,6.860704927,command,0.500000,-5.581102371,-2.086586952,-1.958579421,-0.022911262,-0.027207419,-1.959074736,ros2_odometer_state
M19C_S1_lab_hard_floor_B3_U050_R3,1244.476293944,6.861298963,command,0.500000,-5.581102371,-2.086586952,-1.958579421,-0.022911262,-0.027207419,-1.959074736,ros2_odometer_state
M19C_S1_lab_hard_floor_B3_U050_R3,1244.479709867,6.864714886,command,0.500000,-5.581102371,-2.086586952,-1.958579421,-0.022860015,-0.026610982,-1.959254384,ros2_odometer_state
M19C_S1_lab_hard_floor_B3_U050_R3,1244.481107386,6.866112405,command,0.500000,-5.581102371,-2.086586952,-1.958579421,-0.022828527,-0.026332278,-1.959259629,ros2_odometer_state
M19C_S1_lab_hard_floor_B3_U050_R3,1244.482401349,6.867406368,command,0.500000,-5.581102371,-2.086586952,-1.958579421,-0.022828527,-0.026332278,-1.959259629,ros2_odometer_state
M19C_S1_lab_hard_floor_B3_U050_R3,1244.485180355,6.870185374,command,0.500000,-5.581102371,-2.086586952,-1.958579421,-0.022692760,-0.025862385,-1.959199548,ros2_odometer_state
M19C_S1_lab_hard_floor_B3_U050_R3,1244.486287112,6.871292131,command,0.500000,-5.581102371,-2.086586952,-1.958579421,-0.022692760,-0.025862385,-1.959199548,ros2_odometer_state
M19C_S1_lab_hard_floor_B3_U050_R3,1244.488312364,6.873317383,command,0.500000,-5.581102371,-2.086586952,-1.958579421,-0.022572808,-0.025684578,-1.959240556,ros2_odometer_state
M19C_S1_lab_hard_floor_B3_U050_R3,1244.491237487,6.876242506,command,0.500000,-5.585261345,-2.097978115,-1.959360838,-0.022318074,-0.025413794,-1.959483147,ros2_odometer_state
M19C_S1_lab_hard_floor_B3_U050_R3,1244.493137135,6.878142154,command,0.500000,-5.585261345,-2.097978115,-1.959360838,-0.022227548,-0.025286812,-1.959508657,ros2_odometer_state
M19C_S1_lab_hard_floor_B3_U050_R3,1244.495284919,6.880289938,command,0.500000,-5.585261345,-2.097978115,-1.959360838,-0.022173189,-0.025130361,-1.959400177,ros2_odometer_state
M19C_S1_lab_hard_floor_B3_U050_R3,1244.497183159,6.882188178,command,0.500000,-5.585261345,-2.097978115,-1.959360838,-0.022132829,-0.024937594,-1.959185243,ros2_odometer_state
M19C_S1_lab_hard_floor_B3_U050_R3,1244.499642026,6.884647045,command,0.500000,-5.585261345,-2.097978115,-1.959360838,-0.022089468,-0.024717005,-1.958882928,ros2_odometer_state
M19C_S1_lab_hard_floor_B3_U050_R3,1244.501321315,6.886326334,command,0.500000,-5.585261345,-2.097978115,-1.959360838,-0.022031151,-0.024493977,-1.958569050,ros2_odometer_state
M19C_S1_lab_hard_floor_B3_U050_R3,1244.503145856,6.888150875,command,0.500000,-5.585261345,-2.097978115,-1.959360838,-0.021924144,-0.024275370,-1.958302379,ros2_odometer_state
M19C_S1_lab_hard_floor_B3_U050_R3,1244.505109954,6.890114973,command,0.500000,-5.585261345,-2.097978115,-1.959360838,-0.021719970,-0.024092434,-1.958085418,ros2_odometer_state
M19C_S1_lab_hard_floor_B3_U050_R3,1244.507763131,6.892768150,command,0.500000,-5.585261345,-2.097978115,-1.959360838,-0.021451186,-0.024009882,-1.957848668,ros2_odometer_state
M19C_S1_lab_hard_floor_B3_U050_R3,1244.508455027,6.893460046,command,0.500000,-5.585261345,-2.097978115,-1.959360838,-0.021451186,-0.024009882,-1.957848668,ros2_odometer_state
M19C_S1_lab_hard_floor_B3_U050_R3,1244.511180303,6.896185322,command,0.500000,-5.588590145,-2.108797312,-1.957539916,-0.020852778,-0.024254782,-1.957103729,ros2_odometer_state
M19C_S1_lab_hard_floor_B3_U050_R3,1244.512404664,6.897409683,command,0.500000,-5.588590145,-2.108797312,-1.957539916,-0.020852778,-0.024254782,-1.957103729,ros2_odometer_state
M19C_S1_lab_hard_floor_B3_U050_R3,1244.515224791,6.900229810,command,0.500000,-5.588590145,-2.108797312,-1.957539916,-0.020214407,-0.024713736,-1.955947518,ros2_odometer_state
M19C_S1_lab_hard_floor_B3_U050_R3,1244.517137047,6.902142066,command,0.500000,-5.588590145,-2.108797312,-1.957539916,-0.019856503,-0.024914026,-1.955301046,ros2_odometer_state
M19C_S1_lab_hard_floor_B3_U050_R3,1244.519853171,6.904858190,command,0.500000,-5.588590145,-2.108797312,-1.957539916,-0.019441387,-0.025013842,-1.954563260,ros2_odometer_state
M19C_S1_lab_hard_floor_B3_U050_R3,1244.521227297,6.906232316,command,0.500000,-5.588590145,-2.108797312,-1.957539916,-0.019010987,-0.025072576,-1.953758240,ros2_odometer_state
M19C_S1_lab_hard_floor_B3_U050_R3,1244.522422313,6.907427332,command,0.500000,-5.588590145,-2.108797312,-1.957539916,-0.019010987,-0.025072576,-1.953758240,ros2_odometer_state
M19C_S1_lab_hard_floor_B3_U050_R3,1244.525176582,6.910181601,command,0.500000,-5.588590145,-2.108797312,-1.957539916,-0.018125728,-0.025332771,-1.952387214,ros2_odometer_state
M19C_S1_lab_hard_floor_B3_U050_R3,1244.527202730,6.912207749,command,0.500000,-5.588590145,-2.108797312,-1.957539916,-0.017634746,-0.025622437,-1.951888561,ros2_odometer_state
M19C_S1_lab_hard_floor_B3_U050_R3,1244.529184493,6.914189512,command,0.500000,-5.588590145,-2.108797312,-1.957539916,-0.017119741,-0.025991846,-1.951471686,ros2_odometer_state
M19C_S1_lab_hard_floor_B3_U050_R3,1244.531270803,6.916275822,command,0.500000,-5.594364166,-2.119905949,-1.951471686,-0.016563922,-0.026376167,-1.951067686,ros2_odometer_state
M19C_S1_lab_hard_floor_B3_U050_R3,1244.533193588,6.918198607,command,0.500000,-5.594364166,-2.119905949,-1.951471686,-0.015983041,-0.026735775,-1.950633526,ros2_odometer_state
M19C_S1_lab_hard_floor_B3_U050_R3,1244.535173879,6.920178898,command,0.500000,-5.594364166,-2.119905949,-1.951471686,-0.015408305,-0.027058801,-1.950127840,ros2_odometer_state
M19C_S1_lab_hard_floor_B3_U050_R3,1244.537214395,6.922219414,command,0.500000,-5.594364166,-2.119905949,-1.951471686,-0.014819461,-0.027360857,-1.949593067,ros2_odometer_state
M19C_S1_lab_hard_floor_B3_U050_R3,1244.539715984,6.924721003,command,0.500000,-5.594364166,-2.119905949,-1.951471686,-0.014172579,-0.027657868,-1.949087977,ros2_odometer_state
M19C_S1_lab_hard_floor_B3_U050_R3,1244.541422825,6.926427844,command,0.500000,-5.594364166,-2.119905949,-1.951471686,-0.013484254,-0.027998300,-1.948642254,ros2_odometer_state
M19C_S1_lab_hard_floor_B3_U050_R3,1244.544048930,6.929053949,command,0.500000,-5.594364166,-2.119905949,-1.951471686,-0.012792341,-0.028426101,-1.948329329,ros2_odometer_state
M19C_S1_lab_hard_floor_B3_U050_R3,1244.544579475,6.929584494,command,0.500000,-5.594364166,-2.119905949,-1.951471686,-0.012792341,-0.028426101,-1.948329329,ros2_odometer_state
M19C_S1_lab_hard_floor_B3_U050_R3,1244.547678812,6.932683831,command,0.500000,-5.594364166,-2.119905949,-1.951471686,-0.011358259,-0.029470235,-1.948055625,ros2_odometer_state
M19C_S1_lab_hard_floor_B3_U050_R3,1244.548836035,6.933841054,command,0.500000,-5.594364166,-2.119905949,-1.951471686,-0.011358259,-0.029470235,-1.948055625,ros2_odometer_state
M19C_S1_lab_hard_floor_B3_U050_R3,1244.551353304,6.936358323,command,0.500000,-5.598437309,-2.132111788,-1.948042274,-0.009802705,-0.030639287,-1.948072433,ros2_odometer_state
M19C_S1_lab_hard_floor_B3_U050_R3,1244.554317083,6.939322102,command,0.500000,-5.598437309,-2.132111788,-1.948042274,-0.008995282,-0.031203398,-1.948141098,ros2_odometer_state
M19C_S1_lab_hard_floor_B3_U050_R3,1244.554741226,6.939746245,command,0.500000,-5.598437309,-2.132111788,-1.948042274,-0.008995282,-0.031203398,-1.948141098,ros2_odometer_state
M19C_S1_lab_hard_floor_B3_U050_R3,1244.556442755,6.941447774,command,0.500000,-5.598437309,-2.132111788,-1.948042274,-0.008176994,-0.031752404,-1.948257923,ros2_odometer_state
M19C_S1_lab_hard_floor_B3_U050_R3,1244.559935673,6.944940692,command,0.500000,-5.598437309,-2.132111788,-1.948042274,-0.006589515,-0.032847926,-1.948620200,ros2_odometer_state
M19C_S1_lab_hard_floor_B3_U050_R3,1244.561324423,6.946329442,command,0.500000,-5.598437309,-2.132111788,-1.948042274,-0.005828448,-0.033448536,-1.948835850,ros2_odometer_state
M19C_S1_lab_hard_floor_B3_U050_R3,1244.562486415,6.947491434,command,0.500000,-5.598437309,-2.132111788,-1.948042274,-0.005828448,-0.033448536,-1.948835850,ros2_odometer_state
M19C_S1_lab_hard_floor_B3_U050_R3,1244.565493940,6.950498959,command,0.500000,-5.598437309,-2.132111788,-1.948042274,-0.004359615,-0.034781463,-1.949251533,ros2_odometer_state
M19C_S1_lab_hard_floor_B3_U050_R3,1244.566503414,6.951508433,command,0.500000,-5.598437309,-2.132111788,-1.948042274,-0.004359615,-0.034781463,-1.949251533,ros2_odometer_state
M19C_S1_lab_hard_floor_B3_U050_R3,1244.568425463,6.953430482,command,0.500000,-5.598437309,-2.132111788,-1.948042274,-0.003608664,-0.035479926,-1.949465036,ros2_odometer_state
M19C_S1_lab_hard_floor_B3_U050_R3,1244.571211252,6.956216271,command,0.500000,-5.604101658,-2.146436691,-1.949638605,-0.002059804,-0.036858693,-1.949786067,ros2_odometer_state
M19C_S1_lab_hard_floor_B3_U050_R3,1244.573329340,6.958334359,command,0.500000,-5.604101658,-2.146436691,-1.949638605,-0.001262743,-0.037553791,-1.950013638,ros2_odometer_state
M19C_S1_lab_hard_floor_B3_U050_R3,1244.575207835,6.960212854,command,0.500000,-5.604101658,-2.146436691,-1.949638605,-0.001262743,-0.037553791,-1.950013638,ros2_odometer_state
M19C_S1_lab_hard_floor_B3_U050_R3,1244.577361060,6.962366079,command,0.500000,-5.604101658,-2.146436691,-1.949638605,0.000383212,-0.039053202,-1.950710893,ros2_odometer_state
M19C_S1_lab_hard_floor_B3_U050_R3,1244.579802486,6.964807505,command,0.500000,-5.604101658,-2.146436691,-1.949638605,0.001199494,-0.039857905,-1.951001883,ros2_odometer_state
M19C_S1_lab_hard_floor_B3_U050_R3,1244.581838426,6.966843445,command,0.500000,-5.604101658,-2.146436691,-1.949638605,0.001999015,-0.040690415,-1.951180339,ros2_odometer_state
M19C_S1_lab_hard_floor_B3_U050_R3,1244.583185416,6.968190435,command,0.500000,-5.604101658,-2.146436691,-1.949638605,0.001999015,-0.040690415,-1.951180339,ros2_odometer_state
M19C_S1_lab_hard_floor_B3_U050_R3,1244.587647998,6.972653017,command,0.500000,-5.604101658,-2.146436691,-1.949638605,0.003595619,-0.042429604,-1.951362491,ros2_odometer_state
M19C_S1_lab_hard_floor_B3_U050_R3,1244.588748195,6.973753214,command,0.500000,-5.604101658,-2.146436691,-1.949638605,0.004400538,-0.043328412,-1.951455116,ros2_odometer_state
M19C_S1_lab_hard_floor_B3_U050_R3,1244.589643265,6.974648284,command,0.500000,-5.604101658,-2.146436691,-1.949638605,0.005239537,-0.044229485,-1.951579571,ros2_odometer_state
M19C_S1_lab_hard_floor_B3_U050_R3,1244.591423389,6.976428408,command,0.500000,-5.608679771,-2.161208391,-1.951579571,0.006114734,-0.045127228,-1.951710939,ros2_odometer_state
M19C_S1_lab_hard_floor_B3_U050_R3,1244.593299260,6.978304279,command,0.500000,-5.608679771,-2.161208391,-1.951579571,0.007010278,-0.046032820,-1.951797605,ros2_odometer_state
M19C_S1_lab_hard_floor_B3_U050_R3,1244.595283551,6.980288570,command,0.500000,-5.608679771,-2.161208391,-1.951579571,0.007898983,-0.046959255,-1.951799989,ros2_odometer_state
M19C_S1_lab_hard_floor_B3_U050_R3,1244.597274850,6.982279869,command,0.500000,-5.608679771,-2.161208391,-1.951579571,0.008787259,-0.047904726,-1.951726556,ros2_odometer_state
M19C_S1_lab_hard_floor_B3_U050_R3,1244.599876570,6.984881589,command,0.500000,-5.608679771,-2.161208391,-1.951579571,0.009686947,-0.048864011,-1.951618075,ros2_odometer_state
M19C_S1_lab_hard_floor_B3_U050_R3,1244.601422030,6.986427049,command,0.500000,-5.608679771,-2.161208391,-1.951579571,0.010618500,-0.049817029,-1.951491594,ros2_odometer_state
M19C_S1_lab_hard_floor_B3_U050_R3,1244.603340719,6.988345738,command,0.500000,-5.608679771,-2.161208391,-1.951579571,0.011587300,-0.050761264,-1.951343179,ros2_odometer_state
M19C_S1_lab_hard_floor_B3_U050_R3,1244.606785155,6.991790174,command,0.500000,-5.608679771,-2.161208391,-1.951579571,0.012582288,-0.051701024,-1.951181769,ros2_odometer_state
M19C_S1_lab_hard_floor_B3_U050_R3,1244.607778564,6.992783583,command,0.500000,-5.608679771,-2.161208391,-1.951579571,0.013614432,-0.052657660,-1.951017022,ros2_odometer_state
M19C_S1_lab_hard_floor_B3_U050_R3,1244.609377690,6.994382709,command,0.500000,-5.608679771,-2.161208391,-1.951579571,0.014677081,-0.053636670,-1.950826406,ros2_odometer_state
M19C_S1_lab_hard_floor_B3_U050_R3,1244.611430943,6.996435962,command,0.500000,-5.613857269,-2.175839424,-1.950826406,0.015756311,-0.054632887,-1.950598955,ros2_odometer_state
M19C_S1_lab_hard_floor_B3_U050_R3,1244.613343935,6.998348954,command,0.500000,-5.613857269,-2.175839424,-1.950826406,0.016861418,-0.055640373,-1.950320363,ros2_odometer_state
M19C_S1_lab_hard_floor_B3_U050_R3,1244.615255808,7.000260827,command,0.500000,-5.613857269,-2.175839424,-1.950826406,0.017978251,-0.056657311,-1.949995279,ros2_odometer_state
M19C_S1_lab_hard_floor_B3_U050_R3,1244.616561708,7.001566727,command,0.500000,-5.613857269,-2.175839424,-1.950826406,0.017978251,-0.056657311,-1.949995279,ros2_odometer_state
M19C_S1_lab_hard_floor_B3_U050_R3,1244.620826011,7.005831030,command,0.500000,-5.613857269,-2.175839424,-1.950826406,0.020256596,-0.058757696,-1.949311018,ros2_odometer_state
M19C_S1_lab_hard_floor_B3_U050_R3,1244.621698521,7.006703540,command,0.500000,-5.613857269,-2.175839424,-1.950826406,0.021417860,-0.059820723,-1.948905468,ros2_odometer_state
M19C_S1_lab_hard_floor_B3_U050_R3,1244.623252173,7.008257192,command,0.500000,-5.613857269,-2.175839424,-1.950826406,0.022585247,-0.060868755,-1.948378563,ros2_odometer_state
M19C_S1_lab_hard_floor_B3_U050_R3,1244.624817186,7.009822205,command,0.500000,-5.613857269,-2.175839424,-1.950826406,0.022585247,-0.060868755,-1.948378563,ros2_odometer_state
M19C_S1_lab_hard_floor_B3_U050_R3,1244.627311318,7.012316337,command,0.500000,-5.613857269,-2.175839424,-1.950826406,0.024944289,-0.062907964,-1.947244883,ros2_odometer_state
M19C_S1_lab_hard_floor_B3_U050_R3,1244.629879724,7.014884743,command,0.500000,-5.613857269,-2.175839424,-1.950826406,0.024944289,-0.062907964,-1.947244883,ros2_odometer_state
M19C_S1_lab_hard_floor_B3_U050_R3,1244.631125398,7.016130417,command,0.500000,-5.619560242,-2.191801548,-1.946782470,0.026169935,-0.063937560,-1.946782470,ros2_odometer_state
M19C_S1_lab_hard_floor_B3_U050_R3,1244.633393123,7.018398142,command,0.500000,-5.619560242,-2.191801548,-1.946782470,0.028735308,-0.066030316,-1.945966482,ros2_odometer_state
M19C_S1_lab_hard_floor_B3_U050_R3,1244.635420775,7.020425794,command,0.500000,-5.619560242,-2.191801548,-1.946782470,0.030069260,-0.067115702,-1.945501685,ros2_odometer_state
M19C_S1_lab_hard_floor_B3_U050_R3,1244.636579758,7.021584777,command,0.500000,-5.619560242,-2.191801548,-1.946782470,0.030069260,-0.067115702,-1.945501685,ros2_odometer_state
M19C_S1_lab_hard_floor_B3_U050_R3,1244.639272457,7.024277476,command,0.500000,-5.619560242,-2.191801548,-1.946782470,0.031426348,-0.068244845,-1.945047140,ros2_odometer_state
M19C_S1_lab_hard_floor_B3_U050_R3,1244.640636887,7.025641906,command,0.500000,-5.619560242,-2.191801548,-1.946782470,0.032799464,-0.069416426,-1.944607973,ros2_odometer_state
M19C_S1_lab_hard_floor_B3_U050_R3,1244.643655772,7.028660791,command,0.500000,-5.619560242,-2.191801548,-1.946782470,0.035616975,-0.071801350,-1.943652630,ros2_odometer_state
M19C_S1_lab_hard_floor_B3_U050_R3,1244.644861957,7.029866976,command,0.500000,-5.619560242,-2.191801548,-1.946782470,0.035616975,-0.071801350,-1.943652630,ros2_odometer_state
M19C_S1_lab_hard_floor_B3_U050_R3,1244.646576703,7.031581722,command,0.500000,-5.619560242,-2.191801548,-1.946782470,0.037048154,-0.072955124,-1.943085313,ros2_odometer_state
M19C_S1_lab_hard_floor_B3_U050_R3,1244.649365661,7.034370680,command,0.500000,-5.619560242,-2.191801548,-1.946782470,0.039932981,-0.075147189,-1.942099452,ros2_odometer_state
M19C_S1_lab_hard_floor_B3_U050_R3,1244.651746349,7.036751368,command,0.500000,-5.626812935,-2.209862947,-1.942099452,0.041405682,-0.076188035,-1.941738725,ros2_odometer_state
M19C_S1_lab_hard_floor_B3_U050_R3,1244.653395364,7.038400383,command,0.500000,-5.626812935,-2.209862947,-1.942099452,0.042877916,-0.077260129,-1.941324830,ros2_odometer_state
M19C_S1_lab_hard_floor_B3_U050_R3,1244.654643374,7.039648393,command,0.500000,-5.626812935,-2.209862947,-1.942099452,0.042877916,-0.077260129,-1.941324830,ros2_odometer_state
M19C_S1_lab_hard_floor_B3_U050_R3,1244.656663954,7.041668973,command,0.500000,-5.626812935,-2.209862947,-1.942099452,0.044196457,-0.078487284,-1.940583348,ros2_odometer_state
M19C_S1_lab_hard_floor_B3_U050_R3,1244.659281163,7.044286182,command,0.500000,-5.626812935,-2.209862947,-1.942099452,0.045204852,-0.079824917,-1.939793944,ros2_odometer_state
M19C_S1_lab_hard_floor_B3_U050_R3,1244.660684890,7.045689909,command,0.500000,-5.626812935,-2.209862947,-1.942099452,0.046071094,-0.081141748,-1.939289212,ros2_odometer_state
M19C_S1_lab_hard_floor_B3_U050_R3,1244.663172366,7.048177385,command,0.500000,-5.626812935,-2.209862947,-1.942099452,0.046821371,-0.082415052,-1.939022899,ros2_odometer_state
M19C_S1_lab_hard_floor_B3_U050_R3,1244.664872583,7.049877602,command,0.500000,-5.626812935,-2.209862947,-1.942099452,0.047437083,-0.083610304,-1.938846707,ros2_odometer_state
M19C_S1_lab_hard_floor_B3_U050_R3,1244.666755846,7.051760865,command,0.500000,-5.626812935,-2.209862947,-1.942099452,0.047995184,-0.084675841,-1.938559413,ros2_odometer_state
M19C_S1_lab_hard_floor_B3_U050_R3,1244.668900175,7.053905194,command,0.500000,-5.626812935,-2.209862947,-1.942099452,0.048447657,-0.085637137,-1.938071966,ros2_odometer_state
M19C_S1_lab_hard_floor_B3_U050_R3,1244.670898386,7.055903405,command,0.500000,-5.634720802,-2.227155447,-1.937584639,0.048732106,-0.086519577,-1.937584639,ros2_odometer_state
M19C_S1_lab_hard_floor_B3_U050_R3,1244.672817299,7.057822318,command,0.500000,-5.634720802,-2.227155447,-1.937584639,0.048840974,-0.087353140,-1.937295437,ros2_odometer_state
M19C_S1_lab_hard_floor_B3_U050_R3,1244.674852471,7.059857490,command,0.500000,-5.634720802,-2.227155447,-1.937584639,0.048764240,-0.088187620,-1.937139153,ros2_odometer_state
M19C_S1_lab_hard_floor_B3_U050_R3,1244.676820249,7.061825268,command,0.500000,-5.634720802,-2.227155447,-1.937584639,0.048553888,-0.089078486,-1.936976314,ros2_odometer_state
M19C_S1_lab_hard_floor_B3_U050_R3,1244.680166314,7.065171333,command,0.500000,-5.634720802,-2.227155447,-1.937584639,0.047729161,-0.091116317,-1.936426163,ros2_odometer_state
M19C_S1_lab_hard_floor_B3_U050_R3,1244.680835041,7.065840060,command,0.500000,-5.634720802,-2.227155447,-1.937584639,0.047729161,-0.091116317,-1.936426163,ros2_odometer_state
M19C_S1_lab_hard_floor_B3_U050_R3,1244.682875557,7.067880576,command,0.500000,-5.634720802,-2.227155447,-1.937584639,0.047092602,-0.092166327,-1.936053753,ros2_odometer_state
M19C_S1_lab_hard_floor_B3_U050_R3,1244.684803718,7.069808737,command,0.500000,-5.634720802,-2.227155447,-1.937584639,0.046356048,-0.093153089,-1.935492992,ros2_odometer_state
M19C_S1_lab_hard_floor_B3_U050_R3,1244.686708742,7.071713761,command,0.500000,-5.634720802,-2.227155447,-1.937584639,0.045542233,-0.094041929,-1.934674025,ros2_odometer_state
M19C_S1_lab_hard_floor_B3_U050_R3,1244.688706730,7.073711749,command,0.500000,-5.634720802,-2.227155447,-1.937584639,0.044751659,-0.094836295,-1.933781266,ros2_odometer_state
M19C_S1_lab_hard_floor_B3_U050_R3,1244.690721198,7.075726217,command,0.500000,-5.646793842,-2.242289782,-1.933033228,0.044075139,-0.095586404,-1.933033228,ros2_odometer_state
M19C_S1_lab_hard_floor_B3_U050_R3,1244.693627567,7.078632586,command,0.500000,-5.646793842,-2.242289782,-1.933033228,0.043013886,-0.097019501,-1.931894660,ros2_odometer_state
M19C_S1_lab_hard_floor_B3_U050_R3,1244.695539760,7.080544779,command,0.500000,-5.646793842,-2.242289782,-1.933033228,0.042557381,-0.097613618,-1.931403756,ros2_odometer_state
M19C_S1_lab_hard_floor_B3_U050_R3,1244.697513906,7.082518925,command,0.500000,-5.646793842,-2.242289782,-1.933033228,0.042131338,-0.098070160,-1.930953503,ros2_odometer_state
M19C_S1_lab_hard_floor_B3_U050_R3,1244.699408466,7.084413485,command,0.500000,-5.646793842,-2.242289782,-1.933033228,0.042131338,-0.098070160,-1.930953503,ros2_odometer_state
M19C_S1_lab_hard_floor_B3_U050_R3,1244.701604540,7.086609559,command,0.500000,-5.646793842,-2.242289782,-1.933033228,0.041382272,-0.098618768,-1.930124402,ros2_odometer_state
M19C_S1_lab_hard_floor_B3_U050_R3,1244.703607808,7.088612827,command,0.500000,-5.646793842,-2.242289782,-1.933033228,0.041134167,-0.098800249,-1.929814577,ros2_odometer_state
M19C_S1_lab_hard_floor_B3_U050_R3,1244.705596227,7.090601246,command,0.500000,-5.646793842,-2.242289782,-1.933033228,0.040956311,-0.098928913,-1.929607749,ros2_odometer_state
M19C_S1_lab_hard_floor_B3_U050_R3,1244.709095256,7.094100275,command,0.500000,-5.646793842,-2.242289782,-1.933033228,0.040812176,-0.099019378,-1.929461122,ros2_odometer_state
M19C_S1_lab_hard_floor_B3_U050_R3,1244.709652715,7.094657734,command,0.500000,-5.646793842,-2.242289782,-1.933033228,0.040812176,-0.099019378,-1.929461122,ros2_odometer_state
M19C_S1_lab_hard_floor_B3_U050_R3,1244.711650350,7.096655369,command,0.500000,-5.659070969,-2.255638838,-1.929274440,0.040687840,-0.099101208,-1.929274440,ros2_odometer_state
M19C_S1_lab_hard_floor_B3_U050_R3,1244.716716217,7.101721236,command,0.500000,-5.659070969,-2.255638838,-1.929274440,0.040539768,-0.099172167,-1.929002762,ros2_odometer_state
M19C_S1_lab_hard_floor_B3_U050_R3,1244.717855423,7.102860442,command,0.500000,-5.659070969,-2.255638838,-1.929274440,0.040374860,-0.099259838,-1.928746343,ros2_odometer_state
M19C_S1_lab_hard_floor_B3_U050_R3,1244.719201421,7.104206440,command,0.500000,-5.659070969,-2.255638838,-1.929274440,0.040234316,-0.099414736,-1.928610206,ros2_odometer_state
M19C_S1_lab_hard_floor_B3_U050_R3,1244.720656734,7.105661753,command,0.500000,-5.659070969,-2.255638838,-1.929274440,0.040132605,-0.099643514,-1.928616047,ros2_odometer_state
M19C_S1_lab_hard_floor_B3_U050_R3,1244.721698817,7.106703836,command,0.500000,-5.659070969,-2.255638838,-1.929274440,0.040070426,-0.099934027,-1.928682089,ros2_odometer_state
M19C_S1_lab_hard_floor_B3_U050_R3,1244.722929354,7.107934373,command,0.500000,-5.659070969,-2.255638838,-1.929274440,0.040019333,-0.100268058,-1.928745508,ros2_odometer_state
M19C_S1_lab_hard_floor_B3_U050_R3,1244.725573987,7.110579006,command,0.500000,-5.659070969,-2.255638838,-1.929274440,0.039766528,-0.100867093,-1.928800225,ros2_odometer_state
M19C_S1_lab_hard_floor_B3_U050_R3,1244.727572615,7.112577634,command,0.500000,-5.659070969,-2.255638838,-1.929274440,0.039507985,-0.101036020,-1.928683758,ros2_odometer_state
M19C_S1_lab_hard_floor_B3_U050_R3,1244.729661869,7.114666888,command,0.500000,-5.659070969,-2.255638838,-1.929274440,0.039207861,-0.101133049,-1.928552151,ros2_odometer_state
M19C_S1_lab_hard_floor_B3_U050_R3,1244.731633263,7.116638282,command,0.500000,-5.668661594,-2.269162893,-1.928552151,0.038912483,-0.101225391,-1.928528428,ros2_odometer_state
M19C_S1_lab_hard_floor_B3_U050_R3,1244.733611090,7.118616109,command,0.500000,-5.668661594,-2.269162893,-1.928552151,0.038679719,-0.101355739,-1.928632498,ros2_odometer_state
M19C_S1_lab_hard_floor_B3_U050_R3,1244.735644599,7.120649618,command,0.500000,-5.668661594,-2.269162893,-1.928552151,0.038544580,-0.101505920,-1.928807378,ros2_odometer_state
M19C_S1_lab_hard_floor_B3_U050_R3,1244.737585560,7.122590579,command,0.500000,-5.668661594,-2.269162893,-1.928552151,0.038481086,-0.101655304,-1.929002047,ros2_odometer_state
M19C_S1_lab_hard_floor_B3_U050_R3,1244.740122253,7.125127272,command,0.500000,-5.668661594,-2.269162893,-1.928552151,0.038461868,-0.101782613,-1.929184914,ros2_odometer_state
M19C_S1_lab_hard_floor_B3_U050_R3,1244.741634080,7.126639099,command,0.500000,-5.668661594,-2.269162893,-1.928552151,0.038435396,-0.101871110,-1.929319859,ros2_odometer_state
M19C_S1_lab_hard_floor_B3_U050_R3,1244.743631620,7.128636639,command,0.500000,-5.668661594,-2.269162893,-1.928552151,0.038392875,-0.101910301,-1.929407001,ros2_odometer_state
M19C_S1_lab_hard_floor_B3_U050_R3,1244.746239227,7.131244246,command,0.500000,-5.668661594,-2.269162893,-1.928552151,0.038364228,-0.101893537,-1.929444551,ros2_odometer_state
M19C_S1_lab_hard_floor_B3_U050_R3,1244.747223005,7.132228024,command,0.500000,-5.668661594,-2.269162893,-1.928552151,0.038364228,-0.101893537,-1.929444551,ros2_odometer_state
M19C_S1_lab_hard_floor_B3_U050_R3,1244.749187487,7.134192506,command,0.500000,-5.668661594,-2.269162893,-1.928552151,0.038349953,-0.101841427,-1.929426551,ros2_odometer_state
M19C_S1_lab_hard_floor_B3_U050_R3,1244.751287557,7.136292576,command,0.500000,-5.676723480,-2.281343460,-1.929403305,0.038361710,-0.101782583,-1.929403305,ros2_odometer_state
M19C_S1_lab_hard_floor_B3_U050_R3,1244.755117574,7.140122593,command,0.500000,-5.676723480,-2.281343460,-1.929403305,0.038517065,-0.101707898,-1.929482818,ros2_odometer_state
M19C_S1_lab_hard_floor_B3_U050_R3,1244.756043590,7.141048609,command,0.500000,-5.676723480,-2.281343460,-1.929403305,0.038624369,-0.101744384,-1.929587126,ros2_odometer_state
M19C_S1_lab_hard_floor_B3_U050_R3,1244.757619419,7.142624438,command,0.500000,-5.676723480,-2.281343460,-1.929403305,0.038738254,-0.101836510,-1.929720879,ros2_odometer_state
M19C_S1_lab_hard_floor_B3_U050_R3,1244.760253107,7.145258126,command,0.500000,-5.676723480,-2.281343460,-1.929403305,0.038851462,-0.101968691,-1.929885507,ros2_odometer_state
M19C_S1_lab_hard_floor_B3_U050_R3,1244.761688132,7.146693151,command,0.500000,-5.676723480,-2.281343460,-1.929403305,0.038956005,-0.102129370,-1.930091739,ros2_odometer_state
M19C_S1_lab_hard_floor_B3_U050_R3,1244.763702472,7.148707491,command,0.500000,-5.676723480,-2.281343460,-1.929403305,0.039051458,-0.102295510,-1.930345178,ros2_odometer_state
M19C_S1_lab_hard_floor_B3_U050_R3,1244.765671754,7.150676773,command,0.500000,-5.676723480,-2.281343460,-1.929403305,0.039171316,-0.102435648,-1.930627108,ros2_odometer_state
M19C_S1_lab_hard_floor_B3_U050_R3,1244.767667085,7.152672104,command,0.500000,-5.676723480,-2.281343460,-1.929403305,0.039315864,-0.102504201,-1.930864334,ros2_odometer_state
M19C_S1_lab_hard_floor_B3_U050_R3,1244.769697361,7.154702380,command,0.500000,-5.676723480,-2.281343460,-1.929403305,0.039464086,-0.102481067,-1.931008220,ros2_odometer_state
M19C_S1_lab_hard_floor_B3_U050_R3,1244.771075776,7.156080795,command,0.500000,-5.683652878,-2.292252302,-1.931008220,0.039464086,-0.102481067,-1.931008220,ros2_odometer_state
M19C_S1_lab_hard_floor_B3_U050_R3,1244.773213352,7.158218371,command,0.500000,-5.683652878,-2.292252302,-1.931008220,0.039621282,-0.102402791,-1.931102157,ros2_odometer_state
M19C_S1_lab_hard_floor_B3_U050_R3,1244.775074791,7.160079810,command,0.500000,-5.683652878,-2.292252302,-1.931008220,0.039791498,-0.102316745,-1.931210279,ros2_odometer_state
M19C_S1_lab_hard_floor_B3_U050_R3,1244.777139148,7.162144167,command,0.500000,-5.683652878,-2.292252302,-1.931008220,0.039961301,-0.102257788,-1.931344986,ros2_odometer_state
M19C_S1_lab_hard_floor_B3_U050_R3,1244.780328120,7.165333139,command,0.500000,-5.683652878,-2.292252302,-1.931008220,0.040334977,-0.102321595,-1.931724191,ros2_odometer_state
M19C_S1_lab_hard_floor_B3_U050_R3,1244.781691781,7.166696800,command,0.500000,-5.683652878,-2.292252302,-1.931008220,0.040551107,-0.102439746,-1.931954741,ros2_odometer_state
M19C_S1_lab_hard_floor_B3_U050_R3,1244.783062356,7.168067375,command,0.500000,-5.683652878,-2.292252302,-1.931008220,0.040551107,-0.102439746,-1.931954741,ros2_odometer_state
M19C_S1_lab_hard_floor_B3_U050_R3,1244.784900786,7.169905805,command,0.500000,-5.683652878,-2.292252302,-1.931008220,0.040795777,-0.102547124,-1.932185531,ros2_odometer_state
M19C_S1_lab_hard_floor_B3_U050_R3,1244.787628461,7.172633480,command,0.500000,-5.683652878,-2.292252302,-1.931008220,0.041303519,-0.102576956,-1.932499290,ros2_odometer_state
M19C_S1_lab_hard_floor_B3_U050_R3,1244.789779286,7.174784305,command,0.500000,-5.683652878,-2.292252302,-1.931008220,0.041510832,-0.102460079,-1.932600617,ros2_odometer_state
M19C_S1_lab_hard_floor_B3_U050_R3,1244.791956159,7.176961178,command,0.500000,-5.689908981,-2.304169416,-1.932600617,0.041687712,-0.102327883,-1.932719350,ros2_odometer_state
M19C_S1_lab_hard_floor_B3_U050_R3,1244.793696250,7.178701269,command,0.500000,-5.689908981,-2.304169416,-1.932600617,0.041875552,-0.102272689,-1.932916999,ros2_odometer_state
M19C_S1_lab_hard_floor_B3_U050_R3,1244.795880899,7.180885918,command,0.500000,-5.689908981,-2.304169416,-1.932600617,0.042108566,-0.102325536,-1.933188200,ros2_odometer_state
M19C_S1_lab_hard_floor_B3_U050_R3,1244.796916038,7.181921057,command,0.500000,-5.689908981,-2.304169416,-1.932600617,0.042108566,-0.102325536,-1.933188200,ros2_odometer_state
M19C_S1_lab_hard_floor_B3_U050_R3,1244.800286264,7.185291283,command,0.500000,-5.689908981,-2.304169416,-1.932600617,0.042585649,-0.102477305,-1.933645129,ros2_odometer_state
M19C_S1_lab_hard_floor_B3_U050_R3,1244.801815595,7.186820614,command,0.500000,-5.689908981,-2.304169416,-1.932600617,0.042780589,-0.102478266,-1.933787465,ros2_odometer_state
M19C_S1_lab_hard_floor_B3_U050_R3,1244.803763213,7.188768232,command,0.500000,-5.689908981,-2.304169416,-1.932600617,0.042953089,-0.102444880,-1.933932304,ros2_odometer_state
M19C_S1_lab_hard_floor_B3_U050_R3,1244.805689742,7.190694761,command,0.500000,-5.689908981,-2.304169416,-1.932600617,0.043096852,-0.102381438,-1.934132457,ros2_odometer_state
M19C_S1_lab_hard_floor_B3_U050_R3,1244.807976827,7.192981846,command,0.500000,-5.689908981,-2.304169416,-1.932600617,0.043206319,-0.102278799,-1.934388041,ros2_odometer_state
M19C_S1_lab_hard_floor_B3_U050_R3,1244.810042016,7.195047035,command,0.500000,-5.689908981,-2.304169416,-1.932600617,0.043280862,-0.102155797,-1.934648633,ros2_odometer_state
M19C_S1_lab_hard_floor_B3_U050_R3,1244.811068227,7.196073246,command,0.500000,-5.695801735,-2.316440105,-1.934648633,0.043280862,-0.102155797,-1.934648633,ros2_odometer_state
M19C_S1_lab_hard_floor_B3_U050_R3,1244.814000102,7.199005121,command,0.500000,-5.695801735,-2.316440105,-1.934648633,0.043380640,-0.101932608,-1.935009599,ros2_odometer_state
M19C_S1_lab_hard_floor_B3_U050_R3,1244.815970952,7.200975971,command,0.500000,-5.695801735,-2.316440105,-1.934648633,0.043429792,-0.101842985,-1.935117006,ros2_odometer_state
M19C_S1_lab_hard_floor_B3_U050_R3,1244.817048172,7.202053191,command,0.500000,-5.695801735,-2.316440105,-1.934648633,0.043429792,-0.101842985,-1.935117006,ros2_odometer_state
M19C_S1_lab_hard_floor_B3_U050_R3,1244.819610531,7.204615550,command,0.500000,-5.695801735,-2.316440105,-1.934648633,0.043491084,-0.101775266,-1.935227394,ros2_odometer_state
M19C_S1_lab_hard_floor_B3_U050_R3,1244.821125878,7.206130897,command,0.500000,-5.695801735,-2.316440105,-1.934648633,0.043571889,-0.101738222,-1.935369015,ros2_odometer_state
M19C_S1_lab_hard_floor_B3_U050_R3,1244.823330464,7.208335483,command,0.500000,-5.695801735,-2.316440105,-1.934648633,0.043629944,-0.101728320,-1.935551763,ros2_odometer_state
M19C_S1_lab_hard_floor_B3_U050_R3,1244.825155165,7.210160184,command,0.500000,-5.695801735,-2.316440105,-1.934648633,0.043634608,-0.101733595,-1.935747504,ros2_odometer_state
M19C_S1_lab_hard_floor_B3_U050_R3,1244.827063742,7.212068761,command,0.500000,-5.695801735,-2.316440105,-1.934648633,0.043573070,-0.101732202,-1.935910821,ros2_odometer_state
M19C_S1_lab_hard_floor_B3_U050_R3,1244.829161220,7.214166239,command,0.500000,-5.695801735,-2.316440105,-1.934648633,0.043455604,-0.101721615,-1.936039925,ros2_odometer_state
M19C_S1_lab_hard_floor_B3_U050_R3,1244.831039844,7.216044863,command,0.500000,-5.701499462,-2.328916550,-1.936146736,0.043304548,-0.101708435,-1.936146736,ros2_odometer_state
M19C_S1_lab_hard_floor_B3_U050_R3,1244.832968548,7.217973567,command,0.500000,-5.701499462,-2.328916550,-1.936146736,0.043132514,-0.101692423,-1.936236858,ros2_odometer_state
M19C_S1_lab_hard_floor_B3_U050_R3,1244.834940615,7.219945634,command,0.500000,-5.701499462,-2.328916550,-1.936146736,0.042957433,-0.101665616,-1.936296582,ros2_odometer_state
M19C_S1_lab_hard_floor_B3_U050_R3,1244.837851049,7.222856068,command,0.500000,-5.701499462,-2.328916550,-1.936146736,0.042588506,-0.101507358,-1.936328769,ros2_odometer_state
M19C_S1_lab_hard_floor_B3_U050_R3,1244.841761837,7.226766856,command,0.500000,-5.701499462,-2.328916550,-1.936146736,0.042400602,-0.101378009,-1.936345935,ros2_odometer_state
M19C_S1_lab_hard_floor_B3_U050_R3,1244.842964725,7.227969744,command,0.500000,-5.701499462,-2.328916550,-1.936146736,0.042213846,-0.101244576,-1.936396956,ros2_odometer_state
M19C_S1_lab_hard_floor_B3_U050_R3,1244.843621163,7.228626182,command,0.500000,-5.701499462,-2.328916550,-1.936146736,0.042213846,-0.101244576,-1.936396956,ros2_odometer_state
M19C_S1_lab_hard_floor_B3_U050_R3,1244.845456265,7.230461284,command,0.500000,-5.701499462,-2.328916550,-1.936146736,0.041997366,-0.101126000,-1.936467528,ros2_odometer_state
M19C_S1_lab_hard_floor_B3_U050_R3,1244.848274536,7.233279555,command,0.500000,-5.701499462,-2.328916550,-1.936146736,0.041455727,-0.101001717,-1.936585307,ros2_odometer_state
M19C_S1_lab_hard_floor_B3_U050_R3,1244.850430801,7.235435820,command,0.500000,-5.701499462,-2.328916550,-1.936146736,0.041093431,-0.100973129,-1.936584115,ros2_odometer_state
M19C_S1_lab_hard_floor_B3_U050_R3,1244.851056294,7.236061313,command,0.500000,-5.707166195,-2.341038942,-1.936584115,0.041093431,-0.100973129,-1.936584115,ros2_odometer_state
M19C_S1_lab_hard_floor_B3_U050_R3,1244.853114283,7.238119302,command,0.500000,-5.707166195,-2.341038942,-1.936584115,0.040665761,-0.100951128,-1.936517715,ros2_odometer_state
M19C_S1_lab_hard_floor_B3_U050_R3,1244.855899689,7.240904708,command,0.500000,-5.707166195,-2.341038942,-1.936584115,0.039737038,-0.100900754,-1.936219931,ros2_odometer_state
M19C_S1_lab_hard_floor_B3_U050_R3,1244.858008848,7.243013867,command,0.500000,-5.707166195,-2.341038942,-1.936584115,0.039286755,-0.100865237,-1.936075449,ros2_odometer_state
M19C_S1_lab_hard_floor_B3_U050_R3,1244.861596809,7.246601828,command,0.500000,-5.707166195,-2.341038942,-1.936584115,0.038865037,-0.100830145,-1.935948610,ros2_odometer_state
M19C_S1_lab_hard_floor_B3_U050_R3,1244.862821810,7.247826829,command,0.500000,-5.707166195,-2.341038942,-1.936584115,0.038456485,-0.100799561,-1.935807109,ros2_odometer_state
M19C_S1_lab_hard_floor_B3_U050_R3,1244.863331651,7.248336670,command,0.500000,-5.707166195,-2.341038942,-1.936584115,0.038456485,-0.100799561,-1.935807109,ros2_odometer_state
M19C_S1_lab_hard_floor_B3_U050_R3,1244.866662163,7.251667182,command,0.500000,-5.707166195,-2.341038942,-1.936584115,0.037630320,-0.100824952,-1.935472250,ros2_odometer_state
M19C_S1_lab_hard_floor_B3_U050_R3,1244.867051392,7.252056411,command,0.500000,-5.707166195,-2.341038942,-1.936584115,0.037630320,-0.100824952,-1.935472250,ros2_odometer_state
M19C_S1_lab_hard_floor_B3_U050_R3,1244.869870943,7.254875962,command,0.500000,-5.707166195,-2.341038942,-1.936584115,0.036682487,-0.100961208,-1.935200810,ros2_odometer_state
M19C_S1_lab_hard_floor_B3_U050_R3,1244.872123755,7.257128774,command,0.500000,-5.714026928,-2.353408098,-1.935200810,0.036124531,-0.100999013,-1.935042858,ros2_odometer_state
M19C_S1_lab_hard_floor_B3_U050_R3,1244.873836933,7.258841952,command,0.500000,-5.714026928,-2.353408098,-1.935200810,0.035531316,-0.100983784,-1.934801817,ros2_odometer_state
M19C_S1_lab_hard_floor_B3_U050_R3,1244.876537312,7.261542331,command,0.500000,-5.714026928,-2.353408098,-1.935200810,0.034941327,-0.100910679,-1.934494972,ros2_odometer_state
M19C_S1_lab_hard_floor_B3_U050_R3,1244.878629254,7.263634273,command,0.500000,-5.714026928,-2.353408098,-1.935200810,0.034380954,-0.100781180,-1.934158921,ros2_odometer_state
M19C_S1_lab_hard_floor_B3_U050_R3,1244.879834383,7.264839402,command,0.500000,-5.714026928,-2.353408098,-1.935200810,0.034380954,-0.100781180,-1.934158921,ros2_odometer_state
M19C_S1_lab_hard_floor_B3_U050_R3,1244.881641548,7.266646567,command,0.500000,-5.714026928,-2.353408098,-1.935200810,0.033875983,-0.100619525,-1.933850646,ros2_odometer_state
M19C_S1_lab_hard_floor_B3_U050_R3,1244.884439594,7.269444613,command,0.500000,-5.714026928,-2.353408098,-1.935200810,0.032892905,-0.100302398,-1.933254957,ros2_odometer_state
M19C_S1_lab_hard_floor_B3_U050_R3,1244.885889723,7.270894742,command,0.500000,-5.714026928,-2.353408098,-1.935200810,0.032385502,-0.100153290,-1.932948709,ros2_odometer_state
M19C_S1_lab_hard_floor_B3_U050_R3,1244.889397201,7.274402220,command,0.500000,-5.714026928,-2.353408098,-1.935200810,0.032385502,-0.100153290,-1.932948709,ros2_odometer_state
M19C_S1_lab_hard_floor_B3_U050_R3,1244.892053578,7.277058597,command,0.500000,-5.714026928,-2.353408098,-1.935200810,0.031913541,-0.100035623,-1.932677388,ros2_odometer_state
M19C_S1_lab_hard_floor_B3_U050_R3,1244.893101326,7.278106345,command,0.500000,-5.720872879,-2.364638329,-1.932428956,0.031465005,-0.099954583,-1.932428956,ros2_odometer_state
M19C_S1_lab_hard_floor_B3_U050_R3,1244.894045998,7.279051017,command,0.500000,-5.720872879,-2.364638329,-1.932428956,0.031054741,-0.099899098,-1.932182908,ros2_odometer_state
M19C_S1_lab_hard_floor_B3_U050_R3,1244.895866379,7.280871398,command,0.500000,-5.720872879,-2.364638329,-1.932428956,0.030293226,-0.099763341,-1.931686759,ros2_odometer_state
M19C_S1_lab_hard_floor_B3_U050_R3,1244.897914416,7.282919435,command,0.500000,-5.720872879,-2.364638329,-1.932428956,0.029889775,-0.099625088,-1.931422949,ros2_odometer_state
M19C_S1_lab_hard_floor_B3_U050_R3,1244.899926036,7.284931055,command,0.500000,-5.720872879,-2.364638329,-1.932428956,0.029889775,-0.099625088,-1.931422949,ros2_odometer_state
M19C_S1_lab_hard_floor_B3_U050_R3,1244.901952056,7.286957075,command,0.500000,-5.720872879,-2.364638329,-1.932428956,0.028973974,-0.099171877,-1.930908799,ros2_odometer_state
M19C_S1_lab_hard_floor_B3_U050_R3,1244.903159073,7.288164092,command,0.500000,-5.720872879,-2.364638329,-1.932428956,0.028973974,-0.099171877,-1.930908799,ros2_odometer_state
M19C_S1_lab_hard_floor_B3_U050_R3,1244.906136357,7.291141376,command,0.500000,-5.720872879,-2.364638329,-1.932428956,0.028015487,-0.098672390,-1.930362463,ros2_odometer_state
M19C_S1_lab_hard_floor_B3_U050_R3,1244.908154441,7.293159460,command,0.500000,-5.720872879,-2.364638329,-1.932428956,0.027649576,-0.098495714,-1.930111170,ros2_odometer_state
M19C_S1_lab_hard_floor_B3_U050_R3,1244.909920036,7.294925055,command,0.500000,-5.720872879,-2.364638329,-1.932428956,0.027307535,-0.098357454,-1.929874063,ros2_odometer_state
M19C_S1_lab_hard_floor_B3_U050_R3,1244.912241330,7.297246349,command,0.500000,-5.726513863,-2.375950336,-1.929874063,0.027005432,-0.098214909,-1.929645181,ros2_odometer_state
M19C_S1_lab_hard_floor_B3_U050_R3,1244.913231316,7.298236335,command,0.500000,-5.726513863,-2.375950336,-1.929874063,0.027005432,-0.098214909,-1.929645181,ros2_odometer_state
M19C_S1_lab_hard_floor_B3_U050_R3,1244.915237527,7.300242546,command,0.500000,-5.726513863,-2.375950336,-1.929874063,0.026753835,-0.098061301,-1.929438114,ros2_odometer_state
M19C_S1_lab_hard_floor_B3_U050_R3,1244.917285660,7.302290679,command,0.500000,-5.726513863,-2.375950336,-1.929874063,0.026479954,-0.097870946,-1.929234505,ros2_odometer_state
M19C_S1_lab_hard_floor_B3_U050_R3,1244.920574347,7.305579366,command,0.500000,-5.726513863,-2.375950336,-1.929874063,0.025719211,-0.097316623,-1.928822398,ros2_odometer_state
M19C_S1_lab_hard_floor_B3_U050_R3,1244.921284131,7.306289150,command,0.500000,-5.726513863,-2.375950336,-1.929874063,0.025719211,-0.097316623,-1.928822398,ros2_odometer_state
M19C_S1_lab_hard_floor_B3_U050_R3,1244.923926268,7.308931287,command,0.500000,-5.726513863,-2.375950336,-1.929874063,0.024874153,-0.096556924,-1.928532720,ros2_odometer_state
M19C_S1_lab_hard_floor_B3_U050_R3,1244.926018434,7.311023453,command,0.500000,-5.726513863,-2.375950336,-1.929874063,0.024509503,-0.096169949,-1.928444028,ros2_odometer_state
M19C_S1_lab_hard_floor_B3_U050_R3,1244.927916322,7.312921341,command,0.500000,-5.726513863,-2.375950336,-1.929874063,0.024218524,-0.095812209,-1.928380847,ros2_odometer_state
M19C_S1_lab_hard_floor_B3_U050_R3,1244.929926918,7.314931937,command,0.500000,-5.726513863,-2.375950336,-1.929874063,0.023981635,-0.095488735,-1.928332090,ros2_odometer_state
M19C_S1_lab_hard_floor_B3_U050_R3,1244.931878120,7.316883139,command,0.500000,-5.731735706,-2.387817621,-1.928332090,0.023768883,-0.095189057,-1.928288817,ros2_odometer_state
M19C_S1_lab_hard_floor_B3_U050_R3,1244.933884267,7.318889286,command,0.500000,-5.731735706,-2.387817621,-1.928332090,0.023554215,-0.094875939,-1.928265572,ros2_odometer_state
M19C_S1_lab_hard_floor_B3_U050_R3,1244.937946836,7.322951855,command,0.500000,-5.731735706,-2.387817621,-1.928332090,0.023317933,-0.094504610,-1.928259015,ros2_odometer_state
M19C_S1_lab_hard_floor_B3_U050_R3,1244.938938422,7.323943441,command,0.500000,-5.731735706,-2.387817621,-1.928332090,0.023063708,-0.094060689,-1.928267360,ros2_odometer_state
M19C_S1_lab_hard_floor_B3_U050_R3,1244.939909558,7.324914577,command,0.500000,-5.731735706,-2.387817621,-1.928332090,0.023063708,-0.094060689,-1.928267360,ros2_odometer_state
M19C_S1_lab_hard_floor_B3_U050_R3,1244.941409417,7.326414436,command,0.500000,-5.731735706,-2.387817621,-1.928332090,0.022815192,-0.093558997,-1.928304076,ros2_odometer_state
M19C_S1_lab_hard_floor_B3_U050_R3,1244.943592018,7.328597037,command,0.500000,-5.731735706,-2.387817621,-1.928332090,0.022577003,-0.093049511,-1.928372860,ros2_odometer_state
M19C_S1_lab_hard_floor_B3_U050_R3,1244.945431824,7.330436843,command,0.500000,-5.731735706,-2.387817621,-1.928332090,0.022353128,-0.092573151,-1.928466439,ros2_odometer_state
M19C_S1_lab_hard_floor_B3_U050_R3,1244.948100522,7.333105541,command,0.500000,-5.731735706,-2.387817621,-1.928332090,0.021996822,-0.091678254,-1.928625941,ros2_odometer_state
M19C_S1_lab_hard_floor_B3_U050_R3,1244.950043148,7.335048167,command,0.500000,-5.731735706,-2.387817621,-1.928332090,0.021796070,-0.091190413,-1.928643227,ros2_odometer_state
M19C_S1_lab_hard_floor_B3_U050_R3,1244.952247158,7.337252177,command,0.500000,-5.736057758,-2.399840355,-1.928643227,0.021543851,-0.090641268,-1.928610086,ros2_odometer_state
M19C_S1_lab_hard_floor_B3_U050_R3,1244.953197142,7.338202161,command,0.500000,-5.736057758,-2.399840355,-1.928643227,0.021543851,-0.090641268,-1.928610086,ros2_odometer_state
M19C_S1_lab_hard_floor_B3_U050_R3,1244.955907761,7.340912780,command,0.500000,-5.736057758,-2.399840355,-1.928643227,0.020941552,-0.089416444,-1.928512096,ros2_odometer_state
M19C_S1_lab_hard_floor_B3_U050_R3,1244.958859637,7.343864656,command,0.500000,-5.736057758,-2.399840355,-1.928643227,0.020941552,-0.089416444,-1.928512096,ros2_odometer_state
M19C_S1_lab_hard_floor_B3_U050_R3,1244.959952345,7.344957364,command,0.500000,-5.736057758,-2.399840355,-1.928643227,0.020623405,-0.088771217,-1.928477645,ros2_odometer_state
M19C_S1_lab_hard_floor_B3_U050_R3,1244.961947485,7.346952504,command,0.500000,-5.736057758,-2.399840355,-1.928643227,0.019910907,-0.087343946,-1.928457975,ros2_odometer_state
M19C_S1_lab_hard_floor_B3_U050_R3,1244.963972289,7.348977308,command,0.500000,-5.736057758,-2.399840355,-1.928643227,0.019520646,-0.086586341,-1.928449512,ros2_odometer_state
M19C_S1_lab_hard_floor_B3_U050_R3,1244.966009477,7.351014496,command,0.500000,-5.736057758,-2.399840355,-1.928643227,0.019093158,-0.085817792,-1.928438544,ros2_odometer_state
M19C_S1_lab_hard_floor_B3_U050_R3,1244.967857028,7.352862047,command,0.500000,-5.736057758,-2.399840355,-1.928643227,0.018592214,-0.085049115,-1.928449154,ros2_odometer_state
M19C_S1_lab_hard_floor_B3_U050_R3,1244.969914665,7.354919684,command,0.500000,-5.736057758,-2.399840355,-1.928643227,0.018065862,-0.084242448,-1.928482771,ros2_odometer_state
M19C_S1_lab_hard_floor_B3_U050_R3,1244.972925422,7.357930441,command,0.500000,-5.740396500,-2.409426212,-1.928482771,0.017543605,-0.083425149,-1.928537965,ros2_odometer_state
M19C_S1_lab_hard_floor_B3_U050_R3,1244.973344924,7.358349943,command,0.500000,-5.740396500,-2.409426212,-1.928482771,0.017543605,-0.083425149,-1.928537965,ros2_odometer_state
M19C_S1_lab_hard_floor_B3_U050_R3,1244.975894770,7.360899789,command,0.500000,-5.740396500,-2.409426212,-1.928482771,0.016419059,-0.081844769,-1.928703070,ros2_odometer_state
M19C_S1_lab_hard_floor_B3_U050_R3,1244.977956472,7.362961491,command,0.500000,-5.740396500,-2.409426212,-1.928482771,0.015818248,-0.081073865,-1.928830743,ros2_odometer_state
M19C_S1_lab_hard_floor_B3_U050_R3,1244.980634802,7.365639821,command,0.500000,-5.740396500,-2.409426212,-1.928482771,0.015197549,-0.080297768,-1.929031134,ros2_odometer_state
M19C_S1_lab_hard_floor_B3_U050_R3,1244.983398319,7.368403338,command,0.500000,-5.740396500,-2.409426212,-1.928482771,0.014571667,-0.079513676,-1.929344893,ros2_odometer_state
M19C_S1_lab_hard_floor_B3_U050_R3,1244.984069670,7.369074689,command,0.500000,-5.740396500,-2.409426212,-1.928482771,0.014571667,-0.079513676,-1.929344893,ros2_odometer_state
M19C_S1_lab_hard_floor_B3_U050_R3,1244.985291471,7.370296490,command,0.500000,-5.740396500,-2.409426212,-1.928482771,0.013966776,-0.078743204,-1.929740071,ros2_odometer_state
M19C_S1_lab_hard_floor_B3_U050_R3,1244.987369845,7.372374864,command,0.500000,-5.740396500,-2.409426212,-1.928482771,0.013392959,-0.078012824,-1.930187464,ros2_odometer_state
M19C_S1_lab_hard_floor_B3_U050_R3,1244.989346199,7.374351218,command,0.500000,-5.740396500,-2.409426212,-1.928482771,0.012838351,-0.077326998,-1.930717111,ros2_odometer_state
M19C_S1_lab_hard_floor_B3_U050_R3,1244.991418685,7.376423704,command,0.500000,-5.744843483,-2.418743610,-1.931495190,0.012351685,-0.076754369,-1.931495190,ros2_odometer_state
M19C_S1_lab_hard_floor_B3_U050_R3,1244.994132889,7.379137908,command,0.500000,-5.744843483,-2.418743610,-1.931495190,0.011986304,-0.076175533,-1.934061408,ros2_odometer_state
M19C_S1_lab_hard_floor_B3_U050_R3,1244.996134908,7.381139927,command,0.500000,-5.744843483,-2.418743610,-1.931495190,0.011983641,-0.076003753,-1.935212612,ros2_odometer_state
M19C_S1_lab_hard_floor_B3_U050_R3,1244.997314404,7.382319423,command,0.500000,-5.744843483,-2.418743610,-1.931495190,0.011983641,-0.076003753,-1.935212612,ros2_odometer_state
M19C_S1_lab_hard_floor_B3_U050_R3,1245.001644982,7.386650001,command,0.500000,-5.744843483,-2.418743610,-1.931495190,0.012455457,-0.075278684,-1.937888503,ros2_odometer_state
M19C_S1_lab_hard_floor_B3_U050_R3,1245.002021314,7.387026333,command,0.500000,-5.744843483,-2.418743610,-1.931495190,0.012455457,-0.075278684,-1.937888503,ros2_odometer_state
M19C_S1_lab_hard_floor_B3_U050_R3,1245.004223116,7.389228135,command,0.500000,-5.744843483,-2.418743610,-1.931495190,0.012745379,-0.074694373,-1.939181447,ros2_odometer_state
M19C_S1_lab_hard_floor_B3_U050_R3,1245.005483959,7.390488978,command,0.500000,-5.744843483,-2.418743610,-1.931495190,0.012992906,-0.073956244,-1.940411448,ros2_odometer_state
M19C_S1_lab_hard_floor_B3_U050_R3,1245.008362232,7.393367251,command,0.500000,-5.744843483,-2.418743610,-1.931495190,0.013615176,-0.071714386,-1.943042159,ros2_odometer_state
M19C_S1_lab_hard_floor_B3_U050_R3,1245.009396219,7.394401238,command,0.500000,-5.744843483,-2.418743610,-1.931495190,0.013615176,-0.071714386,-1.943042159,ros2_odometer_state
M19C_S1_lab_hard_floor_B3_U050_R3,1245.011420671,7.396425690,command,0.500000,-5.748779774,-2.429647446,-1.944337726,0.013952485,-0.070271157,-1.944337726,ros2_odometer_state
M19C_S1_lab_hard_floor_B3_U050_R3,1245.015441222,7.400446241,command,0.500000,-5.748779774,-2.429647446,-1.944337726,0.014655377,-0.067357436,-1.946725488,ros2_odometer_state
M19C_S1_lab_hard_floor_B3_U050_R3,1245.016244897,7.401249916,command,0.500000,-5.748779774,-2.429647446,-1.944337726,0.014655377,-0.067357436,-1.946725488,ros2_odometer_state
M19C_S1_lab_hard_floor_B3_U050_R3,1245.020139492,7.405144511,command,0.500000,-5.748779774,-2.429647446,-1.944337726,0.015342599,-0.064767689,-1.949144244,ros2_odometer_state
M19C_S1_lab_hard_floor_B3_U050_R3,1245.021232329,7.406237348,command,0.500000,-5.748779774,-2.429647446,-1.944337726,0.015716448,-0.063547872,-1.950330734,ros2_odometer_state
M19C_S1_lab_hard_floor_B3_U050_R3,1245.021794268,7.406799287,command,0.500000,-5.748779774,-2.429647446,-1.944337726,0.015716448,-0.063547872,-1.950330734,ros2_odometer_state
M19C_S1_lab_hard_floor_B3_U050_R3,1245.023541239,7.408546258,command,0.500000,-5.748779774,-2.429647446,-1.944337726,0.016071079,-0.062340580,-1.951599121,ros2_odometer_state
M19C_S1_lab_hard_floor_B3_U050_R3,1245.025495513,7.410500532,command,0.500000,-5.748779774,-2.429647446,-1.944337726,0.016392387,-0.061100125,-1.953046441,ros2_odometer_state
M19C_S1_lab_hard_floor_B3_U050_R3,1245.027406169,7.412411188,command,0.500000,-5.748779774,-2.429647446,-1.944337726,0.016658729,-0.059814930,-1.954516411,ros2_odometer_state
M19C_S1_lab_hard_floor_B3_U050_R3,1245.029691014,7.414696033,command,0.500000,-5.748779774,-2.429647446,-1.944337726,0.016853292,-0.058569446,-1.955756545,ros2_odometer_state
M19C_S1_lab_hard_floor_B3_U050_R3,1245.031522564,7.416527583,command,0.500000,-5.749715805,-2.440001965,-1.956750989,0.016982548,-0.057405479,-1.956750989,ros2_odometer_state
M19C_S1_lab_hard_floor_B3_U050_R3,1245.033415588,7.418420607,command,0.500000,-5.749715805,-2.440001965,-1.956750989,0.017021365,-0.056237247,-1.957673311,ros2_odometer_state
M19C_S1_lab_hard_floor_B3_U050_R3,1245.035386310,7.420391329,command,0.500000,-5.749715805,-2.440001965,-1.956750989,0.016965551,-0.055025425,-1.958594203,ros2_odometer_state
M19C_S1_lab_hard_floor_B3_U050_R3,1245.037384553,7.422389572,command,0.500000,-5.749715805,-2.440001965,-1.956750989,0.016818529,-0.053792354,-1.959455848,ros2_odometer_state
M19C_S1_lab_hard_floor_B3_U050_R3,1245.041623448,7.426628467,command,0.500000,-5.749715805,-2.440001965,-1.956750989,0.016167786,-0.051354319,-1.960671782,ros2_odometer_state
M19C_S1_lab_hard_floor_B3_U050_R3,1245.042588825,7.427593844,command,0.500000,-5.749715805,-2.440001965,-1.956750989,0.015675001,-0.050127838,-1.961128116,ros2_odometer_state
M19C_S1_lab_hard_floor_B3_U050_R3,1245.044398870,7.429403889,command,0.500000,-5.749715805,-2.440001965,-1.956750989,0.015136181,-0.048869677,-1.961678863,ros2_odometer_state
M19C_S1_lab_hard_floor_B3_U050_R3,1245.045438841,7.430443860,command,0.500000,-5.749715805,-2.440001965,-1.956750989,0.015136181,-0.048869677,-1.961678863,ros2_odometer_state
M19C_S1_lab_hard_floor_B3_U050_R3,1245.047369082,7.432374101,command,0.500000,-5.749715805,-2.440001965,-1.956750989,0.014565082,-0.047581419,-1.962337613,ros2_odometer_state
M19C_S1_lab_hard_floor_B3_U050_R3,1245.049441183,7.434446202,command,0.500000,-5.749715805,-2.440001965,-1.956750989,0.013943898,-0.046311621,-1.963005662,ros2_odometer_state
M19C_S1_lab_hard_floor_B3_U050_R3,1245.051472708,7.436477727,command,0.500000,-5.750861645,-2.450011969,-1.963599563,0.013255567,-0.045090504,-1.963599563,ros2_odometer_state
M19C_S1_lab_hard_floor_B3_U050_R3,1245.053451270,7.438456289,command,0.500000,-5.750861645,-2.450011969,-1.963599563,0.012465344,-0.043996986,-1.964139938,ros2_odometer_state
M19C_S1_lab_hard_floor_B3_U050_R3,1245.055411368,7.440416387,command,0.500000,-5.750861645,-2.450011969,-1.963599563,0.011617219,-0.043020945,-1.964673400,ros2_odometer_state
M19C_S1_lab_hard_floor_B3_U050_R3,1245.057407084,7.442412103,command,0.500000,-5.750861645,-2.450011969,-1.963599563,0.010766727,-0.042138033,-1.965243697,ros2_odometer_state
M19C_S1_lab_hard_floor_B3_U050_R3,1245.060838271,7.445843290,command,0.500000,-5.750861645,-2.450011969,-1.963599563,0.009151348,-0.040778302,-1.966563821,ros2_odometer_state
M19C_S1_lab_hard_floor_B3_U050_R3,1245.062171372,7.447176391,command,0.500000,-5.750861645,-2.450011969,-1.963599563,0.008356987,-0.040257502,-1.967262745,ros2_odometer_state
M19C_S1_lab_hard_floor_B3_U050_R3,1245.063414006,7.448419025,command,0.500000,-5.750861645,-2.450011969,-1.963599563,0.008356987,-0.040257502,-1.967262745,ros2_odometer_state
M19C_S1_lab_hard_floor_B3_U050_R3,1245.066187923,7.451192942,command,0.500000,-5.750861645,-2.450011969,-1.963599563,0.006734169,-0.039395742,-1.968985081,ros2_odometer_state
M19C_S1_lab_hard_floor_B3_U050_R3,1245.068160822,7.453165841,command,0.500000,-5.750861645,-2.450011969,-1.963599563,0.005893628,-0.038990043,-1.969987512,ros2_odometer_state
M19C_S1_lab_hard_floor_B3_U050_R3,1245.069446081,7.454451100,command,0.500000,-5.750861645,-2.450011969,-1.963599563,0.005893628,-0.038990043,-1.969987512,ros2_odometer_state
M19C_S1_lab_hard_floor_B3_U050_R3,1245.072323714,7.457328733,command,0.500000,-5.754206657,-2.458980083,-1.971049786,0.005041910,-0.038574215,-1.971049786,ros2_odometer_state
M19C_S1_lab_hard_floor_B3_U050_R3,1245.074203841,7.459208860,command,0.500000,-5.754206657,-2.458980083,-1.971049786,0.003233033,-0.037921071,-1.973080277,ros2_odometer_state
M19C_S1_lab_hard_floor_B3_U050_R3,1245.079129159,7.464134178,command,0.500000,-5.754206657,-2.458980083,-1.971049786,0.002273840,-0.037821304,-1.973924041,ros2_odometer_state
M19C_S1_lab_hard_floor_B3_U050_R3,1245.080942532,7.465947551,command,0.500000,-5.754206657,-2.458980083,-1.971049786,0.001310448,-0.037853502,-1.974687576,ros2_odometer_state
M19C_S1_lab_hard_floor_B3_U050_R3,1245.082022153,7.467027172,command,0.500000,-5.754206657,-2.458980083,-1.971049786,0.000378492,-0.037965067,-1.975454807,ros2_odometer_state
M19C_S1_lab_hard_floor_B3_U050_R3,1245.082985993,7.467991012,command,0.500000,-5.754206657,-2.458980083,-1.971049786,-0.000494018,-0.038109638,-1.976314664,ros2_odometer_state
M19C_S1_lab_hard_floor_B3_U050_R3,1245.083552380,7.468557399,command,0.500000,-5.754206657,-2.458980083,-1.971049786,-0.000494018,-0.038109638,-1.976314664,ros2_odometer_state
M19C_S1_lab_hard_floor_B3_U050_R3,1245.086285784,7.471290803,command,0.500000,-5.754206657,-2.458980083,-1.971049786,-0.002150645,-0.038494732,-1.978373528,ros2_odometer_state
M19C_S1_lab_hard_floor_B3_U050_R3,1245.087416382,7.472421401,command,0.500000,-5.754206657,-2.458980083,-1.971049786,-0.002150645,-0.038494732,-1.978373528,ros2_odometer_state
M19C_S1_lab_hard_floor_B3_U050_R3,1245.089433346,7.474438365,command,0.500000,-5.754206657,-2.458980083,-1.971049786,-0.002964329,-0.038738575,-1.979497552,ros2_odometer_state
M19C_S1_lab_hard_floor_B3_U050_R3,1245.092263266,7.477268285,command,0.500000,-5.758658886,-2.470924616,-1.980639935,-0.004549691,-0.039311115,-1.981773615,ros2_odometer_state
M19C_S1_lab_hard_floor_B3_U050_R3,1245.093414728,7.478419747,command,0.500000,-5.758658886,-2.470924616,-1.980639935,-0.004549691,-0.039311115,-1.981773615,ros2_odometer_state
M19C_S1_lab_hard_floor_B3_U050_R3,1245.096246184,7.481251203,command,0.500000,-5.758658886,-2.470924616,-1.980639935,-0.006089483,-0.039972484,-1.983966470,ros2_odometer_state
M19C_S1_lab_hard_floor_B3_U050_R3,1245.098171401,7.483176420,command,0.500000,-5.758658886,-2.470924616,-1.980639935,-0.006846692,-0.040322866,-1.984960318,ros2_odometer_state
M19C_S1_lab_hard_floor_B3_U050_R3,1245.100833154,7.485838173,command,0.500000,-5.758658886,-2.470924616,-1.980639935,-0.007598840,-0.040696424,-1.985838771,ros2_odometer_state
M19C_S1_lab_hard_floor_B3_U050_R3,1245.102233745,7.487238764,command,0.500000,-5.758658886,-2.470924616,-1.980639935,-0.008367388,-0.041108333,-1.986615300,ros2_odometer_state
M19C_S1_lab_hard_floor_B3_U050_R3,1245.104283862,7.489288881,command,0.500000,-5.758658886,-2.470924616,-1.980639935,-0.009159089,-0.041537892,-1.987333775,ros2_odometer_state
M19C_S1_lab_hard_floor_B3_U050_R3,1245.106186999,7.491192018,command,0.500000,-5.758658886,-2.470924616,-1.980639935,-0.009941808,-0.041912302,-1.988002062,ros2_odometer_state
M19C_S1_lab_hard_floor_B3_U050_R3,1245.108274877,7.493279896,command,0.500000,-5.758658886,-2.470924616,-1.980639935,-0.010617035,-0.042180028,-1.988644958,ros2_odometer_state
M19C_S1_lab_hard_floor_B3_U050_R3,1245.112925146,7.497930165,command,0.500000,-5.758658886,-2.470924616,-1.980639935,-0.010617035,-0.042180028,-1.988644958,ros2_odometer_state
M19C_S1_lab_hard_floor_B3_U050_R3,1245.113773590,7.498778609,command,0.500000,-5.763648987,-2.484424114,-1.988644958,-0.010909792,-0.042682175,-1.990040064,ros2_odometer_state
M19C_S1_lab_hard_floor_B3_U050_R3,1245.114614002,7.499619021,command,0.500000,-5.763648987,-2.484424114,-1.988644958,-0.010597399,-0.042964976,-1.990357041,ros2_odometer_state
M19C_S1_lab_hard_floor_B3_U050_R3,1245.116170887,7.501175906,command,0.500000,-5.763648987,-2.484424114,-1.988644958,-0.010193118,-0.043088373,-1.990078449,ros2_odometer_state
M19C_S1_lab_hard_floor_B3_U050_R3,1245.118186667,7.503191686,command,0.500000,-5.763648987,-2.484424114,-1.988644958,-0.009741575,-0.043055464,-1.989463091,ros2_odometer_state
M19C_S1_lab_hard_floor_B3_U050_R3,1245.120802243,7.505807262,command,0.500000,-5.763648987,-2.484424114,-1.988644958,-0.009741575,-0.043055464,-1.989463091,ros2_odometer_state
M19C_S1_lab_hard_floor_B3_U050_R3,1245.122305045,7.507310064,command,0.500000,-5.763648987,-2.484424114,-1.988644958,-0.008607365,-0.042782906,-1.987909794,ros2_odometer_state
M19C_S1_lab_hard_floor_B3_U050_R3,1245.124313721,7.509318740,command,0.500000,-5.763648987,-2.484424114,-1.988644958,-0.008607365,-0.042782906,-1.987909794,ros2_odometer_state
M19C_S1_lab_hard_floor_B3_U050_R3,1245.126180152,7.511185171,command,0.500000,-5.763648987,-2.484424114,-1.988644958,-0.007182250,-0.042473126,-1.986461520,ros2_odometer_state
M19C_S1_lab_hard_floor_B3_U050_R3,1245.128229149,7.513234168,command,0.500000,-5.763648987,-2.484424114,-1.988644958,-0.006368970,-0.041969717,-1.985457182,ros2_odometer_state
M19C_S1_lab_hard_floor_B3_U050_R3,1245.130226752,7.515231771,command,0.500000,-5.763648987,-2.484424114,-1.988644958,-0.006201650,-0.041645486,-1.984770060,ros2_odometer_state
M19C_S1_lab_hard_floor_B3_U050_R3,1245.132594352,7.517599371,command,0.500000,-5.766147614,-2.497526646,-1.984770060,-0.006077177,-0.041341376,-1.983876228,ros2_odometer_state
M19C_S1_lab_hard_floor_B3_U050_R3,1245.134242631,7.519247650,command,0.500000,-5.766147614,-2.497526646,-1.984770060,-0.005976670,-0.041072752,-1.982880235,ros2_odometer_state
M19C_S1_lab_hard_floor_B3_U050_R3,1245.136296877,7.521301896,command,0.500000,-5.766147614,-2.497526646,-1.984770060,-0.005980211,-0.040869873,-1.981822252,ros2_odometer_state
M19C_S1_lab_hard_floor_B3_U050_R3,1245.138217549,7.523222568,command,0.500000,-5.766147614,-2.497526646,-1.984770060,-0.006151544,-0.040752381,-1.980576277,ros2_odometer_state
M19C_S1_lab_hard_floor_B3_U050_R3,1245.140947337,7.525952356,command,0.500000,-5.766147614,-2.497526646,-1.984770060,-0.006395954,-0.040617123,-1.979315042,ros2_odometer_state
M19C_S1_lab_hard_floor_B3_U050_R3,1245.142393818,7.527398837,command,0.500000,-5.766147614,-2.497526646,-1.984770060,-0.006643773,-0.040328264,-1.978352666,ros2_odometer_state
M19C_S1_lab_hard_floor_B3_U050_R3,1245.146778478,7.531783497,command,0.500000,-5.766147614,-2.497526646,-1.984770060,-0.006880344,-0.039856981,-1.977808475,ros2_odometer_state
M19C_S1_lab_hard_floor_B3_U050_R3,1245.147932245,7.532937264,command,0.500000,-5.766147614,-2.497526646,-1.984770060,-0.007167281,-0.039260242,-1.977388144,ros2_odometer_state
M19C_S1_lab_hard_floor_B3_U050_R3,1245.149058106,7.534063125,command,0.500000,-5.766147614,-2.497526646,-1.984770060,-0.007611044,-0.038611483,-1.976802707,ros2_odometer_state
M19C_S1_lab_hard_floor_B3_U050_R3,1245.149774387,7.534779406,command,0.500000,-5.766147614,-2.497526646,-1.984770060,-0.007611044,-0.038611483,-1.976802707,ros2_odometer_state
M19C_S1_lab_hard_floor_B3_U050_R3,1245.152867451,7.537872470,command,0.500000,-5.767534256,-2.508953094,-1.976057410,-0.008923223,-0.037406184,-1.975214243,ros2_odometer_state
M19C_S1_lab_hard_floor_B3_U050_R3,1245.153794938,7.538799957,command,0.500000,-5.767534256,-2.508953094,-1.976057410,-0.008923223,-0.037406184,-1.975214243,ros2_odometer_state
M19C_S1_lab_hard_floor_B3_U050_R3,1245.156315055,7.541320074,command,0.500000,-5.767534256,-2.508953094,-1.976057410,-0.010131326,-0.036339667,-1.973290324,ros2_odometer_state
M19C_S1_lab_hard_floor_B3_U050_R3,1245.158260848,7.543265867,command,0.500000,-5.767534256,-2.508953094,-1.976057410,-0.010628153,-0.035820834,-1.972245812,ros2_odometer_state
M19C_S1_lab_hard_floor_B3_U050_R3,1245.160900745,7.545905764,command,0.500000,-5.767534256,-2.508953094,-1.976057410,-0.011134367,-0.035337877,-1.971222758,ros2_odometer_state
M19C_S1_lab_hard_floor_B3_U050_R3,1245.162359514,7.547364533,command,0.500000,-5.767534256,-2.508953094,-1.976057410,-0.011647604,-0.034857694,-1.970284581,ros2_odometer_state
M19C_S1_lab_hard_floor_B3_U050_R3,1245.164353150,7.549358169,command,0.500000,-5.767534256,-2.508953094,-1.976057410,-0.012137265,-0.034358840,-1.969455719,ros2_odometer_state
M19C_S1_lab_hard_floor_B3_U050_R3,1245.166278398,7.551283417,command,0.500000,-5.767534256,-2.508953094,-1.976057410,-0.012612963,-0.033829521,-1.968719959,ros2_odometer_state
M19C_S1_lab_hard_floor_B3_U050_R3,1245.168285570,7.553290589,command,0.500000,-5.767534256,-2.508953094,-1.976057410,-0.013089211,-0.033249728,-1.968055725,ros2_odometer_state
M19C_S1_lab_hard_floor_B3_U050_R3,1245.170290726,7.555295745,command,0.500000,-5.767534256,-2.508953094,-1.976057410,-0.013577909,-0.032623019,-1.967475414,ros2_odometer_state
M19C_S1_lab_hard_floor_B3_U050_R3,1245.172511376,7.557516395,command,0.500000,-5.771171093,-2.519146919,-1.967475414,-0.014093380,-0.031993989,-1.966980100,ros2_odometer_state
M19C_S1_lab_hard_floor_B3_U050_R3,1245.174414896,7.559419915,command,0.500000,-5.771171093,-2.519146919,-1.967475414,-0.014640733,-0.031395406,-1.966549277,ros2_odometer_state
M19C_S1_lab_hard_floor_B3_U050_R3,1245.176456501,7.561461520,command,0.500000,-5.771171093,-2.519146919,-1.967475414,-0.015197614,-0.030835118,-1.966131330,ros2_odometer_state
M19C_S1_lab_hard_floor_B3_U050_R3,1245.178529307,7.563534326,command,0.500000,-5.771171093,-2.519146919,-1.967475414,-0.015773939,-0.030311249,-1.965675712,ros2_odometer_state
M19C_S1_lab_hard_floor_B3_U050_R3,1245.180982126,7.565987145,command,0.500000,-5.771171093,-2.519146919,-1.967475414,-0.016392829,-0.029835090,-1.965187788,ros2_odometer_state
M19C_S1_lab_hard_floor_B3_U050_R3,1245.182406366,7.567411385,command,0.500000,-5.771171093,-2.519146919,-1.967475414,-0.017042784,-0.029404957,-1.964734197,ros2_odometer_state
M19C_S1_lab_hard_floor_B3_U050_R3,1245.184557958,7.569562977,command,0.500000,-5.771171093,-2.519146919,-1.967475414,-0.017673513,-0.028990729,-1.964399338,ros2_odometer_state
M19C_S1_lab_hard_floor_B3_U050_R3,1245.186394884,7.571399903,command,0.500000,-5.771171093,-2.519146919,-1.967475414,-0.018216152,-0.028613314,-1.964189172,ros2_odometer_state
M19C_S1_lab_hard_floor_B3_U050_R3,1245.188350758,7.573355777,command,0.500000,-5.771171093,-2.519146919,-1.967475414,-0.018644668,-0.028292740,-1.964067101,ros2_odometer_state
M19C_S1_lab_hard_floor_B3_U050_R3,1245.190489998,7.575495017,command,0.500000,-5.771171093,-2.519146919,-1.967475414,-0.018970663,-0.028030844,-1.964075446,ros2_odometer_state
M19C_S1_lab_hard_floor_B3_U050_R3,1245.192417775,7.577422794,command,0.500000,-5.777501106,-2.531188726,-1.964075446,-0.019255454,-0.027759865,-1.964201808,ros2_odometer_state
M19C_S1_lab_hard_floor_B3_U050_R3,1245.194300782,7.579305801,command,0.500000,-5.777501106,-2.531188726,-1.964075446,-0.019529236,-0.027432000,-1.964351892,ros2_odometer_state
M19C_S1_lab_hard_floor_B3_U050_R3,1245.196576571,7.581581590,command,0.500000,-5.777501106,-2.531188726,-1.964075446,-0.019801803,-0.027060885,-1.964457035,ros2_odometer_state
M19C_S1_lab_hard_floor_B3_U050_R3,1245.197639647,7.582644666,command,0.500000,-5.777501106,-2.531188726,-1.964075446,-0.019801803,-0.027060885,-1.964457035,ros2_odometer_state
M19C_S1_lab_hard_floor_B3_U050_R3,1245.201036625,7.586041644,command,0.500000,-5.777501106,-2.531188726,-1.964075446,-0.020313285,-0.026347945,-1.964628577,ros2_odometer_state
M19C_S1_lab_hard_floor_B3_U050_R3,1245.202441248,7.587446267,command,0.500000,-5.777501106,-2.531188726,-1.964075446,-0.020554624,-0.026049033,-1.964801192,ros2_odometer_state
M19C_S1_lab_hard_floor_B3_U050_R3,1245.204399394,7.589404413,command,0.500000,-5.777501106,-2.531188726,-1.964075446,-0.020765213,-0.025792725,-1.965050459,ros2_odometer_state
M19C_S1_lab_hard_floor_B3_U050_R3,1245.206353700,7.591358719,command,0.500000,-5.777501106,-2.531188726,-1.964075446,-0.020935884,-0.025582969,-1.965345263,ros2_odometer_state
M19C_S1_lab_hard_floor_B3_U050_R3,1245.208479308,7.593484327,command,0.500000,-5.777501106,-2.531188726,-1.964075446,-0.021068033,-0.025428414,-1.965638041,ros2_odometer_state
M19C_S1_lab_hard_floor_B3_U050_R3,1245.209951581,7.594956600,command,0.500000,-5.777501106,-2.531188726,-1.964075446,-0.021068033,-0.025428414,-1.965638041,ros2_odometer_state
M19C_S1_lab_hard_floor_B3_U050_R3,1245.211804412,7.596809431,command,0.500000,-5.782968044,-2.541454077,-1.965914965,-0.021158127,-0.025310429,-1.965914965,ros2_odometer_state
M19C_S1_lab_hard_floor_B3_U050_R3,1245.214427316,7.599432335,command,0.500000,-5.782968044,-2.541454077,-1.965914965,-0.021193754,-0.025050601,-1.966374993,ros2_odometer_state
M19C_S1_lab_hard_floor_B3_U050_R3,1245.216402423,7.601407442,command,0.500000,-5.782968044,-2.541454077,-1.965914965,-0.021164600,-0.024869898,-1.966514826,ros2_odometer_state
M19C_S1_lab_hard_floor_B3_U050_R3,1245.218360089,7.603365108,command,0.500000,-5.782968044,-2.541454077,-1.965914965,-0.021102039,-0.024679573,-1.966616869,ros2_odometer_state
M19C_S1_lab_hard_floor_B3_U050_R3,1245.221046451,7.606051470,command,0.500000,-5.782968044,-2.541454077,-1.965914965,-0.021022985,-0.024484819,-1.966717720,ros2_odometer_state
M19C_S1_lab_hard_floor_B3_U050_R3,1245.222415809,7.607420828,command,0.500000,-5.782968044,-2.541454077,-1.965914965,-0.020920677,-0.024283132,-1.966860294,ros2_odometer_state
M19C_S1_lab_hard_floor_B3_U050_R3,1245.224431461,7.609436480,command,0.500000,-5.782968044,-2.541454077,-1.965914965,-0.020815149,-0.024108838,-1.967064619,ros2_odometer_state
M19C_S1_lab_hard_floor_B3_U050_R3,1245.226422312,7.611427331,command,0.500000,-5.782968044,-2.541454077,-1.965914965,-0.020722372,-0.023987459,-1.967330813,ros2_odometer_state
M19C_S1_lab_hard_floor_B3_U050_R3,1245.228411819,7.613416838,command,0.500000,-5.782968044,-2.541454077,-1.965914965,-0.020634711,-0.023899205,-1.967618227,ros2_odometer_state
M19C_S1_lab_hard_floor_B3_U050_R3,1245.230424687,7.615429706,command,0.500000,-5.782968044,-2.541454077,-1.965914965,-0.020543313,-0.023839552,-1.967865705,ros2_odometer_state
M19C_S1_lab_hard_floor_B3_U050_R3,1245.232511125,7.617516144,command,0.500000,-5.787406921,-2.553565025,-1.967865705,-0.020452417,-0.023812737,-1.968035221,ros2_odometer_state
M19C_S1_lab_hard_floor_B3_U050_R3,1245.234413909,7.619418928,command,0.500000,-5.787406921,-2.553565025,-1.967865705,-0.020372706,-0.023819182,-1.968124509,ros2_odometer_state
M19C_S1_lab_hard_floor_B3_U050_R3,1245.236525724,7.621530743,command,0.500000,-5.787406921,-2.553565025,-1.967865705,-0.020300118,-0.023844607,-1.968141913,ros2_odometer_state
M19C_S1_lab_hard_floor_B3_U050_R3,1245.238412028,7.623417047,command,0.500000,-5.787406921,-2.553565025,-1.967865705,-0.020218885,-0.023851678,-1.968065500,ros2_odometer_state
M19C_S1_lab_hard_floor_B3_U050_R3,1245.241403521,7.626408540,command,0.500000,-5.787406921,-2.553565025,-1.967865705,-0.020137260,-0.023834432,-1.967893481,ros2_odometer_state
M19C_S1_lab_hard_floor_B3_U050_R3,1245.241952851,7.626957870,command,0.500000,-5.787406921,-2.553565025,-1.967865705,-0.020137260,-0.023834432,-1.967893481,ros2_odometer_state
M19C_S1_lab_hard_floor_B3_U050_R3,1245.244168990,7.629174009,command,0.500000,-5.787406921,-2.553565025,-1.967865705,-0.020057216,-0.023808554,-1.967657208,ros2_odometer_state
M19C_S1_lab_hard_floor_B3_U050_R3,1245.245936473,7.630941492,command,0.500000,-5.787406921,-2.553565025,-1.967865705,-0.019937286,-0.023790158,-1.967431664,ros2_odometer_state
M19C_S1_lab_hard_floor_B3_U050_R3,1245.247889499,7.632894518,command,0.500000,-5.787406921,-2.553565025,-1.967865705,-0.019711969,-0.023808360,-1.967247367,ros2_odometer_state
M19C_S1_lab_hard_floor_B3_U050_R3,1245.250539476,7.635544495,command,0.500000,-5.787406921,-2.553565025,-1.967865705,-0.019053772,-0.024077816,-1.966765642,ros2_odometer_state
M19C_S1_lab_hard_floor_B3_U050_R3,1245.252536280,7.637541299,command,0.500000,-5.791459560,-2.564204693,-1.966765642,-0.018702155,-0.024347257,-1.966374159,ros2_odometer_state
M19C_S1_lab_hard_floor_B3_U050_R3,1245.254419415,7.639424434,command,0.500000,-5.791459560,-2.564204693,-1.966765642,-0.018364858,-0.024655329,-1.965903759,ros2_odometer_state
M19C_S1_lab_hard_floor_B3_U050_R3,1245.256467004,7.641472023,command,0.500000,-5.791459560,-2.564204693,-1.966765642,-0.018027501,-0.024940949,-1.965353727,ros2_odometer_state
M19C_S1_lab_hard_floor_B3_U050_R3,1245.258403037,7.643408056,command,0.500000,-5.791459560,-2.564204693,-1.966765642,-0.017646775,-0.025145898,-1.964691401,ros2_odometer_state
M19C_S1_lab_hard_floor_B3_U050_R3,1245.261087192,7.646092211,command,0.500000,-5.791459560,-2.564204693,-1.966765642,-0.017199999,-0.025283080,-1.963941932,ros2_odometer_state
M19C_S1_lab_hard_floor_B3_U050_R3,1245.262596618,7.647601637,command,0.500000,-5.791459560,-2.564204693,-1.966765642,-0.016725570,-0.025436999,-1.963200212,ros2_odometer_state
M19C_S1_lab_hard_floor_B3_U050_R3,1245.264506219,7.649511238,command,0.500000,-5.791459560,-2.564204693,-1.966765642,-0.016244868,-0.025669754,-1.962543249,ros2_odometer_state
M19C_S1_lab_hard_floor_B3_U050_R3,1245.266472237,7.651477256,command,0.500000,-5.791459560,-2.564204693,-1.966765642,-0.015757272,-0.025993392,-1.961950660,ros2_odometer_state
M19C_S1_lab_hard_floor_B3_U050_R3,1245.268614037,7.653619056,command,0.500000,-5.791459560,-2.564204693,-1.966765642,-0.015263440,-0.026387323,-1.961402059,ros2_odometer_state
M19C_S1_lab_hard_floor_B3_U050_R3,1245.270945188,7.655950207,command,0.500000,-5.791459560,-2.564204693,-1.966765642,-0.014737143,-0.026838006,-1.960915685,ros2_odometer_state
M19C_S1_lab_hard_floor_B3_U050_R3,1245.272589947,7.657594966,command,0.500000,-5.796441555,-2.575027943,-1.960915685,-0.014158138,-0.027285310,-1.960480213,ros2_odometer_state
M19C_S1_lab_hard_floor_B3_U050_R3,1245.274546685,7.659551704,command,0.500000,-5.796441555,-2.575027943,-1.960915685,-0.013548937,-0.027691931,-1.960041046,ros2_odometer_state
M19C_S1_lab_hard_floor_B3_U050_R3,1245.276523616,7.661528635,command,0.500000,-5.796441555,-2.575027943,-1.960915685,-0.012937861,-0.028074902,-1.959582567,ros2_odometer_state
M19C_S1_lab_hard_floor_B3_U050_R3,1245.279389056,7.664394075,command,0.500000,-5.796441555,-2.575027943,-1.960915685,-0.012290614,-0.028466223,-1.959121704,ros2_odometer_state
M19C_S1_lab_hard_floor_B3_U050_R3,1245.281177180,7.666182199,command,0.500000,-5.796441555,-2.575027943,-1.960915685,-0.011603754,-0.028896771,-1.958667755,ros2_odometer_state
M19C_S1_lab_hard_floor_B3_U050_R3,1245.282599692,7.667604711,command,0.500000,-5.796441555,-2.575027943,-1.960915685,-0.010910554,-0.029380158,-1.958276510,ros2_odometer_state
M19C_S1_lab_hard_floor_B3_U050_R3,1245.284653553,7.669658572,command,0.500000,-5.796441555,-2.575027943,-1.960915685,-0.010199870,-0.029926915,-1.958032608,ros2_odometer_state
M19C_S1_lab_hard_floor_B3_U050_R3,1245.286530929,7.671535948,command,0.500000,-5.796441555,-2.575027943,-1.960915685,-0.009459469,-0.030505102,-1.957929611,ros2_odometer_state
M19C_S1_lab_hard_floor_B3_U050_R3,1245.288679289,7.673684308,command,0.500000,-5.796441555,-2.575027943,-1.960915685,-0.008688406,-0.031079588,-1.957908750,ros2_odometer_state
M19C_S1_lab_hard_floor_B3_U050_R3,1245.289826432,7.674831451,command,0.500000,-5.796441555,-2.575027943,-1.960915685,-0.008688406,-0.031079588,-1.957908750,ros2_odometer_state
M19C_S1_lab_hard_floor_B3_U050_R3,1245.292690880,7.677695899,command,0.500000,-5.800913811,-2.588599682,-1.957973599,-0.007063136,-0.032217927,-1.958124042,ros2_odometer_state
M19C_S1_lab_hard_floor_B3_U050_R3,1245.294487069,7.679492088,command,0.500000,-5.800913811,-2.588599682,-1.957973599,-0.006230905,-0.032786652,-1.958344460,ros2_odometer_state
M19C_S1_lab_hard_floor_B3_U050_R3,1245.296515457,7.681520476,command,0.500000,-5.800913811,-2.588599682,-1.957973599,-0.005393533,-0.033359766,-1.958594561,ros2_odometer_state
M19C_S1_lab_hard_floor_B3_U050_R3,1245.298580518,7.683585537,command,0.500000,-5.800913811,-2.588599682,-1.957973599,-0.004573917,-0.033935171,-1.958850980,ros2_odometer_state
M19C_S1_lab_hard_floor_B3_U050_R3,1245.301181182,7.686186201,command,0.500000,-5.800913811,-2.588599682,-1.957973599,-0.003781571,-0.034530539,-1.959068537,ros2_odometer_state
M19C_S1_lab_hard_floor_B3_U050_R3,1245.302577261,7.687582280,command,0.500000,-5.800913811,-2.588599682,-1.957973599,-0.002996837,-0.035162959,-1.959244251,ros2_odometer_state
M19C_S1_lab_hard_floor_B3_U050_R3,1245.304623826,7.689628845,command,0.500000,-5.800913811,-2.588599682,-1.957973599,-0.002234725,-0.035849556,-1.959461570,ros2_odometer_state
M19C_S1_lab_hard_floor_B3_U050_R3,1245.306655926,7.691660945,command,0.500000,-5.800913811,-2.588599682,-1.957973599,-0.001489260,-0.036583316,-1.959798217,ros2_odometer_state
M19C_S1_lab_hard_floor_B3_U050_R3,1245.307892128,7.692897147,command,0.500000,-5.800913811,-2.588599682,-1.957973599,-0.001489260,-0.036583316,-1.959798217,ros2_odometer_state
M19C_S1_lab_hard_floor_B3_U050_R3,1245.310673278,7.695678297,command,0.500000,-5.800913811,-2.588599682,-1.957973599,0.000033680,-0.038062215,-1.960692286,ros2_odometer_state
M19C_S1_lab_hard_floor_B3_U050_R3,1245.312717699,7.697722718,command,0.500000,-5.806512833,-2.604654312,-1.960692286,0.000827789,-0.038765024,-1.961084604,ros2_odometer_state
M19C_S1_lab_hard_floor_B3_U050_R3,1245.315009904,7.700014923,command,0.500000,-5.806512833,-2.604654312,-1.960692286,0.001603594,-0.039433427,-1.961371660,ros2_odometer_state
M19C_S1_lab_hard_floor_B3_U050_R3,1245.316622246,7.701627265,command,0.500000,-5.806512833,-2.604654312,-1.960692286,0.002386389,-0.040116385,-1.961622000,ros2_odometer_state
M19C_S1_lab_hard_floor_B3_U050_R3,1245.318533894,7.703538913,command,0.500000,-5.806512833,-2.604654312,-1.960692286,0.003196158,-0.040850572,-1.961917996,ros2_odometer_state
M19C_S1_lab_hard_floor_B3_U050_R3,1245.321170303,7.706175322,command,0.500000,-5.806512833,-2.604654312,-1.960692286,0.004034049,-0.041639470,-1.962254167,ros2_odometer_state
M19C_S1_lab_hard_floor_B3_U050_R3,1245.322627728,7.707632747,command,0.500000,-5.806512833,-2.604654312,-1.960692286,0.004871188,-0.042447738,-1.962528586,ros2_odometer_state
M19C_S1_lab_hard_floor_B3_U050_R3,1245.324822554,7.709827573,command,0.500000,-5.806512833,-2.604654312,-1.960692286,0.005706254,-0.043264996,-1.962699890,ros2_odometer_state
M19C_S1_lab_hard_floor_B3_U050_R3,1245.326910401,7.711915420,command,0.500000,-5.806512833,-2.604654312,-1.960692286,0.006555075,-0.044104882,-1.962834597,ros2_odometer_state
M19C_S1_lab_hard_floor_B3_U050_R3,1245.328665404,7.713670423,command,0.500000,-5.806512833,-2.604654312,-1.960692286,0.007434169,-0.044968266,-1.963003039,ros2_odometer_state
M19C_S1_lab_hard_floor_B3_U050_R3,1245.331090541,7.716095560,command,0.500000,-5.806512833,-2.604654312,-1.960692286,0.008352247,-0.045862429,-1.963203073,ros2_odometer_state
M19C_S1_lab_hard_floor_B3_U050_R3,1245.332808039,7.717813058,command,0.500000,-5.810917377,-2.619624853,-1.963203073,0.009302601,-0.046776444,-1.963353753,ros2_odometer_state
M19C_S1_lab_hard_floor_B3_U050_R3,1245.334710215,7.719715234,command,0.500000,-5.810917377,-2.619624853,-1.963203073,0.010261213,-0.047690153,-1.963419318,ros2_odometer_state
M19C_S1_lab_hard_floor_B3_U050_R3,1245.336651849,7.721656868,command,0.500000,-5.810917377,-2.619624853,-1.963203073,0.011225534,-0.048621740,-1.963424802,ros2_odometer_state
M19C_S1_lab_hard_floor_B3_U050_R3,1245.338963927,7.723968946,command,0.500000,-5.810917377,-2.619624853,-1.963203073,0.012205844,-0.049576849,-1.963423133,ros2_odometer_state
M19C_S1_lab_hard_floor_B3_U050_R3,1245.341294373,7.726299392,command,0.500000,-5.810917377,-2.619624853,-1.963203073,0.013208863,-0.050543536,-1.963428617,ros2_odometer_state
M19C_S1_lab_hard_floor_B3_U050_R3,1245.342651155,7.727656174,command,0.500000,-5.810917377,-2.619624853,-1.963203073,0.014236299,-0.051496871,-1.963403583,ros2_odometer_state
M19C_S1_lab_hard_floor_B3_U050_R3,1245.344913503,7.729918522,command,0.500000,-5.810917377,-2.619624853,-1.963203073,0.015278506,-0.052447602,-1.963344693,ros2_odometer_state
M19C_S1_lab_hard_floor_B3_U050_R3,1245.346708603,7.731713622,command,0.500000,-5.810917377,-2.619624853,-1.963203073,0.016339932,-0.053402860,-1.963272452,ros2_odometer_state
M19C_S1_lab_hard_floor_B3_U050_R3,1245.349105260,7.734110279,command,0.500000,-5.810917377,-2.619624853,-1.963203073,0.017422367,-0.054378387,-1.963203073,ros2_odometer_state
M19C_S1_lab_hard_floor_B3_U050_R3,1245.350704674,7.735709693,command,0.500000,-5.810917377,-2.619624853,-1.963203073,0.018528664,-0.055379678,-1.963131070,ros2_odometer_state
M19C_S1_lab_hard_floor_B3_U050_R3,1245.352806729,7.737811748,command,0.500000,-5.817646503,-2.635162592,-1.963131070,0.019653302,-0.056385547,-1.963035822,ros2_odometer_state
M19C_S1_lab_hard_floor_B3_U050_R3,1245.354609669,7.739614688,command,0.500000,-5.817646503,-2.635162592,-1.963131070,0.020807976,-0.057397164,-1.962899566,ros2_odometer_state
M19C_S1_lab_hard_floor_B3_U050_R3,1245.355897137,7.740902156,command,0.500000,-5.817646503,-2.635162592,-1.963131070,0.020807976,-0.057397164,-1.962899566,ros2_odometer_state
M19C_S1_lab_hard_floor_B3_U050_R3,1245.358691183,7.743696202,command,0.500000,-5.817646503,-2.635162592,-1.963131070,0.023213973,-0.059434131,-1.962466955,ros2_odometer_state
M19C_S1_lab_hard_floor_B3_U050_R3,1245.361390442,7.746395461,command,0.500000,-5.817646503,-2.635162592,-1.963131070,0.024458481,-0.060459375,-1.962162614,ros2_odometer_state
M19C_S1_lab_hard_floor_B3_U050_R3,1245.362167396,7.747172415,command,0.500000,-5.817646503,-2.635162592,-1.963131070,0.024458481,-0.060459375,-1.962162614,ros2_odometer_state
M19C_S1_lab_hard_floor_B3_U050_R3,1245.364110661,7.749115680,command,0.500000,-5.817646503,-2.635162592,-1.963131070,0.025719324,-0.061472218,-1.961827040,ros2_odometer_state
M19C_S1_lab_hard_floor_B3_U050_R3,1245.366005413,7.751010432,command,0.500000,-5.817646503,-2.635162592,-1.963131070,0.026987966,-0.062466860,-1.961452603,ros2_odometer_state
M19C_S1_lab_hard_floor_B3_U050_R3,1245.369012843,7.754017862,command,0.500000,-5.817646503,-2.635162592,-1.963131070,0.029579425,-0.064436123,-1.960614443,ros2_odometer_state
M19C_S1_lab_hard_floor_B3_U050_R3,1245.370990637,7.755995656,command,0.500000,-5.817646503,-2.635162592,-1.963131070,0.030918865,-0.065434001,-1.960228205,ros2_odometer_state
M19C_S1_lab_hard_floor_B3_U050_R3,1245.372134964,7.757139983,command,0.500000,-5.823020935,-2.651359558,-1.960228205,0.030918865,-0.065434001,-1.960228205,ros2_odometer_state
M19C_S1_lab_hard_floor_B3_U050_R3,1245.374022451,7.759027470,command,0.500000,-5.823020935,-2.651359558,-1.960228205,0.032310560,-0.066447377,-1.959861159,ros2_odometer_state
M19C_S1_lab_hard_floor_B3_U050_R3,1245.376688429,7.761693448,command,0.500000,-5.823020935,-2.651359558,-1.960228205,0.035182148,-0.068525046,-1.959036112,ros2_odometer_state
M19C_S1_lab_hard_floor_B3_U050_R3,1245.378687856,7.763692875,command,0.500000,-5.823020935,-2.651359558,-1.960228205,0.036656186,-0.069594264,-1.958611250,ros2_odometer_state
M19C_S1_lab_hard_floor_B3_U050_R3,1245.381498895,7.766503914,command,0.500000,-5.823020935,-2.651359558,-1.960228205,0.038148750,-0.070686519,-1.958173037,ros2_odometer_state
M19C_S1_lab_hard_floor_B3_U050_R3,1245.382786811,7.767791830,command,0.500000,-5.823020935,-2.651359558,-1.960228205,0.039642040,-0.071767442,-1.957675099,ros2_odometer_state
M19C_S1_lab_hard_floor_B3_U050_R3,1245.384892257,7.769897276,command,0.500000,-5.823020935,-2.651359558,-1.960228205,0.041125659,-0.072808266,-1.957093716,ros2_odometer_state
M19C_S1_lab_hard_floor_B3_U050_R3,1245.386784897,7.771789916,command,0.500000,-5.823020935,-2.651359558,-1.960228205,0.042602118,-0.073798038,-1.956484318,ros2_odometer_state
M19C_S1_lab_hard_floor_B3_U050_R3,1245.388667585,7.773672604,command,0.500000,-5.823020935,-2.651359558,-1.960228205,0.043984953,-0.074834779,-1.955755115,ros2_odometer_state
M19C_S1_lab_hard_floor_B3_U050_R3,1245.392317051,7.777322070,command,0.500000,-5.823020935,-2.651359558,-1.960228205,0.045087747,-0.076018631,-1.954880238,ros2_odometer_state
M19C_S1_lab_hard_floor_B3_U050_R3,1245.393233498,7.778238517,command,0.500000,-5.830483913,-2.669259548,-1.954880238,0.045982603,-0.077204302,-1.954253674,ros2_odometer_state
M19C_S1_lab_hard_floor_B3_U050_R3,1245.393995348,7.779000367,command,0.500000,-5.830483913,-2.669259548,-1.954880238,0.045982603,-0.077204302,-1.954253674,ros2_odometer_state
M19C_S1_lab_hard_floor_B3_U050_R3,1245.396783602,7.781788621,command,0.500000,-5.830483913,-2.669259548,-1.954880238,0.047447976,-0.079351485,-1.953719020,ros2_odometer_state
M19C_S1_lab_hard_floor_B3_U050_R3,1245.398182529,7.783187548,command,0.500000,-5.830483913,-2.669259548,-1.954880238,0.047447976,-0.079351485,-1.953719020,ros2_odometer_state
M19C_S1_lab_hard_floor_B3_U050_R3,1245.401410478,7.786415497,command,0.500000,-5.830483913,-2.669259548,-1.954880238,0.048600256,-0.081073418,-1.953381300,ros2_odometer_state
M19C_S1_lab_hard_floor_B3_U050_R3,1245.402823037,7.787828056,command,0.500000,-5.830483913,-2.669259548,-1.954880238,0.049045864,-0.081877820,-1.953069091,ros2_odometer_state
M19C_S1_lab_hard_floor_B3_U050_R3,1245.404835265,7.789840284,command,0.500000,-5.830483913,-2.669259548,-1.954880238,0.049311806,-0.082672440,-1.952766180,ros2_odometer_state
M19C_S1_lab_hard_floor_B3_U050_R3,1245.406040906,7.791045925,command,0.500000,-5.830483913,-2.669259548,-1.954880238,0.049311806,-0.082672440,-1.952766180,ros2_odometer_state
M19C_S1_lab_hard_floor_B3_U050_R3,1245.407997868,7.793002887,command,0.500000,-5.830483913,-2.669259548,-1.954880238,0.049417347,-0.083424270,-1.952611089,ros2_odometer_state
M19C_S1_lab_hard_floor_B3_U050_R3,1245.410046001,7.795051020,command,0.500000,-5.830483913,-2.669259548,-1.954880238,0.049381942,-0.084142037,-1.952521086,ros2_odometer_state
M19C_S1_lab_hard_floor_B3_U050_R3,1245.412964115,7.797969134,command,0.500000,-5.838982582,-2.684399605,-1.952266932,0.048865646,-0.085629500,-1.951825261,ros2_odometer_state
M19C_S1_lab_hard_floor_B3_U050_R3,1245.414802577,7.799807596,command,0.500000,-5.838982582,-2.684399605,-1.952266932,0.048373219,-0.086448461,-1.951419115,ros2_odometer_state
M19C_S1_lab_hard_floor_B3_U050_R3,1245.416136190,7.801141209,command,0.500000,-5.838982582,-2.684399605,-1.952266932,0.048373219,-0.086448461,-1.951419115,ros2_odometer_state
M19C_S1_lab_hard_floor_B3_U050_R3,1245.418051646,7.803056665,command,0.500000,-5.838982582,-2.684399605,-1.952266932,0.047782212,-0.087329626,-1.951151490,ros2_odometer_state
M19C_S1_lab_hard_floor_B3_U050_R3,1245.421408559,7.806413578,command,0.500000,-5.838982582,-2.684399605,-1.952266932,0.046470542,-0.089172170,-1.950560570,ros2_odometer_state
M19C_S1_lab_hard_floor_B3_U050_R3,1245.422796126,7.807801145,command,0.500000,-5.838982582,-2.684399605,-1.952266932,0.045843873,-0.090064734,-1.950042486,ros2_odometer_state
M19C_S1_lab_hard_floor_B3_U050_R3,1245.424342482,7.809347501,command,0.500000,-5.838982582,-2.684399605,-1.952266932,0.045843873,-0.090064734,-1.950042486,ros2_odometer_state
M19C_S1_lab_hard_floor_B3_U050_R3,1245.426225330,7.811230349,command,0.500000,-5.838982582,-2.684399605,-1.952266932,0.045275461,-0.090865374,-1.949363589,ros2_odometer_state
M19C_S1_lab_hard_floor_B3_U050_R3,1245.428882347,7.813887366,command,0.500000,-5.838982582,-2.684399605,-1.952266932,0.044279676,-0.092014767,-1.947767615,ros2_odometer_state
M19C_S1_lab_hard_floor_B3_U050_R3,1245.430859438,7.815864457,command,0.500000,-5.838982582,-2.684399605,-1.952266932,0.043848395,-0.092427388,-1.947085500,ros2_odometer_state
M19C_S1_lab_hard_floor_B3_U050_R3,1245.432848913,7.817853932,command,0.500000,-5.852422714,-2.698702097,-1.947085500,0.043472227,-0.092808925,-1.946519494,ros2_odometer_state
M19C_S1_lab_hard_floor_B3_U050_R3,1245.434760913,7.819765932,command,0.500000,-5.852422714,-2.698702097,-1.947085500,0.043145146,-0.093186364,-1.946008086,ros2_odometer_state
M19C_S1_lab_hard_floor_B3_U050_R3,1245.436848855,7.821853874,command,0.500000,-5.852422714,-2.698702097,-1.947085500,0.042856485,-0.093536913,-1.945550919,ros2_odometer_state
M19C_S1_lab_hard_floor_B3_U050_R3,1245.438783288,7.823788307,command,0.500000,-5.852422714,-2.698702097,-1.947085500,0.042622887,-0.093830638,-1.945168257,ros2_odometer_state
M19C_S1_lab_hard_floor_B3_U050_R3,1245.441408785,7.826413804,command,0.500000,-5.852422714,-2.698702097,-1.947085500,0.042438280,-0.094066098,-1.944845438,ros2_odometer_state
M19C_S1_lab_hard_floor_B3_U050_R3,1245.443263439,7.828268458,command,0.500000,-5.852422714,-2.698702097,-1.947085500,0.042280633,-0.094265394,-1.944533110,ros2_odometer_state
M19C_S1_lab_hard_floor_B3_U050_R3,1245.444936808,7.829941827,command,0.500000,-5.852422714,-2.698702097,-1.947085500,0.042121239,-0.094444983,-1.944212317,ros2_odometer_state
M19C_S1_lab_hard_floor_B3_U050_R3,1245.446107247,7.831112266,command,0.500000,-5.852422714,-2.698702097,-1.947085500,0.042121239,-0.094444983,-1.944212317,ros2_odometer_state
M19C_S1_lab_hard_floor_B3_U050_R3,1245.448937390,7.833942409,command,0.500000,-5.852422714,-2.698702097,-1.947085500,0.041662440,-0.094646074,-1.943284273,ros2_odometer_state
M19C_S1_lab_hard_floor_B3_U050_R3,1245.450918097,7.835923116,command,0.500000,-5.852422714,-2.698702097,-1.947085500,0.041375738,-0.094676174,-1.942764044,ros2_odometer_state
M19C_S1_lab_hard_floor_B3_U050_R3,1245.452983671,7.837988690,command,0.500000,-5.865268230,-2.711565495,-1.942764044,0.041088525,-0.094764650,-1.942339301,ros2_odometer_state
M19C_S1_lab_hard_floor_B3_U050_R3,1245.454834805,7.839839824,command,0.500000,-5.865268230,-2.711565495,-1.942764044,0.040809687,-0.094976604,-1.942022085,ros2_odometer_state
M19C_S1_lab_hard_floor_B3_U050_R3,1245.456921979,7.841926998,command,0.500000,-5.865268230,-2.711565495,-1.942764044,0.040584177,-0.095225252,-1.941801310,ros2_odometer_state
M19C_S1_lab_hard_floor_B3_U050_R3,1245.458817819,7.843822838,command,0.500000,-5.865268230,-2.711565495,-1.942764044,0.040402446,-0.095481925,-1.941627741,ros2_odometer_state
M19C_S1_lab_hard_floor_B3_U050_R3,1245.461580152,7.846585171,command,0.500000,-5.865268230,-2.711565495,-1.942764044,0.040206730,-0.095762268,-1.941481233,ros2_odometer_state
M19C_S1_lab_hard_floor_B3_U050_R3,1245.462876132,7.847881151,command,0.500000,-5.865268230,-2.711565495,-1.942764044,0.040006567,-0.096046731,-1.941377282,ros2_odometer_state
M19C_S1_lab_hard_floor_B3_U050_R3,1245.464881992,7.849887011,command,0.500000,-5.865268230,-2.711565495,-1.942764044,0.039792053,-0.096284367,-1.941270232,ros2_odometer_state
M19C_S1_lab_hard_floor_B3_U050_R3,1245.466877643,7.851882662,command,0.500000,-5.865268230,-2.711565495,-1.942764044,0.039539199,-0.096405610,-1.941064358,ros2_odometer_state
M19C_S1_lab_hard_floor_B3_U050_R3,1245.468879054,7.853884073,command,0.500000,-5.865268230,-2.711565495,-1.942764044,0.039279025,-0.096453883,-1.940814972,ros2_odometer_state
M19C_S1_lab_hard_floor_B3_U050_R3,1245.470894898,7.855899917,command,0.500000,-5.865268230,-2.711565495,-1.942764044,0.039058372,-0.096510798,-1.940645218,ros2_odometer_state
M19C_S1_lab_hard_floor_B3_U050_R3,1245.472926582,7.857931601,command,0.500000,-5.875380516,-2.723237276,-1.940645218,0.038913496,-0.096593067,-1.940595150,ros2_odometer_state
M19C_S1_lab_hard_floor_B3_U050_R3,1245.474916505,7.859921524,command,0.500000,-5.875380516,-2.723237276,-1.940645218,0.038844623,-0.096711360,-1.940624714,ros2_odometer_state
M19C_S1_lab_hard_floor_B3_U050_R3,1245.476953886,7.861958905,command,0.500000,-5.875380516,-2.723237276,-1.940645218,0.038820814,-0.096882105,-1.940703988,ros2_odometer_state
M19C_S1_lab_hard_floor_B3_U050_R3,1245.479084710,7.864089729,command,0.500000,-5.875380516,-2.723237276,-1.940645218,0.038805265,-0.097110085,-1.940791011,ros2_odometer_state
M19C_S1_lab_hard_floor_B3_U050_R3,1245.480888131,7.865893150,command,0.500000,-5.875380516,-2.723237276,-1.940645218,0.038805265,-0.097110085,-1.940791011,ros2_odometer_state
M19C_S1_lab_hard_floor_B3_U050_R3,1245.482578876,7.867583895,command,0.500000,-5.875380516,-2.723237276,-1.940645218,0.038794294,-0.097372107,-1.940853834,ros2_odometer_state
M19C_S1_lab_hard_floor_B3_U050_R3,1245.486132531,7.871137550,command,0.500000,-5.875380516,-2.723237276,-1.940645218,0.038793858,-0.097607099,-1.940878034,ros2_odometer_state
M19C_S1_lab_hard_floor_B3_U050_R3,1245.487369501,7.872374520,command,0.500000,-5.875380516,-2.723237276,-1.940645218,0.038788479,-0.097774386,-1.940843225,ros2_odometer_state
M19C_S1_lab_hard_floor_B3_U050_R3,1245.488283100,7.873288119,command,0.500000,-5.875380516,-2.723237276,-1.940645218,0.038775474,-0.097875267,-1.940714955,ros2_odometer_state
M19C_S1_lab_hard_floor_B3_U050_R3,1245.491040601,7.876045620,command,0.500000,-5.875380516,-2.723237276,-1.940645218,0.038761225,-0.097926073,-1.940391898,ros2_odometer_state
M19C_S1_lab_hard_floor_B3_U050_R3,1245.492992186,7.877997205,command,0.500000,-5.884927750,-2.735627174,-1.940391898,0.038764849,-0.097954586,-1.940340281,ros2_odometer_state
M19C_S1_lab_hard_floor_B3_U050_R3,1245.495297096,7.880302115,command,0.500000,-5.884927750,-2.735627174,-1.940391898,0.038802318,-0.098038748,-1.940365076,ros2_odometer_state
M19C_S1_lab_hard_floor_B3_U050_R3,1245.497021954,7.882026973,command,0.500000,-5.884927750,-2.735627174,-1.940391898,0.038874701,-0.098200105,-1.940422535,ros2_odometer_state
M19C_S1_lab_hard_floor_B3_U050_R3,1245.499028134,7.884033153,command,0.500000,-5.884927750,-2.735627174,-1.940391898,0.038979921,-0.098427281,-1.940520048,ros2_odometer_state
M19C_S1_lab_hard_floor_B3_U050_R3,1245.501624829,7.886629848,command,0.500000,-5.884927750,-2.735627174,-1.940391898,0.039127227,-0.098703057,-1.940731525,ros2_odometer_state
M19C_S1_lab_hard_floor_B3_U050_R3,1245.502981675,7.887986694,command,0.500000,-5.884927750,-2.735627174,-1.940391898,0.039324705,-0.098983780,-1.941053271,ros2_odometer_state
M19C_S1_lab_hard_floor_B3_U050_R3,1245.505015983,7.890021002,command,0.500000,-5.884927750,-2.735627174,-1.940391898,0.039546274,-0.099207602,-1.941264629,ros2_odometer_state
M19C_S1_lab_hard_floor_B3_U050_R3,1245.507079221,7.892084240,command,0.500000,-5.884927750,-2.735627174,-1.940391898,0.039730445,-0.099324085,-1.941242576,ros2_odometer_state
M19C_S1_lab_hard_floor_B3_U050_R3,1245.508646762,7.893651781,command,0.500000,-5.884927750,-2.735627174,-1.940391898,0.039730445,-0.099324085,-1.941242576,ros2_odometer_state
M19C_S1_lab_hard_floor_B3_U050_R3,1245.511301635,7.896306654,command,0.500000,-5.884927750,-2.735627174,-1.940391898,0.040179476,-0.099305309,-1.941168308,ros2_odometer_state
M19C_S1_lab_hard_floor_B3_U050_R3,1245.513188898,7.898193917,command,0.500000,-5.892995834,-2.747067690,-1.941168308,0.040505543,-0.099325970,-1.941394091,ros2_odometer_state
M19C_S1_lab_hard_floor_B3_U050_R3,1245.514439693,7.899444712,command,0.500000,-5.892995834,-2.747067690,-1.941168308,0.040505543,-0.099325970,-1.941394091,ros2_odometer_state
M19C_S1_lab_hard_floor_B3_U050_R3,1245.516853598,7.901858617,command,0.500000,-5.892995834,-2.747067690,-1.941168308,0.040840834,-0.099385299,-1.941656470,ros2_odometer_state
M19C_S1_lab_hard_floor_B3_U050_R3,1245.518355152,7.903360171,command,0.500000,-5.892995834,-2.747067690,-1.941168308,0.041147009,-0.099462725,-1.941852212,ros2_odometer_state
M19C_S1_lab_hard_floor_B3_U050_R3,1245.520987593,7.905992612,command,0.500000,-5.892995834,-2.747067690,-1.941168308,0.041437879,-0.099565715,-1.941996694,ros2_odometer_state
M19C_S1_lab_hard_floor_B3_U050_R3,1245.523332952,7.908337971,command,0.500000,-5.892995834,-2.747067690,-1.941168308,0.042010162,-0.099878341,-1.942375898,ros2_odometer_state
M19C_S1_lab_hard_floor_B3_U050_R3,1245.524494463,7.909499482,command,0.500000,-5.892995834,-2.747067690,-1.941168308,0.042010162,-0.099878341,-1.942375898,ros2_odometer_state
M19C_S1_lab_hard_floor_B3_U050_R3,1245.527397601,7.912402620,command,0.500000,-5.892995834,-2.747067690,-1.941168308,0.042563885,-0.100155555,-1.942901373,ros2_odometer_state
M19C_S1_lab_hard_floor_B3_U050_R3,1245.529694126,7.914699145,command,0.500000,-5.892995834,-2.747067690,-1.941168308,0.042761907,-0.100215919,-1.943043351,ros2_odometer_state
M19C_S1_lab_hard_floor_B3_U050_R3,1245.530335780,7.915340799,command,0.500000,-5.892995834,-2.747067690,-1.941168308,0.042761907,-0.100215919,-1.943043351,ros2_odometer_state
M19C_S1_lab_hard_floor_B3_U050_R3,1245.533275623,7.918280642,command,0.500000,-5.899269104,-2.757791519,-1.943144441,0.043071926,-0.100184597,-1.943270802,ros2_odometer_state
M19C_S1_lab_hard_floor_B3_U050_R3,1245.535102981,7.920108000,command,0.500000,-5.899269104,-2.757791519,-1.943144441,0.043254882,-0.100188486,-1.943420291,ros2_odometer_state
M19C_S1_lab_hard_floor_B3_U050_R3,1245.537526166,7.922531185,command,0.500000,-5.899269104,-2.757791519,-1.943144441,0.043467432,-0.100228608,-1.943587661,ros2_odometer_state
M19C_S1_lab_hard_floor_B3_U050_R3,1245.539039721,7.924044740,command,0.500000,-5.899269104,-2.757791519,-1.943144441,0.043683600,-0.100274831,-1.943788290,ros2_odometer_state
M19C_S1_lab_hard_floor_B3_U050_R3,1245.540956810,7.925961829,command,0.500000,-5.899269104,-2.757791519,-1.943144441,0.043683600,-0.100274831,-1.943788290,ros2_odometer_state
M19C_S1_lab_hard_floor_B3_U050_R3,1245.543378491,7.928383510,command,0.500000,-5.899269104,-2.757791519,-1.943144441,0.044020645,-0.100359164,-1.944303036,ros2_odometer_state
M19C_S1_lab_hard_floor_B3_U050_R3,1245.544600164,7.929605183,command,0.500000,-5.899269104,-2.757791519,-1.943144441,0.044020645,-0.100359164,-1.944303036,ros2_odometer_state
M19C_S1_lab_hard_floor_B3_U050_R3,1245.547334625,7.932339644,command,0.500000,-5.899269104,-2.757791519,-1.943144441,0.044189651,-0.100427978,-1.944918513,ros2_odometer_state
M19C_S1_lab_hard_floor_B3_U050_R3,1245.549077211,7.934082230,command,0.500000,-5.899269104,-2.757791519,-1.943144441,0.044237047,-0.100430742,-1.945235968,ros2_odometer_state
M19C_S1_lab_hard_floor_B3_U050_R3,1245.552467085,7.937472104,command,0.500000,-5.899269104,-2.757791519,-1.943144441,0.044237047,-0.100430742,-1.945235968,ros2_odometer_state
M19C_S1_lab_hard_floor_B3_U050_R3,1245.553578035,7.938583054,command,0.500000,-5.905922413,-2.770258188,-1.945527673,0.044288427,-0.100412123,-1.945527673,ros2_odometer_state
M19C_S1_lab_hard_floor_B3_U050_R3,1245.554589173,7.939594192,command,0.500000,-5.905922413,-2.770258188,-1.945527673,0.044354174,-0.100390472,-1.945787072,ros2_odometer_state
M19C_S1_lab_hard_floor_B3_U050_R3,1245.556788223,7.941793242,command,0.500000,-5.905922413,-2.770258188,-1.945527673,0.044432547,-0.100371957,-1.945992351,ros2_odometer_state
M19C_S1_lab_hard_floor_B3_U050_R3,1245.559259474,7.944264493,command,0.500000,-5.905922413,-2.770258188,-1.945527673,0.044549607,-0.100309856,-1.946357608,ros2_odometer_state
M19C_S1_lab_hard_floor_B3_U050_R3,1245.561709253,7.946714272,command,0.500000,-5.905922413,-2.770258188,-1.945527673,0.044582598,-0.100249015,-1.946612597,ros2_odometer_state
M19C_S1_lab_hard_floor_B3_U050_R3,1245.563157493,7.948162512,command,0.500000,-5.905922413,-2.770258188,-1.945527673,0.044564337,-0.100182489,-1.946891785,ros2_odometer_state
M19C_S1_lab_hard_floor_B3_U050_R3,1245.565306686,7.950311705,command,0.500000,-5.905922413,-2.770258188,-1.945527673,0.044489518,-0.100110859,-1.947162032,ros2_odometer_state
M19C_S1_lab_hard_floor_B3_U050_R3,1245.567038040,7.952043059,command,0.500000,-5.905922413,-2.770258188,-1.945527673,0.044353880,-0.100033022,-1.947397232,ros2_odometer_state
M19C_S1_lab_hard_floor_B3_U050_R3,1245.569015611,7.954020630,command,0.500000,-5.905922413,-2.770258188,-1.945527673,0.044167992,-0.099944018,-1.947576880,ros2_odometer_state
M19C_S1_lab_hard_floor_B3_U050_R3,1245.571078464,7.956083483,command,0.500000,-5.905922413,-2.770258188,-1.945527673,0.043951213,-0.099849358,-1.947699785,ros2_odometer_state
M19C_S1_lab_hard_floor_B3_U050_R3,1245.573210664,7.958215683,command,0.500000,-5.911953449,-2.783632994,-1.947699785,0.043724317,-0.099763416,-1.947782278,ros2_odometer_state
M19C_S1_lab_hard_floor_B3_U050_R3,1245.575710268,7.960715287,command,0.500000,-5.911953449,-2.783632994,-1.947699785,0.043503091,-0.099681601,-1.947804809,ros2_odometer_state
M19C_S1_lab_hard_floor_B3_U050_R3,1245.576465718,7.961470737,command,0.500000,-5.911953449,-2.783632994,-1.947699785,0.043503091,-0.099681601,-1.947804809,ros2_odometer_state
M19C_S1_lab_hard_floor_B3_U050_R3,1245.578409655,7.963414674,command,0.500000,-5.911953449,-2.783632994,-1.947699785,0.043307275,-0.099598818,-1.947772026,ros2_odometer_state
M19C_S1_lab_hard_floor_B3_U050_R3,1245.581014607,7.966019626,command,0.500000,-5.911953449,-2.783632994,-1.947699785,0.043135218,-0.099498294,-1.947728992,ros2_odometer_state
M19C_S1_lab_hard_floor_B3_U050_R3,1245.583680585,7.968685604,command,0.500000,-5.911953449,-2.783632994,-1.947699785,0.042826343,-0.099297762,-1.947761059,ros2_odometer_state
M19C_S1_lab_hard_floor_B3_U050_R3,1245.585311680,7.970316699,command,0.500000,-5.911953449,-2.783632994,-1.947699785,0.042661175,-0.099260740,-1.947791815,ros2_odometer_state
M19C_S1_lab_hard_floor_B3_U050_R3,1245.587263489,7.972268508,command,0.500000,-5.911953449,-2.783632994,-1.947699785,0.042480439,-0.099273078,-1.947779179,ros2_odometer_state
M19C_S1_lab_hard_floor_B3_U050_R3,1245.589300614,7.974305633,command,0.500000,-5.911953449,-2.783632994,-1.947699785,0.042260438,-0.099317476,-1.947733164,ros2_odometer_state
M19C_S1_lab_hard_floor_B3_U050_R3,1245.591324618,7.976329637,command,0.500000,-5.911953449,-2.783632994,-1.947699785,0.041986272,-0.099377491,-1.947642803,ros2_odometer_state
M19C_S1_lab_hard_floor_B3_U050_R3,1245.593205641,7.978210660,command,0.500000,-5.917255402,-2.796906233,-1.947642803,0.041675691,-0.099457659,-1.947482944,ros2_odometer_state
M19C_S1_lab_hard_floor_B3_U050_R3,1245.595205453,7.980210472,command,0.500000,-5.917255402,-2.796906233,-1.947642803,0.041335970,-0.099549085,-1.947255969,ros2_odometer_state
M19C_S1_lab_hard_floor_B3_U050_R3,1245.597324180,7.982329199,command,0.500000,-5.917255402,-2.796906233,-1.947642803,0.040977225,-0.099635378,-1.947046876,ros2_odometer_state
M19C_S1_lab_hard_floor_B3_U050_R3,1245.599638562,7.984643581,command,0.500000,-5.917255402,-2.796906233,-1.947642803,0.040598169,-0.099698976,-1.946899295,ros2_odometer_state
M19C_S1_lab_hard_floor_B3_U050_R3,1245.601904302,7.986909321,command,0.500000,-5.917255402,-2.796906233,-1.947642803,0.040190808,-0.099748105,-1.946775198,ros2_odometer_state
M19C_S1_lab_hard_floor_B3_U050_R3,1245.602888176,7.987893195,command,0.500000,-5.917255402,-2.796906233,-1.947642803,0.040190808,-0.099748105,-1.946775198,ros2_odometer_state
M19C_S1_lab_hard_floor_B3_U050_R3,1245.605453894,7.990458913,command,0.500000,-5.917255402,-2.796906233,-1.947642803,0.039366007,-0.099888898,-1.946357846,ros2_odometer_state
M19C_S1_lab_hard_floor_B3_U050_R3,1245.607521676,7.992526695,command,0.500000,-5.917255402,-2.796906233,-1.947642803,0.038996536,-0.099999137,-1.946030855,ros2_odometer_state
M19C_S1_lab_hard_floor_B3_U050_R3,1245.610834523,7.995839542,command,0.500000,-5.917255402,-2.796906233,-1.947642803,0.038996536,-0.099999137,-1.946030855,ros2_odometer_state
M19C_S1_lab_hard_floor_B3_U050_R3,1245.612074725,7.997079744,command,0.500000,-5.917255402,-2.796906233,-1.947642803,0.038659357,-0.100134864,-1.945682168,ros2_odometer_state
M19C_S1_lab_hard_floor_B3_U050_R3,1245.613412690,7.998417709,command,0.500000,-5.924752712,-2.808603525,-1.945352316,0.038347270,-0.100299530,-1.945352316,ros2_odometer_state
M19C_S1_lab_hard_floor_B3_U050_R3,1245.615417046,8.000422065,command,0.500000,-5.924752712,-2.808603525,-1.945352316,0.037706178,-0.100617565,-1.944628477,ros2_odometer_state
M19C_S1_lab_hard_floor_B3_U050_R3,1245.616568668,8.001573687,command,0.500000,-5.924752712,-2.808603525,-1.945352316,0.037706178,-0.100617565,-1.944628477,ros2_odometer_state
M19C_S1_lab_hard_floor_B3_U050_R3,1245.619381371,8.004386390,command,0.500000,-5.924752712,-2.808603525,-1.945352316,0.036966175,-0.100770555,-1.943864584,ros2_odometer_state
M19C_S1_lab_hard_floor_B3_U050_R3,1245.621934065,8.006939084,command,0.500000,-5.924752712,-2.808603525,-1.945352316,0.036553666,-0.100761235,-1.943480611,ros2_odometer_state
M19C_S1_lab_hard_floor_B3_U050_R3,1245.623153242,8.008158261,command,0.500000,-5.924752712,-2.808603525,-1.945352316,0.036067255,-0.100716613,-1.943027854,ros2_odometer_state
M19C_S1_lab_hard_floor_B3_U050_R3,1245.625274050,8.010279069,command,0.500000,-5.924752712,-2.808603525,-1.945352316,0.035542481,-0.100686058,-1.942551851,ros2_odometer_state
M19C_S1_lab_hard_floor_B3_U050_R3,1245.626507659,8.011512678,command,0.500000,-5.924752712,-2.808603525,-1.945352316,0.035542481,-0.100686058,-1.942551851,ros2_odometer_state
M19C_S1_lab_hard_floor_B3_U050_R3,1245.629959647,8.014964666,command,0.500000,-5.924752712,-2.808603525,-1.945352316,0.034606315,-0.100821562,-1.941638470,ros2_odometer_state
M19C_S1_lab_hard_floor_B3_U050_R3,1245.631312205,8.016317224,command,0.500000,-5.924752712,-2.808603525,-1.945352316,0.034195270,-0.100962259,-1.941129923,ros2_odometer_state
M19C_S1_lab_hard_floor_B3_U050_R3,1245.632592696,8.017597715,command,0.500000,-5.931556702,-2.819967031,-1.941129923,0.034195270,-0.100962259,-1.941129923,ros2_odometer_state
M19C_S1_lab_hard_floor_B3_U050_R3,1245.635547484,8.020552503,command,0.500000,-5.931556702,-2.819967031,-1.941129923,0.033451986,-0.101194255,-1.940113902,ros2_odometer_state
M19C_S1_lab_hard_floor_B3_U050_R3,1245.637521662,8.022526681,command,0.500000,-5.931556702,-2.819967031,-1.941129923,0.033072721,-0.101212740,-1.939631581,ros2_odometer_state
M19C_S1_lab_hard_floor_B3_U050_R3,1245.640053043,8.025058062,command,0.500000,-5.931556702,-2.819967031,-1.941129923,0.032687154,-0.101147577,-1.939227939,ros2_odometer_state
M19C_S1_lab_hard_floor_B3_U050_R3,1245.642085144,8.027090163,command,0.500000,-5.931556702,-2.819967031,-1.941129923,0.032279164,-0.101021759,-1.938881159,ros2_odometer_state
M19C_S1_lab_hard_floor_B3_U050_R3,1245.645501675,8.030506694,command,0.500000,-5.931556702,-2.819967031,-1.941129923,0.031853706,-0.100875527,-1.938549638,ros2_odometer_state
M19C_S1_lab_hard_floor_B3_U050_R3,1245.646751381,8.031756400,command,0.500000,-5.931556702,-2.819967031,-1.941129923,0.031462472,-0.100758314,-1.938212037,ros2_odometer_state
M19C_S1_lab_hard_floor_B3_U050_R3,1245.647762359,8.032767378,command,0.500000,-5.931556702,-2.819967031,-1.941129923,0.031139376,-0.100698456,-1.937883735,ros2_odometer_state
M19C_S1_lab_hard_floor_B3_U050_R3,1245.649539827,8.034544846,command,0.500000,-5.931556702,-2.819967031,-1.941129923,0.030897751,-0.100697413,-1.937592983,ros2_odometer_state
M19C_S1_lab_hard_floor_B3_U050_R3,1245.651277293,8.036282312,command,0.500000,-5.931556702,-2.819967031,-1.941129923,0.030726880,-0.100737832,-1.937347293,ros2_odometer_state
M19C_S1_lab_hard_floor_B3_U050_R3,1245.653584059,8.038589078,command,0.500000,-5.938468933,-2.833283901,-1.937347293,0.030603828,-0.100766264,-1.937122107,ros2_odometer_state
M19C_S1_lab_hard_floor_B3_U050_R3,1245.655244851,8.040249870,command,0.500000,-5.938468933,-2.833283901,-1.937347293,0.030473283,-0.100736640,-1.936888933,ros2_odometer_state
M19C_S1_lab_hard_floor_B3_U050_R3,1245.657255991,8.042261010,command,0.500000,-5.938468933,-2.833283901,-1.937347293,0.030308113,-0.100596018,-1.936631203,ros2_odometer_state
M19C_S1_lab_hard_floor_B3_U050_R3,1245.659191192,8.044196211,command,0.500000,-5.938468933,-2.833283901,-1.937347293,0.030149832,-0.100372501,-1.936380625,ros2_odometer_state
M19C_S1_lab_hard_floor_B3_U050_R3,1245.661883091,8.046888110,command,0.500000,-5.938468933,-2.833283901,-1.937347293,0.030009788,-0.100083053,-1.936165333,ros2_odometer_state
M19C_S1_lab_hard_floor_B3_U050_R3,1245.663324451,8.048329470,command,0.500000,-5.938468933,-2.833283901,-1.937347293,0.029858220,-0.099761248,-1.935982823,ros2_odometer_state
M19C_S1_lab_hard_floor_B3_U050_R3,1245.664604878,8.049609897,command,0.500000,-5.938468933,-2.833283901,-1.937347293,0.029858220,-0.099761248,-1.935982823,ros2_odometer_state
M19C_S1_lab_hard_floor_B3_U050_R3,1245.667287945,8.052292964,command,0.500000,-5.938468933,-2.833283901,-1.937347293,0.029634187,-0.099162705,-1.935647964,ros2_odometer_state
M19C_S1_lab_hard_floor_B3_U050_R3,1245.668583252,8.053588271,command,0.500000,-5.938468933,-2.833283901,-1.937347293,0.029634187,-0.099162705,-1.935647964,ros2_odometer_state
M19C_S1_lab_hard_floor_B3_U050_R3,1245.671289423,8.056294442,command,0.500000,-5.938468933,-2.833283901,-1.937347293,0.029521924,-0.098583177,-1.935357332,ros2_odometer_state
M19C_S1_lab_hard_floor_B3_U050_R3,1245.672636157,8.057641176,command,0.500000,-5.943197250,-2.845760345,-1.935357332,0.029521924,-0.098583177,-1.935357332,ros2_odometer_state
M19C_S1_lab_hard_floor_B3_U050_R3,1245.675340312,8.060345331,command,0.500000,-5.943197250,-2.845760345,-1.935357332,0.029459422,-0.097913571,-1.935141683,ros2_odometer_state
M19C_S1_lab_hard_floor_B3_U050_R3,1245.678750635,8.063755654,command,0.500000,-5.943197250,-2.845760345,-1.935357332,0.029459422,-0.097913571,-1.935141683,ros2_odometer_state
M19C_S1_lab_hard_floor_B3_U050_R3,1245.679851952,8.064856971,command,0.500000,-5.943197250,-2.845760345,-1.935357332,0.029414464,-0.097514853,-1.935066938,ros2_odometer_state
M19C_S1_lab_hard_floor_B3_U050_R3,1245.681964823,8.066969842,command,0.500000,-5.943197250,-2.845760345,-1.935357332,0.029261544,-0.096567847,-1.934983969,ros2_odometer_state
M19C_S1_lab_hard_floor_B3_U050_R3,1245.683502923,8.068507942,command,0.500000,-5.943197250,-2.845760345,-1.935357332,0.029180791,-0.096072078,-1.935032368,ros2_odometer_state
M19C_S1_lab_hard_floor_B3_U050_R3,1245.685367594,8.070372613,command,0.500000,-5.943197250,-2.845760345,-1.935357332,0.029099980,-0.095587797,-1.935125113,ros2_odometer_state
M19C_S1_lab_hard_floor_B3_U050_R3,1245.687623830,8.072628849,command,0.500000,-5.943197250,-2.845760345,-1.935357332,0.029025901,-0.095119312,-1.935234070,ros2_odometer_state
M19C_S1_lab_hard_floor_B3_U050_R3,1245.689589432,8.074594451,command,0.500000,-5.943197250,-2.845760345,-1.935357332,0.028947352,-0.094656430,-1.935350299,ros2_odometer_state
M19C_S1_lab_hard_floor_B3_U050_R3,1245.691722496,8.076727515,command,0.500000,-5.943197250,-2.845760345,-1.935357332,0.028824339,-0.094180495,-1.935454130,ros2_odometer_state
M19C_S1_lab_hard_floor_B3_U050_R3,1245.693638752,8.078643771,command,0.500000,-5.947822571,-2.858105659,-1.935454130,0.028656457,-0.093685299,-1.935540438,ros2_odometer_state
M19C_S1_lab_hard_floor_B3_U050_R3,1245.695312056,8.080317075,command,0.500000,-5.947822571,-2.858105659,-1.935454130,0.028449956,-0.093156099,-1.935633540,ros2_odometer_state
M19C_S1_lab_hard_floor_B3_U050_R3,1245.697550852,8.082555871,command,0.500000,-5.947822571,-2.858105659,-1.935454130,0.028205600,-0.092575699,-1.935751677,ros2_odometer_state
M19C_S1_lab_hard_floor_B3_U050_R3,1245.699601001,8.084606020,command,0.500000,-5.947822571,-2.858105659,-1.935454130,0.027939629,-0.091932811,-1.935892820,ros2_odometer_state
M19C_S1_lab_hard_floor_B3_U050_R3,1245.701440007,8.086445026,command,0.500000,-5.947822571,-2.858105659,-1.935454130,0.027939629,-0.091932811,-1.935892820,ros2_odometer_state
M19C_S1_lab_hard_floor_B3_U050_R3,1245.702851030,8.087856049,command,0.500000,-5.947822571,-2.858105659,-1.935454130,0.027652672,-0.091232449,-1.936036229,ros2_odometer_state
M19C_S1_lab_hard_floor_B3_U050_R3,1245.705482031,8.090487050,command,0.500000,-5.947822571,-2.858105659,-1.935454130,0.027039966,-0.089737505,-1.936350465,ros2_odometer_state
M19C_S1_lab_hard_floor_B3_U050_R3,1245.707350094,8.092355113,command,0.500000,-5.947822571,-2.858105659,-1.935454130,0.026692230,-0.088938706,-1.936505795,ros2_odometer_state
M19C_S1_lab_hard_floor_B3_U050_R3,1245.709460885,8.094465904,command,0.500000,-5.947822571,-2.858105659,-1.935454130,0.026286880,-0.088121876,-1.936635375,ros2_odometer_state
M19C_S1_lab_hard_floor_B3_U050_R3,1245.713380121,8.098385140,command,0.500000,-5.947822571,-2.858105659,-1.935454130,0.026286880,-0.088121876,-1.936635375,ros2_odometer_state
M19C_S1_lab_hard_floor_B3_U050_R3,1245.714502495,8.099507514,command,0.500000,-5.952071190,-2.869471550,-1.936764359,0.025802206,-0.087284632,-1.936764359,ros2_odometer_state
M19C_S1_lab_hard_floor_B3_U050_R3,1245.715392733,8.100397752,command,0.500000,-5.952071190,-2.869471550,-1.936764359,0.025271531,-0.086414628,-1.936911225,ros2_odometer_state
M19C_S1_lab_hard_floor_B3_U050_R3,1245.717369695,8.102374714,command,0.500000,-5.952071190,-2.869471550,-1.936764359,0.024108721,-0.084616758,-1.937263966,ros2_odometer_state
M19C_S1_lab_hard_floor_B3_U050_R3,1245.719395876,8.104400895,command,0.500000,-5.952071190,-2.869471550,-1.936764359,0.023492027,-0.083714671,-1.937472820,ros2_odometer_state
M19C_S1_lab_hard_floor_B3_U050_R3,1245.721291875,8.106296894,command,0.500000,-5.952071190,-2.869471550,-1.936764359,0.023492027,-0.083714671,-1.937472820,ros2_odometer_state
M19C_S1_lab_hard_floor_B3_U050_R3,1245.723572400,8.108577419,command,0.500000,-5.952071190,-2.869471550,-1.936764359,0.022235582,-0.081919424,-1.937983632,ros2_odometer_state
M19C_S1_lab_hard_floor_B3_U050_R3,1245.725424559,8.110429578,command,0.500000,-5.952071190,-2.869471550,-1.936764359,0.021603694,-0.081012435,-1.938325047,ros2_odometer_state
M19C_S1_lab_hard_floor_B3_U050_R3,1245.727331407,8.112336426,command,0.500000,-5.952071190,-2.869471550,-1.936764359,0.020973025,-0.080089219,-1.938737750,ros2_odometer_state
M19C_S1_lab_hard_floor_B3_U050_R3,1245.729524217,8.114529236,command,0.500000,-5.952071190,-2.869471550,-1.936764359,0.020328522,-0.079167530,-1.939158320,ros2_odometer_state
M19C_S1_lab_hard_floor_B3_U050_R3,1245.731369623,8.116374642,command,0.500000,-5.952071190,-2.869471550,-1.936764359,0.019686807,-0.078274265,-1.939558148,ros2_odometer_state
M19C_S1_lab_hard_floor_B3_U050_R3,1245.733425852,8.118430871,command,0.500000,-5.957253456,-2.879362583,-1.939558148,0.019067544,-0.077458762,-1.940018058,ros2_odometer_state
M19C_S1_lab_hard_floor_B3_U050_R3,1245.735360509,8.120365528,command,0.500000,-5.957253456,-2.879362583,-1.939558148,0.018500403,-0.076773420,-1.940605879,ros2_odometer_state
M19C_S1_lab_hard_floor_B3_U050_R3,1245.737450788,8.122455807,command,0.500000,-5.957253456,-2.879362583,-1.939558148,0.018063305,-0.076332919,-1.941492200,ros2_odometer_state
M19C_S1_lab_hard_floor_B3_U050_R3,1245.738661612,8.123666631,command,0.500000,-5.957253456,-2.879362583,-1.939558148,0.018063305,-0.076332919,-1.941492200,ros2_odometer_state
M19C_S1_lab_hard_floor_B3_U050_R3,1245.742062431,8.127067450,command,0.500000,-5.957253456,-2.879362583,-1.939558148,0.017819894,-0.076041237,-1.943993330,ros2_odometer_state
M19C_S1_lab_hard_floor_B3_U050_R3,1245.743453038,8.128458057,command,0.500000,-5.957253456,-2.879362583,-1.939558148,0.017828219,-0.075959966,-1.945230007,ros2_odometer_state
M19C_S1_lab_hard_floor_B3_U050_R3,1245.744799003,8.129804022,command,0.500000,-5.957253456,-2.879362583,-1.939558148,0.017828219,-0.075959966,-1.945230007,ros2_odometer_state
M19C_S1_lab_hard_floor_B3_U050_R3,1245.746787262,8.131792281,command,0.500000,-5.957253456,-2.879362583,-1.939558148,0.017942721,-0.075798906,-1.946656346,ros2_odometer_state
M19C_S1_lab_hard_floor_B3_U050_R3,1245.749431095,8.134436114,command,0.500000,-5.957253456,-2.879362583,-1.939558148,0.018270325,-0.074916303,-1.949468136,ros2_odometer_state
M19C_S1_lab_hard_floor_B3_U050_R3,1245.751898730,8.136903749,command,0.500000,-5.957253456,-2.879362583,-1.939558148,0.018424012,-0.074066587,-1.950740218,ros2_odometer_state
M19C_S1_lab_hard_floor_B3_U050_R3,1245.753563106,8.138568125,command,0.500000,-5.962236404,-2.889758825,-1.950740218,0.018632749,-0.072948009,-1.952035069,ros2_odometer_state
M19C_S1_lab_hard_floor_B3_U050_R3,1245.755409345,8.140414364,command,0.500000,-5.962236404,-2.889758825,-1.950740218,0.018829934,-0.071646936,-1.953413367,ros2_odometer_state
M19C_S1_lab_hard_floor_B3_U050_R3,1245.757485030,8.142490049,command,0.500000,-5.962236404,-2.889758825,-1.950740218,0.019019982,-0.070182346,-1.954771996,ros2_odometer_state
M19C_S1_lab_hard_floor_B3_U050_R3,1245.760117247,8.145122266,command,0.500000,-5.962236404,-2.889758825,-1.950740218,0.019219985,-0.068695419,-1.955985546,ros2_odometer_state
M19C_S1_lab_hard_floor_B3_U050_R3,1245.762031872,8.147036891,command,0.500000,-5.962236404,-2.889758825,-1.950740218,0.019406822,-0.067319170,-1.957116246,ros2_odometer_state
M19C_S1_lab_hard_floor_B3_U050_R3,1245.763558387,8.148563406,command,0.500000,-5.962236404,-2.889758825,-1.950740218,0.019595172,-0.066051744,-1.958282709,ros2_odometer_state
M19C_S1_lab_hard_floor_B3_U050_R3,1245.765545142,8.150550161,command,0.500000,-5.962236404,-2.889758825,-1.950740218,0.019824613,-0.064794317,-1.959551811,ros2_odometer_state
M19C_S1_lab_hard_floor_B3_U050_R3,1245.767415925,8.152420944,command,0.500000,-5.962236404,-2.889758825,-1.950740218,0.020108951,-0.063484423,-1.960909963,ros2_odometer_state
M19C_S1_lab_hard_floor_B3_U050_R3,1245.769432697,8.154437716,command,0.500000,-5.962236404,-2.889758825,-1.950740218,0.020387083,-0.062149547,-1.962295651,ros2_odometer_state
M19C_S1_lab_hard_floor_B3_U050_R3,1245.771495774,8.156500793,command,0.500000,-5.962236404,-2.889758825,-1.950740218,0.020582911,-0.060826495,-1.963660002,ros2_odometer_state
M19C_S1_lab_hard_floor_B3_U050_R3,1245.773492994,8.158498013,command,0.500000,-5.963643551,-2.901291847,-1.963660002,0.020646537,-0.059510056,-1.964948177,ros2_odometer_state
M19C_S1_lab_hard_floor_B3_U050_R3,1245.774745996,8.159751015,command,0.500000,-5.963643551,-2.901291847,-1.963660002,0.020646537,-0.059510056,-1.964948177,ros2_odometer_state
M19C_S1_lab_hard_floor_B3_U050_R3,1245.777517417,8.162522436,command,0.500000,-5.963643551,-2.901291847,-1.963660002,0.020448409,-0.056961749,-1.966980934,ros2_odometer_state
M19C_S1_lab_hard_floor_B3_U050_R3,1245.779519853,8.164524872,command,0.500000,-5.963643551,-2.901291847,-1.963660002,0.020228539,-0.055676300,-1.967695355,ros2_odometer_state
M19C_S1_lab_hard_floor_B3_U050_R3,1245.783109894,8.168114913,command,0.500000,-5.963643551,-2.901291847,-1.963660002,0.019950731,-0.054348975,-1.968343139,ros2_odometer_state
M19C_S1_lab_hard_floor_B3_U050_R3,1245.783980739,8.168985758,command,0.500000,-5.963643551,-2.901291847,-1.963660002,0.019616427,-0.052955896,-1.969038725,ros2_odometer_state
M19C_S1_lab_hard_floor_B3_U050_R3,1245.784831295,8.169836314,command,0.500000,-5.963643551,-2.901291847,-1.963660002,0.019616427,-0.052955896,-1.969038725,ros2_odometer_state
M19C_S1_lab_hard_floor_B3_U050_R3,1245.788566493,8.173571512,command,0.500000,-5.963643551,-2.901291847,-1.963660002,0.018771464,-0.049966209,-1.970596194,ros2_odometer_state
M19C_S1_lab_hard_floor_B3_U050_R3,1245.788985099,8.173990118,command,0.500000,-5.963643551,-2.901291847,-1.963660002,0.018771464,-0.049966209,-1.970596194,ros2_odometer_state
M19C_S1_lab_hard_floor_B3_U050_R3,1245.791533473,8.176538492,command,0.500000,-5.963643551,-2.901291847,-1.963660002,0.017697943,-0.046931181,-1.971887589,ros2_odometer_state
M19C_S1_lab_hard_floor_B3_U050_R3,1245.792863534,8.177868553,command,0.500000,-5.965715885,-2.911280870,-1.971887589,0.017697943,-0.046931181,-1.971887589,ros2_odometer_state
M19C_S1_lab_hard_floor_B3_U050_R3,1245.795481958,8.180486977,command,0.500000,-5.965715885,-2.911280870,-1.971887589,0.016408354,-0.044183984,-1.972843528,ros2_odometer_state
M19C_S1_lab_hard_floor_B3_U050_R3,1245.797474953,8.182479972,command,0.500000,-5.965715885,-2.911280870,-1.971887589,0.015690902,-0.042974930,-1.973336458,ros2_odometer_state
M19C_S1_lab_hard_floor_B3_U050_R3,1245.798778293,8.183783312,command,0.500000,-5.965715885,-2.911280870,-1.971887589,0.015690902,-0.042974930,-1.973336458,ros2_odometer_state
M19C_S1_lab_hard_floor_B3_U050_R3,1245.802156967,8.187161986,command,0.500000,-5.965715885,-2.911280870,-1.971887589,0.014212790,-0.040931795,-1.974632025,ros2_odometer_state
M19C_S1_lab_hard_floor_B3_U050_R3,1245.803793822,8.188798841,command,0.500000,-5.965715885,-2.911280870,-1.971887589,0.013460613,-0.040069990,-1.975383997,ros2_odometer_state
M19C_S1_lab_hard_floor_B3_U050_R3,1245.804895267,8.189900286,command,0.500000,-5.965715885,-2.911280870,-1.971887589,0.013460613,-0.040069990,-1.975383997,ros2_odometer_state
M19C_S1_lab_hard_floor_B3_U050_R3,1245.807511835,8.192516854,command,0.500000,-5.965715885,-2.911280870,-1.971887589,0.012016011,-0.038419586,-1.977345824,ros2_odometer_state
M19C_S1_lab_hard_floor_B3_U050_R3,1245.810147028,8.195152047,command,0.500000,-5.965715885,-2.911280870,-1.971887589,0.011273298,-0.037596326,-1.978487730,ros2_odometer_state
M19C_S1_lab_hard_floor_B3_U050_R3,1245.810872429,8.195877448,command,0.500000,-5.965715885,-2.911280870,-1.971887589,0.011273298,-0.037596326,-1.978487730,ros2_odometer_state
M19C_S1_lab_hard_floor_B3_U050_R3,1245.816845878,8.201850897,command,0.500000,-5.968125343,-2.920650721,-1.979563832,0.009628648,-0.036189485,-1.980525136,ros2_odometer_state
M19C_S1_lab_hard_floor_B3_U050_R3,1245.817711059,8.202716078,command,0.500000,-5.968125343,-2.920650721,-1.979563832,0.008726038,-0.035660885,-1.981349826,ros2_odometer_state
M19C_S1_lab_hard_floor_B3_U050_R3,1245.818553935,8.203558954,command,0.500000,-5.968125343,-2.920650721,-1.979563832,0.007812606,-0.035222258,-1.982102990,ros2_odometer_state
M19C_S1_lab_hard_floor_B3_U050_R3,1245.819013439,8.204018458,command,0.500000,-5.968125343,-2.920650721,-1.979563832,0.007812606,-0.035222258,-1.982102990,ros2_odometer_state
M19C_S1_lab_hard_floor_B3_U050_R3,1245.822203210,8.207208229,command,0.500000,-5.968125343,-2.920650721,-1.979563832,0.006058604,-0.034527890,-1.983740330,ros2_odometer_state
M19C_S1_lab_hard_floor_B3_U050_R3,1245.823657755,8.208662774,command,0.500000,-5.968125343,-2.920650721,-1.979563832,0.005209685,-0.034246791,-1.984665632,ros2_odometer_state
M19C_S1_lab_hard_floor_B3_U050_R3,1245.825596540,8.210601559,command,0.500000,-5.968125343,-2.920650721,-1.979563832,0.004365707,-0.034021996,-1.985652566,ros2_odometer_state
M19C_S1_lab_hard_floor_B3_U050_R3,1245.827621537,8.212626556,command,0.500000,-5.968125343,-2.920650721,-1.979563832,0.003522713,-0.033856012,-1.986724377,ros2_odometer_state
M19C_S1_lab_hard_floor_B3_U050_R3,1245.829566402,8.214571421,command,0.500000,-5.968125343,-2.920650721,-1.979563832,0.002684756,-0.033721238,-1.987904191,ros2_odometer_state
M19C_S1_lab_hard_floor_B3_U050_R3,1245.831616423,8.216621442,command,0.500000,-5.968125343,-2.920650721,-1.979563832,0.001832816,-0.033643119,-1.989128470,ros2_odometer_state
M19C_S1_lab_hard_floor_B3_U050_R3,1245.832930643,8.217935662,command,0.500000,-5.972166538,-2.931201458,-1.989128470,0.001832816,-0.033643119,-1.989128470,ros2_odometer_state
M19C_S1_lab_hard_floor_B3_U050_R3,1245.835551788,8.220556807,command,0.500000,-5.972166538,-2.931201458,-1.989128470,0.000060156,-0.033869132,-1.991368413,ros2_odometer_state
M19C_S1_lab_hard_floor_B3_U050_R3,1245.837546255,8.222551274,command,0.500000,-5.972166538,-2.931201458,-1.989128470,-0.000866242,-0.034192961,-1.992320299,ros2_odometer_state
M19C_S1_lab_hard_floor_B3_U050_R3,1245.841650169,8.226655188,command,0.500000,-5.972166538,-2.931201458,-1.989128470,-0.001791569,-0.034600683,-1.993204355,ros2_odometer_state
M19C_S1_lab_hard_floor_B3_U050_R3,1245.842547735,8.227552754,command,0.500000,-5.972166538,-2.931201458,-1.989128470,-0.002685879,-0.035043370,-1.994046926,ros2_odometer_state
M19C_S1_lab_hard_floor_B3_U050_R3,1245.842929732,8.227934751,command,0.500000,-5.972166538,-2.931201458,-1.989128470,-0.002685879,-0.035043370,-1.994046926,ros2_odometer_state
M19C_S1_lab_hard_floor_B3_U050_R3,1245.845171056,8.230176075,command,0.500000,-5.972166538,-2.931201458,-1.989128470,-0.003550943,-0.035463359,-1.994858503,ros2_odometer_state
M19C_S1_lab_hard_floor_B3_U050_R3,1245.850467330,8.235472349,command,0.500000,-5.972166538,-2.931201458,-1.989128470,-0.005132087,-0.036055151,-1.996560097,ros2_odometer_state
M19C_S1_lab_hard_floor_B3_U050_R3,1245.851455075,8.236460094,command,0.500000,-5.972166538,-2.931201458,-1.989128470,-0.005758098,-0.036206838,-1.997449398,ros2_odometer_state
M19C_S1_lab_hard_floor_B3_U050_R3,1245.853136796,8.238141815,command,0.500000,-5.972166538,-2.931201458,-1.989128470,-0.006102253,-0.036401391,-1.998324394,ros2_odometer_state
M19C_S1_lab_hard_floor_B3_U050_R3,1245.854037498,8.239042517,command,0.500000,-5.977352619,-2.944797516,-1.998324394,-0.006034034,-0.036766756,-1.999103427,ros2_odometer_state
M19C_S1_lab_hard_floor_B3_U050_R3,1245.855713363,8.240718382,command,0.500000,-5.977352619,-2.944797516,-1.998324394,-0.005687550,-0.037176989,-1.999473572,ros2_odometer_state
M19C_S1_lab_hard_floor_B3_U050_R3,1245.857619027,8.242624046,command,0.500000,-5.977352619,-2.944797516,-1.998324394,-0.005202723,-0.037421133,-1.999315858,ros2_odometer_state
M19C_S1_lab_hard_floor_B3_U050_R3,1245.859163975,8.244168994,command,0.500000,-5.977352619,-2.944797516,-1.998324394,-0.005202723,-0.037421133,-1.999315858,ros2_odometer_state
M19C_S1_lab_hard_floor_B3_U050_R3,1245.861731870,8.246736889,command,0.500000,-5.977352619,-2.944797516,-1.998324394,-0.004610706,-0.037444808,-1.998839140,ros2_odometer_state
M19C_S1_lab_hard_floor_B3_U050_R3,1245.863185838,8.248190857,command,0.500000,-5.977352619,-2.944797516,-1.998324394,-0.003909923,-0.037393559,-1.998238087,ros2_odometer_state
M19C_S1_lab_hard_floor_B3_U050_R3,1245.866470653,8.251475672,command,0.500000,-5.977352619,-2.944797516,-1.998324394,-0.002327687,-0.037468482,-1.996944189,ros2_odometer_state
M19C_S1_lab_hard_floor_B3_U050_R3,1245.867761769,8.252766788,command,0.500000,-5.977352619,-2.944797516,-1.998324394,-0.001565824,-0.037525658,-1.996337891,ros2_odometer_state
M19C_S1_lab_hard_floor_B3_U050_R3,1245.869628007,8.254633026,command,0.500000,-5.977352619,-2.944797516,-1.998324394,-0.000989825,-0.037499070,-1.995801806,ros2_odometer_state
M19C_S1_lab_hard_floor_B3_U050_R3,1245.872252288,8.257257307,command,0.500000,-5.977352619,-2.944797516,-1.998324394,-0.000613238,-0.037375860,-1.995285749,ros2_odometer_state
M19C_S1_lab_hard_floor_B3_U050_R3,1245.873766611,8.258771630,command,0.500000,-5.979752064,-2.958356380,-1.995285749,-0.000347582,-0.037163440,-1.994695663,ros2_odometer_state
M19C_S1_lab_hard_floor_B3_U050_R3,1245.875634514,8.260639533,command,0.500000,-5.979752064,-2.958356380,-1.995285749,-0.000106247,-0.036891028,-1.993976712,ros2_odometer_state
M19C_S1_lab_hard_floor_B3_U050_R3,1245.878434224,8.263439243,command,0.500000,-5.979752064,-2.958356380,-1.995285749,0.000116381,-0.036650479,-1.993170023,ros2_odometer_state
M19C_S1_lab_hard_floor_B3_U050_R3,1245.880578968,8.265583987,command,0.500000,-5.979752064,-2.958356380,-1.995285749,0.000215326,-0.036563616,-1.992189288,ros2_odometer_state
M19C_S1_lab_hard_floor_B3_U050_R3,1245.882486457,8.267491476,command,0.500000,-5.979752064,-2.958356380,-1.995285749,0.000130000,-0.036633827,-1.990987301,ros2_odometer_state
M19C_S1_lab_hard_floor_B3_U050_R3,1245.883033835,8.268038854,command,0.500000,-5.979752064,-2.958356380,-1.995285749,0.000130000,-0.036633827,-1.990987301,ros2_odometer_state
M19C_S1_lab_hard_floor_B3_U050_R3,1245.885519231,8.270524250,command,0.500000,-5.979752064,-2.958356380,-1.995285749,-0.000032528,-0.036646586,-1.989891291,ros2_odometer_state
M19C_S1_lab_hard_floor_B3_U050_R3,1245.892224033,8.277229052,command,0.500000,-5.979752064,-2.958356380,-1.995285749,-0.000354099,-0.036030762,-1.988768697,ros2_odometer_state
M19C_S1_lab_hard_floor_B3_U050_R3,1245.893212546,8.278217565,command,0.500000,-5.979752064,-2.958356380,-1.995285749,-0.000647197,-0.035490166,-1.988352656,ros2_odometer_state
M19C_S1_lab_hard_floor_B3_U050_R3,1245.894102816,8.279107835,command,0.500000,-5.979752064,-2.958356380,-1.995285749,-0.001107153,-0.034852989,-1.987924457,ros2_odometer_state
M19C_S1_lab_hard_floor_B3_U050_R3,1245.895041535,8.280046554,command,0.500000,-5.980908871,-2.971317053,-1.987924457,-0.001686394,-0.034269545,-1.987402320,ros2_odometer_state
M19C_S1_lab_hard_floor_B3_U050_R3,1245.895887804,8.280892823,command,0.500000,-5.980908871,-2.971317053,-1.987924457,-0.002304645,-0.033800490,-1.986685395,ros2_odometer_state
M19C_S1_lab_hard_floor_B3_U050_R3,1245.897771899,8.282776918,command,0.500000,-5.980908871,-2.971317053,-1.987924457,-0.002883085,-0.033440646,-1.985790849,ros2_odometer_state
M19C_S1_lab_hard_floor_B3_U050_R3,1245.900195693,8.285200712,command,0.500000,-5.980908871,-2.971317053,-1.987924457,-0.003409719,-0.033141341,-1.984862804,ros2_odometer_state
M19C_S1_lab_hard_floor_B3_U050_R3,1245.902525115,8.287530134,command,0.500000,-5.980908871,-2.971317053,-1.987924457,-0.003923466,-0.032822058,-1.983962059,ros2_odometer_state
M19C_S1_lab_hard_floor_B3_U050_R3,1245.903890729,8.288895748,command,0.500000,-5.980908871,-2.971317053,-1.987924457,-0.004413371,-0.032465581,-1.983084559,ros2_odometer_state
M19C_S1_lab_hard_floor_B3_U050_R3,1245.905060273,8.290065292,command,0.500000,-5.980908871,-2.971317053,-1.987924457,-0.004413371,-0.032465581,-1.983084559,ros2_odometer_state
M19C_S1_lab_hard_floor_B3_U050_R3,1245.908163353,8.293168372,command,0.500000,-5.980908871,-2.971317053,-1.987924457,-0.005321492,-0.031724483,-1.981528759,ros2_odometer_state
M19C_S1_lab_hard_floor_B3_U050_R3,1245.910309410,8.295314429,command,0.500000,-5.980908871,-2.971317053,-1.987924457,-0.005821081,-0.031266704,-1.980898857,ros2_odometer_state
M19C_S1_lab_hard_floor_B3_U050_R3,1245.912240867,8.297245886,command,0.500000,-5.980908871,-2.971317053,-1.987924457,-0.006375992,-0.030720314,-1.980372906,ros2_odometer_state
M19C_S1_lab_hard_floor_B3_U050_R3,1245.913237700,8.298242719,command,0.500000,-5.984909534,-2.982025146,-1.980372906,-0.006375992,-0.030720314,-1.980372906,ros2_odometer_state
M19C_S1_lab_hard_floor_B3_U050_R3,1245.916408143,8.301413162,command,0.500000,-5.984909534,-2.982025146,-1.980372906,-0.007590076,-0.029580679,-1.979663610,ros2_odometer_state
M19C_S1_lab_hard_floor_B3_U050_R3,1245.917227723,8.302232742,command,0.500000,-5.984909534,-2.982025146,-1.980372906,-0.007590076,-0.029580679,-1.979663610,ros2_odometer_state
M19C_S1_lab_hard_floor_B3_U050_R3,1245.920071306,8.305076325,command,0.500000,-5.984909534,-2.982025146,-1.980372906,-0.008881001,-0.028621595,-1.979123354,ros2_odometer_state
M19C_S1_lab_hard_floor_B3_U050_R3,1245.922468667,8.307473686,command,0.500000,-5.984909534,-2.982025146,-1.980372906,-0.009588893,-0.028177354,-1.978727698,ros2_odometer_state
M19C_S1_lab_hard_floor_B3_U050_R3,1245.923062159,8.308067178,command,0.500000,-5.984909534,-2.982025146,-1.980372906,-0.009588893,-0.028177354,-1.978727698,ros2_odometer_state
M19C_S1_lab_hard_floor_B3_U050_R3,1245.925784651,8.310789670,command,0.500000,-5.984909534,-2.982025146,-1.980372906,-0.011122845,-0.027459687,-1.977728724,ros2_odometer_state
M19C_S1_lab_hard_floor_B3_U050_R3,1245.927719436,8.312724455,command,0.500000,-5.984909534,-2.982025146,-1.980372906,-0.011875024,-0.027140880,-1.977373838,ros2_odometer_state
M19C_S1_lab_hard_floor_B3_U050_R3,1245.929720239,8.314725258,command,0.500000,-5.984909534,-2.982025146,-1.980372906,-0.012563900,-0.026815822,-1.977265596,ros2_odometer_state
M19C_S1_lab_hard_floor_B3_U050_R3,1245.931767124,8.316772143,command,0.500000,-5.984909534,-2.982025146,-1.980372906,-0.013160125,-0.026485758,-1.977420807,ros2_odometer_state
M19C_S1_lab_hard_floor_B3_U050_R3,1245.933803897,8.318808916,command,0.500000,-5.990880966,-2.993541956,-1.977420807,-0.013674099,-0.026144657,-1.977749825,ros2_odometer_state
M19C_S1_lab_hard_floor_B3_U050_R3,1245.937187787,8.322192806,command,0.500000,-5.990880966,-2.993541956,-1.977420807,-0.014162894,-0.025799189,-1.978086233,ros2_odometer_state
M19C_S1_lab_hard_floor_B3_U050_R3,1245.938080361,8.323085380,command,0.500000,-5.990880966,-2.993541956,-1.977420807,-0.014162894,-0.025799189,-1.978086233,ros2_odometer_state
M19C_S1_lab_hard_floor_B3_U050_R3,1245.939111980,8.324116999,command,0.500000,-5.990880966,-2.993541956,-1.977420807,-0.014661339,-0.025430886,-1.978301883,ros2_odometer_state
M19C_S1_lab_hard_floor_B3_U050_R3,1245.941733732,8.326738751,command,0.500000,-5.990880966,-2.993541956,-1.977420807,-0.015149345,-0.025027324,-1.978374243,ros2_odometer_state
M19C_S1_lab_hard_floor_B3_U050_R3,1245.943840235,8.328845254,command,0.500000,-5.990880966,-2.993541956,-1.977420807,-0.016031360,-0.024255438,-1.978373170,ros2_odometer_state
M19C_S1_lab_hard_floor_B3_U050_R3,1245.945801677,8.330806696,command,0.500000,-5.990880966,-2.993541956,-1.977420807,-0.016377376,-0.023930160,-1.978457928,ros2_odometer_state
M19C_S1_lab_hard_floor_B3_U050_R3,1245.948416677,8.333421696,command,0.500000,-5.990880966,-2.993541956,-1.977420807,-0.016652115,-0.023646586,-1.978657365,ros2_odometer_state
M19C_S1_lab_hard_floor_B3_U050_R3,1245.950178496,8.335183515,command,0.500000,-5.990880966,-2.993541956,-1.977420807,-0.016869074,-0.023382314,-1.978958845,ros2_odometer_state
M19C_S1_lab_hard_floor_B3_U050_R3,1245.951914427,8.336919446,command,0.500000,-5.990880966,-2.993541956,-1.977420807,-0.017052345,-0.023120997,-1.979353309,ros2_odometer_state
M19C_S1_lab_hard_floor_B3_U050_R3,1245.954286475,8.339291494,command,0.500000,-5.997118473,-3.003628016,-1.979353309,-0.017215434,-0.022880791,-1.979820490,ros2_odometer_state
M19C_S1_lab_hard_floor_B3_U050_R3,1245.955811518,8.340816537,command,0.500000,-5.997118473,-3.003628016,-1.979353309,-0.017382924,-0.022660865,-1.980304480,ros2_odometer_state
M19C_S1_lab_hard_floor_B3_U050_R3,1245.958578139,8.343583158,command,0.500000,-5.997118473,-3.003628016,-1.979353309,-0.017382924,-0.022660865,-1.980304480,ros2_odometer_state
M19C_S1_lab_hard_floor_B3_U050_R3,1245.959700801,8.344705820,command,0.500000,-5.997118473,-3.003628016,-1.979353309,-0.017567173,-0.022446504,-1.980741858,ros2_odometer_state
M19C_S1_lab_hard_floor_B3_U050_R3,1245.961747558,8.346752577,command,0.500000,-5.997118473,-3.003628016,-1.979353309,-0.017768674,-0.022209510,-1.981100798,ros2_odometer_state
M19C_S1_lab_hard_floor_B3_U050_R3,1245.963900463,8.348905482,command,0.500000,-5.997118473,-3.003628016,-1.979353309,-0.018208519,-0.021714076,-1.981641173,ros2_odometer_state
M19C_S1_lab_hard_floor_B3_U050_R3,1245.965833488,8.350838507,command,0.500000,-5.997118473,-3.003628016,-1.979353309,-0.018434048,-0.021509776,-1.981864691,ros2_odometer_state
M19C_S1_lab_hard_floor_B3_U050_R3,1245.967859252,8.352864271,command,0.500000,-5.997118473,-3.003628016,-1.979353309,-0.018617410,-0.021361945,-1.982082486,ros2_odometer_state
M19C_S1_lab_hard_floor_B3_U050_R3,1245.969921689,8.354926708,command,0.500000,-5.997118473,-3.003628016,-1.979353309,-0.018697146,-0.021257205,-1.982309699,ros2_odometer_state
M19C_S1_lab_hard_floor_B3_U050_R3,1245.973147878,8.358152897,command,0.500000,-5.997118473,-3.003628016,-1.979353309,-0.018722527,-0.021179853,-1.982504487,ros2_odometer_state
M19C_S1_lab_hard_floor_B3_U050_R3,1245.973543091,8.358548110,command,0.500000,-6.001620293,-3.015563011,-1.982504487,-0.018722527,-0.021179853,-1.982504487,ros2_odometer_state
M19C_S1_lab_hard_floor_B3_U050_R3,1245.975190699,8.360195718,command,0.500000,-6.001620293,-3.015563011,-1.982504487,-0.018735837,-0.021125633,-1.982678771,ros2_odometer_state
M19C_S1_lab_hard_floor_B3_U050_R3,1245.977924327,8.362929346,command,0.500000,-6.001620293,-3.015563011,-1.982504487,-0.018616296,-0.021103757,-1.983084440,ros2_odometer_state
M19C_S1_lab_hard_floor_B3_U050_R3,1245.979896489,8.364901508,command,0.500000,-6.001620293,-3.015563011,-1.982504487,-0.018540708,-0.021127950,-1.983197927,ros2_odometer_state
M19C_S1_lab_hard_floor_B3_U050_R3,1245.982644006,8.367649025,command,0.500000,-6.001620293,-3.015563011,-1.982504487,-0.018478293,-0.021113861,-1.983187675,ros2_odometer_state
M19C_S1_lab_hard_floor_B3_U050_R3,1245.983297404,8.368302423,command,0.500000,-6.001620293,-3.015563011,-1.982504487,-0.018478293,-0.021113861,-1.983187675,ros2_odometer_state
M19C_S1_lab_hard_floor_B3_U050_R3,1245.985946421,8.370951440,command,0.500000,-6.001620293,-3.015563011,-1.982504487,-0.018353043,-0.020897424,-1.982971668,ros2_odometer_state
M19C_S1_lab_hard_floor_B3_U050_R3,1245.987941976,8.372946995,command,0.500000,-6.001620293,-3.015563011,-1.982504487,-0.018320197,-0.020767173,-1.982844234,ros2_odometer_state
M19C_S1_lab_hard_floor_B3_U050_R3,1245.989925691,8.374930710,command,0.500000,-6.001620293,-3.015563011,-1.982504487,-0.018260986,-0.020658959,-1.982771873,ros2_odometer_state
M19C_S1_lab_hard_floor_B3_U050_R3,1245.991195686,8.376200705,command,0.500000,-6.001620293,-3.015563011,-1.982504487,-0.018260986,-0.020658959,-1.982771873,ros2_odometer_state
M19C_S1_lab_hard_floor_B3_U050_R3,1245.993978052,8.378983071,command,0.500000,-6.005836487,-3.026320934,-1.982726097,-0.017929373,-0.020586900,-1.982587934,ros2_odometer_state
M19C_S1_lab_hard_floor_B3_U050_R3,1245.995913157,8.380918176,command,0.500000,-6.005836487,-3.026320934,-1.982726097,-0.017708542,-0.020683240,-1.982308030,ros2_odometer_state
M19C_S1_lab_hard_floor_B3_U050_R3,1245.997909480,8.382914499,command,0.500000,-6.005836487,-3.026320934,-1.982726097,-0.017483441,-0.020872867,-1.981894732,ros2_odometer_state
M19C_S1_lab_hard_floor_B3_U050_R3,1245.999893003,8.384898022,command,0.500000,-6.005836487,-3.026320934,-1.982726097,-0.017275956,-0.021116018,-1.981322050,ros2_odometer_state
M19C_S1_lab_hard_floor_B3_U050_R3,1246.002823182,8.387828201,command,0.500000,-6.005836487,-3.026320934,-1.982726097,-0.017057763,-0.021375233,-1.980582833,ros2_odometer_state
M19C_S1_lab_hard_floor_B3_U050_R3,1246.005174077,8.390179096,command,0.500000,-6.005836487,-3.026320934,-1.982726097,-0.016783247,-0.021619026,-1.979761124,ros2_odometer_state
M19C_S1_lab_hard_floor_B3_U050_R3,1246.005518920,8.390523939,command,0.500000,-6.005836487,-3.026320934,-1.982726097,-0.016783247,-0.021619026,-1.979761124,ros2_odometer_state
M19C_S1_lab_hard_floor_B3_U050_R3,1246.009131874,8.394136893,command,0.500000,-6.005836487,-3.026320934,-1.982726097,-0.016143322,-0.022058658,-1.978059053,ros2_odometer_state
M19C_S1_lab_hard_floor_B3_U050_R3,1246.009760759,8.394765778,command,0.500000,-6.005836487,-3.026320934,-1.982726097,-0.016143322,-0.022058658,-1.978059053,ros2_odometer_state
M19C_S1_lab_hard_floor_B3_U050_R3,1246.012161000,8.397166019,command,0.500000,-6.005836487,-3.026320934,-1.982726097,-0.015417427,-0.022538444,-1.976466417,ros2_odometer_state
M19C_S1_lab_hard_floor_B3_U050_R3,1246.013330863,8.398335882,command,0.500000,-6.010800362,-3.038536787,-1.976466417,-0.015417427,-0.022538444,-1.976466417,ros2_odometer_state
M19C_S1_lab_hard_floor_B3_U050_R3,1246.016684096,8.401689115,command,0.500000,-6.010800362,-3.038536787,-1.976466417,-0.014574373,-0.023184329,-1.975192904,ros2_odometer_state
M19C_S1_lab_hard_floor_B3_U050_R3,1246.019145555,8.404150574,command,0.500000,-6.010800362,-3.038536787,-1.976466417,-0.014063767,-0.023542421,-1.974644303,ros2_odometer_state
M19C_S1_lab_hard_floor_B3_U050_R3,1246.019498175,8.404503194,command,0.500000,-6.010800362,-3.038536787,-1.976466417,-0.014063767,-0.023542421,-1.974644303,ros2_odometer_state
M19C_S1_lab_hard_floor_B3_U050_R3,1246.021915121,8.406920140,command,0.500000,-6.010800362,-3.038536787,-1.976466417,-0.013525894,-0.023886235,-1.974009514,ros2_odometer_state
M19C_S1_lab_hard_floor_B3_U050_R3,1246.023315648,8.408320667,command,0.500000,-6.010800362,-3.038536787,-1.976466417,-0.012986472,-0.024210421,-1.973231912,ros2_odometer_state
M19C_S1_lab_hard_floor_B3_U050_R3,1246.026027163,8.411032182,command,0.500000,-6.010800362,-3.038536787,-1.976466417,-0.011886043,-0.024898468,-1.971449018,ros2_odometer_state
M19C_S1_lab_hard_floor_B3_U050_R3,1246.028549712,8.413554731,command,0.500000,-6.010800362,-3.038536787,-1.976466417,-0.011355686,-0.025362425,-1.970728636,ros2_odometer_state
M19C_S1_lab_hard_floor_B3_U050_R3,1246.030059875,8.415064894,command,0.500000,-6.010800362,-3.038536787,-1.976466417,-0.010816199,-0.025910223,-1.970272541,ros2_odometer_state
M19C_S1_lab_hard_floor_B3_U050_R3,1246.032071335,8.417076354,command,0.500000,-6.010800362,-3.038536787,-1.976466417,-0.010244196,-0.026515573,-1.970013976,ros2_odometer_state
M19C_S1_lab_hard_floor_B3_U050_R3,1246.034047977,8.419052996,command,0.500000,-6.015937805,-3.050935507,-1.970013976,-0.009661138,-0.027141972,-1.969809175,ros2_odometer_state
M19C_S1_lab_hard_floor_B3_U050_R3,1246.035974602,8.420979621,command,0.500000,-6.015937805,-3.050935507,-1.970013976,-0.009072362,-0.027768198,-1.969576597,ros2_odometer_state
M19C_S1_lab_hard_floor_B3_U050_R3,1246.037996974,8.423001993,command,0.500000,-6.015937805,-3.050935507,-1.970013976,-0.008449621,-0.028357636,-1.969323874,ros2_odometer_state
M19C_S1_lab_hard_floor_B3_U050_R3,1246.039220119,8.424225138,command,0.500000,-6.015937805,-3.050935507,-1.970013976,-0.008449621,-0.028357636,-1.969323874,ros2_odometer_state
M19C_S1_lab_hard_floor_B3_U050_R3,1246.041955571,8.426960590,command,0.500000,-6.015937805,-3.050935507,-1.970013976,-0.007782264,-0.028909972,-1.969094038,ros2_odometer_state
M19C_S1_lab_hard_floor_B3_U050_R3,1246.044187423,8.429192442,command,0.500000,-6.015937805,-3.050935507,-1.970013976,-0.006364529,-0.030019976,-1.968804121,ros2_odometer_state
M19C_S1_lab_hard_floor_B3_U050_R3,1246.046200290,8.431205309,command,0.500000,-6.015937805,-3.050935507,-1.970013976,-0.005636666,-0.030661816,-1.968743801,ros2_odometer_state
M19C_S1_lab_hard_floor_B3_U050_R3,1246.047308392,8.432313411,command,0.500000,-6.015937805,-3.050935507,-1.970013976,-0.005636666,-0.030661816,-1.968743801,ros2_odometer_state
M19C_S1_lab_hard_floor_B3_U050_R3,1246.050048196,8.435053215,command,0.500000,-6.015937805,-3.050935507,-1.970013976,-0.004224418,-0.032183729,-1.968840599,ros2_odometer_state
M19C_S1_lab_hard_floor_B3_U050_R3,1246.052112426,8.437117445,command,0.500000,-6.015937805,-3.050935507,-1.970013976,-0.003508836,-0.032980759,-1.968963623,ros2_odometer_state
M19C_S1_lab_hard_floor_B3_U050_R3,1246.054073004,8.439078023,command,0.500000,-6.020966530,-3.067465305,-1.968963623,-0.002785084,-0.033755668,-1.969066024,ros2_odometer_state
M19C_S1_lab_hard_floor_B3_U050_R3,1246.056044558,8.441049577,command,0.500000,-6.020966530,-3.067465305,-1.968963623,-0.002031014,-0.034502365,-1.969203591,ros2_odometer_state
M19C_S1_lab_hard_floor_B3_U050_R3,1246.057300536,8.442305555,command,0.500000,-6.020966530,-3.067465305,-1.968963623,-0.002031014,-0.034502365,-1.969203591,ros2_odometer_state
M19C_S1_lab_hard_floor_B3_U050_R3,1246.060093910,8.445098929,command,0.500000,-6.020966530,-3.067465305,-1.968963623,-0.000431045,-0.036064841,-1.969777942,ros2_odometer_state
M19C_S1_lab_hard_floor_B3_U050_R3,1246.061968918,8.446973937,command,0.500000,-6.020966530,-3.067465305,-1.968963623,-0.000431045,-0.036064841,-1.969777942,ros2_odometer_state
M19C_S1_lab_hard_floor_B3_U050_R3,1246.064249378,8.449254397,command,0.500000,-6.020966530,-3.067465305,-1.968963623,0.001186486,-0.037785787,-1.970195293,ros2_odometer_state
M19C_S1_lab_hard_floor_B3_U050_R3,1246.066106753,8.451111772,command,0.500000,-6.020966530,-3.067465305,-1.968963623,0.001986547,-0.038708664,-1.970280051,ros2_odometer_state
M19C_S1_lab_hard_floor_B3_U050_R3,1246.068144166,8.453149185,command,0.500000,-6.020966530,-3.067465305,-1.968963623,0.002775185,-0.039679207,-1.970399618,ros2_odometer_state
M19C_S1_lab_hard_floor_B3_U050_R3,1246.070116168,8.455121187,command,0.500000,-6.020966530,-3.067465305,-1.968963623,0.003597394,-0.040683787,-1.970561028,ros2_odometer_state
M19C_S1_lab_hard_floor_B3_U050_R3,1246.072175085,8.457180104,command,0.500000,-6.020966530,-3.067465305,-1.968963623,0.004450089,-0.041701533,-1.970729351,ros2_odometer_state
M19C_S1_lab_hard_floor_B3_U050_R3,1246.074197617,8.459202636,command,0.500000,-6.025542736,-3.082473278,-1.970729351,0.005339889,-0.042719234,-1.970894575,ros2_odometer_state
M19C_S1_lab_hard_floor_B3_U050_R3,1246.076179412,8.461184431,command,0.500000,-6.025542736,-3.082473278,-1.970729351,0.006268052,-0.043741990,-1.971055746,ros2_odometer_state
M19C_S1_lab_hard_floor_B3_U050_R3,1246.078145942,8.463150961,command,0.500000,-6.025542736,-3.082473278,-1.970729351,0.007222527,-0.044781018,-1.971185684,ros2_odometer_state
M19C_S1_lab_hard_floor_B3_U050_R3,1246.080105784,8.465110803,command,0.500000,-6.025542736,-3.082473278,-1.970729351,0.008198333,-0.045839991,-1.971270919,ros2_odometer_state
M19C_S1_lab_hard_floor_B3_U050_R3,1246.082823540,8.467828559,command,0.500000,-6.025542736,-3.082473278,-1.970729351,0.009190581,-0.046911944,-1.971315503,ros2_odometer_state
M19C_S1_lab_hard_floor_B3_U050_R3,1246.084593136,8.469598155,command,0.500000,-6.025542736,-3.082473278,-1.970729351,0.010192779,-0.047993891,-1.971323848,ros2_odometer_state
M19C_S1_lab_hard_floor_B3_U050_R3,1246.085381802,8.470386821,command,0.500000,-6.025542736,-3.082473278,-1.970729351,0.010192779,-0.047993891,-1.971323848,ros2_odometer_state
M19C_S1_lab_hard_floor_B3_U050_R3,1246.088376431,8.473381450,command,0.500000,-6.025542736,-3.082473278,-1.970729351,0.012237581,-0.050165541,-1.971269250,ros2_odometer_state
M19C_S1_lab_hard_floor_B3_U050_R3,1246.090349617,8.475354636,command,0.500000,-6.025542736,-3.082473278,-1.970729351,0.013285735,-0.051255230,-1.971186399,ros2_odometer_state
M19C_S1_lab_hard_floor_B3_U050_R3,1246.092439320,8.477444339,command,0.500000,-6.025542736,-3.082473278,-1.970729351,0.014355850,-0.052358117,-1.971073747,ros2_odometer_state
M19C_S1_lab_hard_floor_B3_U050_R3,1246.093509596,8.478514615,command,0.500000,-6.030957222,-3.097974062,-1.971073747,0.014355850,-0.052358117,-1.971073747,ros2_odometer_state
M19C_S1_lab_hard_floor_B3_U050_R3,1246.096159797,8.481164816,command,0.500000,-6.030957222,-3.097974062,-1.971073747,0.016583210,-0.054633029,-1.970809460,ros2_odometer_state
M19C_S1_lab_hard_floor_B3_U050_R3,1246.098362303,8.483367322,command,0.500000,-6.030957222,-3.097974062,-1.971073747,0.017719217,-0.055786919,-1.970638633,ros2_odometer_state
M19C_S1_lab_hard_floor_B3_U050_R3,1246.100339234,8.485344253,command,0.500000,-6.030957222,-3.097974062,-1.971073747,0.018883945,-0.056967154,-1.970395207,ros2_odometer_state
M19C_S1_lab_hard_floor_B3_U050_R3,1246.102747859,8.487752878,command,0.500000,-6.030957222,-3.097974062,-1.971073747,0.020063333,-0.058176685,-1.970127344,ros2_odometer_state
M19C_S1_lab_hard_floor_B3_U050_R3,1246.103437738,8.488442757,command,0.500000,-6.030957222,-3.097974062,-1.971073747,0.020063333,-0.058176685,-1.970127344,ros2_odometer_state
M19C_S1_lab_hard_floor_B3_U050_R3,1246.106193575,8.491198594,command,0.500000,-6.030957222,-3.097974062,-1.971073747,0.022446809,-0.060688231,-1.969526291,ros2_odometer_state
M19C_S1_lab_hard_floor_B3_U050_R3,1246.108201035,8.493206054,command,0.500000,-6.030957222,-3.097974062,-1.971073747,0.023645421,-0.061968412,-1.969108701,ros2_odometer_state
M19C_S1_lab_hard_floor_B3_U050_R3,1246.110255184,8.495260203,command,0.500000,-6.030957222,-3.097974062,-1.971073747,0.024837682,-0.063260876,-1.968671441,ros2_odometer_state
M19C_S1_lab_hard_floor_B3_U050_R3,1246.111764963,8.496769982,command,0.500000,-6.030957222,-3.097974062,-1.971073747,0.024837682,-0.063260876,-1.968671441,ros2_odometer_state
M19C_S1_lab_hard_floor_B3_U050_R3,1246.114673541,8.499678560,command,0.500000,-6.036128998,-3.114861012,-1.968279362,0.027264953,-0.065911748,-1.967923999,ros2_odometer_state
M19C_S1_lab_hard_floor_B3_U050_R3,1246.115592516,8.500597535,stop,0.500000,-6.036128998,-3.114861012,-1.968279362,0.027264953,-0.065911748,-1.967923999,ros2_odometer_state
M19C_S1_lab_hard_floor_B3_U050_R3,1246.118444644,8.503449663,stop,0.500000,-6.036128998,-3.114861012,-1.968279362,0.029795915,-0.068602130,-1.967145443,ros2_odometer_state
M19C_S1_lab_hard_floor_B3_U050_R3,1246.119553033,8.504558052,stop,0.500000,-6.036128998,-3.114861012,-1.968279362,0.029795915,-0.068602130,-1.967145443,ros2_odometer_state
M19C_S1_lab_hard_floor_B3_U050_R3,1246.122860504,8.507865523,stop,0.500000,-6.036128998,-3.114861012,-1.968279362,0.032392364,-0.071360253,-1.966254354,ros2_odometer_state
M19C_S1_lab_hard_floor_B3_U050_R3,1246.124245895,8.509250914,stop,0.500000,-6.036128998,-3.114861012,-1.968279362,0.033734217,-0.072764941,-1.965794563,ros2_odometer_state
M19C_S1_lab_hard_floor_B3_U050_R3,1246.126202377,8.511207396,stop,0.500000,-6.036128998,-3.114861012,-1.968279362,0.035106648,-0.074145071,-1.965258241,ros2_odometer_state
M19C_S1_lab_hard_floor_B3_U050_R3,1246.128184268,8.513189287,stop,0.500000,-6.036128998,-3.114861012,-1.968279362,0.036481217,-0.075465210,-1.964659572,ros2_odometer_state
M19C_S1_lab_hard_floor_B3_U050_R3,1246.130146318,8.515151337,stop,0.500000,-6.036128998,-3.114861012,-1.968279362,0.037858844,-0.076741390,-1.964051366,ros2_odometer_state
M19C_S1_lab_hard_floor_B3_U050_R3,1246.132208947,8.517213966,stop,0.500000,-6.036128998,-3.114861012,-1.968279362,0.039254896,-0.078000255,-1.963475585,ros2_odometer_state
M19C_S1_lab_hard_floor_B3_U050_R3,1246.134231191,8.519236210,stop,0.500000,-6.043483257,-3.133923292,-1.963475585,0.040663067,-0.079269491,-1.962942958,ros2_odometer_state
M19C_S1_lab_hard_floor_B3_U050_R3,1246.136193433,8.521198452,stop,0.500000,-6.043483257,-3.133923292,-1.963475585,0.042058643,-0.080614261,-1.962350130,ros2_odometer_state
M19C_S1_lab_hard_floor_B3_U050_R3,1246.138157436,8.523162455,stop,0.500000,-6.043483257,-3.133923292,-1.963475585,0.043344516,-0.082106225,-1.961487532,ros2_odometer_state
M19C_S1_lab_hard_floor_B3_U050_R3,1246.140183648,8.525188667,stop,0.500000,-6.043483257,-3.133923292,-1.963475585,0.044366412,-0.083716206,-1.960512519,ros2_odometer_state
M19C_S1_lab_hard_floor_B3_U050_R3,1246.142763831,8.527768850,stop,0.500000,-6.043483257,-3.133923292,-1.963475585,0.045200430,-0.085296474,-1.959813356,ros2_odometer_state
M19C_S1_lab_hard_floor_B3_U050_R3,1246.143475631,8.528480650,stop,0.500000,-6.043483257,-3.133923292,-1.963475585,0.045200430,-0.085296474,-1.959813356,ros2_odometer_state
M19C_S1_lab_hard_floor_B3_U050_R3,1246.146889346,8.531894365,stop,0.500000,-6.043483257,-3.133923292,-1.963475585,0.046551976,-0.088193879,-1.959195971,ros2_odometer_state
M19C_S1_lab_hard_floor_B3_U050_R3,1246.147502934,8.532507953,stop,0.500000,-6.043483257,-3.133923292,-1.963475585,0.046551976,-0.088193879,-1.959195971,ros2_odometer_state
M19C_S1_lab_hard_floor_B3_U050_R3,1246.149647391,8.534652410,stop,0.500000,-6.043483257,-3.133923292,-1.963475585,0.047146164,-0.089457914,-1.958989024,ros2_odometer_state
M19C_S1_lab_hard_floor_B3_U050_R3,1246.151674947,8.536679966,stop,0.500000,-6.043483257,-3.133923292,-1.963475585,0.047698673,-0.090592906,-1.958587527,ros2_odometer_state
M19C_S1_lab_hard_floor_B3_U050_R3,1246.154552100,8.539557119,stop,0.500000,-6.051627636,-3.151148319,-1.958587527,0.048316184,-0.092585377,-1.957903624,ros2_odometer_state
M19C_S1_lab_hard_floor_B3_U050_R3,1246.156258589,8.541263608,stop,0.500000,-6.051627636,-3.151148319,-1.958587527,0.048376337,-0.093489133,-1.957810998,ros2_odometer_state
M19C_S1_lab_hard_floor_B3_U050_R3,1246.158234176,8.543239195,stop,0.500000,-6.051627636,-3.151148319,-1.958587527,0.048285760,-0.094412312,-1.957711101,ros2_odometer_state
M19C_S1_lab_hard_floor_B3_U050_R3,1246.160478059,8.545483078,stop,0.500000,-6.051627636,-3.151148319,-1.958587527,0.048285760,-0.094412312,-1.957711101,ros2_odometer_state
M19C_S1_lab_hard_floor_B3_U050_R3,1246.162185413,8.547190432,stop,0.500000,-6.051627636,-3.151148319,-1.958587527,0.048285760,-0.094412312,-1.957711101,ros2_odometer_state
M19C_S1_lab_hard_floor_B3_U050_R3,1246.165889634,8.550894653,stop,0.500000,-6.051627636,-3.151148319,-1.958587527,0.047164734,-0.097628944,-1.956855059,ros2_odometer_state
M19C_S1_lab_hard_floor_B3_U050_R3,1246.166273199,8.551278218,stop,0.500000,-6.051627636,-3.151148319,-1.958587527,0.047164734,-0.097628944,-1.956855059,ros2_odometer_state
M19C_S1_lab_hard_floor_B3_U050_R3,1246.167598011,8.552603030,stop,0.500000,-6.051627636,-3.151148319,-1.958587527,0.046507996,-0.098717734,-1.956377149,ros2_odometer_state
M19C_S1_lab_hard_floor_B3_U050_R3,1246.170308566,8.555313585,stop,0.500000,-6.051627636,-3.151148319,-1.958587527,0.045023121,-0.100650817,-1.955069184,ros2_odometer_state
M19C_S1_lab_hard_floor_B3_U050_R3,1246.172336699,8.557341718,stop,0.500000,-6.051627636,-3.151148319,-1.958587527,0.045023121,-0.100650817,-1.955069184,ros2_odometer_state
M19C_S1_lab_hard_floor_B3_U050_R3,1246.173580869,8.558585888,stop,0.500000,-6.063851357,-3.166424036,-1.955069184,0.045023121,-0.100650817,-1.955069184,ros2_odometer_state
M19C_S1_lab_hard_floor_B3_U050_R3,1246.176307105,8.561312124,stop,0.500000,-6.063851357,-3.166424036,-1.955069184,0.043782912,-0.102360941,-1.953589678,ros2_odometer_state
M19C_S1_lab_hard_floor_B3_U050_R3,1246.178265506,8.563270525,stop,0.500000,-6.063851357,-3.166424036,-1.955069184,0.042981345,-0.103703566,-1.952548504,ros2_odometer_state
M19C_S1_lab_hard_floor_B3_U050_R3,1246.180343400,8.565348419,stop,0.500000,-6.063851357,-3.166424036,-1.955069184,0.042981345,-0.103703566,-1.952548504,ros2_odometer_state
M19C_S1_lab_hard_floor_B3_U050_R3,1246.183029603,8.568034622,stop,0.500000,-6.063851357,-3.166424036,-1.955069184,0.042456578,-0.104539894,-1.951874733,ros2_odometer_state
M19C_S1_lab_hard_floor_B3_U050_R3,1246.183678809,8.568683828,stop,0.500000,-6.063851357,-3.166424036,-1.955069184,0.042456578,-0.104539894,-1.951874733,ros2_odometer_state
M19C_S1_lab_hard_floor_B3_U050_R3,1246.185617850,8.570622869,stop,0.500000,-6.063851357,-3.166424036,-1.955069184,0.041924164,-0.104919598,-1.951133370,ros2_odometer_state
M19C_S1_lab_hard_floor_B3_U050_R3,1246.188366263,8.573371282,stop,0.500000,-6.063851357,-3.166424036,-1.955069184,0.041373722,-0.105242625,-1.950423598,ros2_odometer_state
M19C_S1_lab_hard_floor_B3_U050_R3,1246.190492318,8.575497337,stop,0.500000,-6.063851357,-3.166424036,-1.955069184,0.041141991,-0.105410695,-1.950068593,ros2_odometer_state
M19C_S1_lab_hard_floor_B3_U050_R3,1246.192407711,8.577412730,stop,0.500000,-6.063851357,-3.166424036,-1.955069184,0.040921994,-0.105585724,-1.949679613,ros2_odometer_state
M19C_S1_lab_hard_floor_B3_U050_R3,1246.193620008,8.578625027,stop,0.500000,-6.077455044,-3.179861307,-1.949679613,0.040921994,-0.105585724,-1.949679613,ros2_odometer_state
M19C_S1_lab_hard_floor_B3_U050_R3,1246.196301346,8.581306365,stop,0.500000,-6.077455044,-3.179861307,-1.949679613,0.040530715,-0.105958506,-1.949002266,ros2_odometer_state
M19C_S1_lab_hard_floor_B3_U050_R3,1246.198287173,8.583292192,stop,0.500000,-6.077455044,-3.179861307,-1.949679613,0.040362962,-0.106180504,-1.948778272,ros2_odometer_state
M19C_S1_lab_hard_floor_B3_U050_R3,1246.200309673,8.585314692,stop,0.500000,-6.077455044,-3.179861307,-1.949679613,0.040187016,-0.106434859,-1.948598266,ros2_odometer_state
M19C_S1_lab_hard_floor_B3_U050_R3,1246.202963490,8.587968509,stop,0.500000,-6.077455044,-3.179861307,-1.949679613,0.040005650,-0.106715791,-1.948447704,ros2_odometer_state
M19C_S1_lab_hard_floor_B3_U050_R3,1246.203635865,8.588640884,stop,0.500000,-6.077455044,-3.179861307,-1.949679613,0.040005650,-0.106715791,-1.948447704,ros2_odometer_state
M19C_S1_lab_hard_floor_B3_U050_R3,1246.206356917,8.591361936,stop,0.500000,-6.077455044,-3.179861307,-1.949679613,0.039595123,-0.107265189,-1.948334694,ros2_odometer_state
M19C_S1_lab_hard_floor_B3_U050_R3,1246.208394297,8.593399316,stop,0.500000,-6.077455044,-3.179861307,-1.949679613,0.039341431,-0.107496187,-1.948293447,ros2_odometer_state
M19C_S1_lab_hard_floor_B3_U050_R3,1246.210326458,8.595331477,stop,0.500000,-6.077455044,-3.179861307,-1.949679613,0.039021820,-0.107670642,-1.948212981,ros2_odometer_state
M19C_S1_lab_hard_floor_B3_U050_R3,1246.212532389,8.597537408,stop,0.500000,-6.077455044,-3.179861307,-1.949679613,0.038657151,-0.107811287,-1.948126793,ros2_odometer_state
M19C_S1_lab_hard_floor_B3_U050_R3,1246.216243426,8.601248445,stop,0.500000,-6.087860107,-3.192847013,-1.948126793,0.038657151,-0.107811287,-1.948126793,ros2_odometer_state
M19C_S1_lab_hard_floor_B3_U050_R3,1246.217275524,8.602280543,stop,0.500000,-6.087860107,-3.192847013,-1.948126793,0.038358189,-0.107902840,-1.948095560,ros2_odometer_state
M19C_S1_lab_hard_floor_B3_U050_R3,1246.218155650,8.603160669,stop,0.500000,-6.087860107,-3.192847013,-1.948126793,0.038160373,-0.107942440,-1.948173761,ros2_odometer_state
M19C_S1_lab_hard_floor_B3_U050_R3,1246.220583540,8.605588559,stop,0.500000,-6.087860107,-3.192847013,-1.948126793,0.038004607,-0.108227812,-1.948704004,ros2_odometer_state
M19C_S1_lab_hard_floor_B3_U050_R3,1246.222313422,8.607318441,stop,0.500000,-6.087860107,-3.192847013,-1.948126793,0.038004607,-0.108227812,-1.948704004,ros2_odometer_state
M19C_S1_lab_hard_floor_B3_U050_R3,1246.223748478,8.608753497,stop,0.500000,-6.087860107,-3.192847013,-1.948126793,0.037991956,-0.108424157,-1.948989987,ros2_odometer_state
M19C_S1_lab_hard_floor_B3_U050_R3,1246.225877798,8.610882817,stop,0.500000,-6.087860107,-3.192847013,-1.948126793,0.037952896,-0.108576603,-1.949171185,ros2_odometer_state
M19C_S1_lab_hard_floor_B3_U050_R3,1246.229312026,8.614317045,stop,0.500000,-6.087860107,-3.192847013,-1.948126793,0.037805431,-0.108617447,-1.949259400,ros2_odometer_state
M19C_S1_lab_hard_floor_B3_U050_R3,1246.230209048,8.615214067,stop,0.500000,-6.087860107,-3.192847013,-1.948126793,0.037805431,-0.108617447,-1.949259400,ros2_odometer_state
M19C_S1_lab_hard_floor_B3_U050_R3,1246.231948787,8.616953806,stop,0.500000,-6.087860107,-3.192847013,-1.948126793,0.037789021,-0.108574085,-1.949284434,ros2_odometer_state
M19C_S1_lab_hard_floor_B3_U050_R3,1246.233972791,8.618977810,stop,0.500000,-6.097409725,-3.204984426,-1.949366808,0.037803322,-0.108529508,-1.949366808,ros2_odometer_state
M19C_S1_lab_hard_floor_B3_U050_R3,1246.235853718,8.620858737,stop,0.500000,-6.097409725,-3.204984426,-1.949366808,0.037833821,-0.108502641,-1.949522257,ros2_odometer_state
M19C_S1_lab_hard_floor_B3_U050_R3,1246.237878554,8.622883573,stop,0.500000,-6.097409725,-3.204984426,-1.949366808,0.037872393,-0.108521745,-1.949703455,ros2_odometer_state
M19C_S1_lab_hard_floor_B3_U050_R3,1246.239850781,8.624855800,stop,0.500000,-6.097409725,-3.204984426,-1.949366808,0.037921477,-0.108583011,-1.949889064,ros2_odometer_state
M19C_S1_lab_hard_floor_B3_U050_R3,1246.242387890,8.627392909,stop,0.500000,-6.097409725,-3.204984426,-1.949366808,0.037987392,-0.108689167,-1.950114131,ros2_odometer_state
M19C_S1_lab_hard_floor_B3_U050_R3,1246.243995336,8.629000355,stop,0.500000,-6.097409725,-3.204984426,-1.949366808,0.038057454,-0.108839490,-1.950404048,ros2_odometer_state
M19C_S1_lab_hard_floor_B3_U050_R3,1246.246150961,8.631155980,stop,0.500000,-6.097409725,-3.204984426,-1.949366808,0.038132172,-0.109007932,-1.950761676,ros2_odometer_state
M19C_S1_lab_hard_floor_B3_U050_R3,1246.248297209,8.633302228,stop,0.500000,-6.097409725,-3.204984426,-1.949366808,0.038212553,-0.109150447,-1.951119184,ros2_odometer_state
M19C_S1_lab_hard_floor_B3_U050_R3,1246.249889455,8.634894474,stop,0.500000,-6.097409725,-3.204984426,-1.949366808,0.038270749,-0.109230228,-1.951403975,ros2_odometer_state
M19C_S1_lab_hard_floor_B3_U050_R3,1246.251802383,8.636807402,stop,0.500000,-6.097409725,-3.204984426,-1.949366808,0.038300075,-0.109240539,-1.951610923,ros2_odometer_state
M19C_S1_lab_hard_floor_B3_U050_R3,1246.253821939,8.638826958,stop,0.500000,-6.105227470,-3.215799809,-1.951843500,0.038327485,-0.109215923,-1.951843500,ros2_odometer_state
M19C_S1_lab_hard_floor_B3_U050_R3,1246.255713491,8.640718510,stop,0.500000,-6.105227470,-3.215799809,-1.951843500,0.038395833,-0.109184645,-1.952142596,ros2_odometer_state
M19C_S1_lab_hard_floor_B3_U050_R3,1246.258563027,8.643568046,stop,0.500000,-6.105227470,-3.215799809,-1.951843500,0.038639810,-0.109247833,-1.952618003,ros2_odometer_state
M19C_S1_lab_hard_floor_B3_U050_R3,1246.260611704,8.645616723,stop,0.500000,-6.105227470,-3.215799809,-1.951843500,0.038799860,-0.109317347,-1.952828646,ros2_odometer_state
M19C_S1_lab_hard_floor_B3_U050_R3,1246.263196591,8.648201610,stop,0.500000,-6.105227470,-3.215799809,-1.951843500,0.038974416,-0.109412506,-1.953093529,ros2_odometer_state
M19C_S1_lab_hard_floor_B3_U050_R3,1246.263922151,8.648927170,stop,0.500000,-6.105227470,-3.215799809,-1.951843500,0.038974416,-0.109412506,-1.953093529,ros2_odometer_state
M19C_S1_lab_hard_floor_B3_U050_R3,1246.266644803,8.651649822,stop,0.500000,-6.105227470,-3.215799809,-1.951843500,0.039339393,-0.109648876,-1.953765988,ros2_odometer_state
M19C_S1_lab_hard_floor_B3_U050_R3,1246.270012661,8.655017680,stop,0.500000,-6.105227470,-3.215799809,-1.951843500,0.039487693,-0.109707557,-1.954065323,ros2_odometer_state
M19C_S1_lab_hard_floor_B3_U050_R3,1246.270732141,8.655737160,stop,0.500000,-6.105227470,-3.215799809,-1.951843500,0.039487693,-0.109707557,-1.954065323,ros2_odometer_state
M19C_S1_lab_hard_floor_B3_U050_R3,1246.272667310,8.657672329,stop,0.500000,-6.105227470,-3.215799809,-1.951843500,0.039615922,-0.109706566,-1.954321384,ros2_odometer_state
M19C_S1_lab_hard_floor_B3_U050_R3,1246.273985402,8.658990421,stop,0.500000,-6.112049580,-3.227194786,-1.954574227,0.039744377,-0.109672464,-1.954574227,ros2_odometer_state
M19C_S1_lab_hard_floor_B3_U050_R3,1246.276761464,8.661766483,stop,0.500000,-6.112049580,-3.227194786,-1.954574227,0.040025298,-0.109565616,-1.955131292,ros2_odometer_state
M19C_S1_lab_hard_floor_B3_U050_R3,1246.278643223,8.663648242,stop,0.500000,-6.112049580,-3.227194786,-1.954574227,0.040148798,-0.109531239,-1.955409884,ros2_odometer_state
M19C_S1_lab_hard_floor_B3_U050_R3,1246.279811103,8.664816122,stop,0.500000,-6.112049580,-3.227194786,-1.954574227,0.040148798,-0.109531239,-1.955409884,ros2_odometer_state
M19C_S1_lab_hard_floor_B3_U050_R3,1246.283609118,8.668614137,stop,0.500000,-6.112049580,-3.227194786,-1.954574227,0.040331349,-0.109517522,-1.956023097,ros2_odometer_state
M19C_S1_lab_hard_floor_B3_U050_R3,1246.284131856,8.669136875,stop,0.500000,-6.112049580,-3.227194786,-1.954574227,0.040331349,-0.109517522,-1.956023097,ros2_odometer_state
M19C_S1_lab_hard_floor_B3_U050_R3,1246.286622852,8.671627871,stop,0.500000,-6.112049580,-3.227194786,-1.954574227,0.040462870,-0.109544314,-1.956616759,ros2_odometer_state
M19C_S1_lab_hard_floor_B3_U050_R3,1246.288576070,8.673581089,stop,0.500000,-6.112049580,-3.227194786,-1.954574227,0.040510580,-0.109509110,-1.956869006,ros2_odometer_state
M19C_S1_lab_hard_floor_B3_U050_R3,1246.290447877,8.675452896,stop,0.500000,-6.112049580,-3.227194786,-1.954574227,0.040545195,-0.109426379,-1.957139254,ros2_odometer_state
M19C_S1_lab_hard_floor_B3_U050_R3,1246.292563052,8.677568071,stop,0.500000,-6.112049580,-3.227194786,-1.954574227,0.040574282,-0.109325618,-1.957432866,ros2_odometer_state
M19C_S1_lab_hard_floor_B3_U050_R3,1246.294522574,8.679527593,stop,0.500000,-6.118749142,-3.239076138,-1.957432866,0.040567815,-0.109226063,-1.957727909,ros2_odometer_state
M19C_S1_lab_hard_floor_B3_U050_R3,1246.296494640,8.681499659,stop,0.500000,-6.118749142,-3.239076138,-1.957432866,0.040512044,-0.109146029,-1.958014965,ros2_odometer_state
M19C_S1_lab_hard_floor_B3_U050_R3,1246.298430034,8.683435053,stop,0.500000,-6.118749142,-3.239076138,-1.957432866,0.040431358,-0.109096870,-1.958289981,ros2_odometer_state
M19C_S1_lab_hard_floor_B3_U050_R3,1246.300563674,8.685568693,stop,0.500000,-6.118749142,-3.239076138,-1.957432866,0.040356230,-0.109027341,-1.958538890,ros2_odometer_state
M19C_S1_lab_hard_floor_B3_U050_R3,1246.302339605,8.687344624,stop,0.500000,-6.118749142,-3.239076138,-1.957432866,0.040356230,-0.109027341,-1.958538890,ros2_odometer_state
M19C_S1_lab_hard_floor_B3_U050_R3,1246.304651971,8.689656990,stop,0.500000,-6.118749142,-3.239076138,-1.957432866,0.040302724,-0.108826302,-1.959008336,ros2_odometer_state
M19C_S1_lab_hard_floor_B3_U050_R3,1246.306117013,8.691122032,stop,0.500000,-6.118749142,-3.239076138,-1.957432866,0.040302724,-0.108826302,-1.959008336,ros2_odometer_state
M19C_S1_lab_hard_floor_B3_U050_R3,1246.310551850,8.695556869,stop,0.500000,-6.118749142,-3.239076138,-1.957432866,0.040259376,-0.108557165,-1.959494710,ros2_odometer_state
M19C_S1_lab_hard_floor_B3_U050_R3,1246.311522219,8.696527238,stop,0.500000,-6.118749142,-3.239076138,-1.957432866,0.040197950,-0.108397841,-1.959756851,ros2_odometer_state
M19C_S1_lab_hard_floor_B3_U050_R3,1246.312161280,8.697166299,stop,0.500000,-6.118749142,-3.239076138,-1.957432866,0.040197950,-0.108397841,-1.959756851,ros2_odometer_state
M19C_S1_lab_hard_floor_B3_U050_R3,1246.314718646,8.699723665,stop,0.500000,-6.125360966,-3.251662731,-1.960042834,0.039886832,-0.108098119,-1.960357547,ros2_odometer_state
M19C_S1_lab_hard_floor_B3_U050_R3,1246.315769946,8.700774965,stop,0.500000,-6.125360966,-3.251662731,-1.960042834,0.039886832,-0.108098119,-1.960357547,ros2_odometer_state
M19C_S1_lab_hard_floor_B3_U050_R3,1246.318517078,8.703522097,stop,0.500000,-6.125360966,-3.251662731,-1.960042834,0.039367542,-0.107833266,-1.960951805,ros2_odometer_state
M19C_S1_lab_hard_floor_B3_U050_R3,1246.320138829,8.705143848,stop,0.500000,-6.125360966,-3.251662731,-1.960042834,0.039367542,-0.107833266,-1.960951805,ros2_odometer_state
M19C_S1_lab_hard_floor_B3_U050_R3,1246.323330712,8.708335731,stop,0.500000,-6.125360966,-3.251662731,-1.960042834,0.038801108,-0.107488990,-1.961370111,ros2_odometer_state
M19C_S1_lab_hard_floor_B3_U050_R3,1246.324088338,8.709093357,stop,0.500000,-6.125360966,-3.251662731,-1.960042834,0.038801108,-0.107488990,-1.961370111,ros2_odometer_state
M19C_S1_lab_hard_floor_B3_U050_R3,1246.325925584,8.710930603,stop,0.500000,-6.125360966,-3.251662731,-1.960042834,0.038539387,-0.107319877,-1.961489797,ros2_odometer_state
M19C_S1_lab_hard_floor_B3_U050_R3,1246.327904658,8.712909677,stop,0.500000,-6.125360966,-3.251662731,-1.960042834,0.038305171,-0.107167684,-1.961566567,ros2_odometer_state
M19C_S1_lab_hard_floor_B3_U050_R3,1246.330791572,8.715796591,stop,0.500000,-6.125360966,-3.251662731,-1.960042834,0.037858553,-0.106933095,-1.961673141,ros2_odometer_state
M19C_S1_lab_hard_floor_B3_U050_R3,1246.331933882,8.716938901,stop,0.500000,-6.125360966,-3.251662731,-1.960042834,0.037858553,-0.106933095,-1.961673141,ros2_odometer_state
M19C_S1_lab_hard_floor_B3_U050_R3,1246.334802427,8.719807446,stop,0.500000,-6.131320953,-3.263960123,-1.961669445,0.037338763,-0.106806926,-1.961614251,ros2_odometer_state
M19C_S1_lab_hard_floor_B3_U050_R3,1246.336770621,8.721775640,stop,0.500000,-6.131320953,-3.263960123,-1.961669445,0.037054595,-0.106794894,-1.961544633,ros2_odometer_state
M19C_S1_lab_hard_floor_B3_U050_R3,1246.338155564,8.723160583,stop,0.500000,-6.131320953,-3.263960123,-1.961669445,0.037054595,-0.106794894,-1.961544633,ros2_odometer_state
M19C_S1_lab_hard_floor_B3_U050_R3,1246.340249426,8.725254445,stop,0.500000,-6.131320953,-3.263960123,-1.961669445,0.036781732,-0.106784083,-1.961509943,ros2_odometer_state
M19C_S1_lab_hard_floor_B3_U050_R3,1246.344714152,8.729719171,stop,0.500000,-6.131320953,-3.263960123,-1.961669445,0.036292892,-0.106700636,-1.961611032,ros2_odometer_state
M19C_S1_lab_hard_floor_B3_U050_R3,1246.345837166,8.730842185,stop,0.500000,-6.131320953,-3.263960123,-1.961669445,0.036054768,-0.106651887,-1.961656094,ros2_odometer_state
M19C_S1_lab_hard_floor_B3_U050_R3,1246.346210459,8.731215478,stop,0.500000,-6.131320953,-3.263960123,-1.961669445,0.036054768,-0.106651887,-1.961656094,ros2_odometer_state
M19C_S1_lab_hard_floor_B3_U050_R3,1246.347965174,8.732970193,stop,0.500000,-6.131320953,-3.263960123,-1.961669445,0.035820369,-0.106622599,-1.961653471,ros2_odometer_state
M19C_S1_lab_hard_floor_B3_U050_R3,1246.350736051,8.735741070,stop,0.500000,-6.131320953,-3.263960123,-1.961669445,0.035356518,-0.106618799,-1.961562634,ros2_odometer_state
M19C_S1_lab_hard_floor_B3_U050_R3,1246.352188356,8.737193375,stop,0.500000,-6.131320953,-3.263960123,-1.961669445,0.035356518,-0.106618799,-1.961562634,ros2_odometer_state
M19C_S1_lab_hard_floor_B3_U050_R3,1246.354202472,8.739207491,stop,0.500000,-6.138150692,-3.276473284,-1.961443067,0.035119649,-0.106666386,-1.961443067,ros2_odometer_state
M19C_S1_lab_hard_floor_B3_U050_R3,1246.356074535,8.741079554,stop,0.500000,-6.138150692,-3.276473284,-1.961443067,0.034870461,-0.106751084,-1.961249590,ros2_odometer_state
M19C_S1_lab_hard_floor_B3_U050_R3,1246.358752353,8.743757372,stop,0.500000,-6.138150692,-3.276473284,-1.961443067,0.034250833,-0.106854342,-1.960692525,ros2_odometer_state
M19C_S1_lab_hard_floor_B3_U050_R3,1246.359818949,8.744823968,stop,0.500000,-6.138150692,-3.276473284,-1.961443067,0.034250833,-0.106854342,-1.960692525,ros2_odometer_state
M19C_S1_lab_hard_floor_B3_U050_R3,1246.363236760,8.748241779,stop,0.500000,-6.138150692,-3.276473284,-1.961443067,0.033567410,-0.106797963,-1.960118413,ros2_odometer_state
M19C_S1_lab_hard_floor_B3_U050_R3,1246.363912623,8.748917642,stop,0.500000,-6.138150692,-3.276473284,-1.961443067,0.033567410,-0.106797963,-1.960118413,ros2_odometer_state
M19C_S1_lab_hard_floor_B3_U050_R3,1246.366652043,8.751657062,stop,0.500000,-6.138150692,-3.276473284,-1.961443067,0.032938927,-0.106817611,-1.959571123,ros2_odometer_state
M19C_S1_lab_hard_floor_B3_U050_R3,1246.368596685,8.753601704,stop,0.500000,-6.138150692,-3.276473284,-1.961443067,0.032656897,-0.106927000,-1.959293365,ros2_odometer_state
M19C_S1_lab_hard_floor_B3_U050_R3,1246.370523630,8.755528649,stop,0.500000,-6.138150692,-3.276473284,-1.961443067,0.032375649,-0.107107386,-1.958970547,ros2_odometer_state
M19C_S1_lab_hard_floor_B3_U050_R3,1246.372652853,8.757657872,stop,0.500000,-6.138150692,-3.276473284,-1.961443067,0.032076590,-0.107323118,-1.958571911,ros2_odometer_state
M19C_S1_lab_hard_floor_B3_U050_R3,1246.373992355,8.758997374,stop,0.500000,-6.144677162,-3.287615061,-1.958571911,0.032076590,-0.107323118,-1.958571911,ros2_odometer_state
M19C_S1_lab_hard_floor_B3_U050_R3,1246.377148109,8.762153128,stop,0.500000,-6.144677162,-3.287615061,-1.958571911,0.031420805,-0.107694767,-1.957688093,ros2_odometer_state
M19C_S1_lab_hard_floor_B3_U050_R3,1246.379704899,8.764709918,stop,0.500000,-6.144677162,-3.287615061,-1.958571911,0.031050622,-0.107770942,-1.957226992,ros2_odometer_state
M19C_S1_lab_hard_floor_B3_U050_R3,1246.380075439,8.765080458,stop,0.500000,-6.144677162,-3.287615061,-1.958571911,0.031050622,-0.107770942,-1.957226992,ros2_odometer_state
M19C_S1_lab_hard_floor_B3_U050_R3,1246.383717578,8.768722597,stop,0.500000,-6.144677162,-3.287615061,-1.958571911,0.030272506,-0.107660808,-1.956333399,ros2_odometer_state
M19C_S1_lab_hard_floor_B3_U050_R3,1246.384036693,8.769041712,stop,0.500000,-6.144677162,-3.287615061,-1.958571911,0.030272506,-0.107660808,-1.956333399,ros2_odometer_state
M19C_S1_lab_hard_floor_B3_U050_R3,1246.386653645,8.771658664,stop,0.500000,-6.144677162,-3.287615061,-1.958571911,0.029576672,-0.107496344,-1.955419660,ros2_odometer_state
M19C_S1_lab_hard_floor_B3_U050_R3,1246.388740691,8.773745710,stop,0.500000,-6.144677162,-3.287615061,-1.958571911,0.029320320,-0.107516438,-1.954981923,ros2_odometer_state
M19C_S1_lab_hard_floor_B3_U050_R3,1246.390599794,8.775604813,stop,0.500000,-6.144677162,-3.287615061,-1.958571911,0.029101701,-0.107614093,-1.954587579,ros2_odometer_state
M19C_S1_lab_hard_floor_B3_U050_R3,1246.392779931,8.777784950,stop,0.500000,-6.144677162,-3.287615061,-1.958571911,0.028912742,-0.107746951,-1.954222918,ros2_odometer_state
M19C_S1_lab_hard_floor_B3_U050_R3,1246.394911683,8.779916702,stop,0.500000,-6.150082111,-3.301090240,-1.954222918,0.028724104,-0.107868172,-1.953875303,ros2_odometer_state
M19C_S1_lab_hard_floor_B3_U050_R3,1246.396658814,8.781663833,stop,0.500000,-6.150082111,-3.301090240,-1.954222918,0.028501308,-0.107921451,-1.953532815,ros2_odometer_state
M19C_S1_lab_hard_floor_B3_U050_R3,1246.398610432,8.783615451,stop,0.500000,-6.150082111,-3.301090240,-1.954222918,0.028240126,-0.107853040,-1.953208327,ros2_odometer_state
M19C_S1_lab_hard_floor_B3_U050_R3,1246.399872682,8.784877701,stop,0.500000,-6.150082111,-3.301090240,-1.954222918,0.028240126,-0.107853040,-1.953208327,ros2_odometer_state
M19C_S1_lab_hard_floor_B3_U050_R3,1246.403350559,8.788355578,stop,0.500000,-6.150082111,-3.301090240,-1.954222918,0.027748723,-0.107448772,-1.952672958,ros2_odometer_state
M19C_S1_lab_hard_floor_B3_U050_R3,1246.403990549,8.788995568,stop,0.500000,-6.150082111,-3.301090240,-1.954222918,0.027748723,-0.107448772,-1.952672958,ros2_odometer_state
M19C_S1_lab_hard_floor_B3_U050_R3,1246.406822324,8.791827343,stop,0.500000,-6.150082111,-3.301090240,-1.954222918,0.027297756,-0.107019030,-1.952250361,ros2_odometer_state
M19C_S1_lab_hard_floor_B3_U050_R3,1246.408931515,8.793936534,stop,0.500000,-6.150082111,-3.301090240,-1.954222918,0.027112620,-0.106886916,-1.952052236,ros2_odometer_state
M19C_S1_lab_hard_floor_B3_U050_R3,1246.412790237,8.797795256,stop,0.500000,-6.150082111,-3.301090240,-1.954222918,0.027112620,-0.106886916,-1.952052236,ros2_odometer_state
M19C_S1_lab_hard_floor_B3_U050_R3,1246.413895203,8.798900222,stop,0.500000,-6.150082111,-3.301090240,-1.954222918,0.026943289,-0.106789395,-1.951861978,ros2_odometer_state
M19C_S1_lab_hard_floor_B3_U050_R3,1246.414784736,8.799789755,stop,0.500000,-6.154944897,-3.313396454,-1.951697707,0.026784675,-0.106684655,-1.951697707,ros2_odometer_state
M19C_S1_lab_hard_floor_B3_U050_R3,1246.416729218,8.801734237,stop,0.500000,-6.154944897,-3.313396454,-1.951697707,0.026443120,-0.106340878,-1.951495528,ros2_odometer_state
M19C_S1_lab_hard_floor_B3_U050_R3,1246.418623106,8.803628125,stop,0.500000,-6.154944897,-3.313396454,-1.951697707,0.026283786,-0.106050134,-1.951483011,ros2_odometer_state
M19C_S1_lab_hard_floor_B3_U050_R3,1246.420648614,8.805653633,stop,0.500000,-6.154944897,-3.313396454,-1.951697707,0.026110260,-0.105679028,-1.951542616,ros2_odometer_state
M19C_S1_lab_hard_floor_B3_U050_R3,1246.423554440,8.808559459,stop,0.500000,-6.154944897,-3.313396454,-1.951697707,0.025909826,-0.105272211,-1.951632619,ros2_odometer_state
M19C_S1_lab_hard_floor_B3_U050_R3,1246.424217502,8.809222521,stop,0.500000,-6.154944897,-3.313396454,-1.951697707,0.025909826,-0.105272211,-1.951632619,ros2_odometer_state
M19C_S1_lab_hard_floor_B3_U050_R3,1246.427082943,8.812087962,stop,0.500000,-6.154944897,-3.313396454,-1.951697707,0.025543537,-0.104542032,-1.951846480,ros2_odometer_state
M19C_S1_lab_hard_floor_B3_U050_R3,1246.429021056,8.814026075,stop,0.500000,-6.154944897,-3.313396454,-1.951697707,0.025372216,-0.104266576,-1.951986074,ros2_odometer_state
M19C_S1_lab_hard_floor_B3_U050_R3,1246.430683608,8.815688627,stop,0.500000,-6.154944897,-3.313396454,-1.951697707,0.025199186,-0.104032308,-1.952126145,ros2_odometer_state
M19C_S1_lab_hard_floor_B3_U050_R3,1246.432062726,8.817067745,stop,0.500000,-6.154944897,-3.313396454,-1.951697707,0.025199186,-0.104032308,-1.952126145,ros2_odometer_state
M19C_S1_lab_hard_floor_B3_U050_R3,1246.435198736,8.820203755,stop,0.500000,-6.160130978,-3.326689720,-1.952289701,0.024813481,-0.103547797,-1.952503800,ros2_odometer_state
M19C_S1_lab_hard_floor_B3_U050_R3,1246.437041070,8.822046089,stop,0.500000,-6.160130978,-3.326689720,-1.952289701,0.024586001,-0.103248097,-1.952729106,ros2_odometer_state
M19C_S1_lab_hard_floor_B3_U050_R3,1246.438794185,8.823799204,stop,0.500000,-6.160130978,-3.326689720,-1.952289701,0.024296328,-0.102921553,-1.952908397,ros2_odometer_state
M19C_S1_lab_hard_floor_B3_U050_R3,1246.440770764,8.825775783,stop,0.500000,-6.160130978,-3.326689720,-1.952289701,0.023919357,-0.102612808,-1.953000188,ros2_odometer_state
M19C_S1_lab_hard_floor_B3_U050_R3,1246.442572008,8.827577027,stop,0.500000,-6.160130978,-3.326689720,-1.952289701,0.023919357,-0.102612808,-1.953000188,ros2_odometer_state
M19C_S1_lab_hard_floor_B3_U050_R3,1246.446310022,8.831315041,stop,0.500000,-6.160130978,-3.326689720,-1.952289701,0.023473471,-0.102350190,-1.953000665,ros2_odometer_state
M19C_S1_lab_hard_floor_B3_U050_R3,1246.447337833,8.832342852,stop,0.500000,-6.160130978,-3.326689720,-1.952289701,0.022977343,-0.102100953,-1.952969432,ros2_odometer_state
M19C_S1_lab_hard_floor_B3_U050_R3,1246.448283433,8.833288452,stop,0.500000,-6.160130978,-3.326689720,-1.952289701,0.022455161,-0.101794355,-1.952996373,ros2_odometer_state
M19C_S1_lab_hard_floor_B3_U050_R3,1246.450763900,8.835768919,stop,0.500000,-6.160130978,-3.326689720,-1.952289701,0.021319568,-0.100909494,-1.953307033,ros2_odometer_state
M19C_S1_lab_hard_floor_B3_U050_R3,1246.453194894,8.838199913,stop,0.500000,-6.160130978,-3.326689720,-1.952289701,0.020650612,-0.100393355,-1.953427672,ros2_odometer_state
M19C_S1_lab_hard_floor_B3_U050_R3,1246.454174191,8.839179210,stop,0.500000,-6.164380074,-3.337650776,-1.953427672,0.020650612,-0.100393355,-1.953427672,ros2_odometer_state
M19C_S1_lab_hard_floor_B3_U050_R3,1246.457073585,8.842078604,stop,0.500000,-6.164380074,-3.337650776,-1.953427672,0.019027501,-0.099412180,-1.953415394,ros2_odometer_state
M19C_S1_lab_hard_floor_B3_U050_R3,1246.458754601,8.843759620,stop,0.500000,-6.164380074,-3.337650776,-1.953427672,0.018153664,-0.098966517,-1.953388572,ros2_odometer_state
M19C_S1_lab_hard_floor_B3_U050_R3,1246.460717676,8.845722695,stop,0.500000,-6.164380074,-3.337650776,-1.953427672,0.017288694,-0.098521478,-1.953414440,ros2_odometer_state
M19C_S1_lab_hard_floor_B3_U050_R3,1246.463409638,8.848414657,stop,0.500000,-6.164380074,-3.337650776,-1.953427672,0.016444309,-0.098062612,-1.953513265,ros2_odometer_state
M19C_S1_lab_hard_floor_B3_U050_R3,1246.464077533,8.849082552,stop,0.500000,-6.164380074,-3.337650776,-1.953427672,0.016444309,-0.098062612,-1.953513265,ros2_odometer_state
M19C_S1_lab_hard_floor_B3_U050_R3,1246.466891419,8.851896438,stop,0.500000,-6.164380074,-3.337650776,-1.953427672,0.014826822,-0.097048759,-1.953941941,ros2_odometer_state
M19C_S1_lab_hard_floor_B3_U050_R3,1246.468890015,8.853895034,stop,0.500000,-6.164380074,-3.337650776,-1.953427672,0.014013167,-0.096492432,-1.954217434,ros2_odometer_state
M19C_S1_lab_hard_floor_B3_U050_R3,1246.470739197,8.855744216,stop,0.500000,-6.164380074,-3.337650776,-1.953427672,0.013150613,-0.095882967,-1.954465389,ros2_odometer_state
M19C_S1_lab_hard_floor_B3_U050_R3,1246.473206576,8.858211595,stop,0.500000,-6.164380074,-3.337650776,-1.953427672,0.012224993,-0.095205203,-1.954675436,ros2_odometer_state
M19C_S1_lab_hard_floor_B3_U050_R3,1246.474226515,8.859231534,stop,0.500000,-6.170212746,-3.348421097,-1.954675436,0.012224993,-0.095205203,-1.954675436,ros2_odometer_state
M19C_S1_lab_hard_floor_B3_U050_R3,1246.476833802,8.861838821,stop,0.500000,-6.170212746,-3.348421097,-1.954675436,0.010350238,-0.093678609,-1.955133915,ros2_odometer_state
M19C_S1_lab_hard_floor_B3_U050_R3,1246.478402079,8.863407098,stop,0.500000,-6.170212746,-3.348421097,-1.954675436,0.010350238,-0.093678609,-1.955133915,ros2_odometer_state
M19C_S1_lab_hard_floor_B3_U050_R3,1246.481084345,8.866089364,stop,0.500000,-6.170212746,-3.348421097,-1.954675436,0.008748053,-0.092190772,-1.956207275,ros2_odometer_state
M19C_S1_lab_hard_floor_B3_U050_R3,1246.483429096,8.868434115,stop,0.500000,-6.170212746,-3.348421097,-1.954675436,0.008748053,-0.092190772,-1.956207275,ros2_odometer_state
M19C_S1_lab_hard_floor_B3_U050_R3,1246.484866009,8.869871028,stop,0.500000,-6.170212746,-3.348421097,-1.954675436,0.008328773,-0.091771267,-1.957320452,ros2_odometer_state
M19C_S1_lab_hard_floor_B3_U050_R3,1246.486931710,8.871936729,stop,0.500000,-6.170212746,-3.348421097,-1.954675436,0.007693036,-0.091227710,-1.959477305,ros2_odometer_state
M19C_S1_lab_hard_floor_B3_U050_R3,1246.488898113,8.873903132,stop,0.500000,-6.170212746,-3.348421097,-1.954675436,0.007426683,-0.090944901,-1.960703254,ros2_odometer_state
M19C_S1_lab_hard_floor_B3_U050_R3,1246.490884836,8.875889855,stop,0.500000,-6.170212746,-3.348421097,-1.954675436,0.007301006,-0.090649158,-1.962167382,ros2_odometer_state
M19C_S1_lab_hard_floor_B3_U050_R3,1246.492941961,8.877946980,stop,0.500000,-6.170212746,-3.348421097,-1.954675436,0.007170669,-0.090301797,-1.963641405,ros2_odometer_state
M19C_S1_lab_hard_floor_B3_U050_R3,1246.495248279,8.880253298,stop,0.500000,-6.175892353,-3.357981443,-1.963641405,0.007024756,-0.089816883,-1.964973807,ros2_odometer_state
M19C_S1_lab_hard_floor_B3_U050_R3,1246.496892526,8.881897545,stop,0.500000,-6.175892353,-3.357981443,-1.963641405,0.006901926,-0.089152314,-1.966192365,ros2_odometer_state
M19C_S1_lab_hard_floor_B3_U050_R3,1246.498736812,8.883741831,stop,0.500000,-6.175892353,-3.357981443,-1.963641405,0.006799551,-0.088266924,-1.967405438,ros2_odometer_state
M19C_S1_lab_hard_floor_B3_U050_R3,1246.500144795,8.885149814,stop,0.500000,-6.175892353,-3.357981443,-1.963641405,0.006799551,-0.088266924,-1.967405438,ros2_odometer_state
M19C_S1_lab_hard_floor_B3_U050_R3,1246.503498348,8.888503367,stop,0.500000,-6.175892353,-3.357981443,-1.963641405,0.006600658,-0.085807942,-1.970236182,ros2_odometer_state
M19C_S1_lab_hard_floor_B3_U050_R3,1246.504385514,8.889390533,stop,0.500000,-6.175892353,-3.357981443,-1.963641405,0.006600658,-0.085807942,-1.970236182,ros2_odometer_state
M19C_S1_lab_hard_floor_B3_U050_R3,1246.507180104,8.892185123,stop,0.500000,-6.175892353,-3.357981443,-1.963641405,0.006244278,-0.082649171,-1.972946644,ros2_odometer_state
M19C_S1_lab_hard_floor_B3_U050_R3,1246.509173292,8.894178311,stop,0.500000,-6.175892353,-3.357981443,-1.963641405,0.006040692,-0.081096590,-1.974170446,ros2_odometer_state
M19C_S1_lab_hard_floor_B3_U050_R3,1246.511447128,8.896452147,stop,0.500000,-6.175892353,-3.357981443,-1.963641405,0.005816177,-0.079649583,-1.975384951,ros2_odometer_state
M19C_S1_lab_hard_floor_B3_U050_R3,1246.515355964,8.900360983,stop,0.500000,-6.175892353,-3.357981443,-1.963641405,0.005570523,-0.078268275,-1.976660371,ros2_odometer_state
M19C_S1_lab_hard_floor_B3_U050_R3,1246.516612710,8.901617729,stop,0.500000,-6.178858757,-3.368894577,-1.976660371,0.005301082,-0.076935999,-1.978006005,ros2_odometer_state
M19C_S1_lab_hard_floor_B3_U050_R3,1246.517529061,8.902534080,stop,0.500000,-6.178858757,-3.368894577,-1.976660371,0.004960329,-0.075657904,-1.979298234,ros2_odometer_state
M19C_S1_lab_hard_floor_B3_U050_R3,1246.518549223,8.903554242,stop,0.500000,-6.178858757,-3.368894577,-1.976660371,0.004960329,-0.075657904,-1.979298234,ros2_odometer_state
M19C_S1_lab_hard_floor_B3_U050_R3,1246.521232130,8.906237149,stop,0.500000,-6.178858757,-3.368894577,-1.976660371,0.003862228,-0.073167659,-1.981603146,ros2_odometer_state
M19C_S1_lab_hard_floor_B3_U050_R3,1246.523652371,8.908657390,stop,0.500000,-6.178858757,-3.368894577,-1.976660371,0.003085261,-0.071927786,-1.982760072,ros2_odometer_state
M19C_S1_lab_hard_floor_B3_U050_R3,1246.525021121,8.910026140,stop,0.500000,-6.178858757,-3.368894577,-1.976660371,0.002207913,-0.070652142,-1.983916044,ros2_odometer_state
M19C_S1_lab_hard_floor_B3_U050_R3,1246.527154409,8.912159428,stop,0.500000,-6.178858757,-3.368894577,-1.976660371,0.001249442,-0.069276057,-1.985034466,ros2_odometer_state
M19C_S1_lab_hard_floor_B3_U050_R3,1246.528890372,8.913895391,stop,0.500000,-6.178858757,-3.368894577,-1.976660371,0.000225423,-0.067822635,-1.986123681,ros2_odometer_state
M19C_S1_lab_hard_floor_B3_U050_R3,1246.530819045,8.915824064,stop,0.500000,-6.178858757,-3.368894577,-1.976660371,-0.000873710,-0.066360295,-1.987176895,ros2_odometer_state
M19C_S1_lab_hard_floor_B3_U050_R3,1246.532293014,8.917298033,stop,0.500000,-6.178858757,-3.368894577,-1.976660371,-0.000873710,-0.066360295,-1.987176895,ros2_odometer_state
M19C_S1_lab_hard_floor_B3_U050_R3,1246.535081140,8.920086159,stop,0.500000,-6.181992531,-3.376861334,-1.988174558,-0.003366238,-0.063551694,-1.989111423,ros2_odometer_state
M19C_S1_lab_hard_floor_B3_U050_R3,1246.537065495,8.922070514,stop,0.500000,-6.181992531,-3.376861334,-1.988174558,-0.004714506,-0.062214103,-1.989955187,ros2_odometer_state
M19C_S1_lab_hard_floor_B3_U050_R3,1246.539008504,8.924013523,stop,0.500000,-6.181992531,-3.376861334,-1.988174558,-0.006112298,-0.060918540,-1.990696669,ros2_odometer_state
M19C_S1_lab_hard_floor_B3_U050_R3,1246.541001244,8.926006263,stop,0.500000,-6.181992531,-3.376861334,-1.988174558,-0.007565401,-0.059713960,-1.991399527,ros2_odometer_state
M19C_S1_lab_hard_floor_B3_U050_R3,1246.543737816,8.928742835,stop,0.500000,-6.181992531,-3.376861334,-1.988174558,-0.009075817,-0.058588989,-1.992200375,ros2_odometer_state
M19C_S1_lab_hard_floor_B3_U050_R3,1246.544426639,8.929431658,stop,0.500000,-6.181992531,-3.376861334,-1.988174558,-0.009075817,-0.058588989,-1.992200375,ros2_odometer_state
M19C_S1_lab_hard_floor_B3_U050_R3,1246.548384148,8.933389167,stop,0.500000,-6.181992531,-3.376861334,-1.988174558,-0.010610176,-0.057481326,-1.993163943,ros2_odometer_state
M19C_S1_lab_hard_floor_B3_U050_R3,1246.549432375,8.934437394,stop,0.500000,-6.181992531,-3.376861334,-1.988174558,-0.012167098,-0.056317180,-1.994244814,ros2_odometer_state
M19C_S1_lab_hard_floor_B3_U050_R3,1246.550443578,8.935448597,stop,0.500000,-6.181992531,-3.376861334,-1.988174558,-0.013765466,-0.055066843,-1.995357513,ros2_odometer_state
M19C_S1_lab_hard_floor_B3_U050_R3,1246.552375419,8.937380438,stop,0.500000,-6.181992531,-3.376861334,-1.988174558,-0.015414883,-0.053747527,-1.996541023,ros2_odometer_state
M19C_S1_lab_hard_floor_B3_U050_R3,1246.555003859,8.940008878,stop,0.500000,-6.186035156,-3.383245707,-1.997827411,-0.018906878,-0.051382247,-1.999153495,ros2_odometer_state
M19C_S1_lab_hard_floor_B3_U050_R3,1246.556445060,8.941450079,stop,0.500000,-6.186035156,-3.383245707,-1.997827411,-0.018906878,-0.051382247,-1.999153495,ros2_odometer_state
M19C_S1_lab_hard_floor_B3_U050_R3,1246.558975641,8.943980660,stop,0.500000,-6.186035156,-3.383245707,-1.997827411,-0.022343257,-0.049556818,-2.001497507,ros2_odometer_state
M19C_S1_lab_hard_floor_B3_U050_R3,1246.560955100,8.945960119,stop,0.500000,-6.186035156,-3.383245707,-1.997827411,-0.023458647,-0.048860978,-2.002062559,ros2_odometer_state
M19C_S1_lab_hard_floor_B3_U050_R3,1246.563609109,8.948614128,stop,0.500000,-6.186035156,-3.383245707,-1.997827411,-0.023843378,-0.048387181,-2.002203941,ros2_odometer_state
M19C_S1_lab_hard_floor_B3_U050_R3,1246.565517877,8.950522896,stop,0.500000,-6.186035156,-3.383245707,-1.997827411,-0.023583239,-0.047981251,-2.002218723,ros2_odometer_state
M19C_S1_lab_hard_floor_B3_U050_R3,1246.567038184,8.952043203,stop,0.500000,-6.186035156,-3.383245707,-1.997827411,-0.022853028,-0.047411989,-2.002323151,ros2_odometer_state
M19C_S1_lab_hard_floor_B3_U050_R3,1246.568322420,8.953327439,stop,0.500000,-6.186035156,-3.383245707,-1.997827411,-0.022853028,-0.047411989,-2.002323151,ros2_odometer_state
M19C_S1_lab_hard_floor_B3_U050_R3,1246.571037199,8.956042218,stop,0.500000,-6.186035156,-3.383245707,-1.997827411,-0.020974575,-0.045813944,-2.002750635,ros2_odometer_state
M19C_S1_lab_hard_floor_B3_U050_R3,1246.572485568,8.957490587,stop,0.500000,-6.186035156,-3.383245707,-1.997827411,-0.020974575,-0.045813944,-2.002750635,ros2_odometer_state
M19C_S1_lab_hard_floor_B3_U050_R3,1246.574492836,8.959497855,stop,0.500000,-6.191591263,-3.390287876,-2.002549171,-0.019787811,-0.045216244,-2.002549171,ros2_odometer_state
M19C_S1_lab_hard_floor_B3_U050_R3,1246.577235168,8.962240187,stop,0.500000,-6.191591263,-3.390287876,-2.002549171,-0.016969450,-0.043863844,-2.001957893,ros2_odometer_state
M19C_S1_lab_hard_floor_B3_U050_R3,1246.578494378,8.963499397,stop,0.500000,-6.191591263,-3.390287876,-2.002549171,-0.016969450,-0.043863844,-2.001957893,ros2_odometer_state
M19C_S1_lab_hard_floor_B3_U050_R3,1246.581406892,8.966411911,stop,0.500000,-6.191591263,-3.390287876,-2.002549171,-0.014690415,-0.042318523,-2.001490831,ros2_odometer_state
M19C_S1_lab_hard_floor_B3_U050_R3,1246.583012706,8.968017725,stop,0.500000,-6.191591263,-3.390287876,-2.002549171,-0.014690415,-0.042318523,-2.001490831,ros2_odometer_state
M19C_S1_lab_hard_floor_B3_U050_R3,1246.584349679,8.969354698,stop,0.500000,-6.191591263,-3.390287876,-2.002549171,-0.013789566,-0.041744132,-2.000916004,ros2_odometer_state
M19C_S1_lab_hard_floor_B3_U050_R3,1246.587094060,8.972099079,stop,0.500000,-6.191591263,-3.390287876,-2.002549171,-0.012378600,-0.041019782,-1.999735594,ros2_odometer_state
M19C_S1_lab_hard_floor_B3_U050_R3,1246.589063982,8.974069001,stop,0.500000,-6.191591263,-3.390287876,-2.002549171,-0.011964876,-0.040731348,-1.999405980,ros2_odometer_state
M19C_S1_lab_hard_floor_B3_U050_R3,1246.591459391,8.976464410,stop,0.500000,-6.191591263,-3.390287876,-2.002549171,-0.011706053,-0.040327303,-1.999208212,ros2_odometer_state
M19C_S1_lab_hard_floor_B3_U050_R3,1246.593195065,8.978200084,stop,0.500000,-6.191591263,-3.390287876,-2.002549171,-0.011480292,-0.039821472,-1.999186873,ros2_odometer_state
M19C_S1_lab_hard_floor_B3_U050_R3,1246.595163388,8.980168407,stop,0.500000,-6.190790176,-3.398966074,-1.999186873,-0.011213905,-0.039333887,-1.999318957,ros2_odometer_state
M19C_S1_lab_hard_floor_B3_U050_R3,1246.596436231,8.981441250,stop,0.500000,-6.190790176,-3.398966074,-1.999186873,-0.011213905,-0.039333887,-1.999318957,ros2_odometer_state
M19C_S1_lab_hard_floor_B3_U050_R3,1246.599085920,8.984090939,stop,0.500000,-6.190790176,-3.398966074,-1.999186873,-0.010907667,-0.038999368,-1.999473333,ros2_odometer_state
M19C_S1_lab_hard_floor_B3_U050_R3,1246.601077379,8.986082398,stop,0.500000,-6.190790176,-3.398966074,-1.999186873,-0.010846165,-0.039083764,-1.999279857,ros2_odometer_state
M19C_S1_lab_hard_floor_B3_U050_R3,1246.603665818,8.988670837,stop,0.500000,-6.190790176,-3.398966074,-1.999186873,-0.010845270,-0.039187551,-1.998933554,ros2_odometer_state
M19C_S1_lab_hard_floor_B3_U050_R3,1246.605124235,8.990129254,stop,0.500000,-6.190790176,-3.398966074,-1.999186873,-0.010875214,-0.039249647,-1.998599291,ros2_odometer_state
M19C_S1_lab_hard_floor_B3_U050_R3,1246.607085101,8.992090120,stop,0.500000,-6.190790176,-3.398966074,-1.999186873,-0.010836783,-0.039253075,-1.998532414,ros2_odometer_state
M19C_S1_lab_hard_floor_B3_U050_R3,1246.609081328,8.994086347,stop,0.500000,-6.190790176,-3.398966074,-1.999186873,-0.010640178,-0.039194360,-1.998854160,ros2_odometer_state
M19C_S1_lab_hard_floor_B3_U050_R3,1246.611181463,8.996186482,stop,0.500000,-6.190790176,-3.398966074,-1.999186873,-0.010410812,-0.039057728,-1.999300599,ros2_odometer_state
M19C_S1_lab_hard_floor_B3_U050_R3,1246.613551815,8.998556834,stop,0.500000,-6.190790176,-3.398966074,-1.999186873,-0.010328252,-0.038817219,-1.999667048,ros2_odometer_state
M19C_S1_lab_hard_floor_B3_U050_R3,1246.615525385,9.000530404,stop,0.500000,-6.191753864,-3.408871889,-1.999667048,-0.010387105,-0.038497642,-1.999979973,ros2_odometer_state
M19C_S1_lab_hard_floor_B3_U050_R3,1246.617456939,9.002461958,stop,0.500000,-6.191753864,-3.408871889,-1.999667048,-0.010502119,-0.038194139,-2.000353336,ros2_odometer_state
M19C_S1_lab_hard_floor_B3_U050_R3,1246.619425293,9.004430312,stop,0.500000,-6.191753864,-3.408871889,-1.999667048,-0.010609997,-0.037964627,-2.000870705,ros2_odometer_state
M19C_S1_lab_hard_floor_B3_U050_R3,1246.621345998,9.006351017,stop,0.500000,-6.191753864,-3.408871889,-1.999667048,-0.010685414,-0.037890293,-2.001571655,ros2_odometer_state
M19C_S1_lab_hard_floor_B3_U050_R3,1246.623792800,9.008797819,stop,0.500000,-6.191753864,-3.408871889,-1.999667048,-0.010768685,-0.037988711,-2.002455473,ros2_odometer_state
M19C_S1_lab_hard_floor_B3_U050_R3,1246.624567866,9.009572885,stop,0.500000,-6.191753864,-3.408871889,-1.999667048,-0.010768685,-0.037988711,-2.002455473,ros2_odometer_state
M19C_S1_lab_hard_floor_B3_U050_R3,1246.626571358,9.011576377,stop,0.500000,-6.191753864,-3.408871889,-1.999667048,-0.010935816,-0.038133599,-2.003302574,ros2_odometer_state
M19C_S1_lab_hard_floor_B3_U050_R3,1246.629493024,9.014498043,stop,0.500000,-6.191753864,-3.408871889,-1.999667048,-0.011242675,-0.038249269,-2.003893614,ros2_odometer_state
M19C_S1_lab_hard_floor_B3_U050_R3,1246.631127127,9.016132146,stop,0.500000,-6.191753864,-3.408871889,-1.999667048,-0.011645084,-0.038316403,-2.004270077,ros2_odometer_state
M19C_S1_lab_hard_floor_B3_U050_R3,1246.632653898,9.017658917,stop,0.500000,-6.191753864,-3.408871889,-1.999667048,-0.012056245,-0.038399812,-2.004624605,ros2_odometer_state
M19C_S1_lab_hard_floor_B3_U050_R3,1246.635396007,9.020401026,stop,0.500000,-6.194524765,-3.416090012,-2.005138159,-0.012849491,-0.038624760,-2.005894423,ros2_odometer_state
M19C_S1_lab_hard_floor_B3_U050_R3,1246.637245701,9.022250720,stop,0.500000,-6.194524765,-3.416090012,-2.005138159,-0.013191164,-0.038652327,-2.006832123,ros2_odometer_state
M19C_S1_lab_hard_floor_B3_U050_R3,1246.639183494,9.024188513,stop,0.500000,-6.194524765,-3.416090012,-2.005138159,-0.013486476,-0.038656503,-2.007842302,ros2_odometer_state
M19C_S1_lab_hard_floor_B3_U050_R3,1246.641163753,9.026168772,stop,0.500000,-6.194524765,-3.416090012,-2.005138159,-0.013800809,-0.038683869,-2.008822441,ros2_odometer_state
M19C_S1_lab_hard_floor_B3_U050_R3,1246.643789217,9.028794236,stop,0.500000,-6.194524765,-3.416090012,-2.005138159,-0.014168625,-0.038759612,-2.009677410,ros2_odometer_state
M19C_S1_lab_hard_floor_B3_U050_R3,1246.644514138,9.029519157,stop,0.500000,-6.194524765,-3.416090012,-2.005138159,-0.014168625,-0.038759612,-2.009677410,ros2_odometer_state
M19C_S1_lab_hard_floor_B3_U050_R3,1246.646752485,9.031757504,stop,0.500000,-6.194524765,-3.416090012,-2.005138159,-0.014538418,-0.038886119,-2.010383368,ros2_odometer_state
M19C_S1_lab_hard_floor_B3_U050_R3,1246.649646215,9.034651234,stop,0.500000,-6.194524765,-3.416090012,-2.005138159,-0.015280783,-0.039202742,-2.011232138,ros2_odometer_state
M19C_S1_lab_hard_floor_B3_U050_R3,1246.651222620,9.036227639,stop,0.500000,-6.194524765,-3.416090012,-2.005138159,-0.015657280,-0.039361395,-2.011506796,ros2_odometer_state
M19C_S1_lab_hard_floor_B3_U050_R3,1246.653583691,9.038588710,stop,0.500000,-6.194524765,-3.416090012,-2.005138159,-0.015998591,-0.039531775,-2.011847019,ros2_odometer_state
M19C_S1_lab_hard_floor_B3_U050_R3,1246.654814645,9.039819664,stop,0.500000,-6.197478771,-3.423830509,-2.011847019,-0.015998591,-0.039531775,-2.011847019,ros2_odometer_state
M19C_S1_lab_hard_floor_B3_U050_R3,1246.656655635,9.041660654,stop,0.500000,-6.197478771,-3.423830509,-2.011847019,-0.016304150,-0.039749458,-2.012331247,ros2_odometer_state
M19C_S1_lab_hard_floor_B3_U050_R3,1246.658603636,9.043608655,stop,0.500000,-6.197478771,-3.423830509,-2.011847019,-0.016605578,-0.040008631,-2.012907505,ros2_odometer_state
M19C_S1_lab_hard_floor_B3_U050_R3,1246.660632953,9.045637972,stop,0.500000,-6.197478771,-3.423830509,-2.011847019,-0.016956059,-0.040254250,-2.013414145,ros2_odometer_state
M19C_S1_lab_hard_floor_B3_U050_R3,1246.663837669,9.048842688,stop,0.500000,-6.197478771,-3.423830509,-2.011847019,-0.017794410,-0.040586941,-2.014125109,ros2_odometer_state
M19C_S1_lab_hard_floor_B3_U050_R3,1246.665541758,9.050546777,stop,0.500000,-6.197478771,-3.423830509,-2.011847019,-0.018203421,-0.040737737,-2.014426470,ros2_odometer_state
M19C_S1_lab_hard_floor_B3_U050_R3,1246.666598242,9.051603261,stop,0.500000,-6.197478771,-3.423830509,-2.011847019,-0.018203421,-0.040737737,-2.014426470,ros2_odometer_state
M19C_S1_lab_hard_floor_B3_U050_R3,1246.668659335,9.053664354,stop,0.500000,-6.197478771,-3.423830509,-2.011847019,-0.018560406,-0.040911190,-2.014739752,ros2_odometer_state
M19C_S1_lab_hard_floor_B3_U050_R3,1246.670551495,9.055556514,stop,0.500000,-6.197478771,-3.423830509,-2.011847019,-0.018851766,-0.041096661,-2.015037298,ros2_odometer_state
M19C_S1_lab_hard_floor_B3_U050_R3,1246.673349189,9.058354208,stop,0.500000,-6.197478771,-3.423830509,-2.011847019,-0.019382196,-0.041344464,-2.015212774,ros2_odometer_state
M19C_S1_lab_hard_floor_B3_U050_R3,1246.674577742,9.059582761,stop,0.500000,-6.201407433,-3.432199001,-2.015212774,-0.019382196,-0.041344464,-2.015212774,ros2_odometer_state
M19C_S1_lab_hard_floor_B3_U050_R3,1246.677255497,9.062260516,stop,0.500000,-6.201407433,-3.432199001,-2.015212774,-0.019962175,-0.041271821,-2.014683008,ros2_odometer_state
M19C_S1_lab_hard_floor_B3_U050_R3,1246.679243660,9.064248679,stop,0.500000,-6.201407433,-3.432199001,-2.015212774,-0.020193016,-0.041188076,-2.014174223,ros2_odometer_state
M19C_S1_lab_hard_floor_B3_U050_R3,1246.680578104,9.065583123,stop,0.500000,-6.201407433,-3.432199001,-2.015212774,-0.020193016,-0.041188076,-2.014174223,ros2_odometer_state
M19C_S1_lab_hard_floor_B3_U050_R3,1246.684647906,9.069652925,stop,0.500000,-6.201407433,-3.432199001,-2.015212774,-0.020391930,-0.041118775,-2.013458014,ros2_odometer_state
M19C_S1_lab_hard_floor_B3_U050_R3,1246.685876619,9.070881638,stop,0.500000,-6.201407433,-3.432199001,-2.015212774,-0.020587806,-0.041061819,-2.012543678,ros2_odometer_state
M19C_S1_lab_hard_floor_B3_U050_R3,1246.687307387,9.072312406,stop,0.500000,-6.201407433,-3.432199001,-2.015212774,-0.020762064,-0.041044194,-2.011514664,ros2_odometer_state
M19C_S1_lab_hard_floor_B3_U050_R3,1246.689559911,9.074564930,stop,0.500000,-6.201407433,-3.432199001,-2.015212774,-0.020739060,-0.041027084,-2.009683371,ros2_odometer_state
M19C_S1_lab_hard_floor_B3_U050_R3,1246.690534568,9.075539587,stop,0.500000,-6.201407433,-3.432199001,-2.015212774,-0.020739060,-0.041027084,-2.009683371,ros2_odometer_state
M19C_S1_lab_hard_floor_B3_U050_R3,1246.692682704,9.077687723,stop,0.500000,-6.201407433,-3.432199001,-2.015212774,-0.020605052,-0.041059051,-2.008817673,ros2_odometer_state
M19C_S1_lab_hard_floor_B3_U050_R3,1246.694591280,9.079596299,stop,0.500000,-6.205190659,-3.438616037,-2.007842541,-0.020520648,-0.041203536,-2.007842541,ros2_odometer_state
M19C_S1_lab_hard_floor_B3_U050_R3,1246.696553747,9.081558766,stop,0.500000,-6.205190659,-3.438616037,-2.007842541,-0.020496033,-0.041448012,-2.006764650,ros2_odometer_state
M19C_S1_lab_hard_floor_B3_U050_R3,1246.699286543,9.084291562,stop,0.500000,-6.205190659,-3.438616037,-2.007842541,-0.020593446,-0.041823078,-2.004522800,ros2_odometer_state
M19C_S1_lab_hard_floor_B3_U050_R3,1246.700547193,9.085552212,stop,0.500000,-6.205190659,-3.438616037,-2.007842541,-0.020593446,-0.041823078,-2.004522800,ros2_odometer_state
M19C_S1_lab_hard_floor_B3_U050_R3,1246.703224435,9.088229454,stop,0.500000,-6.205190659,-3.438616037,-2.007842541,-0.020600198,-0.041832060,-2.003521681,ros2_odometer_state
M19C_S1_lab_hard_floor_B3_U050_R3,1246.705602883,9.090607902,stop,0.500000,-6.205190659,-3.438616037,-2.007842541,-0.020260129,-0.041603968,-2.001787901,ros2_odometer_state
M19C_S1_lab_hard_floor_B3_U050_R3,1246.706606405,9.091611424,stop,0.500000,-6.205190659,-3.438616037,-2.007842541,-0.020260129,-0.041603968,-2.001787901,ros2_odometer_state
M19C_S1_lab_hard_floor_B3_U050_R3,1246.708637354,9.093642373,stop,0.500000,-6.205190659,-3.438616037,-2.007842541,-0.019999649,-0.041502684,-2.001041412,ros2_odometer_state
M19C_S1_lab_hard_floor_B3_U050_R3,1246.711593197,9.096598216,stop,0.500000,-6.205190659,-3.438616037,-2.007842541,-0.019416546,-0.041433536,-1.999898195,ros2_odometer_state
M19C_S1_lab_hard_floor_B3_U050_R3,1246.713617681,9.098622700,stop,0.500000,-6.205190659,-3.438616037,-2.007842541,-0.019038841,-0.041398358,-1.999480128,ros2_odometer_state
M19C_S1_lab_hard_floor_B3_U050_R3,1246.714659604,9.099664623,stop,0.500000,-6.208560944,-3.444077253,-1.999480128,-0.019038841,-0.041398358,-1.999480128,ros2_odometer_state
M19C_S1_lab_hard_floor_B3_U050_R3,1246.719768608,9.104773627,stop,0.500000,-6.208560944,-3.444077253,-1.999480128,-0.018037049,-0.041293599,-1.998907804,ros2_odometer_state
M19C_S1_lab_hard_floor_B3_U050_R3,1246.721016970,9.106021989,stop,0.500000,-6.208560944,-3.444077253,-1.999480128,-0.017483098,-0.041200269,-1.998686194,ros2_odometer_state
M19C_S1_lab_hard_floor_B3_U050_R3,1246.721925417,9.106930436,stop,0.500000,-6.208560944,-3.444077253,-1.999480128,-0.016903365,-0.041054700,-1.998549342,ros2_odometer_state
M19C_S1_lab_hard_floor_B3_U050_R3,1246.723952589,9.108957608,stop,0.500000,-6.208560944,-3.444077253,-1.999480128,-0.016284492,-0.040854879,-1.998504400,ros2_odometer_state
M19C_S1_lab_hard_floor_B3_U050_R3,1246.725330204,9.110335223,stop,0.500000,-6.208560944,-3.444077253,-1.999480128,-0.015642270,-0.040631466,-1.998513937,ros2_odometer_state
M19C_S1_lab_hard_floor_B3_U050_R3,1246.727639114,9.112644133,stop,0.500000,-6.208560944,-3.444077253,-1.999480128,-0.014960911,-0.040430337,-1.998614907,ros2_odometer_state
M19C_S1_lab_hard_floor_B3_U050_R3,1246.729502696,9.114507715,stop,0.500000,-6.208560944,-3.444077253,-1.999480128,-0.014258221,-0.040264096,-1.998812079,ros2_odometer_state
M19C_S1_lab_hard_floor_B3_U050_R3,1246.731387496,9.116392515,stop,0.500000,-6.208560944,-3.444077253,-1.999480128,-0.013571387,-0.040110428,-1.999047637,ros2_odometer_state
M19C_S1_lab_hard_floor_B3_U050_R3,1246.733555921,9.118560940,stop,0.500000,-6.208560944,-3.444077253,-1.999480128,-0.012904774,-0.039942853,-1.999294281,ros2_odometer_state
M19C_S1_lab_hard_floor_B3_U050_R3,1246.735435312,9.120440331,stop,0.500000,-6.210401535,-3.448686361,-1.999294281,-0.012235135,-0.039779413,-1.999583244,ros2_odometer_state
M19C_S1_lab_hard_floor_B3_U050_R3,1246.737943493,9.122948512,stop,0.500000,-6.210401535,-3.448686361,-1.999294281,-0.011547756,-0.039639175,-1.999964952,ros2_odometer_state
M19C_S1_lab_hard_floor_B3_U050_R3,1246.738705150,9.123710169,stop,0.500000,-6.210401535,-3.448686361,-1.999294281,-0.011547756,-0.039639175,-1.999964952,ros2_odometer_state
M19C_S1_lab_hard_floor_B3_U050_R3,1246.743478527,9.128483546,stop,0.500000,-6.210401535,-3.448686361,-1.999294281,-0.010174207,-0.039431870,-2.000757694,ros2_odometer_state
M19C_S1_lab_hard_floor_B3_U050_R3,1246.744550883,9.129555902,stop,0.500000,-6.210401535,-3.448686361,-1.999294281,-0.009472927,-0.039301798,-2.001094818,ros2_odometer_state
M19C_S1_lab_hard_floor_B3_U050_R3,1246.744914735,9.129919754,stop,0.500000,-6.210401535,-3.448686361,-1.999294281,-0.009472927,-0.039301798,-2.001094818,ros2_odometer_state
M19C_S1_lab_hard_floor_B3_U050_R3,1246.747734734,9.132739753,stop,0.500000,-6.210401535,-3.448686361,-1.999294281,-0.008007580,-0.039057493,-2.001497507,ros2_odometer_state
M19C_S1_lab_hard_floor_B3_U050_R3,1246.749509450,9.134514469,stop,0.500000,-6.210401535,-3.448686361,-1.999294281,-0.007240693,-0.039007820,-2.001637936,ros2_odometer_state
M19C_S1_lab_hard_floor_B3_U050_R3,1246.751419306,9.136424325,stop,0.500000,-6.210401535,-3.448686361,-1.999294281,-0.006425000,-0.039012533,-2.001818419,ros2_odometer_state
M19C_S1_lab_hard_floor_B3_U050_R3,1246.753495696,9.138500715,stop,0.500000,-6.210401535,-3.448686361,-1.999294281,-0.005560692,-0.039054956,-2.002042532,ros2_odometer_state
M19C_S1_lab_hard_floor_B3_U050_R3,1246.755465203,9.140470222,stop,0.500000,-6.212536335,-3.451881886,-2.002042532,-0.004645023,-0.039101083,-2.002291679,ros2_odometer_state
M19C_S1_lab_hard_floor_B3_U050_R3,1246.757443157,9.142448176,stop,0.500000,-6.212536335,-3.451881886,-2.002042532,-0.003687419,-0.039112594,-2.002541542,ros2_odometer_state
M19C_S1_lab_hard_floor_B3_U050_R3,1246.759415256,9.144420275,stop,0.500000,-6.212536335,-3.451881886,-2.002042532,-0.002707317,-0.039067518,-2.002742767,ros2_odometer_state
M19C_S1_lab_hard_floor_B3_U050_R3,1246.761654819,9.146659838,stop,0.500000,-6.212536335,-3.451881886,-2.002042532,-0.001709084,-0.038982973,-2.002845049,ros2_odometer_state
M19C_S1_lab_hard_floor_B3_U050_R3,1246.765282461,9.150287480,stop,0.500000,-6.212536335,-3.451881886,-2.002042532,-0.000683443,-0.038891949,-2.002834797,ros2_odometer_state
M19C_S1_lab_hard_floor_B3_U050_R3,1246.766164603,9.151169622,stop,0.500000,-6.212536335,-3.451881886,-2.002042532,0.000370097,-0.038832791,-2.002732754,ros2_odometer_state
M19C_S1_lab_hard_floor_B3_U050_R3,1246.766827185,9.151832204,stop,0.500000,-6.212536335,-3.451881886,-2.002042532,0.000370097,-0.038832791,-2.002732754,ros2_odometer_state
M19C_S1_lab_hard_floor_B3_U050_R3,1246.769512300,9.154517319,stop,0.500000,-6.212536335,-3.451881886,-2.002042532,0.002551508,-0.038899347,-2.002317190,ros2_odometer_state
M19C_S1_lab_hard_floor_B3_U050_R3,1246.772288969,9.157293988,stop,0.500000,-6.212536335,-3.451881886,-2.002042532,0.003687090,-0.039022274,-2.002055407,ros2_odometer_state
M19C_S1_lab_hard_floor_B3_U050_R3,1246.773209256,9.158214275,stop,0.500000,-6.212536335,-3.451881886,-2.002042532,0.003687090,-0.039022274,-2.002055407,ros2_odometer_state
M19C_S1_lab_hard_floor_B3_U050_R3,1246.775557687,9.160562706,stop,0.500000,-6.212666035,-3.455695152,-2.001782656,0.006045619,-0.039368466,-2.001491308,ros2_odometer_state
M19C_S1_lab_hard_floor_B3_U050_R3,1246.777557915,9.162562934,stop,0.500000,-6.212666035,-3.455695152,-2.001782656,0.007271688,-0.039584372,-2.001167059,ros2_odometer_state
M19C_S1_lab_hard_floor_B3_U050_R3,1246.779479836,9.164484855,stop,0.500000,-6.212666035,-3.455695152,-2.001782656,0.008530068,-0.039827425,-2.000807285,ros2_odometer_state
M19C_S1_lab_hard_floor_B3_U050_R3,1246.781479775,9.166484794,stop,0.500000,-6.212666035,-3.455695152,-2.001782656,0.009807170,-0.040085137,-2.000422716,ros2_odometer_state
M19C_S1_lab_hard_floor_B3_U050_R3,1246.784216379,9.169221398,stop,0.500000,-6.212666035,-3.455695152,-2.001782656,0.011108418,-0.040350813,-2.000020266,ros2_odometer_state
M19C_S1_lab_hard_floor_B3_U050_R3,1246.785591817,9.170596836,stop,0.500000,-6.212666035,-3.455695152,-2.001782656,0.012430738,-0.040640492,-1.999544263,ros2_odometer_state
M19C_S1_lab_hard_floor_B3_U050_R3,1246.787522378,9.172527397,stop,0.500000,-6.212666035,-3.455695152,-2.001782656,0.013768340,-0.040985417,-1.998936415,ros2_odometer_state
M19C_S1_lab_hard_floor_B3_U050_R3,1246.790253510,9.175258529,stop,0.500000,-6.212666035,-3.455695152,-2.001782656,0.015119006,-0.041426007,-1.998249292,ros2_odometer_state
M19C_S1_lab_hard_floor_B3_U050_R3,1246.791510833,9.176515852,stop,0.500000,-6.212666035,-3.455695152,-2.001782656,0.016491175,-0.041927636,-1.997573972,ros2_odometer_state
M19C_S1_lab_hard_floor_B3_U050_R3,1246.793762621,9.178767640,stop,0.500000,-6.212666035,-3.455695152,-2.001782656,0.017887920,-0.042447373,-1.996929049,ros2_odometer_state
M19C_S1_lab_hard_floor_B3_U050_R3,1246.795721823,9.180726842,stop,0.500000,-6.212159634,-3.461154699,-1.996929049,0.019309657,-0.042985372,-1.996251464,ros2_odometer_state
M19C_S1_lab_hard_floor_B3_U050_R3,1246.797643039,9.182648058,stop,0.500000,-6.212159634,-3.461154699,-1.996929049,0.020754209,-0.043558624,-1.995509505,ros2_odometer_state
M19C_S1_lab_hard_floor_B3_U050_R3,1246.800022287,9.185027306,stop,0.500000,-6.212159634,-3.461154699,-1.996929049,0.022184102,-0.044166420,-1.994713306,ros2_odometer_state
M19C_S1_lab_hard_floor_B3_U050_R3,1246.801704200,9.186709219,stop,0.500000,-6.212159634,-3.461154699,-1.996929049,0.023581907,-0.044798173,-1.993894577,ros2_odometer_state
M19C_S1_lab_hard_floor_B3_U050_R3,1246.804151482,9.189156501,stop,0.500000,-6.212159634,-3.461154699,-1.996929049,0.024953686,-0.045445930,-1.993028760,ros2_odometer_state
M19C_S1_lab_hard_floor_B3_U050_R3,1246.805768305,9.190773324,stop,0.500000,-6.212159634,-3.461154699,-1.996929049,0.026319453,-0.046123289,-1.992058992,ros2_odometer_state
M19C_S1_lab_hard_floor_B3_U050_R3,1246.807810454,9.192815473,stop,0.500000,-6.212159634,-3.461154699,-1.996929049,0.027688371,-0.046835490,-1.990992188,ros2_odometer_state
M19C_S1_lab_hard_floor_B3_U050_R3,1246.809899644,9.194904663,stop,0.500000,-6.212159634,-3.461154699,-1.996929049,0.029056096,-0.047593091,-1.989891887,ros2_odometer_state
M19C_S1_lab_hard_floor_B3_U050_R3,1246.811688920,9.196693939,stop,0.500000,-6.212159634,-3.461154699,-1.996929049,0.030423369,-0.048384961,-1.988809824,ros2_odometer_state
M19C_S1_lab_hard_floor_B3_U050_R3,1246.813665979,9.198670998,stop,0.500000,-6.212159634,-3.461154699,-1.996929049,0.031794805,-0.049192321,-1.987754941,ros2_odometer_state
M19C_S1_lab_hard_floor_B3_U050_R3,1246.815598652,9.200603671,stop,0.500000,-6.211371422,-3.466694593,-1.987754941,0.033152949,-0.050010931,-1.986691952,ros2_odometer_state
M19C_S1_lab_hard_floor_B3_U050_R3,1246.816763491,9.201768510,stop,0.500000,-6.211371422,-3.466694593,-1.987754941,0.033152949,-0.050010931,-1.986691952,ros2_odometer_state
M19C_S1_lab_hard_floor_B3_U050_R3,1246.819574370,9.204579389,stop,0.500000,-6.211371422,-3.466694593,-1.987754941,0.035756085,-0.051723603,-1.984391689,ros2_odometer_state
M19C_S1_lab_hard_floor_B3_U050_R3,1246.821539876,9.206544895,stop,0.500000,-6.211371422,-3.466694593,-1.987754941,0.036986027,-0.052633893,-1.983144879,ros2_odometer_state
M19C_S1_lab_hard_floor_B3_U050_R3,1246.824180445,9.209185464,stop,0.500000,-6.211371422,-3.466694593,-1.987754941,0.038173117,-0.053559624,-1.981833935,ros2_odometer_state
M19C_S1_lab_hard_floor_B3_U050_R3,1246.825611789,9.210616808,stop,0.500000,-6.211371422,-3.466694593,-1.987754941,0.039320953,-0.054491032,-1.980447888,ros2_odometer_state
M19C_S1_lab_hard_floor_B3_U050_R3,1246.827675955,9.212680974,stop,0.500000,-6.211371422,-3.466694593,-1.987754941,0.040430333,-0.055417638,-1.979001045,ros2_odometer_state
M19C_S1_lab_hard_floor_B3_U050_R3,1246.829601108,9.214606127,stop,0.500000,-6.211371422,-3.466694593,-1.987754941,0.041514367,-0.056345407,-1.977552772,ros2_odometer_state
M19C_S1_lab_hard_floor_B3_U050_R3,1246.831585494,9.216590513,stop,0.500000,-6.211371422,-3.466694593,-1.987754941,0.042587858,-0.057292432,-1.976167917,ros2_odometer_state
M19C_S1_lab_hard_floor_B3_U050_R3,1246.833634907,9.218639926,stop,0.500000,-6.211371422,-3.466694593,-1.987754941,0.043682128,-0.058269005,-1.974830627,ros2_odometer_state
M19C_S1_lab_hard_floor_B3_U050_R3,1246.835625023,9.220630042,stop,0.500000,-6.210589886,-3.472296238,-1.974830627,0.044806819,-0.059264805,-1.973433852,ros2_odometer_state
M19C_S1_lab_hard_floor_B3_U050_R3,1246.836798054,9.221803073,stop,0.500000,-6.210589886,-3.472296238,-1.974830627,0.044806819,-0.059264805,-1.973433852,ros2_odometer_state
M19C_S1_lab_hard_floor_B3_U050_R3,1246.842157659,9.227162678,stop,0.500000,-6.210589886,-3.472296238,-1.974830627,0.047019590,-0.061146103,-1.970394969,ros2_odometer_state
M19C_S1_lab_hard_floor_B3_U050_R3,1246.843155420,9.228160439,stop,0.500000,-6.210589886,-3.472296238,-1.974830627,0.048108302,-0.062030427,-1.968854666,ros2_odometer_state
M19C_S1_lab_hard_floor_B3_U050_R3,1246.843616300,9.228621319,stop,0.500000,-6.210589886,-3.472296238,-1.974830627,0.048108302,-0.062030427,-1.968854666,ros2_odometer_state
M19C_S1_lab_hard_floor_B3_U050_R3,1246.844975641,9.229980660,stop,0.500000,-6.210589886,-3.472296238,-1.974830627,0.049195647,-0.062907472,-1.967340827,ros2_odometer_state
M19C_S1_lab_hard_floor_B3_U050_R3,1246.847635731,9.232640750,stop,0.500000,-6.210589886,-3.472296238,-1.974830627,0.050943300,-0.064378269,-1.964855433,ros2_odometer_state
M19C_S1_lab_hard_floor_B3_U050_R3,1246.849653047,9.234658066,stop,0.500000,-6.210589886,-3.472296238,-1.974830627,0.051226895,-0.064696021,-1.964333057,ros2_odometer_state
M19C_S1_lab_hard_floor_B3_U050_R3,1246.852135947,9.237140966,stop,0.500000,-6.210589886,-3.472296238,-1.974830627,0.051016435,-0.064719163,-1.964305758,ros2_odometer_state
M19C_S1_lab_hard_floor_B3_U050_R3,1246.853855365,9.238860384,stop,0.500000,-6.210589886,-3.472296238,-1.974830627,0.050274212,-0.064532198,-1.964655399,ros2_odometer_state
M19C_S1_lab_hard_floor_B3_U050_R3,1246.855701347,9.240706366,stop,0.500000,-6.211595058,-3.477744579,-1.964655399,0.049038813,-0.064306013,-1.964978099,ros2_odometer_state
M19C_S1_lab_hard_floor_B3_U050_R3,1246.857756360,9.242761379,stop,0.500000,-6.211595058,-3.477744579,-1.964655399,0.047511835,-0.064113997,-1.965063691,ros2_odometer_state
M19C_S1_lab_hard_floor_B3_U050_R3,1246.861043191,9.246048210,stop,0.500000,-6.211595058,-3.477744579,-1.964655399,0.047511835,-0.064113997,-1.965063691,ros2_odometer_state
M19C_S1_lab_hard_floor_B3_U050_R3,1246.862209118,9.247214137,stop,0.500000,-6.211595058,-3.477744579,-1.964655399,0.045746878,-0.063872047,-1.965125918,ros2_odometer_state
M19C_S1_lab_hard_floor_B3_U050_R3,1246.863911671,9.248916690,stop,0.500000,-6.211595058,-3.477744579,-1.964655399,0.043687787,-0.063453890,-1.965241909,ros2_odometer_state
M19C_S1_lab_hard_floor_B3_U050_R3,1246.865020061,9.250025080,stop,0.500000,-6.211595058,-3.477744579,-1.964655399,0.041306183,-0.062847093,-1.965223789,ros2_odometer_state
M19C_S1_lab_hard_floor_B3_U050_R3,1246.867041345,9.252046364,stop,0.500000,-6.211595058,-3.477744579,-1.964655399,0.038911242,-0.062105045,-1.965155005,ros2_odometer_state
M19C_S1_lab_hard_floor_B3_U050_R3,1246.869777533,9.254782552,stop,0.500000,-6.211595058,-3.477744579,-1.964655399,0.035134852,-0.060434617,-1.966052651,ros2_odometer_state
M19C_S1_lab_hard_floor_B3_U050_R3,1246.871445813,9.256450832,stop,0.500000,-6.211595058,-3.477744579,-1.964655399,0.035134852,-0.060434617,-1.966052651,ros2_odometer_state
M19C_S1_lab_hard_floor_B3_U050_R3,1246.873616894,9.258621913,stop,0.500000,-6.211595058,-3.477744579,-1.964655399,0.032738961,-0.058650397,-1.968243599,ros2_odometer_state
M19C_S1_lab_hard_floor_B3_U050_R3,1246.875711173,9.260716192,stop,0.500000,-6.215307713,-3.476099491,-1.968243599,0.031761996,-0.057954926,-1.969185948,ros2_odometer_state
M19C_S1_lab_hard_floor_B3_U050_R3,1246.877111540,9.262116559,stop,0.500000,-6.215307713,-3.476099491,-1.968243599,0.031761996,-0.057954926,-1.969185948,ros2_odometer_state
M19C_S1_lab_hard_floor_B3_U050_R3,1246.879504900,9.264509919,stop,0.500000,-6.215307713,-3.476099491,-1.968243599,0.030868087,-0.057347499,-1.969902515,ros2_odometer_state
M19C_S1_lab_hard_floor_B3_U050_R3,1246.881621740,9.266626759,stop,0.500000,-6.215307713,-3.476099491,-1.968243599,0.029275388,-0.056221824,-1.971145391,ros2_odometer_state
M19C_S1_lab_hard_floor_B3_U050_R3,1246.884643185,9.269648204,stop,0.500000,-6.215307713,-3.476099491,-1.968243599,0.029275388,-0.056221824,-1.971145391,ros2_odometer_state
M19C_S1_lab_hard_floor_B3_U050_R3,1246.885716726,9.270721745,stop,0.500000,-6.215307713,-3.476099491,-1.968243599,0.028639946,-0.055696122,-1.971752644,ros2_odometer_state
M19C_S1_lab_hard_floor_B3_U050_R3,1246.889877602,9.274882621,stop,0.500000,-6.215307713,-3.476099491,-1.968243599,0.027700871,-0.054796059,-1.973107100,ros2_odometer_state
M19C_S1_lab_hard_floor_B3_U050_R3,1246.890927173,9.275932192,stop,0.500000,-6.215307713,-3.476099491,-1.968243599,0.027282609,-0.054329902,-1.974208832,ros2_odometer_state
M19C_S1_lab_hard_floor_B3_U050_R3,1246.893376568,9.278381587,stop,0.500000,-6.215307713,-3.476099491,-1.968243599,0.026804551,-0.053889357,-1.975374341,ros2_odometer_state
M19C_S1_lab_hard_floor_B3_U050_R3,1246.893849512,9.278854531,stop,0.500000,-6.215307713,-3.476099491,-1.968243599,0.026804551,-0.053889357,-1.975374341,ros2_odometer_state
M19C_S1_lab_hard_floor_B3_U050_R3,1246.895145491,9.280150510,stop,0.500000,-6.217237473,-3.475261688,-1.976225376,0.026242679,-0.053594433,-1.976225376,ros2_odometer_state
M19C_S1_lab_hard_floor_B3_U050_R3,1246.897035475,9.282040494,stop,0.500000,-6.217237473,-3.475261688,-1.976225376,0.025639135,-0.053486865,-1.976796865,ros2_odometer_state
M19C_S1_lab_hard_floor_B3_U050_R3,1246.900724655,9.285729674,stop,0.500000,-6.217237473,-3.475261688,-1.976225376,0.024258958,-0.053246856,-1.977329254,ros2_odometer_state
M19C_S1_lab_hard_floor_B3_U050_R3,1246.901266017,9.286271036,stop,0.500000,-6.217237473,-3.475261688,-1.976225376,0.024258958,-0.053246856,-1.977329254,ros2_odometer_state
M19C_S1_lab_hard_floor_B3_U050_R3,1246.903603248,9.288608267,stop,0.500000,-6.217237473,-3.475261688,-1.976225376,0.023470011,-0.052749909,-1.977302551,ros2_odometer_state
M19C_S1_lab_hard_floor_B3_U050_R3,1246.905902141,9.290907160,stop,0.500000,-6.217237473,-3.475261688,-1.976225376,0.022078935,-0.051346950,-1.977565765,ros2_odometer_state
M19C_S1_lab_hard_floor_B3_U050_R3,1246.907127815,9.292132834,stop,0.500000,-6.217237473,-3.475261688,-1.976225376,0.022078935,-0.051346950,-1.977565765,ros2_odometer_state
M19C_S1_lab_hard_floor_B3_U050_R3,1246.909132586,9.294137605,stop,0.500000,-6.217237473,-3.475261688,-1.976225376,0.021491369,-0.050626349,-1.977800846,ros2_odometer_state
M19C_S1_lab_hard_floor_B3_U050_R3,1246.911117997,9.296123016,stop,0.500000,-6.217237473,-3.475261688,-1.976225376,0.020934032,-0.049897384,-1.977937102,ros2_odometer_state
M19C_S1_lab_hard_floor_B3_U050_R3,1246.913148722,9.298153741,stop,0.500000,-6.217237473,-3.475261688,-1.976225376,0.020392077,-0.049160089,-1.977905989,ros2_odometer_state
M19C_S1_lab_hard_floor_B3_U050_R3,1246.915138133,9.300143152,stop,0.500000,-6.219644070,-3.474225283,-1.977697730,0.019861385,-0.048484568,-1.977697730,ros2_odometer_state
M19C_S1_lab_hard_floor_B3_U050_R3,1246.917800750,9.302805769,stop,0.500000,-6.219644070,-3.474225283,-1.977697730,0.018971069,-0.047477514,-1.976936340,ros2_odometer_state
M19C_S1_lab_hard_floor_B3_U050_R3,1246.919747248,9.304752267,stop,0.500000,-6.219644070,-3.474225283,-1.977697730,0.018596584,-0.047103357,-1.976660252,ros2_odometer_state
M19C_S1_lab_hard_floor_B3_U050_R3,1246.921754547,9.306759566,stop,0.500000,-6.219644070,-3.474225283,-1.977697730,0.018209878,-0.046727326,-1.976589561,ros2_odometer_state
M19C_S1_lab_hard_floor_B3_U050_R3,1246.924336586,9.309341605,stop,0.500000,-6.219644070,-3.474225283,-1.977697730,0.017736541,-0.046336252,-1.976575375,ros2_odometer_state
M19C_S1_lab_hard_floor_B3_U050_R3,1246.925883134,9.310888153,stop,0.500000,-6.219644070,-3.474225283,-1.977697730,0.017151389,-0.045961536,-1.976439357,ros2_odometer_state
M19C_S1_lab_hard_floor_B3_U050_R3,1246.927848417,9.312853436,stop,0.500000,-6.219644070,-3.474225283,-1.977697730,0.016512226,-0.045624774,-1.976199865,ros2_odometer_state
M19C_S1_lab_hard_floor_B3_U050_R3,1246.929787170,9.314792189,stop,0.500000,-6.219644070,-3.474225283,-1.977697730,0.015841806,-0.045329019,-1.975948453,ros2_odometer_state
M19C_S1_lab_hard_floor_B3_U050_R3,1246.931768741,9.316773760,stop,0.500000,-6.219644070,-3.474225283,-1.977697730,0.015155372,-0.045068879,-1.975730181,ros2_odometer_state
M19C_S1_lab_hard_floor_B3_U050_R3,1246.934024017,9.319029036,stop,0.500000,-6.219644070,-3.474225283,-1.977697730,0.014519849,-0.044816770,-1.975626111,ros2_odometer_state
M19C_S1_lab_hard_floor_B3_U050_R3,1246.937134233,9.322139252,stop,0.500000,-6.222115517,-3.473155499,-1.975626111,0.014519849,-0.044816770,-1.975626111,ros2_odometer_state
M19C_S1_lab_hard_floor_B3_U050_R3,1246.938299009,9.323304028,stop,0.500000,-6.222115517,-3.473155499,-1.975626111,0.013950466,-0.044570290,-1.975637674,ros2_odometer_state
M19C_S1_lab_hard_floor_B3_U050_R3,1246.939517802,9.324522821,stop,0.500000,-6.222115517,-3.473155499,-1.975626111,0.013366053,-0.044356134,-1.975538611,ros2_odometer_state
M19C_S1_lab_hard_floor_B3_U050_R3,1246.941976316,9.326981335,stop,0.500000,-6.222115517,-3.473155499,-1.975626111,0.012062054,-0.044038881,-1.975014210,ros2_odometer_state
M19C_S1_lab_hard_floor_B3_U050_R3,1246.943770201,9.328775220,stop,0.500000,-6.222115517,-3.473155499,-1.975626111,0.012062054,-0.044038881,-1.975014210,ros2_odometer_state
M19C_S1_lab_hard_floor_B3_U050_R3,1246.945185449,9.330190468,stop,0.500000,-6.222115517,-3.473155499,-1.975626111,0.011343748,-0.043863125,-1.974815011,ros2_odometer_state
M19C_S1_lab_hard_floor_B3_U050_R3,1246.947209997,9.332215016,stop,0.500000,-6.222115517,-3.473155499,-1.975626111,0.010551114,-0.043644153,-1.974558949,ros2_odometer_state
M19C_S1_lab_hard_floor_B3_U050_R3,1246.949201008,9.334206027,stop,0.500000,-6.222115517,-3.473155499,-1.975626111,0.009700332,-0.043367751,-1.974160314,ros2_odometer_state
M19C_S1_lab_hard_floor_B3_U050_R3,1246.951834088,9.336839107,stop,0.500000,-6.222115517,-3.473155499,-1.975626111,0.007934630,-0.042972583,-1.973503590,ros2_odometer_state
M19C_S1_lab_hard_floor_B3_U050_R3,1246.954727722,9.339732741,stop,0.500000,-6.222115517,-3.473155499,-1.975626111,0.007073506,-0.043079786,-1.973613501,ros2_odometer_state
M19C_S1_lab_hard_floor_B3_U050_R3,1246.955225659,9.340230678,stop,0.500000,-6.222803593,-3.472855091,-1.973613501,0.007073506,-0.043079786,-1.973613501,ros2_odometer_state
M19C_S1_lab_hard_floor_B3_U050_R3,1246.958799539,9.343804558,stop,0.500000,-6.222803593,-3.472855091,-1.973613501,0.005259139,-0.043763239,-1.974095941,ros2_odometer_state
M19C_S1_lab_hard_floor_B3_U050_R3,1246.959297828,9.344302847,stop,0.500000,-6.222803593,-3.472855091,-1.973613501,0.005259139,-0.043763239,-1.974095941,ros2_odometer_state
M19C_S1_lab_hard_floor_B3_U050_R3,1246.961067999,9.346073018,stop,0.500000,-6.222803593,-3.472855091,-1.973613501,0.004332063,-0.044198826,-1.974494576,ros2_odometer_state
M19C_S1_lab_hard_floor_B3_U050_R3,1246.963701048,9.348706067,stop,0.500000,-6.222803593,-3.472855091,-1.973613501,0.003417996,-0.044637013,-1.974998474,ros2_odometer_state
M19C_S1_lab_hard_floor_B3_U050_R3,1246.965121160,9.350126179,stop,0.500000,-6.222803593,-3.472855091,-1.973613501,0.002484225,-0.045044824,-1.975577354,ros2_odometer_state
M19C_S1_lab_hard_floor_B3_U050_R3,1246.967855300,9.352860319,stop,0.500000,-6.222803593,-3.472855091,-1.973613501,0.000522656,-0.045728877,-1.976826549,ros2_odometer_state
M19C_S1_lab_hard_floor_B3_U050_R3,1246.969805702,9.354810721,stop,0.500000,-6.222803593,-3.472855091,-1.973613501,-0.000472608,-0.046021406,-1.977372646,ros2_odometer_state
M19C_S1_lab_hard_floor_B3_U050_R3,1246.972682151,9.357687170,stop,0.500000,-6.222803593,-3.472855091,-1.973613501,-0.001405353,-0.046377935,-1.978107333,ros2_odometer_state
M19C_S1_lab_hard_floor_B3_U050_R3,1246.973769771,9.358774790,stop,0.500000,-6.222803593,-3.472855091,-1.973613501,-0.001405353,-0.046377935,-1.978107333,ros2_odometer_state
M19C_S1_lab_hard_floor_B3_U050_R3,1246.975990422,9.360995441,stop,0.500000,-6.225639820,-3.474694967,-1.979675055,-0.002373007,-0.048292395,-1.982222676,ros2_odometer_state
M19C_S1_lab_hard_floor_B3_U050_R3,1246.977049562,9.362054581,stop,0.500000,-6.225639820,-3.474694967,-1.979675055,-0.002373007,-0.048292395,-1.982222676,ros2_odometer_state
M19C_S1_lab_hard_floor_B3_U050_R3,1246.979866617,9.364871636,stop,0.500000,-6.225639820,-3.474694967,-1.979675055,-0.002001558,-0.050941583,-1.986619234,ros2_odometer_state
M19C_S1_lab_hard_floor_B3_U050_R3,1246.981128067,9.366133086,stop,0.500000,-6.225639820,-3.474694967,-1.979675055,-0.002001558,-0.050941583,-1.986619234,ros2_odometer_state
M19C_S1_lab_hard_floor_B3_U050_R3,1246.983737435,9.368742454,stop,0.500000,-6.225639820,-3.474694967,-1.979675055,-0.001596460,-0.051999066,-1.988514185,ros2_odometer_state
M19C_S1_lab_hard_floor_B3_U050_R3,1246.985882755,9.370887774,stop,0.500000,-6.225639820,-3.474694967,-1.979675055,-0.000489039,-0.053845137,-1.992769837,ros2_odometer_state
M19C_S1_lab_hard_floor_B3_U050_R3,1246.987853766,9.372858785,stop,0.500000,-6.225639820,-3.474694967,-1.979675055,0.000252515,-0.054674286,-1.994867563,ros2_odometer_state
M19C_S1_lab_hard_floor_B3_U050_R3,1246.989847945,9.374852964,stop,0.500000,-6.225639820,-3.474694967,-1.979675055,0.001145469,-0.055443604,-1.996757150,ros2_odometer_state
M19C_S1_lab_hard_floor_B3_U050_R3,1246.991800299,9.376805318,stop,0.500000,-6.225639820,-3.474694967,-1.979675055,0.002125775,-0.056144342,-1.998503208,ros2_odometer_state
M19C_S1_lab_hard_floor_B3_U050_R3,1246.993912242,9.378917261,stop,0.500000,-6.225639820,-3.474694967,-1.979675055,0.003026913,-0.056856468,-2.000375986,ros2_odometer_state
M19C_S1_lab_hard_floor_B3_U050_R3,1246.995933974,9.380938993,stop,0.500000,-6.226169109,-3.478015184,-2.000375986,0.003740194,-0.057691216,-2.002398968,ros2_odometer_state
M19C_S1_lab_hard_floor_B3_U050_R3,1246.997839574,9.382844593,stop,0.500000,-6.226169109,-3.478015184,-2.000375986,0.004326862,-0.058624491,-2.004284382,ros2_odometer_state
M19C_S1_lab_hard_floor_B3_U050_R3,1247.000182149,9.385187168,stop,0.500000,-6.226169109,-3.478015184,-2.000375986,0.004847644,-0.059543282,-2.005859613,ros2_odometer_state
M19C_S1_lab_hard_floor_B3_U050_R3,1247.002429041,9.387434060,stop,0.500000,-6.226169109,-3.478015184,-2.000375986,0.004847644,-0.059543282,-2.005859613,ros2_odometer_state
M19C_S1_lab_hard_floor_B3_U050_R3,1247.004654779,9.389659798,stop,0.500000,-6.226169109,-3.478015184,-2.000375986,0.005310101,-0.060351662,-2.007203579,ros2_odometer_state
M19C_S1_lab_hard_floor_B3_U050_R3,1247.005930630,9.390935649,stop,0.500000,-6.226169109,-3.478015184,-2.000375986,0.005715815,-0.061041828,-2.008433580,ros2_odometer_state
M19C_S1_lab_hard_floor_B3_U050_R3,1247.007958603,9.392963622,stop,0.500000,-6.226169109,-3.478015184,-2.000375986,0.006133554,-0.062106259,-2.010841846,ros2_odometer_state
M19C_S1_lab_hard_floor_B3_U050_R3,1247.010006416,9.395011435,stop,0.500000,-6.226169109,-3.478015184,-2.000375986,0.006132502,-0.062358323,-2.011953592,ros2_odometer_state
M19C_S1_lab_hard_floor_B3_U050_R3,1247.011471265,9.396476284,stop,0.500000,-6.226169109,-3.478015184,-2.000375986,0.006132502,-0.062358323,-2.011953592,ros2_odometer_state
M19C_S1_lab_hard_floor_B3_U050_R3,1247.013221052,9.398226071,stop,0.500000,-6.226169109,-3.478015184,-2.000375986,0.006049844,-0.062394466,-2.012870312,ros2_odometer_state
M19C_S1_lab_hard_floor_B3_U050_R3,1247.016759699,9.401764718,stop,0.500000,-6.221544266,-3.482883215,-2.013552666,0.005600060,-0.062133960,-2.014026642,ros2_odometer_state
M19C_S1_lab_hard_floor_B3_U050_R3,1247.017266308,9.402271327,stop,0.500000,-6.221544266,-3.482883215,-2.013552666,0.005600060,-0.062133960,-2.014026642,ros2_odometer_state
M19C_S1_lab_hard_floor_B3_U050_R3,1247.019983360,9.404988379,stop,0.500000,-6.221544266,-3.482883215,-2.013552666,0.005317452,-0.062089048,-2.014373302,ros2_odometer_state
M19C_S1_lab_hard_floor_B3_U050_R3,1247.021107590,9.406112609,stop,0.500000,-6.221544266,-3.482883215,-2.013552666,0.005317452,-0.062089048,-2.014373302,ros2_odometer_state
M19C_S1_lab_hard_floor_B3_U050_R3,1247.023754815,9.408759834,stop,0.500000,-6.221544266,-3.482883215,-2.013552666,0.005229514,-0.062086854,-2.014080286,ros2_odometer_state
M19C_S1_lab_hard_floor_B3_U050_R3,1247.025203984,9.410209003,stop,0.500000,-6.221544266,-3.482883215,-2.013552666,0.005134915,-0.061895087,-2.013796568,ros2_odometer_state
M19C_S1_lab_hard_floor_B3_U050_R3,1247.028100113,9.413105132,stop,0.500000,-6.221544266,-3.482883215,-2.013552666,0.005166354,-0.061377790,-2.013034105,ros2_odometer_state
M19C_S1_lab_hard_floor_B3_U050_R3,1247.030027826,9.415032845,stop,0.500000,-6.221544266,-3.482883215,-2.013552666,0.005206492,-0.061294407,-2.012305498,ros2_odometer_state
M19C_S1_lab_hard_floor_B3_U050_R3,1247.031160760,9.416165779,stop,0.500000,-6.221544266,-3.482883215,-2.013552666,0.005206492,-0.061294407,-2.012305498,ros2_odometer_state
M19C_S1_lab_hard_floor_B3_U050_R3,1247.036408201,9.421413220,stop,0.500000,-6.221544266,-3.482883215,-2.013552666,0.005358162,-0.061187606,-2.010686159,ros2_odometer_state
M19C_S1_lab_hard_floor_B3_U050_R3,1247.037537391,9.422542410,stop,0.500000,-6.219987869,-3.483537912,-2.010686159,0.005354526,-0.061003711,-2.009707451,ros2_odometer_state
M19C_S1_lab_hard_floor_B3_U050_R3,1247.038404076,9.423409095,stop,0.500000,-6.219987869,-3.483537912,-2.010686159,0.005343604,-0.060721014,-2.008641243,ros2_odometer_state
M19C_S1_lab_hard_floor_B3_U050_R3,1247.039232840,9.424237859,stop,0.500000,-6.219987869,-3.483537912,-2.010686159,0.005343604,-0.060721014,-2.008641243,ros2_odometer_state
M19C_S1_lab_hard_floor_B3_U050_R3,1247.042077256,9.427082275,stop,0.500000,-6.219987869,-3.483537912,-2.010686159,0.005340059,-0.059873521,-2.006402969,ros2_odometer_state
M19C_S1_lab_hard_floor_B3_U050_R3,1247.044902919,9.429907938,stop,0.500000,-6.219987869,-3.483537912,-2.010686159,0.005340234,-0.059326921,-2.005268574,ros2_odometer_state
M19C_S1_lab_hard_floor_B3_U050_R3,1247.048875341,9.433880360,stop,0.500000,-6.219987869,-3.483537912,-2.010686159,0.005399672,-0.058702514,-2.004177809,ros2_odometer_state
M19C_S1_lab_hard_floor_B3_U050_R3,1247.050004915,9.435009934,stop,0.500000,-6.219987869,-3.483537912,-2.010686159,0.005549851,-0.058051281,-2.003169060,ros2_odometer_state
M19C_S1_lab_hard_floor_B3_U050_R3,1247.050855760,9.435860779,stop,0.500000,-6.219987869,-3.483537912,-2.010686159,0.005768977,-0.057404805,-2.002273083,ros2_odometer_state
M19C_S1_lab_hard_floor_B3_U050_R3,1247.051300767,9.436305786,stop,0.500000,-6.219987869,-3.483537912,-2.010686159,0.005768977,-0.057404805,-2.002273083,ros2_odometer_state
M19C_S1_lab_hard_floor_B3_U050_R3,1247.054322724,9.439327743,stop,0.500000,-6.219987869,-3.483537912,-2.010686159,0.006366446,-0.056159656,-2.000886440,ros2_odometer_state
M19C_S1_lab_hard_floor_B3_U050_R3,1247.055441674,9.440446693,stop,0.500000,-6.220612049,-3.483274221,-2.000886440,0.006366446,-0.056159656,-2.000886440,ros2_odometer_state
M19C_S1_lab_hard_floor_B3_U050_R3,1247.058025825,9.443030844,stop,0.500000,-6.220612049,-3.483274221,-2.000886440,0.007166386,-0.054927275,-1.999894977,ros2_odometer_state
M19C_S1_lab_hard_floor_B3_U050_R3,1247.059970947,9.444975966,stop,0.500000,-6.220612049,-3.483274221,-2.000886440,0.007622130,-0.054319575,-1.999452353,ros2_odometer_state
M19C_S1_lab_hard_floor_B3_U050_R3,1247.061188396,9.446193415,stop,0.500000,-6.220612049,-3.483274221,-2.000886440,0.007622130,-0.054319575,-1.999452353,ros2_odometer_state
M19C_S1_lab_hard_floor_B3_U050_R3,1247.064664513,9.449669532,stop,0.500000,-6.220612049,-3.483274221,-2.000886440,0.008618897,-0.053079270,-1.998917460,ros2_odometer_state
M19C_S1_lab_hard_floor_B3_U050_R3,1247.065278869,9.450283888,stop,0.500000,-6.220612049,-3.483274221,-2.000886440,0.008618897,-0.053079270,-1.998917460,ros2_odometer_state
M19C_S1_lab_hard_floor_B3_U050_R3,1247.067255032,9.452260051,stop,0.500000,-6.220612049,-3.483274221,-2.000886440,0.009171111,-0.052465901,-1.998906374,ros2_odometer_state
M19C_S1_lab_hard_floor_B3_U050_R3,1247.070495269,9.455500288,stop,0.500000,-6.220612049,-3.483274221,-2.000886440,0.010356686,-0.051257305,-1.999419928,ros2_odometer_state
M19C_S1_lab_hard_floor_B3_U050_R3,1247.072669614,9.457674633,stop,0.500000,-6.220612049,-3.483274221,-2.000886440,0.010980364,-0.050675903,-1.999939561,ros2_odometer_state
M19C_S1_lab_hard_floor_B3_U050_R3,1247.074457866,9.459462885,stop,0.500000,-6.220612049,-3.483274221,-2.000886440,0.011625892,-0.050103780,-2.000587940,ros2_odometer_state
M19C_S1_lab_hard_floor_B3_U050_R3,1247.076274888,9.461279907,stop,0.500000,-6.220612049,-3.483274221,-2.000587940,0.012273628,-0.049531914,-2.001302242,ros2_odometer_state
M19C_S1_lab_hard_floor_B3_U050_R3,1247.078216073,9.463221092,stop,0.500000,-6.220612049,-3.483274221,-2.000587940,0.012914852,-0.048971176,-2.002065897,ros2_odometer_state
M19C_S1_lab_hard_floor_B3_U050_R3,1247.079266508,9.464271527,stop,0.500000,-6.220612049,-3.483274221,-2.000587940,0.012914852,-0.048971176,-2.002065897,ros2_odometer_state
M19C_S1_lab_hard_floor_B3_U050_R3,1247.082134989,9.467140008,stop,0.500000,-6.220612049,-3.483274221,-2.000587940,0.014157662,-0.047964960,-2.003769398,ros2_odometer_state
M19C_S1_lab_hard_floor_B3_U050_R3,1247.084856073,9.469861092,stop,0.500000,-6.220612049,-3.483274221,-2.000587940,0.014781222,-0.047504339,-2.004746914,ros2_odometer_state
M19C_S1_lab_hard_floor_B3_U050_R3,1247.085445693,9.470450712,stop,0.500000,-6.220612049,-3.483274221,-2.000587940,0.014781222,-0.047504339,-2.004746914,ros2_odometer_state
M19C_S1_lab_hard_floor_B3_U050_R3,1247.088234266,9.473239285,stop,0.500000,-6.220612049,-3.483274221,-2.000587940,0.016168155,-0.046612259,-2.006842375,ros2_odometer_state
M19C_S1_lab_hard_floor_B3_U050_R3,1247.090225022,9.475230041,stop,0.500000,-6.220612049,-3.483274221,-2.000587940,0.016942997,-0.046175297,-2.007867336,ros2_odometer_state
M19C_S1_lab_hard_floor_B3_U050_R3,1247.092179839,9.477184858,stop,0.500000,-6.220612049,-3.483274221,-2.000587940,0.017755376,-0.045696259,-2.008921146,ros2_odometer_state
M19C_S1_lab_hard_floor_B3_U050_R3,1247.094060703,9.479065722,stop,0.500000,-6.220612049,-3.483274221,-2.000587940,0.018591506,-0.045170471,-2.009989262,ros2_odometer_state
M19C_S1_lab_hard_floor_B3_U050_R3,1247.096399117,9.481404136,stop,0.500000,-6.220612049,-3.483274221,-2.009989262,0.019460261,-0.044594556,-2.011017323,ros2_odometer_state
M19C_S1_lab_hard_floor_B3_U050_R3,1247.098196362,9.483201381,stop,0.500000,-6.220612049,-3.483274221,-2.009989262,0.020372188,-0.043928917,-2.012070656,ros2_odometer_state
M19C_S1_lab_hard_floor_B3_U050_R3,1247.100153164,9.485158183,stop,0.500000,-6.220612049,-3.483274221,-2.009989262,0.021341944,-0.043146987,-2.013222694,ros2_odometer_state
M19C_S1_lab_hard_floor_B3_U050_R3,1247.102389655,9.487394674,stop,0.500000,-6.220612049,-3.483274221,-2.009989262,0.022361450,-0.042256609,-2.014420509,ros2_odometer_state
M19C_S1_lab_hard_floor_B3_U050_R3,1247.104715910,9.489720929,stop,0.500000,-6.220612049,-3.483274221,-2.009989262,0.023387801,-0.041325863,-2.015578985,ros2_odometer_state
M19C_S1_lab_hard_floor_B3_U050_R3,1247.106420319,9.491425338,stop,0.500000,-6.220612049,-3.483274221,-2.009989262,0.024387371,-0.040405180,-2.016653061,ros2_odometer_state
M19C_S1_lab_hard_floor_B3_U050_R3,1247.108408738,9.493413757,stop,0.500000,-6.220612049,-3.483274221,-2.009989262,0.025355779,-0.039466105,-2.017637730,ros2_odometer_state
M19C_S1_lab_hard_floor_B3_U050_R3,1247.110192158,9.495197177,stop,0.500000,-6.220612049,-3.483274221,-2.009989262,0.026300110,-0.038513530,-2.018582106,ros2_odometer_state
M19C_S1_lab_hard_floor_B3_U050_R3,1247.112988604,9.497993623,stop,0.500000,-6.220612049,-3.483274221,-2.009989262,0.027183289,-0.037544787,-2.019576311,ros2_odometer_state
M19C_S1_lab_hard_floor_B3_U050_R3,1247.114736407,9.499741426,stop,0.500000,-6.220612049,-3.483274221,-2.009989262,0.027937267,-0.036557246,-2.020475864,ros2_odometer_state
M19C_S1_lab_hard_floor_B3_U050_R3,1247.116827581,9.501832600,stop,0.500000,-6.219972610,-3.483539104,-2.020475864,0.028493403,-0.035719723,-2.021037340,ros2_odometer_state
M19C_S1_lab_hard_floor_B3_U050_R3,1247.117516149,9.502521168,stop,0.500000,-6.219972610,-3.483539104,-2.020475864,0.028493403,-0.035719723,-2.021037340,ros2_odometer_state
M19C_S1_lab_hard_floor_B3_U050_R3,1247.120222448,9.505227467,stop,0.500000,-6.219972610,-3.483539104,-2.020475864,0.029054111,-0.034686126,-2.021277905,ros2_odometer_state
M19C_S1_lab_hard_floor_B3_U050_R3,1247.122208403,9.507213422,stop,0.500000,-6.219972610,-3.483539104,-2.020475864,0.029103357,-0.034360658,-2.021112919,ros2_odometer_state
M19C_S1_lab_hard_floor_B3_U050_R3,1247.124790890,9.509795909,stop,0.500000,-6.219972610,-3.483539104,-2.020475864,0.029034019,-0.034186814,-2.020586729,ros2_odometer_state
M19C_S1_lab_hard_floor_B3_U050_R3,1247.126260155,9.511265174,stop,0.500000,-6.219972610,-3.483539104,-2.020475864,0.028849721,-0.034129284,-2.019818783,ros2_odometer_state
M19C_S1_lab_hard_floor_B3_U050_R3,1247.128148123,9.513153142,stop,0.500000,-6.219972610,-3.483539104,-2.020475864,0.028532185,-0.034121182,-2.018951178,ros2_odometer_state
M19C_S1_lab_hard_floor_B3_U050_R3,1247.130277282,9.515282301,stop,0.500000,-6.219972610,-3.483539104,-2.020475864,0.028082270,-0.034079332,-2.017963171,ros2_odometer_state
M19C_S1_lab_hard_floor_B3_U050_R3,1247.132183363,9.517188382,stop,0.500000,-6.219972610,-3.483539104,-2.020475864,0.027539460,-0.034003295,-2.016825438,ros2_odometer_state
M19C_S1_lab_hard_floor_B3_U050_R3,1247.134225543,9.519230562,stop,0.500000,-6.219972610,-3.483539104,-2.020475864,0.026939360,-0.033895485,-2.015579700,ros2_odometer_state
M19C_S1_lab_hard_floor_B3_U050_R3,1247.136601495,9.521606514,stop,0.500000,-6.220727921,-3.483230352,-2.015579700,0.026282273,-0.033708002,-2.014293194,ros2_odometer_state
M19C_S1_lab_hard_floor_B3_U050_R3,1247.138752000,9.523757019,stop,0.500000,-6.220727921,-3.483230352,-2.015579700,0.025565183,-0.033429876,-2.013002634,ros2_odometer_state
M19C_S1_lab_hard_floor_B3_U050_R3,1247.139349588,9.524354607,stop,0.500000,-6.220727921,-3.483230352,-2.015579700,0.025565183,-0.033429876,-2.013002634,ros2_odometer_state
M19C_S1_lab_hard_floor_B3_U050_R3,1247.142170707,9.527175726,stop,0.500000,-6.220727921,-3.483230352,-2.015579700,0.024179209,-0.032937068,-2.010430813,ros2_odometer_state
M19C_S1_lab_hard_floor_B3_U050_R3,1247.144787755,9.529792774,stop,0.500000,-6.220727921,-3.483230352,-2.015579700,0.023608165,-0.032821450,-2.009145260,ros2_odometer_state
M19C_S1_lab_hard_floor_B3_U050_R3,1247.146193051,9.531198070,stop,0.500000,-6.220727921,-3.483230352,-2.015579700,0.023154503,-0.032786563,-2.007937908,ros2_odometer_state
M19C_S1_lab_hard_floor_B3_U050_R3,1247.148366980,9.533371999,stop,0.500000,-6.220727921,-3.483230352,-2.015579700,0.022834392,-0.032812539,-2.006842136,ros2_odometer_state
M19C_S1_lab_hard_floor_B3_U050_R3,1247.150614735,9.535619754,stop,0.500000,-6.220727921,-3.483230352,-2.015579700,0.022618631,-0.032852631,-2.005826473,ros2_odometer_state
M19C_S1_lab_hard_floor_B3_U050_R3,1247.152395979,9.537400998,stop,0.500000,-6.220727921,-3.483230352,-2.015579700,0.022512246,-0.032848503,-2.004842281,ros2_odometer_state
M19C_S1_lab_hard_floor_B3_U050_R3,1247.154223529,9.539228548,stop,0.500000,-6.220727921,-3.483230352,-2.015579700,0.022532474,-0.032789972,-2.003890753,ros2_odometer_state
M19C_S1_lab_hard_floor_B3_U050_R3,1247.156475925,9.541480944,stop,0.500000,-6.225391388,-3.481344700,-2.003890753,0.022653984,-0.032742154,-2.003019571,ros2_odometer_state
M19C_S1_lab_hard_floor_B3_U050_R3,1247.158184526,9.543189545,stop,0.500000,-6.225391388,-3.481344700,-2.003890753,0.022871258,-0.032731235,-2.002284288,ros2_odometer_state
M19C_S1_lab_hard_floor_B3_U050_R3,1247.160337175,9.545342194,stop,0.500000,-6.225391388,-3.481344700,-2.003890753,0.023180787,-0.032740679,-2.001665115,ros2_odometer_state
M19C_S1_lab_hard_floor_B3_U050_R3,1247.162369307,9.547374326,stop,0.500000,-6.225391388,-3.481344700,-2.003890753,0.023536023,-0.032759625,-2.001106977,ros2_odometer_state
M19C_S1_lab_hard_floor_B3_U050_R3,1247.164878608,9.549883627,stop,0.500000,-6.225391388,-3.481344700,-2.003890753,0.023889182,-0.032810308,-2.000567198,ros2_odometer_state
M19C_S1_lab_hard_floor_B3_U050_R3,1247.166231133,9.551236152,stop,0.500000,-6.225391388,-3.481344700,-2.003890753,0.024234463,-0.032917004,-2.000000954,ros2_odometer_state
M19C_S1_lab_hard_floor_B3_U050_R3,1247.168215872,9.553220891,stop,0.500000,-6.225391388,-3.481344700,-2.003890753,0.024551520,-0.033067469,-1.999418497,ros2_odometer_state
M19C_S1_lab_hard_floor_B3_U050_R3,1247.169409672,9.554414691,stop,0.500000,-6.225391388,-3.481344700,-2.003890753,0.024551520,-0.033067469,-1.999418497,ros2_odometer_state
M19C_S1_lab_hard_floor_B3_U050_R3,1247.172165413,9.557170432,stop,0.500000,-6.225391388,-3.481344700,-2.003890753,0.025009973,-0.033474468,-1.998400450,ros2_odometer_state
M19C_S1_lab_hard_floor_B3_U050_R3,1247.174341839,9.559346858,stop,0.500000,-6.225391388,-3.481344700,-2.003890753,0.025232252,-0.033671793,-1.998014212,ros2_odometer_state
M19C_S1_lab_hard_floor_B3_U050_R3,1247.176255631,9.561260650,stop,0.500000,-6.229805946,-3.484330893,-1.998014212,0.025519274,-0.033700693,-1.997697711,ros2_odometer_state
M19C_S1_lab_hard_floor_B3_U050_R3,1247.177531994,9.562537013,stop,0.500000,-6.229805946,-3.484330893,-1.998014212,0.025519274,-0.033700693,-1.997697711,ros2_odometer_state
M19C_S1_lab_hard_floor_B3_U050_R3,1247.181001135,9.566006154,stop,0.500000,-6.229805946,-3.484330893,-1.998014212,0.026153337,-0.033453438,-1.997268438,ros2_odometer_state
M19C_S1_lab_hard_floor_B3_U050_R3,1247.182575876,9.567580895,stop,0.500000,-6.229805946,-3.484330893,-1.998014212,0.026461458,-0.033385642,-1.997158885,ros2_odometer_state
M19C_S1_lab_hard_floor_B3_U050_R3,1247.185241566,9.570246585,stop,0.500000,-6.229805946,-3.484330893,-1.998014212,0.026818369,-0.033325568,-1.997105598,ros2_odometer_state
M19C_S1_lab_hard_floor_B3_U050_R3,1247.185742319,9.570747338,stop,0.500000,-6.229805946,-3.484330893,-1.998014212,0.026818369,-0.033325568,-1.997105598,ros2_odometer_state
M19C_S1_lab_hard_floor_B3_U050_R3,1247.188403240,9.573408259,stop,0.500000,-6.229805946,-3.484330893,-1.998014212,0.027631370,-0.033314794,-1.997075796,ros2_odometer_state
M19C_S1_lab_hard_floor_B3_U050_R3,1247.189756630,9.574761649,stop,0.500000,-6.229805946,-3.484330893,-1.998014212,0.027631370,-0.033314794,-1.997075796,ros2_odometer_state
M19C_S1_lab_hard_floor_B3_U050_R3,1247.192287787,9.577292806,stop,0.500000,-6.229805946,-3.484330893,-1.998014212,0.028487504,-0.033605240,-1.997095823,ros2_odometer_state
M19C_S1_lab_hard_floor_B3_U050_R3,1247.194349584,9.579354603,stop,0.500000,-6.229805946,-3.484330893,-1.998014212,0.028907005,-0.033801317,-1.997133136,ros2_odometer_state
M19C_S1_lab_hard_floor_B3_U050_R3,1247.196615197,9.581620216,stop,0.500000,-6.232619762,-3.487258434,-1.997133136,0.029309211,-0.033963297,-1.997153997,ros2_odometer_state
M19C_S1_lab_hard_floor_B3_U050_R3,1247.198546942,9.583551961,stop,0.500000,-6.232619762,-3.487258434,-1.997133136,0.029682200,-0.034061328,-1.997093558,ros2_odometer_state
M19C_S1_lab_hard_floor_B3_U050_R3,1247.200323098,9.585328117,stop,0.500000,-6.232619762,-3.487258434,-1.997133136,0.030022180,-0.034090981,-1.996889710,ros2_odometer_state
M19C_S1_lab_hard_floor_B3_U050_R3,1247.202413600,9.587418619,stop,0.500000,-6.232619762,-3.487258434,-1.997133136,0.030331114,-0.034093842,-1.996585608,ros2_odometer_state
M19C_S1_lab_hard_floor_B3_U050_R3,1247.205017752,9.590022771,stop,0.500000,-6.232619762,-3.487258434,-1.997133136,0.030631602,-0.034124736,-1.996291041,ros2_odometer_state
M19C_S1_lab_hard_floor_B3_U050_R3,1247.205695343,9.590700362,stop,0.500000,-6.232619762,-3.487258434,-1.997133136,0.030631602,-0.034124736,-1.996291041,ros2_odometer_state
M19C_S1_lab_hard_floor_B3_U050_R3,1247.208364808,9.593369827,stop,0.500000,-6.232619762,-3.487258434,-1.997133136,0.031251114,-0.034319323,-1.995875478,ros2_odometer_state
M19C_S1_lab_hard_floor_B3_U050_R3,1247.210281001,9.595286020,stop,0.500000,-6.232619762,-3.487258434,-1.997133136,0.031525020,-0.034430981,-1.995723605,ros2_odometer_state
M19C_S1_lab_hard_floor_B3_U050_R3,1247.212506132,9.597511151,stop,0.500000,-6.232619762,-3.487258434,-1.997133136,0.031754818,-0.034508988,-1.995595813,ros2_odometer_state
M19C_S1_lab_hard_floor_B3_U050_R3,1247.214669309,9.599674328,stop,0.500000,-6.232619762,-3.487258434,-1.997133136,0.032147113,-0.034587283,-1.995330691,ros2_odometer_state
M19C_S1_lab_hard_floor_B3_U050_R3,1247.216905032,9.601910051,stop,0.500000,-6.234317780,-3.491527557,-1.995330691,0.032321911,-0.034617167,-1.995128989,ros2_odometer_state
M19C_S1_lab_hard_floor_B3_U050_R3,1247.218864650,9.603869669,stop,0.500000,-6.234317780,-3.491527557,-1.995330691,0.032498915,-0.034650043,-1.994886041,ros2_odometer_state
M19C_S1_lab_hard_floor_B3_U050_R3,1247.219662373,9.604667392,stop,0.500000,-6.234317780,-3.491527557,-1.995330691,0.032498915,-0.034650043,-1.994886041,ros2_odometer_state
M19C_S1_lab_hard_floor_B3_U050_R3,1247.222409122,9.607414141,stop,0.500000,-6.234317780,-3.491527557,-1.995330691,0.032858562,-0.034706961,-1.994378090,ros2_odometer_state
M19C_S1_lab_hard_floor_B3_U050_R3,1247.224991384,9.609996403,stop,0.500000,-6.234317780,-3.491527557,-1.995330691,0.033044752,-0.034725092,-1.994127274,ros2_odometer_state
M19C_S1_lab_hard_floor_B3_U050_R3,1247.226518572,9.611523591,stop,0.500000,-6.234317780,-3.491527557,-1.995330691,0.033244293,-0.034720231,-1.993901372,ros2_odometer_state
M19C_S1_lab_hard_floor_B3_U050_R3,1247.228472398,9.613477417,stop,0.500000,-6.234317780,-3.491527557,-1.995330691,0.033476010,-0.034678303,-1.993708253,ros2_odometer_state
M19C_S1_lab_hard_floor_B3_U050_R3,1247.230408239,9.615413258,stop,0.500000,-6.234317780,-3.491527557,-1.995330691,0.033731468,-0.034609787,-1.993530750,ros2_odometer_state
M19C_S1_lab_hard_floor_B3_U050_R3,1247.231609847,9.616614866,stop,0.500000,-6.234317780,-3.491527557,-1.995330691,0.033731468,-0.034609787,-1.993530750,ros2_odometer_state
M19C_S1_lab_hard_floor_B3_U050_R3,1247.234627357,9.619632376,stop,0.500000,-6.234317780,-3.491527557,-1.995330691,0.034273926,-0.034432441,-1.993218660,ros2_odometer_state
M19C_S1_lab_hard_floor_B3_U050_R3,1247.235818021,9.620823040,stop,0.500000,-6.236105919,-3.493642807,-1.993218660,0.034273926,-0.034432441,-1.993218660,ros2_odometer_state
M19C_S1_lab_hard_floor_B3_U050_R3,1247.237761063,9.622766082,stop,0.500000,-6.236105919,-3.493642807,-1.993218660,0.034564573,-0.034332540,-1.993061781,ros2_odometer_state
M19C_S1_lab_hard_floor_B3_U050_R3,1247.239576900,9.624581919,stop,0.500000,-6.236105919,-3.493642807,-1.993218660,0.034862675,-0.034234546,-1.992919803,ros2_odometer_state
M19C_S1_lab_hard_floor_B3_U050_R3,1247.241567335,9.626572354,stop,0.500000,-6.236105919,-3.493642807,-1.993218660,0.035157979,-0.034144014,-1.992809296,ros2_odometer_state
M19C_S1_lab_hard_floor_B3_U050_R3,1247.245088381,9.630093400,stop,0.500000,-6.236105919,-3.493642807,-1.993218660,0.035803493,-0.033992980,-1.992700338,ros2_odometer_state
M19C_S1_lab_hard_floor_B3_U050_R3,1247.245786901,9.630791920,stop,0.500000,-6.236105919,-3.493642807,-1.993218660,0.035803493,-0.033992980,-1.992700338,ros2_odometer_state
M19C_S1_lab_hard_floor_B3_U050_R3,1247.249720601,9.634725620,stop,0.500000,-6.236105919,-3.493642807,-1.993218660,0.036446311,-0.033907704,-1.992756605,ros2_odometer_state
M19C_S1_lab_hard_floor_B3_U050_R3,1247.250623992,9.635629011,stop,0.500000,-6.236105919,-3.493642807,-1.993218660,0.036446311,-0.033907704,-1.992756605,ros2_odometer_state
M19C_S1_lab_hard_floor_B3_U050_R3,1247.251827104,9.636832123,stop,0.500000,-6.236105919,-3.493642807,-1.993218660,0.036725003,-0.033889305,-1.992837071,ros2_odometer_state
M19C_S1_lab_hard_floor_B3_U050_R3,1247.253854853,9.638859872,stop,0.500000,-6.236105919,-3.493642807,-1.993218660,0.036977459,-0.033872429,-1.992944241,ros2_odometer_state
M19C_S1_lab_hard_floor_B3_U050_R3,1247.255844360,9.640849379,stop,0.500000,-6.239319801,-3.496847153,-1.993078709,0.037201144,-0.033845793,-1.993078709,ros2_odometer_state
M19C_S1_lab_hard_floor_B3_U050_R3,1247.258453567,9.643458586,stop,0.500000,-6.239319801,-3.496847153,-1.993078709,0.037563518,-0.033768959,-1.993401766,ros2_odometer_state
M19C_S1_lab_hard_floor_B3_U050_R3,1247.260370432,9.645375451,stop,0.500000,-6.239319801,-3.496847153,-1.993078709,0.037702437,-0.033704739,-1.993592978,ros2_odometer_state
M19C_S1_lab_hard_floor_B3_U050_R3,1247.262316706,9.647321725,stop,0.500000,-6.239319801,-3.496847153,-1.993078709,0.037805501,-0.033609368,-1.993809223,ros2_odometer_state
M19C_S1_lab_hard_floor_B3_U050_R3,1247.264747443,9.649752462,stop,0.500000,-6.239319801,-3.496847153,-1.993078709,0.037805501,-0.033609368,-1.993809223,ros2_odometer_state
M19C_S1_lab_hard_floor_B3_U050_R3,1247.265704596,9.650709615,stop,0.500000,-6.239319801,-3.496847153,-1.993078709,0.037893321,-0.033485591,-1.994039774,ros2_odometer_state
M19C_S1_lab_hard_floor_B3_U050_R3,1247.268517618,9.653522637,stop,0.500000,-6.239319801,-3.496847153,-1.993078709,0.038040880,-0.033186380,-1.994539738,ros2_odometer_state
M19C_S1_lab_hard_floor_B3_U050_R3,1247.270527574,9.655532593,stop,0.500000,-6.239319801,-3.496847153,-1.993078709,0.038105451,-0.033023592,-1.994799256,ros2_odometer_state
M19C_S1_lab_hard_floor_B3_U050_R3,1247.273140590,9.658145609,stop,0.500000,-6.239319801,-3.496847153,-1.993078709,0.038161222,-0.032839917,-1.995077014,ros2_odometer_state
M19C_S1_lab_hard_floor_B3_U050_R3,1247.274113487,9.659118506,stop,0.500000,-6.239319801,-3.496847153,-1.993078709,0.038161222,-0.032839917,-1.995077014,ros2_odometer_state
M19C_S1_lab_hard_floor_B3_U050_R3,1247.275822184,9.660827203,stop,0.500000,-6.240782738,-3.496251583,-1.995386600,0.038202923,-0.032633785,-1.995386600,ros2_odometer_state
M19C_S1_lab_hard_floor_B3_U050_R3,1247.278586470,9.663591489,stop,0.500000,-6.240782738,-3.496251583,-1.995386600,0.038280312,-0.032147445,-1.996017098,ros2_odometer_state
M19C_S1_lab_hard_floor_B3_U050_R3,1247.280827281,9.665832300,stop,0.500000,-6.240782738,-3.496251583,-1.995386600,0.038310021,-0.031879902,-1.996303678,ros2_odometer_state
M19C_S1_lab_hard_floor_B3_U050_R3,1247.281882517,9.666887536,stop,0.500000,-6.240782738,-3.496251583,-1.995386600,0.038310021,-0.031879902,-1.996303678,ros2_odometer_state
M19C_S1_lab_hard_floor_B3_U050_R3,1247.286585203,9.671590222,stop,0.500000,-6.240782738,-3.496251583,-1.995386600,0.038299866,-0.031300597,-1.996824503,ros2_odometer_state
M19C_S1_lab_hard_floor_B3_U050_R3,1247.288210698,9.673215717,stop,0.500000,-6.240782738,-3.496251583,-1.995386600,0.038278081,-0.030994918,-1.997056127,ros2_odometer_state
M19C_S1_lab_hard_floor_B3_U050_R3,1247.289704956,9.674709975,stop,0.500000,-6.240782738,-3.496251583,-1.995386600,0.038239725,-0.030680979,-1.997278094,ros2_odometer_state
M19C_S1_lab_hard_floor_B3_U050_R3,1247.292452153,9.677457172,stop,0.500000,-6.240782738,-3.496251583,-1.995386600,0.038192246,-0.030364281,-1.997487783,ros2_odometer_state
M19C_S1_lab_hard_floor_B3_U050_R3,1247.293856648,9.678861667,stop,0.500000,-6.240782738,-3.496251583,-1.995386600,0.038145758,-0.030047975,-1.997683287,ros2_odometer_state
M19C_S1_lab_hard_floor_B3_U050_R3,1247.294340728,9.679345747,stop,0.500000,-6.240782738,-3.496251583,-1.995386600,0.038145758,-0.030047975,-1.997683287,ros2_odometer_state
M19C_S1_lab_hard_floor_B3_U050_R3,1247.295871020,9.680876039,stop,0.500000,-6.243207455,-3.498622894,-1.997855663,0.038099676,-0.029736362,-1.997855663,ros2_odometer_state
M19C_S1_lab_hard_floor_B3_U050_R3,1247.300097178,9.685102197,stop,0.500000,-6.243207455,-3.498622894,-1.997855663,0.038021311,-0.029169463,-1.998096585,ros2_odometer_state
M19C_S1_lab_hard_floor_B3_U050_R3,1247.301133181,9.686138200,stop,0.500000,-6.243207455,-3.498622894,-1.997855663,0.037998680,-0.028901065,-1.998168826,ros2_odometer_state
M19C_S1_lab_hard_floor_B3_U050_R3,1247.303367784,9.688372803,stop,0.500000,-6.243207455,-3.498622894,-1.997855663,0.037987977,-0.028629960,-1.998215914,ros2_odometer_state
M19C_S1_lab_hard_floor_B3_U050_R3,1247.304474958,9.689479977,stop,0.500000,-6.243207455,-3.498622894,-1.997855663,0.037987977,-0.028629960,-1.998215914,ros2_odometer_state
M19C_S1_lab_hard_floor_B3_U050_R3,1247.308038470,9.693043489,stop,0.500000,-6.243207455,-3.498622894,-1.997855663,0.037989542,-0.028052518,-1.998226166,ros2_odometer_state
M19C_S1_lab_hard_floor_B3_U050_R3,1247.308755006,9.693760025,stop,0.500000,-6.243207455,-3.498622894,-1.997855663,0.037989542,-0.028052518,-1.998226166,ros2_odometer_state
M19C_S1_lab_hard_floor_B3_U050_R3,1247.314195253,9.699200272,stop,0.500000,-6.243207455,-3.498622894,-1.997855663,0.038028762,-0.027418669,-1.998137355,ros2_odometer_state
M19C_S1_lab_hard_floor_B3_U050_R3,1247.315256345,9.700261364,stop,0.500000,-6.243207455,-3.498622894,-1.997855663,0.038048927,-0.027089190,-1.998047709,ros2_odometer_state
M19C_S1_lab_hard_floor_B3_U050_R3,1247.316520259,9.701525278,stop,0.500000,-6.243207455,-3.498622894,-1.997855663,0.038068417,-0.026756074,-1.997936368,ros2_odometer_state
M19C_S1_lab_hard_floor_B3_U050_R3,1247.317524293,9.702529312,stop,0.500000,-6.244725704,-3.497997284,-1.997936368,0.038083486,-0.026429784,-1.997816086,ros2_odometer_state
M19C_S1_lab_hard_floor_B3_U050_R3,1247.317986357,9.702991376,stop,0.500000,-6.244725704,-3.497997284,-1.997936368,0.038083486,-0.026429784,-1.997816086,ros2_odometer_state
M19C_S1_lab_hard_floor_B3_U050_R3,1247.320635950,9.705640969,stop,0.500000,-6.244725704,-3.497997284,-1.997936368,0.038121924,-0.025812009,-1.997535229,ros2_odometer_state
M19C_S1_lab_hard_floor_B3_U050_R3,1247.322651602,9.707656621,stop,0.500000,-6.244725704,-3.497997284,-1.997936368,0.038141578,-0.025515035,-1.997394443,ros2_odometer_state
M19C_S1_lab_hard_floor_B3_U050_R3,1247.325165382,9.710170401,stop,0.500000,-6.244725704,-3.497997284,-1.997936368,0.038155135,-0.025228977,-1.997262478,ros2_odometer_state
M19C_S1_lab_hard_floor_B3_U050_R3,1247.326718843,9.711723862,stop,0.500000,-6.244725704,-3.497997284,-1.997936368,0.038174573,-0.024946392,-1.997135162,ros2_odometer_state
M19C_S1_lab_hard_floor_B3_U050_R3,1247.327909955,9.712914974,stop,0.500000,-6.244725704,-3.497997284,-1.997936368,0.038174573,-0.024946392,-1.997135162,ros2_odometer_state
M19C_S1_lab_hard_floor_B3_U050_R3,1247.329808899,9.714813918,stop,0.500000,-6.244725704,-3.497997284,-1.997936368,0.038190588,-0.024675252,-1.997002006,ros2_odometer_state
M19C_S1_lab_hard_floor_B3_U050_R3,1247.331818950,9.716823969,stop,0.500000,-6.244725704,-3.497997284,-1.997936368,0.038193218,-0.024403306,-1.996851802,ros2_odometer_state
M19C_S1_lab_hard_floor_B3_U050_R3,1247.334577955,9.719582974,stop,0.500000,-6.244725704,-3.497997284,-1.997936368,0.038176559,-0.023826940,-1.996521711,ros2_odometer_state
M19C_S1_lab_hard_floor_B3_U050_R3,1247.336505956,9.721510975,stop,0.500000,-6.246799946,-3.499643803,-1.996521711,0.038158376,-0.023524625,-1.996366858,ros2_odometer_state
M19C_S1_lab_hard_floor_B3_U050_R3,1247.338419717,9.723424736,stop,0.500000,-6.246799946,-3.499643803,-1.996521711,0.038140539,-0.023214692,-1.996221185,ros2_odometer_state
M19C_S1_lab_hard_floor_B3_U050_R3,1247.340844086,9.725849105,stop,0.500000,-6.246799946,-3.499643803,-1.996521711,0.038115405,-0.022896346,-1.996083975,ros2_odometer_state
M19C_S1_lab_hard_floor_B3_U050_R3,1247.342701269,9.727706288,stop,0.500000,-6.246799946,-3.499643803,-1.996521711,0.038085252,-0.022582475,-1.995951653,ros2_odometer_state
M19C_S1_lab_hard_floor_B3_U050_R3,1247.345343022,9.730348041,stop,0.500000,-6.246799946,-3.499643803,-1.996521711,0.038046483,-0.022266658,-1.995821714,ros2_odometer_state
M19C_S1_lab_hard_floor_B3_U050_R3,1247.346019557,9.731024576,stop,0.500000,-6.246799946,-3.499643803,-1.996521711,0.038046483,-0.022266658,-1.995821714,ros2_odometer_state
M19C_S1_lab_hard_floor_B3_U050_R3,1247.348974824,9.733979843,stop,0.500000,-6.246799946,-3.499643803,-1.996521711,0.037952416,-0.021622114,-1.995566607,ros2_odometer_state
M19C_S1_lab_hard_floor_B3_U050_R3,1247.350822278,9.735827297,stop,0.500000,-6.246799946,-3.499643803,-1.996521711,0.037896138,-0.021303726,-1.995452166,ros2_odometer_state
M19C_S1_lab_hard_floor_B3_U050_R3,1247.352807049,9.737812068,stop,0.500000,-6.246799946,-3.499643803,-1.996521711,0.037841994,-0.021002766,-1.995361090,ros2_odometer_state
M19C_S1_lab_hard_floor_B3_U050_R3,1247.353810667,9.738815686,stop,0.500000,-6.246799946,-3.499643803,-1.996521711,0.037841994,-0.021002766,-1.995361090,ros2_odometer_state
M19C_S1_lab_hard_floor_B3_U050_R3,1247.356708845,9.741713864,stop,0.500000,-6.250345707,-3.501636505,-1.995275021,0.037718117,-0.020445699,-1.995189309,ros2_odometer_state
M19C_S1_lab_hard_floor_B3_U050_R3,1247.358545643,9.743550662,stop,0.500000,-6.250345707,-3.501636505,-1.995275021,0.037658881,-0.020188695,-1.995113015,ros2_odometer_state
M19C_S1_lab_hard_floor_B3_U050_R3,1247.360546574,9.745551593,stop,0.500000,-6.250345707,-3.501636505,-1.995275021,0.037601471,-0.019957390,-1.995060205,ros2_odometer_state
M19C_S1_lab_hard_floor_B3_U050_R3,1247.362478415,9.747483434,stop,0.500000,-6.250345707,-3.501636505,-1.995275021,0.037560977,-0.019776257,-1.995044708,ros2_odometer_state
M19C_S1_lab_hard_floor_B3_U050_R3,1247.365169962,9.750174981,stop,0.500000,-6.250345707,-3.501636505,-1.995275021,0.037530035,-0.019657994,-1.995067358,ros2_odometer_state
M19C_S1_lab_hard_floor_B3_U050_R3,1247.366538232,9.751543251,stop,0.500000,-6.250345707,-3.501636505,-1.995275021,0.037498720,-0.019600814,-1.995112181,ros2_odometer_state
M19C_S1_lab_hard_floor_B3_U050_R3,1247.368563900,9.753568919,stop,0.500000,-6.250345707,-3.501636505,-1.995275021,0.037470099,-0.019590585,-1.995166659,ros2_odometer_state
M19C_S1_lab_hard_floor_B3_U050_R3,1247.370535902,9.755540921,stop,0.500000,-6.250345707,-3.501636505,-1.995275021,0.037440605,-0.019613516,-1.995221496,ros2_odometer_state
M19C_S1_lab_hard_floor_B3_U050_R3,1247.372550338,9.757555357,stop,0.500000,-6.250345707,-3.501636505,-1.995275021,0.037426498,-0.019645436,-1.995275617,ros2_odometer_state
M19C_S1_lab_hard_floor_B3_U050_R3,1247.374648649,9.759653668,stop,0.500000,-6.250345707,-3.501636505,-1.995275021,0.037412144,-0.019713882,-1.995303750,ros2_odometer_state
M19C_S1_lab_hard_floor_B3_U050_R3,1247.376718447,9.761723466,stop,0.500000,-6.252866745,-3.502806902,-1.995303750,0.037384365,-0.019828295,-1.995303512,ros2_odometer_state
M19C_S1_lab_hard_floor_B3_U050_R3,1247.378649872,9.763654891,stop,0.500000,-6.252866745,-3.502806902,-1.995303750,0.037349477,-0.019965336,-1.995279551,ros2_odometer_state
M19C_S1_lab_hard_floor_B3_U050_R3,1247.381137540,9.766142559,stop,0.500000,-6.252866745,-3.502806902,-1.995303750,0.037326336,-0.020098450,-1.995246768,ros2_odometer_state
M19C_S1_lab_hard_floor_B3_U050_R3,1247.382767546,9.767772565,stop,0.500000,-6.252866745,-3.502806902,-1.995303750,0.037315063,-0.020231139,-1.995217443,ros2_odometer_state
M19C_S1_lab_hard_floor_B3_U050_R3,1247.385234478,9.770239497,stop,0.500000,-6.252866745,-3.502806902,-1.995303750,0.037300006,-0.020371107,-1.995201945,ros2_odometer_state
M19C_S1_lab_hard_floor_B3_U050_R3,1247.386074378,9.771079397,stop,0.500000,-6.252866745,-3.502806902,-1.995303750,0.037300006,-0.020371107,-1.995201945,ros2_odometer_state
M19C_S1_lab_hard_floor_B3_U050_R3,1247.388639200,9.773644219,stop,0.500000,-6.252866745,-3.502806902,-1.995303750,0.037226316,-0.020650741,-1.995185614,ros2_odometer_state
M19C_S1_lab_hard_floor_B3_U050_R3,1247.390566305,9.775571324,stop,0.500000,-6.252866745,-3.502806902,-1.995303750,0.037174862,-0.020795144,-1.995154142,ros2_odometer_state
M19C_S1_lab_hard_floor_B3_U050_R3,1247.392565860,9.777570879,stop,0.500000,-6.252866745,-3.502806902,-1.995303750,0.037122753,-0.020947250,-1.995106101,ros2_odometer_state
M19C_S1_lab_hard_floor_B3_U050_R3,1247.394663947,9.779668966,stop,0.500000,-6.252866745,-3.502806902,-1.995303750,0.037074022,-0.021098789,-1.995041370,ros2_odometer_state
M19C_S1_lab_hard_floor_B3_U050_R3,1247.396712304,9.781717323,stop,0.500000,-6.254109383,-3.505909204,-1.995041370,0.037023548,-0.021245718,-1.994958520,ros2_odometer_state
M19C_S1_lab_hard_floor_B3_U050_R3,1247.398547790,9.783552809,stop,0.500000,-6.254109383,-3.505909204,-1.995041370,0.036970526,-0.021390529,-1.994868636,ros2_odometer_state
M19C_S1_lab_hard_floor_B3_U050_R3,1247.400627988,9.785633007,stop,0.500000,-6.254109383,-3.505909204,-1.995041370,0.036922965,-0.021529948,-1.994779944,ros2_odometer_state
M19C_S1_lab_hard_floor_B3_U050_R3,1247.402575254,9.787580273,stop,0.500000,-6.254109383,-3.505909204,-1.995041370,0.036885716,-0.021664737,-1.994689941,ros2_odometer_state
M19C_S1_lab_hard_floor_B3_U050_R3,1247.405207246,9.790212265,stop,0.500000,-6.254109383,-3.505909204,-1.995041370,0.036848854,-0.021802060,-1.994598985,ros2_odometer_state
M19C_S1_lab_hard_floor_B3_U050_R3,1247.406701761,9.791706780,stop,0.500000,-6.254109383,-3.505909204,-1.995041370,0.036814194,-0.021937959,-1.994495988,ros2_odometer_state
M19C_S1_lab_hard_floor_B3_U050_R3,1247.408682979,9.793687998,stop,0.500000,-6.254109383,-3.505909204,-1.995041370,0.036782399,-0.022073396,-1.994379401,ros2_odometer_state
M19C_S1_lab_hard_floor_B3_U050_R3,1247.409887756,9.794892775,stop,0.500000,-6.254109383,-3.505909204,-1.995041370,0.036782399,-0.022073396,-1.994379401,ros2_odometer_state
M19C_S1_lab_hard_floor_B3_U050_R3,1247.412925042,9.797930061,stop,0.500000,-6.254109383,-3.505909204,-1.995041370,0.036727875,-0.022373840,-1.994165778,ros2_odometer_state
M19C_S1_lab_hard_floor_B3_U050_R3,1247.414710094,9.799715113,stop,0.500000,-6.254109383,-3.505909204,-1.995041370,0.036705632,-0.022530630,-1.994076014,ros2_odometer_state
M19C_S1_lab_hard_floor_B3_U050_R3,1247.417193218,9.802198237,stop,0.500000,-6.255231380,-3.508706093,-1.994076014,0.036685254,-0.022689626,-1.993992209,ros2_odometer_state
M19C_S1_lab_hard_floor_B3_U050_R3,1247.418049535,9.803054554,stop,0.500000,-6.255231380,-3.508706093,-1.994076014,0.036685254,-0.022689626,-1.993992209,ros2_odometer_state
M19C_S1_lab_hard_floor_B3_U050_R3,1247.420061858,9.805066877,stop,0.500000,-6.255231380,-3.508706093,-1.994076014,0.036664434,-0.022843707,-1.993910551,ros2_odometer_state
M19C_S1_lab_hard_floor_B3_U050_R3,1247.422675035,9.807680054,stop,0.500000,-6.255231380,-3.508706093,-1.994076014,0.036612775,-0.023132114,-1.993754268,ros2_odometer_state
M19C_S1_lab_hard_floor_B3_U050_R3,1247.424529209,9.809534228,stop,0.500000,-6.255231380,-3.508706093,-1.994076014,0.036612775,-0.023132114,-1.993754268,ros2_odometer_state
M19C_S1_lab_hard_floor_B3_U050_R3,1247.426919401,9.811924420,stop,0.500000,-6.255231380,-3.508706093,-1.994076014,0.036587279,-0.023393264,-1.993647933,ros2_odometer_state
M19C_S1_lab_hard_floor_B3_U050_R3,1247.428052240,9.813057259,stop,0.500000,-6.255231380,-3.508706093,-1.994076014,0.036587279,-0.023393264,-1.993647933,ros2_odometer_state
M19C_S1_lab_hard_floor_B3_U050_R3,1247.430878895,9.815883914,stop,0.500000,-6.255231380,-3.508706093,-1.994076014,0.036574326,-0.023656648,-1.993592620,ros2_odometer_state
M19C_S1_lab_hard_floor_B3_U050_R3,1247.432857233,9.817862252,stop,0.500000,-6.255231380,-3.508706093,-1.994076014,0.036557142,-0.023771441,-1.993579388,ros2_odometer_state
M19C_S1_lab_hard_floor_B3_U050_R3,1247.434080763,9.819085782,stop,0.500000,-6.255231380,-3.508706093,-1.994076014,0.036557142,-0.023771441,-1.993579388,ros2_odometer_state
M19C_S1_lab_hard_floor_B3_U050_R3,1247.436978108,9.821983127,stop,0.500000,-6.256412983,-3.511641741,-1.993563652,0.036516558,-0.023970703,-1.993557215,ros2_odometer_state
M19C_S1_lab_hard_floor_B3_U050_R3,1247.438019263,9.823024282,stop,0.500000,-6.256412983,-3.511641741,-1.993563652,0.036516558,-0.023970703,-1.993557215,ros2_odometer_state
M19C_S1_lab_hard_floor_B3_U050_R3,1247.440869855,9.825874874,stop,0.500000,-6.256412983,-3.511641741,-1.993563652,0.036452841,-0.024135031,-1.993585110,ros2_odometer_state
M19C_S1_lab_hard_floor_B3_U050_R3,1247.442787328,9.827792347,stop,0.500000,-6.256412983,-3.511641741,-1.993563652,0.036415093,-0.024210334,-1.993596673,ros2_odometer_state
M19C_S1_lab_hard_floor_B3_U050_R3,1247.445305749,9.830310768,stop,0.500000,-6.256412983,-3.511641741,-1.993563652,0.036369786,-0.024294499,-1.993603349,ros2_odometer_state
M19C_S1_lab_hard_floor_B3_U050_R3,1247.446795623,9.831800642,stop,0.500000,-6.256412983,-3.511641741,-1.993563652,0.036322642,-0.024391070,-1.993609428,ros2_odometer_state
M19C_S1_lab_hard_floor_B3_U050_R3,1247.449014738,9.834019757,stop,0.500000,-6.256412983,-3.511641741,-1.993563652,0.036266405,-0.024500955,-1.993608832,ros2_odometer_state
M19C_S1_lab_hard_floor_B3_U050_R3,1247.450730027,9.835735046,stop,0.500000,-6.256412983,-3.511641741,-1.993563652,0.036208015,-0.024613043,-1.993598819,ros2_odometer_state
M19C_S1_lab_hard_floor_B3_U050_R3,1247.452808209,9.837813228,stop,0.500000,-6.256412983,-3.511641741,-1.993563652,0.036151011,-0.024732418,-1.993582606,ros2_odometer_state
M19C_S1_lab_hard_floor_B3_U050_R3,1247.454740947,9.839745966,stop,0.500000,-6.256412983,-3.511641741,-1.993563652,0.036090255,-0.024857288,-1.993566394,ros2_odometer_state
M19C_S1_lab_hard_floor_B3_U050_R3,1247.455996605,9.841001624,stop,0.500000,-6.256412983,-3.511641741,-1.993566394,0.036090255,-0.024857288,-1.993566394,ros2_odometer_state
M19C_S1_lab_hard_floor_B3_U050_R3,1247.458698168,9.843703187,stop,0.500000,-6.256412983,-3.511641741,-1.993566394,0.035944819,-0.025120830,-1.993503451,ros2_odometer_state
M19C_S1_lab_hard_floor_B3_U050_R3,1247.460818431,9.845823450,stop,0.500000,-6.256412983,-3.511641741,-1.993566394,0.035858005,-0.025254155,-1.993439436,ros2_odometer_state
M19C_S1_lab_hard_floor_B3_U050_R3,1247.462862436,9.847867455,stop,0.500000,-6.256412983,-3.511641741,-1.993566394,0.035772000,-0.025386872,-1.993360043,ros2_odometer_state
M19C_S1_lab_hard_floor_B3_U050_R3,1247.464553469,9.849558488,stop,0.500000,-6.256412983,-3.511641741,-1.993566394,0.035772000,-0.025386872,-1.993360043,ros2_odometer_state
M19C_S1_lab_hard_floor_B3_U050_R3,1247.467002159,9.852007178,stop,0.500000,-6.256412983,-3.511641741,-1.993566394,0.035586577,-0.025638739,-1.993173122,ros2_odometer_state
M19C_S1_lab_hard_floor_B3_U050_R3,1247.468931760,9.853936779,stop,0.500000,-6.256412983,-3.511641741,-1.993566394,0.035491880,-0.025762210,-1.993056774,ros2_odometer_state
M19C_S1_lab_hard_floor_B3_U050_R3,1247.470906931,9.855911950,stop,0.500000,-6.256412983,-3.511641741,-1.993566394,0.035389073,-0.025882894,-1.992947340,ros2_odometer_state
M19C_S1_lab_hard_floor_B3_U050_R3,1247.472111996,9.857117015,stop,0.500000,-6.256412983,-3.511641741,-1.993566394,0.035389073,-0.025882894,-1.992947340,ros2_odometer_state
M19C_S1_lab_hard_floor_B3_U050_R3,1247.474934459,9.859939478,stop,0.500000,-6.256412983,-3.511641741,-1.993566394,0.035197329,-0.026103631,-1.992716908,ros2_odometer_state
M19C_S1_lab_hard_floor_B3_U050_R3,1247.476949919,9.861954938,stop,0.500000,-6.259358883,-3.515128136,-1.992716908,0.035108663,-0.026222680,-1.992578626,ros2_odometer_state
M19C_S1_lab_hard_floor_B3_U050_R3,1247.479182570,9.864187589,stop,0.500000,-6.259358883,-3.515128136,-1.992716908,0.035018496,-0.026343774,-1.992435575,ros2_odometer_state
M19C_S1_lab_hard_floor_B3_U050_R3,1247.480435764,9.865440783,stop,0.500000,-6.259358883,-3.515128136,-1.992716908,0.035018496,-0.026343774,-1.992435575,ros2_odometer_state
M19C_S1_lab_hard_floor_B3_U050_R3,1247.486080690,9.871085709,stop,0.500000,-6.259358883,-3.515128136,-1.992716908,0.034842696,-0.026586704,-1.992141843,ros2_odometer_state
M19C_S1_lab_hard_floor_B3_U050_R3,1247.486975152,9.871980171,stop,0.500000,-6.259358883,-3.515128136,-1.992716908,0.034756664,-0.026701612,-1.992003202,ros2_odometer_state
M19C_S1_lab_hard_floor_B3_U050_R3,1247.487929616,9.872934635,stop,0.500000,-6.259358883,-3.515128136,-1.992716908,0.034676418,-0.026824655,-1.991865754,ros2_odometer_state
M19C_S1_lab_hard_floor_B3_U050_R3,1247.488291997,9.873297016,stop,0.500000,-6.259358883,-3.515128136,-1.992716908,0.034676418,-0.026824655,-1.991865754,ros2_odometer_state
M19C_S1_lab_hard_floor_B3_U050_R3,1247.491198526,9.876203545,stop,0.500000,-6.259358883,-3.515128136,-1.992716908,0.034529265,-0.027099641,-1.991563916,ros2_odometer_state
M19C_S1_lab_hard_floor_B3_U050_R3,1247.492798932,9.877803951,stop,0.500000,-6.259358883,-3.515128136,-1.992716908,0.034461826,-0.027246471,-1.991409421,ros2_odometer_state
M19C_S1_lab_hard_floor_B3_U050_R3,1247.494761014,9.879766033,stop,0.500000,-6.259358883,-3.515128136,-1.992716908,0.034389753,-0.027387949,-1.991257191,ros2_odometer_state
M19C_S1_lab_hard_floor_B3_U050_R3,1247.496089827,9.881094846,stop,0.500000,-6.263071060,-3.516807556,-1.991257191,0.034389753,-0.027387949,-1.991257191,ros2_odometer_state
M19C_S1_lab_hard_floor_B3_U050_R3,1247.498743997,9.883749016,stop,0.500000,-6.263071060,-3.516807556,-1.991257191,0.034240574,-0.027662061,-1.990957141,ros2_odometer_state
M19C_S1_lab_hard_floor_B3_U050_R3,1247.500770913,9.885775932,stop,0.500000,-6.263071060,-3.516807556,-1.991257191,0.034166373,-0.027777612,-1.990821004,ros2_odometer_state
M19C_S1_lab_hard_floor_B3_U050_R3,1247.503241332,9.888246351,stop,0.500000,-6.263071060,-3.516807556,-1.991257191,0.034093436,-0.027899846,-1.990683317,ros2_odometer_state
M19C_S1_lab_hard_floor_B3_U050_R3,1247.505385884,9.890390903,stop,0.500000,-6.263071060,-3.516807556,-1.991257191,0.034024358,-0.028025545,-1.990551829,ros2_odometer_state
M19C_S1_lab_hard_floor_B3_U050_R3,1247.506113141,9.891118160,stop,0.500000,-6.263071060,-3.516807556,-1.991257191,0.034024358,-0.028025545,-1.990551829,ros2_odometer_state
M19C_S1_lab_hard_floor_B3_U050_R3,1247.508109560,9.893114579,stop,0.500000,-6.263071060,-3.516807556,-1.991257191,0.033957560,-0.028156735,-1.990418553,ros2_odometer_state
M19C_S1_lab_hard_floor_B3_U050_R3,1247.510856468,9.895861487,stop,0.500000,-6.263071060,-3.516807556,-1.991257191,0.033839289,-0.028451689,-1.990139365,ros2_odometer_state
M19C_S1_lab_hard_floor_B3_U050_R3,1247.513356009,9.898361028,stop,0.500000,-6.263071060,-3.516807556,-1.991257191,0.033784520,-0.028611347,-1.989992142,ros2_odometer_state
M19C_S1_lab_hard_floor_B3_U050_R3,1247.514159012,9.899164031,stop,0.500000,-6.263071060,-3.516807556,-1.991257191,0.033784520,-0.028611347,-1.989992142,ros2_odometer_state
M19C_S1_lab_hard_floor_B3_U050_R3,1247.519689150,9.904694169,stop,0.500000,-6.265875340,-3.519074202,-1.989850402,0.033700839,-0.028917214,-1.989712596,ros2_odometer_state
M19C_S1_lab_hard_floor_B3_U050_R3,1247.520734593,9.905739612,stop,0.500000,-6.265875340,-3.519074202,-1.989850402,0.033660550,-0.029070428,-1.989568591,ros2_odometer_state
M19C_S1_lab_hard_floor_B3_U050_R3,1247.521584670,9.906589689,stop,0.500000,-6.265875340,-3.519074202,-1.989850402,0.033620264,-0.029204629,-1.989415646,ros2_odometer_state
M19C_S1_lab_hard_floor_B3_U050_R3,1247.522126256,9.907131275,stop,0.500000,-6.265875340,-3.519074202,-1.989850402,0.033620264,-0.029204629,-1.989415646,ros2_odometer_state
M19C_S1_lab_hard_floor_B3_U050_R3,1247.525679368,9.910684387,stop,0.500000,-6.265875340,-3.519074202,-1.989850402,0.033535145,-0.029427182,-1.989101171,ros2_odometer_state
M19C_S1_lab_hard_floor_B3_U050_R3,1247.526363103,9.911368122,stop,0.500000,-6.265875340,-3.519074202,-1.989850402,0.033535145,-0.029427182,-1.989101171,ros2_odometer_state
M19C_S1_lab_hard_floor_B3_U050_R3,1247.528984119,9.913989138,stop,0.500000,-6.265875340,-3.519074202,-1.989850402,0.033465564,-0.029610747,-1.988749862,ros2_odometer_state
M19C_S1_lab_hard_floor_B3_U050_R3,1247.530833077,9.915838096,stop,0.500000,-6.265875340,-3.519074202,-1.989850402,0.033427630,-0.029690998,-1.988566518,ros2_odometer_state
M19C_S1_lab_hard_floor_B3_U050_R3,1247.532893787,9.917898806,stop,0.500000,-6.265875340,-3.519074202,-1.989850402,0.033385508,-0.029776733,-1.988389492,ros2_odometer_state
M19C_S1_lab_hard_floor_B3_U050_R3,1247.534934143,9.919939162,stop,0.500000,-6.265875340,-3.519074202,-1.989850402,0.033347499,-0.029865496,-1.988222599,ros2_odometer_state
M19C_S1_lab_hard_floor_B3_U050_R3,1247.536284109,9.921289128,stop,0.500000,-6.268491745,-3.520881414,-1.988222599,0.033347499,-0.029865496,-1.988222599,ros2_odometer_state
M19C_S1_lab_hard_floor_B3_U050_R3,1247.539227696,9.924232715,stop,0.500000,-6.268491745,-3.520881414,-1.988222599,0.033257667,-0.030035632,-1.987879753,ros2_odometer_state
M19C_S1_lab_hard_floor_B3_U050_R3,1247.540946122,9.925951141,stop,0.500000,-6.268491745,-3.520881414,-1.988222599,0.033200800,-0.030125827,-1.987700462,ros2_odometer_state
M19C_S1_lab_hard_floor_B3_U050_R3,1247.543696455,9.928701474,stop,0.500000,-6.268491745,-3.520881414,-1.988222599,0.033131801,-0.030211456,-1.987518907,ros2_odometer_state
M19C_S1_lab_hard_floor_B3_U050_R3,1247.545698890,9.930703909,stop,0.500000,-6.268491745,-3.520881414,-1.988222599,0.033050034,-0.030291760,-1.987340331,ros2_odometer_state
M19C_S1_lab_hard_floor_B3_U050_R3,1247.547133402,9.932138421,stop,0.500000,-6.268491745,-3.520881414,-1.988222599,0.032968931,-0.030379536,-1.987148166,ros2_odometer_state
M19C_S1_lab_hard_floor_B3_U050_R3,1247.549122941,9.934127960,stop,0.500000,-6.268491745,-3.520881414,-1.988222599,0.032879923,-0.030461803,-1.986957669,ros2_odometer_state
M19C_S1_lab_hard_floor_B3_U050_R3,1247.552794233,9.937799252,stop,0.500000,-6.268491745,-3.520881414,-1.988222599,0.032792706,-0.030539993,-1.986776471,ros2_odometer_state
M19C_S1_lab_hard_floor_B3_U050_R3,1247.554361166,9.939366185,stop,0.500000,-6.268491745,-3.520881414,-1.988222599,0.032705519,-0.030623797,-1.986594200,ros2_odometer_state
M19C_S1_lab_hard_floor_B3_U050_R3,1247.555528437,9.940533456,stop,0.500000,-6.268491745,-3.520881414,-1.988222599,0.032624476,-0.030713649,-1.986415744,ros2_odometer_state
M19C_S1_lab_hard_floor_B3_U050_R3,1247.557039848,9.942044867,stop,0.500000,-6.271310329,-3.519582987,-1.986415744,0.032548629,-0.030806031,-1.986241817,ros2_odometer_state
M19C_S1_lab_hard_floor_B3_U050_R3,1247.558412726,9.943417745,stop,0.500000,-6.271310329,-3.519582987,-1.986415744,0.032548629,-0.030806031,-1.986241817,ros2_odometer_state
M19C_S1_lab_hard_floor_B3_U050_R3,1247.560936267,9.945941286,stop,0.500000,-6.271310329,-3.519582987,-1.986415744,0.032389399,-0.031011233,-1.985904098,ros2_odometer_state
M19C_S1_lab_hard_floor_B3_U050_R3,1247.562919662,9.947924681,stop,0.500000,-6.271310329,-3.519582987,-1.986415744,0.032320499,-0.031117320,-1.985736012,ros2_odometer_state
M19C_S1_lab_hard_floor_B3_U050_R3,1247.565698220,9.950703239,stop,0.500000,-6.271310329,-3.519582987,-1.986415744,0.032251216,-0.031221263,-1.985573888,ros2_odometer_state
M19C_S1_lab_hard_floor_B3_U050_R3,1247.567320066,9.952325085,stop,0.500000,-6.271310329,-3.519582987,-1.986415744,0.032180630,-0.031326484,-1.985420465,ros2_odometer_state
M19C_S1_lab_hard_floor_B3_U050_R3,1247.569292421,9.954297440,stop,0.500000,-6.271310329,-3.519582987,-1.986415744,0.032111600,-0.031444672,-1.985277772,ros2_odometer_state
M19C_S1_lab_hard_floor_B3_U050_R3,1247.570991902,9.955996921,stop,0.500000,-6.271310329,-3.519582987,-1.986415744,0.032044858,-0.031564794,-1.985136509,ros2_odometer_state
M19C_S1_lab_hard_floor_B3_U050_R3,1247.573316140,9.958321159,stop,0.500000,-6.271310329,-3.519582987,-1.986415744,0.031975597,-0.031681027,-1.984995246,ros2_odometer_state
M19C_S1_lab_hard_floor_B3_U050_R3,1247.576956999,9.961962018,stop,0.500000,-6.271310329,-3.519582987,-1.986415744,0.031906001,-0.031800903,-1.984867573,ros2_odometer_state
M19C_S1_lab_hard_floor_B3_U050_R3,1247.577855077,9.962860096,stop,0.500000,-6.271310329,-3.519582987,-1.984867573,0.031833969,-0.031923972,-1.984742165,ros2_odometer_state
M19C_S1_lab_hard_floor_B3_U050_R3,1247.578239954,9.963244973,stop,0.500000,-6.271310329,-3.519582987,-1.984867573,0.031833969,-0.031923972,-1.984742165,ros2_odometer_state
M19C_S1_lab_hard_floor_B3_U050_R3,1247.581009167,9.966014186,stop,0.500000,-6.271310329,-3.519582987,-1.984867573,0.031700153,-0.032185145,-1.984548926,ros2_odometer_state
M19C_S1_lab_hard_floor_B3_U050_R3,1247.583332702,9.968337721,stop,0.500000,-6.271310329,-3.519582987,-1.984867573,0.031646892,-0.032305110,-1.984467030,ros2_odometer_state
M19C_S1_lab_hard_floor_B3_U050_R3,1247.584915955,9.969920974,stop,0.500000,-6.271310329,-3.519582987,-1.984867573,0.031646892,-0.032305110,-1.984467030,ros2_odometer_state
M19C_S1_lab_hard_floor_B3_U050_R3,1247.586950199,9.971955218,stop,0.500000,-6.271310329,-3.519582987,-1.984867573,0.031535544,-0.032541402,-1.984312892,ros2_odometer_state
M19C_S1_lab_hard_floor_B3_U050_R3,1247.589022749,9.974027768,stop,0.500000,-6.271310329,-3.519582987,-1.984867573,0.031475786,-0.032653123,-1.984241843,ros2_odometer_state
M19C_S1_lab_hard_floor_B3_U050_R3,1247.590413196,9.975418215,stop,0.500000,-6.271310329,-3.519582987,-1.984867573,0.031475786,-0.032653123,-1.984241843,ros2_odometer_state
M19C_S1_lab_hard_floor_B3_U050_R3,1247.595482999,9.980488018,stop,0.500000,-6.271310329,-3.519582987,-1.984867573,0.031366590,-0.032849729,-1.984098077,ros2_odometer_state
M19C_S1_lab_hard_floor_B3_U050_R3,1247.596731585,9.981736604,stop,0.500000,-6.271310329,-3.519582987,-1.984867573,0.031320572,-0.032927960,-1.984013200,ros2_odometer_state
M19C_S1_lab_hard_floor_B3_U050_R3,1247.597589470,9.982594489,stop,0.500000,-6.274249077,-3.518239021,-1.984013200,0.031275112,-0.033002812,-1.983922839,ros2_odometer_state
M19C_S1_lab_hard_floor_B3_U050_R3,1247.599263414,9.984268433,stop,0.500000,-6.274249077,-3.518239021,-1.984013200,0.031227881,-0.033083335,-1.983844519,ros2_odometer_state
M19C_S1_lab_hard_floor_B3_U050_R3,1247.601296603,9.986301622,stop,0.500000,-6.274249077,-3.518239021,-1.984013200,0.031182965,-0.033161491,-1.983766437,ros2_odometer_state
M19C_S1_lab_hard_floor_B3_U050_R3,1247.602269115,9.987274134,stop,0.500000,-6.274249077,-3.518239021,-1.984013200,0.031182965,-0.033161491,-1.983766437,ros2_odometer_state
M19C_S1_lab_hard_floor_B3_U050_R3,1247.605548426,9.990553445,stop,0.500000,-6.274249077,-3.518239021,-1.984013200,0.031148562,-0.033245269,-1.983682990,ros2_odometer_state
M19C_S1_lab_hard_floor_B3_U050_R3,1247.606905303,9.991910322,stop,0.500000,-6.274249077,-3.518239021,-1.984013200,0.031113140,-0.033338252,-1.983611107,ros2_odometer_state
M19C_S1_lab_hard_floor_B3_U050_R3,1247.608421451,9.993426470,stop,0.500000,-6.274249077,-3.518239021,-1.984013200,0.031062352,-0.033438377,-1.983543873,ros2_odometer_state
M19C_S1_lab_hard_floor_B3_U050_R3,1247.611263658,9.996268677,stop,0.500000,-6.274249077,-3.518239021,-1.984013200,0.030964900,-0.033656668,-1.983412743,ros2_odometer_state
M19C_S1_lab_hard_floor_B3_U050_R3,1247.612448562,9.997453581,stop,0.500000,-6.274249077,-3.518239021,-1.984013200,0.030964900,-0.033656668,-1.983412743,ros2_odometer_state
M19C_S1_lab_hard_floor_B3_U050_R3,1247.614345874,9.999350893,stop,0.500000,-6.274249077,-3.518239021,-1.984013200,0.030924954,-0.033767801,-1.983354211,ros2_odometer_state
M19C_S1_lab_hard_floor_B3_U050_R3,1247.616380087,10.001385106,stop,0.500000,-6.275393486,-3.517708302,-1.983290195,0.030884778,-0.033873431,-1.983290195,ros2_odometer_state
M19C_S1_lab_hard_floor_B3_U050_R3,1247.619124243,10.004129262,stop,0.500000,-6.275393486,-3.517708302,-1.983290195,0.030809449,-0.034065988,-1.983167171,ros2_odometer_state
M19C_S1_lab_hard_floor_B3_U050_R3,1247.620305851,10.005310870,stop,0.500000,-6.275393486,-3.517708302,-1.983290195,0.030809449,-0.034065988,-1.983167171,ros2_odometer_state
M19C_S1_lab_hard_floor_B3_U050_R3,1247.623132058,10.008137077,stop,0.500000,-6.275393486,-3.517708302,-1.983290195,0.030738717,-0.034269910,-1.983016133,ros2_odometer_state
M19C_S1_lab_hard_floor_B3_U050_R3,1247.625878550,10.010883569,stop,0.500000,-6.275393486,-3.517708302,-1.983290195,0.030696848,-0.034370180,-1.982933164,ros2_odometer_state
M19C_S1_lab_hard_floor_B3_U050_R3,1247.626416201,10.011421220,stop,0.500000,-6.275393486,-3.517708302,-1.983290195,0.030696848,-0.034370180,-1.982933164,ros2_odometer_state
M19C_S1_lab_hard_floor_B3_U050_R3,1247.628617491,10.013622510,stop,0.500000,-6.275393486,-3.517708302,-1.983290195,0.030657051,-0.034478739,-1.982849479,ros2_odometer_state
M19C_S1_lab_hard_floor_B3_U050_R3,1247.630751067,10.015756086,stop,0.500000,-6.275393486,-3.517708302,-1.983290195,0.030613234,-0.034592044,-1.982759833,ros2_odometer_state
M19C_S1_lab_hard_floor_B3_U050_R3,1247.632393906,10.017398925,stop,0.500000,-6.275393486,-3.517708302,-1.983290195,0.030562084,-0.034713544,-1.982671738,ros2_odometer_state
M19C_S1_lab_hard_floor_B3_U050_R3,1247.635424376,10.020429395,stop,0.500000,-6.275393486,-3.517708302,-1.983290195,0.030463742,-0.034991581,-1.982521653,ros2_odometer_state
M19C_S1_lab_hard_floor_B3_U050_R3,1247.637461949,10.022466968,stop,0.500000,-6.276646614,-3.517116547,-1.982521653,0.030421004,-0.035139531,-1.982449532,ros2_odometer_state
M19C_S1_lab_hard_floor_B3_U050_R3,1247.638382588,10.023387607,stop,0.500000,-6.276646614,-3.517116547,-1.982521653,0.030421004,-0.035139531,-1.982449532,ros2_odometer_state
M19C_S1_lab_hard_floor_B3_U050_R3,1247.641636201,10.026641220,stop,0.500000,-6.276646614,-3.517116547,-1.982521653,0.030331351,-0.035438932,-1.982320189,ros2_odometer_state
M19C_S1_lab_hard_floor_B3_U050_R3,1247.642371362,10.027376381,stop,0.500000,-6.276646614,-3.517116547,-1.982521653,0.030331351,-0.035438932,-1.982320189,ros2_odometer_state
M19C_S1_lab_hard_floor_B3_U050_R3,1247.645029371,10.030034390,stop,0.500000,-6.276646614,-3.517116547,-1.982521653,0.030287100,-0.035585158,-1.982258201,ros2_odometer_state
M19C_S1_lab_hard_floor_B3_U050_R3,1247.647257383,10.032262402,stop,0.500000,-6.276646614,-3.517116547,-1.982521653,0.030216035,-0.035848193,-1.982118130,ros2_odometer_state
M19C_S1_lab_hard_floor_B3_U050_R3,1247.648594324,10.033599343,stop,0.500000,-6.276646614,-3.517116547,-1.982521653,0.030216035,-0.035848193,-1.982118130,ros2_odometer_state
M19C_S1_lab_hard_floor_B3_U050_R3,1247.650378128,10.035383147,stop,0.500000,-6.276646614,-3.517116547,-1.982521653,0.030177895,-0.035971392,-1.982057810,ros2_odometer_state
M19C_S1_lab_hard_floor_B3_U050_R3,1247.652348210,10.037353229,stop,0.500000,-6.276646614,-3.517116547,-1.982521653,0.030134864,-0.036085732,-1.981989145,ros2_odometer_state
M19C_S1_lab_hard_floor_B3_U050_R3,1247.654388631,10.039393650,stop,0.500000,-6.276646614,-3.517116547,-1.982521653,0.030097058,-0.036187652,-1.981918812,ros2_odometer_state
M19C_S1_lab_hard_floor_B3_U050_R3,1247.656632002,10.041637021,stop,0.500000,-6.276646614,-3.517116547,-1.981841922,0.030055117,-0.036283866,-1.981841922,ros2_odometer_state
M19C_S1_lab_hard_floor_B3_U050_R3,1247.658398302,10.043403321,stop,0.500000,-6.276646614,-3.517116547,-1.981841922,0.030006111,-0.036377456,-1.981761932,ros2_odometer_state
M19C_S1_lab_hard_floor_B3_U050_R3,1247.660359872,10.045364891,stop,0.500000,-6.276646614,-3.517116547,-1.981841922,0.029949373,-0.036466964,-1.981674433,ros2_odometer_state
M19C_S1_lab_hard_floor_B3_U050_R3,1247.662432422,10.047437441,stop,0.500000,-6.276646614,-3.517116547,-1.981841922,0.029886158,-0.036557049,-1.981576681,ros2_odometer_state
M19C_S1_lab_hard_floor_B3_U050_R3,1247.665841176,10.050846195,stop,0.500000,-6.276646614,-3.517116547,-1.981841922,0.029770905,-0.036739118,-1.981350780,ros2_odometer_state
M19C_S1_lab_hard_floor_B3_U050_R3,1247.666432812,10.051437831,stop,0.500000,-6.276646614,-3.517116547,-1.981841922,0.029770905,-0.036739118,-1.981350780,ros2_odometer_state
M19C_S1_lab_hard_floor_B3_U050_R3,1247.668450800,10.053455819,stop,0.500000,-6.276646614,-3.517116547,-1.981841922,0.029702365,-0.036830887,-1.981241941,ros2_odometer_state
M19C_S1_lab_hard_floor_B3_U050_R3,1247.670422739,10.055427758,stop,0.500000,-6.276646614,-3.517116547,-1.981841922,0.029633705,-0.036912400,-1.981127381,ros2_odometer_state
M19C_S1_lab_hard_floor_B3_U050_R3,1247.672419286,10.057424305,stop,0.500000,-6.276646614,-3.517116547,-1.981841922,0.029562706,-0.036987618,-1.981003523,ros2_odometer_state
M19C_S1_lab_hard_floor_B3_U050_R3,1247.674492156,10.059497175,stop,0.500000,-6.276646614,-3.517116547,-1.981841922,0.029475309,-0.037050191,-1.980882525,ros2_odometer_state
M19C_S1_lab_hard_floor_B3_U050_R3,1247.676546017,10.061551036,stop,0.500000,-6.278707027,-3.516154051,-1.980752587,0.029392224,-0.037106685,-1.980752587,ros2_odometer_state
M19C_S1_lab_hard_floor_B3_U050_R3,1247.678434049,10.063439068,stop,0.500000,-6.278707027,-3.516154051,-1.980752587,0.029308470,-0.037158728,-1.980627179,ros2_odometer_state
M19C_S1_lab_hard_floor_B3_U050_R3,1247.680421315,10.065426334,stop,0.500000,-6.278707027,-3.516154051,-1.980752587,0.029217200,-0.037197474,-1.980497599,ros2_odometer_state
M19C_S1_lab_hard_floor_B3_U050_R3,1247.682454600,10.067459619,stop,0.500000,-6.278707027,-3.516154051,-1.980752587,0.029126424,-0.037232518,-1.980373383,ros2_odometer_state
M19C_S1_lab_hard_floor_B3_U050_R3,1247.685099521,10.070104540,stop,0.500000,-6.278707027,-3.516154051,-1.980752587,0.029029964,-0.037272371,-1.980240464,ros2_odometer_state
M19C_S1_lab_hard_floor_B3_U050_R3,1247.687233705,10.072238724,stop,0.500000,-6.278707027,-3.516154051,-1.980752587,0.028824363,-0.037350856,-1.979981184,ros2_odometer_state
M19C_S1_lab_hard_floor_B3_U050_R3,1247.688506004,10.073511023,stop,0.500000,-6.278707027,-3.516154051,-1.980752587,0.028824363,-0.037350856,-1.979981184,ros2_odometer_state
M19C_S1_lab_hard_floor_B3_U050_R3,1247.691150413,10.076155432,stop,0.500000,-6.278707027,-3.516154051,-1.980752587,0.028633518,-0.037431873,-1.979766488,ros2_odometer_state
M19C_S1_lab_hard_floor_B3_U050_R3,1247.692463353,10.077468372,stop,0.500000,-6.278707027,-3.516154051,-1.980752587,0.028633518,-0.037431873,-1.979766488,ros2_odometer_state
M19C_S1_lab_hard_floor_B3_U050_R3,1247.695302745,10.080307764,stop,0.500000,-6.278707027,-3.516154051,-1.980752587,0.028435355,-0.037503324,-1.979545593,ros2_odometer_state
M19C_S1_lab_hard_floor_B3_U050_R3,1247.697235738,10.082240757,stop,0.500000,-6.280409336,-3.515376091,-1.979545593,0.028337531,-0.037546128,-1.979447842,ros2_odometer_state
M19C_S1_lab_hard_floor_B3_U050_R3,1247.698479076,10.083484095,stop,0.500000,-6.280409336,-3.515376091,-1.979545593,0.028337531,-0.037546128,-1.979447842,ros2_odometer_state
M19C_S1_lab_hard_floor_B3_U050_R3,1247.700437798,10.085442817,stop,0.500000,-6.280409336,-3.515376091,-1.979545593,0.028245144,-0.037598900,-1.979341865,ros2_odometer_state
M19C_S1_lab_hard_floor_B3_U050_R3,1247.703187714,10.088192733,stop,0.500000,-6.280409336,-3.515376091,-1.979545593,0.028042551,-0.037735898,-1.979125977,ros2_odometer_state
M19C_S1_lab_hard_floor_B3_U050_R3,1247.706370797,10.091375816,stop,0.500000,-6.280409336,-3.515376091,-1.979545593,0.027931878,-0.037803691,-1.979028821,ros2_odometer_state
M19C_S1_lab_hard_floor_B3_U050_R3,1247.706972418,10.091977437,stop,0.500000,-6.280409336,-3.515376091,-1.979545593,0.027931878,-0.037803691,-1.979028821,ros2_odometer_state
M19C_S1_lab_hard_floor_B3_U050_R3,1247.708724061,10.093729080,stop,0.500000,-6.280409336,-3.515376091,-1.979545593,0.027811604,-0.037876751,-1.978930831,ros2_odometer_state
M19C_S1_lab_hard_floor_B3_U050_R3,1247.711364566,10.096369585,stop,0.500000,-6.280409336,-3.515376091,-1.979545593,0.027582580,-0.038041580,-1.978702426,ros2_odometer_state
M19C_S1_lab_hard_floor_B3_U050_R3,1247.713331032,10.098336051,stop,0.500000,-6.280409336,-3.515376091,-1.979545593,0.027466735,-0.038136866,-1.978587866,ros2_odometer_state
M19C_S1_lab_hard_floor_B3_U050_R3,1247.714582082,10.099587101,stop,0.500000,-6.280409336,-3.515376091,-1.979545593,0.027466735,-0.038136866,-1.978587866,ros2_odometer_state
M19C_S1_lab_hard_floor_B3_U050_R3,1247.717439650,10.102444669,stop,0.500000,-6.282962322,-3.514209986,-1.978464365,0.027232111,-0.038357131,-1.978329539,ros2_odometer_state
M19C_S1_lab_hard_floor_B3_U050_R3,1247.719295457,10.104300476,stop,0.500000,-6.282962322,-3.514209986,-1.978464365,0.027121669,-0.038481671,-1.978204370,ros2_odometer_state
M19C_S1_lab_hard_floor_B3_U050_R3,1247.720509034,10.105514053,stop,0.500000,-6.282962322,-3.514209986,-1.978464365,0.027121669,-0.038481671,-1.978204370,ros2_odometer_state
M19C_S1_lab_hard_floor_B3_U050_R3,1247.722522573,10.107527592,stop,0.500000,-6.282962322,-3.514209986,-1.978464365,0.027011128,-0.038616095,-1.978081584,ros2_odometer_state
M19C_S1_lab_hard_floor_B3_U050_R3,1247.725941185,10.110946204,stop,0.500000,-6.282962322,-3.514209986,-1.978464365,0.026785521,-0.038913667,-1.977841139,ros2_odometer_state
M19C_S1_lab_hard_floor_B3_U050_R3,1247.727293358,10.112298377,stop,0.500000,-6.282962322,-3.514209986,-1.978464365,0.026668163,-0.039069664,-1.977731824,ros2_odometer_state
M19C_S1_lab_hard_floor_B3_U050_R3,1247.729413590,10.114418609,stop,0.500000,-6.282962322,-3.514209986,-1.978464365,0.026555153,-0.039236967,-1.977621317,ros2_odometer_state
M19C_S1_lab_hard_floor_B3_U050_R3,1247.731228051,10.116233070,stop,0.500000,-6.282962322,-3.514209986,-1.978464365,0.026449282,-0.039407026,-1.977512717,ros2_odometer_state
M19C_S1_lab_hard_floor_B3_U050_R3,1247.733224214,10.118229233,stop,0.500000,-6.282962322,-3.514209986,-1.978464365,0.026346706,-0.039577842,-1.977411509,ros2_odometer_state
M19C_S1_lab_hard_floor_B3_U050_R3,1247.734540514,10.119545533,stop,0.500000,-6.282962322,-3.514209986,-1.978464365,0.026346706,-0.039577842,-1.977411509,ros2_odometer_state
M19C_S1_lab_hard_floor_B3_U050_R3,1247.737254558,10.122259577,stop,0.500000,-6.285434246,-3.517027140,-1.977315426,0.026143555,-0.039933473,-1.977217913,ros2_odometer_state
M19C_S1_lab_hard_floor_B3_U050_R3,1247.739138493,10.124143512,stop,0.500000,-6.285434246,-3.517027140,-1.977315426,0.026049189,-0.040110823,-1.977130890,ros2_odometer_state
M19C_S1_lab_hard_floor_B3_U050_R3,1247.741173826,10.126178845,stop,0.500000,-6.285434246,-3.517027140,-1.977315426,0.025968622,-0.040284488,-1.977067590,ros2_odometer_state
M19C_S1_lab_hard_floor_B3_U050_R3,1247.743178949,10.128183968,stop,0.500000,-6.285434246,-3.517027140,-1.977315426,0.025892531,-0.040455386,-1.977002740,ros2_odometer_state
M19C_S1_lab_hard_floor_B3_U050_R3,1247.746534262,10.131539281,stop,0.500000,-6.285434246,-3.517027140,-1.977315426,0.025892531,-0.040455386,-1.977002740,ros2_odometer_state
M19C_S1_lab_hard_floor_B3_U050_R3,1247.747552280,10.132557299,stop,0.500000,-6.285434246,-3.517027140,-1.977315426,0.025814192,-0.040628012,-1.976926208,ros2_odometer_state
M19C_S1_lab_hard_floor_B3_U050_R3,1247.748594492,10.133599511,stop,0.500000,-6.285434246,-3.517027140,-1.977315426,0.025736907,-0.040803209,-1.976859927,ros2_odometer_state
M19C_S1_lab_hard_floor_B3_U050_R3,1247.751308535,10.136313554,stop,0.500000,-6.285434246,-3.517027140,-1.977315426,0.025594391,-0.041159276,-1.976756096,ros2_odometer_state
M19C_S1_lab_hard_floor_B3_U050_R3,1247.753174998,10.138180017,stop,0.500000,-6.285434246,-3.517027140,-1.977315426,0.025531301,-0.041323442,-1.976720572,ros2_odometer_state
M19C_S1_lab_hard_floor_B3_U050_R3,1247.755360831,10.140365850,stop,0.500000,-6.285434246,-3.517027140,-1.977315426,0.025483349,-0.041485179,-1.976693273,ros2_odometer_state
M19C_S1_lab_hard_floor_B3_U050_R3,1247.757385860,10.142390879,stop,0.500000,-6.287391663,-3.516127110,-1.976693273,0.025441183,-0.041634224,-1.976676702,ros2_odometer_state
M19C_S1_lab_hard_floor_B3_U050_R3,1247.759243042,10.144248061,stop,0.500000,-6.287391663,-3.516127110,-1.976693273,0.025403650,-0.041782107,-1.976655841,ros2_odometer_state
M19C_S1_lab_hard_floor_B3_U050_R3,1247.761247750,10.146252769,stop,0.500000,-6.287391663,-3.516127110,-1.976693273,0.025370661,-0.041918740,-1.976637483,ros2_odometer_state
M19C_S1_lab_hard_floor_B3_U050_R3,1247.763442608,10.148447627,stop,0.500000,-6.287391663,-3.516127110,-1.976693273,0.025344310,-0.042045344,-1.976624250,ros2_odometer_state
M19C_S1_lab_hard_floor_B3_U050_R3,1247.766057960,10.151062979,stop,0.500000,-6.287391663,-3.516127110,-1.976693273,0.025329972,-0.042173050,-1.976609588,ros2_odometer_state
M19C_S1_lab_hard_floor_B3_U050_R3,1247.766819201,10.151824220,stop,0.500000,-6.287391663,-3.516127110,-1.976693273,0.025329972,-0.042173050,-1.976609588,ros2_odometer_state
M19C_S1_lab_hard_floor_B3_U050_R3,1247.769314741,10.154319760,stop,0.500000,-6.287391663,-3.516127110,-1.976693273,0.025321534,-0.042419307,-1.976570368,ros2_odometer_state
M19C_S1_lab_hard_floor_B3_U050_R3,1247.771623907,10.156628926,stop,0.500000,-6.287391663,-3.516127110,-1.976693273,0.025322044,-0.042541731,-1.976553917,ros2_odometer_state
M19C_S1_lab_hard_floor_B3_U050_R3,1247.773329437,10.158334456,stop,0.500000,-6.287391663,-3.516127110,-1.976693273,0.025332078,-0.042653676,-1.976540804,ros2_odometer_state
M19C_S1_lab_hard_floor_B3_U050_R3,1247.775288319,10.160293338,stop,0.500000,-6.287391663,-3.516127110,-1.976693273,0.025335543,-0.042769235,-1.976526499,ros2_odometer_state
M19C_S1_lab_hard_floor_B3_U050_R3,1247.777520586,10.162525605,stop,0.500000,-6.289505005,-3.515167475,-1.976526499,0.025335448,-0.042873923,-1.976511955,ros2_odometer_state
M19C_S1_lab_hard_floor_B3_U050_R3,1247.780743830,10.165748849,stop,0.500000,-6.289505005,-3.515167475,-1.976526499,0.025335448,-0.042873923,-1.976511955,ros2_odometer_state
M19C_S1_lab_hard_floor_B3_U050_R3,1247.781832155,10.166837174,stop,0.500000,-6.289505005,-3.515167475,-1.976526499,0.025334060,-0.042965539,-1.976495743,ros2_odometer_state
M19C_S1_lab_hard_floor_B3_U050_R3,1247.784381361,10.169386380,stop,0.500000,-6.289505005,-3.515167475,-1.976526499,0.025320826,-0.043135550,-1.976474762,ros2_odometer_state
M19C_S1_lab_hard_floor_B3_U050_R3,1247.785943974,10.170948993,stop,0.500000,-6.289505005,-3.515167475,-1.976526499,0.025306383,-0.043209940,-1.976467967,ros2_odometer_state
M19C_S1_lab_hard_floor_B3_U050_R3,1247.787457176,10.172462195,stop,0.500000,-6.289505005,-3.515167475,-1.976526499,0.025285080,-0.043282099,-1.976461053,ros2_odometer_state
M19C_S1_lab_hard_floor_B3_U050_R3,1247.789369721,10.174374740,stop,0.500000,-6.289505005,-3.515167475,-1.976526499,0.025263574,-0.043345165,-1.976453781,ros2_odometer_state
M19C_S1_lab_hard_floor_B3_U050_R3,1247.791389629,10.176394648,stop,0.500000,-6.289505005,-3.515167475,-1.976526499,0.025235076,-0.043393139,-1.976452589,ros2_odometer_state
M19C_S1_lab_hard_floor_B3_U050_R3,1247.793297917,10.178302936,stop,0.500000,-6.289505005,-3.515167475,-1.976526499,0.025204027,-0.043428358,-1.976452112,ros2_odometer_state
M19C_S1_lab_hard_floor_B3_U050_R3,1247.795350818,10.180355837,stop,0.500000,-6.289505005,-3.515167475,-1.976526499,0.025171338,-0.043454647,-1.976457000,ros2_odometer_state
M19C_S1_lab_hard_floor_B3_U050_R3,1247.797400583,10.182405602,stop,0.500000,-6.292038918,-3.516341209,-1.976457000,0.025135413,-0.043464229,-1.976479173,ros2_odometer_state
M19C_S1_lab_hard_floor_B3_U050_R3,1247.799365738,10.184370757,stop,0.500000,-6.292038918,-3.516341209,-1.976457000,0.025100809,-0.043457970,-1.976503491,ros2_odometer_state
M19C_S1_lab_hard_floor_B3_U050_R3,1247.801314187,10.186319206,stop,0.500000,-6.292038918,-3.516341209,-1.976457000,0.025067395,-0.043464631,-1.976527929,ros2_odometer_state
M19C_S1_lab_hard_floor_B3_U050_R3,1247.803382385,10.188387404,stop,0.500000,-6.292038918,-3.516341209,-1.976457000,0.025032237,-0.043468826,-1.976560116,ros2_odometer_state
M19C_S1_lab_hard_floor_B3_U050_R3,1247.805942247,10.190947266,stop,0.500000,-6.292038918,-3.516341209,-1.976457000,0.024989249,-0.043460730,-1.976607561,ros2_odometer_state
M19C_S1_lab_hard_floor_B3_U050_R3,1247.807380920,10.192385939,stop,0.500000,-6.292038918,-3.516341209,-1.976457000,0.024948254,-0.043448713,-1.976660371,ros2_odometer_state
M19C_S1_lab_hard_floor_B3_U050_R3,1247.809509663,10.194514682,stop,0.500000,-6.292038918,-3.516341209,-1.976457000,0.024913987,-0.043439899,-1.976715207,ros2_odometer_state
M19C_S1_lab_hard_floor_B3_U050_R3,1247.811496162,10.196501181,stop,0.500000,-6.292038918,-3.516341209,-1.976457000,0.024885295,-0.043435868,-1.976771712,ros2_odometer_state
M19C_S1_lab_hard_floor_B3_U050_R3,1247.813440388,10.198445407,stop,0.500000,-6.292038918,-3.516341209,-1.976457000,0.024851214,-0.043422412,-1.976829767,ros2_odometer_state
M19C_S1_lab_hard_floor_B3_U050_R3,1247.815442023,10.200447042,stop,0.500000,-6.292038918,-3.516341209,-1.976457000,0.024816936,-0.043413166,-1.976900578,ros2_odometer_state
M19C_S1_lab_hard_floor_B3_U050_R3,1247.817452363,10.202457382,stop,0.500000,-6.293972015,-3.515514851,-1.976900578,0.024790250,-0.043409374,-1.976976871,ros2_odometer_state
M19C_S1_lab_hard_floor_B3_U050_R3,1247.819342506,10.204347525,stop,0.500000,-6.293972015,-3.515514851,-1.976900578,0.024766998,-0.043406621,-1.977046728,ros2_odometer_state
M19C_S1_lab_hard_floor_B3_U050_R3,1247.821657432,10.206662451,stop,0.500000,-6.293972015,-3.515514851,-1.976900578,0.024748553,-0.043410264,-1.977116108,ros2_odometer_state
M19C_S1_lab_hard_floor_B3_U050_R3,1247.823570681,10.208575700,stop,0.500000,-6.293972015,-3.515514851,-1.976900578,0.024726110,-0.043415654,-1.977182150,ros2_odometer_state
M19C_S1_lab_hard_floor_B3_U050_R3,1247.826142863,10.211147882,stop,0.500000,-6.293972015,-3.515514851,-1.976900578,0.024701275,-0.043426238,-1.977250338,ros2_odometer_state
M19C_S1_lab_hard_floor_B3_U050_R3,1247.826743268,10.211748287,stop,0.500000,-6.293972015,-3.515514851,-1.976900578,0.024701275,-0.043426238,-1.977250338,ros2_odometer_state
M19C_S1_lab_hard_floor_B3_U050_R3,1247.829603236,10.214608255,stop,0.500000,-6.293972015,-3.515514851,-1.976900578,0.024672769,-0.043436341,-1.977366924,ros2_odometer_state
M19C_S1_lab_hard_floor_B3_U050_R3,1247.831560326,10.216565345,stop,0.500000,-6.293972015,-3.515514851,-1.976900578,0.024653044,-0.043445025,-1.977419853,ros2_odometer_state
M19C_S1_lab_hard_floor_B3_U050_R3,1247.832756366,10.217761385,stop,0.500000,-6.293972015,-3.515514851,-1.976900578,0.024653044,-0.043445025,-1.977419853,ros2_odometer_state
M19C_S1_lab_hard_floor_B3_U050_R3,1247.834808659,10.219813678,stop,0.500000,-6.293972015,-3.515514851,-1.976900578,0.024644352,-0.043445863,-1.977464676,ros2_odometer_state
M19C_S1_lab_hard_floor_B3_U050_R3,1247.836808215,10.221813234,stop,0.500000,-6.296179771,-3.514597416,-1.977510452,0.024631834,-0.043443430,-1.977510452,ros2_odometer_state
M19C_S1_lab_hard_floor_B3_U050_R3,1247.838735160,10.223740179,stop,0.500000,-6.296179771,-3.514597416,-1.977510452,0.024622563,-0.043443497,-1.977554083,ros2_odometer_state
M19C_S1_lab_hard_floor_B3_U050_R3,1247.841873985,10.226879004,stop,0.500000,-6.296179771,-3.514597416,-1.977510452,0.024624726,-0.043446261,-1.977592111,ros2_odometer_state
M19C_S1_lab_hard_floor_B3_U050_R3,1247.843276977,10.228281996,stop,0.500000,-6.296179771,-3.514597416,-1.977510452,0.024621485,-0.043438073,-1.977619886,ros2_odometer_state
M19C_S1_lab_hard_floor_B3_U050_R3,1247.845471450,10.230476469,stop,0.500000,-6.296179771,-3.514597416,-1.977510452,0.024615852,-0.043421309,-1.977646470,ros2_odometer_state
M19C_S1_lab_hard_floor_B3_U050_R3,1247.846833960,10.231838979,stop,0.500000,-6.296179771,-3.514597416,-1.977510452,0.024604125,-0.043402385,-1.977670193,ros2_odometer_state
M19C_S1_lab_hard_floor_B3_U050_R3,1247.848888654,10.233893673,stop,0.500000,-6.296179771,-3.514597416,-1.977510452,0.024593327,-0.043373521,-1.977697611,ros2_odometer_state
M19C_S1_lab_hard_floor_B3_U050_R3,1247.850737164,10.235742183,stop,0.500000,-6.296179771,-3.514597416,-1.977510452,0.024593778,-0.043337196,-1.977719069,ros2_odometer_state
M19C_S1_lab_hard_floor_B3_U050_R3,1247.852960215,10.237965234,stop,0.500000,-6.296179771,-3.514597416,-1.977510452,0.024594650,-0.043296054,-1.977724552,ros2_odometer_state
M19C_S1_lab_hard_floor_B3_U050_R3,1247.854751411,10.239756430,stop,0.500000,-6.296179771,-3.514597416,-1.977510452,0.024603736,-0.043242123,-1.977721095,ros2_odometer_state
M19C_S1_lab_hard_floor_B3_U050_R3,1247.856869338,10.241874357,stop,0.500000,-6.297970772,-3.513845444,-1.977721691,0.024615327,-0.043182667,-1.977721691,ros2_odometer_state
M19C_S1_lab_hard_floor_B3_U050_R3,1247.859670649,10.244675668,stop,0.500000,-6.297970772,-3.513845444,-1.977721691,0.024628878,-0.043122794,-1.977721572,ros2_odometer_state
M19C_S1_lab_hard_floor_B3_U050_R3,1247.860918563,10.245923582,stop,0.500000,-6.297970772,-3.513845444,-1.977721691,0.024634050,-0.043057788,-1.977711678,ros2_odometer_state
M19C_S1_lab_hard_floor_B3_U050_R3,1247.862829411,10.247834430,stop,0.500000,-6.297970772,-3.513845444,-1.977721691,0.024639484,-0.042994693,-1.977691174,ros2_odometer_state
M19C_S1_lab_hard_floor_B3_U050_R3,1247.865444315,10.250449334,stop,0.500000,-6.297970772,-3.513845444,-1.977721691,0.024655420,-0.042922460,-1.977676153,ros2_odometer_state
M19C_S1_lab_hard_floor_B3_U050_R3,1247.867464959,10.252469978,stop,0.500000,-6.297970772,-3.513845444,-1.977721691,0.024664316,-0.042838965,-1.977656722,ros2_odometer_state
M19C_S1_lab_hard_floor_B3_U050_R3,1247.868846830,10.253851849,stop,0.500000,-6.297970772,-3.513845444,-1.977721691,0.024679275,-0.042755868,-1.977629304,ros2_odometer_state
M19C_S1_lab_hard_floor_B3_U050_R3,1247.871347234,10.256352253,stop,0.500000,-6.297970772,-3.513845444,-1.977721691,0.024689466,-0.042675372,-1.977602959,ros2_odometer_state
M19C_S1_lab_hard_floor_B3_U050_R3,1247.872796115,10.257801134,stop,0.500000,-6.297970772,-3.513845444,-1.977721691,0.024699569,-0.042599611,-1.977577567,ros2_odometer_state
M19C_S1_lab_hard_floor_B3_U050_R3,1247.874844184,10.259849203,stop,0.500000,-6.297970772,-3.513845444,-1.977721691,0.024710735,-0.042522032,-1.977543831,ros2_odometer_state
M19C_S1_lab_hard_floor_B3_U050_R3,1247.877408750,10.262413769,stop,0.500000,-6.299304485,-3.513273001,-1.977515459,0.024717223,-0.042444274,-1.977515459,ros2_odometer_state
M19C_S1_lab_hard_floor_B3_U050_R3,1247.879503637,10.264508656,stop,0.500000,-6.299304485,-3.513273001,-1.977515459,0.024728250,-0.042360224,-1.977483034,ros2_odometer_state
M19C_S1_lab_hard_floor_B3_U050_R3,1247.880914404,10.265919423,stop,0.500000,-6.299304485,-3.513273001,-1.977515459,0.024742795,-0.042273700,-1.977445364,ros2_odometer_state
M19C_S1_lab_hard_floor_B3_U050_R3,1247.882852133,10.267857152,stop,0.500000,-6.299304485,-3.513273001,-1.977515459,0.024752835,-0.042197604,-1.977404356,ros2_odometer_state
M19C_S1_lab_hard_floor_B3_U050_R3,1247.885547744,10.270552763,stop,0.500000,-6.299304485,-3.513273001,-1.977515459,0.024760693,-0.042121414,-1.977368116,ros2_odometer_state
M19C_S1_lab_hard_floor_B3_U050_R3,1247.889308191,10.274313210,stop,0.500000,-6.299304485,-3.513273001,-1.977515459,0.024769073,-0.042043142,-1.977332234,ros2_odometer_state
M19C_S1_lab_hard_floor_B3_U050_R3,1247.890524616,10.275529635,stop,0.500000,-6.299304485,-3.513273001,-1.977515459,0.024781846,-0.041961256,-1.977291346,ros2_odometer_state
M19C_S1_lab_hard_floor_B3_U050_R3,1247.893447786,10.278452805,stop,0.500000,-6.299304485,-3.513273001,-1.977515459,0.024794446,-0.041884352,-1.977253437,ros2_odometer_state
M19C_S1_lab_hard_floor_B3_U050_R3,1247.894440908,10.279445927,stop,0.500000,-6.299304485,-3.513273001,-1.977515459,0.024817001,-0.041814931,-1.977213979,ros2_odometer_state
M19C_S1_lab_hard_floor_B3_U050_R3,1247.895592338,10.280597357,stop,0.500000,-6.299304485,-3.513273001,-1.977515459,0.024837663,-0.041749064,-1.977167726,ros2_odometer_state
M19C_S1_lab_hard_floor_B3_U050_R3,1247.896893182,10.281898201,stop,0.500000,-6.300530910,-3.512744665,-1.977125764,0.024853840,-0.041693363,-1.977125764,ros2_odometer_state
M19C_S1_lab_hard_floor_B3_U050_R3,1247.898925859,10.283930878,stop,0.500000,-6.300530910,-3.512744665,-1.977125764,0.024871776,-0.041635834,-1.977085948,ros2_odometer_state
M19C_S1_lab_hard_floor_B3_U050_R3,1247.900923814,10.285928833,stop,0.500000,-6.300530910,-3.512744665,-1.977125764,0.024888719,-0.041578710,-1.977041721,ros2_odometer_state
M19C_S1_lab_hard_floor_B3_U050_R3,1247.902807878,10.287812897,stop,0.500000,-6.300530910,-3.512744665,-1.977125764,0.024905184,-0.041520525,-1.976987958,ros2_odometer_state
M19C_S1_lab_hard_floor_B3_U050_R3,1247.906338396,10.291343415,stop,0.500000,-6.300530910,-3.512744665,-1.977125764,0.024936825,-0.041393664,-1.976869345,ros2_odometer_state
M19C_S1_lab_hard_floor_B3_U050_R3,1247.907014483,10.292019502,stop,0.500000,-6.300530910,-3.512744665,-1.977125764,0.024936825,-0.041393664,-1.976869345,ros2_odometer_state
M19C_S1_lab_hard_floor_B3_U050_R3,1247.909911189,10.294916208,stop,0.500000,-6.300530910,-3.512744665,-1.977125764,0.024971988,-0.041263774,-1.976750970,ros2_odometer_state
M19C_S1_lab_hard_floor_B3_U050_R3,1247.911887863,10.296892882,stop,0.500000,-6.300530910,-3.512744665,-1.977125764,0.024986755,-0.041197006,-1.976686120,ros2_odometer_state
M19C_S1_lab_hard_floor_B3_U050_R3,1247.913860378,10.298865397,stop,0.500000,-6.300530910,-3.512744665,-1.977125764,0.024999617,-0.041123696,-1.976611018,ros2_odometer_state
M19C_S1_lab_hard_floor_B3_U050_R3,1247.916040227,10.301045246,stop,0.500000,-6.300530910,-3.512744665,-1.977125764,0.025010446,-0.041042596,-1.976532221,ros2_odometer_state
M19C_S1_lab_hard_floor_B3_U050_R3,1247.916968674,10.301973693,stop,0.500000,-6.301979542,-3.512123823,-1.976532221,0.025010446,-0.041042596,-1.976532221,ros2_odometer_state
M19C_S1_lab_hard_floor_B3_U050_R3,1247.920122701,10.305127720,stop,0.500000,-6.301979542,-3.512123823,-1.976532221,0.025027063,-0.040959142,-1.976449132,ros2_odometer_state
M19C_S1_lab_hard_floor_B3_U050_R3,1247.921292724,10.306297743,stop,0.500000,-6.301979542,-3.512123823,-1.976532221,0.025040075,-0.040876564,-1.976362586,ros2_odometer_state
M19C_S1_lab_hard_floor_B3_U050_R3,1247.922884298,10.307889317,stop,0.500000,-6.301979542,-3.512123823,-1.976532221,0.025047576,-0.040790260,-1.976276755,ros2_odometer_state
M19C_S1_lab_hard_floor_B3_U050_R3,1247.926366335,10.311371354,stop,0.500000,-6.301979542,-3.512123823,-1.976532221,0.025073372,-0.040617868,-1.976072907,ros2_odometer_state
M19C_S1_lab_hard_floor_B3_U050_R3,1247.927781423,10.312786442,stop,0.500000,-6.301979542,-3.512123823,-1.976532221,0.025091514,-0.040526405,-1.975972891,ros2_odometer_state
M19C_S1_lab_hard_floor_B3_U050_R3,1247.929841876,10.314846895,stop,0.500000,-6.301979542,-3.512123823,-1.976532221,0.025104897,-0.040429577,-1.975872159,ros2_odometer_state
M19C_S1_lab_hard_floor_B3_U050_R3,1247.931129439,10.316134458,stop,0.500000,-6.301979542,-3.512123823,-1.976532221,0.025104897,-0.040429577,-1.975872159,ros2_odometer_state
M19C_S1_lab_hard_floor_B3_U050_R3,1247.933972159,10.318977178,stop,0.500000,-6.301979542,-3.512123823,-1.976532221,0.025117347,-0.040223807,-1.975645423,ros2_odometer_state
M19C_S1_lab_hard_floor_B3_U050_R3,1247.937582649,10.322587668,stop,0.500000,-6.301979542,-3.512123823,-1.976532221,0.025122954,-0.040119071,-1.975528955,ros2_odometer_state
M19C_S1_lab_hard_floor_B3_U050_R3,1247.938533177,10.323538196,stop,0.500000,-6.303708553,-3.511387110,-1.975528955,0.025123496,-0.040015157,-1.975411892,ros2_odometer_state
M19C_S1_lab_hard_floor_B3_U050_R3,1247.939019017,10.324024036,stop,0.500000,-6.303708553,-3.511387110,-1.975528955,0.025123496,-0.040015157,-1.975411892,ros2_odometer_state
M19C_S1_lab_hard_floor_B3_U050_R3,1247.941934667,10.326939686,stop,0.500000,-6.303708553,-3.511387110,-1.975528955,0.025133768,-0.039812520,-1.975152612,ros2_odometer_state
M19C_S1_lab_hard_floor_B3_U050_R3,1247.943956271,10.328961290,stop,0.500000,-6.303708553,-3.511387110,-1.975528955,0.025137763,-0.039708354,-1.975027919,ros2_odometer_state
M19C_S1_lab_hard_floor_B3_U050_R3,1247.945593639,10.330598658,stop,0.500000,-6.303708553,-3.511387110,-1.975528955,0.025137763,-0.039708354,-1.975027919,ros2_odometer_state
M19C_S1_lab_hard_floor_B3_U050_R3,1247.947833714,10.332838733,stop,0.500000,-6.303708553,-3.511387110,-1.975528955,0.025155829,-0.039491508,-1.974775553,ros2_odometer_state
M19C_S1_lab_hard_floor_B3_U050_R3,1247.950074269,10.335079288,stop,0.500000,-6.303708553,-3.511387110,-1.975528955,0.025156138,-0.039377470,-1.974648714,ros2_odometer_state
M19C_S1_lab_hard_floor_B3_U050_R3,1247.951826136,10.336831155,stop,0.500000,-6.303708553,-3.511387110,-1.975528955,0.025162777,-0.039265621,-1.974524140,ros2_odometer_state
M19C_S1_lab_hard_floor_B3_U050_R3,1247.953829916,10.338834935,stop,0.500000,-6.303708553,-3.511387110,-1.975528955,0.025175100,-0.039153025,-1.974397421,ros2_odometer_state
M19C_S1_lab_hard_floor_B3_U050_R3,1247.955910210,10.340915229,stop,0.500000,-6.303708553,-3.511387110,-1.975528955,0.025191436,-0.039039344,-1.974276662,ros2_odometer_state
M19C_S1_lab_hard_floor_B3_U050_R3,1247.959151343,10.344156362,stop,0.500000,-6.305408955,-3.510650396,-1.974276662,0.025191436,-0.039039344,-1.974276662,ros2_odometer_state
M19C_S1_lab_hard_floor_B3_U050_R3,1247.960197074,10.345202093,stop,0.500000,-6.305408955,-3.510650396,-1.974276662,0.025203139,-0.038920846,-1.974158764,ros2_odometer_state
M19C_S1_lab_hard_floor_B3_U050_R3,1247.961055087,10.346060106,stop,0.500000,-6.305408955,-3.510650396,-1.974276662,0.025215223,-0.038799345,-1.974042773,ros2_odometer_state
M19C_S1_lab_hard_floor_B3_U050_R3,1247.963761578,10.348766597,stop,0.500000,-6.305408955,-3.510650396,-1.974276662,0.025252413,-0.038574394,-1.973810554,ros2_odometer_state
M19C_S1_lab_hard_floor_B3_U050_R3,1247.966347010,10.351352029,stop,0.500000,-6.305408955,-3.510650396,-1.974276662,0.025267946,-0.038463064,-1.973692417,ros2_odometer_state
M19C_S1_lab_hard_floor_B3_U050_R3,1247.967038617,10.352043636,stop,0.500000,-6.305408955,-3.510650396,-1.974276662,0.025267946,-0.038463064,-1.973692417,ros2_odometer_state
M19C_S1_lab_hard_floor_B3_U050_R3,1247.969877496,10.354882515,stop,0.500000,-6.305408955,-3.510650396,-1.974276662,0.025299184,-0.038229696,-1.973463178,ros2_odometer_state
M19C_S1_lab_hard_floor_B3_U050_R3,1247.971163492,10.356168511,stop,0.500000,-6.305408955,-3.510650396,-1.974276662,0.025299184,-0.038229696,-1.973463178,ros2_odometer_state
M19C_S1_lab_hard_floor_B3_U050_R3,1247.974246956,10.359251975,stop,0.500000,-6.305408955,-3.510650396,-1.974276662,0.025319358,-0.038110767,-1.973348379,ros2_odometer_state
M19C_S1_lab_hard_floor_B3_U050_R3,1247.975429395,10.360434414,stop,0.500000,-6.305408955,-3.510650396,-1.974276662,0.025331751,-0.037991725,-1.973231554,ros2_odometer_state
M19C_S1_lab_hard_floor_B3_U050_R3,1247.977045162,10.362050181,stop,0.500000,-6.307219505,-3.509820938,-1.973114848,0.025344720,-0.037879352,-1.973114848,ros2_odometer_state
M19C_S1_lab_hard_floor_B3_U050_R3,1247.979707908,10.364712927,stop,0.500000,-6.307219505,-3.509820938,-1.973114848,0.025374217,-0.037653644,-1.972880363,ros2_odometer_state
M19C_S1_lab_hard_floor_B3_U050_R3,1247.981684134,10.366689153,stop,0.500000,-6.307219505,-3.509820938,-1.973114848,0.025389990,-0.037545189,-1.972765684,ros2_odometer_state
M19C_S1_lab_hard_floor_B3_U050_R3,1247.983829902,10.368834921,stop,0.500000,-6.307219505,-3.509820938,-1.973114848,0.025397642,-0.037438873,-1.972651601,ros2_odometer_state
M19C_S1_lab_hard_floor_B3_U050_R3,1247.986360100,10.371365119,stop,0.500000,-6.307219505,-3.509820938,-1.973114848,0.025404314,-0.037333202,-1.972539186,ros2_odometer_state
M19C_S1_lab_hard_floor_B3_U050_R3,1247.988210146,10.373215165,stop,0.500000,-6.307219505,-3.509820938,-1.973114848,0.025412276,-0.037219699,-1.972423911,ros2_odometer_state
M19C_S1_lab_hard_floor_B3_U050_R3,1247.989210116,10.374215135,stop,0.500000,-6.307219505,-3.509820938,-1.973114848,0.025412276,-0.037219699,-1.972423911,ros2_odometer_state
M19C_S1_lab_hard_floor_B3_U050_R3,1247.992105701,10.377110720,stop,0.500000,-6.307219505,-3.509820938,-1.973114848,0.025437605,-0.036999039,-1.972194672,ros2_odometer_state
M19C_S1_lab_hard_floor_B3_U050_R3,1247.993715003,10.378720022,stop,0.500000,-6.307219505,-3.509820938,-1.973114848,0.025456268,-0.036885094,-1.972079635,ros2_odometer_state
M19C_S1_lab_hard_floor_B3_U050_R3,1247.995070281,10.380075300,stop,0.500000,-6.307219505,-3.509820938,-1.973114848,0.025456268,-0.036885094,-1.972079635,ros2_odometer_state
M19C_S1_lab_hard_floor_B3_U050_R3,1247.997098605,10.382103624,stop,0.500000,-6.308134556,-3.509387016,-1.971974254,0.025472017,-0.036777817,-1.971974254,ros2_odometer_state
M19C_S1_lab_hard_floor_B3_U050_R3,1247.999768327,10.384773346,stop,0.500000,-6.308134556,-3.509387016,-1.971974254,0.025498271,-0.036553964,-1.971773982,ros2_odometer_state
M19C_S1_lab_hard_floor_B3_U050_R3,1248.002263163,10.387268182,stop,0.500000,-6.308134556,-3.509387016,-1.971974254,0.025516611,-0.036447093,-1.971664548,ros2_odometer_state
M19C_S1_lab_hard_floor_B3_U050_R3,1248.002999540,10.388004559,stop,0.500000,-6.308134556,-3.509387016,-1.971974254,0.025516611,-0.036447093,-1.971664548,ros2_odometer_state
M19C_S1_lab_hard_floor_B3_U050_R3,1248.006632398,10.391637417,stop,0.500000,-6.308134556,-3.509387016,-1.971974254,0.025548728,-0.036207587,-1.971452713,ros2_odometer_state
M19C_S1_lab_hard_floor_B3_U050_R3,1248.007081021,10.392086040,stop,0.500000,-6.308134556,-3.509387016,-1.971974254,0.025548728,-0.036207587,-1.971452713,ros2_odometer_state
M19C_S1_lab_hard_floor_B3_U050_R3,1248.009862971,10.394867990,stop,0.500000,-6.308134556,-3.509387016,-1.971974254,0.025576761,-0.035959154,-1.971227050,ros2_odometer_state
M19C_S1_lab_hard_floor_B3_U050_R3,1248.011746043,10.396751062,stop,0.500000,-6.308134556,-3.509387016,-1.971974254,0.025586309,-0.035827648,-1.971105337,ros2_odometer_state
M19C_S1_lab_hard_floor_B3_U050_R3,1248.014174124,10.399179143,stop,0.500000,-6.308134556,-3.509387016,-1.971974254,0.025593180,-0.035695706,-1.970973134,ros2_odometer_state
M19C_S1_lab_hard_floor_B3_U050_R3,1248.015793251,10.400798270,stop,0.500000,-6.308134556,-3.509387016,-1.971974254,0.025593180,-0.035695706,-1.970973134,ros2_odometer_state
M19C_S1_lab_hard_floor_B3_U050_R3,1248.017414810,10.402419829,stop,0.500000,-6.309444427,-3.508770466,-1.970843315,0.025591807,-0.035564605,-1.970843315,ros2_odometer_state
M19C_S1_lab_hard_floor_B3_U050_R3,1248.019672454,10.404677473,stop,0.500000,-6.309444427,-3.508770466,-1.970843315,0.025586784,-0.035441224,-1.970707536,ros2_odometer_state
M19C_S1_lab_hard_floor_B3_U050_R3,1248.022110520,10.407115539,stop,0.500000,-6.309444427,-3.508770466,-1.970843315,0.025572995,-0.035195574,-1.970439792,ros2_odometer_state
M19C_S1_lab_hard_floor_B3_U050_R3,1248.023794896,10.408799915,stop,0.500000,-6.309444427,-3.508770466,-1.970843315,0.025568398,-0.035091266,-1.970326543,ros2_odometer_state
M19C_S1_lab_hard_floor_B3_U050_R3,1248.025702513,10.410707532,stop,0.500000,-6.309444427,-3.508770466,-1.970843315,0.025568398,-0.035091266,-1.970326543,ros2_odometer_state
M19C_S1_lab_hard_floor_B3_U050_R3,1248.027108352,10.412113371,stop,0.500000,-6.309444427,-3.508770466,-1.970843315,0.025560839,-0.035001781,-1.970221281,ros2_odometer_state
M19C_S1_lab_hard_floor_B3_U050_R3,1248.029065026,10.414070045,stop,0.500000,-6.309444427,-3.508770466,-1.970843315,0.025559712,-0.034919035,-1.970120668,ros2_odometer_state
M19C_S1_lab_hard_floor_B3_U050_R3,1248.031864960,10.416869979,stop,0.500000,-6.309444427,-3.508770466,-1.970843315,0.025560824,-0.034759611,-1.969934821,ros2_odometer_state
M19C_S1_lab_hard_floor_B3_U050_R3,1248.033047080,10.418052099,stop,0.500000,-6.309444427,-3.508770466,-1.970843315,0.025560824,-0.034759611,-1.969934821,ros2_odometer_state
M19C_S1_lab_hard_floor_B3_U050_R3,1248.036281589,10.421286608,stop,0.500000,-6.309444427,-3.508770466,-1.970843315,0.025575843,-0.034578480,-1.969778657,ros2_odometer_state
M19C_S1_lab_hard_floor_B3_U050_R3,1248.037977646,10.422982665,stop,0.500000,-6.310135841,-3.508453369,-1.969778657,0.025587017,-0.034480598,-1.969703197,ros2_odometer_state
M19C_S1_lab_hard_floor_B3_U050_R3,1248.039882958,10.424887977,stop,0.500000,-6.310135841,-3.508453369,-1.969778657,0.025609830,-0.034373350,-1.969622731,ros2_odometer_state
M19C_S1_lab_hard_floor_B3_U050_R3,1248.041962996,10.426968015,stop,0.500000,-6.310135841,-3.508453369,-1.969778657,0.025630452,-0.034258701,-1.969546556,ros2_odometer_state
M19C_S1_lab_hard_floor_B3_U050_R3,1248.043923030,10.428928049,stop,0.500000,-6.310135841,-3.508453369,-1.969778657,0.025640713,-0.034142137,-1.969469786,ros2_odometer_state
M19C_S1_lab_hard_floor_B3_U050_R3,1248.046508141,10.431513160,stop,0.500000,-6.310135841,-3.508453369,-1.969778657,0.025654232,-0.034017969,-1.969394088,ros2_odometer_state
M19C_S1_lab_hard_floor_B3_U050_R3,1248.047958046,10.432963065,stop,0.500000,-6.310135841,-3.508453369,-1.969778657,0.025680581,-0.033900172,-1.969326854,ros2_odometer_state
M19C_S1_lab_hard_floor_B3_U050_R3,1248.049957378,10.434962397,stop,0.500000,-6.310135841,-3.508453369,-1.969778657,0.025696840,-0.033785217,-1.969268441,ros2_odometer_state
M19C_S1_lab_hard_floor_B3_U050_R3,1248.051851489,10.436856508,stop,0.500000,-6.310135841,-3.508453369,-1.969778657,0.025704987,-0.033659756,-1.969219685,ros2_odometer_state
M19C_S1_lab_hard_floor_B3_U050_R3,1248.053134413,10.438139432,stop,0.500000,-6.310135841,-3.508453369,-1.969778657,0.025704987,-0.033659756,-1.969219685,ros2_odometer_state
M19C_S1_lab_hard_floor_B3_U050_R3,1248.055880489,10.440885508,stop,0.500000,-6.310135841,-3.508453369,-1.969778657,0.025730202,-0.033426493,-1.969125032,ros2_odometer_state
M19C_S1_lab_hard_floor_B3_U050_R3,1248.057936558,10.442941577,stop,0.500000,-6.311380863,-3.507882595,-1.969125032,0.025739897,-0.033313341,-1.969091773,ros2_odometer_state
M19C_S1_lab_hard_floor_B3_U050_R3,1248.059849903,10.444854922,stop,0.500000,-6.311380863,-3.507882595,-1.969125032,0.025754804,-0.033209916,-1.969065547,ros2_odometer_state
M19C_S1_lab_hard_floor_B3_U050_R3,1248.061848850,10.446853869,stop,0.500000,-6.311380863,-3.507882595,-1.969125032,0.025771992,-0.033111095,-1.969040871,ros2_odometer_state
M19C_S1_lab_hard_floor_B3_U050_R3,1248.063867894,10.448872913,stop,0.500000,-6.311380863,-3.507882595,-1.969125032,0.025778938,-0.033012629,-1.969024301,ros2_odometer_state
M19C_S1_lab_hard_floor_B3_U050_R3,1248.066477454,10.451482473,stop,0.500000,-6.311380863,-3.507882595,-1.969125032,0.025782416,-0.032912053,-1.969011068,ros2_odometer_state
M19C_S1_lab_hard_floor_B3_U050_R3,1248.067909214,10.452914233,stop,0.500000,-6.311380863,-3.507882595,-1.969125032,0.025791446,-0.032813918,-1.968993425,ros2_odometer_state
M19C_S1_lab_hard_floor_B3_U050_R3,1248.069910434,10.454915453,stop,0.500000,-6.311380863,-3.507882595,-1.969125032,0.025800951,-0.032712422,-1.968980312,ros2_odometer_state
M19C_S1_lab_hard_floor_B3_U050_R3,1248.071900741,10.456905760,stop,0.500000,-6.311380863,-3.507882595,-1.969125032,0.025809079,-0.032613542,-1.968968868,ros2_odometer_state
M19C_S1_lab_hard_floor_B3_U050_R3,1248.073920393,10.458925412,stop,0.500000,-6.311380863,-3.507882595,-1.969125032,0.025821788,-0.032520819,-1.968958259,ros2_odometer_state
M19C_S1_lab_hard_floor_B3_U050_R3,1248.076090450,10.461095469,stop,0.500000,-6.311380863,-3.507882595,-1.969125032,0.025836026,-0.032426938,-1.968957901,ros2_odometer_state
M19C_S1_lab_hard_floor_B3_U050_R3,1248.078079445,10.463084464,stop,0.500000,-6.312551022,-3.507332802,-1.968957901,0.025844563,-0.032338094,-1.968958616,ros2_odometer_state
M19C_S1_lab_hard_floor_B3_U050_R3,1248.079982581,10.464987600,stop,0.500000,-6.312551022,-3.507332802,-1.968957901,0.025856296,-0.032251403,-1.968960047,ros2_odometer_state
M19C_S1_lab_hard_floor_B3_U050_R3,1248.081901173,10.466906192,stop,0.500000,-6.312551022,-3.507332802,-1.968957901,0.025870524,-0.032168776,-1.968963861,ros2_odometer_state
M19C_S1_lab_hard_floor_B3_U050_R3,1248.084073663,10.469078682,stop,0.500000,-6.312551022,-3.507332802,-1.968957901,0.025884761,-0.032092057,-1.968963504,ros2_odometer_state
M19C_S1_lab_hard_floor_B3_U050_R3,1248.086565203,10.471570222,stop,0.500000,-6.312551022,-3.507332802,-1.968957901,0.025894027,-0.032023959,-1.968973517,ros2_odometer_state
M19C_S1_lab_hard_floor_B3_U050_R3,1248.087986114,10.472991133,stop,0.500000,-6.312551022,-3.507332802,-1.968957901,0.025905890,-0.031954650,-1.968991756,ros2_odometer_state
M19C_S1_lab_hard_floor_B3_U050_R3,1248.089967141,10.474972160,stop,0.500000,-6.312551022,-3.507332802,-1.968957901,0.025928818,-0.031882644,-1.969013333,ros2_odometer_state
M19C_S1_lab_hard_floor_B3_U050_R3,1248.091945992,10.476951011,stop,0.500000,-6.312551022,-3.507332802,-1.968957901,0.025957957,-0.031814955,-1.969033003,ros2_odometer_state
M19C_S1_lab_hard_floor_B3_U050_R3,1248.094470909,10.479475928,stop,0.500000,-6.312551022,-3.507332802,-1.968957901,0.025976600,-0.031750351,-1.969048262,ros2_odometer_state
M19C_S1_lab_hard_floor_B3_U050_R3,1248.095386364,10.480391383,stop,0.500000,-6.312551022,-3.507332802,-1.968957901,0.025976600,-0.031750351,-1.969048262,ros2_odometer_state
M19C_S1_lab_hard_floor_B3_U050_R3,1248.098080950,10.483085969,stop,0.500000,-6.313450813,-3.506898642,-1.969060898,0.025998738,-0.031605136,-1.969072580,ros2_odometer_state
M19C_S1_lab_hard_floor_B3_U050_R3,1248.100034936,10.485039955,stop,0.500000,-6.313450813,-3.506898642,-1.969060898,0.026009381,-0.031533293,-1.969085693,ros2_odometer_state
M19C_S1_lab_hard_floor_B3_U050_R3,1248.101912343,10.486917362,stop,0.500000,-6.313450813,-3.506898642,-1.969060898,0.026011026,-0.031456731,-1.969098330,ros2_odometer_state
M19C_S1_lab_hard_floor_B3_U050_R3,1248.103934108,10.488939127,stop,0.500000,-6.313450813,-3.506898642,-1.969060898,0.026010843,-0.031385772,-1.969114423,ros2_odometer_state
M19C_S1_lab_hard_floor_B3_U050_R3,1248.106540307,10.491545326,stop,0.500000,-6.313450813,-3.506898642,-1.969060898,0.026019102,-0.031307552,-1.969124079,ros2_odometer_state
M19C_S1_lab_hard_floor_B3_U050_R3,1248.108049158,10.493054177,stop,0.500000,-6.313450813,-3.506898642,-1.969060898,0.026025401,-0.031233910,-1.969142318,ros2_odometer_state
M19C_S1_lab_hard_floor_B3_U050_R3,1248.109373491,10.494378510,stop,0.500000,-6.313450813,-3.506898642,-1.969060898,0.026025401,-0.031233910,-1.969142318,ros2_odometer_state
M19C_S1_lab_hard_floor_B3_U050_R3,1248.111330613,10.496335632,stop,0.500000,-6.313450813,-3.506898642,-1.969060898,0.026028313,-0.031159887,-1.969162941,ros2_odometer_state
M19C_S1_lab_hard_floor_B3_U050_R3,1248.114065233,10.499070252,stop,0.500000,-6.313450813,-3.506898642,-1.969060898,0.026028108,-0.031012170,-1.969202161,ros2_odometer_state
M19C_S1_lab_hard_floor_B3_U050_R3,1248.116144759,10.501149778,stop,0.500000,-6.313450813,-3.506898642,-1.969060898,0.026037673,-0.030938564,-1.969219685,ros2_odometer_state
M19C_S1_lab_hard_floor_B3_U050_R3,1248.118057079,10.503062098,stop,0.500000,-6.314124584,-3.506577492,-1.969219685,0.026044592,-0.030864554,-1.969232678,ros2_odometer_state
M19C_S1_lab_hard_floor_B3_U050_R3,1248.119984824,10.504989843,stop,0.500000,-6.314124584,-3.506577492,-1.969219685,0.026044454,-0.030793007,-1.969250321,ros2_odometer_state
M19C_S1_lab_hard_floor_B3_U050_R3,1248.121988956,10.506993975,stop,0.500000,-6.314124584,-3.506577492,-1.969219685,0.026051680,-0.030723218,-1.969274282,ros2_odometer_state
M19C_S1_lab_hard_floor_B3_U050_R3,1248.124311882,10.509316901,stop,0.500000,-6.314124584,-3.506577492,-1.969219685,0.026052713,-0.030665085,-1.969299197,ros2_odometer_state
M19C_S1_lab_hard_floor_B3_U050_R3,1248.126743004,10.511748023,stop,0.500000,-6.314124584,-3.506577492,-1.969219685,0.026055818,-0.030589888,-1.969319582,ros2_odometer_state
M19C_S1_lab_hard_floor_B3_U050_R3,1248.127455220,10.512460239,stop,0.500000,-6.314124584,-3.506577492,-1.969219685,0.026055818,-0.030589888,-1.969319582,ros2_odometer_state
M19C_S1_lab_hard_floor_B3_U050_R3,1248.130247250,10.515252269,stop,0.500000,-6.314124584,-3.506577492,-1.969219685,0.026070412,-0.030462058,-1.969366670,ros2_odometer_state
M19C_S1_lab_hard_floor_B3_U050_R3,1248.132092880,10.517097899,stop,0.500000,-6.314124584,-3.506577492,-1.969219685,0.026082290,-0.030391838,-1.969385743,ros2_odometer_state
M19C_S1_lab_hard_floor_B3_U050_R3,1248.133326713,10.518331732,stop,0.500000,-6.314124584,-3.506577492,-1.969219685,0.026082290,-0.030391838,-1.969385743,ros2_odometer_state
M19C_S1_lab_hard_floor_B3_U050_R3,1248.136076022,10.521081041,stop,0.500000,-6.314124584,-3.506577492,-1.969219685,0.026090380,-0.030268468,-1.969433188,ros2_odometer_state
M19C_S1_lab_hard_floor_B3_U050_R3,1248.138070105,10.523075124,stop,0.500000,-6.315059662,-3.506145239,-1.969433188,0.026087703,-0.030216897,-1.969452620,ros2_odometer_state
M19C_S1_lab_hard_floor_B3_U050_R3,1248.140074781,10.525079800,stop,0.500000,-6.315059662,-3.506145239,-1.969433188,0.026087660,-0.030175176,-1.969474196,ros2_odometer_state
M19C_S1_lab_hard_floor_B3_U050_R3,1248.142121986,10.527127005,stop,0.500000,-6.315059662,-3.506145239,-1.969433188,0.026092878,-0.030131685,-1.969503403,ros2_odometer_state
M19C_S1_lab_hard_floor_B3_U050_R3,1248.144109381,10.529114400,stop,0.500000,-6.315059662,-3.506145239,-1.969433188,0.026092300,-0.030086786,-1.969524145,ros2_odometer_state
M19C_S1_lab_hard_floor_B3_U050_R3,1248.146773886,10.531778905,stop,0.500000,-6.315059662,-3.506145239,-1.969433188,0.026093695,-0.030033402,-1.969529390,ros2_odometer_state
M19C_S1_lab_hard_floor_B3_U050_R3,1248.148170765,10.533175784,stop,0.500000,-6.315059662,-3.506145239,-1.969433188,0.026094204,-0.029993799,-1.969543695,ros2_odometer_state
M19C_S1_lab_hard_floor_B3_U050_R3,1248.150073518,10.535078537,stop,0.500000,-6.315059662,-3.506145239,-1.969433188,0.026092721,-0.029954826,-1.969562769,ros2_odometer_state
M19C_S1_lab_hard_floor_B3_U050_R3,1248.152093362,10.537098381,stop,0.500000,-6.315059662,-3.506145239,-1.969433188,0.026097512,-0.029917797,-1.969574451,ros2_odometer_state
M19C_S1_lab_hard_floor_B3_U050_R3,1248.154270459,10.539275478,stop,0.500000,-6.315059662,-3.506145239,-1.969433188,0.026096415,-0.029885860,-1.969582915,ros2_odometer_state
M19C_S1_lab_hard_floor_B3_U050_R3,1248.156155066,10.541160085,stop,0.500000,-6.315059662,-3.506145239,-1.969433188,0.026092323,-0.029845681,-1.969590306,ros2_odometer_state
M19C_S1_lab_hard_floor_B3_U050_R3,1248.158404006,10.543409025,stop,0.500000,-6.315908432,-3.505758524,-1.969590306,0.026092164,-0.029808318,-1.969592929,ros2_odometer_state
M19C_S1_lab_hard_floor_B3_U050_R3,1248.160095615,10.545100634,stop,0.500000,-6.315908432,-3.505758524,-1.969590306,0.026085077,-0.029774074,-1.969596267,ros2_odometer_state
M19C_S1_lab_hard_floor_B3_U050_R3,1248.162078594,10.547083613,stop,0.500000,-6.315908432,-3.505758524,-1.969590306,0.026084436,-0.029741326,-1.969600320,ros2_odometer_state
M19C_S1_lab_hard_floor_B3_U050_R3,1248.164080453,10.549085472,stop,0.500000,-6.315908432,-3.505758524,-1.969590306,0.026083590,-0.029708885,-1.969599724,ros2_odometer_state
M19C_S1_lab_hard_floor_B3_U050_R3,1248.166651740,10.551656759,stop,0.500000,-6.315908432,-3.505758524,-1.969590306,0.026079606,-0.029673249,-1.969596148,ros2_odometer_state
M19C_S1_lab_hard_floor_B3_U050_R3,1248.168126350,10.553131369,stop,0.500000,-6.315908432,-3.505758524,-1.969590306,0.026078671,-0.029644081,-1.969593406,ros2_odometer_state
M19C_S1_lab_hard_floor_B3_U050_R3,1248.170114000,10.555119019,stop,0.500000,-6.315908432,-3.505758524,-1.969590306,0.026074598,-0.029612981,-1.969575047,ros2_odometer_state
M19C_S1_lab_hard_floor_B3_U050_R3,1248.172130740,10.557135759,stop,0.500000,-6.315908432,-3.505758524,-1.969590306,0.026071567,-0.029576410,-1.969552398,ros2_odometer_state
M19C_S1_lab_hard_floor_B3_U050_R3,1248.174224635,10.559229654,stop,0.500000,-6.315908432,-3.505758524,-1.969590306,0.026072714,-0.029547853,-1.969539762,ros2_odometer_state
M19C_S1_lab_hard_floor_B3_U050_R3,1248.176207038,10.561212057,stop,0.500000,-6.315908432,-3.505758524,-1.969590306,0.026078671,-0.029512476,-1.969525218,ros2_odometer_state
M19C_S1_lab_hard_floor_B3_U050_R3,1248.177506377,10.562511396,stop,0.500000,-6.316742420,-3.505379915,-1.969525218,0.026078671,-0.029512476,-1.969525218,ros2_odometer_state
M19C_S1_lab_hard_floor_B3_U050_R3,1248.180232197,10.565237216,stop,0.500000,-6.316742420,-3.505379915,-1.969525218,0.026074795,-0.029461972,-1.969483733,ros2_odometer_state
M19C_S1_lab_hard_floor_B3_U050_R3,1248.182123653,10.567128672,stop,0.500000,-6.316742420,-3.505379915,-1.969525218,0.026073741,-0.029432997,-1.969462037,ros2_odometer_state
M19C_S1_lab_hard_floor_B3_U050_R3,1248.184255661,10.569260680,stop,0.500000,-6.316742420,-3.505379915,-1.969525218,0.026074128,-0.029408915,-1.969426513,ros2_odometer_state
M19C_S1_lab_hard_floor_B3_U050_R3,1248.186744513,10.571749532,stop,0.500000,-6.316742420,-3.505379915,-1.969525218,0.026067717,-0.029380905,-1.969396949,ros2_odometer_state
M19C_S1_lab_hard_floor_B3_U050_R3,1248.188199570,10.573204589,stop,0.500000,-6.316742420,-3.505379915,-1.969525218,0.026065607,-0.029363511,-1.969377041,ros2_odometer_state
M19C_S1_lab_hard_floor_B3_U050_R3,1248.190178036,10.575183055,stop,0.500000,-6.316742420,-3.505379915,-1.969525218,0.026065148,-0.029341847,-1.969349146,ros2_odometer_state
M19C_S1_lab_hard_floor_B3_U050_R3,1248.192499266,10.577504285,stop,0.500000,-6.316742420,-3.505379915,-1.969525218,0.026065543,-0.029307503,-1.969304800,ros2_odometer_state
M19C_S1_lab_hard_floor_B3_U050_R3,1248.193519461,10.578524480,stop,0.500000,-6.316742420,-3.505379915,-1.969525218,0.026065543,-0.029307503,-1.969304800,ros2_odometer_state
M19C_S1_lab_hard_floor_B3_U050_R3,1248.196228576,10.581233595,stop,0.500000,-6.316742420,-3.505379915,-1.969525218,0.026059598,-0.029261410,-1.969230890,ros2_odometer_state
M19C_S1_lab_hard_floor_B3_U050_R3,1248.198187778,10.583192797,stop,0.500000,-6.317721844,-3.504937172,-1.969230890,0.026056813,-0.029236756,-1.969195724,ros2_odometer_state
M19C_S1_lab_hard_floor_B3_U050_R3,1248.200203686,10.585208705,stop,0.500000,-6.317721844,-3.504937172,-1.969230890,0.026054623,-0.029220274,-1.969156146,ros2_odometer_state
M19C_S1_lab_hard_floor_B3_U050_R3,1248.202389200,10.587394219,stop,0.500000,-6.317721844,-3.504937172,-1.969230890,0.026045224,-0.029202368,-1.969113827,ros2_odometer_state
M19C_S1_lab_hard_floor_B3_U050_R3,1248.204329265,10.589334284,stop,0.500000,-6.317721844,-3.504937172,-1.969230890,0.026038721,-0.029189341,-1.969073892,ros2_odometer_state
M19C_S1_lab_hard_floor_B3_U050_R3,1248.206830405,10.591835424,stop,0.500000,-6.317721844,-3.504937172,-1.969230890,0.026029138,-0.029173944,-1.969038725,ros2_odometer_state
M19C_S1_lab_hard_floor_B3_U050_R3,1248.208385273,10.593390292,stop,0.500000,-6.317721844,-3.504937172,-1.969230890,0.026020458,-0.029159341,-1.969005466,ros2_odometer_state
M19C_S1_lab_hard_floor_B3_U050_R3,1248.209933582,10.594938601,stop,0.500000,-6.317721844,-3.504937172,-1.969230890,0.026020458,-0.029159341,-1.969005466,ros2_odometer_state
M19C_S1_lab_hard_floor_B3_U050_R3,1248.212502084,10.597507103,stop,0.500000,-6.317721844,-3.504937172,-1.969230890,0.026012169,-0.029143056,-1.968938112,ros2_odometer_state
M19C_S1_lab_hard_floor_B3_U050_R3,1248.215902935,10.600907954,stop,0.500000,-6.317721844,-3.504937172,-1.969230890,0.026016049,-0.029138593,-1.968900681,ros2_odometer_state
M19C_S1_lab_hard_floor_B3_U050_R3,1248.216901080,10.601906099,stop,0.500000,-6.317721844,-3.504937172,-1.969230890,0.026011828,-0.029134355,-1.968867660,ros2_odometer_state
M19C_S1_lab_hard_floor_B3_U050_R3,1248.217472876,10.602477895,stop,0.500000,-6.318631172,-3.504528522,-1.968867660,0.026011828,-0.029134355,-1.968867660,ros2_odometer_state
M19C_S1_lab_hard_floor_B3_U050_R3,1248.219559666,10.604564685,stop,0.500000,-6.318631172,-3.504528522,-1.968867660,0.026007822,-0.029134493,-1.968826532,ros2_odometer_state
M19C_S1_lab_hard_floor_B3_U050_R3,1248.221609367,10.606614386,stop,0.500000,-6.318631172,-3.504528522,-1.968867660,0.026004918,-0.029127717,-1.968784094,ros2_odometer_state
M19C_S1_lab_hard_floor_B3_U050_R3,1248.223479030,10.608484049,stop,0.500000,-6.318631172,-3.504528522,-1.968867660,0.026003240,-0.029124573,-1.968751311,ros2_odometer_state
M19C_S1_lab_hard_floor_B3_U050_R3,1248.226860520,10.611865539,stop,0.500000,-6.318631172,-3.504528522,-1.968867660,0.026016051,-0.029120738,-1.968696952,ros2_odometer_state
M19C_S1_lab_hard_floor_B3_U050_R3,1248.228534304,10.613539323,stop,0.500000,-6.318631172,-3.504528522,-1.968867660,0.026024438,-0.029121371,-1.968668699,ros2_odometer_state
M19C_S1_lab_hard_floor_B3_U050_R3,1248.230424032,10.615429051,stop,0.500000,-6.318631172,-3.504528522,-1.968867660,0.026025491,-0.029128706,-1.968637943,ros2_odometer_state
M19C_S1_lab_hard_floor_B3_U050_R3,1248.231614568,10.616619587,stop,0.500000,-6.318631172,-3.504528522,-1.968867660,0.026025491,-0.029128706,-1.968637943,ros2_odometer_state
M19C_S1_lab_hard_floor_B3_U050_R3,1248.234187102,10.619192121,stop,0.500000,-6.318631172,-3.504528522,-1.968867660,0.026009653,-0.029145522,-1.968589783,ros2_odometer_state
M19C_S1_lab_hard_floor_B3_U050_R3,1248.235669104,10.620674123,stop,0.500000,-6.318631172,-3.504528522,-1.968867660,0.026009653,-0.029145522,-1.968589783,ros2_odometer_state
M19C_S1_lab_hard_floor_B3_U050_R3,1248.237653491,10.622658510,stop,0.500000,-6.319480896,-3.504146576,-1.968562126,0.025999766,-0.029156633,-1.968562126,ros2_odometer_state
M19C_S1_lab_hard_floor_B3_U050_R3,1248.240201161,10.625206180,stop,0.500000,-6.319480896,-3.504146576,-1.968562126,0.026000220,-0.029190365,-1.968522310,ros2_odometer_state
M19C_S1_lab_hard_floor_B3_U050_R3,1248.242283759,10.627288778,stop,0.500000,-6.319480896,-3.504146576,-1.968562126,0.026000895,-0.029200958,-1.968503118,ros2_odometer_state
M19C_S1_lab_hard_floor_B3_U050_R3,1248.244518746,10.629523765,stop,0.500000,-6.319480896,-3.504146576,-1.968562126,0.026005611,-0.029213125,-1.968489051,ros2_odometer_state
M19C_S1_lab_hard_floor_B3_U050_R3,1248.246340504,10.631345523,stop,0.500000,-6.319480896,-3.504146576,-1.968562126,0.026005611,-0.029213125,-1.968489051,ros2_odometer_state
M19C_S1_lab_hard_floor_B3_U050_R3,1248.249059859,10.634064878,stop,0.500000,-6.319480896,-3.504146576,-1.968562126,0.025995916,-0.029233657,-1.968454719,ros2_odometer_state
M19C_S1_lab_hard_floor_B3_U050_R3,1248.249740778,10.634745797,stop,0.500000,-6.319480896,-3.504146576,-1.968562126,0.025995916,-0.029233657,-1.968454719,ros2_odometer_state
M19C_S1_lab_hard_floor_B3_U050_R3,1248.252257343,10.637262362,stop,0.500000,-6.319480896,-3.504146576,-1.968562126,0.025993766,-0.029262478,-1.968418002,ros2_odometer_state
M19C_S1_lab_hard_floor_B3_U050_R3,1248.254206529,10.639211548,stop,0.500000,-6.319480896,-3.504146576,-1.968562126,0.025991134,-0.029274197,-1.968407512,ros2_odometer_state
M19C_S1_lab_hard_floor_B3_U050_R3,1248.256293543,10.641298562,stop,0.500000,-6.319480896,-3.504146576,-1.968562126,0.025991134,-0.029274197,-1.968407512,ros2_odometer_state
M19C_S1_lab_hard_floor_B3_U050_R3,1248.257526257,10.642531276,stop,0.500000,-6.320287704,-3.503782034,-1.968407512,0.025991134,-0.029274197,-1.968407512,ros2_odometer_state
M19C_S1_lab_hard_floor_B3_U050_R3,1248.260304014,10.645309033,stop,0.500000,-6.320287704,-3.503782034,-1.968407512,0.025985440,-0.029358277,-1.968353152,ros2_odometer_state
M19C_S1_lab_hard_floor_B3_U050_R3,1248.262211150,10.647216169,stop,0.500000,-6.320287704,-3.503782034,-1.968407512,0.025990631,-0.029385624,-1.968335032,ros2_odometer_state
M19C_S1_lab_hard_floor_B3_U050_R3,1248.264243443,10.649248462,stop,0.500000,-6.320287704,-3.503782034,-1.968407512,0.025990631,-0.029385624,-1.968335032,ros2_odometer_state
M19C_S1_lab_hard_floor_B3_U050_R3,1248.266834314,10.651839333,stop,0.500000,-6.320287704,-3.503782034,-1.968407512,0.025996715,-0.029444214,-1.968315482,ros2_odometer_state
M19C_S1_lab_hard_floor_B3_U050_R3,1248.267549154,10.652554173,stop,0.500000,-6.320287704,-3.503782034,-1.968407512,0.025996715,-0.029444214,-1.968315482,ros2_odometer_state
M19C_S1_lab_hard_floor_B3_U050_R3,1248.270318751,10.655323770,stop,0.500000,-6.320287704,-3.503782034,-1.968407512,0.026009340,-0.029504377,-1.968281150,ros2_odometer_state
M19C_S1_lab_hard_floor_B3_U050_R3,1248.272335299,10.657340318,stop,0.500000,-6.320287704,-3.503782034,-1.968407512,0.026009340,-0.029504377,-1.968281150,ros2_odometer_state
M19C_S1_lab_hard_floor_B3_U050_R3,1248.273490410,10.658495429,stop,0.500000,-6.320287704,-3.503782034,-1.968407512,0.026009340,-0.029504377,-1.968281150,ros2_odometer_state
M19C_S1_lab_hard_floor_B3_U050_R3,1248.276369707,10.661374726,stop,0.500000,-6.320287704,-3.503782034,-1.968407512,0.026011901,-0.029561730,-1.968238711,ros2_odometer_state
M19C_S1_lab_hard_floor_B3_U050_R3,1248.277626934,10.662631953,stop,0.500000,-6.321084023,-3.503419638,-1.968238711,0.026011901,-0.029561730,-1.968238711,ros2_odometer_state
M19C_S1_lab_hard_floor_B3_U050_R3,1248.279542006,10.664547025,stop,0.500000,-6.321084023,-3.503419638,-1.968238711,0.026022125,-0.029628720,-1.968213677,ros2_odometer_state
M19C_S1_lab_hard_floor_B3_U050_R3,1248.283815014,10.668820033,stop,0.500000,-6.321084023,-3.503419638,-1.968238711,0.026028894,-0.029661926,-1.968194962,ros2_odometer_state
M19C_S1_lab_hard_floor_B3_U050_R3,1248.284959244,10.669964263,stop,0.500000,-6.321084023,-3.503419638,-1.968238711,0.026026359,-0.029729353,-1.968173862,ros2_odometer_state
M19C_S1_lab_hard_floor_B3_U050_R3,1248.286962256,10.671967275,stop,0.500000,-6.321084023,-3.503419638,-1.968238711,0.026025491,-0.029792778,-1.968132615,ros2_odometer_state
M19C_S1_lab_hard_floor_B3_U050_R3,1248.288345663,10.673350682,stop,0.500000,-6.321084023,-3.503419638,-1.968238711,0.026023522,-0.029830618,-1.968108892,ros2_odometer_state
M19C_S1_lab_hard_floor_B3_U050_R3,1248.289647658,10.674652677,stop,0.500000,-6.321084023,-3.503419638,-1.968238711,0.026023522,-0.029830618,-1.968108892,ros2_odometer_state
M19C_S1_lab_hard_floor_B3_U050_R3,1248.292328805,10.677333824,stop,0.500000,-6.321084023,-3.503419638,-1.968238711,0.026012601,-0.029919999,-1.968064904,ros2_odometer_state
M19C_S1_lab_hard_floor_B3_U050_R3,1248.294263622,10.679268641,stop,0.500000,-6.321084023,-3.503419638,-1.968238711,0.026009336,-0.029964807,-1.968054295,ros2_odometer_state
M19C_S1_lab_hard_floor_B3_U050_R3,1248.296336844,10.681341863,stop,0.500000,-6.321084023,-3.503419638,-1.968238711,0.026008178,-0.030012971,-1.968042374,ros2_odometer_state
M19C_S1_lab_hard_floor_B3_U050_R3,1248.298340847,10.683345866,stop,0.500000,-6.321791649,-3.503097534,-1.968042374,0.025996566,-0.030058971,-1.968028069,ros2_odometer_state
M19C_S1_lab_hard_floor_B3_U050_R3,1248.300312050,10.685317069,stop,0.500000,-6.321791649,-3.503097534,-1.968042374,0.025985915,-0.030106286,-1.968006611,ros2_odometer_state
M19C_S1_lab_hard_floor_B3_U050_R3,1248.302298484,10.687303503,stop,0.500000,-6.321791649,-3.503097534,-1.968042374,0.025979344,-0.030153416,-1.967983723,ros2_odometer_state
M19C_S1_lab_hard_floor_B3_U050_R3,1248.303599776,10.688604795,stop,0.500000,-6.321791649,-3.503097534,-1.968042374,0.025979344,-0.030153416,-1.967983723,ros2_odometer_state
M19C_S1_lab_hard_floor_B3_U050_R3,1248.306955921,10.691960940,stop,0.500000,-6.321791649,-3.503097534,-1.968042374,0.025980532,-0.030247185,-1.967947006,ros2_odometer_state
M19C_S1_lab_hard_floor_B3_U050_R3,1248.308421795,10.693426814,stop,0.500000,-6.321791649,-3.503097534,-1.968042374,0.025985030,-0.030286582,-1.967918277,ros2_odometer_state
M19C_S1_lab_hard_floor_B3_U050_R3,1248.310382245,10.695387264,stop,0.500000,-6.321791649,-3.503097534,-1.968042374,0.025989043,-0.030325312,-1.967895389,ros2_odometer_state
M19C_S1_lab_hard_floor_B3_U050_R3,1248.312407241,10.697412260,stop,0.500000,-6.321791649,-3.503097534,-1.968042374,0.025985684,-0.030372187,-1.967872977,ros2_odometer_state
M19C_S1_lab_hard_floor_B3_U050_R3,1248.313791160,10.698796179,stop,0.500000,-6.321791649,-3.503097534,-1.968042374,0.025985684,-0.030372187,-1.967872977,ros2_odometer_state
M19C_S1_lab_hard_floor_B3_U050_R3,1248.318101609,10.703106628,stop,0.500000,-6.321791649,-3.503097534,-1.968042374,0.025988553,-0.030419024,-1.967851639,ros2_odometer_state
